run_tag,seed,set_id,target_item_id,target_item_fg,rank,hit@1,hit@3,hit@5,hit@10,hit@30,hit@50,top10_ids
none_subset,4,171638917,143094107,46,128,0,0,0,0,0,0,"[""212690484"", ""118566996"", ""87779396"", ""130984046"", ""181547294"", ""203136854"", ""77308664"", ""105678196"", ""172482275"", ""175722045""]"
none_subset,4,208805759,172213324,37,349,0,0,0,0,0,0,"[""146527115"", ""213471023"", ""141241455"", ""137062195"", ""163474582"", ""194561255"", ""77395625"", ""194670256"", ""14688074"", ""160185355""]"
none_subset,4,17682761,16847694,4,154,0,0,0,0,0,0,"[""123881493"", ""143719082"", ""12396291"", ""117660981"", ""25513745"", ""92993887"", ""76515539"", ""93949359"", ""149909385"", ""9766161""]"
none_subset,4,206425236,182182628,62,325,0,0,0,0,0,0,"[""74279773"", ""156503039"", ""191710575"", ""179449692"", ""165969228"", ""170246818"", ""123145266"", ""194289010"", ""205736250"", ""209579537""]"
none_subset,4,96522071,63831737,62,1065,0,0,0,0,0,0,"[""136225463"", ""203208937"", ""15942056"", ""124265654"", ""187612359"", ""210301365"", ""115226483"", ""213066001"", ""200033535"", ""156503039""]"
none_subset,4,223685706,211215649,62,20,0,0,0,0,1,1,"[""172105200"", ""190440971"", ""180567034"", ""205053493"", ""122004752"", ""181107629"", ""76325050"", ""195520149"", ""120889247"", ""138087303""]"
none_subset,4,147517821,95204606,43,225,0,0,0,0,0,0,"[""98581026"", ""183525953"", ""164097777"", ""126702260"", ""141162020"", ""13118738"", ""13748467"", ""183029564"", ""120597166"", ""121279267""]"
none_subset,4,224898695,211310787,43,36,0,0,0,0,0,1,"[""185311632"", ""182050443"", ""207656544"", ""191711172"", ""140993217"", ""194184168"", ""180261414"", ""145672403"", ""108684069"", ""211818404""]"
none_subset,4,179865492,149982827,43,311,0,0,0,0,0,0,"[""195408710"", ""67909736"", ""164251704"", ""195866072"", ""197613208"", ""121279267"", ""212033090"", ""183525953"", ""127254122"", ""191583920""]"
none_subset,4,194623623,167483448,43,184,0,0,0,0,0,0,"[""145546533"", ""190843616"", ""190480160"", ""199223722"", ""127571978"", ""125098151"", ""60424871"", ""194095773"", ""202632673"", ""169542784""]"
none_subset,4,64901197,21114364,37,10,0,0,0,1,1,1,"[""14688074"", ""105224939"", ""88534873"", ""95030361"", ""94966858"", ""29496516"", ""119227333"", ""189381669"", ""76841920"", ""21114364""]"
none_subset,4,48390120,53902698,57,488,0,0,0,0,0,0,"[""152197992"", ""161319979"", ""125339147"", ""115438401"", ""165637321"", ""100527593"", ""122408162"", ""121902729"", ""99443492"", ""173237233""]"
none_subset,4,185836801,158101824,46,52,0,0,0,0,0,0,"[""208099409"", ""205769669"", ""206921287"", ""201507987"", ""121587868"", ""45375287"", ""158115780"", ""164230111"", ""87748960"", ""215475381""]"
none_subset,4,187310061,145798245,38,1495,0,0,0,0,0,0,"[""125066164"", ""180518916"", ""10199751"", ""45579165"", ""182866917"", ""182145202"", ""151108044"", ""20918033"", ""191703078"", ""147452669""]"
none_subset,4,104313212,96852581,38,1255,0,0,0,0,0,0,"[""162221630"", ""206506072"", ""178462865"", ""187612197"", ""194853957"", ""208225541"", ""159911050"", ""67142038"", ""162391436"", ""83815570""]"
none_subset,4,187766683,138627636,38,411,0,0,0,0,0,0,"[""128168264"", ""136444097"", ""139423553"", ""173253112"", ""25899558"", ""73148680"", ""148051499"", ""151407481"", ""73613191"", ""64397678""]"
none_subset,4,121522189,108702236,37,94,0,0,0,0,0,0,"[""81213674"", ""127873279"", ""120679456"", ""181913855"", ""186294750"", ""120777478"", ""202147581"", ""149524059"", ""100748286"", ""89714653""]"
none_subset,4,204087433,151140876,64,344,0,0,0,0,0,0,"[""141045171"", ""185451532"", ""79130254"", ""181352764"", ""210444502"", ""60046348"", ""153490486"", ""145442443"", ""128021063"", ""183047062""]"
none_subset,4,224082376,211118858,46,5,0,0,1,1,1,1,"[""133461188"", ""142436010"", ""100881714"", ""210856802"", ""211118858"", ""181020941"", ""108934756"", ""144431749"", ""141682649"", ""210829117""]"
none_subset,4,222150050,212009781,46,285,0,0,0,0,0,0,"[""211809590"", ""208062801"", ""133738518"", ""141613878"", ""204065707"", ""144381527"", ""204015032"", ""210738657"", ""61158856"", ""207833370""]"
none_subset,4,190301469,142721484,64,1102,0,0,0,0,0,0,"[""60124479"", ""152312239"", ""103416735"", ""138115654"", ""26075068"", ""177005001"", ""204125965"", ""12228373"", ""67144823"", ""93476336""]"
none_subset,4,176118406,126107165,4,137,0,0,0,0,0,0,"[""200691824"", ""197475541"", ""114282417"", ""188882555"", ""205789625"", ""176720818"", ""169964492"", ""209208627"", ""187408602"", ""201481091""]"
none_subset,4,195103529,156583528,37,32,0,0,0,0,0,1,"[""78200756"", ""33534621"", ""32638462"", ""144080332"", ""105274553"", ""108765924"", ""143138392"", ""115994978"", ""73108281"", ""100819191""]"
none_subset,4,125632866,106707342,46,838,0,0,0,0,0,0,"[""65246565"", ""145084375"", ""132875626"", ""190224714"", ""188865413"", ""208605842"", ""39277627"", ""78631092"", ""206885929"", ""127266574""]"
none_subset,4,205169662,176761183,46,203,0,0,0,0,0,0,"[""212208758"", ""61233280"", ""133461188"", ""100881714"", ""76370473"", ""210829117"", ""179855914"", ""142436010"", ""168693005"", ""209924661""]"
none_subset,4,216362905,199422479,4,111,0,0,0,0,0,0,"[""149665952"", ""167623478"", ""209754995"", ""193807530"", ""211167678"", ""185362507"", ""214169457"", ""209443494"", ""134828860"", ""185596367""]"
none_subset,4,218660454,201505284,37,23,0,0,0,0,1,1,"[""137062195"", ""141241455"", ""188918346"", ""182489418"", ""185266696"", ""149260015"", ""174850296"", ""143865659"", ""209543868"", ""150950507""]"
none_subset,4,212773280,66287825,38,164,0,0,0,0,0,0,"[""140979774"", ""200830087"", ""180023471"", ""136373067"", ""156263699"", ""18107447"", ""31197704"", ""148428740"", ""123821164"", ""14434511""]"
none_subset,4,206924747,120111663,37,20,0,0,0,0,1,1,"[""129112777"", ""187609211"", ""141382831"", ""168569670"", ""145100939"", ""192554825"", ""207658724"", ""147106924"", ""203402486"", ""169554913""]"
none_subset,4,225321183,165942764,38,48,0,0,0,0,0,1,"[""167154256"", ""157714512"", ""198703958"", ""159326492"", ""127107925"", ""172844872"", ""100750564"", ""213648542"", ""183272380"", ""41147018""]"
none_subset,4,168804719,143552622,38,456,0,0,0,0,0,0,"[""155797305"", ""124508627"", ""167345837"", ""39903440"", ""158536496"", ""80603993"", ""197433311"", ""212854070"", ""191737393"", ""196415652""]"
none_subset,4,220290280,103551862,38,100,0,0,0,0,0,0,"[""52441610"", ""102778559"", ""55877012"", ""107235965"", ""8550716"", ""162918532"", ""177027866"", ""62361505"", ""192721742"", ""198468875""]"
none_subset,4,223264855,210449055,46,19,0,0,0,0,1,1,"[""169602941"", ""170458031"", ""211441313"", ""200077838"", ""188889120"", ""128970500"", ""202371479"", ""84381800"", ""105318716"", ""134313611""]"
none_subset,4,162360608,125993794,46,95,0,0,0,0,0,0,"[""100881714"", ""141682649"", ""105169863"", ""60048301"", ""141722116"", ""61233280"", ""164665349"", ""141363692"", ""138953275"", ""109281699""]"
none_subset,4,216831984,189625872,43,454,0,0,0,0,0,0,"[""76057400"", ""202632009"", ""180428174"", ""195756368"", ""202628040"", ""198087076"", ""144304634"", ""185851616"", ""192529072"", ""202626349""]"
none_subset,4,204045918,177005001,64,510,0,0,0,0,0,0,"[""206088529"", ""213253358"", ""56593545"", ""208979760"", ""173447641"", ""108117280"", ""213362681"", ""201240967"", ""205058205"", ""195426035""]"
none_subset,4,217726865,201428570,37,119,0,0,0,0,0,0,"[""142113211"", ""142508806"", ""203829614"", ""98524176"", ""99469380"", ""183268600"", ""174850296"", ""150316929"", ""195831532"", ""167674987""]"
none_subset,4,87463593,85383706,62,1100,0,0,0,0,0,0,"[""57745589"", ""186790061"", ""86925187"", ""163027695"", ""86917820"", ""10132068"", ""208844858"", ""122201530"", ""84336599"", ""69121381""]"
none_subset,4,214117863,192935597,37,2330,0,0,0,0,0,0,"[""121116115"", ""140164328"", ""73988555"", ""198930981"", ""190113798"", ""117257931"", ""99494874"", ""192387012"", ""185847475"", ""147751334""]"
none_subset,4,224936983,213071251,4,1427,0,0,0,0,0,0,"[""144373105"", ""16847694"", ""173055109"", ""184087480"", ""141488485"", ""142506151"", ""164940716"", ""159922963"", ""170267536"", ""190621677""]"
none_subset,4,93603097,60362710,43,96,0,0,0,0,0,0,"[""180961442"", ""179054743"", ""143611276"", ""158792208"", ""139778348"", ""196069283"", ""192774637"", ""214118453"", ""164285938"", ""113898898""]"
none_subset,4,187597152,159511688,43,134,0,0,0,0,0,0,"[""128075960"", ""192942930"", ""192085655"", ""108194109"", ""145672403"", ""205682935"", ""206094210"", ""159118897"", ""169908845"", ""171112521""]"
none_subset,4,190851843,159310869,62,803,0,0,0,0,0,0,"[""180324136"", ""128579095"", ""195935444"", ""156885677"", ""203394975"", ""32728587"", ""67139578"", ""181195424"", ""167750528"", ""187570461""]"
none_subset,4,196105523,142410249,46,35,0,0,0,0,0,1,"[""192338677"", ""168220730"", ""158778091"", ""127609272"", ""204632637"", ""212809187"", ""194491667"", ""138971583"", ""163919581"", ""200077838""]"
none_subset,4,136725851,119103678,64,1617,0,0,0,0,0,0,"[""76186918"", ""77671900"", ""127488797"", ""143939537"", ""207537844"", ""151937269"", ""144366134"", ""136401281"", ""201566530"", ""193084026""]"
none_subset,4,112847004,76325050,62,3,0,1,1,1,1,1,"[""56951341"", ""183670981"", ""76325050"", ""122507339"", ""61834333"", ""122004752"", ""60093528"", ""211690905"", ""127465305"", ""138202773""]"
none_subset,4,223800617,204625446,57,2845,0,0,0,0,0,0,"[""175258156"", ""207197238"", ""180210247"", ""173706835"", ""208717304"", ""210789038"", ""33431504"", ""186104278"", ""203703634"", ""161021821""]"
none_subset,4,207634709,173641656,4,214,0,0,0,0,0,0,"[""214498383"", ""70897180"", ""109208452"", ""190480175"", ""57958030"", ""187502252"", ""214893406"", ""49427839"", ""161606528"", ""205405501""]"
none_subset,4,143194372,105903674,62,104,0,0,0,0,0,0,"[""25260455"", ""190355590"", ""79175068"", ""192396971"", ""190708058"", ""57861067"", ""64553393"", ""145797588"", ""128533237"", ""212334345""]"
none_subset,4,223653635,137387134,38,688,0,0,0,0,0,0,"[""159333154"", ""146217898"", ""172110259"", ""193949384"", ""182521308"", ""209258995"", ""177473283"", ""69350726"", ""189045957"", ""192596276""]"
none_subset,4,200657214,172403921,64,463,0,0,0,0,0,0,"[""202234647"", ""204824313"", ""215220099"", ""116423938"", ""157000160"", ""204738388"", ""213477902"", ""161963780"", ""167679113"", ""150944561""]"
none_subset,4,216779292,190972176,37,294,0,0,0,0,0,0,"[""100843460"", ""149483145"", ""116240817"", ""209855515"", ""119227333"", ""98327133"", ""209167644"", ""124776037"", ""187719393"", ""212172992""]"
none_subset,4,182035821,128546016,46,642,0,0,0,0,0,0,"[""169602941"", ""205395255"", ""209924661"", ""77257734"", ""169485140"", ""71898634"", ""121587868"", ""141583383"", ""87748960"", ""206921287""]"
none_subset,4,194866551,212675214,4,4,0,0,1,1,1,1,"[""36554500"", ""131037236"", ""191301984"", ""212675214"", ""49427839"", ""210301282"", ""186229725"", ""170465415"", ""166135641"", ""169093964""]"
none_subset,4,225322419,170619898,46,20,0,0,0,0,1,1,"[""150754478"", ""203677273"", ""162507293"", ""210836917"", ""172082320"", ""163309329"", ""208306039"", ""212429674"", ""173832017"", ""187591614""]"
none_subset,4,201591559,165125789,37,984,0,0,0,0,0,0,"[""208265418"", ""206528763"", ""68382382"", ""174822665"", ""99231086"", ""193030442"", ""156634898"", ""190493223"", ""185266696"", ""133686967""]"
none_subset,4,141072966,123492526,43,93,0,0,0,0,0,0,"[""146898856"", ""75959067"", ""77959463"", ""130448492"", ""160295191"", ""202516482"", ""181167814"", ""83385070"", ""101275830"", ""160407494""]"
none_subset,4,224977889,179987053,64,557,0,0,0,0,0,0,"[""203723833"", ""173622745"", ""163529947"", ""136053941"", ""195326763"", ""195841911"", ""49185786"", ""184189116"", ""209149616"", ""173115999""]"
none_subset,4,156172606,127505414,46,206,0,0,0,0,0,0,"[""175722045"", ""213401003"", ""203644944"", ""204015032"", ""175049394"", ""207833370"", ""208099584"", ""207379889"", ""146467155"", ""211911671""]"
none_subset,4,215424098,197090565,4,16,0,0,0,0,1,1,"[""65093674"", ""27693819"", ""207143420"", ""197109183"", ""72626014"", ""152685161"", ""77968334"", ""154267881"", ""169697872"", ""195543776""]"
none_subset,4,216241505,178492296,64,1534,0,0,0,0,0,0,"[""151937589"", ""190101231"", ""162037337"", ""108526378"", ""161391861"", ""132092603"", ""191104169"", ""179521185"", ""157333918"", ""76747946""]"
none_subset,4,219075657,210332530,64,789,0,0,0,0,0,0,"[""60032340"", ""56995363"", ""194941994"", ""160493101"", ""115621700"", ""179201033"", ""181671018"", ""156194814"", ""123687478"", ""130509385""]"
none_subset,4,170744268,140986770,37,435,0,0,0,0,0,0,"[""143766198"", ""183023489"", ""88157034"", ""168553107"", ""127087324"", ""101318206"", ""144803619"", ""177594563"", ""155606960"", ""134824400""]"
none_subset,4,185559036,145311547,64,92,0,0,0,0,0,0,"[""72224328"", ""92309560"", ""131413365"", ""154412302"", ""169239802"", ""213581190"", ""141237466"", ""193734151"", ""165315994"", ""179411117""]"
none_subset,4,191927841,164310767,4,1247,0,0,0,0,0,0,"[""188882555"", ""190079873"", ""200589462"", ""194142299"", ""187602417"", ""187600900"", ""173965616"", ""190777127"", ""200589143"", ""151681239""]"
none_subset,4,186439481,147379276,37,1760,0,0,0,0,0,0,"[""17206468"", ""190113798"", ""196428679"", ""146013472"", ""76841920"", ""183005165"", ""204151797"", ""180546104"", ""180351453"", ""126554078""]"
none_subset,4,195896697,168959530,4,240,0,0,0,0,0,0,"[""125616982"", ""36782819"", ""9766161"", ""181068928"", ""196849929"", ""84839916"", ""153275481"", ""195475614"", ""210192785"", ""156979281""]"
none_subset,4,180511197,143567150,57,307,0,0,0,0,0,0,"[""132769262"", ""180417908"", ""199513063"", ""213367417"", ""211844405"", ""134898435"", ""172961532"", ""206568246"", ""99228573"", ""152187673""]"
none_subset,4,216339481,124479122,38,232,0,0,0,0,0,0,"[""206039176"", ""133973101"", ""201835961"", ""171180851"", ""203526643"", ""203319354"", ""213591035"", ""205235184"", ""78627576"", ""80251442""]"
none_subset,4,212459275,190214362,37,30,0,0,0,0,1,1,"[""190646486"", ""147947722"", ""176300467"", ""174690214"", ""94672340"", ""159816408"", ""165582044"", ""156440997"", ""91173744"", ""160849705""]"
none_subset,4,178893444,124226339,38,49,0,0,0,0,0,1,"[""158733811"", ""211203480"", ""108386607"", ""180907201"", ""192389960"", ""99824538"", ""177744065"", ""97792805"", ""136801089"", ""82057494""]"
none_subset,4,216028097,148857953,4,113,0,0,0,0,0,0,"[""151681239"", ""195213429"", ""182361800"", ""176566249"", ""200344150"", ""190079873"", ""126107165"", ""149247164"", ""200589462"", ""143929940""]"
none_subset,4,217965214,194692490,64,356,0,0,0,0,0,0,"[""209791442"", ""76676235"", ""65959521"", ""95477523"", ""101574803"", ""150385215"", ""209176271"", ""211873793"", ""182461347"", ""193870914""]"
none_subset,4,194611756,157987350,37,192,0,0,0,0,0,0,"[""186828726"", ""192617496"", ""213318077"", ""173640245"", ""199918988"", ""191911000"", ""105969122"", ""107367982"", ""183693328"", ""195908286""]"
none_subset,4,216668373,177013550,57,791,0,0,0,0,0,0,"[""198176008"", ""207373637"", ""209465166"", ""193981972"", ""202655316"", ""200193952"", ""206737737"", ""195501199"", ""195658816"", ""208101032""]"
none_subset,4,208341500,177536477,64,106,0,0,0,0,0,0,"[""179818880"", ""193134463"", ""58507091"", ""103189720"", ""153693903"", ""198417754"", ""98571285"", ""110653495"", ""62091212"", ""131215451""]"
none_subset,4,210276311,165627910,43,31,0,0,0,0,0,1,"[""192942930"", ""197514276"", ""193746203"", ""171112521"", ""189168111"", ""168783197"", ""86931045"", ""107634006"", ""200392561"", ""170651164""]"
none_subset,4,194447304,167133568,4,10,0,0,0,1,1,1,"[""206285668"", ""161499533"", ""146144877"", ""210519490"", ""90951087"", ""204210360"", ""203890372"", ""202119489"", ""186934020"", ""167133568""]"
none_subset,4,151770127,132184275,4,1062,0,0,0,0,0,0,"[""197428008"", ""165785804"", ""185596367"", ""149665952"", ""193807530"", ""209243592"", ""156834256"", ""188781185"", ""205698529"", ""75870943""]"
none_subset,4,195984013,114925208,4,55,0,0,0,0,0,0,"[""141440077"", ""192968334"", ""207935824"", ""150204940"", ""154444351"", ""180266107"", ""162407032"", ""205530255"", ""144811459"", ""138626625""]"
none_subset,4,203521288,178501633,4,18,0,0,0,0,1,1,"[""169976903"", ""211170774"", ""200370265"", ""195893708"", ""165467719"", ""191516714"", ""204310309"", ""214740980"", ""212819052"", ""205463044""]"
none_subset,4,190187950,156774428,37,75,0,0,0,0,0,0,"[""194193597"", ""99194481"", ""126406153"", ""119064031"", ""164882856"", ""177756178"", ""208307303"", ""206483437"", ""77985083"", ""208321072""]"
none_subset,4,222464020,210880528,46,117,0,0,0,0,0,0,"[""208458622"", ""211911671"", ""180426325"", ""210667015"", ""214251597"", ""208719036"", ""210373455"", ""212905783"", ""214290787"", ""204919891""]"
none_subset,4,132565555,113657337,4,1521,0,0,0,0,0,0,"[""143872793"", ""195846870"", ""138966111"", ""81323441"", ""157205433"", ""205498846"", ""76695262"", ""210958855"", ""97922019"", ""129568541""]"
none_subset,4,207099433,169647353,38,96,0,0,0,0,0,0,"[""61055606"", ""193949384"", ""161064776"", ""11921513"", ""192884067"", ""117484080"", ""99798516"", ""214115231"", ""172110259"", ""64731721""]"
none_subset,4,118032060,106413750,57,504,0,0,0,0,0,0,"[""205338620"", ""149224940"", ""204790013"", ""70691044"", ""170873799"", ""211940844"", ""212788032"", ""196946701"", ""85576723"", ""206215452""]"
none_subset,4,140028642,122514493,38,95,0,0,0,0,0,0,"[""99912896"", ""124479122"", ""126393314"", ""138465874"", ""203967736"", ""100503292"", ""182664472"", ""90058765"", ""134912948"", ""174728190""]"
none_subset,4,211747663,189684704,43,258,0,0,0,0,0,0,"[""196316257"", ""204649733"", ""165705060"", ""86931045"", ""190172562"", ""158317596"", ""207851646"", ""98975734"", ""116447518"", ""153170041""]"
none_subset,4,208853510,2440794,4,632,0,0,0,0,0,0,"[""151681239"", ""190079873"", ""200589462"", ""182361800"", ""190777127"", ""27693819"", ""197294044"", ""186370381"", ""126107165"", ""16813724""]"
none_subset,4,119939603,77390218,43,25,0,0,0,0,1,1,"[""16113826"", ""197902347"", ""101732318"", ""184024262"", ""209145709"", ""184705867"", ""8324549"", ""200905407"", ""166272408"", ""183295863""]"
none_subset,4,224144877,212214175,64,2100,0,0,0,0,0,0,"[""68685146"", ""196347311"", ""19492405"", ""79071973"", ""148497898"", ""146848980"", ""123687478"", ""26075068"", ""213387094"", ""138322181""]"
none_subset,4,220795932,207846338,37,94,0,0,0,0,0,0,"[""209167644"", ""124776037"", ""212172992"", ""193995538"", ""189737626"", ""209128550"", ""194731784"", ""184818286"", ""151808122"", ""208742868""]"
none_subset,4,207732448,184091403,43,22,0,0,0,0,1,1,"[""201905433"", ""188577365"", ""192741559"", ""200883540"", ""122398206"", ""202626349"", ""192493949"", ""195756368"", ""201535486"", ""188582346""]"
none_subset,4,225336822,205907099,62,328,0,0,0,0,0,0,"[""192716019"", ""73906788"", ""118002181"", ""201461957"", ""61834333"", ""190955120"", ""141274480"", ""203728936"", ""69970349"", ""157692294""]"
none_subset,4,167882378,142219785,46,434,0,0,0,0,0,0,"[""201879785"", ""102458654"", ""211854530"", ""103455997"", ""111715361"", ""194136520"", ""48680779"", ""71898634"", ""53654857"", ""162292851""]"
none_subset,4,29106775,27258379,64,182,0,0,0,0,0,0,"[""160400188"", ""119643934"", ""92189436"", ""123750767"", ""111589471"", ""5095964"", ""201449249"", ""193298062"", ""66546372"", ""128217933""]"
none_subset,4,168893665,139920243,4,730,0,0,0,0,0,0,"[""188802396"", ""107717290"", ""149472153"", ""23408401"", ""167074809"", ""176039610"", ""198070526"", ""103376883"", ""213275113"", ""200875902""]"
none_subset,4,214253510,188912158,64,976,0,0,0,0,0,0,"[""187944465"", ""155213340"", ""147667682"", ""192779268"", ""192179303"", ""144366134"", ""8645666"", ""186122058"", ""211669271"", ""196368507""]"
none_subset,4,193591886,160455987,43,2,0,1,1,1,1,1,"[""171798974"", ""160455987"", ""205682935"", ""153090870"", ""144345531"", ""132315079"", ""183640029"", ""203550060"", ""125536521"", ""193746203""]"
none_subset,4,118161724,100748302,37,26,0,0,0,0,1,1,"[""191097659"", ""204790995"", ""169494298"", ""81213674"", ""151028514"", ""196218557"", ""204882158"", ""125674673"", ""207913496"", ""204151797""]"
none_subset,4,215011895,196161702,43,141,0,0,0,0,0,0,"[""201671217"", ""192529072"", ""209666551"", ""164527202"", ""184091403"", ""188582305"", ""186807991"", ""209759690"", ""190677683"", ""185897088""]"
none_subset,4,225316332,176647062,46,701,0,0,0,0,0,0,"[""142789905"", ""154821670"", ""102024389"", ""151511658"", ""192711504"", ""133779076"", ""177423877"", ""170352052"", ""128991595"", ""150142821""]"
none_subset,4,154511030,133334651,43,54,0,0,0,0,0,0,"[""162465061"", ""139158977"", ""118470473"", ""182746332"", ""164502051"", ""201910129"", ""196729212"", ""167697776"", ""88577920"", ""49195232""]"
none_subset,4,186598628,151356635,4,21,0,0,0,0,1,1,"[""158607543"", ""159049760"", ""119644839"", ""144264277"", ""116057633"", ""72045166"", ""148281605"", ""156435626"", ""167104684"", ""98844359""]"
none_subset,4,209211793,182918494,64,113,0,0,0,0,0,0,"[""188599489"", ""80281524"", ""103416735"", ""53527257"", ""159020740"", ""79734724"", ""177536477"", ""202708847"", ""62604823"", ""12228373""]"
none_subset,4,166776423,142659992,64,366,0,0,0,0,0,0,"[""154742918"", ""150442809"", ""146681358"", ""128525879"", ""207152337"", ""211987351"", ""204125965"", ""202708847"", ""20148877"", ""185230388""]"
none_subset,4,224931544,214491007,4,71,0,0,0,0,0,0,"[""173008557"", ""213461075"", ""133632260"", ""147828982"", ""58216709"", ""195744792"", ""212392746"", ""161281171"", ""163349092"", ""200247233""]"
none_subset,4,206806312,182744806,4,52,0,0,0,0,0,0,"[""213568542"", ""169992252"", ""170990011"", ""212086988"", ""173459316"", ""138891074"", ""210273576"", ""181079699"", ""215580343"", ""207819636""]"
none_subset,4,24220610,22753311,4,145,0,0,0,0,0,0,"[""45403148"", ""73118528"", ""9924656"", ""185515008"", ""79387876"", ""174141513"", ""156401201"", ""205390513"", ""198808044"", ""25537887""]"
none_subset,4,133160779,112758500,57,214,0,0,0,0,0,0,"[""153835333"", ""207615117"", ""188014203"", ""102740841"", ""161339845"", ""137629837"", ""61177824"", ""195606087"", ""116870503"", ""165530822""]"
none_subset,4,193221797,165852923,43,182,0,0,0,0,0,0,"[""157995027"", ""176776603"", ""185138279"", ""190069327"", ""192502567"", ""192559614"", ""154676816"", ""57750732"", ""126702260"", ""90293525""]"
none_subset,4,177455706,144724265,57,155,0,0,0,0,0,0,"[""144992451"", ""211785457"", ""148338437"", ""194409455"", ""103023172"", ""180417908"", ""160209667"", ""157231058"", ""201144087"", ""206568246""]"
none_subset,4,224446136,212848933,46,210,0,0,0,0,0,0,"[""168220730"", ""163538004"", ""158101824"", ""205012393"", ""203339078"", ""209824689"", ""167076699"", ""171578170"", ""138326639"", ""79804197""]"
none_subset,4,135791676,115841291,4,441,0,0,0,0,0,0,"[""143929940"", ""117471262"", ""191461282"", ""156103241"", ""196862937"", ""183438126"", ""190067899"", ""149095048"", ""143852845"", ""152542463""]"
none_subset,4,123883757,101956556,43,9,0,0,0,1,1,1,"[""196069283"", ""142700536"", ""189791365"", ""180987149"", ""192774637"", ""144710651"", ""118456882"", ""113898898"", ""101956556"", ""196397416""]"
none_subset,4,150059292,95211839,38,723,0,0,0,0,0,0,"[""171755799"", ""198984787"", ""201835961"", ""199885692"", ""163758025"", ""92430066"", ""157091884"", ""192587307"", ""98186259"", ""69350726""]"
none_subset,4,222911786,194208208,64,186,0,0,0,0,0,0,"[""182762792"", ""148133803"", ""131561726"", ""73923102"", ""173526297"", ""122391520"", ""101586852"", ""108096010"", ""189988059"", ""194651505""]"
none_subset,4,169390186,141820768,46,1019,0,0,0,0,0,0,"[""203669932"", ""173579264"", ""207032128"", ""203343668"", ""158674717"", ""204078839"", ""177107115"", ""164719903"", ""158349575"", ""162796958""]"
none_subset,4,106211796,98301531,43,41,0,0,0,0,0,1,"[""162605137"", ""156158359"", ""100215754"", ""213416756"", ""145708285"", ""158387518"", ""197613208"", ""16668651"", ""192529072"", ""140335234""]"
none_subset,4,207822121,168368413,37,430,0,0,0,0,0,0,"[""184899990"", ""161194648"", ""198135226"", ""164967909"", ""201858088"", ""105586047"", ""102265742"", ""121642534"", ""179547907"", ""176290644""]"
none_subset,4,173952741,137448907,64,134,0,0,0,0,0,0,"[""131413365"", ""64566466"", ""106247745"", ""151821517"", ""121664928"", ""183225423"", ""154412302"", ""44092132"", ""212760622"", ""154919593""]"
none_subset,4,132397105,115405939,38,51,0,0,0,0,0,0,"[""176682595"", ""170054565"", ""183174003"", ""163870082"", ""139134458"", ""112389064"", ""117957932"", ""177744065"", ""350786"", ""204637998""]"
none_subset,4,187845660,157944770,38,1723,0,0,0,0,0,0,"[""113999751"", ""130075591"", ""140048877"", ""120618466"", ""127539785"", ""110664117"", ""164509932"", ""140138816"", ""154112907"", ""189593063""]"
none_subset,4,73239570,76736407,43,132,0,0,0,0,0,0,"[""4674477"", ""39344788"", ""213746773"", ""188032543"", ""141669650"", ""78271168"", ""13748467"", ""106320447"", ""77335627"", ""125860815""]"
none_subset,4,112714474,47487946,4,1034,0,0,0,0,0,0,"[""78628063"", ""142456567"", ""192836046"", ""164949793"", ""161593927"", ""193934711"", ""171902128"", ""91829997"", ""194290947"", ""189821495""]"
none_subset,4,41177759,35986236,62,44,0,0,0,0,0,1,"[""116849391"", ""41098400"", ""77307509"", ""192851182"", ""159165682"", ""168374690"", ""13434530"", ""192580997"", ""179030233"", ""29040709""]"
none_subset,4,215955530,196599979,38,1762,0,0,0,0,0,0,"[""186533660"", ""195156235"", ""156904280"", ""11921513"", ""215127574"", ""105898974"", ""193857246"", ""175815162"", ""165671081"", ""56711957""]"
none_subset,4,161642740,31677187,57,459,0,0,0,0,0,0,"[""135805652"", ""77481636"", ""103853253"", ""139028158"", ""83357296"", ""145912634"", ""205642823"", ""135189717"", ""191244076"", ""208750964""]"
none_subset,4,181662774,136435762,64,103,0,0,0,0,0,0,"[""152368817"", ""149506115"", ""103189720"", ""201421429"", ""196328856"", ""209790439"", ""63965447"", ""122273058"", ""16060214"", ""179818880""]"
none_subset,4,194698210,161492615,62,703,0,0,0,0,0,0,"[""184405626"", ""155955578"", ""74242439"", ""27329790"", ""69034121"", ""172191347"", ""117977369"", ""149610279"", ""194290546"", ""209556691""]"
none_subset,4,224551342,210587193,37,1432,0,0,0,0,0,0,"[""205491074"", ""143849339"", ""144537637"", ""186590190"", ""122713998"", ""182542988"", ""153610553"", ""192414071"", ""202331502"", ""191700438""]"
none_subset,4,219551975,123336352,4,131,0,0,0,0,0,0,"[""58216709"", ""179145991"", ""172884595"", ""171159402"", ""173008557"", ""215305148"", ""102041783"", ""133632260"", ""207099526"", ""195744792""]"
none_subset,4,171938037,142067377,57,36,0,0,0,0,0,1,"[""55753543"", ""201562377"", ""208224412"", ""24251920"", ""193318201"", ""57673806"", ""99472835"", ""207541431"", ""166225948"", ""159329515""]"
none_subset,4,176837709,144751910,43,287,0,0,0,0,0,0,"[""175879766"", ""184777155"", ""167164193"", ""122715243"", ""139853041"", ""38569436"", ""176722009"", ""146898856"", ""164354706"", ""147531803""]"
none_subset,4,214259253,193951937,4,5,0,0,1,1,1,1,"[""211901995"", ""214085481"", ""188665796"", ""205463044"", ""193951937"", ""126589900"", ""164194074"", ""98076075"", ""169468665"", ""202016099""]"
none_subset,4,211203351,190161584,4,760,0,0,0,0,0,0,"[""185880119"", ""180843726"", ""194722275"", ""191209763"", ""168099979"", ""177825434"", ""211385428"", ""198615413"", ""191147915"", ""206283069""]"
none_subset,4,222583311,208856053,46,3,0,1,1,1,1,1,"[""209744189"", ""210836917"", ""208856053"", ""137346104"", ""177432966"", ""208306039"", ""173832017"", ""174100562"", ""211441287"", ""172604491""]"
none_subset,4,216702719,94195633,43,310,0,0,0,0,0,0,"[""202367676"", ""46154800"", ""120869286"", ""166329703"", ""106212567"", ""191701674"", ""155255036"", ""179054743"", ""133220748"", ""180951430""]"
none_subset,4,80321582,75263094,4,194,0,0,0,0,0,0,"[""194022496"", ""76519929"", ""206283069"", ""204285378"", ""68390034"", ""19861371"", ""65093644"", ""77968334"", ""161159839"", ""191498286""]"
none_subset,4,219184191,154897282,64,16,0,0,0,0,1,1,"[""146444401"", ""194767716"", ""167354299"", ""128607088"", ""19607163"", ""154897158"", ""207446541"", ""85881610"", ""16060214"", ""173605646""]"
none_subset,4,183176780,110198506,64,69,0,0,0,0,0,0,"[""96431966"", ""83604987"", ""60124479"", ""48108527"", ""211987351"", ""142012440"", ""8326062"", ""210873715"", ""177028452"", ""107088593""]"
none_subset,4,171056375,144654385,57,1413,0,0,0,0,0,0,"[""196687643"", ""143605523"", ""146504682"", ""207323988"", ""214483684"", ""134525592"", ""133687274"", ""183693697"", ""152412516"", ""108144243""]"
none_subset,4,211145215,65008311,64,777,0,0,0,0,0,0,"[""131569653"", ""152189504"", ""181874277"", ""189365972"", ""18136094"", ""184683737"", ""158126671"", ""167354299"", ""128304968"", ""111705025""]"
none_subset,4,143335274,124948775,64,349,0,0,0,0,0,0,"[""186850320"", ""90897593"", ""105879570"", ""188599489"", ""46094230"", ""127488045"", ""172848022"", ""201421429"", ""103189720"", ""185723367""]"
none_subset,4,210317700,167242346,43,94,0,0,0,0,0,0,"[""147117418"", ""141417624"", ""210534170"", ""193482080"", ""186403472"", ""151416547"", ""15648138"", ""119499591"", ""158276305"", ""198166094""]"
none_subset,4,125302687,110172598,46,29,0,0,0,0,1,1,"[""170374096"", ""122844194"", ""160547557"", ""173668368"", ""133461188"", ""109663807"", ""213381319"", ""174623464"", ""104127006"", ""210822934""]"
none_subset,4,197712540,167148116,62,1003,0,0,0,0,0,0,"[""74279773"", ""215325361"", ""196890627"", ""153551332"", ""156885677"", ""204830740"", ""6204449"", ""201053460"", ""180167452"", ""107052783""]"
none_subset,4,181405760,150670825,57,50,0,0,0,0,0,1,"[""57499088"", ""171896766"", ""115422067"", ""195347666"", ""82247874"", ""46337629"", ""164248569"", ""122751221"", ""145872351"", ""17825658""]"
none_subset,4,195131888,162230699,37,493,0,0,0,0,0,0,"[""146272807"", ""196428679"", ""103348357"", ""75561865"", ""159657746"", ""159726047"", ""183122776"", ""160990803"", ""38725558"", ""151964729""]"
none_subset,4,222357683,210741382,64,20,0,0,0,0,1,1,"[""196286726"", ""200027492"", ""210055173"", ""200505701"", ""194031832"", ""192611577"", ""198999126"", ""199186089"", ""127444518"", ""200026497""]"
none_subset,4,225334106,194687988,64,7,0,0,0,1,1,1,"[""160006498"", ""174387123"", ""62581454"", ""215021282"", ""204286460"", ""162686675"", ""194687988"", ""95187471"", ""156281163"", ""126296430""]"
none_subset,4,217966035,188236265,43,345,0,0,0,0,0,0,"[""184875265"", ""168115086"", ""182399428"", ""146783647"", ""185108178"", ""156158359"", ""192529072"", ""201535486"", ""166734753"", ""185360446""]"
none_subset,4,183894489,155062344,4,44,0,0,0,0,0,1,"[""195213429"", ""149247164"", ""190079873"", ""200589462"", ""192473388"", ""190777127"", ""187600900"", ""191909632"", ""126107165"", ""143929940""]"
none_subset,4,205157486,178025991,38,1340,0,0,0,0,0,0,"[""193054363"", ""158102628"", ""126267299"", ""203967736"", ""174539147"", ""145865678"", ""123821164"", ""169995762"", ""181880655"", ""99912896""]"
none_subset,4,218060720,202888371,4,6,0,0,0,1,1,1,"[""200855615"", ""104293117"", ""189844318"", ""188882555"", ""203339357"", ""202888371"", ""200589462"", ""192582014"", ""126204466"", ""195539587""]"
none_subset,4,224066335,209924661,46,11,0,0,0,0,1,1,"[""142436010"", ""81754384"", ""210829117"", ""76370473"", ""100881714"", ""212208758"", ""133461188"", ""207308677"", ""136715816"", ""211118858""]"
none_subset,4,216604034,200072530,4,436,0,0,0,0,0,0,"[""190594964"", ""192507369"", ""189901460"", ""193843184"", ""73825216"", ""160129846"", ""178139392"", ""190495475"", ""201454668"", ""191216846""]"
none_subset,4,218016737,159848607,38,787,0,0,0,0,0,0,"[""198984787"", ""98186259"", ""89552272"", ""203692617"", ""132680001"", ""130875451"", ""139117589"", ""164618247"", ""58573176"", ""121483840""]"
none_subset,4,177566239,141237052,57,1023,0,0,0,0,0,0,"[""152200569"", ""153321595"", ""173797071"", ""180302528"", ""199848959"", ""183693697"", ""205233758"", ""146037680"", ""178369063"", ""90835181""]"
none_subset,4,191371158,163870082,38,2396,0,0,0,0,0,0,"[""180386955"", ""140979774"", ""128168264"", ""213553012"", ""169064521"", ""148419997"", ""102676974"", ""53899017"", ""159910879"", ""173180866""]"
none_subset,4,216909918,188573311,57,1699,0,0,0,0,0,0,"[""107527615"", ""191497108"", ""171331353"", ""205668901"", ""208786775"", ""151450966"", ""143670064"", ""79490428"", ""127321733"", ""199479829""]"
none_subset,4,125376573,111118568,46,3,0,1,1,1,1,1,"[""77995654"", ""174623464"", ""111118568"", ""168398292"", ""160547557"", ""180749212"", ""129447301"", ""213744352"", ""135710902"", ""214351472""]"
none_subset,4,211984624,191257698,43,1141,0,0,0,0,0,0,"[""186098084"", ""198600357"", ""155951189"", ""163505137"", ""201951948"", ""193811107"", ""48040967"", ""205976311"", ""210778994"", ""150578488""]"
none_subset,4,221392704,184422473,64,32,0,0,0,0,0,1,"[""160686884"", ""116423938"", ""122175441"", ""108386270"", ""145779083"", ""137448907"", ""204824313"", ""194094670"", ""117481999"", ""178492296""]"
none_subset,4,136745457,33852949,43,17,0,0,0,0,1,1,"[""118255723"", ""210940174"", ""140810008"", ""106625864"", ""129483238"", ""193313194"", ""121507083"", ""164870997"", ""110840430"", ""185210795""]"
none_subset,4,220737012,181958298,64,681,0,0,0,0,0,0,"[""157803989"", ""126785773"", ""190786565"", ""92911620"", ""22329772"", ""168899904"", ""79121811"", ""44092132"", ""166184401"", ""179015555""]"
none_subset,4,221849722,209933189,64,102,0,0,0,0,0,0,"[""171898096"", ""56833135"", ""211179127"", ""112345894"", ""203051964"", ""112056185"", ""167849719"", ""211171973"", ""141031821"", ""65487267""]"
none_subset,4,217724128,188901420,43,828,0,0,0,0,0,0,"[""178271380"", ""194288073"", ""206730740"", ""189297376"", ""168115086"", ""201671217"", ""143795279"", ""165285962"", ""182902299"", ""189266294""]"
none_subset,4,165441643,140335234,43,63,0,0,0,0,0,0,"[""208645724"", ""190843616"", ""98301531"", ""163141517"", ""165688631"", ""165627910"", ""107634006"", ""196729212"", ""84074518"", ""190480160""]"
none_subset,4,225238925,207720671,4,637,0,0,0,0,0,0,"[""206636227"", ""190503853"", ""180843726"", ""68390034"", ""213127345"", ""186739934"", ""192410120"", ""210484477"", ""191316160"", ""207097865""]"
none_subset,4,180492830,139771827,64,1110,0,0,0,0,0,0,"[""131561726"", ""124274061"", ""153356810"", ""137043393"", ""120966979"", ""214114704"", ""62313025"", ""173526297"", ""167158322"", ""117014804""]"
none_subset,4,204939461,176953234,43,738,0,0,0,0,0,0,"[""7448774"", ""26288526"", ""59547777"", ""102607626"", ""204928664"", ""100464186"", ""125981589"", ""188236265"", ""126897696"", ""119445851""]"
none_subset,4,182802597,152102790,37,906,0,0,0,0,0,0,"[""126574209"", ""14688074"", ""164141851"", ""163474582"", ""96028215"", ""96256428"", ""101351593"", ""139391729"", ""21114364"", ""92247640""]"
none_subset,4,211080371,190061959,57,161,0,0,0,0,0,0,"[""202358315"", ""202655316"", ""193981972"", ""159050136"", ""209640231"", ""207134458"", ""202223376"", ""155345748"", ""210440269"", ""163116154""]"
none_subset,4,219228373,193632638,4,439,0,0,0,0,0,0,"[""208324043"", ""167053224"", ""16813724"", ""214212078"", ""73118528"", ""206007161"", ""169715410"", ""145020770"", ""149665952"", ""193807530""]"
none_subset,4,215904390,197656203,37,775,0,0,0,0,0,0,"[""17206468"", ""140749191"", ""157158070"", ""130025536"", ""81629443"", ""136895908"", ""174852305"", ""174690214"", ""146734205"", ""141505308""]"
none_subset,4,60853867,58109729,64,24,0,0,0,0,1,1,"[""111705025"", ""174340250"", ""153266976"", ""206003254"", ""78822097"", ""197648445"", ""176571185"", ""119531435"", ""119651772"", ""148497898""]"
none_subset,4,216258569,199310873,64,115,0,0,0,0,0,0,"[""210148884"", ""202548043"", ""200033728"", ""192779268"", ""199715478"", ""195252307"", ""120758654"", ""154913615"", ""174719538"", ""119491080""]"
none_subset,4,208697129,156534875,57,2453,0,0,0,0,0,0,"[""207134458"", ""200038101"", ""181495263"", ""53934345"", ""135517724"", ""113626263"", ""186151702"", ""163116154"", ""153152780"", ""135805652""]"
none_subset,4,221332807,204074548,37,50,0,0,0,0,0,1,"[""186270944"", ""91173744"", ""164430683"", ""183268600"", ""208828602"", ""201380275"", ""208671848"", ""142288515"", ""165582044"", ""214883789""]"
none_subset,4,158468230,137553795,46,100,0,0,0,0,0,0,"[""170458031"", ""194933430"", ""211441313"", ""172608877"", ""195309442"", ""194795218"", ""194491667"", ""205615810"", ""138617659"", ""209924661""]"
none_subset,4,154712745,120183732,4,417,0,0,0,0,0,0,"[""139852579"", ""184087480"", ""199942377"", ""40365043"", ""150252011"", ""149095048"", ""182060832"", ""76515539"", ""190621677"", ""16847694""]"
none_subset,4,195774572,147879067,4,1027,0,0,0,0,0,0,"[""195242863"", ""140664088"", ""113199812"", ""144046125"", ""200198172"", ""143526809"", ""141440077"", ""105642237"", ""145020770"", ""165619853""]"
none_subset,4,59898931,62581454,64,120,0,0,0,0,0,0,"[""94863968"", ""70397289"", ""168668432"", ""194031832"", ""58928846"", ""186122058"", ""97006048"", ""61063233"", ""160006498"", ""159354842""]"
none_subset,4,155749420,122781311,64,382,0,0,0,0,0,0,"[""202527449"", ""209149604"", ""96320844"", ""164717269"", ""75157723"", ""19148525"", ""58109729"", ""197684604"", ""191614451"", ""209448739""]"
none_subset,4,47011899,40866643,43,205,0,0,0,0,0,0,"[""189625872"", ""178382077"", ""186702404"", ""188607279"", ""200611512"", ""143942304"", ""102672595"", ""146783647"", ""196728731"", ""204158311""]"
none_subset,4,220696295,177473283,38,26,0,0,0,0,1,1,"[""150241983"", ""66259210"", ""8550716"", ""47432873"", ""191338884"", ""189593063"", ""113999751"", ""61517646"", ""69350726"", ""127539785""]"
none_subset,4,194762119,166095870,64,84,0,0,0,0,0,0,"[""155116255"", ""84069250"", ""188442124"", ""152209904"", ""210055173"", ""197129998"", ""114231099"", ""160006498"", ""93608052"", ""129288036""]"
none_subset,4,190084968,175993606,43,398,0,0,0,0,0,0,"[""198423070"", ""158885545"", ""162142216"", ""191248601"", ""142502266"", ""178546388"", ""110717688"", ""160542632"", ""136512962"", ""152263616""]"
none_subset,4,217507926,201534877,43,92,0,0,0,0,0,0,"[""188378226"", ""182445092"", ""184713890"", ""196286515"", ""176848040"", ""153867752"", ""198017996"", ""197212083"", ""184996236"", ""173924308""]"
none_subset,4,187617614,159982314,64,53,0,0,0,0,0,0,"[""191710817"", ""210298620"", ""182426229"", ""12224624"", ""81240114"", ""157103060"", ""144399371"", ""85531879"", ""210148884"", ""88249240""]"
none_subset,4,223179145,190160674,38,49,0,0,0,0,0,1,"[""178462865"", ""194853957"", ""130417987"", ""138353042"", ""153901522"", ""57745679"", ""155332547"", ""207390508"", ""190453683"", ""123190192""]"
none_subset,4,220373799,206798127,64,741,0,0,0,0,0,0,"[""200043378"", ""187503442"", ""101574803"", ""133319690"", ""76676235"", ""73276751"", ""66459509"", ""156077786"", ""95501095"", ""67029925""]"
none_subset,4,223637559,212901239,62,22,0,0,0,0,1,1,"[""211070786"", ""204577887"", ""189968625"", ""200033285"", ""211808810"", ""198039882"", ""212180917"", ""168270119"", ""212412503"", ""121524691""]"
none_subset,4,19986897,10714728,64,123,0,0,0,0,0,0,"[""155183786"", ""140676990"", ""82453175"", ""142119938"", ""202708847"", ""32252174"", ""67998486"", ""60046348"", ""96431966"", ""144646883""]"
none_subset,4,63969546,67127804,38,125,0,0,0,0,0,0,"[""157091884"", ""71896485"", ""163758025"", ""96313601"", ""186580987"", ""192587307"", ""69350726"", ""191371664"", ""66259210"", ""186767110""]"
none_subset,4,221395948,195898137,64,45,0,0,0,0,0,1,"[""67998486"", ""143686140"", ""155183786"", ""111626622"", ""138322181"", ""67792301"", ""155021743"", ""210444502"", ""189988059"", ""101966988""]"
none_subset,4,198661128,155560065,62,388,0,0,0,0,0,0,"[""181082260"", ""97595359"", ""170039176"", ""140662974"", ""104986019"", ""129328061"", ""182166337"", ""186141115"", ""138222438"", ""156966802""]"
none_subset,4,199354315,173166016,46,927,0,0,0,0,0,0,"[""168220730"", ""131545810"", ""53826389"", ""172912744"", ""160771991"", ""45769216"", ""170393915"", ""164665349"", ""197483367"", ""199522143""]"
none_subset,4,204929841,67115226,64,766,0,0,0,0,0,0,"[""131413365"", ""106247745"", ""95788322"", ""121664928"", ""161581546"", ""126992314"", ""199715478"", ""147948598"", ""64566466"", ""154412302""]"
none_subset,4,199541886,172059519,57,276,0,0,0,0,0,0,"[""86238073"", ""62696356"", ""200892019"", ""113626263"", ""168026327"", ""87360821"", ""73841445"", ""17116273"", ""195693404"", ""199848959""]"
none_subset,4,120091890,104119068,38,495,0,0,0,0,0,0,"[""180023471"", ""150241983"", ""127539785"", ""31197704"", ""214394715"", ""110664117"", ""44504337"", ""207433318"", ""171949747"", ""14434511""]"
none_subset,4,219449591,203022989,46,15,0,0,0,0,1,1,"[""127266574"", ""190907433"", ""190224714"", ""132875626"", ""214806915"", ""147047749"", ""74840350"", ""115290677"", ""143182122"", ""194951479""]"
none_subset,4,209514176,119015902,64,270,0,0,0,0,0,0,"[""194941994"", ""56995363"", ""115621700"", ""142112629"", ""129093190"", ""166289001"", ""60032340"", ""187887134"", ""160400188"", ""142232452""]"
none_subset,4,222606760,211170774,4,1,1,1,1,1,1,1,"[""211170774"", ""159850846"", ""192874247"", ""212829195"", ""187219867"", ""98076075"", ""195596465"", ""211608400"", ""184322806"", ""207534566""]"
none_subset,4,214779256,192255903,37,205,0,0,0,0,0,0,"[""201740861"", ""163424021"", ""181408383"", ""57914905"", ""178961164"", ""138858879"", ""168616321"", ""144029506"", ""159574917"", ""120040052""]"
none_subset,4,63429749,67999092,43,172,0,0,0,0,0,0,"[""84802092"", ""68189198"", ""188690647"", ""89861307"", ""193982039"", ""162819113"", ""191363897"", ""202243567"", ""67857747"", ""123492526""]"
none_subset,4,223262607,212118908,62,622,0,0,0,0,0,0,"[""134618566"", ""112414551"", ""74290204"", ""32645477"", ""194491562"", ""81077749"", ""196372563"", ""179248067"", ""200747175"", ""14027620""]"
none_subset,4,223062012,19300541,64,588,0,0,0,0,0,0,"[""179835610"", ""96682357"", ""164719263"", ""211980241"", ""60291031"", ""182554123"", ""158680148"", ""157187324"", ""182372333"", ""77671900""]"
none_subset,4,220432170,207152337,64,247,0,0,0,0,0,0,"[""142119938"", ""122391520"", ""32252174"", ""108096010"", ""209711556"", ""199609740"", ""154119154"", ""179521185"", ""212355981"", ""170212811""]"
none_subset,4,153737395,111074216,43,2298,0,0,0,0,0,0,"[""171798974"", ""183640029"", ""191893050"", ""132315079"", ""193746203"", ""160455987"", ""212781685"", ""194880726"", ""149017403"", ""139391726""]"
none_subset,4,194696163,167520346,37,10,0,0,0,1,1,1,"[""117685268"", ""153421932"", ""105162490"", ""186868435"", ""206756006"", ""189777046"", ""136980007"", ""78706018"", ""173244017"", ""167520346""]"
none_subset,4,200983608,172966334,46,82,0,0,0,0,0,0,"[""176936176"", ""215506263"", ""206397421"", ""146467155"", ""211122713"", ""163797849"", ""201925196"", ""168075889"", ""133625276"", ""169081503""]"
none_subset,4,189277523,155652617,37,543,0,0,0,0,0,0,"[""150173254"", ""89464961"", ""121206303"", ""192142184"", ""195740726"", ""117410846"", ""114171070"", ""92247640"", ""139391729"", ""126767199""]"
none_subset,4,183819308,75267159,38,473,0,0,0,0,0,0,"[""156470070"", ""76211714"", ""79241550"", ""134908634"", ""100750564"", ""132744896"", ""136280716"", ""159155121"", ""167722391"", ""171072811""]"
none_subset,4,210681464,75207324,62,686,0,0,0,0,0,0,"[""73570160"", ""127682307"", ""199605491"", ""172047615"", ""210017823"", ""86295030"", ""187064730"", ""186169702"", ""213858568"", ""156966977""]"
none_subset,4,186491148,158909023,43,459,0,0,0,0,0,0,"[""188954949"", ""197613208"", ""201752513"", ""151145810"", ""171112521"", ""205682935"", ""145672403"", ""168131196"", ""182050443"", ""51679199""]"
none_subset,4,154201548,133490841,38,1584,0,0,0,0,0,0,"[""45579165"", ""6679232"", ""184684820"", ""66287825"", ""189931109"", ""182866917"", ""188214175"", ""23769172"", ""179246503"", ""179244626""]"
none_subset,4,195131076,156352803,62,1605,0,0,0,0,0,0,"[""209151724"", ""200747175"", ""201325161"", ""189021318"", ""198734216"", ""134618566"", ""200374313"", ""197008246"", ""152708416"", ""155977860""]"
none_subset,4,216519335,191134281,43,35,0,0,0,0,0,1,"[""201213450"", ""194022987"", ""210822887"", ""168830681"", ""88578062"", ""160058303"", ""198078019"", ""211582481"", ""164285938"", ""175374033""]"
none_subset,4,41044823,44855147,46,170,0,0,0,0,0,0,"[""118565908"", ""181810712"", ""164400164"", ""145585718"", ""183767116"", ""150142821"", ""186542267"", ""183321047"", ""151511658"", ""202329514""]"
none_subset,4,219470687,194555128,38,682,0,0,0,0,0,0,"[""123821164"", ""148428740"", ""169995762"", ""186835193"", ""145865678"", ""181880655"", ""158102628"", ""55870666"", ""18107447"", ""194239845""]"
none_subset,4,166718305,130215350,37,1358,0,0,0,0,0,0,"[""205328844"", ""51749408"", ""142630827"", ""147794006"", ""199385964"", ""174850296"", ""75362158"", ""165767706"", ""104986974"", ""186471450""]"
none_subset,4,204251465,178340158,46,2311,0,0,0,0,0,0,"[""79988383"", ""211267103"", ""203281173"", ""137353337"", ""49933218"", ""105318716"", ""162319258"", ""212848933"", ""135544380"", ""138326639""]"
none_subset,4,81931046,44331632,4,2185,0,0,0,0,0,0,"[""190871924"", ""205405501"", ""207022871"", ""161593927"", ""169443962"", ""165105661"", ""142456567"", ""114282417"", ""50750891"", ""176334578""]"
none_subset,4,131319203,113130959,46,636,0,0,0,0,0,0,"[""159989114"", ""79166546"", ""109629224"", ""182917310"", ""187714756"", ""132875626"", ""167265746"", ""78696152"", ""214023065"", ""180613841""]"
none_subset,4,219931559,163474582,37,316,0,0,0,0,0,0,"[""53389573"", ""98865638"", ""193030442"", ""174822665"", ""160098809"", ""127604459"", ""51981897"", ""134150182"", ""156934315"", ""209207018""]"
none_subset,4,165243285,115621700,64,41,0,0,0,0,0,1,"[""60032340"", ""207028000"", ""15748792"", ""141263401"", ""126298952"", ""126079819"", ""123687478"", ""139747313"", ""125561073"", ""138803213""]"
none_subset,4,178539683,148170791,64,63,0,0,0,0,0,0,"[""67998486"", ""105144259"", ""152603802"", ""189988059"", ""183047062"", ""48108527"", ""67792301"", ""143686140"", ""155021743"", ""192550031""]"
none_subset,4,222658414,207485550,46,43,0,0,0,0,0,1,"[""100503293"", ""171694803"", ""64234906"", ""203665704"", ""201215254"", ""62458353"", ""158946684"", ""140827649"", ""119695215"", ""178111525""]"
none_subset,4,217352658,206437660,38,20,0,0,0,0,1,1,"[""48122067"", ""111431777"", ""202119038"", ""201994268"", ""170764066"", ""181391982"", ""166298317"", ""159013209"", ""90207738"", ""79223401""]"
none_subset,4,103718127,96028215,37,13,0,0,0,0,1,1,"[""10976521"", ""165174023"", ""116240817"", ""92247640"", ""154409188"", ""180546104"", ""89464961"", ""136371572"", ""169228866"", ""191931364""]"
none_subset,4,162456671,138969017,46,35,0,0,0,0,0,1,"[""71898634"", ""102458654"", ""50445939"", ""53654857"", ""169602941"", ""206921287"", ""123341476"", ""129879441"", ""138179744"", ""215475381""]"
none_subset,4,216674479,198492434,43,925,0,0,0,0,0,0,"[""162612749"", ""5568612"", ""148801479"", ""157289534"", ""45170082"", ""154639083"", ""127006553"", ""46376130"", ""54786988"", ""188561727""]"
none_subset,4,139603810,111705025,64,48,0,0,0,0,0,1,"[""113587141"", ""109320323"", ""130875563"", ""154504845"", ""63897092"", ""31017779"", ""131569653"", ""61171911"", ""211980241"", ""106156401""]"
none_subset,4,221098990,208436202,62,98,0,0,0,0,0,0,"[""203449670"", ""133228837"", ""205216281"", ""163475721"", ""194424066"", ""201810908"", ""144402794"", ""205794412"", ""199209642"", ""193404726""]"
none_subset,4,211110760,190110099,38,171,0,0,0,0,0,0,"[""20918033"", ""45579165"", ""166558139"", ""66287825"", ""68256896"", ""194797914"", ""149732635"", ""169021759"", ""203702170"", ""209590588""]"
none_subset,4,180857019,123694454,62,535,0,0,0,0,0,0,"[""125457528"", ""72763415"", ""153978341"", ""212334345"", ""99563204"", ""124381580"", ""156487231"", ""120595575"", ""167750533"", ""70069885""]"
none_subset,4,219859647,195568098,38,254,0,0,0,0,0,0,"[""98186259"", ""203692617"", ""76978137"", ""58573176"", ""198984787"", ""139117589"", ""142911344"", ""168060673"", ""135782942"", ""28421314""]"
none_subset,4,198986504,172642297,4,72,0,0,0,0,0,0,"[""179532049"", ""113084668"", ""123461456"", ""141606114"", ""129527350"", ""121290364"", ""174772759"", ""168366363"", ""137276271"", ""199361385""]"
none_subset,4,30856844,29076426,57,644,0,0,0,0,0,0,"[""51949929"", ""66485491"", ""165585527"", ""139028158"", ""53594227"", ""211835809"", ""158659146"", ""127290465"", ""178650612"", ""102488247""]"
none_subset,4,165345006,112030355,4,426,0,0,0,0,0,0,"[""212819052"", ""210498460"", ""184322806"", ""198087841"", ""201066059"", ""210709127"", ""206285188"", ""211858811"", ""208958120"", ""212482379""]"
none_subset,4,182336608,152542463,4,65,0,0,0,0,0,0,"[""191461282"", ""178305613"", ""187602417"", ""158175855"", ""62938611"", ""173055109"", ""157040034"", ""194142299"", ""154031903"", ""153223626""]"
none_subset,4,186098484,136188138,43,240,0,0,0,0,0,0,"[""160598030"", ""154676816"", ""177260407"", ""168943005"", ""192651386"", ""195866072"", ""162644598"", ""183716498"", ""156395019"", ""153567645""]"
none_subset,4,179980581,151344613,46,325,0,0,0,0,0,0,"[""52439531"", ""176659851"", ""141876515"", ""157471709"", ""64234906"", ""188529439"", ""79809742"", ""180795459"", ""192711504"", ""192440420""]"
none_subset,4,211355631,184293865,37,2358,0,0,0,0,0,0,"[""195296935"", ""190788965"", ""191911000"", ""201649016"", ""211802210"", ""197955172"", ""191538851"", ""209855515"", ""206569261"", ""133351365""]"
none_subset,4,161242216,132026257,37,603,0,0,0,0,0,0,"[""167092117"", ""53074039"", ""194999634"", ""116929460"", ""105586047"", ""50482792"", ""198135226"", ""152569501"", ""57231571"", ""131057179""]"
none_subset,4,190560020,142502266,43,959,0,0,0,0,0,0,"[""74830022"", ""4674477"", ""121165459"", ""126702260"", ""188032543"", ""180465465"", ""193103331"", ""100333045"", ""159960194"", ""101683090""]"
none_subset,4,69113424,60246968,57,801,0,0,0,0,0,0,"[""147735917"", ""110306995"", ""97187105"", ""200415629"", ""175258156"", ""165674944"", ""204658040"", ""32644256"", ""138657391"", ""127670415""]"
none_subset,4,185411772,156513351,37,908,0,0,0,0,0,0,"[""213471023"", ""141241455"", ""146527115"", ""137062195"", ""209118001"", ""209543868"", ""174160467"", ""92247640"", ""181988758"", ""192163385""]"
none_subset,4,202861496,177515764,57,82,0,0,0,0,0,0,"[""195530341"", ""210148578"", ""210636826"", ""195530334"", ""211475673"", ""195751744"", ""209082310"", ""179059502"", ""209470103"", ""207501600""]"
none_subset,4,176803150,143477720,57,256,0,0,0,0,0,0,"[""159881542"", ""183993242"", ""53594227"", ""136519761"", ""143701254"", ""100527593"", ""31932356"", ""114861890"", ""77758551"", ""135635917""]"
none_subset,4,150385859,123931108,37,563,0,0,0,0,0,0,"[""140336042"", ""200025016"", ""166280219"", ""188679659"", ""93714502"", ""188083340"", ""127873279"", ""129735644"", ""138291906"", ""98128705""]"
none_subset,4,216868287,192721742,38,504,0,0,0,0,0,0,"[""192992682"", ""89552272"", ""182704194"", ""151607631"", ""206067851"", ""201030455"", ""160458687"", ""192510359"", ""143848258"", ""161419745""]"
none_subset,4,174350883,132691040,64,1439,0,0,0,0,0,0,"[""96431966"", ""67998486"", ""147223868"", ""148445574"", ""48108527"", ""12228373"", ""110198506"", ""58475692"", ""4145981"", ""183047062""]"
none_subset,4,185800330,154928608,4,17,0,0,0,0,1,1,"[""65093674"", ""146961197"", ""195717749"", ""154267881"", ""77968334"", ""152685161"", ""213979278"", ""169697872"", ""153876614"", ""192757426""]"
none_subset,4,223830881,212907091,37,222,0,0,0,0,0,0,"[""212356952"", ""184297463"", ""118848444"", ""190511714"", ""173981806"", ""138622989"", ""33563950"", ""209172335"", ""148861378"", ""163257301""]"
none_subset,4,175129233,148649464,4,107,0,0,0,0,0,0,"[""188761133"", ""200875902"", ""165510803"", ""44858664"", ""50883863"", ""189229576"", ""171860963"", ""156469871"", ""27693819"", ""49226304""]"
none_subset,4,166787151,141175087,4,104,0,0,0,0,0,0,"[""16847694"", ""86878993"", ""150252011"", ""181672704"", ""116799517"", ""154031903"", ""156633369"", ""142506151"", ""182060832"", ""173055109""]"
none_subset,4,178702003,145336514,37,182,0,0,0,0,0,0,"[""189064377"", ""101318206"", ""150612100"", ""201869799"", ""91090509"", ""101679570"", ""161632409"", ""143161006"", ""143766198"", ""194297564""]"
none_subset,4,223621349,211355598,43,2592,0,0,0,0,0,0,"[""188561727"", ""162612749"", ""5568612"", ""148801479"", ""110104374"", ""45170082"", ""207021897"", ""139572029"", ""208158106"", ""198489911""]"
none_subset,4,132618727,115580201,64,190,0,0,0,0,0,0,"[""153266976"", ""188820923"", ""119651772"", ""190174399"", ""156194814"", ""212170326"", ""209427345"", ""211861347"", ""119531435"", ""164717269""]"
none_subset,4,215754265,193134463,64,144,0,0,0,0,0,0,"[""160008395"", ""203544848"", ""80098795"", ""62313025"", ""116088383"", ""119643934"", ""132818593"", ""204007990"", ""201421429"", ""153356810""]"
none_subset,4,215206264,183024716,38,182,0,0,0,0,0,0,"[""189745383"", ""44353494"", ""191768974"", ""152717874"", ""174919483"", ""144249722"", ""161450028"", ""188178632"", ""93923477"", ""195402979""]"
none_subset,4,54901010,62313025,64,403,0,0,0,0,0,0,"[""60032340"", ""199244662"", ""155183786"", ""115621700"", ""25588585"", ""208220087"", ""194941994"", ""204754543"", ""107055611"", ""153356810""]"
none_subset,4,207186479,182569606,64,1575,0,0,0,0,0,0,"[""92304326"", ""77671900"", ""127488797"", ""213913118"", ""143939537"", ""146495081"", ""165717472"", ""174916841"", ""112902032"", ""126295674""]"
none_subset,4,217527501,201852288,43,34,0,0,0,0,0,1,"[""185851616"", ""201671217"", ""198087076"", ""168115086"", ""209286657"", ""184091403"", ""201905433"", ""192529072"", ""194288073"", ""206283952""]"
none_subset,4,95134984,91338793,64,81,0,0,0,0,0,0,"[""48108527"", ""189988059"", ""143686140"", ""67792301"", ""188221621"", ""150507317"", ""73923102"", ""198240527"", ""183047062"", ""214563791""]"
none_subset,4,222248279,132097649,64,446,0,0,0,0,0,0,"[""103416735"", ""60032340"", ""181619566"", ""80281524"", ""170931595"", ""40134748"", ""199805267"", ""179201033"", ""109321941"", ""200592836""]"
none_subset,4,224932111,213377880,37,2363,0,0,0,0,0,0,"[""125546857"", ""204161065"", ""205430382"", ""130806896"", ""179242738"", ""207430484"", ""195073454"", ""193667358"", ""195379499"", ""212715570""]"
none_subset,4,200099867,171331353,57,1523,0,0,0,0,0,0,"[""143161125"", ""161475669"", ""134701518"", ""154783025"", ""112580587"", ""96446850"", ""172052085"", ""98039533"", ""122181220"", ""179156929""]"
none_subset,4,28890480,29496516,37,22,0,0,0,0,1,1,"[""5322119"", ""188967908"", ""213026576"", ""105224939"", ""145609273"", ""109130798"", ""95030361"", ""14688074"", ""191370500"", ""65129121""]"
none_subset,4,188485991,129428290,57,1720,0,0,0,0,0,0,"[""183993242"", ""121902729"", ""170453821"", ""110306995"", ""107527374"", ""204648894"", ""165637321"", ""210849421"", ""82173388"", ""172961532""]"
none_subset,4,223990067,213503390,46,48,0,0,0,0,0,1,"[""212730825"", ""211141745"", ""170987455"", ""208337799"", ""210498678"", ""203190117"", ""208956852"", ""100881714"", ""207227762"", ""209174745""]"
none_subset,4,220766414,204899704,46,117,0,0,0,0,0,0,"[""213247950"", ""194798510"", ""179347666"", ""212905836"", ""176341449"", ""187734223"", ""205043973"", ""179633525"", ""210366645"", ""214351472""]"
none_subset,4,105428378,101799122,57,151,0,0,0,0,0,0,"[""204648894"", ""58773802"", ""183993242"", ""114861890"", ""206552998"", ""100527593"", ""196935602"", ""165637321"", ""121902729"", ""44191816""]"
none_subset,4,221415344,206210969,38,180,0,0,0,0,0,0,"[""192509185"", ""204880845"", ""99816295"", ""183684975"", ""171180851"", ""133973101"", ""187386200"", ""139197933"", ""201835961"", ""100749834""]"
none_subset,4,174122963,115645977,43,94,0,0,0,0,0,0,"[""75839915"", ""67021173"", ""73201099"", ""98314945"", ""155678818"", ""67021588"", ""86370719"", ""27781370"", ""102607958"", ""157711341""]"
none_subset,4,180994473,153013889,43,192,0,0,0,0,0,0,"[""151416547"", ""147117418"", ""141417624"", ""198166094"", ""70425482"", ""204891079"", ""73260900"", ""204265427"", ""113309612"", ""136615619""]"
none_subset,4,219023019,201216088,37,119,0,0,0,0,0,0,"[""195462928"", ""133924998"", ""188083340"", ""182501762"", ""183923787"", ""154316487"", ""148752102"", ""167619039"", ""188679659"", ""104577943""]"
none_subset,4,148926185,126213900,38,162,0,0,0,0,0,0,"[""145998937"", ""149343290"", ""157714512"", ""192191594"", ""128022775"", ""180386955"", ""209258995"", ""213391406"", ""192884067"", ""192596276""]"
none_subset,4,225186543,209306349,64,12,0,0,0,0,1,1,"[""214502849"", ""206133696"", ""153434885"", ""210741382"", ""139118223"", ""193738837"", ""207331867"", ""154364693"", ""67845426"", ""196928465""]"
none_subset,4,194448536,162425061,57,986,0,0,0,0,0,0,"[""198779965"", ""109553539"", ""191533108"", ""168202910"", ""192325921"", ""177611876"", ""182635361"", ""84085908"", ""176343357"", ""210313644""]"
none_subset,4,110404311,101244088,46,104,0,0,0,0,0,0,"[""10034854"", ""78696152"", ""152639248"", ""180795459"", ""127485588"", ""78004872"", ""192711504"", ""170352052"", ""208649860"", ""75379104""]"
none_subset,4,213287532,188810102,62,230,0,0,0,0,0,0,"[""211026268"", ""171847859"", ""79994734"", ""32936165"", ""141754702"", ""134304136"", ""194448826"", ""125976562"", ""141918937"", ""213827571""]"
none_subset,4,209411379,186938336,64,1196,0,0,0,0,0,0,"[""196368507"", ""174719538"", ""192779268"", ""169931960"", ""135599268"", ""197268810"", ""136600772"", ""210148884"", ""126182257"", ""211889722""]"
none_subset,4,213286958,185138279,43,21,0,0,0,0,1,1,"[""195866072"", ""153567645"", ""51679199"", ""168943005"", ""154676816"", ""108317078"", ""106164509"", ""57703173"", ""176776603"", ""211818404""]"
none_subset,4,152709066,131869463,62,14,0,0,0,0,1,1,"[""167656283"", ""200271479"", ""169027396"", ""161194868"", ""173119325"", ""110895997"", ""198470396"", ""150826025"", ""144314189"", ""124884051""]"
none_subset,4,157276690,134021529,46,1381,0,0,0,0,0,0,"[""190358880"", ""181547294"", ""192440420"", ""203329657"", ""67021528"", ""118566996"", ""157057084"", ""108154891"", ""209931361"", ""204015032""]"
none_subset,4,182936009,151046652,57,417,0,0,0,0,0,0,"[""201562377"", ""159881542"", ""84085908"", ""82721637"", ""24251920"", ""159329515"", ""139818390"", ""57673806"", ""166225948"", ""136288842""]"
none_subset,4,146826278,101892709,43,247,0,0,0,0,0,0,"[""188230609"", ""211382244"", ""151082966"", ""191175133"", ""125047033"", ""124514494"", ""180987149"", ""136644867"", ""177591827"", ""126861866""]"
none_subset,4,219724252,198719196,4,1258,0,0,0,0,0,0,"[""144041734"", ""157103009"", ""52380679"", ""155811314"", ""141278632"", ""176734316"", ""200294014"", ""89332658"", ""157040034"", ""185320366""]"
none_subset,4,205945839,96363827,38,243,0,0,0,0,0,0,"[""11921513"", ""106027581"", ""169804292"", ""69350726"", ""193949384"", ""8550716"", ""66259210"", ""61055606"", ""172110259"", ""161064776""]"
none_subset,4,191508297,162694671,37,17,0,0,0,0,1,1,"[""146869816"", ""82258130"", ""208141094"", ""178052969"", ""61710118"", ""214037923"", ""149216805"", ""204242033"", ""153376485"", ""153610553""]"
none_subset,4,174344547,145130578,43,1370,0,0,0,0,0,0,"[""181955635"", ""61372398"", ""73260900"", ""183029564"", ""144463129"", ""147117418"", ""175827163"", ""127000704"", ""178810275"", ""176475069""]"
none_subset,4,179853491,142381741,4,29,0,0,0,0,1,1,"[""100007550"", ""77770612"", ""88932849"", ""44380594"", ""173259969"", ""94286928"", ""113628354"", ""154203183"", ""180866990"", ""144683728""]"
none_subset,4,224307001,214059340,57,2,0,1,1,1,1,1,"[""213078674"", ""214059340"", ""210636826"", ""183614539"", ""215562071"", ""195530334"", ""195530341"", ""180818083"", ""211301569"", ""195531799""]"
none_subset,4,131744929,109194953,4,171,0,0,0,0,0,0,"[""206172053"", ""13245417"", ""122581991"", ""187502252"", ""105544053"", ""128197551"", ""197857103"", ""190530648"", ""197294044"", ""138439770""]"
none_subset,4,194577455,160559989,43,227,0,0,0,0,0,0,"[""174924037"", ""129262032"", ""73726197"", ""168992911"", ""79676853"", ""200392561"", ""76024222"", ""107227181"", ""120765596"", ""178419736""]"
none_subset,4,223281383,211309611,64,278,0,0,0,0,0,0,"[""185454425"", ""210923456"", ""183047062"", ""185413694"", ""56833135"", ""112345894"", ""110198506"", ""105928549"", ""196725076"", ""142659992""]"
none_subset,4,81025493,78954752,4,1020,0,0,0,0,0,0,"[""73706611"", ""214893406"", ""158546701"", ""176925983"", ""187502252"", ""167026168"", ""125970295"", ""212806729"", ""13245417"", ""127947361""]"
none_subset,4,209724916,131953748,46,74,0,0,0,0,0,0,"[""139649558"", ""127947793"", ""127547793"", ""156263625"", ""146029150"", ""193074174"", ""164421502"", ""193874948"", ""184646371"", ""61098000""]"
none_subset,4,166799764,141153033,4,1005,0,0,0,0,0,0,"[""156103241"", ""143929940"", ""190067899"", ""188948651"", ""143852845"", ""204909089"", ""196700864"", ""116662369"", ""177849963"", ""161499533""]"
none_subset,4,217143516,199067357,4,1014,0,0,0,0,0,0,"[""149264383"", ""174865960"", ""191564735"", ""185967985"", ""171876720"", ""181288745"", ""191300394"", ""153069902"", ""210964805"", ""123481544""]"
none_subset,4,215629653,191815855,4,92,0,0,0,0,0,0,"[""203620126"", ""166083961"", ""163772112"", ""170192336"", ""189229576"", ""171860963"", ""211577082"", ""215306387"", ""164270841"", ""177913898""]"
none_subset,4,221840866,207035411,46,259,0,0,0,0,0,0,"[""198221243"", ""207127154"", ""204484014"", ""212469100"", ""180299995"", ""211047288"", ""54753065"", ""213571883"", ""211063696"", ""210734819""]"
none_subset,4,223496408,204100209,62,35,0,0,0,0,0,1,"[""191710575"", ""134905481"", ""6204449"", ""51213351"", ""212838708"", ""62502393"", ""170246818"", ""161194868"", ""185057131"", ""67295737""]"
none_subset,4,151221306,131867164,57,67,0,0,0,0,0,0,"[""148098437"", ""213406997"", ""102488247"", ""156161422"", ""197042183"", ""168418714"", ""191244076"", ""211299410"", ""119746964"", ""115258367""]"
none_subset,4,223907782,204531248,62,806,0,0,0,0,0,0,"[""117977369"", ""184405626"", ""155955578"", ""191653901"", ""85872148"", ""39096505"", ""51057647"", ""74242439"", ""179824517"", ""52152330""]"
none_subset,4,210576586,188709100,38,1050,0,0,0,0,0,0,"[""206728210"", ""182369007"", ""209590588"", ""66287825"", ""169136130"", ""20918033"", ""6679232"", ""130737214"", ""209921939"", ""177206358""]"
none_subset,4,182446210,153170090,43,1007,0,0,0,0,0,0,"[""108662474"", ""126415167"", ""115857968"", ""51679199"", ""183640029"", ""99218293"", ""132315079"", ""176776603"", ""137739430"", ""210321299""]"
none_subset,4,171268684,141590566,62,154,0,0,0,0,0,0,"[""160586788"", ""134917876"", ""200271479"", ""120041482"", ""167656283"", ""169027396"", ""73411331"", ""192458679"", ""201461957"", ""186148744""]"
none_subset,4,201550239,171788248,57,809,0,0,0,0,0,0,"[""210816632"", ""206322918"", ""215562071"", ""200025196"", ""203157936"", ""127821311"", ""212223973"", ""179083943"", ""212918516"", ""211675229""]"
none_subset,4,58459746,65096709,62,125,0,0,0,0,0,0,"[""100144178"", ""86857938"", ""22547515"", ""60969101"", ""53450905"", ""211312140"", ""80991195"", ""25260455"", ""32645477"", ""113542136""]"
none_subset,4,191502224,160114101,38,58,0,0,0,0,0,0,"[""139197933"", ""180386955"", ""204880845"", ""159333154"", ""69350726"", ""93599322"", ""161174151"", ""134905998"", ""171180851"", ""73863273""]"
none_subset,4,215786893,196347311,64,122,0,0,0,0,0,0,"[""191629980"", ""167094250"", ""195227005"", ""147984435"", ""26395963"", ""144339648"", ""178690639"", ""67677743"", ""112033542"", ""80098795""]"
none_subset,4,176901511,151937589,64,2,0,1,1,1,1,1,"[""127617798"", ""151937589"", ""200250551"", ""149734769"", ""202658571"", ""69227080"", ""205317332"", ""153271284"", ""190101231"", ""146391695""]"
none_subset,4,220693395,207534566,4,335,0,0,0,0,0,0,"[""194689928"", ""193871241"", ""145435299"", ""182903930"", ""200030203"", ""17083624"", ""190229699"", ""184199440"", ""185181562"", ""180005065""]"
none_subset,4,26646043,20739628,64,33,0,0,0,0,0,1,"[""127488045"", ""196328856"", ""187725266"", ""192632345"", ""148979593"", ""145930227"", ""209790439"", ""181447269"", ""75327381"", ""107795593""]"
none_subset,4,166363190,122642468,64,512,0,0,0,0,0,0,"[""70397289"", ""94996847"", ""130210660"", ""168897618"", ""68788331"", ""133169923"", ""104470943"", ""211495365"", ""138404501"", ""204286460""]"
none_subset,4,180913838,145507220,4,221,0,0,0,0,0,0,"[""159111889"", ""191214295"", ""153223626"", ""199422802"", ""184087480"", ""139852579"", ""186841122"", ""187602417"", ""200963901"", ""199780246""]"
none_subset,4,221849552,184639387,64,97,0,0,0,0,0,0,"[""15748792"", ""97354544"", ""60032340"", ""138803213"", ""125561073"", ""170931595"", ""109321941"", ""124110006"", ""203992598"", ""103416735""]"
none_subset,4,129643095,111866530,57,660,0,0,0,0,0,0,"[""171896766"", ""199848959"", ""145872351"", ""128122761"", ""132304565"", ""174118568"", ""169400993"", ""166910126"", ""157320930"", ""83990657""]"
none_subset,4,123692026,65832173,64,16,0,0,0,0,1,1,"[""65008714"", ""160009723"", ""156766484"", ""159988781"", ""201542748"", ""97352989"", ""70607335"", ""138798142"", ""152762249"", ""74256345""]"
none_subset,4,47095992,70310902,37,91,0,0,0,0,0,0,"[""67501636"", ""105224939"", ""139778879"", ""14688074"", ""145609273"", ""95030361"", ""183122776"", ""183578088"", ""191370500"", ""163100520""]"
none_subset,4,212545186,194446742,4,120,0,0,0,0,0,0,"[""191461282"", ""191214295"", ""153223626"", ""195213429"", ""173055109"", ""119106930"", ""116057633"", ""16847694"", ""117471262"", ""149247164""]"
none_subset,4,20049595,18153773,37,137,0,0,0,0,0,0,"[""100819191"", ""78200756"", ""144080332"", ""33534621"", ""108765924"", ""126574209"", ""149676779"", ""120041856"", ""183023489"", ""105274553""]"
none_subset,4,211951900,191630426,64,121,0,0,0,0,0,0,"[""147671714"", ""196286726"", ""192779268"", ""196368507"", ""200505701"", ""174719538"", ""192179303"", ""211889722"", ""20831897"", ""210635321""]"
none_subset,4,193988041,163314736,43,1990,0,0,0,0,0,0,"[""75648342"", ""173923821"", ""151392250"", ""138106208"", ""86466727"", ""146978431"", ""182870508"", ""167246303"", ""186034089"", ""179105716""]"
none_subset,4,189018141,157268947,43,425,0,0,0,0,0,0,"[""155678818"", ""151379615"", ""172946257"", ""135449802"", ""182217673"", ""195240617"", ""162142216"", ""188810945"", ""204620017"", ""207851646""]"
none_subset,4,198536720,168688083,64,465,0,0,0,0,0,0,"[""159403056"", ""205198053"", ""161464530"", ""140673231"", ""89221384"", ""165792749"", ""194286674"", ""186417621"", ""213038665"", ""207325686""]"
none_subset,4,39420718,42815985,38,2157,0,0,0,0,0,0,"[""197105990"", ""89552272"", ""96549387"", ""180386955"", ""193133447"", ""139197933"", ""188362913"", ""69350726"", ""157264118"", ""96363827""]"
none_subset,4,101593746,88532160,4,4,0,0,1,1,1,1,"[""192786300"", ""184476437"", ""194291179"", ""88532160"", ""169964492"", ""163036343"", ""141989738"", ""193806850"", ""158175855"", ""190075149""]"
none_subset,4,210240448,188473910,57,230,0,0,0,0,0,0,"[""102488247"", ""202358315"", ""175877174"", ""130769831"", ""57914854"", ""79860798"", ""80664100"", ""211835809"", ""77876788"", ""195801582""]"
none_subset,4,59269594,64181476,62,435,0,0,0,0,0,0,"[""208335318"", ""172331495"", ""117006578"", ""74242439"", ""67833941"", ""77177472"", ""150060889"", ""46137767"", ""52439586"", ""145492438""]"
none_subset,4,185808450,157995027,43,368,0,0,0,0,0,0,"[""165082890"", ""127047625"", ""126702260"", ""144080652"", ""193103331"", ""59547777"", ""204449585"", ""99275271"", ""76970617"", ""164097777""]"
none_subset,4,168013738,132434051,46,115,0,0,0,0,0,0,"[""130881127"", ""77329979"", ""120963350"", ""108479850"", ""143345304"", ""205997591"", ""144032873"", ""145266309"", ""210433201"", ""170637462""]"
none_subset,4,217270369,200715240,46,107,0,0,0,0,0,0,"[""80195905"", ""111095231"", ""22408044"", ""124510956"", ""133182836"", ""70517064"", ""103017168"", ""132018635"", ""8742737"", ""102529512""]"
none_subset,4,223547310,203973211,37,55,0,0,0,0,0,0,"[""190113798"", ""174852305"", ""113068731"", ""25189123"", ""198930981"", ""141505308"", ""125097939"", ""170350787"", ""132405642"", ""147816478""]"
none_subset,4,212318389,142667925,43,116,0,0,0,0,0,0,"[""199469789"", ""209666551"", ""185851616"", ""188081829"", ""118399984"", ""183614072"", ""187766426"", ""159888018"", ""119064343"", ""201535486""]"
none_subset,4,177324952,148973040,37,2508,0,0,0,0,0,0,"[""143065524"", ""46870157"", ""85363083"", ""33563950"", ""80669323"", ""65802140"", ""105569391"", ""146533593"", ""173457533"", ""147023317""]"
none_subset,4,211611744,186868435,37,643,0,0,0,0,0,0,"[""195296935"", ""190788965"", ""133351365"", ""191911000"", ""153099679"", ""191931364"", ""142665464"", ""169228866"", ""211802210"", ""196563012""]"
none_subset,4,218795412,202803035,38,47,0,0,0,0,0,1,"[""117957932"", ""145871617"", ""112389064"", ""167575814"", ""37809434"", ""167300693"", ""112658377"", ""125139020"", ""149562058"", ""115216449""]"
none_subset,4,219400531,143663688,38,125,0,0,0,0,0,0,"[""38003672"", ""159333154"", ""108421334"", ""52512643"", ""133136953"", ""172317716"", ""188626794"", ""183569499"", ""123821164"", ""150802146""]"
none_subset,4,217376647,201569008,4,58,0,0,0,0,0,0,"[""105240256"", ""146357422"", ""173611156"", ""203537664"", ""203829299"", ""162282416"", ""205390513"", ""182903930"", ""211027940"", ""188781185""]"
none_subset,4,216088799,144351805,37,366,0,0,0,0,0,0,"[""120181686"", ""183122776"", ""154980557"", ""80808834"", ""109130798"", ""201751423"", ""213026576"", ""209109785"", ""160990803"", ""156583528""]"
none_subset,4,208352440,185108178,43,25,0,0,0,0,1,1,"[""185851616"", ""209666551"", ""189266294"", ""184091403"", ""201905433"", ""183691121"", ""201671217"", ""143795279"", ""213483404"", ""178271380""]"
none_subset,4,211237385,96072901,62,873,0,0,0,0,0,0,"[""100144178"", ""195229377"", ""127682307"", ""86857938"", ""114525243"", ""183577698"", ""127202560"", ""60969101"", ""112339725"", ""188646127""]"
none_subset,4,165671697,139178056,57,117,0,0,0,0,0,0,"[""204394071"", ""209083980"", ""198176008"", ""208164156"", ""210965226"", ""205590701"", ""208101032"", ""177611876"", ""148491701"", ""181277482""]"
none_subset,4,44295729,44381000,43,355,0,0,0,0,0,0,"[""109622560"", ""145708285"", ""205517780"", ""207289652"", ""193045333"", ""124731600"", ""191630482"", ""174558601"", ""88426427"", ""179261540""]"
none_subset,4,180514026,151224480,38,69,0,0,0,0,0,0,"[""204880845"", ""206039176"", ""170938980"", ""188544896"", ""157657051"", ""213591035"", ""174071678"", ""208395385"", ""205018667"", ""173785088""]"
none_subset,4,179459421,138975756,4,101,0,0,0,0,0,0,"[""143929940"", ""24739010"", ""133755220"", ""156103241"", ""143852845"", ""152028023"", ""152542463"", ""149470081"", ""167254533"", ""191461282""]"
none_subset,4,69911500,74842038,64,904,0,0,0,0,0,0,"[""149734769"", ""135170809"", ""69227080"", ""191000780"", ""95788322"", ""171371555"", ""165717472"", ""77671900"", ""193793367"", ""153275921""]"
none_subset,4,216283732,194756089,64,1181,0,0,0,0,0,0,"[""206235020"", ""197322277"", ""174719538"", ""183765574"", ""60869518"", ""212267410"", ""199310873"", ""190059523"", ""193910077"", ""140240190""]"
none_subset,4,106124042,96300750,43,479,0,0,0,0,0,0,"[""188690647"", ""194288467"", ""38196926"", ""139778348"", ""187717589"", ""190193667"", ""197584084"", ""145947056"", ""195944774"", ""183751849""]"
none_subset,4,63723636,53962226,4,107,0,0,0,0,0,0,"[""145007084"", ""51294207"", ""86409470"", ""180266107"", ""66047393"", ""174692074"", ""129435163"", ""140664088"", ""86878993"", ""123881493""]"
none_subset,4,217030405,193323154,4,60,0,0,0,0,0,0,"[""191147915"", ""207726716"", ""200030203"", ""200860968"", ""184199440"", ""183858161"", ""201454668"", ""193871241"", ""197461829"", ""190091385""]"
none_subset,4,146272626,121017497,4,923,0,0,0,0,0,0,"[""125829483"", ""192314331"", ""120205229"", ""151053517"", ""153111279"", ""63746528"", ""128194085"", ""191147915"", ""147036535"", ""127048176""]"
none_subset,4,63169454,61171734,62,1475,0,0,0,0,0,0,"[""81077749"", ""211638809"", ""14027620"", ""198734216"", ""178706930"", ""149631016"", ""1975349"", ""185409558"", ""200747175"", ""86857938""]"
none_subset,4,139951358,118360748,38,1155,0,0,0,0,0,0,"[""106812535"", ""141000837"", ""110457316"", ""202829895"", ""147380841"", ""190550107"", ""102676974"", ""88908742"", ""142087844"", ""124929096""]"
none_subset,4,219099215,195408710,43,43,0,0,0,0,0,1,"[""188036629"", ""202343187"", ""128872941"", ""209546973"", ""183965795"", ""42219137"", ""192366567"", ""111684767"", ""193992249"", ""204620017""]"
none_subset,4,108373299,100087840,4,22,0,0,0,0,1,1,"[""126889201"", ""126241663"", ""186179720"", ""190871924"", ""50750891"", ""153876637"", ""70921117"", ""204147907"", ""154031903"", ""144513042""]"
none_subset,4,145393950,125541158,64,1575,0,0,0,0,0,0,"[""46094230"", ""80098795"", ""186122058"", ""80281524"", ""204007990"", ""124274061"", ""214208964"", ""75760627"", ""155183786"", ""125457410""]"
none_subset,4,194603701,164074443,43,961,0,0,0,0,0,0,"[""98638580"", ""197514276"", ""188380361"", ""197429046"", ""191711172"", ""182050443"", ""180883618"", ""200392561"", ""166186965"", ""201144626""]"
none_subset,4,135137342,61171387,62,12,0,0,0,0,1,1,"[""134618566"", ""95190192"", ""155253745"", ""39730875"", ""158157895"", ""81077749"", ""183577698"", ""196372563"", ""61035623"", ""60189912""]"
none_subset,4,205922590,191564735,4,2,0,1,1,1,1,1,"[""185967985"", ""191564735"", ""171876720"", ""176599974"", ""194644230"", ""157346101"", ""191300394"", ""174865960"", ""158581056"", ""192717783""]"
none_subset,4,69176883,69796700,4,32,0,0,0,0,0,1,"[""181646106"", ""200439718"", ""152685161"", ""197475541"", ""17083624"", ""203537664"", ""200691824"", ""214968505"", ""187408602"", ""205789625""]"
none_subset,4,199757507,173646354,46,1115,0,0,0,0,0,0,"[""205235605"", ""205297053"", ""208458622"", ""213316438"", ""210373455"", ""213978791"", ""204377263"", ""212306388"", ""210582711"", ""212456358""]"
none_subset,4,212099690,190540665,37,115,0,0,0,0,0,0,"[""119227333"", ""139778879"", ""116240817"", ""182254392"", ""196563012"", ""157628611"", ""88534873"", ""45171964"", ""98327133"", ""41705192""]"
none_subset,4,211019075,189967410,37,85,0,0,0,0,0,0,"[""202030579"", ""181408383"", ""209154292"", ""182640683"", ""211802210"", ""186811713"", ""202222318"", ""206278149"", ""190788965"", ""191538851""]"
none_subset,4,219975561,203817887,46,759,0,0,0,0,0,0,"[""202822668"", ""153459843"", ""194132989"", ""204823121"", ""210724130"", ""171846733"", ""186533909"", ""204540006"", ""186078356"", ""202480156""]"
none_subset,4,123402692,108294591,64,326,0,0,0,0,0,0,"[""146444401"", ""101169098"", ""16060214"", ""116857348"", ""154897158"", ""194941994"", ""194767716"", ""152189504"", ""164445235"", ""108538492""]"
none_subset,4,198083039,151498509,38,5,0,0,1,1,1,1,"[""207314698"", ""129585105"", ""209121892"", ""200673130"", ""151498509"", ""61415611"", ""190981092"", ""130325190"", ""77152212"", ""133935928""]"
none_subset,4,214611919,195148065,57,1449,0,0,0,0,0,0,"[""179079527"", ""209942989"", ""200193952"", ""189762370"", ""195907765"", ""208742570"", ""213974972"", ""141122844"", ""210498921"", ""210472458""]"
none_subset,4,220092492,206938315,46,908,0,0,0,0,0,0,"[""177432966"", ""174100562"", ""201332278"", ""190450261"", ""206935328"", ""204980714"", ""209744189"", ""211017543"", ""174837469"", ""206220197""]"
none_subset,4,138853852,77040385,64,606,0,0,0,0,0,0,"[""207152337"", ""192891016"", ""179440048"", ""105144259"", ""180165679"", ""211228726"", ""164633014"", ""153594881"", ""182762792"", ""136552233""]"
none_subset,4,221257783,102422840,38,1209,0,0,0,0,0,0,"[""112613741"", ""145712328"", ""151931969"", ""200285040"", ""12850729"", ""172823627"", ""156614334"", ""155422545"", ""213761986"", ""184915247""]"
none_subset,4,176907998,108104818,43,194,0,0,0,0,0,0,"[""83385070"", ""118869220"", ""115857968"", ""178871976"", ""127635452"", ""135449802"", ""157711341"", ""75839769"", ""99992649"", ""46314417""]"
none_subset,4,224931381,196746909,43,1694,0,0,0,0,0,0,"[""162605137"", ""84074518"", ""190069327"", ""108662474"", ""79676853"", ""126415167"", ""171798974"", ""192651386"", ""208345597"", ""98301531""]"
none_subset,4,136719291,117265279,37,149,0,0,0,0,0,0,"[""205328844"", ""121834730"", ""201505284"", ""51749408"", ""172603509"", ""92247640"", ""147309436"", ""143865659"", ""209794141"", ""182489418""]"
none_subset,4,223055449,208225541,38,50,0,0,0,0,0,1,"[""204985593"", ""207390508"", ""159911050"", ""181358523"", ""176455982"", ""194792551"", ""124441124"", ""154880168"", ""121028401"", ""190160674""]"
none_subset,4,16895311,15445184,46,11,0,0,0,0,1,1,"[""209744189"", ""174837469"", ""184646371"", ""213559285"", ""7231598"", ""201332278"", ""177432966"", ""197415730"", ""194951479"", ""206220197""]"
none_subset,4,224021715,168493218,57,829,0,0,0,0,0,0,"[""98039533"", ""141989435"", ""205019471"", ""158555938"", ""121902729"", ""165637321"", ""200462582"", ""134702798"", ""125339147"", ""86264024""]"
none_subset,4,124640008,98638263,43,293,0,0,0,0,0,0,"[""212781685"", ""197514276"", ""193746203"", ""192942930"", ""164268294"", ""194880726"", ""183640029"", ""155909920"", ""204821849"", ""97506344""]"
none_subset,4,219249665,165902956,64,55,0,0,0,0,0,0,"[""207446541"", ""19607163"", ""123687478"", ""55563124"", ""187716249"", ""152368817"", ""30343221"", ""211103357"", ""194775259"", ""174183108""]"
none_subset,4,171424229,144131536,46,1049,0,0,0,0,0,0,"[""184445663"", ""141613878"", ""133738518"", ""210501905"", ""207833370"", ""208062801"", ""177806610"", ""174515021"", ""110670404"", ""55986445""]"
none_subset,4,217127611,198819588,43,181,0,0,0,0,0,0,"[""154011793"", ""197514276"", ""213429712"", ""208009091"", ""109124875"", ""204171238"", ""198492434"", ""193746203"", ""154081542"", ""211382244""]"
none_subset,4,165813773,146365324,64,110,0,0,0,0,0,0,"[""213253358"", ""155708697"", ""205058205"", ""185413694"", ""210923456"", ""212485762"", ""162587856"", ""131569653"", ""165651948"", ""56593545""]"
none_subset,4,200042536,172870419,4,31,0,0,0,0,0,1,"[""141337241"", ""106956251"", ""130751930"", ""205510063"", ""133410542"", ""207141467"", ""168012970"", ""65412208"", ""169841826"", ""193934711""]"
none_subset,4,197097038,158261628,4,143,0,0,0,0,0,0,"[""36482821"", ""105063903"", ""161593927"", ""193746035"", ""207566657"", ""190871924"", ""56998165"", ""206800954"", ""165510803"", ""165105661""]"
none_subset,4,216778873,183915016,38,714,0,0,0,0,0,0,"[""196742641"", ""209590588"", ""192975911"", ""194797914"", ""113496860"", ""199841905"", ""149562058"", ""68644542"", ""181819737"", ""209064279""]"
none_subset,4,218953973,203666766,37,1115,0,0,0,0,0,0,"[""195462928"", ""159129159"", ""104577943"", ""188083340"", ""117786165"", ""208576745"", ""208935536"", ""148752102"", ""191191501"", ""206636427""]"
none_subset,4,206688771,182583580,43,172,0,0,0,0,0,0,"[""184024262"", ""142874129"", ""188582346"", ""106625864"", ""178668945"", ""50642607"", ""183765224"", ""203417954"", ""137241438"", ""185360446""]"
none_subset,4,204369196,154791746,43,20,0,0,0,0,1,1,"[""186702404"", ""91544773"", ""128249636"", ""186098084"", ""101762103"", ""168991783"", ""181265072"", ""163900593"", ""85892413"", ""186662243""]"
none_subset,4,129079358,113744993,64,23,0,0,0,0,1,1,"[""210720310"", ""186937016"", ""169622540"", ""211475437"", ""56593545"", ""166489955"", ""201341623"", ""206372980"", ""199462684"", ""204125965""]"
none_subset,4,195208231,121864251,43,24,0,0,0,0,1,1,"[""75083855"", ""6704113"", ""15648138"", ""111728510"", ""178363726"", ""198047847"", ""105774118"", ""190077562"", ""139796131"", ""207172875""]"
none_subset,4,58269182,46694167,37,130,0,0,0,0,0,0,"[""167166017"", ""142990642"", ""194266651"", ""202780647"", ""150433252"", ""93714502"", ""159931625"", ""154181232"", ""142630827"", ""146818815""]"
none_subset,4,221615782,140437226,46,120,0,0,0,0,0,0,"[""190907433"", ""116109332"", ""170654653"", ""73921798"", ""210836993"", ""125554765"", ""209824689"", ""102764457"", ""138782361"", ""197949897""]"
none_subset,4,184464529,156023834,38,1622,0,0,0,0,0,0,"[""125496594"", ""113999751"", ""192315877"", ""128080279"", ""111176154"", ""62510663"", ""100946794"", ""76490987"", ""73148680"", ""161002473""]"
none_subset,4,109798719,99109493,4,148,0,0,0,0,0,0,"[""149599673"", ""158607543"", ""205703795"", ""148281605"", ""149095048"", ""184587206"", ""156103241"", ""164526532"", ""23408401"", ""129435163""]"
none_subset,4,223348848,206905678,46,22,0,0,0,0,1,1,"[""81506359"", ""150754478"", ""212429674"", ""172197706"", ""106839909"", ""111471139"", ""203677273"", ""164627162"", ""110594662"", ""162507293""]"
none_subset,4,210749575,189374784,64,265,0,0,0,0,0,0,"[""195252307"", ""198087057"", ""121255930"", ""183013744"", ""191054297"", ""197322277"", ""194200854"", ""211115970"", ""66459509"", ""144706392""]"
none_subset,4,65200525,70921117,4,137,0,0,0,0,0,0,"[""149095048"", ""172890535"", ""156103241"", ""143929940"", ""149599673"", ""184587206"", ""151356635"", ""54212504"", ""120663751"", ""144373105""]"
none_subset,4,225318762,211306464,64,1863,0,0,0,0,0,0,"[""165423791"", ""199685872"", ""185442287"", ""193870914"", ""195252134"", ""186761660"", ""201892870"", ""195080854"", ""189201230"", ""69730303""]"
none_subset,4,183310877,144208600,46,279,0,0,0,0,0,0,"[""132957109"", ""136576031"", ""83646259"", ""85070500"", ""131820664"", ""78347549"", ""109811257"", ""28355710"", ""202089453"", ""167904329""]"
none_subset,4,201356709,145440025,64,39,0,0,0,0,0,1,"[""121019691"", ""192057548"", ""203804179"", ""167388732"", ""204738388"", ""201449249"", ""169338112"", ""184254034"", ""139802525"", ""142404581""]"
none_subset,4,176378686,134848823,46,8,0,0,0,1,1,1,"[""64234906"", ""171694803"", ""100503293"", ""140827649"", ""68978046"", ""129089284"", ""62458353"", ""134848823"", ""141876515"", ""99453113""]"
none_subset,4,222940894,209989262,57,100,0,0,0,0,0,0,"[""167879790"", ""122286186"", ""163533843"", ""209958566"", ""195891127"", ""162086507"", ""195891035"", ""212867260"", ""122751221"", ""113047535""]"
none_subset,4,88533605,83379850,4,272,0,0,0,0,0,0,"[""140425447"", ""167564443"", ""141167432"", ""167351572"", ""122564854"", ""136900812"", ""164194074"", ""209180066"", ""202167018"", ""182060832""]"
none_subset,4,220934101,193423957,46,251,0,0,0,0,0,0,"[""204980714"", ""174586724"", ""193206170"", ""138830136"", ""167900654"", ""206299484"", ""158674717"", ""156489567"", ""205325118"", ""191200569""]"
none_subset,4,224885410,214210070,64,832,0,0,0,0,0,0,"[""202527449"", ""209149604"", ""191614451"", ""19148525"", ""96320844"", ""160686884"", ""181079853"", ""75157723"", ""19548710"", ""164717269""]"
none_subset,4,159315367,132450430,38,320,0,0,0,0,0,0,"[""200560256"", ""195980472"", ""202371962"", ""165157656"", ""173474790"", ""174192462"", ""213422465"", ""207948213"", ""210816014"", ""110414927""]"
none_subset,4,210632346,189168111,43,273,0,0,0,0,0,0,"[""214991554"", ""127006553"", ""76296759"", ""119064343"", ""65148519"", ""202367676"", ""130810261"", ""46376130"", ""192774637"", ""139572029""]"
none_subset,4,222206783,190313329,57,150,0,0,0,0,0,0,"[""210498921"", ""200038101"", ""208742570"", ""193741544"", ""207134458"", ""209236810"", ""174257554"", ""207601730"", ""181495263"", ""192913890""]"
none_subset,4,210714977,103646076,37,1562,0,0,0,0,0,0,"[""212047029"", ""176184502"", ""146818815"", ""186298213"", ""115896062"", ""163644147"", ""170049514"", ""188679659"", ""149631379"", ""39048064""]"
none_subset,4,188824063,150442809,64,1028,0,0,0,0,0,0,"[""160686884"", ""181079853"", ""200432002"", ""153035417"", ""117481999"", ""108386270"", ""122175441"", ""215220099"", ""150944561"", ""201276045""]"
none_subset,4,223702130,213054200,64,601,0,0,0,0,0,0,"[""192779268"", ""210148884"", ""174719538"", ""200026497"", ""169931960"", ""199715478"", ""200033728"", ""147671714"", ""183765574"", ""192179303""]"
none_subset,4,215742496,197844035,37,64,0,0,0,0,0,0,"[""191538851"", ""187719393"", ""199287233"", ""181408383"", ""209855515"", ""193730114"", ""190070434"", ""208532302"", ""213637743"", ""186811713""]"
none_subset,4,209844304,183939554,46,686,0,0,0,0,0,0,"[""212905783"", ""144381527"", ""157417143"", ""138718760"", ""163043438"", ""206395045"", ""162507293"", ""172696525"", ""131440207"", ""175049394""]"
none_subset,4,216185310,51303658,57,338,0,0,0,0,0,0,"[""98039533"", ""134702798"", ""158555938"", ""141989435"", ""161475669"", ""86264024"", ""200462582"", ""125339147"", ""121902729"", ""153367965""]"
none_subset,4,208473328,152102790,37,346,0,0,0,0,0,0,"[""169799265"", ""171803364"", ""150316929"", ""98524176"", ""164126632"", ""211515544"", ""177317879"", ""178052969"", ""28242894"", ""168960113""]"
none_subset,4,207495470,155647098,57,417,0,0,0,0,0,0,"[""151450966"", ""207589156"", ""119144884"", ""121588049"", ""205668901"", ""85499926"", ""212598267"", ""181594395"", ""186634062"", ""79490428""]"
none_subset,4,205232685,129483238,43,1,1,1,1,1,1,1,"[""129483238"", ""72421330"", ""105076717"", ""137017957"", ""202468279"", ""186606199"", ""164582063"", ""153586175"", ""178363726"", ""163505137""]"
none_subset,4,182353397,155017018,46,47,0,0,0,0,0,1,"[""139649558"", ""205315794"", ""16339902"", ""200400926"", ""110900877"", ""156263625"", ""110268464"", ""193559506"", ""156554598"", ""158946684""]"
none_subset,4,70030827,70970519,37,2661,0,0,0,0,0,0,"[""136461731"", ""21423746"", ""23924949"", ""105274553"", ""100819191"", ""99494874"", ""29496516"", ""169268977"", ""78200756"", ""183251892""]"
none_subset,4,210025236,188021776,4,47,0,0,0,0,0,1,"[""200963901"", ""159111889"", ""204482650"", ""192331154"", ""162058011"", ""199780246"", ""156855089"", ""191214295"", ""201461303"", ""182794391""]"
none_subset,4,216985572,200413923,4,1347,0,0,0,0,0,0,"[""154474714"", ""181915374"", ""148086167"", ""165023261"", ""164130570"", ""9924656"", ""214304902"", ""185515008"", ""131992278"", ""193007590""]"
none_subset,4,204910325,175836915,43,60,0,0,0,0,0,0,"[""189168111"", ""167623966"", ""207021897"", ""168783197"", ""188561727"", ""155653015"", ""147836645"", ""211667378"", ""196161702"", ""136136174""]"
none_subset,4,164432507,140756132,4,980,0,0,0,0,0,0,"[""194242626"", ""86000147"", ""188468393"", ""163340296"", ""205600080"", ""150893629"", ""188605425"", ""158995129"", ""215580451"", ""215485045""]"
none_subset,4,222268445,196324749,4,481,0,0,0,0,0,0,"[""205390513"", ""16813724"", ""12178422"", ""181915374"", ""185362507"", ""13245417"", ""190530648"", ""171860963"", ""187502252"", ""161086623""]"
none_subset,4,193224830,160586788,62,4,0,0,1,1,1,1,"[""200271479"", ""190955120"", ""73411331"", ""160586788"", ""169027396"", ""109144733"", ""167732430"", ""167656283"", ""209171711"", ""133699198""]"
none_subset,4,224218006,188646002,37,78,0,0,0,0,0,0,"[""127482058"", ""124237457"", ""183268600"", ""174850296"", ""148500212"", ""168569670"", ""183710535"", ""161080765"", ""189934851"", ""195715759""]"
none_subset,4,23506643,21760251,4,1530,0,0,0,0,0,0,"[""207143420"", ""154267881"", ""210573149"", ""213127345"", ""210643102"", ""189202376"", ""163340296"", ""195510728"", ""72626014"", ""195543776""]"
none_subset,4,224398136,187714756,46,1205,0,0,0,0,0,0,"[""114654675"", ""109762523"", ""192859823"", ""206843208"", ""104767223"", ""148554569"", ""153105815"", ""159536710"", ""157916182"", ""121183627""]"
none_subset,4,216056265,171166574,38,9,0,0,0,1,1,1,"[""98186259"", ""203692617"", ""194014911"", ""89552272"", ""198984787"", ""58573176"", ""121483840"", ""139117589"", ""171166574"", ""181391982""]"
none_subset,4,206987839,182903930,4,18,0,0,0,0,1,1,"[""167937435"", ""63712816"", ""206281257"", ""210361777"", ""195480266"", ""214341619"", ""181079699"", ""200243377"", ""177558432"", ""177338367""]"
none_subset,4,145812135,7945877,43,831,0,0,0,0,0,0,"[""15648138"", ""85940593"", ""204207508"", ""149017403"", ""107227181"", ""84782336"", ""165954042"", ""160100913"", ""167483448"", ""157700498""]"
none_subset,4,223553977,211083413,46,101,0,0,0,0,0,0,"[""138809171"", ""106146754"", ""170235414"", ""53547017"", ""195780279"", ""172482275"", ""125249806"", ""138570829"", ""113055815"", ""141003470""]"
none_subset,4,219201325,204860223,37,43,0,0,0,0,0,1,"[""188912090"", ""187502080"", ""189202972"", ""187324915"", ""192456013"", ""191259466"", ""191131185"", ""201649016"", ""206587185"", ""168115320""]"
none_subset,4,172611375,138324707,4,30,0,0,0,0,1,1,"[""94286928"", ""193858344"", ""190340453"", ""207322592"", ""144683728"", ""126909735"", ""154203183"", ""154636066"", ""173259969"", ""183642706""]"
none_subset,4,64702019,66613547,62,638,0,0,0,0,0,0,"[""170246818"", ""209579537"", ""19018996"", ""76575420"", ""167750533"", ""209171711"", ""212180917"", ""199182211"", ""143227017"", ""125457528""]"
none_subset,4,215237282,187005682,62,14,0,0,0,0,1,1,"[""58086605"", ""115226483"", ""167750528"", ""194230029"", ""209579537"", ""15942056"", ""136225463"", ""146789147"", ""180167452"", ""124381580""]"
none_subset,4,215263347,127485588,46,327,0,0,0,0,0,0,"[""188974662"", ""37708588"", ""134902485"", ""200814907"", ""70517064"", ""169081503"", ""77867923"", ""116576279"", ""138623154"", ""15325925""]"
none_subset,4,212297360,188733787,43,130,0,0,0,0,0,0,"[""197891724"", ""173981660"", ""160966785"", ""60157409"", ""156295009"", ""192317105"", ""190801453"", ""59458719"", ""42219137"", ""197613208""]"
none_subset,4,128704422,108044927,57,493,0,0,0,0,0,0,"[""82248629"", ""118260233"", ""126962839"", ""202526079"", ""199762687"", ""196654350"", ""208717293"", ""83866330"", ""209502529"", ""171021122""]"
none_subset,4,172799934,145955425,57,365,0,0,0,0,0,0,"[""172994991"", ""147860027"", ""211902767"", ""121588049"", ""79860798"", ""130769831"", ""84967169"", ""209017000"", ""119937092"", ""189411035""]"
none_subset,4,184395268,153686086,38,653,0,0,0,0,0,0,"[""161128754"", ""96678496"", ""193054363"", ""187725448"", ""174539147"", ""108033709"", ""167802783"", ""179081123"", ""99075342"", ""194792551""]"
none_subset,4,206664220,166795160,57,2115,0,0,0,0,0,0,"[""202059060"", ""208904124"", ""125507071"", ""139482893"", ""200009792"", ""144213406"", ""171161007"", ""118458266"", ""113923608"", ""210966464""]"
none_subset,4,215184570,142502113,43,254,0,0,0,0,0,0,"[""167164193"", ""130448492"", ""146898856"", ""56084025"", ""192247862"", ""139853041"", ""199553574"", ""150825286"", ""49833634"", ""68189198""]"
none_subset,4,214770999,191097659,37,86,0,0,0,0,0,0,"[""157363034"", ""122241592"", ""188876971"", ""163250787"", ""164882856"", ""201003118"", ""210549110"", ""155458733"", ""119064031"", ""200714320""]"
none_subset,4,223962647,212423754,43,904,0,0,0,0,0,0,"[""120869286"", ""166329703"", ""59841256"", ""105238183"", ""158541186"", ""97617721"", ""154632495"", ""89809066"", ""189165560"", ""203995902""]"
none_subset,4,222059057,210299128,64,54,0,0,0,0,0,0,"[""60291031"", ""202712497"", ""134302572"", ""163787427"", ""165481383"", ""63897092"", ""140855645"", ""210923456"", ""29624756"", ""76051036""]"
none_subset,4,210362338,187442156,43,94,0,0,0,0,0,0,"[""93370896"", ""150459085"", ""139057092"", ""191701840"", ""181162961"", ""185799642"", ""50306912"", ""63103166"", ""147531803"", ""146616250""]"
none_subset,4,198033903,169968522,62,1565,0,0,0,0,0,0,"[""194230601"", ""82382971"", ""189473848"", ""149622084"", ""18880304"", ""153432818"", ""55538884"", ""200654316"", ""181798024"", ""64014717""]"
none_subset,4,198278659,161464530,64,771,0,0,0,0,0,0,"[""170757529"", ""193134463"", ""56647291"", ""199685872"", ""152195416"", ""114051279"", ""103562123"", ""8325679"", ""183334464"", ""159454793""]"
none_subset,4,164817254,139849759,4,267,0,0,0,0,0,0,"[""58216709"", ""172884595"", ""169023851"", ""198909677"", ""202598239"", ""96998136"", ""132729731"", ""193928045"", ""102041783"", ""84024207""]"
none_subset,4,85489405,81233351,64,184,0,0,0,0,0,0,"[""65008714"", ""161391861"", ""74256345"", ""193944748"", ""62987671"", ""138798142"", ""86356781"", ""160009723"", ""75157723"", ""139856523""]"
none_subset,4,222151841,210480490,37,113,0,0,0,0,0,0,"[""146527115"", ""213471023"", ""141241455"", ""137062195"", ""191294127"", ""192163385"", ""180221400"", ""57914905"", ""194670256"", ""134046020""]"
none_subset,4,218452915,202712497,64,498,0,0,0,0,0,0,"[""184410319"", ""207446541"", ""200859322"", ""167354299"", ""174183108"", ""143450620"", ""131569653"", ""179015555"", ""67144823"", ""146365324""]"
none_subset,4,222844357,194951054,57,563,0,0,0,0,0,0,"[""183552128"", ""204813168"", ""207272212"", ""179268470"", ""212738720"", ""177657364"", ""134822143"", ""211144254"", ""211181497"", ""163551173""]"
none_subset,4,222844359,206895628,37,187,0,0,0,0,0,0,"[""174852305"", ""136574012"", ""159816408"", ""113225323"", ""152342510"", ""161417702"", ""60964945"", ""207846338"", ""195332849"", ""182207000""]"
none_subset,4,222405069,139302940,43,341,0,0,0,0,0,0,"[""164074443"", ""119568102"", ""200715227"", ""198322720"", ""190077562"", ""121507083"", ""81237683"", ""178730785"", ""194820899"", ""160105387""]"
none_subset,4,212802909,192392140,64,332,0,0,0,0,0,0,"[""182762792"", ""129480867"", ""178043240"", ""176297212"", ""173526297"", ""193536959"", ""124192379"", ""122395189"", ""170912580"", ""150987586""]"
none_subset,4,165227043,95406694,38,2,0,1,1,1,1,1,"[""90058765"", ""95406694"", ""100758724"", ""124479122"", ""107235965"", ""126393314"", ""186723077"", ""121756181"", ""123502593"", ""198984787""]"
none_subset,4,223226814,22684085,64,846,0,0,0,0,0,0,"[""181162172"", ""154414779"", ""169622540"", ""52198318"", ""182918494"", ""173492513"", ""139747313"", ""126298952"", ""200016831"", ""169253567""]"
none_subset,4,133071331,116922022,38,752,0,0,0,0,0,0,"[""159835737"", ""12905940"", ""31197704"", ""165409487"", ""180023471"", ""201541368"", ""14434511"", ""108421334"", ""116226486"", ""10199751""]"
none_subset,4,189952562,162391837,37,10,0,0,0,1,1,1,"[""187502080"", ""123163900"", ""99494874"", ""131172661"", ""75362158"", ""166075041"", ""147794006"", ""164630992"", ""210502009"", ""162391837""]"
none_subset,4,184595672,154888352,37,143,0,0,0,0,0,0,"[""164415171"", ""190113798"", ""186429778"", ""128025445"", ""55814406"", ""114167582"", ""200379642"", ""147751334"", ""150904300"", ""137589893""]"
none_subset,4,202354730,177124581,37,609,0,0,0,0,0,0,"[""33563950"", ""184297463"", ""209172335"", ""190511714"", ""193680819"", ""73910372"", ""165824431"", ""173981806"", ""195744990"", ""187324915""]"
none_subset,4,15900255,13589626,38,646,0,0,0,0,0,0,"[""213992866"", ""37709032"", ""108421334"", ""111885280"", ""60873658"", ""133136953"", ""164509932"", ""350786"", ""12905940"", ""117957932""]"
none_subset,4,218004661,202749231,62,133,0,0,0,0,0,0,"[""156503039"", ""213066001"", ""194289010"", ""330143"", ""211808810"", ""191653901"", ""128595943"", ""156885677"", ""205736250"", ""160871092""]"
none_subset,4,224061146,179319840,37,1759,0,0,0,0,0,0,"[""21114364"", ""29945880"", ""144351805"", ""8855059"", ""57231571"", ""58893791"", ""141014415"", ""5322119"", ""145358205"", ""184518066""]"
none_subset,4,195311808,159203778,46,151,0,0,0,0,0,0,"[""74767597"", ""174586724"", ""16339902"", ""213237768"", ""167383627"", ""208493172"", ""177591787"", ""156489567"", ""196783083"", ""194854155""]"
none_subset,4,218739786,173622538,64,14,0,0,0,0,1,1,"[""183737495"", ""127444518"", ""112432197"", ""194031832"", ""137648602"", ""105284015"", ""210055173"", ""63935560"", ""190758206"", ""142226293""]"
none_subset,4,203549050,175661430,46,10,0,0,0,1,1,1,"[""209924155"", ""148554569"", ""213129976"", ""214520103"", ""205037505"", ""184636221"", ""204315261"", ""189285981"", ""184894786"", ""175661430""]"
none_subset,4,193647253,166289001,64,103,0,0,0,0,0,0,"[""92309560"", ""25588585"", ""194941994"", ""201298322"", ""156673972"", ""187887134"", ""101169098"", ""209368038"", ""121260031"", ""174287144""]"
none_subset,4,195734140,121706760,64,22,0,0,0,0,1,1,"[""160686884"", ""116423938"", ""179767835"", ""108386270"", ""105854962"", ""107753045"", ""137448907"", ""141733590"", ""204738388"", ""161410919""]"
none_subset,4,205647203,181206759,4,97,0,0,0,0,0,0,"[""191889856"", ""169443962"", ""207022871"", ""153069902"", ""124951123"", ""123481544"", ""142657666"", ""193746035"", ""205789625"", ""55380045""]"
none_subset,4,209177663,184196068,37,881,0,0,0,0,0,0,"[""199866100"", ""206411822"", ""149248013"", ""160430913"", ""159129159"", ""81213674"", ""188083340"", ""179751402"", ""167619039"", ""199878779""]"
none_subset,4,113428442,102099500,37,215,0,0,0,0,0,0,"[""16898206"", ""205328844"", ""80328768"", ""199385964"", ""141382831"", ""51749408"", ""165767706"", ""186593902"", ""147794006"", ""143147405""]"
none_subset,4,224930658,167116086,46,190,0,0,0,0,0,0,"[""150142821"", ""111095231"", ""191705183"", ""208035235"", ""70517064"", ""99309357"", ""84576505"", ""203329657"", ""139504923"", ""201966464""]"
none_subset,4,180106194,148861478,38,1892,0,0,0,0,0,0,"[""173618946"", ""194567057"", ""125547696"", ""135581400"", ""65188291"", ""84270721"", ""136198130"", ""155788187"", ""192443797"", ""188874355""]"
none_subset,4,145366343,121013474,43,2622,0,0,0,0,0,0,"[""181167814"", ""202516482"", ""127635452"", ""175879766"", ""49526180"", ""160295191"", ""86505092"", ""176722009"", ""62551746"", ""146898856""]"
none_subset,4,179017277,144305873,64,1537,0,0,0,0,0,0,"[""58475692"", ""96431966"", ""32245008"", ""155183786"", ""63861102"", ""210444502"", ""67998486"", ""60046348"", ""140676990"", ""20148877""]"
none_subset,4,208003567,155951189,43,4,0,0,1,1,1,1,"[""183407909"", ""204045985"", ""166706405"", ""155951189"", ""200905407"", ""197902347"", ""215585515"", ""195659383"", ""213020277"", ""166708862""]"
none_subset,4,218058960,202778075,37,103,0,0,0,0,0,0,"[""57914905"", ""213471023"", ""146527115"", ""201740861"", ""181408383"", ""141241455"", ""163424021"", ""180221400"", ""194561255"", ""189934851""]"
none_subset,4,71659685,73410413,62,232,0,0,0,0,0,0,"[""185125027"", ""194327884"", ""30363312"", ""64334636"", ""118353922"", ""126298269"", ""188608634"", ""32645477"", ""138890580"", ""124563214""]"
none_subset,4,193323565,161573660,64,548,0,0,0,0,0,0,"[""112345894"", ""210444502"", ""211882934"", ""32842438"", ""124461680"", ""192550031"", ""196725076"", ""105144259"", ""148445574"", ""185454425""]"
none_subset,4,154348207,123825839,57,497,0,0,0,0,0,0,"[""194873205"", ""132304565"", ""17116273"", ""187838744"", ""176865109"", ""135517837"", ""164548003"", ""141157162"", ""171077145"", ""118105872""]"
none_subset,4,214551350,181553937,4,46,0,0,0,0,0,1,"[""185967985"", ""75168847"", ""191632128"", ""142657666"", ""171876720"", ""180954842"", ""124951123"", ""123481544"", ""160192032"", ""156841344""]"
none_subset,4,191446814,160553641,37,568,0,0,0,0,0,0,"[""190646486"", ""174852305"", ""113225323"", ""94672340"", ""176300467"", ""159816408"", ""212776036"", ""174690214"", ""91173744"", ""164430683""]"
none_subset,4,225161820,202394756,43,317,0,0,0,0,0,0,"[""6516822"", ""202025930"", ""194291256"", ""71803254"", ""151563609"", ""174475381"", ""214589550"", ""188398971"", ""139158977"", ""201192710""]"
none_subset,4,206083414,164648915,4,319,0,0,0,0,0,0,"[""197475541"", ""200691824"", ""205789625"", ""189945818"", ""177949545"", ""169388531"", ""176720818"", ""123481544"", ""105762137"", ""55380045""]"
none_subset,4,200716470,172461894,46,655,0,0,0,0,0,0,"[""205769669"", ""77257734"", ""208099409"", ""81754384"", ""206921287"", ""121587868"", ""61233280"", ""87748960"", ""207308677"", ""207214996""]"
none_subset,4,193219579,161417907,4,366,0,0,0,0,0,0,"[""86878993"", ""142506151"", ""150252011"", ""146345148"", ""195002695"", ""156382700"", ""149599673"", ""151356635"", ""158607543"", ""176039610""]"
none_subset,4,220471446,191884089,57,1847,0,0,0,0,0,0,"[""191244076"", ""114756058"", ""77481636"", ""103853253"", ""138875951"", ""204015126"", ""195801582"", ""166582282"", ""181271800"", ""139028158""]"
none_subset,4,176050835,76371718,57,1727,0,0,0,0,0,0,"[""209603073"", ""141089456"", ""214125411"", ""211940844"", ""177626941"", ""146595840"", ""77758551"", ""150599001"", ""191268930"", ""208595279""]"
none_subset,4,195995650,144433706,43,64,0,0,0,0,0,0,"[""204268653"", ""85646132"", ""197429046"", ""200392561"", ""143786573"", ""188380361"", ""207752417"", ""171798974"", ""207051663"", ""94814195""]"
none_subset,4,164892127,56920439,46,4,0,0,1,1,1,1,"[""210829117"", ""142436010"", ""108645014"", ""56920439"", ""107277769"", ""142626177"", ""181020941"", ""211118858"", ""53826389"", ""208409948""]"
none_subset,4,175210528,143843798,62,144,0,0,0,0,0,0,"[""156885677"", ""180324136"", ""129445274"", ""203394975"", ""195935444"", ""32728587"", ""134905481"", ""130642042"", ""65307631"", ""176645947""]"
none_subset,4,173173417,105144259,64,2,0,1,1,1,1,1,"[""136552233"", ""105144259"", ""79130254"", ""106833257"", ""155021743"", ""110169876"", ""210444502"", ""140676990"", ""155183786"", ""204754543""]"
none_subset,4,67356369,70700474,38,1713,0,0,0,0,0,0,"[""114055239"", ""112389064"", ""170281060"", ""155814671"", ""117957932"", ""108421334"", ""126816860"", ""72092510"", ""164509932"", ""92914026""]"
none_subset,4,213950863,194734151,4,28,0,0,0,0,1,1,"[""202362364"", ""194814735"", ""119644839"", ""181715447"", ""76695262"", ""128402566"", ""72045166"", ""99699218"", ""122564854"", ""116057633""]"
none_subset,4,210440719,183268600,37,60,0,0,0,0,0,0,"[""128177539"", ""184357547"", ""110465452"", ""153610553"", ""157140706"", ""148800689"", ""214037923"", ""172283615"", ""145502443"", ""151940120""]"
none_subset,4,209764098,187230625,4,1377,0,0,0,0,0,0,"[""195510728"", ""195543776"", ""188468393"", ""207143420"", ""196161368"", ""86000147"", ""72626014"", ""154267881"", ""213127345"", ""205144961""]"
none_subset,4,200550901,153434885,64,172,0,0,0,0,0,0,"[""59824769"", ""212170326"", ""153533707"", ""212528042"", ""119651772"", ""180661165"", ""31566174"", ""60124479"", ""209427345"", ""210873715""]"
none_subset,4,200049166,158107027,43,109,0,0,0,0,0,0,"[""173923821"", ""157655830"", ""202468279"", ""72421330"", ""68949275"", ""101762103"", ""105076717"", ""189516921"", ""81706080"", ""141324433""]"
none_subset,4,211103855,188323012,4,120,0,0,0,0,0,0,"[""207414127"", ""202360528"", ""175972809"", ""162915784"", ""212618414"", ""172234841"", ""200468822"", ""135190327"", ""207201000"", ""209018186""]"
none_subset,4,221521390,209286799,37,24,0,0,0,0,1,1,"[""213318077"", ""173966675"", ""213416559"", ""187543270"", ""207544886"", ""183693328"", ""212216117"", ""201649016"", ""175852737"", ""182640683""]"
none_subset,4,48110954,30916684,46,436,0,0,0,0,0,0,"[""114654675"", ""167353978"", ""109762523"", ""107095516"", ""207380544"", ""158038948"", ""21000985"", ""94769507"", ""157916182"", ""92258718""]"
none_subset,4,196614011,169468665,4,238,0,0,0,0,0,0,"[""211858811"", ""138104761"", ""211663742"", ""208958120"", ""178104667"", ""191587452"", ""187219867"", ""143547772"", ""195078992"", ""188406861""]"
none_subset,4,194727534,163163335,46,24,0,0,0,0,1,1,"[""167776566"", ""206672410"", ""205769669"", ""188027703"", ""198002699"", ""208306039"", ""172512012"", ""208224187"", ""169602941"", ""203164041""]"
none_subset,4,199355812,171218749,37,7,0,0,0,1,1,1,"[""196154924"", ""28242894"", ""200937476"", ""141014415"", ""164221751"", ""185266696"", ""171218749"", ""140057420"", ""200530408"", ""149828994""]"
none_subset,4,176053122,147223868,64,249,0,0,0,0,0,0,"[""155021743"", ""67792301"", ""152603802"", ""189988059"", ""183047062"", ""143686140"", ""105144259"", ""70627695"", ""190240397"", ""207152337""]"
none_subset,4,219126120,174852488,46,75,0,0,0,0,0,0,"[""205395255"", ""208224187"", ""132671791"", ""150754478"", ""144431749"", ""178405632"", ""138911204"", ""172082320"", ""100881714"", ""211047288""]"
none_subset,4,171617902,150919901,37,58,0,0,0,0,0,0,"[""117685268"", ""182640683"", ""211987844"", ""197728159"", ""189777046"", ""187502080"", ""173244017"", ""186868435"", ""93501781"", ""78706018""]"
none_subset,4,212109450,191710817,64,3,0,1,1,1,1,1,"[""72224328"", ""85531879"", ""191710817"", ""81240114"", ""99916433"", ""142231631"", ""172741180"", ""150123553"", ""181063353"", ""156476311""]"
none_subset,4,220650923,203685400,62,212,0,0,0,0,0,0,"[""202067101"", ""197510996"", ""184558097"", ""178800390"", ""74330892"", ""188841456"", ""182181459"", ""184552723"", ""138706009"", ""167970913""]"
none_subset,4,215776763,184075689,64,361,0,0,0,0,0,0,"[""116088383"", ""151315331"", ""203544848"", ""71089233"", ""146946453"", ""155183786"", ""159428920"", ""201421429"", ""120966979"", ""140676990""]"
none_subset,4,200887910,175026491,4,74,0,0,0,0,0,0,"[""168908364"", ""189899644"", ""188321672"", ""183552560"", ""177558432"", ""215600148"", ""212129395"", ""181664054"", ""179037077"", ""211570817""]"
none_subset,4,140609862,114371520,43,15,0,0,0,0,1,1,"[""187717589"", ""188690647"", ""166793601"", ""165579849"", ""195408710"", ""179115971"", ""204449585"", ""60265144"", ""164097777"", ""125638272""]"
none_subset,4,216324411,180225691,64,132,0,0,0,0,0,0,"[""183765574"", ""195544569"", ""211873793"", ""107088593"", ""518627"", ""95501095"", ""121255930"", ""14286061"", ""66459509"", ""184581147""]"
none_subset,4,185965825,143179563,37,1217,0,0,0,0,0,0,"[""187423310"", ""136371572"", ""209172941"", ""194957772"", ""199287233"", ""119051792"", ""148800689"", ""208532302"", ""100843460"", ""209045757""]"
none_subset,4,148156280,126190470,46,99,0,0,0,0,0,0,"[""118566996"", ""80195905"", ""22408044"", ""191705183"", ""26599574"", ""79809742"", ""111095231"", ""124510956"", ""149547737"", ""99309357""]"
none_subset,4,218825862,164502051,43,9,0,0,0,1,1,1,"[""136611640"", ""174578139"", ""138589509"", ""127459019"", ""97259925"", ""43472863"", ""130532910"", ""141669650"", ""164502051"", ""201905417""]"
none_subset,4,217537085,195917241,43,85,0,0,0,0,0,0,"[""195756368"", ""182746332"", ""201905433"", ""212129667"", ""192741559"", ""213416756"", ""83550407"", ""199920218"", ""145996061"", ""188582346""]"
none_subset,4,164792352,129112756,46,53,0,0,0,0,0,0,"[""204939347"", ""146811180"", ""109829293"", ""195226901"", ""105465833"", ""203786560"", ""162647828"", ""138519024"", ""134911669"", ""195490117""]"
none_subset,4,224885065,214553497,4,4,0,0,1,1,1,1,"[""204141781"", ""137491758"", ""171818167"", ""214553497"", ""151978785"", ""99318165"", ""196270392"", ""173008557"", ""104705407"", ""179145991""]"
none_subset,4,174460622,98844359,4,19,0,0,0,0,1,1,"[""119898461"", ""144264277"", ""115124238"", ""113628354"", ""188580686"", ""157103009"", ""50337874"", ""173529593"", ""44331632"", ""159676437""]"
none_subset,4,198689470,167904329,46,726,0,0,0,0,0,0,"[""109632736"", ""49933218"", ""211267103"", ""210308295"", ""205997591"", ""162796958"", ""130621296"", ""132434051"", ""143345304"", ""210433201""]"
none_subset,4,136619257,116919077,38,424,0,0,0,0,0,0,"[""138408570"", ""121639115"", ""32654945"", ""211890068"", ""25706087"", ""156424467"", ""39903440"", ""8550716"", ""66259210"", ""117565422""]"
none_subset,4,220911687,207511006,46,280,0,0,0,0,0,0,"[""194811856"", ""160110731"", ""53760527"", ""134848823"", ""139649558"", ""158946684"", ""164205217"", ""110268464"", ""21000985"", ""59097004""]"
none_subset,4,206215905,193971301,46,33,0,0,0,0,0,1,"[""145266309"", ""210667015"", ""177300409"", ""79060647"", ""174074948"", ""210373455"", ""103172216"", ""140861260"", ""211053674"", ""131820664""]"
none_subset,4,147835919,109553539,57,610,0,0,0,0,0,0,"[""197740362"", ""183255175"", ""196325559"", ""213401068"", ""190635064"", ""82721637"", ""68798250"", ""144992451"", ""130444806"", ""145414206""]"
none_subset,4,217014172,199183086,4,173,0,0,0,0,0,0,"[""191316160"", ""205600080"", ""208780104"", ""195830492"", ""202571906"", ""210484477"", ""189167291"", ""207791923"", ""206636227"", ""198221149""]"
none_subset,4,221604106,47210633,46,497,0,0,0,0,0,0,"[""209744189"", ""174837469"", ""210836917"", ""208009145"", ""213731514"", ""7231598"", ""201332278"", ""104723184"", ""197415730"", ""201392747""]"
none_subset,4,225307361,167076720,4,1543,0,0,0,0,0,0,"[""194377968"", ""194338856"", ""44842674"", ""56134226"", ""183642706"", ""77968334"", ""137934343"", ""186739934"", ""184778089"", ""154928608""]"
none_subset,4,175812917,143083752,4,17,0,0,0,0,1,1,"[""173008557"", ""96998136"", ""183255480"", ""190789377"", ""191690738"", ""185429569"", ""155703180"", ""192402919"", ""195744792"", ""143934755""]"
none_subset,4,114303774,103124712,64,922,0,0,0,0,0,0,"[""73276751"", ""102619257"", ""141983245"", ""177500405"", ""184451848"", ""195841911"", ""168818090"", ""193943572"", ""98469115"", ""173115999""]"
none_subset,4,202509146,169250822,4,66,0,0,0,0,0,0,"[""214643235"", ""169841826"", ""212023025"", ""185524151"", ""193934711"", ""202502803"", ""210309601"", ""138178873"", ""91314033"", ""213963033""]"
none_subset,4,224965621,153434097,57,186,0,0,0,0,0,0,"[""212788032"", ""205639811"", ""128787820"", ""208786775"", ""183982826"", ""208717304"", ""211933589"", ""169347129"", ""204782410"", ""202223595""]"
none_subset,4,204840247,176456204,4,2574,0,0,0,0,0,0,"[""173611156"", ""105240256"", ""203537664"", ""189945818"", ""146357422"", ""188882555"", ""189844318"", ""199751511"", ""176720818"", ""177949545""]"
none_subset,4,117933765,105129945,46,298,0,0,0,0,0,0,"[""165532220"", ""193636178"", ""179691172"", ""200738941"", ""115892096"", ""209979540"", ""153488356"", ""98678440"", ""211693984"", ""141674136""]"
none_subset,4,211029286,188032543,43,63,0,0,0,0,0,0,"[""156158793"", ""158885545"", ""132745959"", ""88539862"", ""73371698"", ""126121357"", ""55284074"", ""75839915"", ""207597374"", ""162142216""]"
none_subset,4,184332298,128148041,57,464,0,0,0,0,0,0,"[""211640040"", ""200462582"", ""99228573"", ""138406659"", ""208033509"", ""125339147"", ""205371893"", ""206545534"", ""144992451"", ""206568246""]"
none_subset,4,172405255,137739430,43,67,0,0,0,0,0,0,"[""166301530"", ""182050443"", ""190372173"", ""208309750"", ""194880726"", ""166186965"", ""108684069"", ""98638580"", ""168783197"", ""171798974""]"
none_subset,4,129628659,112300488,62,1139,0,0,0,0,0,0,"[""132104523"", ""112460512"", ""167442339"", ""133787241"", ""163620157"", ""103727768"", ""185837756"", ""195842978"", ""129878189"", ""104016143""]"
none_subset,4,191015798,157712872,43,153,0,0,0,0,0,0,"[""184091403"", ""200208585"", ""189266294"", ""146845623"", ""209666551"", ""185360446"", ""201671217"", ""192493949"", ""213483404"", ""183750611""]"
none_subset,4,151650613,129074795,37,984,0,0,0,0,0,0,"[""58893791"", ""183122776"", ""196428679"", ""145815769"", ""211863626"", ""159657746"", ""119576252"", ""66495486"", ""27356144"", ""116967483""]"
none_subset,4,217331110,200733855,37,22,0,0,0,0,1,1,"[""199918988"", ""194408004"", ""148515955"", ""191911000"", ""87856941"", ""204860223"", ""173640245"", ""156898538"", ""128098941"", ""148248330""]"
none_subset,4,222261498,194697374,64,1907,0,0,0,0,0,0,"[""131569653"", ""212485762"", ""139515295"", ""7771724"", ""108862398"", ""107795593"", ""84520046"", ""96029631"", ""205920501"", ""79117002""]"
none_subset,4,171262250,134980017,38,1025,0,0,0,0,0,0,"[""133301327"", ""141368646"", ""68644542"", ""189745383"", ""203127417"", ""130737214"", ""207911331"", ""94794120"", ""56367133"", ""125496543""]"
none_subset,4,184540324,155460756,4,1721,0,0,0,0,0,0,"[""190777107"", ""203829299"", ""191307999"", ""206276218"", ""165785804"", ""200588216"", ""140756132"", ""212639315"", ""185596367"", ""195539587""]"
none_subset,4,218794085,181542391,37,41,0,0,0,0,0,1,"[""192913849"", ""163655065"", ""187021020"", ""191027835"", ""127940555"", ""128025445"", ""164415171"", ""150707511"", ""149204589"", ""206662632""]"
none_subset,4,184956157,157367139,4,98,0,0,0,0,0,0,"[""149095048"", ""144373105"", ""172890535"", ""63004444"", ""156103241"", ""16847694"", ""149247164"", ""145303232"", ""191695909"", ""143929940""]"
none_subset,4,175342849,125536521,43,29,0,0,0,0,1,1,"[""171798974"", ""186549940"", ""16668651"", ""130556843"", ""192651386"", ""139961406"", ""205576818"", ""120122284"", ""145672403"", ""88376416""]"
none_subset,4,121771536,46560698,57,2266,0,0,0,0,0,0,"[""118212639"", ""102975387"", ""74583787"", ""120642977"", ""145912634"", ""112904882"", ""171245380"", ""154845037"", ""120012973"", ""170402935""]"
none_subset,4,200570966,110053800,57,601,0,0,0,0,0,0,"[""194650480"", ""212461400"", ""138881270"", ""193469879"", ""211668933"", ""147342843"", ""210160297"", ""194030785"", ""211144150"", ""211144254""]"
none_subset,4,221513750,203597419,64,892,0,0,0,0,0,0,"[""116860085"", ""206880666"", ""92304326"", ""126295674"", ""212429237"", ""165717472"", ""130269008"", ""65008306"", ""112902032"", ""124963799""]"
none_subset,4,142673438,100854450,38,1599,0,0,0,0,0,0,"[""118659816"", ""138021512"", ""147729896"", ""111175760"", ""51821730"", ""209330718"", ""145798245"", ""156294997"", ""157714512"", ""158784944""]"
none_subset,4,201772249,176689628,4,119,0,0,0,0,0,0,"[""213532039"", ""157610724"", ""215351522"", ""177128650"", ""173790209"", ""113782850"", ""212636144"", ""169868864"", ""212786536"", ""13713734""]"
none_subset,4,195569513,158417007,37,190,0,0,0,0,0,0,"[""173524493"", ""164535707"", ""211519251"", ""209057260"", ""163475905"", ""136164746"", ""186871959"", ""195379499"", ""145798285"", ""166772714""]"
none_subset,4,114045368,77678538,64,106,0,0,0,0,0,0,"[""96431966"", ""202708847"", ""32245008"", ""156692119"", ""79130254"", ""128021063"", ""185451532"", ""188378620"", ""207152337"", ""210444502""]"
none_subset,4,219729199,189984269,43,231,0,0,0,0,0,0,"[""103510499"", ""157809653"", ""183029564"", ""158391463"", ""192651386"", ""178361669"", ""64909841"", ""176475069"", ""211890870"", ""154156370""]"
none_subset,4,78453154,79994734,62,59,0,0,0,0,0,0,"[""53450905"", ""113866351"", ""179203933"", ""194803893"", ""134304136"", ""212966939"", ""75207324"", ""74887373"", ""70381552"", ""185152013""]"
none_subset,4,205309599,160068637,37,1056,0,0,0,0,0,0,"[""169257920"", ""137062195"", ""200937476"", ""210082244"", ""211215773"", ""131030641"", ""196431210"", ""172288418"", ""208937894"", ""206528763""]"
none_subset,4,215803527,121260031,64,76,0,0,0,0,0,0,"[""76676235"", ""14286061"", ""200043378"", ""66459509"", ""187503442"", ""150385215"", ""145311547"", ""95501095"", ""16466362"", ""211873793""]"
none_subset,4,222161193,127768087,4,59,0,0,0,0,0,0,"[""211850911"", ""138439770"", ""85958586"", ""207098872"", ""105544053"", ""179735008"", ""190777107"", ""125970295"", ""196083788"", ""215222519""]"
none_subset,4,161392807,94016043,62,686,0,0,0,0,0,0,"[""212090087"", ""156442595"", ""211808810"", ""156885677"", ""207609626"", ""211318916"", ""146664101"", ""195842978"", ""195303938"", ""184146697""]"
none_subset,4,155741367,134502106,57,1213,0,0,0,0,0,0,"[""125339147"", ""121902729"", ""122408162"", ""52958427"", ""48586287"", ""99228573"", ""49660194"", ""136281016"", ""128512946"", ""200450069""]"
none_subset,4,220807537,204659845,57,69,0,0,0,0,0,0,"[""169347129"", ""209048371"", ""191497108"", ""107527615"", ""165787624"", ""141989435"", ""134898435"", ""202223595"", ""15301011"", ""209092004""]"
none_subset,4,56997833,61128649,62,587,0,0,0,0,0,0,"[""32728587"", ""156885677"", ""46446514"", ""143685562"", ""203394975"", ""130642042"", ""194843976"", ""128570958"", ""173850609"", ""180324136""]"
none_subset,4,220381743,205089575,62,2001,0,0,0,0,0,0,"[""161511273"", ""143261727"", ""140617470"", ""171831057"", ""188189839"", ""154092784"", ""213659099"", ""74887373"", ""39996426"", ""72936314""]"
none_subset,4,61236714,59245151,43,30,0,0,0,0,1,1,"[""171888747"", ""59547777"", ""78343862"", ""146413132"", ""64909841"", ""24058906"", ""186726793"", ""112596322"", ""35117971"", ""98581026""]"
none_subset,4,207455362,183689008,4,62,0,0,0,0,0,0,"[""195539587"", ""191307999"", ""192952375"", ""203829299"", ""207099729"", ""73205799"", ""212639315"", ""39175557"", ""207143420"", ""185362507""]"
none_subset,4,168341646,130621262,38,975,0,0,0,0,0,0,"[""205428792"", ""25899558"", ""197196790"", ""114055239"", ""106812535"", ""350786"", ""76490987"", ""117957932"", ""126816860"", ""60873658""]"
none_subset,4,218576676,200806157,46,397,0,0,0,0,0,0,"[""82615761"", ""200400926"", ""120932240"", ""172509742"", ""156263625"", ""134691092"", ""165704043"", ""89928081"", ""136576031"", ""158079920""]"
none_subset,4,124317114,109323350,57,2045,0,0,0,0,0,0,"[""132658876"", ""113082402"", ""204417143"", ""133687274"", ""138727053"", ""205016601"", ""86771304"", ""65151260"", ""182537539"", ""152197992""]"
none_subset,4,216420739,198700939,57,111,0,0,0,0,0,0,"[""212489788"", ""183614539"", ""187760067"", ""195501205"", ""207323988"", ""175665700"", ""209740307"", ""211301569"", ""209173908"", ""208971595""]"
none_subset,4,205170167,180083904,62,589,0,0,0,0,0,0,"[""195057440"", ""181091254"", ""199493591"", ""130605260"", ""135449877"", ""159859030"", ""167442339"", ""204150547"", ""198631134"", ""194448826""]"
none_subset,4,220045550,101312348,38,75,0,0,0,0,0,0,"[""64397678"", ""124833754"", ""109987226"", ""147686192"", ""147335135"", ""126884451"", ""204224738"", ""147345313"", ""56367133"", ""181551206""]"
none_subset,4,174047840,135451052,4,8,0,0,0,1,1,1,"[""191564735"", ""191300394"", ""174535187"", ""171159402"", ""193746035"", ""174865960"", ""179145991"", ""135451052"", ""171876720"", ""206288267""]"
none_subset,4,180512284,115629895,64,117,0,0,0,0,0,0,"[""159022081"", ""162037337"", ""159992550"", ""197129848"", ""128898155"", ""74509782"", ""109614914"", ""5009200"", ""112624575"", ""124192379""]"
none_subset,4,176245799,145782832,38,23,0,0,0,0,1,1,"[""93923477"", ""168166428"", ""181551206"", ""145697018"", ""44353494"", ""29779319"", ""69722104"", ""64731721"", ""188178632"", ""168644115""]"
none_subset,4,214546595,195055828,37,253,0,0,0,0,0,0,"[""198478244"", ""202030579"", ""202222318"", ""181408383"", ""136461731"", ""184292036"", ""165332079"", ""213637743"", ""193730114"", ""87450438""]"
none_subset,4,57177961,60838304,43,537,0,0,0,0,0,0,"[""75839769"", ""58467420"", ""83385070"", ""106069814"", ""144628962"", ""90293525"", ""157711341"", ""38841821"", ""146739153"", ""160802034""]"
none_subset,4,172933460,63641982,64,293,0,0,0,0,0,0,"[""172848022"", ""186850320"", ""58475692"", ""151526168"", ""207152337"", ""119000250"", ""201882684"", ""204754543"", ""63861102"", ""106833257""]"
none_subset,4,170199834,129359241,64,84,0,0,0,0,0,0,"[""179411117"", ""168179093"", ""165315994"", ""132289907"", ""201033612"", ""174772202"", ""196511259"", ""142231631"", ""72224328"", ""192429012""]"
none_subset,4,223672720,197363388,43,16,0,0,0,0,1,1,"[""180883618"", ""106343634"", ""162124393"", ""104160293"", ""196073854"", ""178730785"", ""215371072"", ""108730062"", ""209622362"", ""140572132""]"
none_subset,4,224815424,126550195,64,233,0,0,0,0,0,0,"[""101586852"", ""177080791"", ""132691040"", ""148133803"", ""131561726"", ""91922866"", ""101574803"", ""207085875"", ""152305563"", ""148170791""]"
none_subset,4,207612822,176670740,37,83,0,0,0,0,0,0,"[""208141913"", ""209286799"", ""209154292"", ""183693328"", ""157945105"", ""213318077"", ""208174544"", ""197921134"", ""175852737"", ""199340755""]"
none_subset,4,163945645,191529007,62,1519,0,0,0,0,0,0,"[""146664101"", ""110202670"", ""194843976"", ""84991316"", ""82677281"", ""106557292"", ""210213676"", ""144426369"", ""212697335"", ""173850609""]"
none_subset,4,180060816,144264277,4,150,0,0,0,0,0,0,"[""185262753"", ""146180479"", ""179909533"", ""162040118"", ""180567795"", ""194465314"", ""133977293"", ""141085810"", ""152542463"", ""154203183""]"
none_subset,4,195375510,162200226,37,537,0,0,0,0,0,0,"[""213471023"", ""141241455"", ""205214483"", ""142136896"", ""92247640"", ""100748286"", ""192163385"", ""101457814"", ""209543868"", ""127822217""]"
none_subset,4,225243021,214643235,4,583,0,0,0,0,0,0,"[""210484477"", ""190816300"", ""180843726"", ""177825434"", ""168099979"", ""191316160"", ""182581077"", ""183689996"", ""213053357"", ""212316416""]"
none_subset,4,106834933,91942518,38,265,0,0,0,0,0,0,"[""176455982"", ""171248361"", ""151805156"", ""204985593"", ""194365263"", ""44557915"", ""123502593"", ""180784190"", ""207763939"", ""137025491""]"
none_subset,4,211646926,181045567,4,379,0,0,0,0,0,0,"[""191690738"", ""185429569"", ""136384270"", ""155703180"", ""139418370"", ""173008557"", ""183255480"", ""155908916"", ""147828982"", ""163349092""]"
none_subset,4,210605564,186646910,37,13,0,0,0,0,1,1,"[""174850296"", ""142630827"", ""192456013"", ""199385964"", ""186471450"", ""104986974"", ""192227530"", ""184997997"", ""75362158"", ""190788723""]"
none_subset,4,224918550,214968505,4,15,0,0,0,0,1,1,"[""65093674"", ""77968334"", ""139342323"", ""180843726"", ""155106827"", ""154928608"", ""148331489"", ""213127345"", ""191209763"", ""198809896""]"
none_subset,4,198480847,171775539,46,11,0,0,0,0,1,1,"[""142626177"", ""210822934"", ""181020941"", ""210829117"", ""125993794"", ""204635544"", ""208409948"", ""211118858"", ""53826389"", ""142436010""]"
none_subset,4,79745214,81812584,64,2840,0,0,0,0,0,0,"[""126295674"", ""195841911"", ""177968315"", ""157187324"", ""165717472"", ""174916841"", ""136053941"", ""181529530"", ""92304326"", ""77671900""]"
none_subset,4,48794483,75554045,38,377,0,0,0,0,0,0,"[""55757524"", ""211267789"", ""134908634"", ""110415230"", ""204996430"", ""192383017"", ""207844498"", ""136043837"", ""29927100"", ""197273368""]"
none_subset,4,167721852,138308946,4,516,0,0,0,0,0,0,"[""126589900"", ""205498846"", ""214275181"", ""213963033"", ""56691048"", ""199379442"", ""205463044"", ""32817983"", ""168504649"", ""215580343""]"
none_subset,4,155450786,132289907,64,293,0,0,0,0,0,0,"[""115629895"", ""188619722"", ""154046140"", ""211216257"", ""158126671"", ""126647422"", ""153271284"", ""69227080"", ""126209163"", ""96322019""]"
none_subset,4,223592381,207755116,37,114,0,0,0,0,0,0,"[""142630827"", ""150950507"", ""205328844"", ""174850296"", ""188918346"", ""185266696"", ""180843184"", ""165767706"", ""137062195"", ""90418462""]"
none_subset,4,128891295,113764919,57,1046,0,0,0,0,0,0,"[""140761987"", ""182367509"", ""201292508"", ""122157148"", ""209991023"", ""171450864"", ""207177601"", ""193568914"", ""133448263"", ""138785776""]"
none_subset,4,217777998,201905433,43,195,0,0,0,0,0,0,"[""211667378"", ""193585048"", ""193435206"", ""192529072"", ""168115086"", ""207541405"", ""156158359"", ""188032543"", ""146783647"", ""185121060""]"
none_subset,4,211481710,190789377,4,36,0,0,0,0,0,1,"[""160129846"", ""202571906"", ""205600080"", ""189901460"", ""192331154"", ""153928357"", ""186930348"", ""203746928"", ""192877167"", ""188074441""]"
none_subset,4,224668128,214336951,43,454,0,0,0,0,0,0,"[""134678718"", ""75083855"", ""126470047"", ""6704113"", ""111728510"", ""76510127"", ""213210833"", ""105774118"", ""178363726"", ""15648138""]"
none_subset,4,201662927,176402227,4,29,0,0,0,0,1,1,"[""195480266"", ""167937435"", ""131936243"", ""181079699"", ""177338367"", ""201591292"", ""158205918"", ""206281257"", ""164648915"", ""214643235""]"
none_subset,4,215705728,79130254,64,306,0,0,0,0,0,0,"[""200969900"", ""174848979"", ""207152337"", ""98518695"", ""109850825"", ""203544848"", ""163128971"", ""139856523"", ""142556394"", ""212527992""]"
none_subset,4,207269457,109562038,46,135,0,0,0,0,0,0,"[""212730825"", ""211336503"", ""213316438"", ""180426325"", ""103172216"", ""170881830"", ""168791195"", ""210433201"", ""214377421"", ""210698206""]"
none_subset,4,203378996,177115567,64,142,0,0,0,0,0,0,"[""202527449"", ""160087743"", ""161410919"", ""47134269"", ""126300011"", ""58109729"", ""212225448"", ""116423938"", ""167161869"", ""160686884""]"
none_subset,4,170514974,135092085,64,560,0,0,0,0,0,0,"[""179411117"", ""72224328"", ""142231631"", ""165315994"", ""201033612"", ""85531879"", ""168179093"", ""81240114"", ""189535903"", ""136600772""]"
none_subset,4,213853352,191305287,64,746,0,0,0,0,0,0,"[""31017779"", ""184683737"", ""160001929"", ""60291031"", ""130875563"", ""191000780"", ""158680148"", ""63897092"", ""95788322"", ""109320323""]"
none_subset,4,161660267,137935033,43,528,0,0,0,0,0,0,"[""136611640"", ""205133651"", ""117984925"", ""192987043"", ""200879611"", ""159165495"", ""204620017"", ""196746909"", ""207421677"", ""198296892""]"
none_subset,4,205652281,115405939,38,595,0,0,0,0,0,0,"[""125496543"", ""149982401"", ""167154238"", ""125496594"", ""147345313"", ""161002473"", ""164678834"", ""197527964"", ""186173164"", ""207911331""]"
none_subset,4,213799986,154324585,64,248,0,0,0,0,0,0,"[""173458489"", ""73065988"", ""214169517"", ""146391695"", ""76747946"", ""166184401"", ""208628985"", ""121442493"", ""99425109"", ""200883111""]"
none_subset,4,202508544,174770035,4,2055,0,0,0,0,0,0,"[""140425447"", ""143872793"", ""136900812"", ""113084668"", ""63027674"", ""65403002"", ""141130959"", ""111047550"", ""47872779"", ""141167432""]"
none_subset,4,224242506,213870777,4,1,1,1,1,1,1,1,"[""213870777"", ""58216709"", ""169023851"", ""202598239"", ""114392671"", ""212373864"", ""183774289"", ""172884595"", ""207397948"", ""210974244""]"
none_subset,4,205929679,180795487,46,273,0,0,0,0,0,0,"[""100503293"", ""158946684"", ""201215254"", ""171694803"", ""193612892"", ""203665704"", ""184407267"", ""68978046"", ""194862890"", ""129089284""]"
none_subset,4,176134296,148457347,4,373,0,0,0,0,0,0,"[""200875902"", ""123881493"", ""157752611"", ""195648794"", ""44858664"", ""150814338"", ""79486528"", ""145618143"", ""156469871"", ""148649464""]"
none_subset,4,215164166,191705183,46,171,0,0,0,0,0,0,"[""181810712"", ""144423993"", ""204270051"", ""124997135"", ""186116554"", ""201991995"", ""197949897"", ""172080468"", ""170352052"", ""183767116""]"
none_subset,4,209594529,187225097,4,273,0,0,0,0,0,0,"[""181054833"", ""27693819"", ""182361800"", ""208530280"", ""148331489"", ""209124215"", ""198809896"", ""176566249"", ""78155271"", ""133632260""]"
none_subset,4,194785559,166812865,64,946,0,0,0,0,0,0,"[""138322181"", ""121260031"", ""153330413"", ""207446541"", ""113312339"", ""115621700"", ""128607088"", ""146444401"", ""133214115"", ""192632345""]"
none_subset,4,194818892,161497124,46,1,1,1,1,1,1,1,"[""161497124"", ""205368126"", ""161172541"", ""209980383"", ""199457581"", ""148163576"", ""204029234"", ""171801408"", ""200419115"", ""168398292""]"
none_subset,4,209422927,176978968,43,24,0,0,0,0,1,1,"[""120188232"", ""134461446"", ""133220748"", ""191701553"", ""150794676"", ""126851290"", ""186925656"", ""204570694"", ""204449585"", ""117984925""]"
none_subset,4,209385137,181057790,64,1073,0,0,0,0,0,0,"[""103416735"", ""195529634"", ""204125965"", ""78822097"", ""152312239"", ""60124479"", ""186937016"", ""206003254"", ""116380815"", ""210873715""]"
none_subset,4,193926930,119064343,43,1,1,1,1,1,1,1,"[""119064343"", ""113898898"", ""143611276"", ""91124875"", ""67606658"", ""180961442"", ""196069283"", ""210822887"", ""206290556"", ""158792208""]"
none_subset,4,124522237,100809776,46,138,0,0,0,0,0,0,"[""194132989"", ""168442343"", ""201508287"", ""186078356"", ""78390422"", ""191974228"", ""203778148"", ""172250706"", ""173365679"", ""209764015""]"
none_subset,4,117909099,104680991,4,422,0,0,0,0,0,0,"[""186774686"", ""193059683"", ""199478511"", ""202290969"", ""135783987"", ""135720410"", ""164618017"", ""21060681"", ""103984598"", ""157610724""]"
none_subset,4,222892332,172547115,46,153,0,0,0,0,0,0,"[""210373455"", ""208719036"", ""180426325"", ""210667015"", ""201436985"", ""208458622"", ""213978791"", ""210582711"", ""212306388"", ""194733454""]"
none_subset,4,223690993,208584357,38,308,0,0,0,0,0,0,"[""198984787"", ""124479122"", ""126393314"", ""100758724"", ""204880845"", ""90058765"", ""157657051"", ""100503292"", ""138465874"", ""105651656""]"
none_subset,4,216068584,28421314,38,338,0,0,0,0,0,0,"[""198984787"", ""161419745"", ""98186259"", ""171755799"", ""206303400"", ""8550716"", ""55877012"", ""192721742"", ""44504337"", ""31197704""]"
none_subset,4,190170843,149389681,38,41,0,0,0,0,0,1,"[""107256101"", ""179000829"", ""65034285"", ""41147018"", ""207326334"", ""198703958"", ""213648542"", ""129455316"", ""207422358"", ""183272380""]"
none_subset,4,117081899,100690598,38,40,0,0,0,0,0,1,"[""206039176"", ""207694901"", ""162345431"", ""31980662"", ""204375245"", ""171832078"", ""188544896"", ""202152397"", ""105902861"", ""208395385""]"
none_subset,4,210583888,188696626,62,182,0,0,0,0,0,0,"[""187207232"", ""194289010"", ""160036757"", ""187005682"", ""212503126"", ""156503039"", ""74279773"", ""70069885"", ""117006578"", ""162715321""]"
none_subset,4,196081246,162009040,43,154,0,0,0,0,0,0,"[""196554944"", ""196397416"", ""196069283"", ""171888747"", ""192774637"", ""139778348"", ""162630675"", ""133220748"", ""35117971"", ""146413132""]"
none_subset,4,182521870,115864237,64,267,0,0,0,0,0,0,"[""143656811"", ""140676990"", ""103124712"", ""149253481"", ""182762792"", ""193536959"", ""129480867"", ""176297212"", ""181057790"", ""203544848""]"
none_subset,4,181876499,103017168,46,1477,0,0,0,0,0,0,"[""211047288"", ""49883118"", ""134541468"", ""138911204"", ""203644944"", ""214343067"", ""212905783"", ""177381146"", ""213377993"", ""214640950""]"
none_subset,4,201650625,86380155,37,197,0,0,0,0,0,0,"[""148596814"", ""195396146"", ""169770537"", ""116929460"", ""170278658"", ""65390256"", ""137036263"", ""100819191"", ""210748545"", ""101679570""]"
none_subset,4,194797571,165829832,46,909,0,0,0,0,0,0,"[""105064166"", ""193559506"", ""31477620"", ""160110731"", ""182701626"", ""197454401"", ""31105163"", ""53638527"", ""100503293"", ""74403232""]"
none_subset,4,161979809,124110006,64,178,0,0,0,0,0,0,"[""215138112"", ""200969900"", ""181162172"", ""173492513"", ""187363669"", ""114165842"", ""212527992"", ""213477902"", ""156296088"", ""115462129""]"
none_subset,4,225320701,209631907,46,258,0,0,0,0,0,0,"[""194136520"", ""53654857"", ""71898634"", ""194138608"", ""102458654"", ""142410249"", ""215475381"", ""184074827"", ""50445939"", ""165073004""]"
none_subset,4,208048114,179803138,46,260,0,0,0,0,0,0,"[""99309357"", ""194301324"", ""191705183"", ""150142821"", ""201966464"", ""111095231"", ""154244912"", ""165546298"", ""80195905"", ""154821670""]"
none_subset,4,217747016,200331414,46,128,0,0,0,0,0,0,"[""149547737"", ""68978046"", ""197454401"", ""174465659"", ""210962988"", ""105148782"", ""132605956"", ""102083948"", ""64234906"", ""205030690""]"
none_subset,4,220095257,194465314,4,92,0,0,0,0,0,0,"[""146649572"", ""152542463"", ""193026353"", ""188150168"", ""144067777"", ""179909533"", ""94286928"", ""113622434"", ""142381741"", ""94319899""]"
none_subset,4,161307230,127751465,37,105,0,0,0,0,0,0,"[""43972733"", ""79730026"", ""76963567"", ""139290462"", ""65584321"", ""96028215"", ""155084012"", ""149248013"", ""81213674"", ""143008719""]"
none_subset,4,155302456,108320509,46,699,0,0,0,0,0,0,"[""210698206"", ""108479850"", ""210482648"", ""193771129"", ""174560765"", ""211336503"", ""106996414"", ""210175793"", ""208171217"", ""141722116""]"
none_subset,4,222071826,210310500,46,10,0,0,0,1,1,1,"[""171636556"", ""210856802"", ""201436985"", ""212261718"", ""179347666"", ""78183845"", ""209156183"", ""210366645"", ""208719036"", ""210310500""]"
none_subset,4,140138854,119093613,46,77,0,0,0,0,0,0,"[""73765596"", ""69153615"", ""167265746"", ""150407343"", ""97623791"", ""183484544"", ""78696152"", ""169711662"", ""75379104"", ""180795459""]"
none_subset,4,224948603,193793367,64,17,0,0,0,0,1,1,"[""126295674"", ""174916841"", ""165717472"", ""195841911"", ""135170809"", ""177968315"", ""77671900"", ""92304326"", ""163956163"", ""69227080""]"
none_subset,4,195295522,132751926,43,333,0,0,0,0,0,0,"[""200893142"", ""211601112"", ""198313310"", ""197247575"", ""158737000"", ""202973654"", ""94971864"", ""144341534"", ""177591827"", ""200894620""]"
none_subset,4,216305480,199422802,4,1,1,1,1,1,1,1,"[""199422802"", ""16847694"", ""213815291"", ""173055109"", ""184087480"", ""200570078"", ""195751544"", ""181672704"", ""202902456"", ""199921056""]"
none_subset,4,135081167,112930320,4,32,0,0,0,0,0,1,"[""102233014"", ""119900827"", ""148331489"", ""200247233"", ""182361800"", ""203910236"", ""203130825"", ""194898252"", ""151978785"", ""161281171""]"
none_subset,4,211700245,189799383,38,1415,0,0,0,0,0,0,"[""99816295"", ""207694901"", ""100749834"", ""206039176"", ""213591035"", ""169004224"", ""205112185"", ""203526643"", ""51837774"", ""96235679""]"
none_subset,4,225327396,209208662,37,6,0,0,0,1,1,1,"[""183923787"", ""126929630"", ""106674292"", ""89714653"", ""127873279"", ""209208662"", ""150426765"", ""154316487"", ""189822829"", ""152102790""]"
none_subset,4,207497237,148800689,37,1,1,1,1,1,1,1,"[""148800689"", ""178462679"", ""184357547"", ""128177539"", ""157140706"", ""182444653"", ""203829614"", ""148896266"", ""153205005"", ""150438835""]"
none_subset,4,183537865,152727959,37,133,0,0,0,0,0,0,"[""45171964"", ""187043151"", ""73988555"", ""14688074"", ""120040052"", ""159574917"", ""212782587"", ""139778879"", ""163424021"", ""192387012""]"
none_subset,4,181613499,152639237,46,87,0,0,0,0,0,0,"[""102024389"", ""119145716"", ""214682235"", ""141600638"", ""104586565"", ""204096052"", ""89045186"", ""104330915"", ""199268339"", ""178340158""]"
none_subset,4,222590160,202552531,64,277,0,0,0,0,0,0,"[""150857360"", ""81957796"", ""36489753"", ""213086582"", ""200957181"", ""161643481"", ""30343221"", ""188550102"", ""119651772"", ""67144823""]"
none_subset,4,211345994,178305613,4,67,0,0,0,0,0,0,"[""188882555"", ""197475541"", ""187408602"", ""201432635"", ""200589462"", ""65093674"", ""148382740"", ""197090565"", ""190079873"", ""200691824""]"
none_subset,4,224751423,214758060,64,160,0,0,0,0,0,0,"[""88248087"", ""113587141"", ""111705025"", ""174340250"", ""126953299"", ""144281937"", ""131569653"", ""90867095"", ""163787427"", ""202253212""]"
none_subset,4,180288071,147531803,43,159,0,0,0,0,0,0,"[""192317105"", ""197891724"", ""207851646"", ""190172562"", ""175993606"", ""188036629"", ""147137741"", ""183965795"", ""198423070"", ""59458719""]"
none_subset,4,213770937,194478821,38,37,0,0,0,0,0,1,"[""168166428"", ""205170862"", ""189738652"", ""151342069"", ""193744229"", ""186432633"", ""181203442"", ""202202801"", ""205051314"", ""190110099""]"
none_subset,4,199143075,151630608,64,729,0,0,0,0,0,0,"[""183047062"", ""144073843"", ""185454425"", ""60260391"", ""168633758"", ""141045171"", ""152603802"", ""56925731"", ""115774096"", ""154119154""]"
none_subset,4,127293138,102741176,37,444,0,0,0,0,0,0,"[""211746985"", ""117786165"", ""156898538"", ""196774938"", ""127873279"", ""210425135"", ""195462928"", ""104577943"", ""133924998"", ""89714653""]"
none_subset,4,159187996,127512781,64,100,0,0,0,0,0,0,"[""194941994"", ""208915255"", ""129093190"", ""128217933"", ""149715107"", ""193072604"", ""190043031"", ""146887481"", ""62550428"", ""160603185""]"
none_subset,4,41839803,66009090,64,1544,0,0,0,0,0,0,"[""174183108"", ""67144823"", ""207446541"", ""193135598"", ""188599489"", ""103416735"", ""122273058"", ""77539256"", ""131569653"", ""167354299""]"
none_subset,4,197586002,170310110,57,1068,0,0,0,0,0,0,"[""202643099"", ""190479114"", ""208224412"", ""198726595"", ""209066709"", ""52362364"", ""181102109"", ""213299500"", ""213137381"", ""209731990""]"
none_subset,4,220845685,165756140,46,9,0,0,0,1,1,1,"[""179848489"", ""200416651"", ""169435001"", ""124608125"", ""86091554"", ""193467718"", ""155017018"", ""204813635"", ""165756140"", ""196643554""]"
none_subset,4,144723417,126898247,37,689,0,0,0,0,0,0,"[""213471023"", ""146527115"", ""137062195"", ""141241455"", ""160185355"", ""57914905"", ""201740861"", ""194561255"", ""209543868"", ""182387619""]"
none_subset,4,221140475,161194868,62,1,1,1,1,1,1,1,"[""161194868"", ""110895997"", ""201108158"", ""195518176"", ""128589400"", ""124884051"", ""159454787"", ""15445290"", ""144402794"", ""192458679""]"
none_subset,4,215133517,173279591,43,2,0,1,1,1,1,1,"[""90011446"", ""173279591"", ""114685682"", ""203523440"", ""177472789"", ""86486091"", ""144399603"", ""134999759"", ""185696449"", ""89680114""]"
none_subset,4,118955952,96112528,62,341,0,0,0,0,0,0,"[""41098400"", ""205145270"", ""214583872"", ""205408409"", ""166974075"", ""182512987"", ""184997209"", ""62995477"", ""186693429"", ""129583561""]"
none_subset,4,161520335,121775976,37,153,0,0,0,0,0,0,"[""151964729"", ""183122776"", ""160376991"", ""103348357"", ""58893791"", ""66495486"", ""196428679"", ""88534873"", ""119227333"", ""140907909""]"
none_subset,4,215206177,183901246,57,567,0,0,0,0,0,0,"[""17825658"", ""47987945"", ""120011540"", ""57499088"", ""115422067"", ""108201708"", ""194300354"", ""77978056"", ""175953709"", ""52718700""]"
none_subset,4,187691330,154904834,38,76,0,0,0,0,0,0,"[""192191594"", ""145998937"", ""157714512"", ""88485908"", ""128022775"", ""157993089"", ""149343290"", ""127107925"", ""88830973"", ""209330718""]"
none_subset,4,225332725,214896797,4,7,0,0,0,1,1,1,"[""200247233"", ""197859740"", ""206288930"", ""156841339"", ""203130825"", ""187320580"", ""214896797"", ""213461075"", ""159659843"", ""173008557""]"
none_subset,4,174712116,139342323,4,529,0,0,0,0,0,0,"[""149264383"", ""193746035"", ""36482821"", ""93517902"", ""181288745"", ""148649464"", ""195648794"", ""140664871"", ""161593927"", ""176599974""]"
none_subset,4,87804149,85130633,57,934,0,0,0,0,0,0,"[""199205992"", ""211088598"", ""201836899"", ""171298197"", ""195614608"", ""195340987"", ""211675229"", ""131818594"", ""177353155"", ""148672945""]"
none_subset,4,195850285,136445502,38,41,0,0,0,0,0,1,"[""161419745"", ""122560021"", ""204880845"", ""193669795"", ""149270771"", ""137272079"", ""198984787"", ""125505087"", ""195666912"", ""168951987""]"
none_subset,4,37254924,41145233,43,437,0,0,0,0,0,0,"[""165742476"", ""181981190"", ""192576430"", ""196601703"", ""164354706"", ""202003110"", ""144744853"", ""210995964"", ""143425476"", ""118484592""]"
none_subset,4,177089730,143848258,38,63,0,0,0,0,0,0,"[""182704194"", ""201030455"", ""198984787"", ""122560021"", ""193252013"", ""211021392"", ""76978137"", ""142911344"", ""211454407"", ""193857539""]"
none_subset,4,142279373,116393868,46,101,0,0,0,0,0,0,"[""71898634"", ""53654857"", ""102458654"", ""188889120"", ""50445939"", ""73921798"", ""184074827"", ""48680779"", ""121587868"", ""209924661""]"
none_subset,4,166547112,131943838,37,274,0,0,0,0,0,0,"[""200025016"", ""197590287"", ""126361288"", ""127873279"", ""212047029"", ""129735644"", ""188679659"", ""194918694"", ""159931625"", ""170049514""]"
none_subset,4,217687223,52992112,62,4,0,0,1,1,1,1,"[""15942056"", ""45997741"", ""156966802"", ""52992112"", ""78481865"", ""190186845"", ""156966648"", ""167352840"", ""203397613"", ""183231385""]"
none_subset,4,222413500,210871676,62,12,0,0,0,0,1,1,"[""213066001"", ""193966350"", ""192448420"", ""172997177"", ""153723208"", ""200035811"", ""202235121"", ""180623952"", ""94242464"", ""198209451""]"
none_subset,4,209967205,169591737,4,53,0,0,0,0,0,0,"[""139852579"", ""9766161"", ""149095048"", ""191214295"", ""176867327"", ""199942377"", ""154031903"", ""186841122"", ""153223626"", ""120663751""]"
none_subset,4,186680627,155875698,57,2466,0,0,0,0,0,0,"[""211212706"", ""166582282"", ""209149314"", ""138875951"", ""172288940"", ""113047535"", ""128314851"", ""140247091"", ""207807346"", ""210148578""]"
none_subset,4,207494441,183750892,4,56,0,0,0,0,0,0,"[""181099732"", ""191147915"", ""199780246"", ""192331154"", ""146764647"", ""206940426"", ""201090511"", ""204482650"", ""190161584"", ""190574356""]"
none_subset,4,186903115,100680008,38,195,0,0,0,0,0,0,"[""23348079"", ""192587307"", ""201835961"", ""192933104"", ""121564255"", ""8550716"", ""122392168"", ""92748634"", ""101699801"", ""154107984""]"
none_subset,4,113317297,100882487,46,45,0,0,0,0,0,1,"[""147047749"", ""182136657"", ""78094109"", ""146029150"", ""145084375"", ""190224714"", ""165738313"", ""108971427"", ""157105476"", ""176647062""]"
none_subset,4,204024681,158075100,64,42,0,0,0,0,0,1,"[""183047062"", ""153490486"", ""168633758"", ""60260391"", ""20148877"", ""33118552"", ""144073843"", ""210444502"", ""105928549"", ""117496536""]"
none_subset,4,212904755,150577652,4,678,0,0,0,0,0,0,"[""117471262"", ""112540745"", ""123419520"", ""171447530"", ""153991203"", ""194142299"", ""136474102"", ""191695096"", ""191214295"", ""197860156""]"
none_subset,4,224986751,214961917,37,1233,0,0,0,0,0,0,"[""140164328"", ""190251047"", ""182207000"", ""173432313"", ""189737626"", ""209167644"", ""191241938"", ""192533600"", ""153367008"", ""202204599""]"
none_subset,4,170918900,135776258,43,363,0,0,0,0,0,0,"[""144399603"", ""90011446"", ""111985578"", ""199412521"", ""130045016"", ""213139647"", ""197247575"", ""118625390"", ""164285938"", ""125047033""]"
none_subset,4,134673711,98741685,38,1506,0,0,0,0,0,0,"[""199347203"", ""146723193"", ""142598311"", ""78540845"", ""184915247"", ""155422545"", ""200285040"", ""18798683"", ""139134458"", ""126884451""]"
none_subset,4,219248296,151333626,38,72,0,0,0,0,0,0,"[""151483185"", ""208225541"", ""159911050"", ""204092180"", ""156294689"", ""194853957"", ""130168090"", ""124441124"", ""194346900"", ""149579144""]"
none_subset,4,209157409,181045567,4,62,0,0,0,0,0,0,"[""187540651"", ""192473388"", ""151681239"", ""191690738"", ""195213429"", ""149247164"", ""126107165"", ""147740083"", ""183255480"", ""188935668""]"
none_subset,4,184280693,156251697,4,1450,0,0,0,0,0,0,"[""148281605"", ""181715447"", ""119644839"", ""120663751"", ""153939423"", ""116057633"", ""150679730"", ""12396291"", ""191214295"", ""193413498""]"
none_subset,4,207680174,181683776,4,102,0,0,0,0,0,0,"[""50847980"", ""149095048"", ""172890535"", ""129435163"", ""180350779"", ""162653386"", ""23408401"", ""76515539"", ""182263629"", ""86878993""]"
none_subset,4,111155748,99862014,64,2038,0,0,0,0,0,0,"[""179201033"", ""62550428"", ""181619566"", ""194941994"", ""188820923"", ""193072604"", ""60032340"", ""80281524"", ""195529634"", ""5095964""]"
none_subset,4,93917220,63699736,38,169,0,0,0,0,0,0,"[""132744896"", ""76211714"", ""156470070"", ""138558031"", ""205103637"", ""171072811"", ""128953329"", ""115091528"", ""100750564"", ""134908634""]"
none_subset,4,146255762,81332784,46,128,0,0,0,0,0,0,"[""208171217"", ""139114542"", ""109562038"", ""142607225"", ""80535119"", ""214377421"", ""144208600"", ""123813852"", ""138254448"", ""210902832""]"
none_subset,4,142940456,124330451,38,601,0,0,0,0,0,0,"[""111733676"", ""132991311"", ""202126935"", ""183904957"", ""166464949"", ""186173164"", ""209064279"", ""153364732"", ""199035650"", ""200285040""]"
none_subset,4,42688693,17141705,62,318,0,0,0,0,0,0,"[""32200239"", ""190186845"", ""161511273"", ""137144214"", ""203397613"", ""160329216"", ""117835777"", ""32936165"", ""179203933"", ""32384255""]"
none_subset,4,182878818,146962695,43,947,0,0,0,0,0,0,"[""198423070"", ""111684767"", ""146616250"", ""185338196"", ""190770204"", ""195240617"", ""196316257"", ""147137741"", ""197891724"", ""191701840""]"
none_subset,4,63113161,69904249,38,643,0,0,0,0,0,0,"[""73863273"", ""185164362"", ""69350726"", ""203208735"", ""23769172"", ""177136624"", ""201603990"", ""125066164"", ""194239845"", ""203702170""]"
none_subset,4,191742216,160129846,4,862,0,0,0,0,0,0,"[""99472535"", ""139342323"", ""156471159"", ""187098404"", ""160037231"", ""93467050"", ""191209763"", ""44380594"", ""183731112"", ""159084171""]"
none_subset,4,186945430,148682248,62,1787,0,0,0,0,0,0,"[""162263431"", ""45013331"", ""75207324"", ""45997741"", ""96688945"", ""46137767"", ""42940692"", ""117006578"", ""113866351"", ""193136181""]"
none_subset,4,168756817,142537342,46,182,0,0,0,0,0,0,"[""132867538"", ""107095516"", ""155710762"", ""177423877"", ""122704847"", ""156109827"", ""209979540"", ""114654675"", ""178975230"", ""210626515""]"
none_subset,4,216158444,190316507,37,276,0,0,0,0,0,0,"[""209000043"", ""203837820"", ""207481345"", ""203730564"", ""151808122"", ""195014964"", ""206129800"", ""212216117"", ""197238711"", ""190569345""]"
none_subset,4,189801807,161417702,37,1708,0,0,0,0,0,0,"[""139307132"", ""143141997"", ""106674292"", ""189822829"", ""191525669"", ""126929630"", ""200025016"", ""129735644"", ""196774938"", ""127873279""]"
none_subset,4,210174308,188363722,57,297,0,0,0,0,0,0,"[""166993395"", ""156972409"", ""141728487"", ""188097035"", ""202934090"", ""206210266"", ""205233758"", ""135799952"", ""122751221"", ""213470961""]"
none_subset,4,77232181,78627576,38,975,0,0,0,0,0,0,"[""158733811"", ""125546461"", ""177744065"", ""160518076"", ""209121892"", ""205529136"", ""166506623"", ""146723193"", ""213273339"", ""134861718""]"
none_subset,4,65445301,60424871,43,918,0,0,0,0,0,0,"[""58467420"", ""73726197"", ""138762038"", ""199547133"", ""140572132"", ""160100913"", ""136346634"", ""106069814"", ""113535350"", ""174924037""]"
none_subset,4,200314721,165590843,4,94,0,0,0,0,0,0,"[""116474962"", ""207566657"", ""178007810"", ""109194953"", ""61021963"", ""137829612"", ""162319116"", ""49427839"", ""51485643"", ""57958030""]"
none_subset,4,220444471,185912167,38,229,0,0,0,0,0,0,"[""106027581"", ""198984787"", ""76978137"", ""111431777"", ""192721742"", ""132680001"", ""53254163"", ""55877012"", ""165228799"", ""98186259""]"
none_subset,4,212615904,184071121,37,126,0,0,0,0,0,0,"[""190646486"", ""176300467"", ""174690214"", ""212776036"", ""156440997"", ""187712911"", ""92273591"", ""183010273"", ""165582044"", ""132867062""]"
none_subset,4,30383073,28656005,46,115,0,0,0,0,0,0,"[""138809171"", ""174613608"", ""166648954"", ""135652658"", ""168262204"", ""212690484"", ""170235414"", ""53547017"", ""85070500"", ""114169237""]"
none_subset,4,194714542,159200395,37,267,0,0,0,0,0,0,"[""190113798"", ""125097939"", ""158117230"", ""154980557"", ""170350787"", ""183122776"", ""111085513"", ""25189123"", ""188967908"", ""161390704""]"
none_subset,4,188912224,160058303,43,2,0,1,1,1,1,1,"[""198078019"", ""160058303"", ""201213450"", ""164285938"", ""180961442"", ""143611276"", ""124898415"", ""168830681"", ""202567733"", ""91124875""]"
none_subset,4,209501131,182010866,43,46,0,0,0,0,0,1,"[""44768555"", ""158624345"", ""152645436"", ""196460819"", ""140052409"", ""127979191"", ""194343309"", ""145855101"", ""112406996"", ""138812364""]"
none_subset,4,225329898,191805410,46,74,0,0,0,0,0,0,"[""176659851"", ""78696152"", ""52439531"", ""145504709"", ""178975230"", ""146324638"", ""180795459"", ""192711504"", ""201024429"", ""204633518""]"
none_subset,4,112958959,99222832,37,90,0,0,0,0,0,0,"[""149248013"", ""159129159"", ""195462928"", ""199866100"", ""141976904"", ""166280219"", ""160430913"", ""43972733"", ""143008719"", ""194860062""]"
none_subset,4,19734916,7496107,62,768,0,0,0,0,0,0,"[""208719189"", ""174639103"", ""172899019"", ""172843229"", ""185606507"", ""210489322"", ""185886914"", ""210452869"", ""178530215"", ""206927728""]"
none_subset,4,147796710,105081789,64,447,0,0,0,0,0,0,"[""191000780"", ""69227080"", ""72224328"", ""184683737"", ""135170809"", ""142231631"", ""193793367"", ""76668217"", ""132289907"", ""149734769""]"
none_subset,4,183931082,116857348,64,38,0,0,0,0,0,1,"[""146444401"", ""128607088"", ""123687478"", ""194941994"", ""60032340"", ""16060214"", ""154897158"", ""115621700"", ""187716249"", ""181619566""]"
none_subset,4,182877168,151964729,37,862,0,0,0,0,0,0,"[""23924949"", ""154409188"", ""136265720"", ""191060958"", ""89464961"", ""21114364"", ""136461731"", ""204633870"", ""139391729"", ""182470429""]"
none_subset,4,68668633,74117799,64,1271,0,0,0,0,0,0,"[""147553253"", ""76747946"", ""179521185"", ""214169517"", ""180848420"", ""174848979"", ""173458489"", ""31384056"", ""192498685"", ""70262578""]"
none_subset,4,180590735,151400588,38,27,0,0,0,0,1,1,"[""181943891"", ""203422514"", ""111176393"", ""195077860"", ""167575814"", ""176961182"", ""209631773"", ""147536754"", ""111489526"", ""62510663""]"
none_subset,4,223878241,203489048,43,1758,0,0,0,0,0,0,"[""204057759"", ""121314084"", ""189165560"", ""54474426"", ""89809066"", ""164518023"", ""73371698"", ""106212567"", ""52112999"", ""156158793""]"
none_subset,4,72312635,43476772,64,98,0,0,0,0,0,0,"[""201058531"", ""146444401"", ""94082722"", ""190043031"", ""85881610"", ""156194814"", ""115621700"", ""62550428"", ""69248477"", ""181671018""]"
none_subset,4,216670544,200173512,43,61,0,0,0,0,0,0,"[""184633847"", ""210822887"", ""201905433"", ""202626349"", ""198087076"", ""113451129"", ""213483404"", ""206290556"", ""209286657"", ""200883540""]"
none_subset,4,79772428,72670018,62,1533,0,0,0,0,0,0,"[""167750528"", ""190186845"", ""115226483"", ""15942056"", ""206434730"", ""167266244"", ""83719006"", ""186756267"", ""58086605"", ""45997741""]"
none_subset,4,189014795,156066426,43,12,0,0,0,0,1,1,"[""196291255"", ""89360655"", ""165548600"", ""210940174"", ""213020277"", ""129483238"", ""183255762"", ""209858049"", ""180648286"", ""159945426""]"
none_subset,4,196576597,167833938,57,1279,0,0,0,0,0,0,"[""153865654"", ""143721865"", ""213078674"", ""180417908"", ""66276958"", ""54576465"", ""212108240"", ""132769262"", ""104805000"", ""211148392""]"
none_subset,4,42436354,48307499,37,182,0,0,0,0,0,0,"[""81981879"", ""156934315"", ""171006297"", ""78706018"", ""147794006"", ""80328768"", ""33066220"", ""33534621"", ""130778917"", ""184083591""]"
none_subset,4,210977349,189901460,4,721,0,0,0,0,0,0,"[""179145991"", ""151978785"", ""102233014"", ""133632260"", ""182581077"", ""174535187"", ""183774289"", ""208780104"", ""119900827"", ""212392746""]"
none_subset,4,133539481,116918686,38,995,0,0,0,0,0,0,"[""190122858"", ""146473396"", ""131346710"", ""107056132"", ""183904957"", ""155791307"", ""91690080"", ""204089441"", ""167575814"", ""204637998""]"
none_subset,4,194518674,155647098,57,1481,0,0,0,0,0,0,"[""202626135"", ""202725978"", ""110730358"", ""87345780"", ""138751362"", ""180362640"", ""149427907"", ""63293833"", ""176835551"", ""200892019""]"
none_subset,4,175295469,143875665,43,779,0,0,0,0,0,0,"[""130448492"", ""140922487"", ""121414926"", ""146898856"", ""100344935"", ""29596208"", ""101275830"", ""177473145"", ""145112504"", ""74624507""]"
none_subset,4,206040429,135449945,62,295,0,0,0,0,0,0,"[""167750528"", ""167266244"", ""119531432"", ""150061145"", ""193705208"", ""162672578"", ""15942056"", ""152444456"", ""186756267"", ""70250999""]"
none_subset,4,134957970,112046908,38,229,0,0,0,0,0,0,"[""136989956"", ""206303400"", ""207390535"", ""194420087"", ""163646287"", ""149349102"", ""154880168"", ""34102224"", ""123190192"", ""204218454""]"
none_subset,4,42375630,46481554,46,443,0,0,0,0,0,0,"[""132957109"", ""143280766"", ""204544735"", ""77329979"", ""78347549"", ""136576031"", ""177872819"", ""205769669"", ""79596435"", ""180375963""]"
none_subset,4,135329967,116929460,37,68,0,0,0,0,0,0,"[""82620936"", ""101004970"", ""66708197"", ""192312279"", ""207755116"", ""82961419"", ""129519764"", ""37024390"", ""131581832"", ""164141851""]"
none_subset,4,207552768,183764775,4,54,0,0,0,0,0,0,"[""206636227"", ""188468393"", ""205600080"", ""210484477"", ""191316160"", ""183690665"", ""163340296"", ""188321672"", ""207791923"", ""192952375""]"
none_subset,4,223911113,213295875,62,42,0,0,0,0,0,1,"[""211990154"", ""172843229"", ""192772254"", ""212901239"", ""195303938"", ""205145270"", ""172899019"", ""213971984"", ""212090087"", ""206927728""]"
none_subset,4,171901450,134701518,57,987,0,0,0,0,0,0,"[""163924604"", ""143993691"", ""167495362"", ""165255338"", ""120012296"", ""208035957"", ""174577939"", ""152811727"", ""165671190"", ""191111309""]"
none_subset,4,94318126,79219323,37,178,0,0,0,0,0,0,"[""81629443"", ""174690214"", ""183021602"", ""176300467"", ""25189123"", ""146734205"", ""161417702"", ""147947722"", ""144899760"", ""177169600""]"
none_subset,4,66674874,71990231,4,159,0,0,0,0,0,0,"[""112871050"", ""156103241"", ""188948651"", ""154727199"", ""126889201"", ""185905613"", ""167254533"", ""140998592"", ""123148492"", ""177849963""]"
none_subset,4,197036077,146304930,57,46,0,0,0,0,0,1,"[""147735917"", ""109983619"", ""162086507"", ""84446338"", ""44099846"", ""57896054"", ""113655478"", ""200415629"", ""212867260"", ""102943531""]"
none_subset,4,207669242,183225705,43,318,0,0,0,0,0,0,"[""106212567"", ""154632495"", ""46154800"", ""198322720"", ""166329703"", ""189165560"", ""89809066"", ""146847455"", ""125529231"", ""192528335""]"
none_subset,4,180751434,150129745,64,340,0,0,0,0,0,0,"[""183013744"", ""151373996"", ""105898966"", ""188610188"", ""181441566"", ""214208964"", ""14286061"", ""121255930"", ""121260031"", ""518627""]"
none_subset,4,221126045,201704588,43,34,0,0,0,0,0,1,"[""193746203"", ""212781685"", ""194880726"", ""155909920"", ""164268294"", ""108684069"", ""97506344"", ""208309750"", ""197514276"", ""183640029""]"
none_subset,4,223230808,212216117,37,121,0,0,0,0,0,0,"[""201561139"", ""213298601"", ""150316929"", ""168816718"", ""169799265"", ""142508806"", ""181590682"", ""133761960"", ""148500212"", ""118685254""]"
none_subset,4,177789215,145698626,4,264,0,0,0,0,0,0,"[""190621677"", ""139852579"", ""173055109"", ""150679730"", ""120663751"", ""144373105"", ""184849383"", ""184087480"", ""159922963"", ""122594682""]"
none_subset,4,222158033,209156180,37,36,0,0,0,0,0,1,"[""145639775"", ""132869646"", ""209002652"", ""80808834"", ""27356144"", ""60946553"", ""209553393"", ""143826001"", ""133932837"", ""109130798""]"
none_subset,4,192119956,149266469,37,434,0,0,0,0,0,0,"[""101004970"", ""139307132"", ""164351701"", ""166280219"", ""212047029"", ""207110453"", ""189268503"", ""121097766"", ""170049514"", ""130025536""]"
none_subset,4,121225892,105854316,43,24,0,0,0,0,1,1,"[""174924037"", ""129262032"", ""205731190"", ""73726197"", ""107227181"", ""113535350"", ""200392561"", ""107193923"", ""97506344"", ""197514276""]"
none_subset,4,179492657,148382065,43,861,0,0,0,0,0,0,"[""195408710"", ""186549940"", ""119064343"", ""197613208"", ""127254122"", ""90198681"", ""164476094"", ""183691121"", ""197607322"", ""212188315""]"
none_subset,4,224149841,213430450,43,98,0,0,0,0,0,0,"[""198489911"", ""188561727"", ""207021897"", ""129585321"", ""127321663"", ""201971973"", ""140993217"", ""207016056"", ""145672403"", ""182050443""]"
none_subset,4,197596838,159701581,37,867,0,0,0,0,0,0,"[""206967323"", ""190113798"", ""212934023"", ""188550286"", ""55814406"", ""149406187"", ""203837820"", ""170350787"", ""209000043"", ""205039314""]"
none_subset,4,221943904,206506072,38,847,0,0,0,0,0,0,"[""151805156"", ""207763939"", ""123502593"", ""153686086"", ""44557915"", ""171248361"", ""176455982"", ""133404015"", ""100854450"", ""194365263""]"
none_subset,4,185015935,150778048,37,349,0,0,0,0,0,0,"[""139778879"", ""183978577"", ""29496516"", ""187043151"", ""138020902"", ""178992708"", ""103348357"", ""158117230"", ""153601190"", ""120181686""]"
none_subset,4,214248010,195057440,62,987,0,0,0,0,0,0,"[""58086605"", ""69002225"", ""191201365"", ""186169702"", ""136225463"", ""187612359"", ""190355590"", ""145797588"", ""149461258"", ""80656120""]"
none_subset,4,156067516,81576657,62,68,0,0,0,0,0,0,"[""127168363"", ""206927728"", ""200743344"", ""172843229"", ""174639103"", ""113994482"", ""203401813"", ""131320559"", ""176569557"", ""201325161""]"
none_subset,4,128825916,106268905,43,129,0,0,0,0,0,0,"[""64515020"", ""83550407"", ""145996061"", ""126470047"", ""53878026"", ""120122284"", ""199700611"", ""194759873"", ""184481904"", ""179041576""]"
none_subset,4,223217989,198209727,64,1148,0,0,0,0,0,0,"[""98469115"", ""132289907"", ""133319690"", ""141983245"", ""200043378"", ""188679044"", ""124963799"", ""102619257"", ""156077786"", ""71340112""]"
none_subset,4,225332788,205095267,37,418,0,0,0,0,0,0,"[""192569315"", ""207481345"", ""183010273"", ""170544975"", ""92273591"", ""179900455"", ""85275000"", ""187944382"", ""207178377"", ""79219323""]"
none_subset,4,221285969,23574939,57,2070,0,0,0,0,0,0,"[""110518281"", ""159881542"", ""135635917"", ""112833560"", ""56924514"", ""140413696"", ""112917444"", ""83458535"", ""145037371"", ""120014593""]"
none_subset,4,187728126,143773318,38,1256,0,0,0,0,0,0,"[""91690080"", ""109987226"", ""107054492"", ""196304269"", ""99753126"", ""180347138"", ""192992682"", ""106812535"", ""151708727"", ""110457316""]"
none_subset,4,158852994,136540208,46,225,0,0,0,0,0,0,"[""197454401"", ""132605956"", ""180804264"", ""171229131"", ""213672603"", ""156554598"", ""214464211"", ""129089284"", ""214430451"", ""176660633""]"
none_subset,4,209913415,168442721,62,666,0,0,0,0,0,0,"[""180167452"", ""165119271"", ""113547578"", ""99563204"", ""10317873"", ""135449877"", ""91550082"", ""205216250"", ""156885677"", ""134905481""]"
none_subset,4,199877634,146180479,4,272,0,0,0,0,0,0,"[""213835807"", ""138324707"", ""144683728"", ""94286928"", ""154039318"", ""190340453"", ""156456714"", ""133977293"", ""193858344"", ""141085810""]"
none_subset,4,167765054,138066138,37,2064,0,0,0,0,0,0,"[""201741807"", ""212542886"", ""107872662"", ""198513727"", ""201044584"", ""185694778"", ""210666947"", ""168816718"", ""183519446"", ""188192294""]"
none_subset,4,221305283,194840920,4,607,0,0,0,0,0,0,"[""212277102"", ""78864979"", ""193873768"", ""180748130"", ""204124240"", ""204678434"", ""138230611"", ""208950650"", ""158546701"", ""214893406""]"
none_subset,4,207655443,162346539,4,950,0,0,0,0,0,0,"[""168012970"", ""65412208"", ""164648915"", ""53882418"", ""193934711"", ""165105661"", ""181891365"", ""214498383"", ""141337241"", ""88781085""]"
none_subset,4,224728941,177872819,46,307,0,0,0,0,0,0,"[""200400926"", ""120932240"", ""213672603"", ""165704043"", ""180804264"", ""82615761"", ""205315794"", ""156554598"", ""156263625"", ""197454401""]"
none_subset,4,164312178,139504923,46,219,0,0,0,0,0,0,"[""190358880"", ""75642384"", ""154821670"", ""194301324"", ""120660699"", ""186116554"", ""149547737"", ""171974189"", ""181905212"", ""191705183""]"
none_subset,4,39511867,44749628,64,763,0,0,0,0,0,0,"[""25588585"", ""46094230"", ""60032340"", ""80281524"", ""186122058"", ""153356810"", ""79234720"", ""168668432"", ""63404553"", ""155183786""]"
none_subset,4,221007278,204863011,46,192,0,0,0,0,0,0,"[""207308677"", ""81754384"", ""121389120"", ""168093078"", ""14142542"", ""166648954"", ""153429397"", ""121346371"", ""135652658"", ""83278910""]"
none_subset,4,188340553,126776964,38,533,0,0,0,0,0,0,"[""213380358"", ""144257088"", ""178132616"", ""169283590"", ""203456655"", ""103134592"", ""148728645"", ""190122858"", ""95952428"", ""192443797""]"
none_subset,4,176191491,147433235,43,473,0,0,0,0,0,0,"[""151416547"", ""198166094"", ""204265427"", ""56249203"", ""163095786"", ""86505092"", ""70425482"", ""73260900"", ""209280274"", ""116652853""]"
none_subset,4,225285388,210009094,64,555,0,0,0,0,0,0,"[""214403909"", ""207726882"", ""150570854"", ""211889722"", ""174719538"", ""136600772"", ""154913615"", ""210148884"", ""187276264"", ""176590943""]"
none_subset,4,217256940,95787846,64,400,0,0,0,0,0,0,"[""213581190"", ""131413365"", ""192057548"", ""204273384"", ""92309560"", ""169239802"", ""154412302"", ""99717427"", ""141237466"", ""179411117""]"
none_subset,4,219286194,200007082,4,110,0,0,0,0,0,0,"[""200439718"", ""65093674"", ""165324074"", ""181646106"", ""143253664"", ""153459958"", ""191498286"", ""214968505"", ""68173330"", ""201066421""]"
none_subset,4,225328937,182217673,43,71,0,0,0,0,0,0,"[""191583920"", ""67909736"", ""24058906"", ""150794676"", ""78343862"", ""72343772"", ""127254122"", ""99275271"", ""170523305"", ""125638272""]"
none_subset,4,216776054,195252060,64,889,0,0,0,0,0,0,"[""31566174"", ""153533707"", ""168247151"", ""196286888"", ""207826820"", ""212528042"", ""210666920"", ""119651772"", ""207475739"", ""59824769""]"
none_subset,4,88929888,84904092,57,33,0,0,0,0,0,1,"[""202526079"", ""82248629"", ""196654350"", ""172059758"", ""135872349"", ""79470201"", ""199731867"", ""210683531"", ""207299521"", ""76371725""]"
none_subset,4,215442765,190481856,4,116,0,0,0,0,0,0,"[""207568797"", ""173641656"", ""158546701"", ""191183275"", ""214896797"", ""159659843"", ""214893406"", ""82830352"", ""164756819"", ""179585446""]"
none_subset,4,225059433,215139393,38,55,0,0,0,0,0,0,"[""206039176"", ""213591035"", ""132694650"", ""203319354"", ""207694901"", ""133973101"", ""203987602"", ""99816295"", ""205018667"", ""51837774""]"
none_subset,4,164525297,140610901,38,294,0,0,0,0,0,0,"[""201030455"", ""122560021"", ""194792335"", ""193857539"", ""182704194"", ""136445502"", ""192510359"", ""193252013"", ""40757273"", ""109389723""]"
none_subset,4,152402202,130496317,43,11,0,0,0,0,1,1,"[""197607286"", ""205605896"", ""138106208"", ""75802625"", ""81706080"", ""75648342"", ""141417624"", ""188398971"", ""151392250"", ""213210833""]"
none_subset,4,222866408,169019310,38,69,0,0,0,0,0,0,"[""148428740"", ""215150803"", ""127539785"", ""18107447"", ""123821164"", ""14434511"", ""110664117"", ""148700903"", ""201541368"", ""123220669""]"
none_subset,4,185814053,155908916,4,29,0,0,0,0,1,1,"[""195502889"", ""160501086"", ""102233014"", ""149264383"", ""98834359"", ""171159402"", ""174535187"", ""199488345"", ""119900827"", ""94319899""]"
none_subset,4,198199442,165933677,62,657,0,0,0,0,0,0,"[""184405626"", ""155955578"", ""117977369"", ""195510107"", ""178936975"", ""174866601"", ""149610279"", ""135449877"", ""192577715"", ""156885677""]"
none_subset,4,183922776,54000205,4,419,0,0,0,0,0,0,"[""202002064"", ""197455821"", ""195717749"", ""174141513"", ""16813724"", ""184994826"", ""214212078"", ""163608455"", ""192968334"", ""169697872""]"
none_subset,4,61105325,66742812,43,261,0,0,0,0,0,0,"[""114163759"", ""162612749"", ""201971973"", ""157289534"", ""140993217"", ""111095128"", ""198489911"", ""188561727"", ""154078226"", ""164252684""]"
none_subset,4,187045406,156470070,38,245,0,0,0,0,0,0,"[""126884451"", ""109987226"", ""91690080"", ""204637998"", ""180487810"", ""147686192"", ""204224738"", ""160041957"", ""153364732"", ""132567182""]"
none_subset,4,41623001,47719129,4,179,0,0,0,0,0,0,"[""164526532"", ""129435163"", ""178109092"", ""16236445"", ""23408401"", ""51294207"", ""86878993"", ""210434827"", ""174589045"", ""78628063""]"
none_subset,4,81846769,79676853,43,1323,0,0,0,0,0,0,"[""178272808"", ""84316516"", ""129483238"", ""101587771"", ""168714665"", ""164870997"", ""118470473"", ""75777764"", ""167043645"", ""140810008""]"
none_subset,4,203548595,87345780,57,236,0,0,0,0,0,0,"[""195801582"", ""173887076"", ""57881550"", ""72504192"", ""207389160"", ""202980559"", ""126989970"", ""181893956"", ""125915675"", ""152213594""]"
none_subset,4,126281703,108003168,38,311,0,0,0,0,0,0,"[""111431777"", ""133973101"", ""119063324"", ""141804705"", ""70216012"", ""73432323"", ""104770507"", ""82057494"", ""112301940"", ""133691689""]"
none_subset,4,215144932,196368309,64,231,0,0,0,0,0,0,"[""200033728"", ""210148884"", ""199715478"", ""154913615"", ""122150463"", ""119491080"", ""154919593"", ""106247745"", ""202548043"", ""64566466""]"
none_subset,4,213811620,63293833,57,411,0,0,0,0,0,0,"[""53594227"", ""51949929"", ""152213594"", ""65090075"", ""111600891"", ""72504192"", ""183993242"", ""149204965"", ""14439949"", ""165585527""]"
none_subset,4,224184002,212293169,64,25,0,0,0,0,1,1,"[""88397191"", ""69248477"", ""208915255"", ""173246608"", ""193072604"", ""99425109"", ""166184401"", ""184002672"", ""164717269"", ""209149604""]"
none_subset,4,139698862,117866061,37,14,0,0,0,0,1,1,"[""159129159"", ""107202977"", ""200164411"", ""122241592"", ""194860062"", ""149248013"", ""143030980"", ""209030923"", ""206382148"", ""145706391""]"
none_subset,4,222045268,210273576,4,16,0,0,0,0,1,1,"[""204202021"", ""165023261"", ""187535990"", ""166106900"", ""169992252"", ""213568542"", ""174589045"", ""131992278"", ""181915374"", ""135783987""]"
none_subset,4,63275424,65960411,43,970,0,0,0,0,0,0,"[""120188232"", ""156989303"", ""186726793"", ""127816748"", ""180987149"", ""194855616"", ""172403975"", ""202618641"", ""214969346"", ""133220748""]"
none_subset,4,201091796,171038010,4,233,0,0,0,0,0,0,"[""183774289"", ""195510728"", ""206289183"", ""200734305"", ""198281595"", ""210312086"", ""207099785"", ""205144961"", ""195543776"", ""86385298""]"
none_subset,4,213506306,194031199,4,176,0,0,0,0,0,0,"[""172884595"", ""202571906"", ""179569445"", ""171159402"", ""187096708"", ""179145991"", ""213981943"", ""191246700"", ""196167891"", ""138784306""]"
none_subset,4,224617222,171025610,64,1364,0,0,0,0,0,0,"[""169811379"", ""135996572"", ""203217424"", ""187029541"", ""152337991"", ""204286460"", ""78417008"", ""114231099"", ""205937076"", ""191320922""]"
none_subset,4,142769851,111061767,43,1670,0,0,0,0,0,0,"[""203477271"", ""53410226"", ""164461764"", ""166186965"", ""204889685"", ""50463859"", ""98638580"", ""166301530"", ""202074012"", ""39026970""]"
none_subset,4,218995188,165024808,46,140,0,0,0,0,0,0,"[""182136657"", ""193074174"", ""187611963"", ""184646371"", ""28587929"", ""170432446"", ""190224714"", ""86091554"", ""77062785"", ""202806476""]"
none_subset,4,214405765,74204224,43,97,0,0,0,0,0,0,"[""148801479"", ""162612749"", ""54786988"", ""203668670"", ""146894509"", ""188561727"", ""5568612"", ""18269900"", ""127321663"", ""198489911""]"
none_subset,4,163127963,134221699,38,396,0,0,0,0,0,0,"[""67142038"", ""49778371"", ""130168090"", ""159911050"", ""31980662"", ""188544896"", ""101461920"", ""136989956"", ""208225541"", ""145720442""]"
none_subset,4,134092901,118156059,43,591,0,0,0,0,0,0,"[""61372398"", ""183029564"", ""181955635"", ""144463129"", ""120188232"", ""178810275"", ""98581026"", ""193103331"", ""184970697"", ""73260900""]"
none_subset,4,205692591,82808529,64,1695,0,0,0,0,0,0,"[""183047062"", ""144073843"", ""147451743"", ""112056185"", ""191946769"", ""157672483"", ""180165679"", ""32842438"", ""48108527"", ""60260391""]"
none_subset,4,208366867,183270553,37,266,0,0,0,0,0,0,"[""190906052"", ""169674639"", ""175392694"", ""151708259"", ""131363055"", ""141081466"", ""209034394"", ""146996413"", ""58106994"", ""147117395""]"
none_subset,4,183543814,155947772,38,165,0,0,0,0,0,0,"[""108421334"", ""159835737"", ""165409487"", ""159333154"", ""177867333"", ""124508627"", ""133136953"", ""201541368"", ""116226486"", ""155814671""]"
none_subset,4,132852676,69248477,64,381,0,0,0,0,0,0,"[""181619566"", ""131141531"", ""151051885"", ""90897593"", ""207446541"", ""46094230"", ""127488045"", ""144358079"", ""153330413"", ""121260031""]"
none_subset,4,195382135,166571190,46,360,0,0,0,0,0,0,"[""200814907"", ""202999067"", ""70517064"", ""207806044"", ""178445507"", ""78516486"", ""153152250"", ""35549011"", ""32288484"", ""44855147""]"
none_subset,4,20438195,11666277,62,144,0,0,0,0,0,0,"[""32936165"", ""63916792"", ""74887373"", ""8737650"", ""168785007"", ""194803893"", ""159925612"", ""32200239"", ""160329216"", ""161511273""]"
none_subset,4,188427762,130875451,38,903,0,0,0,0,0,0,"[""183904957"", ""186173164"", ""107054492"", ""196304269"", ""200830087"", ""92430066"", ""89532322"", ""193325020"", ""109987226"", ""192315877""]"
none_subset,4,60824477,58955704,64,98,0,0,0,0,0,0,"[""194094670"", ""204824313"", ""149715107"", ""138800320"", ""203403083"", ""44092132"", ""110133798"", ""183225423"", ""190786565"", ""212760622""]"
none_subset,4,140198057,118242163,38,82,0,0,0,0,0,0,"[""204637998"", ""155422545"", ""199347203"", ""211769488"", ""168166428"", ""151342069"", ""116918686"", ""145697018"", ""167575814"", ""126884451""]"
none_subset,4,184399712,154732137,37,156,0,0,0,0,0,0,"[""195296935"", ""196563012"", ""191911000"", ""190075252"", ""207698281"", ""195583647"", ""211094404"", ""212172992"", ""209128550"", ""116240817""]"
none_subset,4,220020505,138026153,38,112,0,0,0,0,0,0,"[""172844872"", ""167154256"", ""142929788"", ""111757856"", ""127107925"", ""84080355"", ""128745438"", ""155161158"", ""157691544"", ""100750564""]"
none_subset,4,201728666,174586724,46,4,0,0,1,1,1,1,"[""187611963"", ""204627117"", ""196783083"", ""174586724"", ""127947793"", ""184646371"", ""193074174"", ""197415730"", ""138830136"", ""177591787""]"
none_subset,4,29544782,17588522,4,303,0,0,0,0,0,0,"[""175596949"", ""159049760"", ""105642237"", ""138626625"", ""103936826"", ""99699218"", ""158607543"", ""114925208"", ""16247845"", ""171792193""]"
none_subset,4,174272749,143611276,43,160,0,0,0,0,0,0,"[""153867752"", ""124514494"", ""176848040"", ""170652158"", ""200893142"", ""158737000"", ""200894620"", ""158354567"", ""188378226"", ""171798974""]"
none_subset,4,199053162,161334927,57,1634,0,0,0,0,0,0,"[""202009045"", ""135810804"", ""165109337"", ""131948569"", ""175993260"", ""139655945"", ""118860917"", ""209465166"", ""208504223"", ""182367509""]"
none_subset,4,76745510,71210763,46,1032,0,0,0,0,0,0,"[""210837002"", ""98678440"", ""164912617"", ""114943400"", ""166204499"", ""112097565"", ""164665349"", ""165704043"", ""169636588"", ""191898655""]"
none_subset,4,199131029,144049941,62,2235,0,0,0,0,0,0,"[""156885677"", ""135449877"", ""180324136"", ""134377605"", ""76665110"", ""46446514"", ""194843976"", ""130642042"", ""155720770"", ""176645947""]"
none_subset,4,187224507,153091037,37,589,0,0,0,0,0,0,"[""141087936"", ""165767706"", ""89454786"", ""184920959"", ""151497086"", ""147794006"", ""179609391"", ""200024420"", ""102274756"", ""52435800""]"
none_subset,4,224740648,154090124,38,478,0,0,0,0,0,0,"[""149732635"", ""45579165"", ""20918033"", ""56711957"", ""209590588"", ""136204876"", ""74273124"", ""101375863"", ""6679232"", ""196280032""]"
none_subset,4,220439487,203377602,62,174,0,0,0,0,0,0,"[""203335692"", ""167750528"", ""146789147"", ""134120804"", ""187005682"", ""22079020"", ""135157671"", ""124381580"", ""186756267"", ""197129044""]"
none_subset,4,219251026,203992364,64,30,0,0,0,0,1,1,"[""111705025"", ""120036834"", ""174340250"", ""88397191"", ""109320323"", ""113587141"", ""202527449"", ""209149604"", ""136347027"", ""164717269""]"
none_subset,4,187508039,136496108,62,586,0,0,0,0,0,0,"[""99563204"", ""74331129"", ""95106973"", ""113866351"", ""92929398"", ""192075659"", ""188696626"", ""94546694"", ""152815967"", ""82871684""]"
none_subset,4,214067749,181646106,4,14,0,0,0,0,1,1,"[""152685161"", ""65093674"", ""214968505"", ""112919636"", ""137934343"", ""56134226"", ""186220965"", ""144995106"", ""201066421"", ""200691824""]"
none_subset,4,216694304,200271479,62,1,1,1,1,1,1,1,"[""200271479"", ""109144733"", ""167656283"", ""150180683"", ""143226394"", ""210197649"", ""167732430"", ""144314189"", ""143227017"", ""190955120""]"
none_subset,4,201918089,176600488,46,2065,0,0,0,0,0,0,"[""205769669"", ""206921287"", ""79988383"", ""201507987"", ""45375287"", ""130443128"", ""79177413"", ""77995654"", ""208099409"", ""186776259""]"
none_subset,4,47122871,41756235,43,893,0,0,0,0,0,0,"[""125860815"", ""68219566"", ""189165560"", ""114763824"", ""85668148"", ""146138879"", ""54249020"", ""117984925"", ""4674477"", ""77335627""]"
none_subset,4,222892044,211669271,64,1251,0,0,0,0,0,0,"[""155789483"", ""108051613"", ""103562123"", ""202978110"", ""202253212"", ""172458661"", ""56833135"", ""88248087"", ""141031821"", ""162587856""]"
none_subset,4,169319496,136515877,43,29,0,0,0,0,1,1,"[""100215754"", ""197613208"", ""160598030"", ""168131196"", ""33389792"", ""195866072"", ""65189990"", ""120594115"", ""162605137"", ""164251704""]"
none_subset,4,125288533,108861780,4,105,0,0,0,0,0,0,"[""161593927"", ""36482821"", ""190871924"", ""169250822"", ""207566657"", ""50763233"", ""193746035"", ""105063903"", ""116474962"", ""56998165""]"
none_subset,4,195356107,167530279,62,42,0,0,0,0,0,1,"[""192716019"", ""150945055"", ""146878510"", ""201461957"", ""160586788"", ""72763415"", ""176333450"", ""186145130"", ""214110785"", ""137617785""]"
none_subset,4,208455419,184515969,37,22,0,0,0,0,1,1,"[""188967908"", ""183122776"", ""109130798"", ""58893791"", ""213026576"", ""158117230"", ""42842956"", ""152762226"", ""115215869"", ""103348357""]"
none_subset,4,208182607,182783107,62,2066,0,0,0,0,0,0,"[""121464697"", ""156966802"", ""146878510"", ""56951341"", ""190306785"", ""93458026"", ""176333450"", ""130184436"", ""193735232"", ""141274480""]"
none_subset,4,214465153,187955925,38,114,0,0,0,0,0,0,"[""92430066"", ""201030455"", ""14434511"", ""171755799"", ""148428740"", ""200830087"", ""44504337"", ""167154238"", ""116226486"", ""117484063""]"
none_subset,4,186760791,155870634,4,1670,0,0,0,0,0,0,"[""152685161"", ""183725729"", ""70921117"", ""144513042"", ""121025812"", ""151009561"", ""184628720"", ""177954352"", ""179804262"", ""185787629""]"
none_subset,4,194665533,157482383,46,101,0,0,0,0,0,0,"[""129089284"", ""64234906"", ""68978046"", ""110268464"", ""174465659"", ""140827649"", ""127408911"", ""210962988"", ""119695215"", ""132605956""]"
none_subset,4,218470994,203493090,4,593,0,0,0,0,0,0,"[""213281189"", ""146144877"", ""211821321"", ""167026168"", ""131037236"", ""162650154"", ""162721825"", ""176681471"", ""211253445"", ""122717867""]"
none_subset,4,223715437,208996795,62,205,0,0,0,0,0,0,"[""163318709"", ""209588722"", ""213194224"", ""163318703"", ""7191392"", ""201968923"", ""148650476"", ""181082260"", ""79702732"", ""85051086""]"
none_subset,4,69981774,24433447,62,1652,0,0,0,0,0,0,"[""127682307"", ""213858568"", ""185409558"", ""86295030"", ""188361417"", ""9716999"", ""13653122"", ""125173216"", ""114607053"", ""187064730""]"
none_subset,4,220609947,191700438,37,224,0,0,0,0,0,0,"[""128177539"", ""151940120"", ""179319840"", ""184357547"", ""172283615"", ""192414071"", ""137567904"", ""153610553"", ""186270944"", ""204666072""]"
none_subset,4,172785626,140687112,62,1227,0,0,0,0,0,0,"[""106557292"", ""210678182"", ""110202670"", ""94546694"", ""146789147"", ""52848243"", ""136870941"", ""194843976"", ""59483405"", ""209579537""]"
none_subset,4,209414180,186937016,64,21,0,0,0,0,1,1,"[""192179303"", ""211987351"", ""210110340"", ""187944465"", ""60124479"", ""204125965"", ""166840834"", ""195529634"", ""128525879"", ""155576109""]"
none_subset,4,182325239,78218137,64,991,0,0,0,0,0,0,"[""103416735"", ""179015555"", ""116380815"", ""138115654"", ""131141531"", ""203544848"", ""157803989"", ""181619566"", ""123167911"", ""152368817""]"
none_subset,4,172259600,140907909,37,219,0,0,0,0,0,0,"[""152762226"", ""183777475"", ""169268977"", ""115215869"", ""53389573"", ""158117230"", ""214702437"", ""149017929"", ""185636932"", ""29496516""]"
none_subset,4,177017394,148559209,43,818,0,0,0,0,0,0,"[""204821849"", ""178871976"", ""157240824"", ""115857968"", ""192559614"", ""163286400"", ""185138279"", ""104255136"", ""59161409"", ""154676816""]"
none_subset,4,218283913,195332849,37,8,0,0,0,1,1,1,"[""162276026"", ""205465612"", ""162275547"", ""164430683"", ""192511179"", ""116449619"", ""195301608"", ""195332849"", ""207913496"", ""132867062""]"
none_subset,4,224935448,200715695,38,71,0,0,0,0,0,0,"[""203456374"", ""209454122"", ""86748527"", ""213422465"", ""191737393"", ""207870282"", ""155797300"", ""184698900"", ""181933334"", ""189303189""]"
none_subset,4,59634381,63004444,4,66,0,0,0,0,0,0,"[""138975756"", ""145303232"", ""144373105"", ""155062344"", ""158175855"", ""206799452"", ""156103241"", ""50883863"", ""54212504"", ""172890535""]"
none_subset,4,223974127,213482572,46,82,0,0,0,0,0,0,"[""173634775"", ""213130291"", ""200584617"", ""204540006"", ""204759997"", ""173421370"", ""201461152"", ""157471709"", ""210880528"", ""146586089""]"
none_subset,4,187675681,111085092,38,206,0,0,0,0,0,0,"[""171755799"", ""113999751"", ""69350726"", ""200169056"", ""92430066"", ""47432873"", ""180386955"", ""62510663"", ""177473283"", ""193252013""]"
none_subset,4,210813984,181699642,4,114,0,0,0,0,0,0,"[""183642706"", ""173259969"", ""210482913"", ""145800774"", ""186739934"", ""190503853"", ""193858344"", ""146649572"", ""130389344"", ""56134226""]"
none_subset,4,123223889,104127006,46,14,0,0,0,0,1,1,"[""160547557"", ""179855914"", ""174623464"", ""169165853"", ""187734223"", ""180749212"", ""209067761"", ""205368126"", ""96833542"", ""138971583""]"
none_subset,4,135523212,116240817,37,48,0,0,0,0,0,1,"[""88534873"", ""119227333"", ""66495486"", ""76841920"", ""58893791"", ""42842956"", ""196428679"", ""151964729"", ""14688074"", ""29496516""]"
none_subset,4,181412969,166272408,43,1514,0,0,0,0,0,0,"[""210037205"", ""203995902"", ""210958988"", ""212129667"", ""200879611"", ""138762038"", ""190234147"", ""88578062"", ""203849841"", ""103370780""]"
none_subset,4,195193381,160686884,64,85,0,0,0,0,0,0,"[""160400188"", ""123750767"", ""212760622"", ""128217933"", ""149715107"", ""92189436"", ""109661801"", ""157803989"", ""132803751"", ""183225423""]"
none_subset,4,8242218,6658108,4,344,0,0,0,0,0,0,"[""214893406"", ""183741193"", ""206276218"", ""183754777"", ""158546701"", ""164258790"", ""209043508"", ""205390513"", ""185596367"", ""39175557""]"
none_subset,4,209410188,185723367,64,993,0,0,0,0,0,0,"[""76676235"", ""173526297"", ""150385215"", ""120966979"", ""131561726"", ""193536959"", ""117014804"", ""162799044"", ""167158322"", ""143663551""]"
none_subset,4,179871206,150394632,37,83,0,0,0,0,0,0,"[""209794141"", ""209030923"", ""175339837"", ""178981277"", ""155458733"", ""201003118"", ""138628079"", ""199878779"", ""117265279"", ""51138626""]"
none_subset,4,163060754,106343904,62,158,0,0,0,0,0,0,"[""165279109"", ""150940601"", ""214511493"", ""188045603"", ""194341665"", ""186756267"", ""52014335"", ""44553273"", ""67549297"", ""197681506""]"
none_subset,4,216062725,172884595,4,13,0,0,0,0,1,1,"[""160129846"", ""202571906"", ""185360306"", ""189901460"", ""188074441"", ""153928357"", ""73825216"", ""160260159"", ""196167891"", ""205600080""]"
none_subset,4,199958816,173824567,46,1925,0,0,0,0,0,0,"[""170790096"", ""129338201"", ""135883318"", ""8742737"", ""137569131"", ""179800703"", ""44855147"", ""184407267"", ""178808064"", ""139912235""]"
none_subset,4,183586159,128098941,37,787,0,0,0,0,0,0,"[""190113798"", ""200379642"", ""140164328"", ""190075252"", ""164415171"", ""17206468"", ""72951233"", ""186085070"", ""55796783"", ""147751334""]"
none_subset,4,139811710,121324439,62,1165,0,0,0,0,0,0,"[""145797588"", ""128533237"", ""149461258"", ""58086605"", ""194230029"", ""203208937"", ""190355590"", ""186169702"", ""109144733"", ""167065391""]"
none_subset,4,170237519,117006578,62,21,0,0,0,0,1,1,"[""80344615"", ""164086518"", ""45013331"", ""113866351"", ""42940692"", ""70381552"", ""158157895"", ""212966939"", ""162263431"", ""81019795""]"
none_subset,4,195318248,161147605,37,460,0,0,0,0,0,0,"[""150950507"", ""165767706"", ""191494230"", ""198753304"", ""89454786"", ""156260279"", ""184920959"", ""16898206"", ""212035633"", ""117265279""]"
none_subset,4,206075921,169435001,46,265,0,0,0,0,0,0,"[""65618657"", ""153503851"", ""121183627"", ""201405465"", ""159536710"", ""74187345"", ""154894208"", ""202512541"", ""206843208"", ""47199408""]"
none_subset,4,100867984,91035907,57,674,0,0,0,0,0,0,"[""29270498"", ""119144884"", ""117927111"", ""122877346"", ""154843596"", ""179666076"", ""85499926"", ""138657391"", ""202059060"", ""135635917""]"
none_subset,4,209791876,107331925,43,845,0,0,0,0,0,0,"[""156158359"", ""197613208"", ""188036629"", ""202343187"", ""208096405"", ""200208585"", ""146783647"", ""119675310"", ""153040976"", ""125908093""]"
none_subset,4,224130840,194261583,46,184,0,0,0,0,0,0,"[""202089453"", ""139629122"", ""151502148"", ""207537150"", ""109811257"", ""134421881"", ""203506552"", ""138107923"", ""206602271"", ""132957622""]"
none_subset,4,223420921,212469100,46,99,0,0,0,0,0,0,"[""133461188"", ""143513057"", ""205395255"", ""172433080"", ""108934756"", ""209482743"", ""205037941"", ""136320022"", ""211028341"", ""210856802""]"
none_subset,4,222677275,209124215,4,391,0,0,0,0,0,0,"[""187535990"", ""196161368"", ""188468393"", ""195510728"", ""205600080"", ""181664054"", ""180843726"", ""188602972"", ""163340296"", ""203466268""]"
none_subset,4,140229338,122181220,57,469,0,0,0,0,0,0,"[""110306995"", ""204658040"", ""65090075"", ""122789892"", ""186597709"", ""183993242"", ""46330390"", ""82520729"", ""40488723"", ""99723323""]"
none_subset,4,196267500,142499231,4,49,0,0,0,0,0,1,"[""202167018"", ""167643231"", ""12396291"", ""149759096"", ""93696567"", ""122564854"", ""184087480"", ""51992415"", ""197547141"", ""181843286""]"
none_subset,4,184906862,153113645,37,396,0,0,0,0,0,0,"[""137567904"", ""151240773"", ""209045757"", ""192414071"", ""178981277"", ""169510905"", ""170959122"", ""162024932"", ""145502443"", ""201913256""]"
none_subset,4,204995496,164098406,64,56,0,0,0,0,0,0,"[""152337991"", ""187029541"", ""187914316"", ""169811379"", ""135996572"", ""62581454"", ""160006498"", ""133169923"", ""203217424"", ""202400540""]"
none_subset,4,150224460,124215587,38,165,0,0,0,0,0,0,"[""171072811"", ""79241550"", ""156836340"", ""156470070"", ""84080355"", ""104835682"", ""105087405"", ""158784944"", ""211199092"", ""207844498""]"
none_subset,4,222981811,211809068,4,654,0,0,0,0,0,0,"[""207985124"", ""185133383"", ""180575809"", ""195078992"", ""188605425"", ""209268749"", ""191627911"", ""198087841"", ""215580451"", ""156855089""]"
none_subset,4,119236072,106792362,38,1287,0,0,0,0,0,0,"[""154762222"", ""149982401"", ""60873658"", ""167154238"", ""161002473"", ""125496543"", ""76490987"", ""186173164"", ""207911331"", ""164678834""]"
none_subset,4,78479277,55373470,64,1191,0,0,0,0,0,0,"[""159745593"", ""107659439"", ""155789483"", ""156833951"", ""173622957"", ""215220099"", ""144281937"", ""127512781"", ""182570567"", ""34755694""]"
none_subset,4,213826296,194374377,37,1025,0,0,0,0,0,0,"[""193679263"", ""187812442"", ""99469380"", ""188679659"", ""186179843"", ""146818815"", ""157022245"", ""147143113"", ""121116115"", ""157798849""]"
none_subset,4,179398796,143030980,37,49,0,0,0,0,0,1,"[""46870157"", ""146533593"", ""56844437"", ""143065524"", ""173457533"", ""143680520"", ""33563950"", ""148861378"", ""147023317"", ""80669323""]"
none_subset,4,224139233,211667378,43,10,0,0,0,1,1,1,"[""192529072"", ""166148334"", ""185897088"", ""190677683"", ""164527202"", ""212033090"", ""184875265"", ""168115086"", ""209156407"", ""211667378""]"
none_subset,4,88158135,76586668,37,35,0,0,0,0,0,1,"[""84416822"", ""63368910"", ""101905613"", ""134055274"", ""76037021"", ""71957357"", ""191849051"", ""210451253"", ""202778075"", ""60946553""]"
none_subset,4,221359391,202029162,64,2454,0,0,0,0,0,0,"[""65008714"", ""75157723"", ""95779860"", ""70607335"", ""168315905"", ""74256345"", ""208465437"", ""156766484"", ""179210556"", ""183129773""]"
none_subset,4,195794862,124508627,38,2,0,1,1,1,1,1,"[""197433311"", ""124508627"", ""86748527"", ""123259370"", ""205481720"", ""167345837"", ""139494203"", ""66553240"", ""125546738"", ""159213527""]"
none_subset,4,166498224,123480831,4,13,0,0,0,0,1,1,"[""215452386"", ""110512138"", ""138966111"", ""185556523"", ""80560830"", ""210169790"", ""122758097"", ""135039248"", ""203962091"", ""115483149""]"
none_subset,4,113510417,102624613,38,242,0,0,0,0,0,0,"[""193133447"", ""207390508"", ""188963004"", ""152196582"", ""154880168"", ""48003015"", ""208225541"", ""156629865"", ""178462865"", ""132671829""]"
none_subset,4,213563483,190912236,46,149,0,0,0,0,0,0,"[""129338201"", ""208708242"", ""205031717"", ""153152250"", ""100882487"", ""78094109"", ""170790096"", ""68647858"", ""44855147"", ""143853422""]"
none_subset,4,213076500,192410120,4,22,0,0,0,0,1,1,"[""205600080"", ""195830492"", ""190789377"", ""187257731"", ""202571906"", ""208780104"", ""215600148"", ""182904703"", ""160129846"", ""195524404""]"
none_subset,4,207371562,85388350,38,162,0,0,0,0,0,0,"[""159911050"", ""130168090"", ""67142038"", ""31980662"", ""101461920"", ""194346900"", ""201872814"", ""202152397"", ""181834833"", ""204092180""]"
none_subset,4,170799193,142786924,62,2019,0,0,0,0,0,0,"[""193705208"", ""146789147"", ""67163751"", ""156503039"", ""191710575"", ""189619120"", ""190955120"", ""211691904"", ""179449692"", ""210298644""]"
none_subset,4,157935470,137663096,64,874,0,0,0,0,0,0,"[""119643934"", ""197648445"", ""195529634"", ""200590603"", ""157313823"", ""160400188"", ""146681358"", ""204125965"", ""206396108"", ""116380815""]"
none_subset,4,221793800,207709809,64,159,0,0,0,0,0,0,"[""133169923"", ""187914316"", ""206213762"", ""70397289"", ""152337991"", ""62581454"", ""61171786"", ""191201429"", ""201344830"", ""160006498""]"
none_subset,4,163553686,140059192,43,2140,0,0,0,0,0,0,"[""127459019"", ""75771817"", ""4674477"", ""174578139"", ""43472863"", ""141669650"", ""182294431"", ""138589509"", ""155678818"", ""154142943""]"
none_subset,4,79477223,50363701,64,1375,0,0,0,0,0,0,"[""172848022"", ""106833257"", ""63861102"", ""186850320"", ""105652723"", ""58475692"", ""20148877"", ""202029162"", ""148414231"", ""164025251""]"
none_subset,4,62806163,67822220,62,1641,0,0,0,0,0,0,"[""122377328"", ""61171420"", ""178964015"", ""101066716"", ""191710575"", ""76575420"", ""132448455"", ""117006578"", ""95885283"", ""186943676""]"
none_subset,4,222707355,210160269,62,514,0,0,0,0,0,0,"[""198039882"", ""213971984"", ""196890627"", ""74279773"", ""136291796"", ""165284774"", ""190409559"", ""28665915"", ""153551332"", ""30078134""]"
none_subset,4,110437116,87886557,62,25,0,0,0,0,1,1,"[""195842978"", ""52773606"", ""141918937"", ""166974075"", ""27811914"", ""178555370"", ""181091254"", ""133860591"", ""188860992"", ""155669593""]"
none_subset,4,80727090,51294207,4,597,0,0,0,0,0,0,"[""119900827"", ""112930320"", ""150456310"", ""82830352"", ""151649288"", ""155908916"", ""174535187"", ""151451581"", ""171159402"", ""207143420""]"
none_subset,4,147100623,128611931,62,271,0,0,0,0,0,0,"[""192396971"", ""25260455"", ""212334345"", ""190708058"", ""211936201"", ""100144178"", ""61635952"", ""52919918"", ""179155211"", ""57861067""]"
none_subset,4,190773415,153434097,57,1915,0,0,0,0,0,0,"[""24251920"", ""31677187"", ""202059060"", ""211007808"", ""171524744"", ""201562377"", ""97187105"", ""205128045"", ""141395308"", ""179666076""]"
none_subset,4,224133090,194938661,4,118,0,0,0,0,0,0,"[""195819596"", ""176819214"", ""194446742"", ""206799452"", ""182361800"", ""209700200"", ""197921332"", ""194377968"", ""50763598"", ""214728932""]"
none_subset,4,221095450,207841001,37,1105,0,0,0,0,0,0,"[""210562159"", ""197238711"", ""210226726"", ""120181686"", ""168816718"", ""199753052"", ""149406187"", ""204075228"", ""211987844"", ""207698281""]"
none_subset,4,208008581,28587929,46,11,0,0,0,0,1,1,"[""146029150"", ""171227160"", ""108971427"", ""212530716"", ""182136657"", ""167525245"", ""207529569"", ""171227152"", ""102548981"", ""143182122""]"
none_subset,4,210415984,188761133,4,187,0,0,0,0,0,0,"[""152685161"", ""16813724"", ""65093674"", ""146961197"", ""194377968"", ""194338856"", ""169697872"", ""153876614"", ""77968334"", ""154267881""]"
none_subset,4,182600643,144143200,37,871,0,0,0,0,0,0,"[""198930981"", ""126554078"", ""106674292"", ""73988555"", ""154513499"", ""10976521"", ""144129822"", ""213026403"", ""84838254"", ""53389573""]"
none_subset,4,210471413,190358880,46,312,0,0,0,0,0,0,"[""184612826"", ""59097004"", ""167383627"", ""139649558"", ""194854155"", ""160110731"", ""156554598"", ""193874948"", ""155017018"", ""154894208""]"
none_subset,4,135107773,96824128,38,834,0,0,0,0,0,0,"[""148428523"", ""131848218"", ""113398847"", ""154112907"", ""146151329"", ""81842837"", ""120726041"", ""202829895"", ""190453683"", ""2578071""]"
none_subset,4,124840811,110325303,38,412,0,0,0,0,0,0,"[""192510359"", ""84270721"", ""150442928"", ""168951957"", ""182704194"", ""76674163"", ""194567057"", ""143671272"", ""206067851"", ""159326492""]"
none_subset,4,217084111,200875902,4,799,0,0,0,0,0,0,"[""65093674"", ""77968334"", ""198809896"", ""186739934"", ""56134226"", ""181054833"", ""191498286"", ""76519929"", ""180843726"", ""206303506""]"
none_subset,4,115285017,104128337,62,16,0,0,0,0,1,1,"[""161511273"", ""135330582"", ""143139548"", ""182000351"", ""32936165"", ""64031678"", ""137144214"", ""32200239"", ""157472228"", ""117835777""]"
none_subset,4,194202949,167566947,46,486,0,0,0,0,0,0,"[""162507293"", ""212429674"", ""89165049"", ""83646259"", ""183722605"", ""144757929"", ""187829464"", ""130420267"", ""172197706"", ""138296131""]"
none_subset,4,49482906,56833135,64,64,0,0,0,0,0,0,"[""153271284"", ""95857401"", ""184683737"", ""70939079"", ""200250551"", ""200859322"", ""94149734"", ""210923456"", ""185413694"", ""158680148""]"
none_subset,4,150814959,102116724,46,675,0,0,0,0,0,0,"[""37708588"", ""44855147"", ""35549011"", ""70517064"", ""124510956"", ""143366526"", ""80195905"", ""102529512"", ""155950947"", ""111095231""]"
none_subset,4,182574603,153205005,37,680,0,0,0,0,0,0,"[""29496516"", ""186986472"", ""169268977"", ""187043151"", ""94966858"", ""88534873"", ""42842956"", ""185636932"", ""105274553"", ""120893128""]"
none_subset,4,182596207,154443104,64,22,0,0,0,0,1,1,"[""204824313"", ""60032340"", ""124110006"", ""109321941"", ""118284407"", ""195702681"", ""138803213"", ""179201033"", ""149715107"", ""125561073""]"
none_subset,4,175107909,99469226,38,169,0,0,0,0,0,0,"[""110664117"", ""213205324"", ""214394715"", ""159835737"", ""201541368"", ""215150803"", ""200830087"", ""126012999"", ""14434511"", ""183569499""]"
none_subset,4,172386087,144723349,37,73,0,0,0,0,0,0,"[""38725558"", ""178551362"", ""155458733"", ""64645018"", ""120893128"", ""136265720"", ""186986472"", ""141163497"", ""88534873"", ""103348357""]"
none_subset,4,186539771,57596469,57,243,0,0,0,0,0,0,"[""203136628"", ""208717293"", ""38003133"", ""71702477"", ""176835551"", ""63293833"", ""76371725"", ""74217827"", ""182790464"", ""196654350""]"
none_subset,4,224433695,130607036,64,740,0,0,0,0,0,0,"[""60032340"", ""115621700"", ""194941994"", ""201970343"", ""123687478"", ""181671018"", ""188038298"", ""151366408"", ""146444401"", ""97650176""]"
none_subset,4,220875311,206145191,62,587,0,0,0,0,0,0,"[""206964681"", ""160871092"", ""156503039"", ""150919912"", ""187833502"", ""191710575"", ""201460182"", ""202627342"", ""182866713"", ""172997177""]"
none_subset,4,209289778,206437718,38,235,0,0,0,0,0,0,"[""121564255"", ""192933104"", ""190417621"", ""123190192"", ""122392168"", ""201835961"", ""181227444"", ""53254163"", ""95395941"", ""197105990""]"
none_subset,4,211633732,186938801,64,470,0,0,0,0,0,0,"[""192779268"", ""147671714"", ""211889722"", ""174719538"", ""210635321"", ""196368507"", ""208628985"", ""88249240"", ""210148884"", ""200033728""]"
none_subset,4,192954657,121769331,37,1373,0,0,0,0,0,0,"[""126929630"", ""166280219"", ""183923787"", ""156898538"", ""152102790"", ""210425135"", ""150433252"", ""134901665"", ""170049514"", ""194918694""]"
none_subset,4,211337769,60532395,4,227,0,0,0,0,0,0,"[""186934020"", ""202119489"", ""206285668"", ""76695262"", ""72045166"", ""97942818"", ""152350533"", ""181658560"", ""155621693"", ""122965096""]"
none_subset,4,207359338,180794567,43,159,0,0,0,0,0,0,"[""164251704"", ""212033090"", ""67909736"", ""168131196"", ""208864917"", ""197613208"", ""121279267"", ""199520065"", ""100215754"", ""195866072""]"
none_subset,4,181119347,152594710,38,154,0,0,0,0,0,0,"[""98477697"", ""200830087"", ""96535503"", ""18107447"", ""199367174"", ""179244626"", ""209239234"", ""200700536"", ""151069586"", ""105047287""]"
none_subset,4,192089775,141708436,43,499,0,0,0,0,0,0,"[""136611640"", ""193020832"", ""135871857"", ""121314084"", ""171376543"", ""202169801"", ""107050740"", ""127299818"", ""192528335"", ""139496028""]"
none_subset,4,169202014,115792264,64,941,0,0,0,0,0,0,"[""95857401"", ""63404553"", ""211889089"", ""73521813"", ""78359767"", ""200859322"", ""131215451"", ""80804414"", ""168668432"", ""62091212""]"
none_subset,4,155898722,126525390,62,491,0,0,0,0,0,0,"[""131432619"", ""32936165"", ""63916792"", ""212503126"", ""212966939"", ""191098407"", ""78481865"", ""190825905"", ""128240620"", ""159925612""]"
none_subset,4,211085207,187320580,4,29,0,0,0,0,1,1,"[""202571906"", ""191316160"", ""186079283"", ""190685714"", ""205600080"", ""155908916"", ""208780104"", ""177056777"", ""195830492"", ""198221149""]"
none_subset,4,111236993,97545603,37,2036,0,0,0,0,0,0,"[""192617496"", ""210502009"", ""186828726"", ""173640245"", ""191911000"", ""187324915"", ""199918988"", ""194408004"", ""187502080"", ""187543270""]"
none_subset,4,85665818,81445491,62,642,0,0,0,0,0,0,"[""117977369"", ""112177351"", ""184997209"", ""104468361"", ""84991316"", ""141339622"", ""154898111"", ""202743016"", ""168407756"", ""173809772""]"
none_subset,4,199996991,170147206,4,190,0,0,0,0,0,0,"[""190340453"", ""154203183"", ""179909533"", ""130389344"", ""210926865"", ""141085810"", ""199183086"", ""142766143"", ""144067777"", ""147477733""]"
none_subset,4,164955237,134994151,37,1910,0,0,0,0,0,0,"[""207913496"", ""208828602"", ""153367008"", ""157270034"", ""208671848"", ""60964945"", ""174852305"", ""204151797"", ""159816408"", ""140706897""]"
none_subset,4,217442847,201658546,43,8,0,0,0,1,1,1,"[""213139647"", ""109221510"", ""88578062"", ""203417954"", ""194022987"", ""102049448"", ""67592791"", ""201658546"", ""120673072"", ""188409353""]"
none_subset,4,172403730,76977277,38,200,0,0,0,0,0,0,"[""49391991"", ""138353042"", ""190453683"", ""121564255"", ""205579072"", ""121639115"", ""179234058"", ""159207738"", ""80390206"", ""67355451""]"
none_subset,4,140287781,123170607,43,248,0,0,0,0,0,0,"[""195240617"", ""59420171"", ""199553574"", ""139853041"", ""209552250"", ""191363897"", ""125529016"", ""182217673"", ""170523305"", ""125981589""]"
none_subset,4,200638032,172191290,37,1293,0,0,0,0,0,0,"[""132869646"", ""145639775"", ""21522894"", ""209553393"", ""80808834"", ""209002652"", ""50495635"", ""27356144"", ""211415830"", ""176171377""]"
none_subset,4,119991899,107659439,64,122,0,0,0,0,0,0,"[""204824313"", ""149715107"", ""157000160"", ""160400188"", ""127512781"", ""138800320"", ""178492296"", ""92189436"", ""123750767"", ""132803751""]"
none_subset,4,198158905,164230111,46,223,0,0,0,0,0,0,"[""169485140"", ""128970500"", ""215475381"", ""121346371"", ""138179744"", ""204723094"", ""169602941"", ""45375287"", ""50445939"", ""109987121""]"
none_subset,4,209598796,186925656,43,842,0,0,0,0,0,0,"[""54249020"", ""212847147"", ""136611640"", ""102607958"", ""146898856"", ""114763824"", ""155678818"", ""50216046"", ""129743380"", ""75839915""]"
none_subset,4,203010575,176571185,64,1974,0,0,0,0,0,0,"[""157103060"", ""72224328"", ""132289907"", ""144399371"", ""187406196"", ""191710817"", ""97353101"", ""135170809"", ""126494422"", ""95788322""]"
none_subset,4,222626912,171227160,46,98,0,0,0,0,0,0,"[""190224714"", ""78094109"", ""182136657"", ""136992761"", ""177479543"", ""180829317"", ""194951479"", ""205031717"", ""208708242"", ""144964708""]"
none_subset,4,61618898,60295246,62,997,0,0,0,0,0,0,"[""81077749"", ""14027620"", ""1975349"", ""211638809"", ""198734216"", ""86857938"", ""70189978"", ""178706930"", ""134618566"", ""112414551""]"
none_subset,4,205174555,122483687,62,1240,0,0,0,0,0,0,"[""145492438"", ""212966939"", ""70381552"", ""15723967"", ""63916792"", ""60189912"", ""67833941"", ""4357432"", ""45997741"", ""75207324""]"
none_subset,4,225336989,131581832,37,1895,0,0,0,0,0,0,"[""200025016"", ""192597928"", ""93714502"", ""192387012"", ""100774234"", ""152140191"", ""127873279"", ""147143113"", ""159931625"", ""121116115""]"
none_subset,4,198174415,129949845,43,112,0,0,0,0,0,0,"[""171833857"", ""185822792"", ""29596208"", ""163095786"", ""130448492"", ""214876955"", ""182355269"", ""198166094"", ""192247862"", ""120544015""]"
none_subset,4,184554656,86866783,43,30,0,0,0,0,1,1,"[""90011446"", ""57556019"", ""133582641"", ""96300750"", ""73371698"", ""114167233"", ""156158793"", ""193186547"", ""210455532"", ""73201099""]"
none_subset,4,223713571,173196317,64,1652,0,0,0,0,0,0,"[""194031832"", ""127444518"", ""183737495"", ""210055173"", ""201926731"", ""195745425"", ""201344830"", ""137648602"", ""70397289"", ""68125060""]"
none_subset,4,199746354,169922901,4,58,0,0,0,0,0,0,"[""51485643"", ""207316494"", ""141167432"", ""144046125"", ""211774897"", ""209174117"", ""22753311"", ""84800476"", ""173244086"", ""204086663""]"
none_subset,4,207524726,180961442,43,2,0,1,1,1,1,1,"[""210822887"", ""180961442"", ""206290556"", ""201213450"", ""142700536"", ""143611276"", ""182583580"", ""198078019"", ""196069283"", ""187215484""]"
none_subset,4,224986236,194958352,37,367,0,0,0,0,0,0,"[""209161669"", ""181408383"", ""201740861"", ""188568572"", ""206298544"", ""213416559"", ""157945105"", ""206864139"", ""197844035"", ""202328948""]"
none_subset,4,223299919,212317993,4,69,0,0,0,0,0,0,"[""211858811"", ""184322806"", ""195078992"", ""198615413"", ""191627911"", ""180575809"", ""194722275"", ""190121568"", ""168099979"", ""196026500""]"
none_subset,4,164990518,140488166,4,570,0,0,0,0,0,0,"[""143872793"", ""81323441"", ""56691048"", ""214575516"", ""169868864"", ""126589900"", ""196824847"", ""188613028"", ""210361777"", ""134721823""]"
none_subset,4,154133298,146207857,46,168,0,0,0,0,0,0,"[""131820664"", ""59625040"", ""207162326"", ""207326970"", ""138969592"", ""159934642"", ""103172216"", ""83646259"", ""205356898"", ""81216321""]"
none_subset,4,224478372,211203480,38,21,0,0,0,0,1,1,"[""133973101"", ""180059769"", ""173080745"", ""196738406"", ""205465606"", ""186169057"", ""213591035"", ""132694650"", ""192654285"", ""153672609""]"
none_subset,4,45015704,71089233,64,133,0,0,0,0,0,0,"[""155183786"", ""151134804"", ""153356810"", ""120966979"", ""203509707"", ""25588585"", ""193870914"", ""97354544"", ""201421429"", ""63404553""]"
none_subset,4,223077999,209174509,4,186,0,0,0,0,0,0,"[""190121568"", ""211170774"", ""195078992"", ""209268749"", ""195596465"", ""210721272"", ""204482650"", ""192874247"", ""184322806"", ""156855089""]"
none_subset,4,67459375,72266723,46,331,0,0,0,0,0,0,"[""86091554"", ""177591787"", ""169435001"", ""165756140"", ""142030111"", ""93317617"", ""51224844"", ""206745230"", ""21000985"", ""193567072""]"
none_subset,4,210856081,39020816,57,352,0,0,0,0,0,0,"[""213078674"", ""148098437"", ""213502972"", ""211299410"", ""204395145"", ""213406997"", ""209144105"", ""198496404"", ""171298197"", ""197042183""]"
none_subset,4,186892785,139178433,64,416,0,0,0,0,0,0,"[""130603525"", ""155183786"", ""120966979"", ""74162951"", ""153356810"", ""75327381"", ""63404553"", ""167158322"", ""131141531"", ""143663551""]"
none_subset,4,101611615,63641979,62,58,0,0,0,0,0,0,"[""156885677"", ""201108158"", ""124432701"", ""215235431"", ""208793714"", ""116117359"", ""180324136"", ""157029105"", ""195900799"", ""182029851""]"
none_subset,4,159166978,135553147,4,30,0,0,0,0,1,1,"[""136053108"", ""197046560"", ""146976388"", ""162407032"", ""209180066"", ""207099566"", ""45403148"", ""172647643"", ""164258790"", ""206947052""]"
none_subset,4,225235285,37219891,64,1144,0,0,0,0,0,0,"[""118284407"", ""124110006"", ""123607973"", ""195702681"", ""109321941"", ""138803213"", ""125561073"", ""97501013"", ""115197132"", ""204824313""]"
none_subset,4,197791490,167800204,46,1,1,1,1,1,1,1,"[""167800204"", ""210343711"", ""143813249"", ""162783785"", ""205295168"", ""195661570"", ""174492089"", ""110418987"", ""206612183"", ""172344554""]"
none_subset,4,102418082,80903797,57,370,0,0,0,0,0,0,"[""85888656"", ""76371725"", ""143993691"", ""128008624"", ""172059758"", ""125904741"", ""196654350"", ""174577939"", ""202526079"", ""207050409""]"
none_subset,4,114268368,97820261,43,30,0,0,0,0,1,1,"[""143996100"", ""191072085"", ""183716498"", ""56967833"", ""142550589"", ""146636094"", ""154110926"", ""184136574"", ""191493447"", ""157119427""]"
none_subset,4,202665173,176931775,46,891,0,0,0,0,0,0,"[""120963350"", ""93024322"", ""203343668"", ""138953275"", ""162796958"", ""207470239"", ""144032873"", ""131488301"", ""177268870"", ""212456358""]"
none_subset,4,111494545,100563053,37,270,0,0,0,0,0,0,"[""146527115"", ""213471023"", ""163474582"", ""209543868"", ""159931342"", ""194561255"", ""141241455"", ""98865638"", ""137062195"", ""160185355""]"
none_subset,4,128208179,109410545,4,95,0,0,0,0,0,0,"[""144264277"", ""72045166"", ""45909356"", ""44331632"", ""148365289"", ""183438126"", ""191509023"", ""152566280"", ""192314331"", ""180567795""]"
none_subset,4,223127056,190228521,43,14,0,0,0,0,1,1,"[""201736764"", ""94195633"", ""195791947"", ""132451666"", ""201236975"", ""144628962"", ""203729608"", ""183703868"", ""54249020"", ""194625477""]"
none_subset,4,199815355,39903440,38,1658,0,0,0,0,0,0,"[""67142038"", ""49778371"", ""162221630"", ""170400945"", ""145720442"", ""70700474"", ""206506072"", ""176455982"", ""159911050"", ""102891416""]"
none_subset,4,182672197,161159839,4,87,0,0,0,0,0,0,"[""72045166"", ""201454668"", ""186900944"", ""187133003"", ""144264277"", ""196862937"", ""125311774"", ""119644839"", ""119898461"", ""202362364""]"
none_subset,4,102786047,89332658,4,260,0,0,0,0,0,0,"[""190340453"", ""154203183"", ""133977293"", ""141085810"", ""103872312"", ""100007550"", ""77770612"", ""187092507"", ""94286928"", ""179909533""]"
none_subset,4,202861919,191600925,37,281,0,0,0,0,0,0,"[""133932837"", ""127087324"", ""145639775"", ""188967908"", ""165315733"", ""109130798"", ""209156180"", ""150612100"", ""60946553"", ""50495635""]"
none_subset,4,219927448,193004529,64,257,0,0,0,0,0,0,"[""196906365"", ""174100903"", ""39329217"", ""215029097"", ""192577471"", ""181880517"", ""173534625"", ""76186918"", ""149270814"", ""62963928""]"
none_subset,4,225166230,193874948,46,161,0,0,0,0,0,0,"[""205037505"", ""62458353"", ""133674182"", ""158806989"", ""205586250"", ""161419507"", ""165953966"", ""141876515"", ""157471709"", ""193559506""]"
none_subset,4,224481256,213026403,37,185,0,0,0,0,0,0,"[""189381669"", ""91090509"", ""183552543"", ""159707679"", ""121775976"", ""182681465"", ""120514294"", ""150612100"", ""153136383"", ""189064377""]"
none_subset,4,220758990,207726716,4,1,1,1,1,1,1,1,"[""207726716"", ""50337874"", ""68173330"", ""210965026"", ""206283069"", ""183858161"", ""164571288"", ""104186703"", ""194722275"", ""170613385""]"
none_subset,4,176026002,139094513,62,1673,0,0,0,0,0,0,"[""147789503"", ""124530936"", ""202517117"", ""161304261"", ""69695730"", ""75511022"", ""77764058"", ""78920067"", ""184558097"", ""181074184""]"
none_subset,4,220209094,206351628,62,9,0,0,0,1,1,1,"[""213066001"", ""205843076"", ""206841068"", ""153723208"", ""210489322"", ""172997177"", ""160871092"", ""204372796"", ""206351628"", ""191313815""]"
none_subset,4,146131699,126937971,43,16,0,0,0,0,1,1,"[""163286400"", ""89224299"", ""75959067"", ""160295191"", ""202516482"", ""115730613"", ""73568079"", ""127635452"", ""96286367"", ""191493447""]"
none_subset,4,68842383,63103166,43,82,0,0,0,0,0,0,"[""197607286"", ""205605896"", ""164991678"", ""75802625"", ""78516965"", ""144932091"", ""154180471"", ""193482080"", ""126470047"", ""75648342""]"
none_subset,4,210482844,180546104,37,133,0,0,0,0,0,0,"[""88534873"", ""10976521"", ""120893128"", ""201751423"", ""155458733"", ""141475747"", ""196161045"", ""204623141"", ""158117230"", ""196428679""]"
none_subset,4,216831546,173645815,37,645,0,0,0,0,0,0,"[""188912090"", ""168115320"", ""212381569"", ""210646051"", ""212381571"", ""187324915"", ""176608529"", ""148752102"", ""208576745"", ""105969122""]"
none_subset,4,187441994,119644839,4,10,0,0,0,1,1,1,"[""148281605"", ""119106930"", ""120663751"", ""114164900"", ""116057633"", ""170725190"", ""196352343"", ""191461282"", ""156435626"", ""119644839""]"
none_subset,4,196491620,119913706,4,39,0,0,0,0,0,1,"[""191564735"", ""157346101"", ""181288745"", ""197102258"", ""195396635"", ""36482821"", ""149264383"", ""180862612"", ""137677513"", ""209176316""]"
none_subset,4,220704990,205103637,38,270,0,0,0,0,0,0,"[""169186989"", ""203712106"", ""203991000"", ""150425433"", ""159326492"", ""206990464"", ""158767731"", ""157077276"", ""99562870"", ""90207738""]"
none_subset,4,224737531,214583872,62,1247,0,0,0,0,0,0,"[""210871676"", ""180623952"", ""16082541"", ""17218907"", ""156966648"", ""97032103"", ""128594783"", ""166012487"", ""153895442"", ""131859804""]"
none_subset,4,212277464,191640347,38,7,0,0,0,1,1,1,"[""138353042"", ""194346900"", ""193949384"", ""208862181"", ""146217898"", ""151483185"", ""191640347"", ""172110259"", ""189045957"", ""194853957""]"
none_subset,4,221616984,206390086,4,178,0,0,0,0,0,0,"[""181646106"", ""200439718"", ""203537664"", ""197475541"", ""168012970"", ""185741584"", ""105762137"", ""189945818"", ""200691824"", ""177949545""]"
none_subset,4,221470979,99992649,43,43,0,0,0,0,0,1,"[""97205267"", ""73201099"", ""113898093"", ""125860815"", ""74845533"", ""72741345"", ""102607958"", ""75839915"", ""155678818"", ""129748527""]"
none_subset,4,224379588,201747658,64,235,0,0,0,0,0,0,"[""209768449"", ""202090142"", ""214310641"", ""173447641"", ""169622540"", ""159273484"", ""211307371"", ""209956836"", ""201860541"", ""207826820""]"
none_subset,4,225331093,214581587,37,347,0,0,0,0,0,0,"[""203730564"", ""190569345"", ""201660893"", ""207178377"", ""213416559"", ""195014964"", ""207544886"", ""173966675"", ""172689752"", ""215631921""]"
none_subset,4,211473178,188195572,43,260,0,0,0,0,0,0,"[""207792788"", ""209145709"", ""74204224"", ""148801479"", ""209858049"", ""158868087"", ""201951948"", ""54786988"", ""188561727"", ""172065222""]"
none_subset,4,36092657,16082541,62,852,0,0,0,0,0,0,"[""167029837"", ""92980980"", ""56568319"", ""197681506"", ""180366851"", ""150061205"", ""194855016"", ""129878189"", ""52020678"", ""178555370""]"
none_subset,4,223001463,181988758,37,58,0,0,0,0,0,0,"[""211519251"", ""183710535"", ""143052602"", ""103235178"", ""124237457"", ""160185355"", ""186871959"", ""206813158"", ""214080156"", ""137062195""]"
none_subset,4,106023746,90207738,38,19,0,0,0,0,1,1,"[""157077276"", ""107906676"", ""209719272"", ""73789534"", ""82057494"", ""202877317"", ""153572480"", ""111489526"", ""203712106"", ""150442928""]"
none_subset,4,195768416,168830681,43,1816,0,0,0,0,0,0,"[""170809158"", ""169966782"", ""141162020"", ""120597166"", ""185121060"", ""195474760"", ""35305004"", ""184091403"", ""214589550"", ""154390259""]"
none_subset,4,215293653,191131185,37,330,0,0,0,0,0,0,"[""209172941"", ""208532302"", ""196563012"", ""191538851"", ""149483145"", ""192870188"", ""187423310"", ""199287233"", ""207544886"", ""195296935""]"
none_subset,4,196727000,169363779,43,53,0,0,0,0,0,0,"[""199973560"", ""130951250"", ""180214878"", ""188561727"", ""173084581"", ""201971973"", ""164461764"", ""204986935"", ""198240796"", ""146534126""]"
none_subset,4,211716540,191244076,57,343,0,0,0,0,0,0,"[""183993242"", ""110306995"", ""82520729"", ""195693404"", ""86238073"", ""171524744"", ""121902729"", ""211007808"", ""86061978"", ""62696356""]"
none_subset,4,209299411,160039265,46,121,0,0,0,0,0,0,"[""162330233"", ""172374310"", ""99309357"", ""99228098"", ""84576505"", ""180613841"", ""163363958"", ""165546298"", ""82040536"", ""197859726""]"
none_subset,4,198036682,168536218,57,1128,0,0,0,0,0,0,"[""178239143"", ""213979557"", ""30933369"", ""145872351"", ""176499539"", ""122789892"", ""115422067"", ""116672568"", ""212919594"", ""176499492""]"
none_subset,4,119614837,105604280,62,268,0,0,0,0,0,0,"[""48459419"", ""201968923"", ""210154412"", ""74220777"", ""104210649"", ""58202036"", ""183577698"", ""207318555"", ""213194224"", ""66824965""]"
none_subset,4,129835987,112971301,57,1697,0,0,0,0,0,0,"[""147735917"", ""166910126"", ""135189717"", ""115422067"", ""135805652"", ""110306995"", ""57499088"", ""138618540"", ""99723323"", ""116706729""]"
none_subset,4,198143042,167740456,64,94,0,0,0,0,0,0,"[""146444401"", ""154897158"", ""123687478"", ""194767716"", ""90897593"", ""85881610"", ""187716249"", ""138322181"", ""19607163"", ""146848980""]"
none_subset,4,212433167,192413607,4,20,0,0,0,0,1,1,"[""88932849"", ""75870943"", ""190229699"", ""185181562"", ""200860968"", ""180005065"", ""148023845"", ""156440021"", ""200030203"", ""205277943""]"
none_subset,4,152837769,132595203,64,248,0,0,0,0,0,0,"[""200974603"", ""190759249"", ""56593545"", ""213788530"", ""208979760"", ""208560031"", ""211171973"", ""209756225"", ""213253358"", ""209768449""]"
none_subset,4,188548219,157989085,43,40,0,0,0,0,0,1,"[""171866283"", ""204265427"", ""199412521"", ""59841256"", ""101587771"", ""84316516"", ""151416547"", ""126632799"", ""204891079"", ""33852949""]"
none_subset,4,223728006,96029631,64,698,0,0,0,0,0,0,"[""60032340"", ""95987224"", ""114607994"", ""170931595"", ""128826000"", ""179201033"", ""77040385"", ""204824313"", ""137618168"", ""109321941""]"
none_subset,4,84272963,83729071,46,41,0,0,0,0,0,1,"[""80179617"", ""172482275"", ""170560461"", ""138718760"", ""106146754"", ""174697458"", ""169485140"", ""169602941"", ""150742725"", ""135930767""]"
none_subset,4,196987465,176715532,4,142,0,0,0,0,0,0,"[""145020770"", ""159049760"", ""144811459"", ""158607543"", ""91321970"", ""167305447"", ""142506151"", ""175596949"", ""146345148"", ""206506678""]"
none_subset,4,141116855,120205229,4,34,0,0,0,0,0,1,"[""185967985"", ""186775950"", ""181288745"", ""115266425"", ""77682387"", ""161593927"", ""157346101"", ""188323012"", ""199942377"", ""201065368""]"
none_subset,4,224307694,209183284,4,234,0,0,0,0,0,0,"[""212819052"", ""200370265"", ""205463044"", ""214582809"", ""215580343"", ""206285188"", ""195893708"", ""178501633"", ""212682868"", ""214275181""]"
none_subset,4,217204938,201202736,43,60,0,0,0,0,0,0,"[""210321299"", ""156395019"", ""210273616"", ""211890870"", ""157809653"", ""176475069"", ""153867752"", ""103510499"", ""132315079"", ""192651386""]"
none_subset,4,224764295,213740987,37,130,0,0,0,0,0,0,"[""210502009"", ""172689752"", ""173640245"", ""195908286"", ""191538851"", ""213067554"", ""190070434"", ""208141913"", ""206942069"", ""209349722""]"
none_subset,4,223771701,212690484,46,109,0,0,0,0,0,0,"[""204899003"", ""181547294"", ""137046920"", ""140861260"", ""162224700"", ""160699239"", ""130514762"", ""116259633"", ""191705183"", ""118566996""]"
none_subset,4,140862338,122704847,46,116,0,0,0,0,0,0,"[""176659851"", ""178975230"", ""52439531"", ""141876515"", ""68647858"", ""111077753"", ""192859823"", ""171694803"", ""192395246"", ""184407267""]"
none_subset,4,213056534,193369779,4,46,0,0,0,0,0,1,"[""180843726"", ""163340296"", ""177825434"", ""215198902"", ""191209763"", ""211385428"", ""213127345"", ""199021905"", ""65093674"", ""177056777""]"
none_subset,4,220474906,196341965,64,1201,0,0,0,0,0,0,"[""183013744"", ""63926364"", ""188610188"", ""73275498"", ""151373996"", ""79233838"", ""61063233"", ""191201429"", ""94863968"", ""186122058""]"
none_subset,4,220693428,207538350,64,43,0,0,0,0,0,1,"[""136038725"", ""214515601"", ""154324585"", ""100728693"", ""96320844"", ""152762249"", ""73065988"", ""161410919"", ""199512980"", ""209448739""]"
none_subset,4,216735988,200278482,37,149,0,0,0,0,0,0,"[""195296935"", ""207544886"", ""190788965"", ""195744990"", ""175852737"", ""187543270"", ""201649016"", ""191911000"", ""211802210"", ""186811713""]"
none_subset,4,202583639,164265663,46,868,0,0,0,0,0,0,"[""178722271"", ""178870249"", ""213237291"", ""30916684"", ""213672603"", ""180804264"", ""206204582"", ""198984808"", ""170915583"", ""179653927""]"
none_subset,4,62132920,62710943,38,67,0,0,0,0,0,0,"[""113999751"", ""177945691"", ""147335135"", ""74617293"", ""192315877"", ""196304269"", ""164678834"", ""142870223"", ""79742438"", ""164429352""]"
none_subset,4,222276478,88088262,46,66,0,0,0,0,0,0,"[""114654675"", ""107095516"", ""109762523"", ""192859823"", ""104767223"", ""206843208"", ""159536710"", ""132867538"", ""184894786"", ""170790096""]"
none_subset,4,142328598,90967487,43,187,0,0,0,0,0,0,"[""90011446"", ""148267226"", ""144399603"", ""111985578"", ""161725098"", ""89680114"", ""60767330"", ""70843932"", ""125047033"", ""86486091""]"
none_subset,4,222715908,149731729,64,927,0,0,0,0,0,0,"[""146444401"", ""194941994"", ""116857348"", ""63993803"", ""148153000"", ""201298322"", ""172741180"", ""46094230"", ""154897158"", ""187708913""]"
none_subset,4,222358302,207658724,37,143,0,0,0,0,0,0,"[""188083340"", ""109845272"", ""103731169"", ""133924998"", ""151424214"", ""84948088"", ""195462262"", ""148752102"", ""150906032"", ""73172650""]"
none_subset,4,202039416,156469871,4,273,0,0,0,0,0,0,"[""193934711"", ""69796700"", ""189945818"", ""187499375"", ""193589374"", ""171902128"", ""197475541"", ""210543315"", ""205405501"", ""185741584""]"
none_subset,4,221196688,208626958,64,128,0,0,0,0,0,0,"[""112345894"", ""108773457"", ""134312075"", ""126589451"", ""98518695"", ""56833135"", ""141045171"", ""190240397"", ""171898096"", ""183047062""]"
none_subset,4,85702585,46410175,46,745,0,0,0,0,0,0,"[""214169191"", ""147341866"", ""108645014"", ""138486785"", ""210498678"", ""211118858"", ""207870356"", ""204381150"", ""209482743"", ""58412205""]"
none_subset,4,218171263,145005553,37,176,0,0,0,0,0,0,"[""204006241"", ""204662722"", ""207409548"", ""170992936"", ""145798285"", ""83732259"", ""204790995"", ""161080765"", ""132342276"", ""105500725""]"
none_subset,4,218461841,203631816,57,597,0,0,0,0,0,0,"[""211047562"", ""210901962"", ""111955047"", ""165109337"", ""202009045"", ""175993260"", ""53814883"", ""188457754"", ""173789393"", ""207323988""]"
none_subset,4,216991822,193646222,37,103,0,0,0,0,0,0,"[""145112155"", ""147023317"", ""150316929"", ""142508806"", ""188877213"", ""142113211"", ""195831532"", ""49608053"", ""143065905"", ""164454930""]"
none_subset,4,117366450,105854775,64,10,0,0,0,1,1,1,"[""204286460"", ""174387123"", ""94191912"", ""130210660"", ""143362090"", ""112210141"", ""1943884"", ""133169923"", ""193757766"", ""105854775""]"
none_subset,4,224936466,214708320,37,154,0,0,0,0,0,0,"[""166280219"", ""126929630"", ""152102790"", ""127873279"", ""200025016"", ""138291906"", ""93714502"", ""159931625"", ""188679659"", ""152140191""]"
none_subset,4,199206136,173069545,46,136,0,0,0,0,0,0,"[""175485760"", ""211762574"", ""208874400"", ""177432966"", ""152531642"", ""201647833"", ""177268870"", ""110540035"", ""210366645"", ""70629074""]"
none_subset,4,220225073,159846758,64,1114,0,0,0,0,0,0,"[""146444401"", ""19607163"", ""128607088"", ""181619566"", ""207446541"", ""115621700"", ""153330413"", ""121260031"", ""123687478"", ""194767716""]"
none_subset,4,224909719,199223722,43,315,0,0,0,0,0,0,"[""156395019"", ""192651386"", ""178361669"", ""160598030"", ""183716498"", ""157809653"", ""84074518"", ""162644598"", ""171798974"", ""98301531""]"
none_subset,4,219754120,56998165,4,1,1,1,1,1,1,1,"[""56998165"", ""193746035"", ""191815855"", ""171860963"", ""70897180"", ""105063903"", ""180856744"", ""169250822"", ""210497898"", ""209176316""]"
none_subset,4,222199311,197129998,64,542,0,0,0,0,0,0,"[""199715478"", ""200033728"", ""139802525"", ""210148884"", ""174719538"", ""207726882"", ""122150463"", ""206294617"", ""156904369"", ""212355981""]"
none_subset,4,178764676,150167398,38,5,0,0,1,1,1,1,"[""149562058"", ""145871617"", ""112389064"", ""350786"", ""150167398"", ""70118559"", ""114655712"", ""103005464"", ""213992866"", ""117957932""]"
none_subset,4,74861701,75777764,43,801,0,0,0,0,0,0,"[""198322720"", ""170053319"", ""177067604"", ""163838965"", ""211988888"", ""198499155"", ""160058303"", ""97617721"", ""106212567"", ""164285938""]"
none_subset,4,215705047,192928912,64,827,0,0,0,0,0,0,"[""156784913"", ""144339648"", ""94863968"", ""183611195"", ""155213340"", ""186122058"", ""180848420"", ""149194952"", ""121610486"", ""187557702""]"
none_subset,4,96253433,84850725,57,66,0,0,0,0,0,0,"[""180417908"", ""99723323"", ""128122761"", ""132769262"", ""104805000"", ""198668676"", ""75629630"", ""110306995"", ""22981052"", ""115422067""]"
none_subset,4,78786200,68716648,38,521,0,0,0,0,0,0,"[""117957932"", ""114055239"", ""112389064"", ""37809434"", ""145871617"", ""113366328"", ""167575814"", ""153394371"", ""126816860"", ""70118559""]"
none_subset,4,212764906,178111525,46,12,0,0,0,0,1,1,"[""21000985"", ""142537342"", ""51224844"", ""215124824"", ""213130291"", ""158946684"", ""168398015"", ""79809742"", ""186542267"", ""133674182""]"
none_subset,4,81897011,81506359,46,34,0,0,0,0,0,1,"[""132671791"", ""208306039"", ""172512012"", ""138911204"", ""150754478"", ""202166206"", ""208856053"", ""133625276"", ""215531733"", ""208224187""]"
none_subset,4,81375051,76257409,46,52,0,0,0,0,0,0,"[""133779076"", ""102024389"", ""57427713"", ""163401902"", ""111790816"", ""89045186"", ""142789905"", ""154821670"", ""138718760"", ""79086260""]"
none_subset,4,221098404,206360846,57,2837,0,0,0,0,0,0,"[""195854357"", ""68798250"", ""208595279"", ""171903975"", ""185584299"", ""66312499"", ""98114432"", ""112462103"", ""201144087"", ""168006556""]"
none_subset,4,148154417,127482214,62,2114,0,0,0,0,0,0,"[""159227409"", ""59818909"", ""213770244"", ""79175068"", ""212906250"", ""195510107"", ""152196456"", ""186169702"", ""155977860"", ""207232907""]"
none_subset,4,138331862,120603737,38,1051,0,0,0,0,0,0,"[""93923477"", ""64397678"", ""68644542"", ""77338935"", ""97894835"", ""174760342"", ""189745383"", ""200285040"", ""113745991"", ""133301327""]"
none_subset,4,222687175,179521185,64,165,0,0,0,0,0,0,"[""85881610"", ""169220249"", ""164514960"", ""144358079"", ""153552182"", ""148497898"", ""146444401"", ""119651772"", ""202574526"", ""199819866""]"
none_subset,4,146278045,65453441,64,50,0,0,0,0,0,1,"[""194400653"", ""146444401"", ""195393000"", ""205134381"", ""19607163"", ""154897158"", ""208682751"", ""16060214"", ""160493101"", ""176953865""]"
none_subset,4,210956025,189777046,37,15,0,0,0,0,1,1,"[""199784147"", ""141656944"", ""200869738"", ""150855984"", ""202227327"", ""182470429"", ""200441050"", ""115463757"", ""202137970"", ""136980007""]"
none_subset,4,221277599,206404092,37,335,0,0,0,0,0,0,"[""213318077"", ""192323302"", ""188192294"", ""183693328"", ""186828726"", ""117685268"", ""202328948"", ""183519446"", ""182640683"", ""197844035""]"
none_subset,4,142468301,118290351,38,418,0,0,0,0,0,0,"[""99075342"", ""179558506"", ""156263699"", ""136373067"", ""182664472"", ""164020399"", ""171890242"", ""113712890"", ""116918686"", ""208349323""]"
none_subset,4,63871662,164350669,62,1468,0,0,0,0,0,0,"[""204555441"", ""146420142"", ""170246818"", ""187600934"", ""179824517"", ""197247155"", ""61833524"", ""172331495"", ""330143"", ""201108158""]"
none_subset,4,126841239,112648778,4,339,0,0,0,0,0,0,"[""84024207"", ""159364641"", ""212786536"", ""101189812"", ""154878022"", ""205311074"", ""210957829"", ""82267423"", ""211428834"", ""179532049""]"
none_subset,4,210335925,188608634,62,701,0,0,0,0,0,0,"[""121524691"", ""211070786"", ""211808810"", ""125264671"", ""64365794"", ""213066001"", ""185606507"", ""184849912"", ""210489322"", ""136291796""]"
none_subset,4,112596910,97501013,64,14,0,0,0,0,1,1,"[""149715107"", ""204824313"", ""138800320"", ""44092132"", ""62550428"", ""116423938"", ""118284407"", ""183225423"", ""157803989"", ""47134269""]"
none_subset,4,199748989,172689752,37,925,0,0,0,0,0,0,"[""211746985"", ""102008698"", ""188679659"", ""129735644"", ""162977839"", ""159931625"", ""105969122"", ""201475694"", ""160430913"", ""143805569""]"
none_subset,4,211675955,179876069,38,60,0,0,0,0,0,0,"[""159333154"", ""52512643"", ""108421334"", ""92914026"", ""126012999"", ""133136953"", ""155814671"", ""145871617"", ""213992866"", ""177867333""]"
none_subset,4,52338893,51749408,37,2,0,1,1,1,1,1,"[""205328844"", ""51749408"", ""80433944"", ""142630827"", ""143865659"", ""185048961"", ""16898206"", ""37024390"", ""129112777"", ""96678439""]"
none_subset,4,151846351,125139020,38,982,0,0,0,0,0,0,"[""194365263"", ""213984936"", ""180784190"", ""206303400"", ""214394715"", ""95406694"", ""207763939"", ""123502593"", ""137025491"", ""174456119""]"
none_subset,4,223630919,138971583,46,41,0,0,0,0,0,1,"[""212685047"", ""160255339"", ""111118568"", ""45769216"", ""166127396"", ""207328366"", ""203310461"", ""160547557"", ""135710902"", ""174623464""]"
none_subset,4,78464166,78864979,4,196,0,0,0,0,0,0,"[""211774897"", ""159255378"", ""31282948"", ""140433001"", ""156401201"", ""213679625"", ""51485643"", ""22753311"", ""164936492"", ""168222985""]"
none_subset,4,63497561,64365794,62,1313,0,0,0,0,0,0,"[""207242661"", ""181195424"", ""32728587"", ""121568505"", ""128570958"", ""128099824"", ""67139578"", ""153690999"", ""143685562"", ""103928317""]"
none_subset,4,169329752,142832546,62,129,0,0,0,0,0,0,"[""79777747"", ""10132068"", ""213659099"", ""67894406"", ""86925187"", ""82871684"", ""136204771"", ""143261727"", ""53450905"", ""134970871""]"
none_subset,4,213406863,191235079,43,2302,0,0,0,0,0,0,"[""193026545"", ""144080652"", ""165082890"", ""178131475"", ""159778737"", ""80682255"", ""206941043"", ""176670642"", ""196918820"", ""191072085""]"
none_subset,4,217747231,201328927,37,728,0,0,0,0,0,0,"[""172689752"", ""210502009"", ""209172941"", ""173640245"", ""191911000"", ""208600442"", ""213067554"", ""194408004"", ""121097766"", ""204860223""]"
none_subset,4,216056810,205283530,38,259,0,0,0,0,0,0,"[""108421334"", ""133136953"", ""112389064"", ""37809434"", ""52512643"", ""186986474"", ""158118726"", ""37709032"", ""163524272"", ""38003672""]"
none_subset,4,115228040,60103240,43,115,0,0,0,0,0,0,"[""6516822"", ""188032543"", ""13748467"", ""120597166"", ""178276896"", ""147179804"", ""185121060"", ""205287113"", ""205276629"", ""166793601""]"
none_subset,4,224934752,213859538,4,1352,0,0,0,0,0,0,"[""167564443"", ""213281189"", ""112914230"", ""174680568"", ""169841826"", ""80946678"", ""213939970"", ""132746271"", ""76883392"", ""13713734""]"
none_subset,4,224920659,203746928,4,835,0,0,0,0,0,0,"[""160037231"", ""154031903"", ""126889201"", ""44842674"", ""117660981"", ""199780246"", ""165904972"", ""144513042"", ""186179720"", ""159111889""]"
none_subset,4,219762088,199973345,38,276,0,0,0,0,0,0,"[""158453764"", ""206728210"", ""86748527"", ""181177544"", ""116922022"", ""50351618"", ""209589057"", ""169790696"", ""132723975"", ""157944770""]"
none_subset,4,213506280,193992725,37,785,0,0,0,0,0,0,"[""212047029"", ""162977839"", ""185677825"", ""176116685"", ""170049514"", ""163644147"", ""121097766"", ""129998409"", ""186298213"", ""39048064""]"
none_subset,4,200948847,172308661,4,317,0,0,0,0,0,0,"[""214896797"", ""105544053"", ""126042350"", ""144016634"", ""177857518"", ""207568797"", ""161281171"", ""205365317"", ""206172053"", ""187502252""]"
none_subset,4,223592794,211808810,62,6,0,0,0,1,1,1,"[""183222767"", ""153551332"", ""169803718"", ""136225463"", ""164807743"", ""211808810"", ""133228837"", ""156489473"", ""214748374"", ""191710575""]"
none_subset,4,222240838,208431676,46,188,0,0,0,0,0,0,"[""212730825"", ""209156183"", ""205297053"", ""213316438"", ""212261718"", ""204377263"", ""205235605"", ""213006920"", ""207515067"", ""212434559""]"
none_subset,4,188294095,131192536,62,46,0,0,0,0,0,1,"[""113542136"", ""80991195"", ""32645477"", ""22547515"", ""167375117"", ""74290204"", ""60969101"", ""122174001"", ""151606693"", ""172904337""]"
none_subset,4,216777466,200026065,4,20,0,0,0,0,1,1,"[""191216846"", ""194142299"", ""136474102"", ""192316575"", ""154322810"", ""192507369"", ""117471262"", ""112540745"", ""126624504"", ""196849929""]"
none_subset,4,116549437,105006245,4,1121,0,0,0,0,0,0,"[""89332658"", ""153991203"", ""117771611"", ""144264277"", ""143548483"", ""130299986"", ""157103009"", ""175423172"", ""152566280"", ""156633369""]"
none_subset,4,222218561,209759690,43,14,0,0,0,0,1,1,"[""164527202"", ""190677683"", ""201906627"", ""174164151"", ""185897088"", ""212033090"", ""192529072"", ""201907130"", ""166242589"", ""171798974""]"
none_subset,4,209513662,120682854,62,421,0,0,0,0,0,0,"[""94546694"", ""106557292"", ""209579537"", ""201404572"", ""188696626"", ""210678182"", ""148844442"", ""192570656"", ""127488091"", ""214414843""]"
none_subset,4,200275719,83719006,62,1863,0,0,0,0,0,0,"[""61344621"", ""187198512"", ""57745589"", ""100144178"", ""86857938"", ""27329790"", ""86925187"", ""10132068"", ""60969101"", ""90487917""]"
none_subset,4,190685103,156263699,38,173,0,0,0,0,0,0,"[""35695557"", ""55254920"", ""158118726"", ""37709032"", ""38003672"", ""52512643"", ""202803035"", ""117957932"", ""172317716"", ""123220669""]"
none_subset,4,198811297,171174687,43,374,0,0,0,0,0,0,"[""120188232"", ""185419010"", ""133220748"", ""208578922"", ""204449585"", ""101683090"", ""176978968"", ""194231584"", ""76380885"", ""184170758""]"
none_subset,4,113308459,99472535,4,69,0,0,0,0,0,0,"[""139342323"", ""198809896"", ""194142299"", ""173965616"", ""65093644"", ""77968334"", ""192507369"", ""191209763"", ""146764647"", ""197109183""]"
none_subset,4,155246815,133410542,4,194,0,0,0,0,0,0,"[""138891074"", ""164634484"", ""196926090"", ""30383831"", ""206345303"", ""188665796"", ""169922901"", ""160135566"", ""201829388"", ""191301984""]"
none_subset,4,201975649,157072589,4,794,0,0,0,0,0,0,"[""189945818"", ""189844318"", ""212215373"", ""200855615"", ""173611156"", ""177949545"", ""202888371"", ""105240256"", ""203339357"", ""188882555""]"
none_subset,4,215047128,118658701,62,17,0,0,0,0,1,1,"[""120555954"", ""214600448"", ""205794412"", ""197142886"", ""194424066"", ""188314835"", ""75511022"", ""198517114"", ""210601450"", ""200153211""]"
none_subset,4,206022811,148282226,43,164,0,0,0,0,0,0,"[""150825286"", ""175879766"", ""199547133"", ""123492526"", ""160802034"", ""169770541"", ""192437542"", ""38841821"", ""178002590"", ""167164193""]"
none_subset,4,199864614,172433080,46,18,0,0,0,0,1,1,"[""188889120"", ""53654857"", ""169602941"", ""194136520"", ""212809187"", ""169485140"", ""163919581"", ""173222203"", ""164857503"", ""127609272""]"
none_subset,4,220643000,205007406,46,61,0,0,0,0,0,0,"[""208143888"", ""179533802"", ""194361633"", ""111715361"", ""123341476"", ""105129945"", ""212168388"", ""76061645"", ""197949897"", ""181810712""]"
none_subset,4,216743416,200374313,62,115,0,0,0,0,0,0,"[""143226394"", ""204527959"", ""88462361"", ""210154523"", ""116947577"", ""57861067"", ""143227017"", ""124432701"", ""200036900"", ""127502123""]"
none_subset,4,225236562,161174151,38,111,0,0,0,0,0,0,"[""204880845"", ""100749834"", ""157657051"", ""144261984"", ""139197933"", ""192509185"", ""111639650"", ""211398537"", ""126776975"", ""194370723""]"
none_subset,4,202941849,146473396,38,151,0,0,0,0,0,0,"[""102166943"", ""144257088"", ""183239301"", ""193325020"", ""147395238"", ""167575814"", ""25899558"", ""202873538"", ""161002473"", ""209631773""]"
none_subset,4,214912385,193435206,43,10,0,0,0,1,1,1,"[""200611512"", ""201535486"", ""182399428"", ""185108178"", ""209666551"", ""187766426"", ""190076056"", ""201468592"", ""157129302"", ""193435206""]"
none_subset,4,218248280,168911726,62,88,0,0,0,0,0,0,"[""139116865"", ""181082260"", ""82622035"", ""140662974"", ""150061205"", ""76325050"", ""85051086"", ""169222138"", ""201968923"", ""79802279""]"
none_subset,4,224766332,214740980,4,1269,0,0,0,0,0,0,"[""192581557"", ""131936243"", ""214643235"", ""164648915"", ""204133139"", ""210015647"", ""207202974"", ""215351522"", ""213319159"", ""209335746""]"
none_subset,4,117069997,102651632,64,1204,0,0,0,0,0,0,"[""60124479"", ""35312252"", ""26075068"", ""12228373"", ""210873715"", ""103416735"", ""59824769"", ""151526168"", ""89221384"", ""53527257""]"
none_subset,4,213188680,161792498,38,2403,0,0,0,0,0,0,"[""136204876"", ""128022775"", ""145998937"", ""193857246"", ""149389681"", ""192191594"", ""211427284"", ""174632713"", ""149343290"", ""65034285""]"
none_subset,4,220679820,206905310,38,2078,0,0,0,0,0,0,"[""205112185"", ""171180851"", ""169004224"", ""133973101"", ""100749834"", ""169804292"", ""112758593"", ""161174151"", ""205465606"", ""114889567""]"
none_subset,4,221546219,209268749,4,68,0,0,0,0,0,0,"[""210309601"", ""212023025"", ""207534566"", ""212457708"", ""193934711"", ""106956251"", ""193076744"", ""140447135"", ""203714769"", ""214582809""]"
none_subset,4,174244672,145708285,43,4,0,0,1,1,1,1,"[""194759873"", ""53018260"", ""126470047"", ""145708285"", ""193045333"", ""141700690"", ""105774118"", ""209622362"", ""128075998"", ""194524855""]"
none_subset,4,195486271,162650154,4,1363,0,0,0,0,0,0,"[""187964382"", ""116057633"", ""122564854"", ""148281605"", ""181715447"", ""119644839"", ""99699218"", ""141606114"", ""149759096"", ""60532395""]"
none_subset,4,211414159,190677021,4,547,0,0,0,0,0,0,"[""194160187"", ""182581077"", ""193481695"", ""196026500"", ""211858811"", ""198221149"", ""193001991"", ""213160173"", ""208780104"", ""192410120""]"
none_subset,4,207097731,172004450,37,236,0,0,0,0,0,0,"[""103348357"", ""29496516"", ""187043151"", ""151199532"", ""213026576"", ""120181686"", ""118291817"", ""202778075"", ""186986472"", ""185636932""]"
none_subset,4,197355434,101295733,57,444,0,0,0,0,0,0,"[""82248629"", ""79470201"", ""171021120"", ""57596469"", ""84202088"", ""211608674"", ""111557041"", ""199731867"", ""211497981"", ""135872349""]"
none_subset,4,196705804,159536710,46,33,0,0,0,0,0,1,"[""209980383"", ""188865413"", ""137171317"", ""182764303"", ""129240074"", ""190115727"", ""184357726"", ""76061645"", ""208605842"", ""160523276""]"
none_subset,4,96123213,57499091,57,1,1,1,1,1,1,1,"[""57499091"", ""102975387"", ""207173802"", ""145912634"", ""135189717"", ""92019154"", ""65090075"", ""142637706"", ""212888684"", ""166910126""]"
none_subset,4,194700626,167539255,43,310,0,0,0,0,0,0,"[""168783197"", ""190372173"", ""193746203"", ""208009091"", ""190535337"", ""155909920"", ""212781685"", ""108684069"", ""197514276"", ""171112521""]"
none_subset,4,180198150,144472808,43,165,0,0,0,0,0,0,"[""166329703"", ""177067604"", ""194855616"", ""120869286"", ""163838965"", ""189165560"", ""205985198"", ""191701553"", ""105238183"", ""162009040""]"
none_subset,4,219126828,194850161,37,83,0,0,0,0,0,0,"[""190251047"", ""202204599"", ""91173744"", ""94672340"", ""153367008"", ""162276026"", ""164430683"", ""179387733"", ""195292057"", ""146513683""]"
none_subset,4,215842137,196239631,46,806,0,0,0,0,0,0,"[""213196140"", ""111956915"", ""136576031"", ""99908438"", ""199954459"", ""114169237"", ""78347549"", ""166648954"", ""188997673"", ""148427041""]"
none_subset,4,83265098,79402696,57,821,0,0,0,0,0,0,"[""204015126"", ""196626617"", ""110437969"", ""201048553"", ""212017438"", ""14752857"", ""92019154"", ""142637706"", ""175154171"", ""170402935""]"
none_subset,4,208515574,171247461,38,153,0,0,0,0,0,0,"[""207390508"", ""202112251"", ""169526603"", ""194420087"", ""134215872"", ""153901522"", ""136989956"", ""178462865"", ""55637037"", ""206506072""]"
none_subset,4,210266375,188509360,4,1409,0,0,0,0,0,0,"[""201454668"", ""190495475"", ""191147915"", ""200860968"", ""186900944"", ""164284194"", ""72373127"", ""194722275"", ""193843184"", ""203631314""]"
none_subset,4,153599918,133357830,4,193,0,0,0,0,0,0,"[""49499187"", ""123613267"", ""81323441"", ""122758097"", ""196824847"", ""126589900"", ""30017242"", ""211901995"", ""194450967"", ""141167432""]"
none_subset,4,216308930,199436569,46,892,0,0,0,0,0,0,"[""194132989"", ""172250706"", ""205019069"", ""142707487"", ""158137442"", ""201024429"", ""213296616"", ""210724130"", ""186078356"", ""200735434""]"
none_subset,4,185521301,148267226,43,1124,0,0,0,0,0,0,"[""137780242"", ""125638272"", ""72741345"", ""128872941"", ""195408710"", ""173981660"", ""195240617"", ""177916694"", ""150794676"", ""111684767""]"
none_subset,4,216626064,174101143,37,30,0,0,0,0,1,1,"[""173966675"", ""207698281"", ""197238711"", ""212216117"", ""213318077"", ""188192294"", ""209000043"", ""206404092"", ""168816718"", ""209161669""]"
none_subset,4,201445063,172961532,57,24,0,0,0,0,1,1,"[""44191816"", ""58773802"", ""152353485"", ""46463211"", ""149427907"", ""161319979"", ""99443492"", ""138327581"", ""157953377"", ""73841445""]"
none_subset,4,212406032,192225398,64,37,0,0,0,0,0,1,"[""195529634"", ""187944465"", ""206276658"", ""211987351"", ""168712424"", ""192179303"", ""204125965"", ""211669271"", ""196368309"", ""186937016""]"
none_subset,4,186306982,151305355,37,106,0,0,0,0,0,0,"[""174852305"", ""195701055"", ""94672340"", ""173499684"", ""140164328"", ""192533600"", ""209167644"", ""187761375"", ""198930981"", ""113225323""]"
none_subset,4,222169874,208254357,4,84,0,0,0,0,0,0,"[""126589900"", ""196824847"", ""212636144"", ""56691048"", ""215351522"", ""212786536"", ""205356216"", ""101189812"", ""81323441"", ""174772759""]"
none_subset,4,162236020,112624575,64,12,0,0,0,0,1,1,"[""141045171"", ""112345894"", ""126589451"", ""185454425"", ""183047062"", ""120420310"", ""67998486"", ""137644883"", ""211882934"", ""208320106""]"
none_subset,4,168320824,179660373,57,19,0,0,0,0,1,1,"[""82248629"", ""79470201"", ""129142528"", ""161021821"", ""36469237"", ""84202088"", ""136092466"", ""197301758"", ""204352313"", ""207095451""]"
none_subset,4,218867529,206874130,46,267,0,0,0,0,0,0,"[""159536710"", ""206843208"", ""184646371"", ""109762523"", ""104767223"", ""114654675"", ""180976440"", ""212786249"", ""204237929"", ""121183627""]"
none_subset,4,215513854,191711172,43,8,0,0,0,1,1,1,"[""44768555"", ""127979191"", ""152645436"", ""147836645"", ""189313113"", ""182010866"", ""158624345"", ""191711172"", ""101914821"", ""167879223""]"
none_subset,4,207321461,183535868,37,2149,0,0,0,0,0,0,"[""204860223"", ""189652520"", ""173640245"", ""125242387"", ""187324915"", ""150433252"", ""209172941"", ""164351701"", ""156898538"", ""133351365""]"
none_subset,4,116345342,103729719,43,813,0,0,0,0,0,0,"[""145672403"", ""199822165"", ""186549940"", ""205682935"", ""35003932"", ""144475989"", ""183307521"", ""153540939"", ""119119405"", ""197431598""]"
none_subset,4,181908159,89431258,46,341,0,0,0,0,0,0,"[""180829317"", ""162153442"", ""172250706"", ""208431287"", ""145094112"", ""174665100"", ""212781522"", ""176647062"", ""182916957"", ""182136657""]"
none_subset,4,224938628,213744352,46,40,0,0,0,0,0,1,"[""188865413"", ""129240074"", ""182764303"", ""168398292"", ""155260589"", ""179861117"", ""180749212"", ""39277627"", ""179347666"", ""174623464""]"
none_subset,4,156330511,127442429,37,401,0,0,0,0,0,0,"[""193719358"", ""163644147"", ""188742562"", ""161147605"", ""123163900"", ""156176895"", ""127087324"", ""169246157"", ""149631379"", ""33066220""]"
none_subset,4,89618330,82109720,62,78,0,0,0,0,0,0,"[""204830740"", ""84991316"", ""48197595"", ""65307631"", ""181798024"", ""73563944"", ""91139978"", ""51213351"", ""18880304"", ""6204449""]"
none_subset,4,186734724,120186615,64,319,0,0,0,0,0,0,"[""155183786"", ""159428920"", ""201892870"", ""143686140"", ""155021743"", ""82453175"", ""140676990"", ""204754543"", ""67792301"", ""188912158""]"
none_subset,4,137663265,121152864,37,935,0,0,0,0,0,0,"[""188083340"", ""127873279"", ""126729562"", ""199866100"", ""51138626"", ""131943838"", ""179751402"", ""159129159"", ""166280219"", ""165174023""]"
none_subset,4,184932665,153873960,46,95,0,0,0,0,0,0,"[""150142821"", ""78516486"", ""208035235"", ""190912236"", ""205635929"", ""143366526"", ""132188413"", ""177423877"", ""148352358"", ""211752694""]"
none_subset,4,176808962,144873226,38,171,0,0,0,0,0,0,"[""85274599"", ""173253112"", ""64397678"", ""188178632"", ""71140696"", ""181551206"", ""126942864"", ""113745991"", ""104404349"", ""161450028""]"
none_subset,4,40091309,46137767,62,44,0,0,0,0,0,1,"[""193136181"", ""42940692"", ""162263431"", ""45997741"", ""15942056"", ""45013331"", ""117006578"", ""72763415"", ""147431302"", ""164086518""]"
none_subset,4,186263172,157798849,37,286,0,0,0,0,0,0,"[""183268600"", ""174850296"", ""190251047"", ""154436028"", ""195292057"", ""186646910"", ""183175888"", ""197344850"", ""142288515"", ""209132129""]"
none_subset,4,212278606,188191658,62,2243,0,0,0,0,0,0,"[""57612738"", ""91942219"", ""172899019"", ""199527738"", ""205247044"", ""195501951"", ""185323746"", ""60359990"", ""208719189"", ""185886914""]"
none_subset,4,7916680,5126262,38,2231,0,0,0,0,0,0,"[""12905940"", ""55870666"", ""14434511"", ""148419997"", ""28399802"", ""200830087"", ""189593063"", ""179876069"", ""167154238"", ""13386454""]"
none_subset,4,212566660,192314331,4,383,0,0,0,0,0,0,"[""179735008"", ""160484751"", ""113199812"", ""196083788"", ""205530255"", ""214759064"", ""138626625"", ""105642237"", ""173714150"", ""142536914""]"
none_subset,4,171758770,144073843,64,14,0,0,0,0,1,1,"[""105144259"", ""155021743"", ""152603802"", ""67792301"", ""180165679"", ""183047062"", ""179440048"", ""67998486"", ""112345894"", ""106833257""]"
none_subset,4,56944150,58074978,62,1047,0,0,0,0,0,0,"[""131405477"", ""185405124"", ""144733620"", ""210566449"", ""166907143"", ""94106347"", ""128177020"", ""73410413"", ""106048307"", ""16086259""]"
none_subset,4,177136220,149224518,46,216,0,0,0,0,0,0,"[""175049394"", ""141613878"", ""209179234"", ""38013346"", ""181269509"", ""209251399"", ""168124994"", ""164864518"", ""184445663"", ""195831669""]"
none_subset,4,221464984,208901976,4,189,0,0,0,0,0,0,"[""179812166"", ""135451052"", ""188323012"", ""46147970"", ""201481091"", ""190218932"", ""191889856"", ""179805334"", ""209018186"", ""156841344""]"
none_subset,4,211415678,190685714,4,117,0,0,0,0,0,0,"[""181099732"", ""191509023"", ""126810749"", ""141212383"", ""191147915"", ""146764647"", ""190574356"", ""193021423"", ""88932849"", ""63004444""]"
none_subset,4,212123398,153789770,38,15,0,0,0,0,1,1,"[""93923477"", ""44353494"", ""181551206"", ""120501914"", ""29779319"", ""177493383"", ""69722104"", ""96696628"", ""155422545"", ""27784922""]"
none_subset,4,214057362,159356640,38,10,0,0,0,1,1,1,"[""205529136"", ""192443797"", ""140998433"", ""206343268"", ""112658377"", ""155797300"", ""142190823"", ""207557776"", ""18798683"", ""159356640""]"
none_subset,4,225018699,203644944,46,84,0,0,0,0,0,0,"[""198221243"", ""209764015"", ""141781507"", ""207127154"", ""173365679"", ""191974228"", ""200555275"", ""200860795"", ""186078356"", ""211555684""]"
none_subset,4,189614427,161963154,37,589,0,0,0,0,0,0,"[""207481345"", ""176300467"", ""147947722"", ""190646486"", ""196133478"", ""208464643"", ""212776036"", ""209587702"", ""92273591"", ""84312811""]"
none_subset,4,142392731,121824532,64,481,0,0,0,0,0,0,"[""149506115"", ""183213131"", ""123694415"", ""201421429"", ""63474547"", ""53527257"", ""97354544"", ""177536477"", ""63965447"", ""144054522""]"
none_subset,4,223015676,203967736,38,9,0,0,0,1,1,1,"[""170938980"", ""204218236"", ""174728190"", ""137025491"", ""123502593"", ""180784190"", ""64528586"", ""194365263"", ""203967736"", ""188544896""]"
none_subset,4,225055490,201955493,62,2054,0,0,0,0,0,0,"[""192772254"", ""205145270"", ""181995504"", ""81576657"", ""207430576"", ""194031762"", ""205053493"", ""160725079"", ""190440971"", ""203908924""]"
none_subset,4,193926677,166513470,4,73,0,0,0,0,0,0,"[""153979554"", ""192413607"", ""156841315"", ""134243031"", ""37557379"", ""90543409"", ""145729078"", ""206167938"", ""175750166"", ""129269545""]"
none_subset,4,127823271,106159013,46,49,0,0,0,0,0,1,"[""93024322"", ""120963350"", ""82615761"", ""207470239"", ""162796958"", ""213237291"", ""131488301"", ""212456358"", ""120932240"", ""200400926""]"
none_subset,4,216006681,191329499,43,613,0,0,0,0,0,0,"[""72741345"", ""192366567"", ""102607958"", ""159816013"", ""75704737"", ""113898093"", ""74845533"", ""4674477"", ""125621820"", ""77335627""]"
none_subset,4,217243654,200894620,43,17,0,0,0,0,1,1,"[""182050443"", ""44768555"", ""191711172"", ""152645436"", ""127321663"", ""114163759"", ""207021897"", ""145722028"", ""127979191"", ""147836645""]"
none_subset,4,182940563,150904300,37,1678,0,0,0,0,0,0,"[""96028215"", ""138858879"", ""92247640"", ""154409188"", ""75561865"", ""55814438"", ""213471023"", ""184320957"", ""150108945"", ""201740861""]"
none_subset,4,187573727,146649572,4,164,0,0,0,0,0,0,"[""100007550"", ""201066421"", ""154946230"", ""56134226"", ""155106827"", ""180063242"", ""121025812"", ""179258061"", ""173259969"", ""113622434""]"
none_subset,4,138080259,65008714,64,9,0,0,0,1,1,1,"[""112210141"", ""193944748"", ""174387123"", ""187557702"", ""94191912"", ""143362090"", ""1943884"", ""173159881"", ""65008714"", ""152762249""]"
none_subset,4,192631686,153052637,37,994,0,0,0,0,0,0,"[""170879853"", ""140488555"", ""204997772"", ""149221878"", ""194655381"", ""61710118"", ""200939819"", ""182444653"", ""204074550"", ""172318658""]"
none_subset,4,221997368,208214699,64,1,1,1,1,1,1,1,"[""208214699"", ""187138250"", ""214403909"", ""184550395"", ""185230388"", ""142556394"", ""176590943"", ""211889722"", ""202234647"", ""211803930""]"
none_subset,4,43275874,36274453,46,32,0,0,0,0,0,1,"[""118565908"", ""129427671"", ""169684033"", ""164400164"", ""175722045"", ""200735434"", ""113660921"", ""51224844"", ""78015202"", ""204270051""]"
none_subset,4,208549473,188974237,38,344,0,0,0,0,0,0,"[""176574849"", ""8550716"", ""102778559"", ""213984936"", ""146217898"", ""192443349"", ""162918532"", ""153901522"", ""154107984"", ""61517646""]"
none_subset,4,201632722,146950826,38,90,0,0,0,0,0,0,"[""11921513"", ""186533660"", ""195156235"", ""113456040"", ""145998937"", ""156461111"", ""215127574"", ""211427284"", ""156904280"", ""123704552""]"
none_subset,4,156160045,132801199,4,18,0,0,0,0,1,1,"[""183741193"", ""164258790"", ""191301984"", ""36554500"", ""214893406"", ""206947052"", ""204086663"", ""183754777"", ""205025057"", ""212277102""]"
none_subset,4,72156364,74091865,62,6,0,0,0,1,1,1,"[""115093732"", ""76325050"", ""57509321"", ""61834333"", ""81228503"", ""74091865"", ""170810488"", ""194855016"", ""183670981"", ""57611649""]"
none_subset,4,223313101,212092681,64,532,0,0,0,0,0,0,"[""119651772"", ""196368309"", ""207826820"", ""196286888"", ""97403292"", ""207475739"", ""78406024"", ""210273621"", ""206372980"", ""84071358""]"
none_subset,4,223233776,212219845,37,78,0,0,0,0,0,0,"[""209349722"", ""199287233"", ""193491703"", ""192410378"", ""206302770"", ""182193027"", ""191538851"", ""194588561"", ""180787570"", ""202101807""]"
none_subset,4,211371620,158157895,62,110,0,0,0,0,0,0,"[""193136181"", ""117006578"", ""42940692"", ""162263431"", ""74242439"", ""101066716"", ""89597505"", ""72763415"", ""147431302"", ""208335318""]"
none_subset,4,126256433,96974114,43,541,0,0,0,0,0,0,"[""24907697"", ""140922487"", ""51516713"", ""39344788"", ""4674477"", ""205287113"", ""107050740"", ""54164127"", ""91110398"", ""57556019""]"
none_subset,4,212358680,179747268,57,1416,0,0,0,0,0,0,"[""195907765"", ""211047562"", ""200193952"", ""185245568"", ""193981972"", ""141122844"", ""164929949"", ""175665700"", ""179079527"", ""195530341""]"
none_subset,4,206969260,182904703,4,42,0,0,0,0,0,1,"[""192473388"", ""187600900"", ""190079873"", ""188074441"", ""200344150"", ""190777127"", ""200589462"", ""151451581"", ""201469264"", ""190789377""]"
none_subset,4,219081552,202282525,46,163,0,0,0,0,0,0,"[""137150022"", ""200400926"", ""82615761"", ""205315794"", ""162796958"", ""167383627"", ""167900654"", ""93024322"", ""193206170"", ""207470239""]"
none_subset,4,210487268,179668314,64,423,0,0,0,0,0,0,"[""208915255"", ""166184401"", ""92189436"", ""138800320"", ""146887481"", ""121442493"", ""47134269"", ""149715107"", ""129093190"", ""127196288""]"
none_subset,4,225336145,74450876,64,59,0,0,0,0,0,0,"[""132289907"", ""72224328"", ""142231631"", ""81240114"", ""181874277"", ""85531879"", ""144399371"", ""98469115"", ""165315994"", ""179411117""]"
none_subset,4,175331456,146513683,37,361,0,0,0,0,0,0,"[""105541683"", ""128885740"", ""177169600"", ""155943767"", ""136884669"", ""145686023"", ""195332849"", ""204339441"", ""191365709"", ""104959023""]"
none_subset,4,213944371,194670256,37,128,0,0,0,0,0,0,"[""202328948"", ""192323302"", ""180221400"", ""197844035"", ""209154292"", ""209161669"", ""141656944"", ""207544886"", ""181408383"", ""209551298""]"
none_subset,4,134360438,111735082,62,475,0,0,0,0,0,0,"[""118002181"", ""134917876"", ""190955120"", ""194230267"", ""200271479"", ""192458679"", ""192716019"", ""109144733"", ""201461957"", ""150826025""]"
none_subset,4,187101284,147810982,62,1105,0,0,0,0,0,0,"[""86925187"", ""113542136"", ""131192536"", ""213337390"", ""210678182"", ""159960911"", ""165049336"", ""212334345"", ""208636440"", ""52848243""]"
none_subset,4,203507410,173887076,57,747,0,0,0,0,0,0,"[""210440269"", ""195530341"", ""193303170"", ""187950832"", ""195530334"", ""166582282"", ""172994991"", ""210636826"", ""209082310"", ""193741544""]"
none_subset,4,166673610,121103119,62,1021,0,0,0,0,0,0,"[""55538884"", ""19018996"", ""96744852"", ""165279109"", ""200654316"", ""189473848"", ""203378428"", ""194230601"", ""136291796"", ""139296753""]"
none_subset,4,193152815,165031640,57,57,0,0,0,0,0,0,"[""185648769"", ""163252829"", ""152191898"", ""167696704"", ""118260233"", ""142032570"", ""201622709"", ""78545033"", ""190632146"", ""206220726""]"
none_subset,4,168799431,143547772,4,3,0,1,1,1,1,1,"[""76519929"", ""194022496"", ""143547772"", ""210822020"", ""193951937"", ""108202978"", ""215675334"", ""191498286"", ""202242865"", ""195140544""]"
none_subset,4,210308666,184170758,43,1710,0,0,0,0,0,0,"[""186098084"", ""188365217"", ""163900593"", ""186949946"", ""163505137"", ""205707764"", ""168991783"", ""212363809"", ""153586175"", ""186034089""]"
none_subset,4,125809748,98272991,43,636,0,0,0,0,0,0,"[""153591399"", ""146413132"", ""18294635"", ""155249274"", ""202367676"", ""89731710"", ""35117971"", ""171888747"", ""125480188"", ""27430167""]"
none_subset,4,215481738,119637829,37,30,0,0,0,0,1,1,"[""212047029"", ""103057199"", ""156884960"", ""39048064"", ""170049514"", ""177094485"", ""134610044"", ""146818815"", ""185677825"", ""186298213""]"
none_subset,4,141347617,74290204,62,674,0,0,0,0,0,0,"[""127682307"", ""190061187"", ""86295030"", ""188105464"", ""12231700"", ""140609707"", ""213858568"", ""192080500"", ""158436111"", ""172047615""]"
none_subset,4,182735542,154615570,46,87,0,0,0,0,0,0,"[""208143888"", ""102458654"", ""87562356"", ""61233280"", ""102764457"", ""121346371"", ""123341476"", ""133780489"", ""171578170"", ""192689229""]"
none_subset,4,84948438,81936846,38,373,0,0,0,0,0,0,"[""206303400"", ""184981026"", ""207390535"", ""192439696"", ""121550726"", ""99075342"", ""58199619"", ""127669143"", ""98884535"", ""204218454""]"
none_subset,4,88430166,74375092,43,297,0,0,0,0,0,0,"[""83383823"", ""127254122"", ""60265144"", ""27371713"", ""125638272"", ""137780242"", ""47578647"", ""195408710"", ""57715433"", ""68154365""]"
none_subset,4,176270924,148352358,46,22,0,0,0,0,1,1,"[""143366526"", ""80195905"", ""37708588"", ""102529512"", ""44855147"", ""122229490"", ""188974662"", ""150142821"", ""78516486"", ""211380085""]"
none_subset,4,207983115,184519995,37,13,0,0,0,0,1,1,"[""201913249"", ""187256075"", ""169922684"", ""191600925"", ""151708259"", ""156583528"", ""175392694"", ""187443642"", ""183535868"", ""184323784""]"
none_subset,4,202143797,175175649,62,110,0,0,0,0,0,0,"[""102076897"", ""203510715"", ""96917986"", ""176309620"", ""191872666"", ""154706721"", ""184129119"", ""184552723"", ""209252153"", ""73563944""]"
none_subset,4,219249066,191590282,43,64,0,0,0,0,0,0,"[""79844098"", ""205517780"", ""88376416"", ""130556843"", ""156395019"", ""70510072"", ""140335234"", ""190480160"", ""98301531"", ""125484797""]"
none_subset,4,143722693,114162936,62,359,0,0,0,0,0,0,"[""99563204"", ""156487231"", ""72763415"", ""153978341"", ""204737909"", ""120595575"", ""125139076"", ""214788438"", ""172190870"", ""204100209""]"
none_subset,4,222014463,202121759,46,655,0,0,0,0,0,0,"[""194301324"", ""99309357"", ""214112052"", ""152102459"", ""78696152"", ""201966464"", ""140110070"", ""52439531"", ""78004872"", ""173788835""]"
none_subset,4,220324774,206942069,37,94,0,0,0,0,0,0,"[""210226726"", ""209161669"", ""213416559"", ""157945105"", ""181022161"", ""206864139"", ""201649016"", ""202137970"", ""191911000"", ""211802210""]"
none_subset,4,214979493,195545920,62,136,0,0,0,0,0,0,"[""79802279"", ""139116865"", ""181082260"", ""202517117"", ""52577956"", ""123217124"", ""144733620"", ""155560065"", ""154103218"", ""193455158""]"
none_subset,4,197174102,158079920,46,47,0,0,0,0,0,1,"[""200400926"", ""82615761"", ""120932240"", ""167383627"", ""134691092"", ""156554598"", ""156263625"", ""205315794"", ""167786912"", ""204631912""]"
none_subset,4,152593815,120566127,43,384,0,0,0,0,0,0,"[""192784424"", ""201259036"", ""26809470"", ""76970617"", ""29596208"", ""127047625"", ""61372398"", ""154110926"", ""49833634"", ""176670642""]"
none_subset,4,190704652,159919899,4,29,0,0,0,0,1,1,"[""167104684"", ""50883863"", ""140694614"", ""48788833"", ""145020770"", ""52380679"", ""156633369"", ""54212504"", ""144251877"", ""194377968""]"
none_subset,4,224353612,83339178,38,1336,0,0,0,0,0,0,"[""171949747"", ""159333154"", ""165409487"", ""108421334"", ""155814671"", ""127539785"", ""206518481"", ""179876069"", ""170281060"", ""116226486""]"
none_subset,4,168810096,141477316,43,180,0,0,0,0,0,0,"[""90293525"", ""192559614"", ""115857968"", ""157995027"", ""149017403"", ""155318109"", ""185138279"", ""190069327"", ""190806991"", ""132315079""]"
none_subset,4,174234845,111077753,46,11,0,0,0,0,1,1,"[""201024429"", ""184407267"", ""176659851"", ""145504709"", ""116838538"", ""169970147"", ""52439531"", ""135883318"", ""211870655"", ""184975322""]"
none_subset,4,224964084,214177607,64,438,0,0,0,0,0,0,"[""161410919"", ""200485858"", ""156783415"", ""88249240"", ""47134269"", ""210635321"", ""210298620"", ""191948412"", ""170746635"", ""156885595""]"
none_subset,4,223051299,211888794,43,28,0,0,0,0,1,1,"[""196161702"", ""189168111"", ""192529072"", ""136136174"", ""195756368"", ""53410226"", ""163551195"", ""196286515"", ""180214878"", ""185897088""]"
none_subset,4,211447713,190729057,62,297,0,0,0,0,0,0,"[""94242464"", ""172997177"", ""200035811"", ""109870390"", ""210275902"", ""193966350"", ""202235121"", ""198209451"", ""213066001"", ""190355590""]"
none_subset,4,121895414,109316691,46,24,0,0,0,0,1,1,"[""211441313"", ""170458031"", ""207931525"", ""32294401"", ""169602941"", ""172512012"", ""208188298"", ""206672410"", ""210449055"", ""205395255""]"
none_subset,4,18612263,16900641,46,392,0,0,0,0,0,0,"[""205769669"", ""210288248"", ""167776566"", ""209105168"", ""130443128"", ""83646259"", ""205356898"", ""45375287"", ""204544735"", ""115067550""]"
none_subset,4,148987859,126187915,43,24,0,0,0,0,1,1,"[""154215969"", ""142700536"", ""196069283"", ""180987149"", ""118456882"", ""192774637"", ""144710651"", ""189791365"", ""123633665"", ""166752829""]"
none_subset,4,192255303,159931342,37,46,0,0,0,0,0,1,"[""14688074"", ""115215869"", ""96256428"", ""127678430"", ""126574209"", ""95030361"", ""29496516"", ""163474582"", ""173034966"", ""202778075""]"
none_subset,4,212166333,53324130,38,45,0,0,0,0,0,1,"[""166302090"", ""194567057"", ""137272079"", ""193857539"", ""143671272"", ""182704194"", ""84270721"", ""169336593"", ""168951957"", ""212801979""]"
none_subset,4,178200938,144995106,4,6,0,0,0,1,1,1,"[""119654700"", ""65093644"", ""152685161"", ""121025812"", ""120540825"", ""144995106"", ""156471159"", ""183725729"", ""186220965"", ""198809896""]"
none_subset,4,41375900,28575466,46,24,0,0,0,0,1,1,"[""19664212"", ""160764333"", ""129112756"", ""186542267"", ""50497846"", ""183767116"", ""79523323"", ""127996266"", ""108196994"", ""158102584""]"
none_subset,4,219197772,123741380,57,198,0,0,0,0,0,0,"[""107833046"", ""207095476"", ""128787820"", ""206321283"", ""209436110"", ""205338620"", ""183982826"", ""130175687"", ""211568673"", ""201562377""]"
none_subset,4,204165479,152716158,46,475,0,0,0,0,0,0,"[""212690484"", ""172482275"", ""207379889"", ""212255952"", ""181620594"", ""44202832"", ""80179617"", ""167910834"", ""213401003"", ""170512818""]"
none_subset,4,195123621,145157871,37,888,0,0,0,0,0,0,"[""127087324"", ""100819191"", ""21423746"", ""133932837"", ""183023489"", ""189064377"", ""171828064"", ""194551250"", ""212809765"", ""121116115""]"
none_subset,4,198657322,169742657,64,2016,0,0,0,0,0,0,"[""114420335"", ""159428920"", ""212042373"", ""146848989"", ""198417754"", ""210373505"", ""188912158"", ""146946453"", ""209176271"", ""193870914""]"
none_subset,4,168167112,136167456,46,217,0,0,0,0,0,0,"[""170881830"", ""168791195"", ""138788694"", ""212730825"", ""210175793"", ""207326970"", ""211336503"", ""212220560"", ""108934756"", ""195720861""]"
none_subset,4,217865263,202190653,4,16,0,0,0,0,1,1,"[""165023261"", ""211167678"", ""161086623"", ""163608455"", ""73118528"", ""185515008"", ""82742836"", ""79387876"", ""48830519"", ""198949108""]"
none_subset,4,178717273,127619503,46,51,0,0,0,0,0,0,"[""191705183"", ""149547737"", ""118566996"", ""99309357"", ""201966464"", ""111095231"", ""152102459"", ""49041759"", ""32186937"", ""126662251""]"
none_subset,4,157200645,104767223,46,1,1,1,1,1,1,1,"[""104767223"", ""114654675"", ""148554569"", ""167280596"", ""121183627"", ""192859823"", ""146520918"", ""206843208"", ""74187345"", ""65618657""]"
none_subset,4,212472649,167019414,43,256,0,0,0,0,0,0,"[""46154800"", ""106212567"", ""136611640"", ""192987043"", ""198296892"", ""117984925"", ""176978968"", ""125361053"", ""158317587"", ""171665125""]"
none_subset,4,180957275,117294409,43,248,0,0,0,0,0,0,"[""119064343"", ""195408710"", ""183691121"", ""90198681"", ""186549940"", ""201390391"", ""177400740"", ""189266294"", ""166793601"", ""153555711""]"
none_subset,4,197644343,170533485,4,1010,0,0,0,0,0,0,"[""203033142"", ""112914230"", ""203618170"", ""154438637"", ""206408008"", ""162915784"", ""153116755"", ""209176316"", ""203776159"", ""119913706""]"
none_subset,4,220083412,188854517,4,531,0,0,0,0,0,0,"[""183750892"", ""193843184"", ""195484068"", ""184022783"", ""188602972"", ""201461303"", ""185107867"", ""198615413"", ""196161368"", ""201061935""]"
none_subset,4,182691252,148133803,64,1578,0,0,0,0,0,0,"[""167245652"", ""65008714"", ""213272815"", ""158428439"", ""202658571"", ""93943220"", ""108526378"", ""94996847"", ""154049018"", ""204286460""]"
none_subset,4,224088320,207903647,38,292,0,0,0,0,0,0,"[""128168264"", ""88485908"", ""209330718"", ""104610572"", ""146473396"", ""187424386"", ""118659816"", ""51821730"", ""136444097"", ""192884067""]"
none_subset,4,207157271,181831554,62,460,0,0,0,0,0,0,"[""182479029"", ""191802528"", ""209130399"", ""176333450"", ""97699076"", ""148791903"", ""93458026"", ""193245188"", ""92648178"", ""95641166""]"
none_subset,4,219549589,205463159,46,71,0,0,0,0,0,0,"[""208805779"", ""208458622"", ""212261718"", ""204899704"", ""215292694"", ""213127076"", ""210310500"", ""213296616"", ""200584617"", ""165798625""]"
none_subset,4,61412758,66544309,64,223,0,0,0,0,0,0,"[""146444401"", ""69248477"", ""138016010"", ""98740806"", ""88397191"", ""194767716"", ""161824377"", ""148153000"", ""85881610"", ""62550428""]"
none_subset,4,225234100,214923237,37,1406,0,0,0,0,0,0,"[""191029008"", ""164415171"", ""128025445"", ""55796783"", ""127604369"", ""173645815"", ""150426765"", ""204347081"", ""198930981"", ""183923787""]"
none_subset,4,200993442,173622745,64,1954,0,0,0,0,0,0,"[""103562123"", ""170757529"", ""193134463"", ""131215451"", ""149540426"", ""140746194"", ""141263401"", ""56647291"", ""197313086"", ""124127139""]"
none_subset,4,216975459,206528763,37,432,0,0,0,0,0,0,"[""140618489"", ""143065905"", ""173621712"", ""142113211"", ""174850296"", ""183268600"", ""203829614"", ""200220844"", ""28242894"", ""70970519""]"
none_subset,4,225336801,188214175,38,185,0,0,0,0,0,0,"[""123821164"", ""18107447"", ""203967736"", ""38003672"", ""180023471"", ""165955684"", ""145865678"", ""140979774"", ""74273124"", ""99912896""]"
none_subset,4,215838281,178821617,64,781,0,0,0,0,0,0,"[""207537844"", ""60291031"", ""5009200"", ""76668217"", ""134302572"", ""191000780"", ""135170809"", ""202712497"", ""44279756"", ""184683737""]"
none_subset,4,194636789,164687853,43,170,0,0,0,0,0,0,"[""206290556"", ""187215484"", ""210822887"", ""209862942"", ""203417954"", ""143611276"", ""184633847"", ""184344653"", ""180961442"", ""201213450""]"
none_subset,4,222074084,210312086,4,318,0,0,0,0,0,0,"[""177056777"", ""204007557"", ""198615413"", ""194722275"", ""197090565"", ""191147915"", ""207099785"", ""181099732"", ""191316160"", ""194160187""]"
none_subset,4,220528235,207323221,46,9,0,0,0,1,1,1,"[""212848933"", ""174530579"", ""103702743"", ""171976440"", ""208570175"", ""136819405"", ""210145725"", ""169222678"", ""207323221"", ""173166016""]"
none_subset,4,172457210,121255930,64,932,0,0,0,0,0,0,"[""196328856"", ""211306464"", ""145930227"", ""146365324"", ""164643454"", ""167354299"", ""148979593"", ""12329772"", ""95857401"", ""158126671""]"
none_subset,4,113903010,100293557,64,81,0,0,0,0,0,0,"[""204824313"", ""179201033"", ""138800320"", ""149715107"", ""118284407"", ""167679113"", ""194094670"", ""60032340"", ""195702681"", ""126785773""]"
none_subset,4,221302940,208849613,4,443,0,0,0,0,0,0,"[""193807530"", ""113199812"", ""169715410"", ""208698322"", ""149665952"", ""160484751"", ""138626625"", ""126624504"", ""206016133"", ""158546701""]"
none_subset,4,69000953,64234906,46,3,0,1,1,1,1,1,"[""203665704"", ""158946684"", ""64234906"", ""171694803"", ""140827649"", ""201215254"", ""100503293"", ""68978046"", ""105148782"", ""113591349""]"
none_subset,4,218842170,160041957,38,645,0,0,0,0,0,0,"[""193054363"", ""203967736"", ""123821164"", ""156263699"", ""140979774"", ""154112696"", ""190121356"", ""174539147"", ""204218236"", ""145865678""]"
none_subset,4,220261952,197046560,4,278,0,0,0,0,0,0,"[""210301282"", ""164258790"", ""167026168"", ""212806729"", ""53882418"", ""176925983"", ""211821321"", ""166646423"", ""139110120"", ""73706611""]"
none_subset,4,139219419,121721790,62,292,0,0,0,0,0,0,"[""117835777"", ""127488091"", ""143139548"", ""124381580"", ""52773606"", ""209579537"", ""56305255"", ""94546694"", ""138120106"", ""153978341""]"
none_subset,4,125389659,110880028,46,364,0,0,0,0,0,0,"[""206921287"", ""123341476"", ""102458654"", ""215475381"", ""158115780"", ""201507987"", ""77995654"", ""138179744"", ""186776259"", ""169485140""]"
none_subset,4,184714311,156401211,4,213,0,0,0,0,0,0,"[""195213429"", ""151681239"", ""182361800"", ""206799452"", ""195717749"", ""149247164"", ""194377968"", ""154444351"", ""194338856"", ""62938611""]"
none_subset,4,211685637,190316113,37,162,0,0,0,0,0,0,"[""191911000"", ""210226726"", ""82620936"", ""153099679"", ""211094404"", ""211802210"", ""195296935"", ""201649016"", ""191538851"", ""116930061""]"
none_subset,4,120923788,107088593,64,285,0,0,0,0,0,0,"[""138322181"", ""155183786"", ""116370931"", ""111626622"", ""67998486"", ""143686140"", ""193870914"", ""122395189"", ""149002642"", ""53912540""]"
none_subset,4,210445554,188816532,62,2545,0,0,0,0,0,0,"[""117006578"", ""194289010"", ""101066716"", ""166108651"", ""182866713"", ""145492438"", ""60239293"", ""70069885"", ""183472540"", ""206301685""]"
none_subset,4,204017555,160815179,46,315,0,0,0,0,0,0,"[""147047749"", ""171227160"", ""171227152"", ""108971427"", ""190224714"", ""127266574"", ""143182122"", ""145084375"", ""194951479"", ""177479543""]"
none_subset,4,143197618,98469115,64,3,0,1,1,1,1,1,"[""181874277"", ""193793367"", ""98469115"", ""76668217"", ""163956163"", ""135170809"", ""153275921"", ""206142030"", ""200497374"", ""111495627""]"
none_subset,4,61843610,66079869,38,440,0,0,0,0,0,0,"[""35695557"", ""112389064"", ""92914026"", ""200830087"", ""37809434"", ""198559745"", ""196304269"", ""207244739"", ""169019310"", ""155814671""]"
none_subset,4,203049884,177204083,46,185,0,0,0,0,0,0,"[""170352052"", ""200727306"", ""127485588"", ""180795459"", ""191805410"", ""89431258"", ""192711504"", ""180613841"", ""78696152"", ""78004872""]"
none_subset,4,200273238,174160548,62,33,0,0,0,0,0,1,"[""145702501"", ""178001538"", ""172904337"", ""209151724"", ""208252625"", ""192522899"", ""32645477"", ""197595797"", ""169543207"", ""208938354""]"
none_subset,4,70787689,44688477,4,31,0,0,0,0,0,1,"[""181715447"", ""123419520"", ""198374943"", ""138975756"", ""93696567"", ""193413498"", ""191214295"", ""184281117"", ""183252412"", ""167643231""]"
none_subset,4,176078735,146569456,43,232,0,0,0,0,0,0,"[""191363897"", ""204570694"", ""100464186"", ""150794676"", ""143317431"", ""160710926"", ""215513285"", ""195240617"", ""204649733"", ""161359602""]"
none_subset,4,135329136,117265551,37,296,0,0,0,0,0,0,"[""139391729"", ""205328844"", ""51749408"", ""143865659"", ""80433944"", ""69814974"", ""77617528"", ""202137970"", ""188918346"", ""23924949""]"
none_subset,4,153938737,131288527,43,366,0,0,0,0,0,0,"[""120544015"", ""188577365"", ""26638732"", ""56249203"", ""178058556"", ""100704615"", ""202632009"", ""119361928"", ""198092127"", ""196197826""]"
none_subset,4,212479224,192156118,64,1003,0,0,0,0,0,0,"[""182762792"", ""148133803"", ""120758654"", ""136401281"", ""178043240"", ""120966979"", ""142119938"", ""192429012"", ""154913615"", ""145593128""]"
none_subset,4,166278715,129815138,4,884,0,0,0,0,0,0,"[""143253664"", ""191498286"", ""153459958"", ""176741246"", ""194022496"", ""76519929"", ""146961197"", ""206283069"", ""200439718"", ""49226304""]"
none_subset,4,199772169,172344853,46,202,0,0,0,0,0,0,"[""208458622"", ""211987120"", ""179440577"", ""212013801"", ""159049004"", ""178086628"", ""215428176"", ""135652658"", ""204919891"", ""21270188""]"
none_subset,4,175220215,132450375,43,93,0,0,0,0,0,0,"[""206290556"", ""189283285"", ""195224828"", ""132795249"", ""197224556"", ""203348372"", ""210822887"", ""113451129"", ""184633847"", ""183765224""]"
none_subset,4,177080967,137979950,43,1765,0,0,0,0,0,0,"[""161356517"", ""188810945"", ""102607958"", ""207851646"", ""162142216"", ""198296892"", ""117984925"", ""198700213"", ""192987043"", ""74845533""]"
none_subset,4,209299010,186780001,37,63,0,0,0,0,0,0,"[""167814691"", ""180221400"", ""191294127"", ""213471023"", ""146527115"", ""181408383"", ""201740861"", ""192323302"", ""181014160"", ""202328948""]"
none_subset,4,199596057,171152123,46,908,0,0,0,0,0,0,"[""144865911"", ""204484014"", ""210373455"", ""210667015"", ""208712486"", ""207127154"", ""208458622"", ""212306388"", ""198221243"", ""212905783""]"
none_subset,4,123077927,110091642,43,1394,0,0,0,0,0,0,"[""196291255"", ""210940174"", ""129483238"", ""180648286"", ""167043645"", ""143989763"", ""193313194"", ""153591399"", ""132793063"", ""183255762""]"
none_subset,4,190493038,120673072,43,1324,0,0,0,0,0,0,"[""189165560"", ""59841256"", ""136611640"", ""156158793"", ""75839915"", ""121314084"", ""75839769"", ""54474426"", ""101275830"", ""54226204""]"
none_subset,4,86671615,52955195,46,60,0,0,0,0,0,0,"[""61233280"", ""164665349"", ""207308677"", ""112097565"", ""53826389"", ""98678440"", ""81754384"", ""172912744"", ""192689229"", ""108713383""]"
none_subset,4,31043892,31980662,38,8,0,0,0,1,1,1,"[""99026554"", ""101461920"", ""200931885"", ""113652490"", ""78137458"", ""201872814"", ""133753057"", ""31980662"", ""197470467"", ""145720442""]"
none_subset,4,145451831,124127139,64,245,0,0,0,0,0,0,"[""131215451"", ""46094230"", ""63404553"", ""211889089"", ""74162951"", ""155867691"", ""75760627"", ""167980707"", ""186122058"", ""65008175""]"
none_subset,4,153747275,126063136,57,1358,0,0,0,0,0,0,"[""183993242"", ""159881542"", ""107527374"", ""121902729"", ""199897240"", ""136519761"", ""110306995"", ""125339147"", ""31932356"", ""139191535""]"
none_subset,4,224656101,204256104,4,2276,0,0,0,0,0,0,"[""210109068"", ""141885667"", ""164165331"", ""32817983"", ""213465461"", ""104121894"", ""78003621"", ""136386916"", ""103246617"", ""151053517""]"
none_subset,4,99715785,93457918,62,13,0,0,0,0,1,1,"[""92648178"", ""153978341"", ""212334345"", ""167530279"", ""125457528"", ""117835777"", ""135590435"", ""99563204"", ""70069885"", ""156966802""]"
none_subset,4,219010765,200564628,4,56,0,0,0,0,0,0,"[""183690665"", ""191627911"", ""206636227"", ""192410120"", ""193001991"", ""193481695"", ""208780104"", ""183692559"", ""210484477"", ""202705628""]"
none_subset,4,201660768,149982401,38,714,0,0,0,0,0,0,"[""47432873"", ""69350726"", ""191338884"", ""180386955"", ""146217898"", ""193949384"", ""118383153"", ""177473283"", ""183401482"", ""189593063""]"
none_subset,4,121673786,101155263,46,131,0,0,0,0,0,0,"[""105129945"", ""212208758"", ""98678440"", ""209050134"", ""61233280"", ""174705087"", ""108713383"", ""136909437"", ""164912617"", ""105169863""]"
none_subset,4,72533492,74205538,46,1914,0,0,0,0,0,0,"[""176659851"", ""191328220"", ""132867538"", ""178975230"", ""200727306"", ""208649860"", ""206579192"", ""146324638"", ""210626515"", ""150407343""]"
none_subset,4,189529390,161349329,38,233,0,0,0,0,0,0,"[""127751166"", ""117957932"", ""124169140"", ""97895020"", ""126411875"", ""151180760"", ""37809434"", ""113999751"", ""115405939"", ""108645662""]"
none_subset,4,152773694,132893169,43,1107,0,0,0,0,0,0,"[""203438993"", ""202388962"", ""190843616"", ""52112999"", ""173857826"", ""210931289"", ""124759667"", ""174558601"", ""162770121"", ""124731600""]"
none_subset,4,124950338,109922545,46,472,0,0,0,0,0,0,"[""105678196"", ""212822100"", ""201698101"", ""129461367"", ""213225779"", ""110969671"", ""163735549"", ""103172216"", ""209170192"", ""122844194""]"
none_subset,4,195925802,168412771,46,261,0,0,0,0,0,0,"[""159049004"", ""208458622"", ""149224518"", ""212013801"", ""21270188"", ""204484014"", ""205284050"", ""212469100"", ""211063696"", ""215428176""]"
none_subset,4,180507726,148096344,4,24,0,0,0,0,1,1,"[""192786300"", ""184476437"", ""88932849"", ""88532160"", ""194291179"", ""193021423"", ""177402240"", ""191043947"", ""146764647"", ""163036343""]"
none_subset,4,159100819,135216969,37,1902,0,0,0,0,0,0,"[""140336042"", ""182513421"", ""163212625"", ""200025016"", ""127873279"", ""117467918"", ""210605188"", ""188679659"", ""185121886"", ""120777478""]"
none_subset,4,158660557,138316929,4,1923,0,0,0,0,0,0,"[""103984598"", ""168222985"", ""176689628"", ""193059683"", ""114633318"", ""191516714"", ""169922901"", ""209736982"", ""173717084"", ""168703003""]"
none_subset,4,181277813,121966763,46,78,0,0,0,0,0,0,"[""78516486"", ""150142821"", ""77388181"", ""122229490"", ""179384818"", ""190912236"", ""143366526"", ""107095516"", ""60967653"", ""162450802""]"
none_subset,4,182127641,142274306,43,187,0,0,0,0,0,0,"[""181981190"", ""189165560"", ""129743380"", ""183703868"", ""169633199"", ""164518023"", ""205500642"", ""121314084"", ""192437542"", ""140754805""]"
none_subset,4,75516255,77338935,38,1235,0,0,0,0,0,0,"[""154762222"", ""89532322"", ""127062761"", ""107054492"", ""195301933"", ""118389997"", ""171588996"", ""151607631"", ""201603990"", ""26133933""]"
none_subset,4,147462172,80777048,62,72,0,0,0,0,0,0,"[""146789147"", ""88475705"", ""143457218"", ""48197595"", ""195842978"", ""65307631"", ""57547838"", ""73563944"", ""210678182"", ""32263557""]"
none_subset,4,220651840,145906971,43,26,0,0,0,0,1,1,"[""201441807"", ""201440672"", ""197580291"", ""197634421"", ""157371611"", ""93370908"", ""196286515"", ""193587212"", ""173249585"", ""120544015""]"
none_subset,4,223856287,209585249,37,41,0,0,0,0,0,1,"[""195014964"", ""190569345"", ""172689752"", ""202782009"", ""193730114"", ""206302770"", ""203730564"", ""207544886"", ""190070434"", ""187134525""]"
none_subset,4,174298031,146247846,38,271,0,0,0,0,0,0,"[""158083734"", ""194420087"", ""155387684"", ""190453683"", ""206506072"", ""163280205"", ""178462865"", ""163646287"", ""166395194"", ""210619922""]"
none_subset,4,217510317,201829388,4,2695,0,0,0,0,0,0,"[""210550451"", ""206636227"", ""208780104"", ""182581077"", ""194160187"", ""215237393"", ""196026500"", ""192410120"", ""193001991"", ""203466268""]"
none_subset,4,216906744,117474006,64,278,0,0,0,0,0,0,"[""193084026"", ""179835610"", ""200767454"", ""181529530"", ""142119938"", ""92304326"", ""165717472"", ""186981669"", ""151937269"", ""159992550""]"
none_subset,4,195740306,168712424,64,55,0,0,0,0,0,0,"[""212528042"", ""31566174"", ""207826820"", ""153533707"", ""196286888"", ""71813245"", ""60124479"", ""195426035"", ""49215114"", ""59824769""]"
none_subset,4,175571502,147515846,37,1306,0,0,0,0,0,0,"[""156606418"", ""209154292"", ""165174023"", ""146013472"", ""192870188"", ""151601836"", ""180787570"", ""186811713"", ""199287233"", ""208532302""]"
none_subset,4,40555318,42368928,4,137,0,0,0,0,0,0,"[""152685161"", ""207143420"", ""72626014"", ""119654700"", ""189202376"", ""213127345"", ""154267881"", ""155621797"", ""183725729"", ""73205799""]"
none_subset,4,221748782,110119636,46,53,0,0,0,0,0,0,"[""77329979"", ""101552604"", ""194793794"", ""194051265"", ""132957109"", ""109811257"", ""171785060"", ""28355710"", ""176931775"", ""173450384""]"
none_subset,4,215076418,191423965,43,497,0,0,0,0,0,0,"[""196601703"", ""100976417"", ""118484592"", ""202003110"", ""164354706"", ""146898856"", ""109574039"", ""190049158"", ""140754805"", ""211030648""]"
none_subset,4,217106992,185861853,43,1577,0,0,0,0,0,0,"[""202169801"", ""138361155"", ""209248830"", ""191423965"", ""122714725"", ""177166442"", ""206195766"", ""99989757"", ""160542632"", ""205961338""]"
none_subset,4,223869271,163921484,64,911,0,0,0,0,0,0,"[""179767835"", ""165687007"", ""126785773"", ""204325611"", ""160686884"", ""202708178"", ""105016789"", ""182224096"", ""122175441"", ""143752488""]"
none_subset,4,187098073,159199323,43,5,0,0,1,1,1,1,"[""29596208"", ""145906971"", ""120544015"", ""130448492"", ""159199323"", ""119445851"", ""180157887"", ""183980279"", ""197580291"", ""160407494""]"
none_subset,4,221251045,204415558,62,115,0,0,0,0,0,0,"[""172997177"", ""196478095"", ""211070786"", ""206351628"", ""213066001"", ""200035811"", ""212412503"", ""204372796"", ""183755648"", ""204721492""]"
none_subset,4,222910388,155647098,57,101,0,0,0,0,0,0,"[""141804981"", ""120642977"", ""104220240"", ""170402935"", ""170283614"", ""83774267"", ""122144601"", ""211007726"", ""187976706"", ""57499091""]"
none_subset,4,199764194,164130570,4,442,0,0,0,0,0,0,"[""16813724"", ""185515008"", ""211167678"", ""73118528"", ""185362507"", ""161086623"", ""134828860"", ""209243592"", ""206007161"", ""209043508""]"
none_subset,4,170511974,157139216,37,1570,0,0,0,0,0,0,"[""214523405"", ""214883789"", ""183268600"", ""192227530"", ""203829614"", ""177244193"", ""126027022"", ""204242033"", ""98741862"", ""70970519""]"
none_subset,4,197042942,164967199,38,20,0,0,0,0,1,1,"[""193669795"", ""194567057"", ""171691139"", ""145767591"", ""104835682"", ""159426855"", ""101760897"", ""136949110"", ""97582200"", ""126891166""]"
none_subset,4,69298452,70517064,46,107,0,0,0,0,0,0,"[""150142821"", ""201991995"", ""151511658"", ""77388181"", ""139912235"", ""148352358"", ""8742737"", ""113000796"", ""164019674"", ""129427678""]"
none_subset,4,223561452,212197427,37,764,0,0,0,0,0,0,"[""199340755"", ""207544886"", ""191911000"", ""211802210"", ""209286799"", ""187543270"", ""206942069"", ""208141913"", ""191538851"", ""182640683""]"
none_subset,4,168452676,118222122,62,608,0,0,0,0,0,0,"[""200166708"", ""215517289"", ""131320559"", ""209099816"", ""126216841"", ""205247044"", ""184552723"", ""200037328"", ""127168363"", ""183472917""]"
none_subset,4,181794300,151145810,43,19,0,0,0,0,1,1,"[""197613208"", ""66709739"", ""195408710"", ""209546973"", ""137780242"", ""148264493"", ""156295009"", ""33389792"", ""173981660"", ""100215754""]"
none_subset,4,208095656,127927081,64,101,0,0,0,0,0,0,"[""73275498"", ""186093978"", ""174387123"", ""63935560"", ""194242273"", ""95187471"", ""61171786"", ""121322111"", ""62581454"", ""152337991""]"
none_subset,4,225335926,211911671,46,1644,0,0,0,0,0,0,"[""208649860"", ""182222562"", ""146324638"", ""205635929"", ""143366526"", ""206201645"", ""186512278"", ""177423877"", ""89084644"", ""180613841""]"
none_subset,4,222130069,210417882,37,1003,0,0,0,0,0,0,"[""116929460"", ""205300777"", ""211483573"", ""202157886"", ""179547907"", ""50482792"", ""180713169"", ""169799464"", ""101679570"", ""82620936""]"
none_subset,4,223720098,212621102,37,3,0,1,1,1,1,1,"[""207178377"", ""166772714"", ""212621102"", ""64149000"", ""168157454"", ""79219323"", ""208742868"", ""190569345"", ""180837553"", ""58775140""]"
none_subset,4,194097330,148051499,38,788,0,0,0,0,0,0,"[""181805893"", ""196742641"", ""193857246"", ""65034285"", ""149389681"", ""128022775"", ""187888931"", ""136204876"", ""192191594"", ""165671081""]"
none_subset,4,125412100,109590796,38,107,0,0,0,0,0,0,"[""207390535"", ""209895579"", ""86777177"", ""178462865"", ""132325249"", ""136949110"", ""204375245"", ""189210574"", ""206506072"", ""164189840""]"
none_subset,4,220801144,195510728,4,2,0,1,1,1,1,1,"[""215485045"", ""195510728"", ""186538802"", ""171567687"", ""213307240"", ""209155449"", ""195620407"", ""205405501"", ""158986768"", ""201079257""]"
none_subset,4,217784024,202030579,37,950,0,0,0,0,0,0,"[""211987844"", ""148067653"", ""80808834"", ""149676779"", ""203837820"", ""156583528"", ""209002652"", ""108765924"", ""123163900"", ""187502080""]"
none_subset,4,206497499,180165679,64,6,0,0,0,1,1,1,"[""144073843"", ""197268810"", ""48108527"", ""185606335"", ""159982314"", ""180165679"", ""60260391"", ""200030150"", ""191946769"", ""183047062""]"
none_subset,4,197513260,170959122,37,1412,0,0,0,0,0,0,"[""150950507"", ""200567894"", ""182489418"", ""198753304"", ""201505284"", ""115463757"", ""185411714"", ""168678804"", ""162193794"", ""209207018""]"
none_subset,4,33403155,35616285,43,38,0,0,0,0,0,1,"[""196069283"", ""142700536"", ""146413132"", ""41756235"", ""35117971"", ""197867680"", ""166752829"", ""155249274"", ""192774637"", ""43872203""]"
none_subset,4,221402730,204219042,46,27,0,0,0,0,1,1,"[""142436010"", ""167339905"", ""83278910"", ""214169191"", ""135652658"", ""107277769"", ""58097180"", ""210822934"", ""195389065"", ""141722116""]"
none_subset,4,195197020,167026168,4,631,0,0,0,0,0,0,"[""215351522"", ""183648059"", ""110925434"", ""211845271"", ""209174117"", ""132213065"", ""185125145"", ""139117884"", ""205311074"", ""199082024""]"
none_subset,4,220975574,141715949,4,1481,0,0,0,0,0,0,"[""65093644"", ""119654700"", ""140966958"", ""121025812"", ""204583328"", ""195516477"", ""116662369"", ""169747228"", ""198809896"", ""180180713""]"
none_subset,4,212378064,191930990,64,1766,0,0,0,0,0,0,"[""174387123"", ""154044867"", ""156281163"", ""112210141"", ""108526378"", ""154049018"", ""181955550"", ""193944748"", ""12225897"", ""94645332""]"
none_subset,4,197335719,155926657,37,325,0,0,0,0,0,0,"[""212047029"", ""162977839"", ""105969122"", ""170049514"", ""210646051"", ""207110453"", ""184920959"", ""186298213"", ""187502080"", ""134610044""]"
none_subset,4,214372554,195229377,62,1644,0,0,0,0,0,0,"[""179248067"", ""191211417"", ""185125027"", ""185606507"", ""204577887"", ""179064472"", ""171189946"", ""178376577"", ""193006708"", ""164876968""]"
none_subset,4,76767653,75859148,43,318,0,0,0,0,0,0,"[""121165459"", ""4674477"", ""101683090"", ""80700126"", ""141669650"", ""54249020"", ""144628962"", ""94195633"", ""78271168"", ""208578922""]"
none_subset,4,196529391,109531052,46,698,0,0,0,0,0,0,"[""138617659"", ""210288248"", ""205615810"", ""172199585"", ""208188629"", ""160764333"", ""135648799"", ""195201064"", ""163043438"", ""131931084""]"
none_subset,4,210307148,183994388,37,81,0,0,0,0,0,0,"[""134610044"", ""187502080"", ""193679263"", ""212047029"", ""170049514"", ""126753800"", ""156176895"", ""186009397"", ""63579301"", ""173668128""]"
none_subset,4,219399718,189822829,37,292,0,0,0,0,0,0,"[""207110453"", ""200686928"", ""105969122"", ""183994388"", ""152170362"", ""159129159"", ""206636427"", ""188083340"", ""182513421"", ""213851108""]"
none_subset,4,60793435,67564757,4,602,0,0,0,0,0,0,"[""139418370"", ""193026353"", ""102233014"", ""163349092"", ""119900827"", ""179145991"", ""191690738"", ""155908916"", ""173008557"", ""174535187""]"
none_subset,4,225050473,214079589,43,561,0,0,0,0,0,0,"[""138107182"", ""191893050"", ""211818404"", ""135901868"", ""212781685"", ""212418882"", ""207051663"", ""84074518"", ""79844098"", ""204467227""]"
none_subset,4,151461843,106574616,4,675,0,0,0,0,0,0,"[""185596367"", ""204940248"", ""187320580"", ""213696130"", ""179585446"", ""138230611"", ""144435440"", ""150204940"", ""205025057"", ""181909843""]"
none_subset,4,224963404,215124824,46,658,0,0,0,0,0,0,"[""198984808"", ""158806989"", ""206204582"", ""165704043"", ""213672603"", ""77203173"", ""180804264"", ""151382180"", ""170915583"", ""157864488""]"
none_subset,4,213395193,157545455,64,153,0,0,0,0,0,0,"[""162686675"", ""106851845"", ""105939282"", ""119531435"", ""129288036"", ""187029541"", ""182199798"", ""155116255"", ""210055173"", ""189210117""]"
none_subset,4,199347721,170470044,37,1940,0,0,0,0,0,0,"[""191191501"", ""212542886"", ""175294487"", ""197921134"", ""72951226"", ""180351453"", ""193025272"", ""147379276"", ""213318077"", ""188814096""]"
none_subset,4,213525214,213548440,37,192,0,0,0,0,0,0,"[""199287233"", ""209349722"", ""202022086"", ""208532302"", ""182193027"", ""131961169"", ""170959122"", ""193485768"", ""199200887"", ""129783503""]"
none_subset,4,12996076,10587748,38,1228,0,0,0,0,0,0,"[""156424467"", ""179234058"", ""193563274"", ""66259210"", ""71896485"", ""81220432"", ""186767110"", ""25706087"", ""157091884"", ""97083478""]"
none_subset,4,221170771,133192411,64,61,0,0,0,0,0,0,"[""143663551"", ""119491080"", ""81869558"", ""78458855"", ""73923102"", ""163082716"", ""151475614"", ""114822134"", ""149793006"", ""173661276""]"
none_subset,4,201268285,171087357,38,25,0,0,0,0,1,1,"[""193575305"", ""160518076"", ""155797300"", ""200850313"", ""177744065"", ""12850729"", ""142598311"", ""184915247"", ""13589626"", ""138028240""]"
none_subset,4,68995077,74320615,4,7,0,0,0,1,1,1,"[""203934220"", ""210497898"", ""162721825"", ""194644230"", ""178452683"", ""204210360"", ""74320615"", ""131039184"", ""203033142"", ""185556523""]"
none_subset,4,212774105,192870188,37,133,0,0,0,0,0,0,"[""197633924"", ""201742088"", ""186780001"", ""160068637"", ""209154292"", ""200774626"", ""191504755"", ""200278482"", ""165824431"", ""202358108""]"
none_subset,4,157241973,131569653,64,2,0,1,1,1,1,1,"[""91451711"", ""131569653"", ""144281937"", ""109320323"", ""133870534"", ""154504845"", ""79117002"", ""200859322"", ""173622957"", ""211486542""]"
none_subset,4,81138293,75083855,43,5,0,0,1,1,1,1,"[""87001748"", ""141417624"", ""151416547"", ""113309612"", ""75083855"", ""144482097"", ""134678718"", ""100947091"", ""118255723"", ""194820899""]"
none_subset,4,225048938,214258455,43,47,0,0,0,0,0,1,"[""136644867"", ""113898898"", ""177591827"", ""158792208"", ""16113826"", ""166752829"", ""111562797"", ""67606658"", ""202567733"", ""206707474""]"
none_subset,4,207291591,183508594,62,707,0,0,0,0,0,0,"[""213066001"", ""153723208"", ""172997177"", ""200035811"", ""193966350"", ""180623952"", ""210871676"", ""190693769"", ""97032103"", ""94242464""]"
none_subset,4,52045858,56867133,64,27,0,0,0,0,1,1,"[""177536477"", ""183298074"", ""183213131"", ""197313086"", ""103562123"", ""48498052"", ""83211792"", ""159020740"", ""130094229"", ""53527257""]"
none_subset,4,205176585,170787140,57,253,0,0,0,0,0,0,"[""180565561"", ""160016419"", ""195666801"", ""195784287"", ""120441699"", ""156232619"", ""207138935"", ""183357998"", ""194951054"", ""212489788""]"
none_subset,4,212795619,192825778,43,837,0,0,0,0,0,0,"[""165710029"", ""193064532"", ""184091403"", ""200208585"", ""166734753"", ""180442618"", ""187417722"", ""155260520"", ""165834610"", ""165688627""]"
none_subset,4,166582260,128927470,43,1056,0,0,0,0,0,0,"[""162605137"", ""207541405"", ""201202736"", ""108662474"", ""153090870"", ""213416756"", ""176776603"", ""156158359"", ""120594115"", ""197613208""]"
none_subset,4,198655574,169540744,46,644,0,0,0,0,0,0,"[""103702743"", ""134911669"", ""104252496"", ""51085425"", ""149224518"", ""6961167"", ""171976440"", ""208570175"", ""213909983"", ""201462204""]"
none_subset,4,221746788,209644299,57,1368,0,0,0,0,0,0,"[""175665700"", ""193981972"", ""200193952"", ""172994991"", ""211301569"", ""211047562"", ""202655316"", ""211357002"", ""195530341"", ""212489788""]"
none_subset,4,207159870,180180313,43,2162,0,0,0,0,0,0,"[""184091403"", ""187417722"", ""121279267"", ""194288073"", ""178271380"", ""200208585"", ""201671217"", ""169966782"", ""212213338"", ""165846121""]"
none_subset,4,180137394,139482893,57,1177,0,0,0,0,0,0,"[""125339147"", ""134702798"", ""98039533"", ""121902729"", ""77451340"", ""141989435"", ""86264024"", ""112408569"", ""200462582"", ""49660194""]"
none_subset,4,207494840,180293005,43,179,0,0,0,0,0,0,"[""185360446"", ""184633847"", ""190234147"", ""168115086"", ""212129667"", ""184875265"", ""201905433"", ""213483404"", ""195756368"", ""113451129""]"
none_subset,4,166456543,141754702,62,25,0,0,0,0,1,1,"[""73563944"", ""195842978"", ""84991316"", ""48197595"", ""141918937"", ""106557292"", ""146789147"", ""110202670"", ""57547838"", ""15059858""]"
none_subset,4,208513820,105697718,38,1048,0,0,0,0,0,0,"[""194420087"", ""83815570"", ""159911050"", ""132671829"", ""102891416"", ""193133447"", ""121028401"", ""67142038"", ""194346900"", ""153901522""]"
none_subset,4,225221431,212209084,38,2231,0,0,0,0,0,0,"[""189931109"", ""169136130"", ""193591162"", ""66287825"", ""184547134"", ""181177544"", ""171057004"", ""179246503"", ""206728210"", ""6679232""]"
none_subset,4,60152115,66191550,62,1299,0,0,0,0,0,0,"[""180366851"", ""169967722"", ""69970349"", ""82382971"", ""177494592"", ""193136181"", ""77400137"", ""125457528"", ""133836024"", ""108780050""]"
none_subset,4,145050847,108780050,62,627,0,0,0,0,0,0,"[""106557292"", ""123665712"", ""198498662"", ""94546694"", ""190418447"", ""152815967"", ""110202670"", ""113199085"", ""120596133"", ""177326283""]"
none_subset,4,75326151,76211714,38,477,0,0,0,0,0,0,"[""198984787"", ""164618247"", ""137715155"", ""104770507"", ""132680001"", ""76978137"", ""211454407"", ""58573176"", ""206918840"", ""206277956""]"
none_subset,4,213978608,193719358,37,100,0,0,0,0,0,0,"[""144803619"", ""168286486"", ""102688777"", ""143766198"", ""177594563"", ""210502009"", ""117761177"", ""88157034"", ""157674411"", ""183251892""]"
none_subset,4,218457342,194932553,62,33,0,0,0,0,0,1,"[""185409558"", ""22547515"", ""81077749"", ""198734216"", ""95885283"", ""178706930"", ""134618566"", ""149631016"", ""67056893"", ""211638809""]"
none_subset,4,193377068,165122778,37,282,0,0,0,0,0,0,"[""100819191"", ""33534621"", ""78200756"", ""144080332"", ""108765924"", ""105274553"", ""32638462"", ""81981879"", ""149676779"", ""153136383""]"
none_subset,4,89589487,83202485,46,628,0,0,0,0,0,0,"[""187611963"", ""212530716"", ""83856659"", ""167525245"", ""177591787"", ""16339902"", ""139649558"", ""198850848"", ""140208813"", ""79678760""]"
none_subset,4,224696290,214638533,62,135,0,0,0,0,0,0,"[""174610207"", ""184129119"", ""151640359"", ""126216841"", ""126852501"", ""188261405"", ""181091254"", ""170652419"", ""175175649"", ""127717072""]"
none_subset,4,162311238,138254448,46,758,0,0,0,0,0,0,"[""188865413"", ""76061645"", ""111715361"", ""208143888"", ""139939742"", ""129240074"", ""96833542"", ""92873779"", ""172912744"", ""206885929""]"
none_subset,4,175322909,76695262,4,17,0,0,0,0,1,1,"[""186900944"", ""195470202"", ""164284194"", ""193843184"", ""190495475"", ""146168593"", ""119898461"", ""202485351"", ""113409994"", ""214521847""]"
none_subset,4,222800688,36154029,38,582,0,0,0,0,0,0,"[""203371728"", ""143848258"", ""164618247"", ""104835682"", ""206303400"", ""193669795"", ""166911507"", ""186976770"", ""207390535"", ""102495634""]"
none_subset,4,215156969,195420835,62,119,0,0,0,0,0,0,"[""210489322"", ""191313815"", ""206841068"", ""185886914"", ""191982155"", ""197247155"", ""213066001"", ""196478095"", ""204531248"", ""211070786""]"
none_subset,4,183037168,120540825,4,661,0,0,0,0,0,0,"[""183642706"", ""65093674"", ""56134226"", ""137934343"", ""183725729"", ""173259969"", ""201066421"", ""87832508"", ""154928608"", ""200589143""]"
none_subset,4,192698417,152937191,46,91,0,0,0,0,0,0,"[""151502148"", ""109623726"", ""115429456"", ""9347442"", ""201469244"", ""213174015"", ""180749192"", ""134421881"", ""203506552"", ""165830048""]"
none_subset,4,210250678,186793142,37,309,0,0,0,0,0,0,"[""64645018"", ""173457533"", ""73910372"", ""155458733"", ""209030923"", ""173227324"", ""164882856"", ""169228866"", ""33563950"", ""190511714""]"
none_subset,4,225317566,211199092,38,83,0,0,0,0,0,0,"[""154434048"", ""172844872"", ""142929788"", ""48122067"", ""141856364"", ""201994268"", ""180533985"", ""206429629"", ""170764066"", ""128745438""]"
none_subset,4,207437634,182659497,43,1311,0,0,0,0,0,0,"[""141811973"", ""209248830"", ""124359099"", ""143671449"", ""157655830"", ""173857826"", ""192226046"", ""166319032"", ""81706080"", ""121261536""]"
none_subset,4,219925303,203332786,46,42,0,0,0,0,0,1,"[""204484014"", ""211063696"", ""211047288"", ""198221243"", ""144865911"", ""207127154"", ""138784478"", ""213571883"", ""210667015"", ""172966334""]"
none_subset,4,75223981,52112999,43,128,0,0,0,0,0,0,"[""139158977"", ""121314084"", ""104570734"", ""151940220"", ""75839915"", ""107050740"", ""135871857"", ""166213708"", ""136611640"", ""51516713""]"
none_subset,4,71379667,76087987,62,409,0,0,0,0,0,0,"[""169222138"", ""192607518"", ""144314189"", ""169027396"", ""115093732"", ""146855578"", ""173119325"", ""167765059"", ""136057001"", ""124421602""]"
none_subset,4,219528748,203831460,4,149,0,0,0,0,0,0,"[""180843726"", ""202705628"", ""213127345"", ""185880119"", ""191033158"", ""191209763"", ""186739934"", ""65093674"", ""215198902"", ""200589143""]"
none_subset,4,179886884,126851290,43,1334,0,0,0,0,0,0,"[""133917164"", ""190234147"", ""200883540"", ""191424159"", ""147777434"", ""91892385"", ""194231584"", ""138762038"", ""178668945"", ""202002225""]"
none_subset,4,199133253,167463798,57,285,0,0,0,0,0,0,"[""210313644"", ""139818390"", ""128244723"", ""143146395"", ""157848271"", ""82721637"", ""203721811"", ""209991023"", ""176181139"", ""175814188""]"
none_subset,4,198580834,171442385,64,2345,0,0,0,0,0,0,"[""77671900"", ""92304326"", ""165717472"", ""135170809"", ""127488797"", ""69227080"", ""149734769"", ""181529530"", ""174916841"", ""143939537""]"
none_subset,4,225300715,213981943,4,28,0,0,0,0,1,1,"[""191246391"", ""210643102"", ""191033158"", ""190503853"", ""213127345"", ""215198902"", ""186739934"", ""206303506"", ""207791923"", ""130389344""]"
none_subset,4,157631874,136653363,57,464,0,0,0,0,0,0,"[""174340588"", ""186295421"", ""138875951"", ""169445601"", ""208750964"", ""215562071"", ""198149699"", ""172052085"", ""77481636"", ""112463102""]"
none_subset,4,165208445,118426569,37,346,0,0,0,0,0,0,"[""174160467"", ""209543868"", ""181988758"", ""188918346"", ""90418462"", ""98865638"", ""213471023"", ""138858879"", ""101457814"", ""195740726""]"
none_subset,4,224096688,210720310,64,164,0,0,0,0,0,0,"[""185087026"", ""140855645"", ""163787427"", ""137464692"", ""205211783"", ""193910077"", ""213429313"", ""206235020"", ""195536773"", ""191011510""]"
none_subset,4,203186317,174768557,46,10,0,0,0,1,1,1,"[""211895860"", ""200419946"", ""200806157"", ""166651210"", ""101763667"", ""129168590"", ""204692607"", ""165789966"", ""205297007"", ""174768557""]"
none_subset,4,216954841,199909890,57,105,0,0,0,0,0,0,"[""200193952"", ""175665700"", ""200908206"", ""193981972"", ""202655316"", ""179059528"", ""211301569"", ""205016601"", ""208100714"", ""207262363""]"
none_subset,4,100196055,12971165,62,201,0,0,0,0,0,0,"[""198734216"", ""185409558"", ""112414551"", ""200747175"", ""211638809"", ""162164137"", ""209844093"", ""194491562"", ""94930933"", ""149631016""]"
none_subset,4,198581127,170448238,38,568,0,0,0,0,0,0,"[""27784922"", ""190453683"", ""211348390"", ""102812596"", ""109585669"", ""209895579"", ""170217678"", ""166911507"", ""210139947"", ""72340257""]"
none_subset,4,168355648,137479175,38,4,0,0,1,1,1,1,"[""203991000"", ""196738406"", ""194294464"", ""137479175"", ""188036287"", ""108386607"", ""177744065"", ""169186989"", ""105049465"", ""192389960""]"
none_subset,4,170061836,143425658,43,818,0,0,0,0,0,0,"[""197584084"", ""76158891"", ""116962789"", ""114685239"", ""191590282"", ""143255863"", ""180095819"", ""84248620"", ""177591827"", ""177472789""]"
none_subset,4,212711506,180954842,4,98,0,0,0,0,0,0,"[""191564735"", ""174865960"", ""149264383"", ""191300394"", ""193746035"", ""181288745"", ""107564311"", ""171876720"", ""73222578"", ""194644230""]"
none_subset,4,219885238,205623617,38,995,0,0,0,0,0,0,"[""214394715"", ""110664117"", ""179876069"", ""177325365"", ""45579165"", ""213205324"", ""140048877"", ""179244626"", ""189593063"", ""213984936""]"
none_subset,4,169746280,144067777,4,104,0,0,0,0,0,0,"[""113628354"", ""213835807"", ""153417658"", ""180866990"", ""154039318"", ""61363561"", ""203341087"", ""109743783"", ""100007550"", ""103872312""]"
none_subset,4,215897845,198167076,37,967,0,0,0,0,0,0,"[""175339837"", ""169592229"", ""175906876"", ""211128975"", ""155814820"", ""209030923"", ""204827377"", ""85363083"", ""82258130"", ""208913640""]"
none_subset,4,222712985,205605896,43,44,0,0,0,0,0,1,"[""158391463"", ""211890870"", ""103510499"", ""157809653"", ""127000704"", ""183029564"", ""192651386"", ""178361669"", ""120122284"", ""183716498""]"
none_subset,4,225354896,213854988,64,253,0,0,0,0,0,0,"[""208915255"", ""117481999"", ""204824313"", ""166184401"", ""145779083"", ""108386270"", ""160686884"", ""157000160"", ""150944561"", ""127196288""]"
none_subset,4,166539373,127486066,43,508,0,0,0,0,0,0,"[""180183536"", ""153557023"", ""112624655"", ""109124875"", ""166706901"", ""204821849"", ""178678331"", ""113125737"", ""152014829"", ""129262032""]"
none_subset,4,215651900,198253024,43,375,0,0,0,0,0,0,"[""199927468"", ""141700690"", ""98747334"", ""207690552"", ""53878026"", ""199973560"", ""190843616"", ""105774118"", ""164461764"", ""50582133""]"
none_subset,4,175282370,147789503,62,1280,0,0,0,0,0,0,"[""162672578"", ""204830740"", ""22079020"", ""135157671"", ""187005682"", ""207274549"", ""134120804"", ""201064532"", ""149483143"", ""76665110""]"
none_subset,4,130529842,108202978,4,10,0,0,0,1,1,1,"[""97922019"", ""211901995"", ""149710961"", ""126589900"", ""123613267"", ""193951937"", ""211663742"", ""214085481"", ""139920243"", ""108202978""]"
none_subset,4,179936358,127444518,64,186,0,0,0,0,0,0,"[""183563770"", ""156718510"", ""139856523"", ""1943884"", ""86356781"", ""193944748"", ""183129773"", ""179210556"", ""145970325"", ""65008714""]"
none_subset,4,210240539,180843184,37,1622,0,0,0,0,0,0,"[""166280219"", ""93714502"", ""129735644"", ""43972733"", ""176184502"", ""126929630"", ""65584321"", ""200025016"", ""152102790"", ""127873279""]"
none_subset,4,109340384,82615761,46,79,0,0,0,0,0,0,"[""154821670"", ""190358880"", ""194301324"", ""142789905"", ""120932240"", ""214112052"", ""116259633"", ""89928081"", ""113055852"", ""102024389""]"
none_subset,4,125263343,63742103,43,669,0,0,0,0,0,0,"[""121261536"", ""137017957"", ""24907697"", ""104265595"", ""197607286"", ""72421330"", ""168040178"", ""138106208"", ""57556019"", ""51516713""]"
none_subset,4,177581339,148891602,62,9,0,0,0,1,1,1,"[""185409558"", ""198734216"", ""112414551"", ""134618566"", ""200747175"", ""211638809"", ""194491562"", ""81077749"", ""148891602"", ""1975349""]"
none_subset,4,147507819,127110332,4,241,0,0,0,0,0,0,"[""187092507"", ""155250171"", ""147036535"", ""160037231"", ""116204295"", ""165904972"", ""126889201"", ""190685714"", ""133977293"", ""176492594""]"
none_subset,4,185832813,157483642,38,655,0,0,0,0,0,0,"[""145871617"", ""37809434"", ""92914026"", ""52512643"", ""37709032"", ""117957932"", ""191903812"", ""155814671"", ""35695557"", ""158118726""]"
none_subset,4,133390280,116380815,64,581,0,0,0,0,0,0,"[""200859322"", ""188442124"", ""179201033"", ""60032340"", ""159020740"", ""200592836"", ""177536477"", ""138803213"", ""154897158"", ""159995787""]"
none_subset,4,224188768,209144226,4,7,0,0,0,1,1,1,"[""49499187"", ""206288267"", ""104705407"", ""196120491"", ""118512173"", ""131037236"", ""209144226"", ""207100046"", ""202730320"", ""149264383""]"
none_subset,4,204189415,178690639,64,572,0,0,0,0,0,0,"[""105898966"", ""103313660"", ""196286888"", ""192033857"", ""192179303"", ""183765574"", ""169220249"", ""206235020"", ""211307371"", ""172848022""]"
none_subset,4,224774973,201514296,4,226,0,0,0,0,0,0,"[""193729388"", ""181054833"", ""143083752"", ""145646315"", ""77929117"", ""208530280"", ""155062344"", ""178139392"", ""148331489"", ""192507369""]"
none_subset,4,68969533,71896649,43,24,0,0,0,0,1,1,"[""26288526"", ""59547777"", ""132121212"", ""127415515"", ""49833634"", ""91252683"", ""125981589"", ""59420171"", ""209552250"", ""7448774""]"
none_subset,4,184528435,157000160,64,74,0,0,0,0,0,0,"[""119643934"", ""160400188"", ""140382659"", ""160008395"", ""138800320"", ""115406359"", ""156194814"", ""149715107"", ""181619566"", ""56995363""]"
none_subset,4,217233640,200276907,57,1014,0,0,0,0,0,0,"[""125339147"", ""121902729"", ""122408162"", ""49660194"", ""206552998"", ""62330389"", ""186713988"", ""136281016"", ""165637321"", ""134702798""]"
none_subset,4,205414078,173613850,37,184,0,0,0,0,0,0,"[""136884669"", ""25189123"", ""190113798"", ""141505308"", ""113068731"", ""128885740"", ""174852305"", ""174690214"", ""99912403"", ""161390704""]"
none_subset,4,219210134,129157661,62,229,0,0,0,0,0,0,"[""212334345"", ""154898137"", ""211901178"", ""205254156"", ""136598057"", ""125457528"", ""119396258"", ""192396971"", ""167750533"", ""195015114""]"
none_subset,4,210308727,188582346,43,1032,0,0,0,0,0,0,"[""93370896"", ""99275271"", ""165082890"", ""26809470"", ""127047625"", ""164097777"", ""102607626"", ""59547777"", ""126702260"", ""18292202""]"
none_subset,4,220061372,176638353,38,181,0,0,0,0,0,0,"[""159326492"", ""200481961"", ""98186259"", ""124226339"", ""67490532"", ""106027581"", ""136198130"", ""76978137"", ""172963177"", ""211454407""]"
none_subset,4,165005935,140787335,37,227,0,0,0,0,0,0,"[""57231571"", ""203680817"", ""152569501"", ""193633506"", ""102062794"", ""103432765"", ""98784541"", ""75388468"", ""121642534"", ""53074039""]"
none_subset,4,208127837,182589994,4,393,0,0,0,0,0,0,"[""115483149"", ""201065368"", ""142536914"", ""183050709"", ""192875206"", ""160260159"", ""196676247"", ""171876720"", ""146861531"", ""153844775""]"
none_subset,4,189123633,157978827,57,1383,0,0,0,0,0,0,"[""130444806"", ""179662298"", ""211785457"", ""137174415"", ""149850648"", ""78647223"", ""210313644"", ""128244723"", ""197740362"", ""176343357""]"
none_subset,4,192277312,164630992,37,403,0,0,0,0,0,0,"[""126447640"", ""145112155"", ""175772166"", ""122748929"", ""115896062"", ""164454930"", ""192312279"", ""193679263"", ""153791317"", ""143065905""]"
none_subset,4,75309064,52192033,62,435,0,0,0,0,0,0,"[""150940601"", ""134377605"", ""191516840"", ""204830740"", ""108294691"", ""201053460"", ""76665110"", ""129445274"", ""114952714"", ""126864117""]"
none_subset,4,168898746,135190327,4,88,0,0,0,0,0,0,"[""183018658"", ""206374757"", ""197547141"", ""149909385"", ""181843286"", ""93127365"", ""144251877"", ""168463453"", ""200468822"", ""198070526""]"
none_subset,4,212699649,192786781,37,348,0,0,0,0,0,0,"[""195296935"", ""196563012"", ""195583647"", ""169228866"", ""196367171"", ""116240817"", ""93983706"", ""211554952"", ""192387012"", ""212018885""]"
none_subset,4,222826512,211366913,4,1411,0,0,0,0,0,0,"[""165105661"", ""205405501"", ""171902128"", ""171050004"", ""206167938"", ""193589374"", ""78628063"", ""185309627"", ""176720818"", ""201079257""]"
none_subset,4,125292216,98251420,64,642,0,0,0,0,0,0,"[""31017779"", ""130875563"", ""160001929"", ""206396108"", ""174340250"", ""113587141"", ""109320323"", ""210720310"", ""111705025"", ""124322060""]"
none_subset,4,51324599,58097180,46,52,0,0,0,0,0,0,"[""133461188"", ""142436010"", ""210856802"", ""108934756"", ""209482743"", ""181020941"", ""144431749"", ""212730825"", ""211118858"", ""166724206""]"
none_subset,4,194689227,166582282,57,513,0,0,0,0,0,0,"[""206210266"", ""188097035"", ""156972409"", ""166993395"", ""208750964"", ""145872351"", ""191366717"", ""82247874"", ""141728487"", ""171896766""]"
none_subset,4,191595821,152140191,37,408,0,0,0,0,0,0,"[""175772166"", ""212047029"", ""154954077"", ""184920959"", ""170049514"", ""115896062"", ""199385964"", ""167166017"", ""186298213"", ""154181232""]"
none_subset,4,208172107,180444990,57,1195,0,0,0,0,0,0,"[""30933369"", ""171896766"", ""153865654"", ""212108240"", ""178239143"", ""145872351"", ""195891082"", ""104805000"", ""212919594"", ""163829914""]"
none_subset,4,176034795,136870941,62,14,0,0,0,0,1,1,"[""67894406"", ""86925187"", ""188696626"", ""10132068"", ""143261727"", ""17141885"", ""23907922"", ""52848243"", ""168785007"", ""165049336""]"
none_subset,4,224954267,213874481,57,72,0,0,0,0,0,0,"[""153434097"", ""173370077"", ""206215452"", ""147873420"", ""166225948"", ""189194901"", ""112833560"", ""143158282"", ""123741380"", ""133742166""]"
none_subset,4,206646569,146138879,43,311,0,0,0,0,0,0,"[""188582346"", ""160792622"", ""185859497"", ""184091403"", ""182896324"", ""213483404"", ""76736407"", ""210561607"", ""201905433"", ""185360446""]"
none_subset,4,220428891,159171932,62,105,0,0,0,0,0,0,"[""203772593"", ""194370491"", ""196070321"", ""195545920"", ""146315787"", ""163318703"", ""130184436"", ""126907607"", ""206788181"", ""162645670""]"
none_subset,4,22606808,8169319,38,179,0,0,0,0,0,0,"[""112389064"", ""117957932"", ""114055239"", ""145871617"", ""350786"", ""108421334"", ""112658377"", ""130421231"", ""37809434"", ""70118559""]"
none_subset,4,30160190,12185913,37,28,0,0,0,0,1,1,"[""169510905"", ""102506020"", ""186646910"", ""194706972"", ""174122871"", ""174850296"", ""140618489"", ""183729389"", ""173621712"", ""142113211""]"
none_subset,4,212721610,170130815,62,24,0,0,0,0,1,1,"[""196890627"", ""198039882"", ""185851832"", ""178655632"", ""189968625"", ""213971984"", ""131432619"", ""133373077"", ""212503126"", ""191074130""]"
none_subset,4,221406167,207078341,62,1525,0,0,0,0,0,0,"[""117006578"", ""153485930"", ""156814814"", ""182866713"", ""45997741"", ""178964015"", ""60239293"", ""194289010"", ""101066716"", ""166108651""]"
none_subset,4,222839615,209151724,62,612,0,0,0,0,0,0,"[""148732654"", ""212901239"", ""131320559"", ""182512987"", ""213971984"", ""198039882"", ""48466258"", ""36007287"", ""206927728"", ""127168363""]"
none_subset,4,126605714,109388920,38,237,0,0,0,0,0,0,"[""36930305"", ""57892689"", ""163127755"", ""196923114"", ""102106304"", ""183611043"", ""171705376"", ""89791661"", ""135782942"", ""208643724""]"
none_subset,4,194731511,167530327,43,1030,0,0,0,0,0,0,"[""111074216"", ""205947664"", ""159511688"", ""52880574"", ""107193923"", ""166708862"", ""130316231"", ""143190396"", ""172611335"", ""207792788""]"
none_subset,4,66727420,71700919,62,7,0,0,0,1,1,1,"[""146789147"", ""150940601"", ""203335692"", ""191516840"", ""102212108"", ""213328054"", ""71700919"", ""141918937"", ""134120804"", ""186756267""]"
none_subset,4,181094644,144008610,43,61,0,0,0,0,0,0,"[""179105716"", ""153525929"", ""167246303"", ""182870508"", ""181265072"", ""105076717"", ""189262880"", ""146978431"", ""98073803"", ""163900593""]"
none_subset,4,221501627,203329956,4,625,0,0,0,0,0,0,"[""211570817"", ""191301984"", ""210531014"", ""207985124"", ""209852269"", ""209183284"", ""204310309"", ""212482379"", ""214740980"", ""149460710""]"
none_subset,4,208044188,184633847,43,18,0,0,0,0,1,1,"[""186350594"", ""196286515"", ""210822887"", ""188378226"", ""201213450"", ""182445092"", ""187215484"", ""185851616"", ""203417954"", ""209862942""]"
none_subset,4,177475760,146586089,46,845,0,0,0,0,0,0,"[""93122967"", ""167116086"", ""37708588"", ""188974662"", ""130390168"", ""70517064"", ""16824274"", ""120543738"", ""15325925"", ""133182836""]"
none_subset,4,142208020,104629798,4,541,0,0,0,0,0,0,"[""213461075"", ""46147970"", ""197859740"", ""190218932"", ""171818167"", ""172943291"", ""144907575"", ""133632260"", ""173008557"", ""147828982""]"
none_subset,4,221527577,208465437,64,494,0,0,0,0,0,0,"[""190759249"", ""208560031"", ""211171973"", ""209768449"", ""153434885"", ""209756225"", ""191459593"", ""164453126"", ""200966465"", ""196928465""]"
none_subset,4,131146589,110871984,57,28,0,0,0,0,1,1,"[""55747400"", ""79035945"", ""111084475"", ""190730924"", ""180363453"", ""87567784"", ""162420684"", ""213470961"", ""47987945"", ""145670007""]"
none_subset,4,213281507,181022161,37,354,0,0,0,0,0,0,"[""191241938"", ""184818286"", ""209128550"", ""209736185"", ""177385023"", ""194731784"", ""79219323"", ""193995538"", ""188568572"", ""207178377""]"
none_subset,4,212546911,174095805,64,126,0,0,0,0,0,0,"[""151051885"", ""187716249"", ""123687478"", ""128607088"", ""115621700"", ""19607163"", ""136435762"", ""151366408"", ""187775788"", ""146848980""]"
none_subset,4,225336047,215237393,4,13,0,0,0,0,1,1,"[""180843726"", ""177825434"", ""210484477"", ""182581077"", ""206636227"", ""196161368"", ""168099979"", ""183690665"", ""199021905"", ""203466268""]"
none_subset,4,207292943,183515849,37,165,0,0,0,0,0,0,"[""203730564"", ""201660893"", ""212172992"", ""193995538"", ""151808122"", ""184818286"", ""209128550"", ""207178377"", ""206298544"", ""195014964""]"
none_subset,4,214575745,178361669,43,31,0,0,0,0,0,1,"[""183029564"", ""158391463"", ""127000704"", ""157809653"", ""176475069"", ""57750732"", ""183716498"", ""113199180"", ""184970697"", ""154390259""]"
none_subset,4,216243905,156564557,62,72,0,0,0,0,0,0,"[""210566449"", ""152708416"", ""96917986"", ""115022799"", ""184129119"", ""128177020"", ""122174001"", ""19558627"", ""134702240"", ""113994482""]"
none_subset,4,49842415,55380045,4,32,0,0,0,0,0,1,"[""112475075"", ""193934711"", ""142456567"", ""88781085"", ""168012970"", ""78628063"", ""70897180"", ""171902128"", ""165105661"", ""207566657""]"
none_subset,4,224134573,211732658,43,393,0,0,0,0,0,0,"[""119064343"", ""67606658"", ""127321663"", ""214285576"", ""101956556"", ""113898898"", ""197607322"", ""103510499"", ""189791365"", ""166752829""]"
none_subset,4,197471071,164882856,37,6,0,0,0,1,1,1,"[""150173254"", ""93445243"", ""177756178"", ""64645018"", ""90418462"", ""164882856"", ""209849639"", ""96256428"", ""194193597"", ""121206303""]"
none_subset,4,192139157,158262693,46,531,0,0,0,0,0,0,"[""165756140"", ""170790096"", ""184646371"", ""196387554"", ""152102459"", ""137569131"", ""129338201"", ""106199788"", ""68647858"", ""192440420""]"
none_subset,4,221117693,208465437,64,11,0,0,0,0,1,1,"[""65008714"", ""199512980"", ""179210556"", ""193757766"", ""138798142"", ""168315905"", ""193944748"", ""143362090"", ""74256345"", ""86356781""]"
none_subset,4,210748135,189303189,38,44,0,0,0,0,0,1,"[""209921939"", ""209590588"", ""133939663"", ""199841905"", ""182369007"", ""141272135"", ""166558139"", ""20918033"", ""98477697"", ""149732635""]"
none_subset,4,220670566,207544514,46,66,0,0,0,0,0,0,"[""144865911"", ""208712486"", ""203644944"", ""214520103"", ""186568176"", ""212905783"", ""172827091"", ""208062801"", ""204065707"", ""211809590""]"
none_subset,4,120743636,80901718,62,1023,0,0,0,0,0,0,"[""94546694"", ""181195424"", ""18880304"", ""143685562"", ""82677281"", ""192739483"", ""150940601"", ""151308081"", ""106557292"", ""91550082""]"
none_subset,4,170860127,144431749,46,105,0,0,0,0,0,0,"[""47270149"", ""171227152"", ""171227160"", ""212530716"", ""171846733"", ""32498323"", ""171907300"", ""194951479"", ""206128075"", ""127266574""]"
none_subset,4,221293922,209552430,38,90,0,0,0,0,0,0,"[""173253112"", ""153191207"", ""156629865"", ""162400962"", ""185939341"", ""155012065"", ""167491323"", ""85274599"", ""195491478"", ""94494397""]"
none_subset,4,225182087,211440718,46,253,0,0,0,0,0,0,"[""178405632"", ""215506263"", ""172966334"", ""205545277"", ""170958662"", ""210145725"", ""211989339"", ""207323221"", ""180316749"", ""209060118""]"
none_subset,4,216471219,199896638,4,130,0,0,0,0,0,0,"[""210484477"", ""191316160"", ""180843726"", ""182581077"", ""194160187"", ""201211887"", ""206636227"", ""196026500"", ""177825434"", ""185880119""]"
none_subset,4,118979230,104184872,4,753,0,0,0,0,0,0,"[""161643758"", ""167074809"", ""193831253"", ""188802396"", ""116474962"", ""78628063"", ""173244086"", ""205405501"", ""190871924"", ""91829997""]"
none_subset,4,129558141,112904882,57,125,0,0,0,0,0,0,"[""206389885"", ""178602787"", ""198149699"", ""195347666"", ""115480008"", ""57219486"", ""112463102"", ""171896766"", ""135189717"", ""116672568""]"
none_subset,4,49793488,56858349,37,48,0,0,0,0,0,1,"[""163655065"", ""122241592"", ""201258368"", ""171803364"", ""33563950"", ""154942150"", ""161133997"", ""142640479"", ""150316929"", ""200142647""]"
none_subset,4,166111740,138875951,57,803,0,0,0,0,0,0,"[""182623124"", ""55747400"", ""87567784"", ""57896054"", ""190730924"", ""180363453"", ""191403097"", ""166094087"", ""210643200"", ""172611844""]"
none_subset,4,197106991,168633750,64,97,0,0,0,0,0,0,"[""138273912"", ""139771827"", ""203509707"", ""120966979"", ""192032956"", ""169220249"", ""155183786"", ""193536959"", ""194136017"", ""122395189""]"
none_subset,4,194626135,159778737,43,367,0,0,0,0,0,0,"[""119499591"", ""185799642"", ""85213040"", ""193482080"", ""164143533"", ""188690647"", ""155406631"", ""119953689"", ""181162961"", ""128927470""]"
none_subset,4,181264592,151693658,43,433,0,0,0,0,0,0,"[""75993405"", ""178871976"", ""204821849"", ""149017403"", ""99218293"", ""55350013"", ""190069327"", ""59161409"", ""157240824"", ""144167451""]"
none_subset,4,81655520,64645018,37,342,0,0,0,0,0,0,"[""147515846"", ""175073082"", ""203728756"", ""142700161"", ""192918531"", ""55503887"", ""157242955"", ""47402452"", ""63048481"", ""120492268""]"
none_subset,4,186626833,158995129,4,1111,0,0,0,0,0,0,"[""63004444"", ""174770035"", ""172890535"", ""194446742"", ""184628720"", ""148457347"", ""206799452"", ""42368928"", ""198314550"", ""149095048""]"
none_subset,4,184075069,155788187,38,91,0,0,0,0,0,0,"[""84270721"", ""196923114"", ""194567057"", ""166302090"", ""173618946"", ""112929576"", ""135581400"", ""66416188"", ""117334028"", ""150442928""]"
none_subset,4,164253476,137017957,43,67,0,0,0,0,0,0,"[""168040178"", ""110840430"", ""91110398"", ""49076043"", ""60139014"", ""151563609"", ""138787998"", ""144482097"", ""140231935"", ""75115774""]"
none_subset,4,53189479,58202036,62,547,0,0,0,0,0,0,"[""96744852"", ""185371912"", ""194855016"", ""153432818"", ""106343904"", ""208033879"", ""149622084"", ""203378428"", ""210005684"", ""104800968""]"
none_subset,4,204632100,179860438,62,775,0,0,0,0,0,0,"[""82677281"", ""212697335"", ""209398208"", ""210691152"", ""84991316"", ""103554595"", ""83882092"", ""74301266"", ""121568505"", ""143685562""]"
none_subset,4,186430496,157710674,4,9,0,0,0,1,1,1,"[""187098404"", ""144251877"", ""137001312"", ""160037231"", ""133977293"", ""133755220"", ""157367139"", ""154727199"", ""157710674"", ""86774130""]"
none_subset,4,190239977,153645570,46,5,0,0,1,1,1,1,"[""171229131"", ""86091554"", ""93926902"", ""209824689"", ""153645570"", ""132605956"", ""202061415"", ""204813635"", ""152527976"", ""68978046""]"
none_subset,4,152645042,129938752,4,762,0,0,0,0,0,0,"[""82830352"", ""119900827"", ""147828982"", ""155908916"", ""150456310"", ""99318165"", ""214896797"", ""213696130"", ""56795758"", ""151649288""]"
none_subset,4,223970609,186513838,43,123,0,0,0,0,0,0,"[""169633199"", ""191423965"", ""75959067"", ""118470473"", ""213093649"", ""182972054"", ""169787470"", ""100357374"", ""190670405"", ""121314084""]"
none_subset,4,220373806,134986006,64,1284,0,0,0,0,0,0,"[""159020740"", ""80281524"", ""188599489"", ""60032340"", ""183213131"", ""147554849"", ""109321941"", ""63474547"", ""200592836"", ""149484929""]"
none_subset,4,188858187,159326492,38,13,0,0,0,0,1,1,"[""41147018"", ""129455316"", ""156904280"", ""171108508"", ""183272380"", ""124826718"", ""99798516"", ""193857246"", ""167154256"", ""196569551""]"
none_subset,4,138465630,121166403,64,64,0,0,0,0,0,0,"[""144339648"", ""191629980"", ""178690639"", ""167094250"", ""94645332"", ""61063233"", ""79233838"", ""94863968"", ""138322181"", ""112033542""]"
none_subset,4,211220544,190261540,37,78,0,0,0,0,0,0,"[""195296935"", ""207544886"", ""202328948"", ""199340755"", ""209154292"", ""202325397"", ""209161669"", ""209551298"", ""197844035"", ""201660893""]"
none_subset,4,222172345,210502009,37,1,1,1,1,1,1,1,"[""210502009"", ""173640245"", ""187502080"", ""153111696"", ""187134525"", ""116930061"", ""191911000"", ""148515955"", ""199918988"", ""121097766""]"
none_subset,4,210649040,187098404,4,249,0,0,0,0,0,0,"[""153876637"", ""168224067"", ""50883863"", ""194338856"", ""194377968"", ""44842674"", ""114282417"", ""132138279"", ""201066421"", ""209208627""]"
none_subset,4,172401573,136885554,4,704,0,0,0,0,0,0,"[""203631314"", ""168099979"", ""190121568"", ""211858811"", ""177825434"", ""194722275"", ""191209763"", ""180843726"", ""178104667"", ""208268059""]"
none_subset,4,198446240,172127274,46,852,0,0,0,0,0,0,"[""166650343"", ""177505280"", ""213476692"", ""82260371"", ""207429949"", ""138519024"", ""204402051"", ""204373612"", ""143813249"", ""174492089""]"
none_subset,4,221000272,132694650,38,479,0,0,0,0,0,0,"[""159911050"", ""188544896"", ""130168090"", ""162221630"", ""192131446"", ""204880845"", ""162391436"", ""208395385"", ""173785088"", ""204375245""]"
none_subset,4,218290917,203335692,62,1610,0,0,0,0,0,0,"[""184519587"", ""185851832"", ""207503734"", ""170130815"", ""191074130"", ""208719189"", ""148732654"", ""196478095"", ""185606507"", ""192447937""]"
none_subset,4,65007020,68802281,38,1273,0,0,0,0,0,0,"[""151483185"", ""193133447"", ""190417621"", ""194346900"", ""204375245"", ""35304652"", ""159911050"", ""188544896"", ""130168090"", ""207283376""]"
none_subset,4,197043451,159400456,4,1289,0,0,0,0,0,0,"[""190777107"", ""200428514"", ""206285668"", ""126204466"", ""122965096"", ""207002683"", ""166063106"", ""157208731"", ""179874926"", ""185429569""]"
none_subset,4,114733185,103929022,38,142,0,0,0,0,0,0,"[""203526643"", ""100749834"", ""133973101"", ""205465606"", ""169004224"", ""111639650"", ""151839331"", ""51837774"", ""78627576"", ""126776975""]"
none_subset,4,216976333,200727306,46,33,0,0,0,0,0,1,"[""184636221"", ""189285981"", ""213129976"", ""175661430"", ""84439889"", ""210310500"", ""197088021"", ""214520103"", ""213805109"", ""144865911""]"
none_subset,4,206557262,179815729,46,17,0,0,0,0,1,1,"[""210880528"", ""201461152"", ""159049004"", ""168612179"", ""130390168"", ""200735701"", ""208805779"", ""213326669"", ""21270188"", ""204919891""]"
none_subset,4,218013861,191544375,37,749,0,0,0,0,0,0,"[""169592229"", ""80627031"", ""155814820"", ""153052400"", ""192710334"", ""164445165"", ""191279351"", ""184899990"", ""175339837"", ""104989552""]"
none_subset,4,215027850,191695909,4,14,0,0,0,0,1,1,"[""191214295"", ""153223626"", ""187602417"", ""200963901"", ""192331154"", ""117471262"", ""191461282"", ""196862937"", ""119106930"", ""199780246""]"
none_subset,4,218137799,195366615,57,90,0,0,0,0,0,0,"[""161339845"", ""100944857"", ""139534989"", ""102740841"", ""52362364"", ""44101662"", ""116870503"", ""114118888"", ""61177824"", ""210450439""]"
none_subset,4,182518110,146811180,46,30,0,0,0,0,1,1,"[""108196994"", ""158102584"", ""19664212"", ""204270051"", ""129112756"", ""136576031"", ""118565908"", ""131406447"", ""160764333"", ""16435346""]"
none_subset,4,186526977,157711341,43,288,0,0,0,0,0,0,"[""197891724"", ""163980868"", ""205133651"", ""190172562"", ""158182394"", ""196746909"", ""153170041"", ""204620017"", ""207851646"", ""159482543""]"
none_subset,4,33401895,32817983,4,1791,0,0,0,0,0,0,"[""213461075"", ""46147970"", ""74691545"", ""62971785"", ""194643860"", ""144990362"", ""143083752"", ""203914397"", ""212063541"", ""210303017""]"
none_subset,4,172732971,144032873,46,31,0,0,0,0,0,1,"[""99417894"", ""203343668"", ""61233280"", ""183034895"", ""212208758"", ""171775539"", ""203173795"", ""53826389"", ""209888975"", ""203310461""]"
none_subset,4,223797921,213040734,38,615,0,0,0,0,0,0,"[""213984936"", ""181358523"", ""194365263"", ""176455982"", ""213020081"", ""70700474"", ""154092049"", ""34102224"", ""204985593"", ""141801740""]"
none_subset,4,80419372,82483628,37,553,0,0,0,0,0,0,"[""51749408"", ""147794006"", ""16898206"", ""37024390"", ""121116115"", ""153205116"", ""205328844"", ""176706329"", ""132606216"", ""143946320""]"
none_subset,4,147571867,127324464,4,788,0,0,0,0,0,0,"[""144264277"", ""50337874"", ""157103009"", ""188580686"", ""167104684"", ""154359018"", ""52380679"", ""103936826"", ""45909356"", ""191461282""]"
none_subset,4,222359219,207833356,46,432,0,0,0,0,0,0,"[""141781507"", ""198221243"", ""209764015"", ""186078356"", ""200860795"", ""200555275"", ""204314440"", ""173365679"", ""194132989"", ""207127154""]"
none_subset,4,203349711,170522671,43,545,0,0,0,0,0,0,"[""156395019"", ""157809653"", ""183716498"", ""146832585"", ""178361669"", ""57750732"", ""176475069"", ""204884209"", ""130163312"", ""190480160""]"
none_subset,4,120641096,103008131,38,519,0,0,0,0,0,0,"[""126945620"", ""203507733"", ""103445343"", ""126891166"", ""192511828"", ""123008289"", ""182884937"", ""133096810"", ""136949110"", ""204647420""]"
none_subset,4,216669978,178992260,37,611,0,0,0,0,0,0,"[""192456013"", ""197955172"", ""191259466"", ""201649016"", ""188912090"", ""183094359"", ""186626210"", ""75362158"", ""187324915"", ""174101148""]"
none_subset,4,204035625,174726875,46,119,0,0,0,0,0,0,"[""166127396"", ""172684450"", ""167548901"", ""160255339"", ""135710902"", ""164665349"", ""129506623"", ""179861117"", ""203310461"", ""212685047""]"
none_subset,4,164719682,128734627,4,671,0,0,0,0,0,0,"[""154444351"", ""52380679"", ""154359018"", ""191461282"", ""191702828"", ""44074775"", ""117660981"", ""119106930"", ""157103009"", ""207935824""]"
none_subset,4,213307455,190160674,38,35,0,0,0,0,0,1,"[""67142038"", ""159911050"", ""208225541"", ""130168090"", ""194346900"", ""162221630"", ""194853957"", ""188544896"", ""206506072"", ""49778371""]"
none_subset,4,208045885,184636221,46,40,0,0,0,0,0,1,"[""208712486"", ""141874387"", ""193685035"", ""214520103"", ""212600322"", ""201015003"", ""177107115"", ""144865911"", ""207544587"", ""133168724""]"
none_subset,4,46826294,52904807,46,1627,0,0,0,0,0,0,"[""35369060"", ""188997673"", ""146290398"", ""72730720"", ""83646259"", ""120660699"", ""187829464"", ""874282"", ""100128872"", ""104709418""]"
none_subset,4,220476616,174679814,46,1356,0,0,0,0,0,0,"[""171073715"", ""121689381"", ""143258032"", ""160039265"", ""205748662"", ""106349059"", ""188427060"", ""155463873"", ""171227160"", ""210724130""]"
none_subset,4,222590091,200613653,4,1,1,1,1,1,1,1,"[""200613653"", ""204256104"", ""56998165"", ""73222578"", ""189470460"", ""209176316"", ""153116755"", ""206407599"", ""191815855"", ""193746035""]"
none_subset,4,206560652,182375861,64,526,0,0,0,0,0,0,"[""195529634"", ""183013744"", ""206276658"", ""200026497"", ""214208964"", ""192779268"", ""203743622"", ""144706392"", ""169931960"", ""195252307""]"
none_subset,4,222018935,176659851,46,35,0,0,0,0,0,1,"[""155710762"", ""178975230"", ""132867538"", ""170790096"", ""209941947"", ""177423877"", ""139912235"", ""194422099"", ""107095516"", ""78696152""]"
none_subset,4,174311064,31477620,46,184,0,0,0,0,0,0,"[""133674182"", ""141876515"", ""62458353"", ""158806989"", ""157471709"", ""31105163"", ""209163866"", ""64234906"", ""214464211"", ""140208813""]"
none_subset,4,220220721,205033787,64,582,0,0,0,0,0,0,"[""164643454"", ""74117799"", ""186423211"", ""12329772"", ""186146209"", ""83781866"", ""167354299"", ""102679360"", ""205920501"", ""155789349""]"
none_subset,4,213968069,127491303,64,48,0,0,0,0,0,1,"[""195841911"", ""136053941"", ""177968315"", ""103614032"", ""126295674"", ""163956163"", ""157187324"", ""98469115"", ""111165071"", ""174916841""]"
none_subset,4,193510383,166148334,43,524,0,0,0,0,0,0,"[""156158359"", ""208096405"", ""125361053"", ""197613208"", ""210446525"", ""155260520"", ""195408710"", ""139158977"", ""151315223"", ""187417722""]"
none_subset,4,74378955,76860540,43,187,0,0,0,0,0,0,"[""171888747"", ""146413132"", ""35117971"", ""178850565"", ""18294635"", ""196554944"", ""163664846"", ""101892709"", ""97096238"", ""71896649""]"
none_subset,4,187671417,159726047,37,442,0,0,0,0,0,0,"[""101192063"", ""157674411"", ""102688777"", ""177594563"", ""21423746"", ""144803619"", ""168553107"", ""116930061"", ""100774234"", ""120147293""]"
none_subset,4,216626967,200018099,57,5,0,0,1,1,1,1,"[""135517837"", ""103023172"", ""124988423"", ""180470536"", ""200018099"", ""139638958"", ""65575319"", ""46560698"", ""132769262"", ""171903975""]"
none_subset,4,178731218,138045329,38,1877,0,0,0,0,0,0,"[""125496543"", ""131346710"", ""177206358"", ""83451778"", ""186173164"", ""197527964"", ""64397678"", ""183904957"", ""170448238"", ""132991311""]"
none_subset,4,212652729,97006048,64,108,0,0,0,0,0,0,"[""131215451"", ""123694415"", ""149002642"", ""122642468"", ""138322181"", ""25588585"", ""63404553"", ""103189720"", ""193870914"", ""46094230""]"
none_subset,4,216781914,183401482,38,60,0,0,0,0,0,0,"[""193133447"", ""146217898"", ""194853957"", ""208862181"", ""138353042"", ""113999751"", ""151333626"", ""153901522"", ""191640347"", ""155332547""]"
none_subset,4,215548177,191201429,64,70,0,0,0,0,0,0,"[""112210141"", ""203723833"", ""207538350"", ""152762249"", ""73065988"", ""173159881"", ""198499830"", ""179784406"", ""187557702"", ""154324585""]"
none_subset,4,49112420,55870666,38,15,0,0,0,0,1,1,"[""113999751"", ""101312348"", ""79742438"", ""124750735"", ""26133933"", ""164429352"", ""140048877"", ""183564225"", ""92430066"", ""107054492""]"
none_subset,4,112229833,90046103,62,1603,0,0,0,0,0,0,"[""205954355"", ""167970913"", ""179030233"", ""95641166"", ""97811642"", ""180292453"", ""135577723"", ""130032376"", ""207296131"", ""191802528""]"
none_subset,4,222798019,204666596,37,1264,0,0,0,0,0,0,"[""81213674"", ""106674292"", ""204882158"", ""196774938"", ""143141997"", ""140749191"", ""204790995"", ""137979982"", ""154513499"", ""207913496""]"
none_subset,4,162212011,137979982,37,42,0,0,0,0,0,1,"[""190113798"", ""173645815"", ""166280219"", ""127873279"", ""106674292"", ""149248013"", ""81340320"", ""116967483"", ""199866100"", ""17206468""]"
none_subset,4,222729775,85051125,64,2892,0,0,0,0,0,0,"[""184189116"", ""136053941"", ""195841911"", ""173622745"", ""5009200"", ""157187324"", ""102619257"", ""49185786"", ""111165071"", ""139261502""]"
none_subset,4,192372732,146869722,43,1717,0,0,0,0,0,0,"[""179054743"", ""142661471"", ""148294908"", ""196069283"", ""166329703"", ""170809412"", ""120869286"", ""104957798"", ""101892709"", ""125480188""]"
none_subset,4,217514040,199435154,64,273,0,0,0,0,0,0,"[""211216257"", ""72224328"", ""172741180"", ""108526378"", ""85531879"", ""168805608"", ""136440686"", ""115629895"", ""79121811"", ""154044867""]"
none_subset,4,224966092,186693429,62,366,0,0,0,0,0,0,"[""152444456"", ""211069026"", ""72010081"", ""209579537"", ""62333104"", ""128732740"", ""161511273"", ""154406041"", ""109150943"", ""69863959""]"
none_subset,4,189612365,159428920,64,417,0,0,0,0,0,0,"[""101586852"", ""131561726"", ""178700962"", ""108096010"", ""173526297"", ""91922866"", ""195197898"", ""148133803"", ""152305563"", ""202548043""]"
none_subset,4,191377667,134898435,57,2805,0,0,0,0,0,0,"[""65120912"", ""54653008"", ""17825658"", ""133682860"", ""82247874"", ""138202869"", ""84818159"", ""175953709"", ""47987945"", ""140561002""]"
none_subset,4,206769854,159356640,38,73,0,0,0,0,0,0,"[""171705376"", ""194567057"", ""138606216"", ""196923114"", ""163127755"", ""84270721"", ""135581400"", ""171618124"", ""102106304"", ""207584606""]"
none_subset,4,220929088,112058073,46,752,0,0,0,0,0,0,"[""93024322"", ""207470239"", ""120963350"", ""210836917"", ""203677273"", ""29622301"", ""131488301"", ""203343668"", ""134691092"", ""213237291""]"
none_subset,4,179538606,151497086,37,1727,0,0,0,0,0,0,"[""194551250"", ""150612100"", ""91090509"", ""189064377"", ""127087324"", ""197393743"", ""133932837"", ""183552543"", ""58893791"", ""101318206""]"
none_subset,4,221038829,196683792,37,66,0,0,0,0,0,0,"[""133761960"", ""192913849"", ""185919393"", ""163655065"", ""201520095"", ""195292057"", ""204454005"", ""202204599"", ""122241592"", ""201067865""]"
none_subset,4,165586635,134534067,4,124,0,0,0,0,0,0,"[""213679625"", ""139110120"", ""132213065"", ""136900812"", ""167564443"", ""169433916"", ""130284203"", ""53882418"", ""140425447"", ""59005387""]"
none_subset,4,195848103,162286261,38,466,0,0,0,0,0,0,"[""170400945"", ""185863262"", ""145151055"", ""160595220"", ""101461920"", ""181358523"", ""119096193"", ""76417560"", ""158493521"", ""177776793""]"
none_subset,4,220912443,207073486,37,458,0,0,0,0,0,0,"[""135332295"", ""210287080"", ""182193027"", ""151940120"", ""122713998"", ""205095267"", ""187944382"", ""206564103"", ""201913256"", ""186735671""]"
none_subset,4,193820333,166578765,57,281,0,0,0,0,0,0,"[""125339147"", ""200462582"", ""99228573"", ""122408162"", ""208033509"", ""121902729"", ""211844405"", ""165685416"", ""128512946"", ""49660194""]"
none_subset,4,150808157,92919228,37,58,0,0,0,0,0,0,"[""140336042"", ""188375000"", ""144990749"", ""166280219"", ""43972733"", ""116967483"", ""101004970"", ""200025016"", ""164351701"", ""161091370""]"
none_subset,4,212483794,191516840,62,45,0,0,0,0,0,1,"[""136225463"", ""191710575"", ""110870208"", ""180623952"", ""210871676"", ""200033535"", ""97032103"", ""73356588"", ""153895442"", ""213066001""]"
none_subset,4,222586905,200625253,38,166,0,0,0,0,0,0,"[""167154238"", ""125496543"", ""167983168"", ""158600836"", ""145768091"", ""154112907"", ""113999751"", ""128168264"", ""94347039"", ""209320022""]"
none_subset,4,224919765,130431142,38,471,0,0,0,0,0,0,"[""81577148"", ""169283590"", ""195119395"", ""90207738"", ""140995196"", ""181177544"", ""83451778"", ""194853645"", ""201603990"", ""181288847""]"
none_subset,4,202447850,174772759,4,20,0,0,0,0,1,1,"[""126589900"", ""205498846"", ""188285916"", ""202029081"", ""210871478"", ""212819052"", ""213963033"", ""179532049"", ""199379442"", ""207985124""]"
none_subset,4,215976635,192786942,4,932,0,0,0,0,0,0,"[""190079873"", ""200589462"", ""190777127"", ""187600900"", ""192473388"", ""197090565"", ""159567986"", ""195213429"", ""187320580"", ""192582014""]"
none_subset,4,82194778,79107019,4,2267,0,0,0,0,0,0,"[""154031903"", ""12396291"", ""142451414"", ""138975756"", ""186179720"", ""68871068"", ""120663751"", ""181672704"", ""117660981"", ""140998592""]"
none_subset,4,224387999,184189116,64,12,0,0,0,0,1,1,"[""195841911"", ""177968315"", ""136053941"", ""126295674"", ""157187324"", ""163956163"", ""174916841"", ""103614032"", ""98469115"", ""165717472""]"
none_subset,4,213309114,193765182,43,362,0,0,0,0,0,0,"[""200883540"", ""201905433"", ""184633847"", ""184344653"", ""137241438"", ""213483404"", ""142310030"", ""178668945"", ""202002225"", ""113451129""]"
none_subset,4,223661874,212936458,46,627,0,0,0,0,0,0,"[""140412713"", ""142789905"", ""159004698"", ""194301324"", ""77518021"", ""206214462"", ""200727306"", ""191805410"", ""188405182"", ""165636439""]"
none_subset,4,212537205,179805334,4,5,0,0,1,1,1,1,"[""179812166"", ""190218932"", ""46147970"", ""135451052"", ""179805334"", ""203620126"", ""188323012"", ""212618414"", ""213461075"", ""109194953""]"
none_subset,4,151244613,101842282,46,546,0,0,0,0,0,0,"[""136064669"", ""130151286"", ""87925672"", ""174769835"", ""172604491"", ""81506359"", ""209721719"", ""164455139"", ""172696525"", ""99908438""]"
none_subset,4,45722807,50828732,43,79,0,0,0,0,0,0,"[""164268294"", ""194880726"", ""212781685"", ""98638580"", ""204268653"", ""190843616"", ""202632673"", ""155909920"", ""108684069"", ""157240824""]"
none_subset,4,224929777,195586695,37,91,0,0,0,0,0,0,"[""183010273"", ""186270944"", ""177385023"", ""208199932"", ""208828602"", ""200220844"", ""200678174"", ""206895628"", ""211515544"", ""168157454""]"
none_subset,4,206216646,181913855,37,97,0,0,0,0,0,0,"[""213318077"", ""186828726"", ""197238711"", ""173966675"", ""209161669"", ""212216117"", ""212381569"", ""188192294"", ""199340755"", ""192617496""]"
none_subset,4,181717793,152170362,37,186,0,0,0,0,0,0,"[""214708320"", ""148500212"", ""187812442"", ""193679263"", ""133173167"", ""152910319"", ""188912090"", ""212263607"", ""206587185"", ""195296935""]"
none_subset,4,200991937,173243692,46,498,0,0,0,0,0,0,"[""208649860"", ""135883318"", ""176659851"", ""184407267"", ""186512278"", ""146324638"", ""184975322"", ""154884885"", ""178726814"", ""184894786""]"
none_subset,4,222049533,207671783,62,590,0,0,0,0,0,0,"[""180256255"", ""150122632"", ""148066008"", ""210941490"", ""142387882"", ""140069180"", ""194296646"", ""149386623"", ""17218907"", ""153895442""]"
none_subset,4,204109889,167786912,46,47,0,0,0,0,0,1,"[""86091554"", ""193074174"", ""174586724"", ""158946684"", ""201215254"", ""187611963"", ""176660633"", ""177591787"", ""174665100"", ""127947793""]"
none_subset,4,168882604,142990642,37,510,0,0,0,0,0,0,"[""197728159"", ""181022161"", ""189777046"", ""78706018"", ""136980007"", ""117685268"", ""143138392"", ""187502080"", ""210226726"", ""186868435""]"
none_subset,4,221069980,203082308,38,1315,0,0,0,0,0,0,"[""167491323"", ""200389144"", ""197470467"", ""110817617"", ""153333213"", ""154812319"", ""201305488"", ""169751133"", ""162400962"", ""158782357""]"
none_subset,4,182527539,148427041,46,1349,0,0,0,0,0,0,"[""133461188"", ""164627162"", ""142436010"", ""207326970"", ""172197706"", ""212208758"", ""108934756"", ""205395255"", ""181020941"", ""167967668""]"
none_subset,4,212383124,187865140,62,350,0,0,0,0,0,0,"[""198734216"", ""81077749"", ""178706930"", ""211638809"", ""25260455"", ""22547515"", ""14027620"", ""95885283"", ""67056893"", ""100144178""]"
none_subset,4,68999413,66312499,57,35,0,0,0,0,0,1,"[""68798250"", ""158316894"", ""208595279"", ""211785457"", ""103023172"", ""213401068"", ""187976379"", ""159329515"", ""196325151"", ""200047293""]"
none_subset,4,217259695,197313086,64,1963,0,0,0,0,0,0,"[""152312239"", ""132818593"", ""195536773"", ""187944465"", ""101224348"", ""63297294"", ""105879570"", ""205044594"", ""204125965"", ""186850320""]"
none_subset,4,215906332,195670135,37,58,0,0,0,0,0,0,"[""183023489"", ""150887352"", ""58893791"", ""101318206"", ""161632409"", ""5322119"", ""188967908"", ""184518066"", ""100819191"", ""88157034""]"
none_subset,4,188376502,154513499,37,125,0,0,0,0,0,0,"[""42842956"", ""158117230"", ""182254392"", ""174852305"", ""125097939"", ""190113798"", ""144899760"", ""152727959"", ""183978577"", ""94672340""]"
none_subset,4,212475067,188036287,38,75,0,0,0,0,0,0,"[""188626794"", ""161174151"", ""192509185"", ""160491945"", ""171180851"", ""133973101"", ""193252013"", ""149637816"", ""134912948"", ""38003672""]"
none_subset,4,62096161,68173330,4,3,0,1,1,1,1,1,"[""153417658"", ""170613385"", ""68173330"", ""113628354"", ""180866990"", ""151053517"", ""164449645"", ""207623765"", ""129269545"", ""50337874""]"
none_subset,4,224554459,166524884,4,30,0,0,0,0,1,1,"[""112475075"", ""53882418"", ""193934711"", ""186229725"", ""169025616"", ""207566657"", ""111743235"", ""78628063"", ""213281189"", ""59005387""]"
none_subset,4,189951179,161430444,4,316,0,0,0,0,0,0,"[""88932849"", ""141212383"", ""126810749"", ""142381741"", ""191509023"", ""191147915"", ""177402240"", ""160037231"", ""101829627"", ""200860968""]"
none_subset,4,215842891,184297463,37,1292,0,0,0,0,0,0,"[""171899010"", ""178981277"", ""133686967"", ""200420399"", ""164445165"", ""201913256"", ""180787570"", ""194655381"", ""151601836"", ""185138562""]"
none_subset,4,214739235,195720861,46,78,0,0,0,0,0,0,"[""178405632"", ""207323221"", ""129461367"", ""209170192"", ""200287645"", ""212730825"", ""205545277"", ""172966334"", ""211047288"", ""203415759""]"
none_subset,4,206072652,181715447,4,14,0,0,0,0,1,1,"[""186900944"", ""201454668"", ""164284194"", ""196862937"", ""199777290"", ""202362364"", ""193413498"", ""183252412"", ""190495475"", ""190091385""]"
none_subset,4,206177259,179647447,64,877,0,0,0,0,0,0,"[""146444401"", ""154897158"", ""194767716"", ""138322181"", ""122642468"", ""149002642"", ""123694415"", ""46094230"", ""188128198"", ""123687478""]"
none_subset,4,142290622,76024222,43,1,1,1,1,1,1,1,"[""76024222"", ""163580763"", ""118952445"", ""104255136"", ""111061767"", ""163402666"", ""116979481"", ""160802034"", ""112544549"", ""202111236""]"
none_subset,4,202412222,158080441,46,2132,0,0,0,0,0,0,"[""158115780"", ""197949897"", ""153467283"", ""194733810"", ""102715451"", ""215475381"", ""179610678"", ""127619503"", ""58408382"", ""32186937""]"
none_subset,4,163715496,81019320,62,779,0,0,0,0,0,0,"[""161511273"", ""213659099"", ""143261727"", ""39996426"", ""141090046"", ""188189839"", ""171831057"", ""168785007"", ""186936582"", ""165049336""]"
none_subset,4,198298853,116967483,37,23,0,0,0,0,1,1,"[""107504819"", ""204882158"", ""132864050"", ""143141997"", ""81213674"", ""141976904"", ""139307132"", ""137979982"", ""204790995"", ""151941209""]"
none_subset,4,201629648,177326361,4,137,0,0,0,0,0,0,"[""214613376"", ""192952375"", ""141715949"", ""167852505"", ""191307999"", ""105544053"", ""214759064"", ""140756132"", ""213483179"", ""195539587""]"
none_subset,4,224806921,169256692,64,852,0,0,0,0,0,0,"[""195080854"", ""195252134"", ""105144259"", ""151597543"", ""189988059"", ""144657143"", ""112345894"", ""164633014"", ""180165679"", ""32842438""]"
none_subset,4,210987562,166294055,57,1826,0,0,0,0,0,0,"[""112749539"", ""128122761"", ""148338437"", ""110306995"", ""135517724"", ""104277585"", ""143608153"", ""180417908"", ""199848959"", ""46330390""]"
none_subset,4,188274572,139817083,57,1223,0,0,0,0,0,0,"[""213401068"", ""130444806"", ""214819488"", ""181449391"", ""211785457"", ""179662298"", ""104640917"", ""82721637"", ""114118888"", ""210313644""]"
none_subset,4,195309530,167146845,62,17,0,0,0,0,1,1,"[""204100209"", ""134905481"", ""192577715"", ""58086605"", ""180324136"", ""155653139"", ""148423515"", ""156885677"", ""129898062"", ""143843798""]"
none_subset,4,106261779,95323314,38,27,0,0,0,0,1,1,"[""214394715"", ""189593063"", ""127539785"", ""110664117"", ""171949747"", ""148700903"", ""179876069"", ""140048877"", ""113999751"", ""154112907""]"
none_subset,4,155364037,133136953,38,53,0,0,0,0,0,0,"[""149562058"", ""145871617"", ""130421231"", ""203342635"", ""182862963"", ""112389064"", ""124508627"", ""150167398"", ""139494203"", ""198969641""]"
none_subset,4,39846875,32581466,43,40,0,0,0,0,0,1,"[""215513285"", ""204649733"", ""67909736"", ""137029434"", ""59547777"", ""99275271"", ""191583920"", ""161628577"", ""74321183"", ""6516822""]"
none_subset,4,5836907,1483768,38,551,0,0,0,0,0,0,"[""204143300"", ""165587581"", ""206197845"", ""204913338"", ""176591184"", ""153376624"", ""206895490"", ""204647420"", ""135874550"", ""172773467""]"
none_subset,4,76698719,76775257,43,1269,0,0,0,0,0,0,"[""166706405"", ""15648138"", ""199700611"", ""6704113"", ""166708862"", ""165710841"", ""188272758"", ""98747334"", ""53878026"", ""75083855""]"
none_subset,4,47496112,49076043,43,2692,0,0,0,0,0,0,"[""4674477"", ""121165459"", ""101683090"", ""198296892"", ""141669650"", ""86885256"", ""130532910"", ""75839915"", ""54249020"", ""139158977""]"
none_subset,4,58616771,53254163,38,1315,0,0,0,0,0,0,"[""197527964"", ""85120764"", ""100946794"", ""125496543"", ""115694557"", ""192315877"", ""124833754"", ""132567182"", ""64397678"", ""147335135""]"
none_subset,4,174209940,143084610,37,587,0,0,0,0,0,0,"[""166280219"", ""155926657"", ""130025536"", ""194918694"", ""65584321"", ""93714502"", ""200025016"", ""139307132"", ""156898538"", ""116967483""]"
none_subset,4,150928717,115857968,43,159,0,0,0,0,0,0,"[""180465465"", ""148264493"", ""116750362"", ""147828168"", ""147836645"", ""204449585"", ""144080652"", ""195866072"", ""127047625"", ""97684371""]"
none_subset,4,173281141,136363959,64,899,0,0,0,0,0,0,"[""152212755"", ""195252134"", ""199685872"", ""62091212"", ""78359767"", ""58507091"", ""195080854"", ""110653495"", ""150390573"", ""149002642""]"
none_subset,4,156725012,5564013,38,393,0,0,0,0,0,0,"[""66259210"", ""8550716"", ""157091884"", ""74162023"", ""61517646"", ""192587307"", ""71896485"", ""163758025"", ""25706087"", ""186767110""]"
none_subset,4,222977381,163780128,46,764,0,0,0,0,0,0,"[""194951479"", ""209744189"", ""212530716"", ""207529569"", ""15445184"", ""148554329"", ""146029150"", ""210993003"", ""167525245"", ""102548981""]"
none_subset,4,163575137,127477193,46,142,0,0,0,0,0,0,"[""138254448"", ""58412205"", ""213234426"", ""139180688"", ""208171217"", ""207308677"", ""85021681"", ""82252188"", ""167424905"", ""208779185""]"
none_subset,4,134372610,117771611,4,21,0,0,0,0,1,1,"[""130299986"", ""153991203"", ""148365289"", ""202362364"", ""181672704"", ""143815175"", ""144264277"", ""143852845"", ""149759096"", ""200963858""]"
none_subset,4,203992258,192580997,62,2099,0,0,0,0,0,0,"[""105604280"", ""104210649"", ""2463151"", ""74220777"", ""129878189"", ""66824965"", ""113925741"", ""141261014"", ""52020678"", ""52577956""]"
none_subset,4,163776589,138439398,4,2171,0,0,0,0,0,0,"[""203341087"", ""67564757"", ""98834359"", ""87832508"", ""126889201"", ""100007550"", ""179258061"", ""146628629"", ""126604867"", ""154039318""]"
none_subset,4,217168708,196563012,37,49,0,0,0,0,0,1,"[""184952787"", ""167674987"", ""209172941"", ""148800689"", ""192227530"", ""193656232"", ""187423310"", ""208532302"", ""150438835"", ""184357547""]"
none_subset,4,188984952,157205433,4,292,0,0,0,0,0,0,"[""117471262"", ""160129846"", ""195513078"", ""153928357"", ""120205229"", ""181099732"", ""181715447"", ""206564479"", ""192331154"", ""192424356""]"
none_subset,4,194857246,159254584,64,22,0,0,0,0,1,1,"[""172741180"", ""181063353"", ""201298322"", ""72224328"", ""99916433"", ""146444401"", ""129093190"", ""156476311"", ""101169098"", ""53453982""]"
none_subset,4,224484908,212274680,46,518,0,0,0,0,0,0,"[""167464610"", ""204980714"", ""167900654"", ""134691092"", ""193206170"", ""203425433"", ""196561672"", ""159203778"", ""167786912"", ""202794672""]"
none_subset,4,181708189,141913559,64,89,0,0,0,0,0,0,"[""203403083"", ""194094670"", ""204824313"", ""128085943"", ""208439755"", ""179949768"", ""105267083"", ""156766484"", ""137448907"", ""110133798""]"
none_subset,4,218843935,177899370,37,41,0,0,0,0,0,1,"[""201913249"", ""151708259"", ""175392694"", ""167533619"", ""139504256"", ""59086145"", ""187443642"", ""187256075"", ""131363055"", ""183535868""]"
none_subset,4,83167308,81511985,38,452,0,0,0,0,0,0,"[""149982401"", ""113999751"", ""193563274"", ""76490987"", ""167154238"", ""164429352"", ""179234058"", ""145768091"", ""156424467"", ""211890068""]"
none_subset,4,224723678,214513561,46,968,0,0,0,0,0,0,"[""138953275"", ""120963350"", ""213237291"", ""212456358"", ""178870249"", ""131488301"", ""210433201"", ""205997591"", ""165704043"", ""204975400""]"
none_subset,4,126141821,110679107,64,338,0,0,0,0,0,0,"[""138803213"", ""125561073"", ""103168253"", ""124110006"", ""58955704"", ""151692008"", ""205033787"", ""125668173"", ""118284407"", ""190947093""]"
none_subset,4,223819256,212829195,4,30,0,0,0,0,1,1,"[""169976903"", ""211170774"", ""212819052"", ""205463044"", ""185133383"", ""212086988"", ""185851022"", ""214085481"", ""186392648"", ""169992252""]"
none_subset,4,218758658,207872675,4,43,0,0,0,0,0,1,"[""207985124"", ""212819052"", ""195078992"", ""178104667"", ""180575809"", ""191627911"", ""188285916"", ""210498460"", ""202016099"", ""212482379""]"
none_subset,4,204599690,175490651,37,1884,0,0,0,0,0,0,"[""198598972"", ""116929460"", ""202157886"", ""126447640"", ""150316929"", ""103432765"", ""101679570"", ""136186158"", ""205300777"", ""180713169""]"
none_subset,4,118743423,112596322,43,118,0,0,0,0,0,0,"[""86316695"", ""204018856"", ""197613208"", ""139993623"", ""33389792"", ""196316257"", ""204649733"", ""161330651"", ""66709745"", ""161849641""]"
none_subset,4,49273516,51343997,43,1468,0,0,0,0,0,0,"[""182526901"", ""209858049"", ""158624345"", ""145855101"", ""127006553"", ""138372456"", ""197493511"", ""167879223"", ""201771356"", ""44768555""]"
none_subset,4,182214621,144167451,43,848,0,0,0,0,0,0,"[""144628962"", ""94195633"", ""188810945"", ""54249020"", ""121165459"", ""184170758"", ""80700126"", ""157711341"", ""38841821"", ""101683090""]"
none_subset,4,223258716,212264146,64,1194,0,0,0,0,0,0,"[""168823510"", ""76668217"", ""201460481"", ""157103060"", ""207726882"", ""144399371"", ""67164744"", ""191011510"", ""163787427"", ""61171911""]"
none_subset,4,211303932,189745855,37,941,0,0,0,0,0,0,"[""178961164"", ""201740861"", ""181408383"", ""207413817"", ""210858780"", ""211646800"", ""45171964"", ""210417882"", ""204075228"", ""147435678""]"
none_subset,4,215184577,12396291,4,2,0,1,1,1,1,1,"[""138975756"", ""12396291"", ""139852579"", ""181715447"", ""120663751"", ""156103241"", ""200963901"", ""191214295"", ""149759096"", ""134911017""]"
none_subset,4,155201106,134544825,46,997,0,0,0,0,0,0,"[""172374310"", ""161736013"", ""158174177"", ""165636439"", ""197859726"", ""163363958"", ""164517856"", ""202488918"", ""160039265"", ""71367321""]"
none_subset,4,223332381,73148680,38,771,0,0,0,0,0,0,"[""203848623"", ""202697291"", ""117484080"", ""207422358"", ""126213900"", ""149343290"", ""168749475"", ""211428575"", ""123704552"", ""11921513""]"
none_subset,4,159223288,135883318,46,524,0,0,0,0,0,0,"[""140861260"", ""154821670"", ""85083810"", ""151511658"", ""88672257"", ""150142821"", ""78015202"", ""119093613"", ""47486707"", ""160764333""]"
none_subset,4,70900838,73568079,43,1344,0,0,0,0,0,0,"[""75839769"", ""146898856"", ""157034330"", ""106069814"", ""107050740"", ""125860815"", ""193186547"", ""75839915"", ""73874487"", ""139496028""]"
none_subset,4,225331449,214169191,46,5,0,0,1,1,1,1,"[""138486785"", ""51932653"", ""58412205"", ""57514618"", ""214169191"", ""32645628"", ""7135475"", ""132077090"", ""9347442"", ""100811327""]"
none_subset,4,198684180,167339905,46,504,0,0,0,0,0,0,"[""140861260"", ""145266309"", ""118474813"", ""131820664"", ""169613285"", ""209721719"", ""108479850"", ""205356898"", ""130881127"", ""177300409""]"
none_subset,4,214384789,194798510,46,37,0,0,0,0,0,1,"[""209980383"", ""210780225"", ""190115727"", ""182764303"", ""179347666"", ""187734223"", ""116218020"", ""214519972"", ""212384469"", ""76061645""]"
none_subset,4,219818034,205911104,37,453,0,0,0,0,0,0,"[""196563012"", ""124434815"", ""208532302"", ""209172941"", ""193511575"", ""213637743"", ""187735798"", ""171899010"", ""187423310"", ""131961169""]"
none_subset,4,221997901,206210266,57,1,1,1,1,1,1,1,"[""206210266"", ""188097035"", ""156972409"", ""195891035"", ""83933046"", ""208750964"", ""166993395"", ""172991246"", ""113601078"", ""122751221""]"
none_subset,4,186920256,159049004,46,184,0,0,0,0,0,0,"[""160764333"", ""118565908"", ""121689381"", ""211987120"", ""113660921"", ""31288854"", ""200735701"", ""16824274"", ""178643270"", ""170906364""]"
none_subset,4,218056613,202771850,46,30,0,0,0,0,1,1,"[""181732273"", ""178445507"", ""196161188"", ""205321897"", ""166024976"", ""205233162"", ""210468796"", ""213805109"", ""212118911"", ""191889086""]"
none_subset,4,216886230,165487867,43,10,0,0,0,1,1,1,"[""194288073"", ""209666551"", ""184091403"", ""178271380"", ""165285962"", ""168115086"", ""157129302"", ""201671217"", ""120597166"", ""165487867""]"
none_subset,4,218378620,200027218,4,306,0,0,0,0,0,0,"[""210484477"", ""191316160"", ""177056777"", ""191147915"", ""207726716"", ""188321672"", ""212591356"", ""189899644"", ""198351115"", ""208268059""]"
none_subset,4,157719491,126960326,38,2698,0,0,0,0,0,0,"[""157993089"", ""212014102"", ""109616522"", ""197000614"", ""102368805"", ""214890741"", ""177615389"", ""106389717"", ""192992682"", ""81577148""]"
none_subset,4,187662910,154743644,38,41,0,0,0,0,0,1,"[""196742641"", ""168166428"", ""192975911"", ""77338935"", ""68644542"", ""147242050"", ""135777951"", ""113496860"", ""205051314"", ""209178832""]"
none_subset,4,134718293,111167454,46,1370,0,0,0,0,0,0,"[""205395255"", ""137553795"", ""170458031"", ""169602941"", ""208224187"", ""202166206"", ""172512012"", ""168027657"", ""212429674"", ""79441211""]"
none_subset,4,213859209,192226046,43,8,0,0,0,1,1,1,"[""201230840"", ""209588885"", ""198558883"", ""191423965"", ""187225322"", ""209248830"", ""122714725"", ""192226046"", ""206195766"", ""194502617""]"
none_subset,4,206162352,168565266,38,1478,0,0,0,0,0,0,"[""123190192"", ""153901522"", ""146217898"", ""193133447"", ""194853957"", ""144488411"", ""138353042"", ""213984936"", ""102891416"", ""151333626""]"
none_subset,4,148055484,125877587,37,755,0,0,0,0,0,0,"[""200025016"", ""133924998"", ""159931625"", ""202780647"", ""151546541"", ""186646910"", ""175146389"", ""93714502"", ""129735644"", ""200686928""]"
none_subset,4,127734101,103445343,38,1905,0,0,0,0,0,0,"[""198366865"", ""207911331"", ""211674256"", ""212854070"", ""204806709"", ""158536496"", ""205639611"", ""126942864"", ""175023670"", ""171087385""]"
none_subset,4,221652856,207844498,38,2,0,1,1,1,1,1,"[""142929788"", ""207844498"", ""152299073"", ""199056148"", ""165587581"", ""55757524"", ""176559079"", ""166703688"", ""59437277"", ""204647420""]"
none_subset,4,163657092,134259470,57,1153,0,0,0,0,0,0,"[""143360433"", ""105063982"", ""174340588"", ""182623124"", ""206964493"", ""215231413"", ""211539855"", ""103371054"", ""210399533"", ""101295733""]"
none_subset,4,181360595,149816343,38,18,0,0,0,0,1,1,"[""67086891"", ""180386955"", ""118623949"", ""209803175"", ""159333154"", ""189738652"", ""160303868"", ""47432873"", ""191640347"", ""177473283""]"
none_subset,4,184230547,92729753,43,33,0,0,0,0,0,1,"[""65700153"", ""204884209"", ""126937971"", ""75809532"", ""49526180"", ""178058556"", ""100344935"", ""98570059"", ""55350013"", ""75960684""]"
none_subset,4,218892881,204377471,62,470,0,0,0,0,0,0,"[""27805906"", ""104986019"", ""39278122"", ""130664372"", ""61834333"", ""104210649"", ""84455640"", ""127069226"", ""186141115"", ""42723221""]"
none_subset,4,222316119,209398208,62,754,0,0,0,0,0,0,"[""106557292"", ""210678182"", ""57745589"", ""123665712"", ""86925187"", ""195842978"", ""94546694"", ""141918937"", ""73563944"", ""188696626""]"
none_subset,4,193210370,160712589,43,98,0,0,0,0,0,0,"[""123633665"", ""203338637"", ""198322720"", ""202567733"", ""77197586"", ""170053319"", ""203995902"", ""134679386"", ""214098104"", ""210778994""]"
none_subset,4,182202041,140052409,43,79,0,0,0,0,0,0,"[""170439536"", ""127006553"", ""207652935"", ""129193322"", ""54786988"", ""110104374"", ""169363779"", ""148801479"", ""197493511"", ""203668670""]"
none_subset,4,134768803,90327774,62,529,0,0,0,0,0,0,"[""164086518"", ""36786685"", ""113866351"", ""172190870"", ""187978938"", ""180001774"", ""162263431"", ""156487231"", ""75207324"", ""53764247""]"
none_subset,4,217563353,199826472,46,681,0,0,0,0,0,0,"[""192859823"", ""205883193"", ""97623791"", ""84422038"", ""132867538"", ""76493325"", ""107095516"", ""148554569"", ""140437226"", ""114654675""]"
none_subset,4,211981529,191647950,37,1005,0,0,0,0,0,0,"[""116240817"", ""196563012"", ""192387012"", ""119227333"", ""136371572"", ""195296935"", ""191931364"", ""187761375"", ""182388466"", ""10976521""]"
none_subset,4,107710992,98812077,46,1227,0,0,0,0,0,0,"[""131820664"", ""207326970"", ""174861722"", ""162996731"", ""205356898"", ""138617659"", ""139957011"", ""135652658"", ""165299984"", ""138788694""]"
none_subset,4,169962620,140742765,38,344,0,0,0,0,0,0,"[""96535503"", ""154762222"", ""125139020"", ""98477697"", ""214890741"", ""151069586"", ""160458687"", ""118389997"", ""200830087"", ""151607631""]"
none_subset,4,192278370,153562476,37,83,0,0,0,0,0,0,"[""14688074"", ""127678430"", ""115215869"", ""151199532"", ""173034966"", ""24464195"", ""67501636"", ""120040052"", ""42842956"", ""29496516""]"
none_subset,4,193750891,163718468,38,1792,0,0,0,0,0,0,"[""146723193"", ""125546461"", ""179018718"", ""166506623"", ""190110099"", ""139134458"", ""193575305"", ""158733811"", ""213273339"", ""207948213""]"
none_subset,4,132375474,116488063,4,169,0,0,0,0,0,0,"[""210482913"", ""210484477"", ""190503853"", ""191246391"", ""75448584"", ""155621797"", ""195516477"", ""213127345"", ""191033158"", ""214759137""]"
none_subset,4,167902436,141447890,64,322,0,0,0,0,0,0,"[""182199798"", ""131413365"", ""173661276"", ""78458855"", ""200033728"", ""206276658"", ""162686675"", ""199715478"", ""16466362"", ""157672483""]"
none_subset,4,46775399,39242895,57,404,0,0,0,0,0,0,"[""125339147"", ""122408162"", ""48586287"", ""157149837"", ""121902729"", ""128512946"", ""161319979"", ""127660482"", ""157953377"", ""85942447""]"
none_subset,4,137693931,117946057,64,403,0,0,0,0,0,0,"[""62313025"", ""194116859"", ""170757529"", ""75327381"", ""152305563"", ""152109736"", ""214114704"", ""8645666"", ""181214144"", ""197336481""]"
none_subset,4,214329317,184721384,4,568,0,0,0,0,0,0,"[""147828982"", ""136384270"", ""163349092"", ""191690738"", ""185429569"", ""150456310"", ""173008557"", ""214896797"", ""155908916"", ""139418370""]"
none_subset,4,222121945,206201645,46,34,0,0,0,0,0,1,"[""184407267"", ""176659851"", ""111077753"", ""135883318"", ""89431258"", ""52439531"", ""145504709"", ""193095250"", ""201024429"", ""79809742""]"
none_subset,4,219276469,121108780,46,466,0,0,0,0,0,0,"[""99309357"", ""78004872"", ""111095231"", ""194301324"", ""201966464"", ""79809742"", ""52439531"", ""152102459"", ""154698834"", ""157462996""]"
none_subset,4,174730471,137617785,62,16,0,0,0,0,1,1,"[""150945055"", ""132102628"", ""12231700"", ""125457528"", ""211690905"", ""122004752"", ""176333450"", ""180292453"", ""182479029"", ""167732430""]"
none_subset,4,223350607,189844318,4,5,0,0,1,1,1,1,"[""189945818"", ""201481091"", ""197475541"", ""200855615"", ""189844318"", ""209208627"", ""177949545"", ""202888371"", ""188882555"", ""203339357""]"
none_subset,4,210849177,184994826,4,28,0,0,0,0,1,1,"[""195717749"", ""149599673"", ""159922963"", ""176039610"", ""170725190"", ""172890535"", ""196352343"", ""184587206"", ""76515539"", ""174692074""]"
none_subset,4,198434418,156991106,43,662,0,0,0,0,0,0,"[""169890454"", ""185799642"", ""181162961"", ""114606540"", ""137382410"", ""188690647"", ""115899301"", ""93370896"", ""140052409"", ""180095819""]"
none_subset,4,212436139,192418965,37,6,0,0,0,1,1,1,"[""164415171"", ""169494298"", ""128025445"", ""132738380"", ""204347081"", ""192418965"", ""204499099"", ""205437401"", ""210680484"", ""127604369""]"
none_subset,4,135940202,116675816,38,911,0,0,0,0,0,0,"[""27784922"", ""85274599"", ""153789770"", ""155422545"", ""102812596"", ""112540467"", ""156629865"", ""119135437"", ""78137458"", ""206867606""]"
none_subset,4,225324347,213542128,62,485,0,0,0,0,0,0,"[""51057647"", ""27329790"", ""154192089"", ""184405626"", ""103709998"", ""187064730"", ""214034644"", ""149266652"", ""90371836"", ""127682307""]"
none_subset,4,122897043,99984234,64,367,0,0,0,0,0,0,"[""170931595"", ""60032340"", ""103416735"", ""148497898"", ""153266976"", ""116866288"", ""126848368"", ""145459533"", ""40134748"", ""119651772""]"
none_subset,4,213225848,193487145,62,81,0,0,0,0,0,0,"[""197247155"", ""193966259"", ""201460182"", ""160871092"", ""206841068"", ""188745646"", ""187600934"", ""179824517"", ""330143"", ""211808810""]"
none_subset,4,194731015,132179046,37,58,0,0,0,0,0,0,"[""53074039"", ""142640479"", ""127482058"", ""163655065"", ""145798285"", ""133761960"", ""170334700"", ""205439047"", ""201258368"", ""203680817""]"
none_subset,4,217928932,180001774,62,235,0,0,0,0,0,0,"[""24433447"", ""52020678"", ""105604280"", ""74220777"", ""135784548"", ""2463151"", ""56568319"", ""109692351"", ""197681506"", ""66824965""]"
none_subset,4,190591674,156299022,62,454,0,0,0,0,0,0,"[""144501764"", ""209312269"", ""127168363"", ""206301685"", ""61035715"", ""200033285"", ""125264671"", ""180644383"", ""114374574"", ""142232671""]"
none_subset,4,194020076,154816685,37,1156,0,0,0,0,0,0,"[""102688777"", ""76963567"", ""51981897"", ""100590821"", ""208265418"", ""143766198"", ""117761177"", ""142088614"", ""144803619"", ""192947279""]"
none_subset,4,185433908,157103060,64,31,0,0,0,0,0,1,"[""136600772"", ""72224328"", ""189535903"", ""192057548"", ""165315994"", ""179411117"", ""210148884"", ""133372020"", ""142231631"", ""144399371""]"
none_subset,4,214333334,193747557,4,105,0,0,0,0,0,0,"[""98055438"", ""169025616"", ""193934711"", ""78628063"", ""189821495"", ""142553971"", ""208055757"", ""179477049"", ""175750166"", ""212372690""]"
none_subset,4,220774580,173807681,57,142,0,0,0,0,0,0,"[""127660482"", ""53369429"", ""65120912"", ""113539802"", ""161319979"", ""62330389"", ""132658876"", ""47486926"", ""138202869"", ""197336042""]"
none_subset,4,212592127,192227012,43,305,0,0,0,0,0,0,"[""182399428"", ""201535486"", ""192825043"", ""195224828"", ""157129302"", ""202626349"", ""178067710"", ""192996306"", ""185108178"", ""191134295""]"
none_subset,4,176224761,133870924,62,15,0,0,0,0,1,1,"[""94546694"", ""52773606"", ""136870941"", ""160329216"", ""188860992"", ""190767280"", ""188696626"", ""138120106"", ""106557292"", ""150070859""]"
none_subset,4,60511882,57556019,43,81,0,0,0,0,0,0,"[""101587771"", ""98314945"", ""157711341"", ""68189198"", ""50216046"", ""75839769"", ""183697177"", ""178272808"", ""146898856"", ""86370719""]"
none_subset,4,176736999,148395645,57,49,0,0,0,0,0,1,"[""151450966"", ""121588049"", ""119144884"", ""181594395"", ""205668901"", ""183212516"", ""207811664"", ""196083775"", ""109733970"", ""85499926""]"
none_subset,4,218343977,206869723,38,124,0,0,0,0,0,0,"[""121639115"", ""71056351"", ""47681542"", ""18962742"", ""102778559"", ""181227444"", ""154880168"", ""158083734"", ""62361505"", ""162918532""]"
none_subset,4,196559457,168093078,46,53,0,0,0,0,0,0,"[""208458622"", ""179440577"", ""212013801"", ""211987120"", ""215428176"", ""147341866"", ""210499137"", ""159397216"", ""178086628"", ""102057588""]"
none_subset,4,218455353,203551786,57,195,0,0,0,0,0,0,"[""186378387"", ""213286264"", ""210472458"", ""214790006"", ""148083172"", ""195501199"", ""147358645"", ""188257821"", ""207262363"", ""127679989""]"
none_subset,4,165941570,140069180,62,1161,0,0,0,0,0,0,"[""188696626"", ""113868288"", ""17141885"", ""123687816"", ""134822754"", ""140685204"", ""186693429"", ""143915983"", ""182512987"", ""191074130""]"
none_subset,4,177072822,143701254,57,199,0,0,0,0,0,0,"[""206493285"", ""85942447"", ""122408162"", ""99228573"", ""211844405"", ""186103660"", ""206553944"", ""138406659"", ""211640040"", ""180417908""]"
none_subset,4,209291892,186707401,4,68,0,0,0,0,0,0,"[""195744792"", ""173008557"", ""58216709"", ""133632260"", ""215305148"", ""213461075"", ""172884595"", ""86385298"", ""212392746"", ""183774289""]"
none_subset,4,223884612,208874258,46,314,0,0,0,0,0,0,"[""208719036"", ""209156183"", ""146947584"", ""205545277"", ""171636556"", ""210366645"", ""201436985"", ""80573814"", ""212434559"", ""212730825""]"
none_subset,4,94835568,89522692,57,1356,0,0,0,0,0,0,"[""85942447"", ""186103660"", ""206552998"", ""206553944"", ""188870231"", ""58773802"", ""184690297"", ""122408162"", ""48586287"", ""182587351""]"
none_subset,4,192891376,165467719,4,198,0,0,0,0,0,0,"[""203776159"", ""195617414"", ""210469105"", ""201465694"", ""210303017"", ""158071475"", ""135840440"", ""175640583"", ""205446753"", ""211428834""]"
none_subset,4,217721954,201858021,43,164,0,0,0,0,0,0,"[""79676853"", ""126415167"", ""88408415"", ""205517780"", ""59161409"", ""108662474"", ""162384225"", ""204479993"", ""197876233"", ""190069327""]"
none_subset,4,221359312,208935536,37,766,0,0,0,0,0,0,"[""207110453"", ""155900040"", ""165980002"", ""180960330"", ""212752270"", ""212864198"", ""175294487"", ""101004970"", ""186828726"", ""215506448""]"
none_subset,4,215331446,149874064,62,193,0,0,0,0,0,0,"[""204577887"", ""206841068"", ""211070786"", ""172997177"", ""211808810"", ""206664307"", ""213066001"", ""212412503"", ""200033285"", ""141693897""]"
none_subset,4,139464065,119695215,46,10,0,0,0,1,1,1,"[""64234906"", ""140827649"", ""68978046"", ""113591349"", ""105148782"", ""212767225"", ""126522124"", ""99453113"", ""171694803"", ""119695215""]"
none_subset,4,224134704,141588596,64,335,0,0,0,0,0,0,"[""205920501"", ""202978110"", ""162587856"", ""202253212"", ""213253358"", ""213564938"", ""209576150"", ""133381234"", ""213086582"", ""208559848""]"
none_subset,4,77515366,62510663,38,465,0,0,0,0,0,0,"[""192992682"", ""151607631"", ""143848258"", ""75182035"", ""161419745"", ""140979774"", ""96535503"", ""177325365"", ""160458687"", ""110457316""]"
none_subset,4,210242510,187758639,57,1102,0,0,0,0,0,0,"[""213974972"", ""208742570"", ""203550692"", ""209942989"", ""201084593"", ""209726587"", ""210498921"", ""41572607"", ""179079527"", ""189762370""]"
none_subset,4,52520947,48837235,43,877,0,0,0,0,0,0,"[""76970617"", ""59547777"", ""99275271"", ""127047625"", ""193982039"", ""162819113"", ""61372398"", ""192784424"", ""68189198"", ""4674477""]"
none_subset,4,151596094,130169954,64,1227,0,0,0,0,0,0,"[""120966979"", ""62313025"", ""153356810"", ""75327381"", ""155183786"", ""130603525"", ""63404553"", ""209790439"", ""124274061"", ""182762792""]"
none_subset,4,193213668,158425166,43,23,0,0,0,0,1,1,"[""27781370"", ""125480188"", ""142451013"", ""96300750"", ""104957798"", ""133582641"", ""211549610"", ""114167233"", ""170809412"", ""193186547""]"
none_subset,4,112643081,88781085,4,41,0,0,0,0,0,1,"[""165105661"", ""171902128"", ""161593927"", ""193934711"", ""142456567"", ""191889856"", ""78628063"", ""205405501"", ""112475075"", ""169443962""]"
none_subset,4,225317013,211226206,38,167,0,0,0,0,0,0,"[""119050794"", ""186580987"", ""67355451"", ""25706087"", ""111238191"", ""98526198"", ""208718442"", ""151758386"", ""177027866"", ""148708621""]"
none_subset,4,30572447,32643267,4,139,0,0,0,0,0,0,"[""167643231"", ""210169790"", ""201582207"", ""171447530"", ""142538361"", ""186934020"", ""110512138"", ""191695096"", ""203890372"", ""202362364""]"
none_subset,4,66195263,65467624,62,222,0,0,0,0,0,0,"[""82382971"", ""92445171"", ""18880304"", ""106557292"", ""189107795"", ""210678182"", ""161635823"", ""162818813"", ""146789147"", ""24686208""]"
none_subset,4,84991560,83781980,64,31,0,0,0,0,0,1,"[""109320323"", ""91451711"", ""128304968"", ""199383617"", ""201270567"", ""131569653"", ""170141541"", ""144281937"", ""154504845"", ""160001929""]"
none_subset,4,46524558,48022144,46,999,0,0,0,0,0,0,"[""192859823"", ""176659851"", ""178975230"", ""114654675"", ""146520918"", ""97623791"", ""169970147"", ""108322993"", ""111077753"", ""109222096""]"
none_subset,4,183342833,152655552,64,252,0,0,0,0,0,0,"[""200033728"", ""106247745"", ""64566466"", ""121664928"", ""210148884"", ""199715478"", ""131413365"", ""154919593"", ""161581546"", ""126992314""]"
none_subset,4,181269384,115216411,37,1859,0,0,0,0,0,0,"[""158117230"", ""29496516"", ""152140191"", ""120893128"", ""152762226"", ""192597928"", ""126554078"", ""58893791"", ""143946320"", ""42842956""]"
none_subset,4,91056482,73092635,64,621,0,0,0,0,0,0,"[""206372980"", ""127512781"", ""95987224"", ""215220099"", ""109321941"", ""125561073"", ""138803213"", ""114607994"", ""174095805"", ""115197132""]"
none_subset,4,220391193,205792958,57,19,0,0,0,0,1,1,"[""215562071"", ""210636826"", ""213078674"", ""210148578"", ""188906002"", ""189762370"", ""166538115"", ""207501600"", ""209164848"", ""188363722""]"
none_subset,4,181647504,153601190,37,655,0,0,0,0,0,0,"[""209154292"", ""202328948"", ""186811713"", ""211802210"", ""208174544"", ""191538851"", ""207544886"", ""199340755"", ""180221400"", ""190788965""]"
none_subset,4,179942590,150466997,37,81,0,0,0,0,0,0,"[""57231571"", ""210586766"", ""184518066"", ""111730268"", ""58893791"", ""121642534"", ""144351805"", ""161632409"", ""177988004"", ""113199607""]"
none_subset,4,210824348,169684033,46,217,0,0,0,0,0,0,"[""194301324"", ""99309357"", ""126200509"", ""126662251"", ""162330233"", ""201966464"", ""154244912"", ""186116554"", ""191705183"", ""154821670""]"
none_subset,4,217340355,185411714,37,585,0,0,0,0,0,0,"[""186464825"", ""205773422"", ""203276996"", ""124237457"", ""153551614"", ""143052602"", ""206813158"", ""183710535"", ""103619342"", ""214080156""]"
none_subset,4,204515041,180375963,46,198,0,0,0,0,0,0,"[""72266723"", ""170566401"", ""141321618"", ""165223697"", ""153467283"", ""197116987"", ""102715451"", ""127619503"", ""140827649"", ""123813852""]"
none_subset,4,225217742,214911402,38,128,0,0,0,0,0,0,"[""206039176"", ""188544896"", ""31980662"", ""207694901"", ""173785088"", ""202152397"", ""208395385"", ""205018667"", ""171832078"", ""170938980""]"
none_subset,4,175108320,145872351,57,293,0,0,0,0,0,0,"[""102975387"", ""154845037"", ""118212639"", ""145912634"", ""207784265"", ""200675765"", ""120012973"", ""21487414"", ""57499091"", ""207173802""]"
none_subset,4,75999056,78200756,37,48,0,0,0,0,0,1,"[""14688074"", ""29496516"", ""21114364"", ""95030361"", ""105224939"", ""42842956"", ""45171964"", ""139778879"", ""115215869"", ""187043151""]"
none_subset,4,20364924,18292202,43,67,0,0,0,0,0,0,"[""91252683"", ""49833634"", ""194521804"", ""26809470"", ""163402666"", ""73568079"", ""74422992"", ""192287850"", ""173492161"", ""159358087""]"
none_subset,4,178083941,115348570,4,30,0,0,0,0,1,1,"[""191461282"", ""45909356"", ""191509023"", ""103936826"", ""152566280"", ""157103009"", ""158097383"", ""52380679"", ""142536914"", ""185320366""]"
none_subset,4,186627163,155334274,37,64,0,0,0,0,0,0,"[""100819191"", ""145696871"", ""168712812"", ""169996599"", ""153136383"", ""105970731"", ""59086145"", ""150438835"", ""171185133"", ""156465156""]"
none_subset,4,223640840,70510072,43,8,0,0,0,1,1,1,"[""79844098"", ""140335234"", ""88376416"", ""205517780"", ""156395019"", ""130556843"", ""98800023"", ""70510072"", ""98301531"", ""16668651""]"
none_subset,4,224590952,214485432,4,2,0,1,1,1,1,1,"[""165510803"", ""214485432"", ""211901995"", ""211608400"", ""203776159"", ""153116755"", ""191591466"", ""205917654"", ""206638247"", ""47487946""]"
none_subset,4,185538692,155799399,64,390,0,0,0,0,0,0,"[""213581190"", ""132289907"", ""154412302"", ""93630964"", ""182224096"", ""184089231"", ""193734151"", ""114975070"", ""158242795"", ""133623259""]"
none_subset,4,214686293,194616691,64,1339,0,0,0,0,0,0,"[""54502447"", ""88248087"", ""215003074"", ""142606748"", ""209427345"", ""195393000"", ""155594648"", ""135156967"", ""104685117"", ""212258528""]"
none_subset,4,210390509,188665796,4,978,0,0,0,0,0,0,"[""192424356"", ""146764647"", ""194142299"", ""198615413"", ""191147915"", ""192331154"", ""190594964"", ""201432635"", ""171567687"", ""194722275""]"
none_subset,4,221217825,206707770,62,302,0,0,0,0,0,0,"[""129328061"", ""190955120"", ""64365794"", ""19018996"", ""189178547"", ""161141246"", ""210197649"", ""73906788"", ""167732430"", ""124421602""]"
none_subset,4,182550457,152717874,38,322,0,0,0,0,0,0,"[""161002473"", ""209064279"", ""186173164"", ""183904957"", ""204637998"", ""200479991"", ""150005617"", ""81511985"", ""167575814"", ""147345313""]"
none_subset,4,206226210,145800774,4,40,0,0,0,0,0,1,"[""126889201"", ""213835807"", ""103872312"", ""113622434"", ""87832508"", ""100007550"", ""126241663"", ""190340453"", ""141085810"", ""118938903""]"
none_subset,4,216846155,200497747,57,2045,0,0,0,0,0,0,"[""154783025"", ""203324938"", ""190061959"", ""207262363"", ""133687274"", ""193665572"", ""205019471"", ""194890179"", ""215405343"", ""202650435""]"
none_subset,4,172014008,129527350,4,236,0,0,0,0,0,0,"[""63027674"", ""187964382"", ""145528975"", ""99699218"", ""141130959"", ""29952166"", ""113084668"", ""109285514"", ""171792193"", ""171791158""]"
none_subset,4,208296179,184997997,37,246,0,0,0,0,0,0,"[""182513421"", ""142665464"", ""191911000"", ""68382382"", ""156534483"", ""172191290"", ""190234617"", ""153099679"", ""101192063"", ""195296935""]"
none_subset,4,217618238,188912090,37,2,0,1,1,1,1,1,"[""192456013"", ""188912090"", ""201649016"", ""187502080"", ""191259466"", ""121097766"", ""82620936"", ""208900697"", ""142630827"", ""75362158""]"
none_subset,4,208456944,181755826,37,105,0,0,0,0,0,0,"[""157945105"", ""194884803"", ""138858879"", ""188414894"", ""211094404"", ""142665464"", ""154409188"", ""194389481"", ""184320957"", ""213042728""]"
none_subset,4,223016533,211895860,46,867,0,0,0,0,0,0,"[""161497124"", ""205368126"", ""212685047"", ""207328366"", ""104127006"", ""109663807"", ""160547557"", ""173222203"", ""160255339"", ""172385400""]"
none_subset,4,217669873,199520065,43,338,0,0,0,0,0,0,"[""192529072"", ""195756368"", ""201671217"", ""185851616"", ""211355598"", ""209156407"", ""182746332"", ""198087076"", ""168115086"", ""184875265""]"
none_subset,4,217086778,195170795,43,194,0,0,0,0,0,0,"[""202632009"", ""184633847"", ""184056715"", ""196286515"", ""195756368"", ""198087076"", ""180428174"", ""185851616"", ""188577365"", ""201440672""]"
none_subset,4,73879959,76963567,37,1667,0,0,0,0,0,0,"[""16898206"", ""141382831"", ""205328844"", ""51749408"", ""129112777"", ""147794006"", ""185048961"", ""142630827"", ""121116115"", ""174850296""]"
none_subset,4,176005672,141663938,46,1841,0,0,0,0,0,0,"[""109762523"", ""170790096"", ""179800703"", ""107095516"", ""179384818"", ""159536710"", ""170628503"", ""194750109"", ""194977897"", ""164222847""]"
none_subset,4,218843910,204190038,43,150,0,0,0,0,0,0,"[""194022987"", ""88578062"", ""198322720"", ""211582481"", ""201213450"", ""210958988"", ""187215484"", ""160067277"", ""210822887"", ""165130009""]"
none_subset,4,171956234,145031350,57,5,0,0,1,1,1,1,"[""122751221"", ""206210266"", ""113601078"", ""57499088"", ""145031350"", ""141728487"", ""82247874"", ""115422067"", ""24439761"", ""17825658""]"
none_subset,4,220869576,207833813,4,176,0,0,0,0,0,0,"[""80560830"", ""160129846"", ""195524404"", ""208780104"", ""202571906"", ""205600080"", ""167846611"", ""159400456"", ""215600148"", ""195830492""]"
none_subset,4,211982172,139357935,38,629,0,0,0,0,0,0,"[""161002473"", ""150167398"", ""132991311"", ""147345313"", ""81626812"", ""133301327"", ""74328058"", ""206507354"", ""169452238"", ""184698900""]"
none_subset,4,225233010,214802477,4,15,0,0,0,0,1,1,"[""210550451"", ""206636227"", ""167852505"", ""208780104"", ""173620358"", ""209564520"", ""167846611"", ""189899644"", ""177326361"", ""177558432""]"
none_subset,4,179073322,149484929,64,28,0,0,0,0,1,1,"[""80281524"", ""103416735"", ""188599489"", ""79734724"", ""159020740"", ""91130206"", ""53527257"", ""62604823"", ""181619566"", ""12228373""]"
none_subset,4,171887554,143825464,37,427,0,0,0,0,0,0,"[""212047029"", ""170049514"", ""184920959"", ""188679659"", ""205519279"", ""183923787"", ""153568815"", ""152102790"", ""150433252"", ""186298213""]"
none_subset,4,218059850,202134853,4,56,0,0,0,0,0,0,"[""191437384"", ""214740980"", ""195475614"", ""186392648"", ""204310309"", ""188509360"", ""195426431"", ""169976903"", ""213276860"", ""210014361""]"
none_subset,4,158743654,131992278,4,525,0,0,0,0,0,0,"[""170613385"", ""153417658"", ""180005065"", ""205277943"", ""68173330"", ""75870943"", ""152685161"", ""154444351"", ""207623765"", ""150107268""]"
none_subset,4,154974237,76747946,64,24,0,0,0,0,1,1,"[""113587141"", ""91451711"", ""109320323"", ""126953299"", ""31017779"", ""130875563"", ""157803989"", ""128304968"", ""173699448"", ""111705025""]"
none_subset,4,120798918,108207501,43,245,0,0,0,0,0,0,"[""141052560"", ""112069335"", ""190843616"", ""124759667"", ""164518023"", ""121314084"", ""189847532"", ""149647107"", ""203438993"", ""52112999""]"
none_subset,4,218711794,179610678,46,4,0,0,1,1,1,1,"[""143182122"", ""212530716"", ""147047749"", ""179610678"", ""171227152"", ""28587929"", ""127266574"", ""193567072"", ""205168224"", ""182136657""]"
none_subset,4,209771338,126298952,64,809,0,0,0,0,0,0,"[""131569653"", ""143450620"", ""109320323"", ""139515295"", ""202713543"", ""200497374"", ""212485762"", ""21707133"", ""134302572"", ""82808529""]"
none_subset,4,216811142,187560968,57,912,0,0,0,0,0,0,"[""134898435"", ""204417143"", ""200908206"", ""196862956"", ""200193952"", ""172994991"", ""204720478"", ""196862481"", ""211066095"", ""113082402""]"
none_subset,4,206217300,181915374,4,12,0,0,0,0,1,1,"[""31486566"", ""166156715"", ""164130570"", ""165510803"", ""165023261"", ""200875902"", ""167074809"", ""193831253"", ""49226304"", ""123881493""]"
none_subset,4,44794439,50008637,46,384,0,0,0,0,0,0,"[""77329979"", ""136576031"", ""140861260"", ""130881127"", ""210288248"", ""130443128"", ""45245395"", ""33873883"", ""196814702"", ""181620594""]"
none_subset,4,183039122,153035417,64,791,0,0,0,0,0,0,"[""203544848"", ""150442809"", ""204007990"", ""200485858"", ""210635321"", ""205317332"", ""156783415"", ""124508209"", ""182224096"", ""130896523""]"
none_subset,4,217961343,201925196,46,267,0,0,0,0,0,0,"[""76538488"", ""93122967"", ""207134724"", ""213054921"", ""64629457"", ""200735434"", ""200389859"", ""207061761"", ""205019069"", ""167116086""]"
none_subset,4,211893524,190866330,37,684,0,0,0,0,0,0,"[""213026576"", ""53410176"", ""156583528"", ""139778879"", ""123259140"", ""71957357"", ""188240250"", ""93720497"", ""187443642"", ""141081466""]"
none_subset,4,220165510,204544735,46,896,0,0,0,0,0,0,"[""77329979"", ""130881127"", ""45245395"", ""213225779"", ""163735549"", ""136576031"", ""116968490"", ""213910179"", ""207903447"", ""165704043""]"
none_subset,4,220275954,119210439,64,110,0,0,0,0,0,0,"[""154412302"", ""193734151"", ""213581190"", ""157803989"", ""184089231"", ""158242795"", ""44092132"", ""131413365"", ""126785773"", ""55373470""]"
none_subset,4,221930753,128022852,38,11,0,0,0,0,1,1,"[""135905491"", ""80627012"", ""214520378"", ""102495634"", ""161290599"", ""96363827"", ""48003015"", ""190384477"", ""188649450"", ""180221467""]"
none_subset,4,186748969,155250171,4,1025,0,0,0,0,0,0,"[""176039610"", ""188802396"", ""107528202"", ""167074809"", ""197547141"", ""149909385"", ""177531279"", ""144251877"", ""143874929"", ""156469871""]"
none_subset,4,190801262,84270721,38,48,0,0,0,0,0,1,"[""138606216"", ""203371728"", ""200330435"", ""174358926"", ""104835682"", ""155681117"", ""165747455"", ""131957038"", ""169053066"", ""102161764""]"
none_subset,4,45045424,37161164,64,105,0,0,0,0,0,0,"[""119000250"", ""174095805"", ""151051885"", ""127512781"", ""148497898"", ""115621700"", ""147655965"", ""196347311"", ""187775788"", ""202029162""]"
none_subset,4,224591507,214516118,57,1018,0,0,0,0,0,0,"[""101295733"", ""111557041"", ""130568371"", ""202526079"", ""201469289"", ""192993181"", ""176831577"", ""211383196"", ""167696704"", ""143360433""]"
none_subset,4,198848081,99645029,62,856,0,0,0,0,0,0,"[""150070859"", ""52773606"", ""127488091"", ""76087987"", ""77400137"", ""32200239"", ""92648178"", ""117835777"", ""143139548"", ""177494592""]"
none_subset,4,208482752,185153627,64,39,0,0,0,0,0,1,"[""142231631"", ""72224328"", ""81240114"", ""85531879"", ""165315994"", ""191000780"", ""193734151"", ""150123553"", ""95788322"", ""143226636""]"
none_subset,4,158174064,139073104,4,215,0,0,0,0,0,0,"[""143548483"", ""174891772"", ""167643231"", ""137001312"", ""51992415"", ""202362364"", ""184954811"", ""149759096"", ""155621693"", ""202167018""]"
none_subset,4,207873651,212293518,37,225,0,0,0,0,0,0,"[""195462928"", ""159129159"", ""149248013"", ""81213674"", ""198314449"", ""169494298"", ""117786165"", ""206787843"", ""141976904"", ""133924998""]"
none_subset,4,215617466,192772030,62,261,0,0,0,0,0,0,"[""116117359"", ""211947594"", ""12388144"", ""201810908"", ""190456275"", ""172011253"", ""122174001"", ""124432701"", ""211334137"", ""189900821""]"
none_subset,4,222741930,173657990,64,393,0,0,0,0,0,0,"[""95788322"", ""147948598"", ""154412302"", ""55373470"", ""184089231"", ""193734151"", ""202708178"", ""106247745"", ""203921886"", ""182224096""]"
none_subset,4,148097853,124876427,62,636,0,0,0,0,0,0,"[""198734216"", ""81077749"", ""211638809"", ""200747175"", ""14027620"", ""185409558"", ""178706930"", ""1975349"", ""209844093"", ""134618566""]"
none_subset,4,198298738,169253567,64,532,0,0,0,0,0,0,"[""156194814"", ""194941994"", ""115580201"", ""115621367"", ""138115654"", ""60032340"", ""119643934"", ""201058531"", ""193298062"", ""181619566""]"
none_subset,4,190470259,152369852,37,291,0,0,0,0,0,0,"[""195296935"", ""179751402"", ""169228866"", ""204860223"", ""196367171"", ""191911000"", ""153099679"", ""195583647"", ""154731935"", ""134901665""]"
none_subset,4,204257545,168960925,4,1478,0,0,0,0,0,0,"[""208424495"", ""183689008"", ""208055757"", ""204202021"", ""161205322"", ""212682868"", ""169992252"", ""188321672"", ""181664054"", ""212457708""]"
none_subset,4,168232305,143219721,46,207,0,0,0,0,0,0,"[""203161766"", ""78390422"", ""188974662"", ""84422038"", ""13940893"", ""169081503"", ""210449055"", ""116576279"", ""82040536"", ""136436838""]"
none_subset,4,192374914,99824538,38,5,0,0,1,1,1,1,"[""166298317"", ""169186989"", ""196738406"", ""172870064"", ""99824538"", ""107906676"", ""170764066"", ""180533985"", ""90207738"", ""111431777""]"
none_subset,4,174229052,125242387,37,98,0,0,0,0,0,0,"[""43972733"", ""192380217"", ""93714502"", ""178462679"", ""184692781"", ""169799265"", ""145336514"", ""66708197"", ""98524176"", ""17206468""]"
none_subset,4,139698211,119953689,43,62,0,0,0,0,0,0,"[""181162961"", ""185799642"", ""119499591"", ""167369551"", ""118390825"", ""210561607"", ""212847147"", ""76736407"", ""121414926"", ""165579849""]"
none_subset,4,113476119,101710549,37,184,0,0,0,0,0,0,"[""145112155"", ""122748929"", ""193679263"", ""208900697"", ""164454930"", ""142113211"", ""126447640"", ""16898206"", ""184920959"", ""34493321""]"
none_subset,4,150517658,104621823,57,130,0,0,0,0,0,0,"[""168026327"", ""87360821"", ""135805652"", ""113626263"", ""186151702"", ""213085502"", ""135517724"", ""113661429"", ""86238073"", ""205642823""]"
none_subset,4,184787612,156401201,4,154,0,0,0,0,0,0,"[""144811459"", ""148526912"", ""180266107"", ""207935824"", ""86878993"", ""162653386"", ""105605834"", ""170725190"", ""151356635"", ""157752611""]"
none_subset,4,192758748,129435163,4,68,0,0,0,0,0,0,"[""120663751"", ""148281605"", ""150679730"", ""150252011"", ""184587206"", ""186841122"", ""149599673"", ""119106930"", ""114164900"", ""25513745""]"
none_subset,4,77980090,79930613,62,2488,0,0,0,0,0,0,"[""96744852"", ""82622035"", ""185371912"", ""150061205"", ""85051086"", ""190695823"", ""33292190"", ""194354704"", ""203378428"", ""194855016""]"
none_subset,4,224368165,200983413,62,82,0,0,0,0,0,0,"[""163318703"", ""195545920"", ""173885386"", ""200812154"", ""163318709"", ""127482214"", ""203645491"", ""156333042"", ""125949049"", ""17218907""]"
none_subset,4,193642629,148004279,37,418,0,0,0,0,0,0,"[""128177539"", ""204074550"", ""61710118"", ""163644147"", ""214523405"", ""203829614"", ""146818815"", ""170879853"", ""170049514"", ""103057199""]"
none_subset,4,209818213,181059548,64,322,0,0,0,0,0,0,"[""136600772"", ""97353101"", ""210148884"", ""93630964"", ""142231631"", ""192429012"", ""187406196"", ""179411117"", ""72224328"", ""191710817""]"
none_subset,4,222281877,210666920,64,27,0,0,0,0,1,1,"[""163787427"", ""147671714"", ""192179303"", ""195536773"", ""169931960"", ""210649942"", ""197112426"", ""211889722"", ""196286726"", ""203992364""]"
none_subset,4,152546236,130642042,62,55,0,0,0,0,0,0,"[""73563944"", ""106557292"", ""46446514"", ""84991316"", ""123665712"", ""65307631"", ""146664101"", ""177326283"", ""210228776"", ""110202670""]"
none_subset,4,225336523,213295278,38,455,0,0,0,0,0,0,"[""95323314"", ""148395469"", ""214394715"", ""126012999"", ""159835737"", ""110664117"", ""179876069"", ""127539785"", ""165409487"", ""189593063""]"
none_subset,4,117415907,106212567,43,261,0,0,0,0,0,0,"[""101275830"", ""51516713"", ""140922487"", ""158885545"", ""56084025"", ""146898856"", ""57556019"", ""97205267"", ""87877269"", ""155678818""]"
none_subset,4,218502916,202570543,4,4,0,0,1,1,1,1,"[""131936243"", ""195480266"", ""164258790"", ""202570543"", ""206281257"", ""167937435"", ""149460710"", ""210301282"", ""167442242"", ""204086663""]"
none_subset,4,161939843,131664368,57,2142,0,0,0,0,0,0,"[""210450439"", ""161339845"", ""153835333"", ""128244723"", ""209375474"", ""206792330"", ""203721811"", ""175714996"", ""209364645"", ""205639658""]"
none_subset,4,12125768,10199751,38,1799,0,0,0,0,0,0,"[""167154256"", ""145998937"", ""173793300"", ""127107925"", ""147258738"", ""188520870"", ""156461111"", ""209330718"", ""11921513"", ""168008625""]"
none_subset,4,192950031,18519591,4,2345,0,0,0,0,0,0,"[""155250171"", ""43073275"", ""149390857"", ""128194085"", ""215600148"", ""116204295"", ""147036535"", ""125829483"", ""128961329"", ""187092507""]"
none_subset,4,188057870,153434097,57,277,0,0,0,0,0,0,"[""141989435"", ""86264024"", ""73841445"", ""203413072"", ""122156014"", ""136962225"", ""62330389"", ""209991023"", ""209020978"", ""138995768""]"
none_subset,4,216778927,200441050,37,221,0,0,0,0,0,0,"[""169228866"", ""152555454"", ""160232517"", ""154947799"", ""179751402"", ""73910372"", ""204860223"", ""194373378"", ""123336704"", ""168115320""]"
none_subset,4,209487514,123925115,43,193,0,0,0,0,0,0,"[""207051663"", ""204821849"", ""149017403"", ""197429046"", ""85646132"", ""183640029"", ""139391726"", ""201104864"", ""108781858"", ""190069327""]"
none_subset,4,143189949,123314603,46,1484,0,0,0,0,0,0,"[""114442083"", ""177300409"", ""65660831"", ""104638861"", ""74936221"", ""99908438"", ""165758317"", ""140861260"", ""210373455"", ""145266309""]"
none_subset,4,30542785,32645292,64,547,0,0,0,0,0,0,"[""58475692"", ""49215114"", ""19492405"", ""26075068"", ""35312252"", ""151526168"", ""94673226"", ""142012440"", ""148497898"", ""210873715""]"
none_subset,4,125925327,110540565,4,330,0,0,0,0,0,0,"[""133033147"", ""203341087"", ""104121894"", ""115146729"", ""131060850"", ""103246617"", ""126762069"", ""202545918"", ""173526924"", ""164165331""]"
none_subset,4,221161508,205365317,4,10,0,0,0,1,1,1,"[""187502252"", ""206172053"", ""197294044"", ""13245417"", ""105544053"", ""190530648"", ""122581991"", ""207568797"", ""197857103"", ""205365317""]"
none_subset,4,195093679,167093379,64,1986,0,0,0,0,0,0,"[""124274061"", ""124273952"", ""120966979"", ""214883521"", ""62313025"", ""153356810"", ""137043393"", ""154364197"", ""211228726"", ""148133803""]"
none_subset,4,185207452,150088912,43,159,0,0,0,0,0,0,"[""57750732"", ""183029564"", ""175827163"", ""73260900"", ""76141967"", ""113199180"", ""127000704"", ""158391463"", ""74505132"", ""176475069""]"
none_subset,4,204829216,204576287,57,50,0,0,0,0,0,1,"[""209269586"", ""161339845"", ""209741084"", ""172998313"", ""158499182"", ""211144080"", ""175714996"", ""206515366"", ""209726209"", ""209644299""]"
none_subset,4,217161478,168008625,38,3,0,1,1,1,1,1,"[""195156235"", ""186533660"", ""168008625"", ""165798838"", ""215127574"", ""160303868"", ""113456040"", ""11921513"", ""156904280"", ""211427284""]"
none_subset,4,18109352,11662511,57,569,0,0,0,0,0,0,"[""211148392"", ""78057939"", ""201926544"", ""121902729"", ""82186270"", ""39472658"", ""62330389"", ""105652021"", ""148338437"", ""95852966""]"
none_subset,4,181734587,144976728,37,20,0,0,0,0,1,1,"[""136461731"", ""174852305"", ""213026403"", ""170524883"", ""182254392"", ""126554078"", ""184071121"", ""195701055"", ""143141169"", ""195626822""]"
none_subset,4,182489679,136685850,38,74,0,0,0,0,0,0,"[""152236293"", ""116918686"", ""78137458"", ""94834577"", ""83815570"", ""193744229"", ""202202801"", ""178462865"", ""208225541"", ""172020969""]"
none_subset,4,137577332,117410846,37,188,0,0,0,0,0,0,"[""145502443"", ""10976521"", ""165174023"", ""110465452"", ""150887352"", ""195375302"", ""124537731"", ""175146389"", ""116240817"", ""200025016""]"
none_subset,4,189957316,160247543,64,1048,0,0,0,0,0,0,"[""128217933"", ""201449249"", ""187887134"", ""42887451"", ""153356810"", ""160400188"", ""187330722"", ""201298322"", ""166289001"", ""213581190""]"
none_subset,4,117920506,105652021,57,119,0,0,0,0,0,0,"[""186103660"", ""85942447"", ""163344549"", ""206493285"", ""138406659"", ""48586287"", ""211640040"", ""206553944"", ""99228573"", ""85175186""]"
none_subset,4,210306785,188579852,43,3,0,1,1,1,1,1,"[""182870508"", ""67063550"", ""188579852"", ""138106208"", ""151392250"", ""211526829"", ""179105716"", ""66867545"", ""81706080"", ""173923821""]"
none_subset,4,49475784,49499187,4,94,0,0,0,0,0,0,"[""103376883"", ""161593927"", ""69840720"", ""77682387"", ""199942377"", ""190871924"", ""149095048"", ""184967461"", ""182263629"", ""36482821""]"
none_subset,4,221681530,209156407,43,1906,0,0,0,0,0,0,"[""193482080"", ""197607286"", ""99720576"", ""194288467"", ""205605896"", ""207323334"", ""180157887"", ""78516965"", ""210561607"", ""188398971""]"
none_subset,4,196575776,154163322,46,10,0,0,0,1,1,1,"[""194862890"", ""185043110"", ""79523323"", ""140827649"", ""113591349"", ""79809742"", ""154698834"", ""165223697"", ""181905212"", ""154163322""]"
none_subset,4,125407007,103135887,4,11,0,0,0,0,1,1,"[""138439770"", ""207098872"", ""146144877"", ""210519490"", ""210497898"", ""199019716"", ""207243454"", ""190530648"", ""204210360"", ""206172053""]"
none_subset,4,184242165,146542941,43,741,0,0,0,0,0,0,"[""198423070"", ""179261540"", ""109622560"", ""152263616"", ""186683968"", ""119119405"", ""160542632"", ""112544549"", ""151577913"", ""126415167""]"
none_subset,4,171742724,129452500,37,209,0,0,0,0,0,0,"[""107504819"", ""60946553"", ""208464643"", ""136884669"", ""128885740"", ""126405590"", ""141505308"", ""156940916"", ""144977452"", ""145677384""]"
none_subset,4,96219091,89954196,64,412,0,0,0,0,0,0,"[""193870914"", ""63404553"", ""114420335"", ""155183786"", ""131215451"", ""198417754"", ""103189720"", ""113590277"", ""75327381"", ""151134804""]"
none_subset,4,207037382,182362708,4,50,0,0,0,0,0,1,"[""44858664"", ""50763598"", ""194446742"", ""114282417"", ""194377968"", ""153876637"", ""144251877"", ""194338856"", ""174535187"", ""209700200""]"
none_subset,4,108642962,76074145,37,379,0,0,0,0,0,0,"[""192387012"", ""101351593"", ""192597928"", ""43972733"", ""46694167"", ""120147293"", ""96028215"", ""211554952"", ""184320957"", ""152508279""]"
none_subset,4,207959048,184472730,57,410,0,0,0,0,0,0,"[""204658040"", ""196245087"", ""205321546"", ""176835551"", ""177610534"", ""206408448"", ""156161422"", ""113103076"", ""139112302"", ""180210247""]"
none_subset,4,26729282,25189123,37,46,0,0,0,0,0,1,"[""102340455"", ""183021602"", ""208464643"", ""139307132"", ""99912403"", ""213558645"", ""60946553"", ""188742562"", ""136895908"", ""107504819""]"
none_subset,4,58173335,42842956,37,450,0,0,0,0,0,0,"[""155606960"", ""101318206"", ""161147605"", ""126361288"", ""200025016"", ""152140191"", ""214702437"", ""188742562"", ""143805569"", ""193719358""]"
none_subset,4,224417071,181242432,38,68,0,0,0,0,0,0,"[""203692617"", ""58573176"", ""164618247"", ""198984787"", ""89552272"", ""201030455"", ""98186259"", ""204694707"", ""73863273"", ""142911344""]"
none_subset,4,151725079,128872941,43,34,0,0,0,0,0,1,"[""195408710"", ""204449585"", ""191248601"", ""161117276"", ""119675310"", ""204211869"", ""97240353"", ""170809158"", ""126702260"", ""100333045""]"
none_subset,4,207326571,183542149,4,14,0,0,0,0,1,1,"[""192413607"", ""200860968"", ""200157160"", ""99199501"", ""171567687"", ""194689928"", ""197087229"", ""177402240"", ""72373127"", ""193934711""]"
none_subset,4,211025496,18107447,38,9,0,0,0,1,1,1,"[""133136953"", ""108421334"", ""74273124"", ""194239845"", ""171588996"", ""148700903"", ""38003672"", ""200830087"", ""18107447"", ""151607631""]"
none_subset,4,217030599,82795911,38,514,0,0,0,0,0,0,"[""81220432"", ""193949384"", ""158748191"", ""138353042"", ""113999751"", ""146217898"", ""104506104"", ""183401482"", ""66259210"", ""41040635""]"
none_subset,4,188181546,154236997,43,52,0,0,0,0,0,0,"[""177067604"", ""196069283"", ""123633665"", ""214258455"", ""154766461"", ""158541186"", ""197867680"", ""192774637"", ""148294908"", ""210570556""]"
none_subset,4,73874336,76020654,46,396,0,0,0,0,0,0,"[""176834459"", ""139912235"", ""76493325"", ""201991995"", ""160523276"", ""145084375"", ""208605842"", ""188865413"", ""84439889"", ""173799041""]"
none_subset,4,223336105,201484372,43,364,0,0,0,0,0,0,"[""171833857"", ""73568079"", ""113849955"", ""185822792"", ""75959067"", ""49526180"", ""159358087"", ""145112504"", ""70531248"", ""150088912""]"
none_subset,4,172573588,140685496,57,444,0,0,0,0,0,0,"[""182367509"", ""109983619"", ""167001981"", ""113655478"", ""208038695"", ""203703634"", ""174045320"", ""171536144"", ""176713188"", ""130340352""]"
none_subset,4,207694155,175183352,38,352,0,0,0,0,0,0,"[""177206358"", ""207903647"", ""145961457"", ""191080128"", ""203703372"", ""132005414"", ""132991311"", ""138465835"", ""130737214"", ""171057004""]"
none_subset,4,207447521,183684975,38,2479,0,0,0,0,0,0,"[""202126935"", ""130737214"", ""94794120"", ""174760342"", ""190384477"", ""193907312"", ""206728210"", ""207911331"", ""83451778"", ""193591162""]"
none_subset,4,121281492,101816357,62,200,0,0,0,0,0,0,"[""86925187"", ""186790061"", ""79930613"", ""10132068"", ""204737909"", ""150251996"", ""199527738"", ""57745589"", ""72569113"", ""89381373""]"
none_subset,4,146254725,120966979,64,210,0,0,0,0,0,0,"[""124192379"", ""198417754"", ""103124712"", ""129480867"", ""195826161"", ""182400532"", ""182762792"", ""149253481"", ""110653495"", ""203544848""]"
none_subset,4,224706887,213532039,4,15,0,0,0,0,1,1,"[""199478511"", ""133868832"", ""181068928"", ""202001381"", ""165742976"", ""210303017"", ""103984598"", ""195617414"", ""203618170"", ""169468429""]"
none_subset,4,178855451,137171317,46,364,0,0,0,0,0,0,"[""152763272"", ""114654675"", ""207529569"", ""176834459"", ""159536710"", ""107095516"", ""132867538"", ""109762523"", ""206843208"", ""173570492""]"
none_subset,4,217105883,81054083,64,803,0,0,0,0,0,0,"[""129093190"", ""92189436"", ""53453982"", ""128217933"", ""201449249"", ""187172686"", ""193072604"", ""157803989"", ""201298322"", ""146479418""]"
none_subset,4,176809832,145961457,38,121,0,0,0,0,0,0,"[""131346710"", ""118437549"", ""186173164"", ""209064279"", ""125496543"", ""83451778"", ""197527964"", ""170448238"", ""161002473"", ""183904957""]"
none_subset,4,131680025,116100429,46,292,0,0,0,0,0,0,"[""213196140"", ""194051265"", ""137997014"", ""138486785"", ""180874783"", ""170959816"", ""105380747"", ""51932653"", ""173450384"", ""132957109""]"
none_subset,4,70823902,74505132,43,762,0,0,0,0,0,0,"[""204449585"", ""111684767"", ""128872941"", ""121165459"", ""135449802"", ""191248601"", ""150794676"", ""101683090"", ""170523305"", ""172946257""]"
none_subset,4,193646776,165824431,37,6,0,0,0,1,1,1,"[""190511714"", ""33563950"", ""184297463"", ""73910372"", ""209172335"", ""165824431"", ""193680819"", ""201742088"", ""200278482"", ""191434197""]"
none_subset,4,198154959,165953966,46,151,0,0,0,0,0,0,"[""105064166"", ""193559506"", ""160110731"", ""192342929"", ""21000985"", ""158806989"", ""214464211"", ""209163866"", ""198984808"", ""142537342""]"
none_subset,4,210635666,160101192,38,1415,0,0,0,0,0,0,"[""111085092"", ""123220669"", ""183569499"", ""215150803"", ""200830087"", ""159864740"", ""38003672"", ""202182110"", ""193797330"", ""207664747""]"
none_subset,4,207875176,183998344,64,196,0,0,0,0,0,0,"[""192225398"", ""201344830"", ""194031832"", ""132143736"", ""209836031"", ""166660652"", ""211115970"", ""155213340"", ""209830030"", ""189201230""]"
none_subset,4,92271469,31486566,4,61,0,0,0,0,0,0,"[""27693819"", ""197294044"", ""169697872"", ""16813724"", ""146961197"", ""195895955"", ""65093674"", ""213979278"", ""67745233"", ""90931027""]"
none_subset,4,69301721,67476398,43,643,0,0,0,0,0,0,"[""196291255"", ""124512787"", ""207172875"", ""132793063"", ""153591399"", ""193313194"", ""16074591"", ""86466727"", ""167043645"", ""144482097""]"
none_subset,4,181215991,153410659,4,5,0,0,1,1,1,1,"[""185360306"", ""202571906"", ""213696130"", ""151451581"", ""153410659"", ""215305148"", ""195744792"", ""208780104"", ""212392746"", ""205600080""]"
none_subset,4,214070603,194734082,62,1698,0,0,0,0,0,0,"[""127168363"", ""144501764"", ""144002826"", ""206927728"", ""212901239"", ""131320559"", ""142232671"", ""176461236"", ""183508594"", ""21766299""]"
none_subset,4,139917419,114685239,43,685,0,0,0,0,0,0,"[""156158793"", ""106212567"", ""190006266"", ""125361053"", ""75839915"", ""192528335"", ""141669650"", ""151315223"", ""46154800"", ""158317587""]"
none_subset,4,189618304,147755307,64,23,0,0,0,0,1,1,"[""202708847"", ""203403083"", ""200004707"", ""161581546"", ""59982269"", ""115774096"", ""151821517"", ""60260391"", ""85660594"", ""194094670""]"
none_subset,4,223485420,203454842,43,132,0,0,0,0,0,0,"[""67909736"", ""167353972"", ""95818019"", ""169966782"", ""204449585"", ""191583920"", ""178833613"", ""195866072"", ""139780746"", ""180465465""]"
none_subset,4,168169889,78642212,37,563,0,0,0,0,0,0,"[""161194648"", ""184899990"", ""183797214"", ""151617295"", ""103432765"", ""116929460"", ""207755116"", ""169799464"", ""121642534"", ""126447640""]"
none_subset,4,162364932,106343634,43,2209,0,0,0,0,0,0,"[""4674477"", ""86885256"", ""67021588"", ""188810945"", ""121165459"", ""144628962"", ""178276896"", ""94195633"", ""80700126"", ""141669650""]"
none_subset,4,218839915,202818209,4,1316,0,0,0,0,0,0,"[""150204940"", ""181909843"", ""179585446"", ""187320580"", ""126576121"", ""168532419"", ""157092256"", ""206288930"", ""185071400"", ""197455821""]"
none_subset,4,135611244,108051613,64,27,0,0,0,0,1,1,"[""104470943"", ""168897618"", ""204286460"", ""94996847"", ""130094229"", ""48498052"", ""114231099"", ""141435492"", ""84069250"", ""65008207""]"
none_subset,4,174172764,143139548,62,157,0,0,0,0,0,0,"[""125457528"", ""211690905"", ""127488091"", ""212334345"", ""148871348"", ""182479029"", ""173383036"", ""170263816"", ""108780050"", ""132102628""]"
none_subset,4,193288803,165910240,4,887,0,0,0,0,0,0,"[""207143420"", ""163340296"", ""213127345"", ""215198902"", ""65093674"", ""186739934"", ""190503853"", ""191246391"", ""189202376"", ""207099729""]"
none_subset,4,181708531,150920816,4,16,0,0,0,0,1,1,"[""199921056"", ""195751544"", ""185880119"", ""130299986"", ""196849929"", ""182294617"", ""213815291"", ""192424356"", ""146249483"", ""170513678""]"
none_subset,4,225333666,108214208,46,1331,0,0,0,0,0,0,"[""158946684"", ""201215254"", ""139649558"", ""192342929"", ""86091554"", ""177591787"", ""172518234"", ""16339902"", ""129089284"", ""206745230""]"
none_subset,4,207589915,183295863,43,22,0,0,0,0,1,1,"[""205605896"", ""141417624"", ""147117418"", ""188398971"", ""197607286"", ""78516965"", ""186403472"", ""193482080"", ""87001748"", ""213210833""]"
none_subset,4,175289913,145402193,62,385,0,0,0,0,0,0,"[""106557292"", ""123665712"", ""190418447"", ""73563944"", ""141918937"", ""195842978"", ""27811914"", ""141754702"", ""136886323"", ""57745589""]"
none_subset,4,221725055,204086663,4,56,0,0,0,0,0,0,"[""207985124"", ""208424495"", ""185133383"", ""174589045"", ""212086988"", ""169992252"", ""204202021"", ""215580451"", ""169976903"", ""191301984""]"
none_subset,4,140509426,123537400,43,218,0,0,0,0,0,0,"[""203417954"", ""171866283"", ""188409353"", ""55984729"", ""115302143"", ""120673072"", ""189841221"", ""88928057"", ""204265427"", ""201013343""]"
none_subset,4,143006205,121639115,38,1732,0,0,0,0,0,0,"[""98186259"", ""198984787"", ""193252013"", ""89552272"", ""171755799"", ""201030455"", ""76978137"", ""194792335"", ""122560021"", ""142911344""]"
none_subset,4,173539915,106919910,46,9,0,0,0,1,1,1,"[""178086628"", ""159049004"", ""205295168"", ""167800204"", ""208458622"", ""7135475"", ""208805779"", ""204899704"", ""106919910"", ""204919891""]"
none_subset,4,207681795,183858161,4,1749,0,0,0,0,0,0,"[""77682387"", ""153876637"", ""50750891"", ""199942377"", ""158581056"", ""190871924"", ""194877640"", ""3191876"", ""154031903"", ""122758097""]"
none_subset,4,84666016,79487599,38,492,0,0,0,0,0,0,"[""111431777"", ""181391982"", ""201994268"", ""48122067"", ""82057494"", ""170764066"", ""116558662"", ""166298317"", ""206277956"", ""104770507""]"
none_subset,4,218410318,198339576,57,12,0,0,0,0,1,1,"[""189624094"", ""198700939"", ""211114221"", ""172564451"", ""168668833"", ""203365566"", ""213085507"", ""209818940"", ""182623124"", ""154105888""]"
none_subset,4,222881169,211601112,43,1622,0,0,0,0,0,0,"[""117984925"", ""54249020"", ""188810945"", ""86370719"", ""94195633"", ""90355123"", ""212847147"", ""67021588"", ""150825286"", ""126851290""]"
none_subset,4,30460453,27886169,57,47,0,0,0,0,0,1,"[""180417908"", ""153865654"", ""201144087"", ""132769262"", ""12178696"", ""180470536"", ""46161795"", ""138406659"", ""157231058"", ""51095537""]"
none_subset,4,209663181,187096708,4,207,0,0,0,0,0,0,"[""183252412"", ""189901460"", ""153928357"", ""160129846"", ""192316575"", ""193843184"", ""191216846"", ""190495475"", ""210958855"", ""206940426""]"
none_subset,4,174792946,141087005,38,1663,0,0,0,0,0,0,"[""147242050"", ""64731721"", ""124411174"", ""70632567"", ""145782832"", ""188228397"", ""111373874"", ""118659816"", ""88830973"", ""209330718""]"
none_subset,4,224895620,212906250,62,583,0,0,0,0,0,0,"[""58086605"", ""180167452"", ""194230029"", ""128732740"", ""209579537"", ""167750528"", ""193705208"", ""207078341"", ""162672578"", ""109150943""]"
none_subset,4,213176528,193006708,62,4,0,0,1,1,1,1,"[""191211417"", ""179248067"", ""179064472"", ""193006708"", ""192522899"", ""124000667"", ""194327884"", ""185125027"", ""161652558"", ""164876968""]"
none_subset,4,206562248,180936569,4,1118,0,0,0,0,0,0,"[""160129846"", ""73825216"", ""153928357"", ""117471262"", ""189901460"", ""160260159"", ""188074441"", ""178139392"", ""192331154"", ""186930348""]"
none_subset,4,66843934,72626014,4,171,0,0,0,0,0,0,"[""19861371"", ""204147907"", ""153876637"", ""154031903"", ""44842674"", ""186179720"", ""149909385"", ""181672704"", ""126241663"", ""144251877""]"
none_subset,4,60088613,61834333,62,984,0,0,0,0,0,0,"[""180001774"", ""197129044"", ""4357432"", ""122973055"", ""72763415"", ""125457528"", ""146789147"", ""188189839"", ""137665706"", ""194290546""]"
none_subset,4,124442497,98571285,64,247,0,0,0,0,0,0,"[""68788331"", ""159354842"", ""138404501"", ""182760446"", ""188536293"", ""152212755"", ""130210660"", ""70397289"", ""150390573"", ""65008207""]"
none_subset,4,190839371,155360700,64,47,0,0,0,0,0,1,"[""90897593"", ""105879570"", ""186850320"", ""46094230"", ""97428675"", ""187708913"", ""80098795"", ""186122058"", ""195227005"", ""127488045""]"
none_subset,4,218856479,201961238,46,313,0,0,0,0,0,0,"[""191070592"", ""123063424"", ""180613841"", ""177423877"", ""80808588"", ""211380085"", ""210626515"", ""89473970"", ""143853422"", ""193095250""]"
none_subset,4,222643927,200883540,43,80,0,0,0,0,0,0,"[""198985502"", ""180157887"", ""202233335"", ""210446456"", ""193444926"", ""210561607"", ""188577365"", ""207323334"", ""139057092"", ""118390825""]"
none_subset,4,62668453,43248546,62,94,0,0,0,0,0,0,"[""192396971"", ""195015114"", ""175893857"", ""25260455"", ""190708058"", ""57861067"", ""158763261"", ""205608634"", ""192653562"", ""136598057""]"
none_subset,4,184230274,151064154,64,599,0,0,0,0,0,0,"[""46094230"", ""80281524"", ""186122058"", ""159020740"", ""25588585"", ""187708913"", ""168668432"", ""201421429"", ""60032340"", ""144339648""]"
none_subset,4,170473770,142088856,57,2450,0,0,0,0,0,0,"[""215562071"", ""213078674"", ""111557041"", ""172059758"", ""165054297"", ""214059340"", ""213502972"", ""197765268"", ""130568371"", ""127821311""]"
none_subset,4,203340424,150950507,37,6,0,0,0,1,1,1,"[""172603509"", ""147309436"", ""143865659"", ""92247640"", ""201505284"", ""150950507"", ""51749408"", ""128979302"", ""205328844"", ""192163385""]"
none_subset,4,199389071,163402666,43,658,0,0,0,0,0,0,"[""134678718"", ""126470047"", ""75802625"", ""213210833"", ""75083855"", ""210534170"", ""194500859"", ""76510127"", ""164991678"", ""122820009""]"
none_subset,4,220589904,125083388,57,921,0,0,0,0,0,0,"[""73841445"", ""110548220"", ""173807681"", ""160823099"", ""62330389"", ""129568269"", ""84818159"", ""121902729"", ""110871984"", ""75208559""]"
none_subset,4,151568193,130806896,37,216,0,0,0,0,0,0,"[""157270034"", ""180409690"", ""60964945"", ""195301608"", ""173499684"", ""159020956"", ""140706897"", ""174772190"", ""184272506"", ""205465612""]"
none_subset,4,136989307,110288630,43,495,0,0,0,0,0,0,"[""146898856"", ""99992649"", ""123492526"", ""192784424"", ""97625037"", ""91477618"", ""68189198"", ""192574680"", ""160295191"", ""159960194""]"
none_subset,4,218056967,199424998,57,285,0,0,0,0,0,0,"[""145955425"", ""210969230"", ""180448567"", ""211047562"", ""66493408"", ""155345748"", ""200193952"", ""159050136"", ""210399533"", ""214349938""]"
none_subset,4,172591982,132868443,64,412,0,0,0,0,0,0,"[""142119938"", ""73923102"", ""108096010"", ""122391520"", ""182762792"", ""105144259"", ""156951305"", ""32252174"", ""209711556"", ""67998486""]"
none_subset,4,201836453,172313882,57,160,0,0,0,0,0,0,"[""179056181"", ""14421433"", ""59034938"", ""138002351"", ""123063081"", ""162086507"", ""44099846"", ""126998691"", ""102144770"", ""102943531""]"
none_subset,4,68003263,73501307,62,148,0,0,0,0,0,0,"[""106557292"", ""94546694"", ""110202670"", ""123665712"", ""57745589"", ""73563944"", ""152815967"", ""50662129"", ""210678182"", ""121324475""]"
none_subset,4,211109558,184383180,43,241,0,0,0,0,0,0,"[""163286400"", ""204821849"", ""112624655"", ""202516482"", ""178871976"", ""157995027"", ""144167451"", ""103490970"", ""157682449"", ""172028249""]"
none_subset,4,212622062,147554849,64,84,0,0,0,0,0,0,"[""160006498"", ""128617251"", ""188442124"", ""84069250"", ""114231099"", ""189932460"", ""135996572"", ""47318174"", ""203217424"", ""183213131""]"
none_subset,4,222260160,180280221,57,40,0,0,0,0,0,1,"[""210193690"", ""210840925"", ""210160297"", ""79527310"", ""210561069"", ""209017000"", ""179747268"", ""211144080"", ""211475673"", ""180755252""]"
none_subset,4,77174414,75061598,62,509,0,0,0,0,0,0,"[""25260455"", ""100144178"", ""172904337"", ""140609707"", ""32645477"", ""190708058"", ""140687112"", ""74594625"", ""192396971"", ""108092106""]"
none_subset,4,168909992,67839146,4,353,0,0,0,0,0,0,"[""200691824"", ""197475541"", ""146628629"", ""137934343"", ""207968393"", ""87832508"", ""65093674"", ""169964492"", ""179258061"", ""179962753""]"
none_subset,4,175122358,143506887,46,833,0,0,0,0,0,0,"[""208458622"", ""208503568"", ""179440577"", ""210582711"", ""204919891"", ""213978791"", ""208805779"", ""210373455"", ""212306388"", ""178086628""]"
none_subset,4,189874544,159723912,38,1006,0,0,0,0,0,0,"[""161128754"", ""126884451"", ""109987226"", ""213761986"", ""116918686"", ""92430066"", ""151931969"", ""156263699"", ""17181391"", ""120710159""]"
none_subset,4,171071618,129522432,46,1307,0,0,0,0,0,0,"[""140861260"", ""116259633"", ""130881127"", ""45245395"", ""26203301"", ""111956915"", ""130514762"", ""127761298"", ""47486707"", ""106929021""]"
none_subset,4,191924106,157289534,43,25,0,0,0,0,1,1,"[""127321663"", ""214285576"", ""18269900"", ""186549940"", ""207021897"", ""188561727"", ""129585321"", ""206389196"", ""114163759"", ""167623966""]"
none_subset,4,206362413,172681042,46,2206,0,0,0,0,0,0,"[""210288248"", ""108479850"", ""211267103"", ""87748960"", ""205769669"", ""140861260"", ""139629122"", ""130881127"", ""130443128"", ""160007768""]"
none_subset,4,201633160,161849641,43,12,0,0,0,0,1,1,"[""78183771"", ""151666642"", ""182612609"", ""50642607"", ""138106208"", ""127006553"", ""139572029"", ""86316695"", ""203668670"", ""117294409""]"
none_subset,4,95542639,84315130,64,243,0,0,0,0,0,0,"[""203544848"", ""80281524"", ""201421429"", ""79234720"", ""128617251"", ""159020740"", ""183213131"", ""105652723"", ""188599489"", ""147554849""]"
none_subset,4,214369799,195227005,64,255,0,0,0,0,0,0,"[""143686140"", ""67792301"", ""189988059"", ""155021743"", ""144799035"", ""194651505"", ""111626622"", ""70627695"", ""110602938"", ""124461680""]"
none_subset,4,174471635,145768091,38,532,0,0,0,0,0,0,"[""127539785"", ""110664117"", ""174530040"", ""191338884"", ""213205324"", ""140138816"", ""130075591"", ""154112907"", ""120618466"", ""189593063""]"
none_subset,4,135257569,112322089,43,20,0,0,0,0,1,1,"[""163505137"", ""154237024"", ""128249636"", ""168991783"", ""201334790"", ""142567313"", ""186098084"", ""91544773"", ""105238183"", ""209931765""]"
none_subset,4,130636449,114160813,4,1013,0,0,0,0,0,0,"[""207143420"", ""213127345"", ""154267881"", ""65093674"", ""195543776"", ""207097865"", ""207099729"", ""210573149"", ""215198902"", ""72626014""]"
none_subset,4,15177212,7603895,38,1697,0,0,0,0,0,0,"[""136204876"", ""203702170"", ""89532322"", ""171588996"", ""212701168"", ""185164362"", ""114655712"", ""55870666"", ""124169140"", ""105898974""]"
none_subset,4,52603642,31883136,4,322,0,0,0,0,0,0,"[""157103009"", ""52380679"", ""158607543"", ""151356635"", ""158097383"", ""88932849"", ""191461282"", ""115348570"", ""156382700"", ""94286928""]"
none_subset,4,181183071,145455711,62,2432,0,0,0,0,0,0,"[""199527738"", ""79930613"", ""150251996"", ""86925187"", ""198271640"", ""89381373"", ""10132068"", ""71186483"", ""186790061"", ""57612738""]"
none_subset,4,142920094,124997135,46,1009,0,0,0,0,0,0,"[""187714756"", ""142789905"", ""57427713"", ""151511658"", ""64629457"", ""113000796"", ""197859726"", ""170352052"", ""174549866"", ""89045186""]"
none_subset,4,221966322,210148578,57,4,0,0,1,1,1,1,"[""210472448"", ""203585740"", ""171157628"", ""210148578"", ""129142528"", ""206066236"", ""200031767"", ""211480789"", ""189624094"", ""188906002""]"
none_subset,4,210311625,188128198,64,40,0,0,0,0,0,1,"[""90897593"", ""181619566"", ""187708913"", ""146444401"", ""19607163"", ""147984435"", ""194941994"", ""128607088"", ""187716249"", ""124198714""]"
none_subset,4,208642516,181658560,4,169,0,0,0,0,0,0,"[""191909632"", ""192473388"", ""201469264"", ""188074441"", ""117471262"", ""190789377"", ""149247164"", ""143929940"", ""160129846"", ""193189431""]"
none_subset,4,210355887,159111889,4,31,0,0,0,0,0,1,"[""139852579"", ""150679730"", ""162058011"", ""120663751"", ""191695909"", ""191214295"", ""200963901"", ""12396291"", ""138975756"", ""184087480""]"
none_subset,4,195643138,153364732,38,2301,0,0,0,0,0,0,"[""139423553"", ""128049462"", ""158650746"", ""156645031"", ""122177579"", ""183401482"", ""149292121"", ""138353042"", ""104506104"", ""145768091""]"
none_subset,4,218562162,203803641,37,1064,0,0,0,0,0,0,"[""213318077"", ""208141913"", ""195908286"", ""183693328"", ""187324915"", ""123971162"", ""175852737"", ""192617496"", ""187543270"", ""209154292""]"
none_subset,4,193209414,150433252,37,568,0,0,0,0,0,0,"[""17206468"", ""190113798"", ""146272807"", ""173645815"", ""113557409"", ""159574917"", ""159657746"", ""132864050"", ""51471196"", ""126554078""]"
none_subset,4,215148607,192456013,37,7,0,0,0,1,1,1,"[""201649016"", ""186811713"", ""191538851"", ""199287233"", ""190788965"", ""193730114"", ""192456013"", ""206302770"", ""209154292"", ""211802210""]"
none_subset,4,82009373,82732179,38,302,0,0,0,0,0,0,"[""177027866"", ""57288486"", ""46449031"", ""152095341"", ""172844872"", ""156424467"", ""98526198"", ""107880171"", ""74162023"", ""192721742""]"
none_subset,4,225168942,203537664,4,1,1,1,1,1,1,1,"[""203537664"", ""105240256"", ""17083624"", ""146357422"", ""168012970"", ""182903930"", ""173611156"", ""184090522"", ""78836369"", ""211027940""]"
none_subset,4,110842833,100829470,64,389,0,0,0,0,0,0,"[""209726301"", ""193656471"", ""206133696"", ""191930990"", ""191790077"", ""193738837"", ""166840834"", ""196368309"", ""206276658"", ""174233976""]"
none_subset,4,201091097,171087357,38,222,0,0,0,0,0,0,"[""115216449"", ""112658377"", ""145871617"", ""147913145"", ""130421231"", ""159174919"", ""158118726"", ""195269238"", ""148360645"", ""197433311""]"
none_subset,4,180275335,126534292,43,1044,0,0,0,0,0,0,"[""187766426"", ""192287850"", ""197580291"", ""132707717"", ""190076056"", ""67208060"", ""93370908"", ""139853041"", ""197634421"", ""201441807""]"
none_subset,4,207552622,183766098,43,48,0,0,0,0,0,1,"[""201905433"", ""188577365"", ""196286515"", ""184633847"", ""180157887"", ""198087076"", ""210561607"", ""201440672"", ""185851616"", ""192493949""]"
none_subset,4,215096062,194235169,57,118,0,0,0,0,0,0,"[""159881542"", ""41397459"", ""120012296"", ""56924514"", ""207389160"", ""112971301"", ""37599926"", ""77758551"", ""53594227"", ""180305305""]"
none_subset,4,212439645,206673825,46,181,0,0,0,0,0,0,"[""99580799"", ""111956915"", ""172696525"", ""199954459"", ""105678196"", ""140861260"", ""127761298"", ""130881127"", ""126063597"", ""210902832""]"
none_subset,4,221703068,173447641,64,65,0,0,0,0,0,0,"[""171898096"", ""211309611"", ""211179127"", ""200974603"", ""211171973"", ""56833135"", ""134305173"", ""209697377"", ""169353292"", ""200969900""]"
none_subset,4,176526310,143605523,57,140,0,0,0,0,0,0,"[""204417143"", ""125339147"", ""99300303"", ""200462582"", ""86771304"", ""207769586"", ""138406659"", ""122408162"", ""131667486"", ""208033509""]"
none_subset,4,189188950,160181087,37,1623,0,0,0,0,0,0,"[""148592059"", ""126554078"", ""183777475"", ""143946320"", ""169268977"", ""192597928"", ""84948088"", ""192387012"", ""152140191"", ""23924949""]"
none_subset,4,225328238,214733871,4,457,0,0,0,0,0,0,"[""200439718"", ""187408602"", ""181646106"", ""65093674"", ""119654700"", ""152685161"", ""197475541"", ""17083624"", ""207143420"", ""32220775""]"
none_subset,4,168011617,139490116,43,1927,0,0,0,0,0,0,"[""118255723"", ""210940174"", ""132793063"", ""193313194"", ""129483238"", ""151416547"", ""164870997"", ""33852949"", ""143989763"", ""139796131""]"
none_subset,4,215899991,168105869,38,658,0,0,0,0,0,0,"[""188963004"", ""23348079"", ""151483185"", ""153901522"", ""154107984"", ""155332547"", ""151307252"", ""121028401"", ""154880168"", ""105651656""]"
none_subset,4,187060472,118284407,64,23,0,0,0,0,1,1,"[""194094670"", ""204824313"", ""179201033"", ""149715107"", ""138800320"", ""162661871"", ""105267083"", ""156885595"", ""62550428"", ""109321941""]"
none_subset,4,199521963,173374144,4,669,0,0,0,0,0,0,"[""142553971"", ""209174117"", ""86878993"", ""76515539"", ""207316494"", ""165467719"", ""215487098"", ""209607188"", ""107717290"", ""211845271""]"
none_subset,4,141423267,120893128,37,4,0,0,1,1,1,1,"[""149498553"", ""161632409"", ""189381669"", ""120893128"", ""105970731"", ""66740441"", ""109130798"", ""29496516"", ""21114364"", ""5322119""]"
none_subset,4,190661639,163146833,37,312,0,0,0,0,0,0,"[""210502009"", ""148515955"", ""123163900"", ""159707679"", ""99494874"", ""116930061"", ""102688777"", ""153111696"", ""127087324"", ""162391837""]"
none_subset,4,181361798,143875665,43,613,0,0,0,0,0,0,"[""203849841"", ""209388269"", ""140572132"", ""206968122"", ""201904386"", ""160100913"", ""138762038"", ""184693526"", ""187123822"", ""51558843""]"
none_subset,4,224077867,206921287,46,916,0,0,0,0,0,0,"[""174610357"", ""109632736"", ""161007649"", ""136320022"", ""109531052"", ""174530579"", ""211028341"", ""171164335"", ""205184298"", ""172815469""]"
none_subset,4,152683770,127047625,43,355,0,0,0,0,0,0,"[""101275830"", ""4674477"", ""87877269"", ""51516713"", ""56084025"", ""97205267"", ""94325948"", ""39344788"", ""214850326"", ""201092460""]"
none_subset,4,216016642,170416318,64,22,0,0,0,0,1,1,"[""183563770"", ""1943884"", ""141045171"", ""159354842"", ""195252134"", ""140138472"", ""62091212"", ""54856875"", ""73787680"", ""190078570""]"
none_subset,4,60102779,64725135,62,230,0,0,0,0,0,0,"[""145492438"", ""45997741"", ""78481865"", ""187207232"", ""70069885"", ""178964015"", ""85137253"", ""147831197"", ""160036757"", ""166108651""]"
none_subset,4,213455053,190308923,64,1899,0,0,0,0,0,0,"[""122395189"", ""193870914"", ""116370931"", ""143686140"", ""191305321"", ""198047155"", ""138322181"", ""194651505"", ""209791442"", ""209176271""]"
none_subset,4,192031219,143134097,37,1731,0,0,0,0,0,0,"[""157242955"", ""202857509"", ""145502443"", ""125877587"", ""182251088"", ""144537637"", ""149298273"", ""143849339"", ""129783503"", ""177737543""]"
none_subset,4,222675305,211141745,46,64,0,0,0,0,0,0,"[""210856802"", ""209482743"", ""210498678"", ""212261718"", ""207227762"", ""171636556"", ""201436985"", ""177962710"", ""208956852"", ""212730825""]"
none_subset,4,223970896,201593808,46,36,0,0,0,0,0,1,"[""195661570"", ""162783785"", ""154163322"", ""173106990"", ""113117731"", ""207173393"", ""146688494"", ""209175470"", ""199271283"", ""210802638""]"
none_subset,4,191904523,87987044,43,327,0,0,0,0,0,0,"[""160058303"", ""164285938"", ""210570556"", ""102049448"", ""177067604"", ""198078019"", ""169194192"", ""160712589"", ""154216019"", ""125529231""]"
none_subset,4,220147780,204264183,43,2,0,1,1,1,1,1,"[""205346867"", ""204264183"", ""132072123"", ""199822165"", ""205021454"", ""176520859"", ""145672403"", ""52880574"", ""166301530"", ""209622362""]"
none_subset,4,207294174,124648849,64,484,0,0,0,0,0,0,"[""151526168"", ""97354544"", ""196347311"", ""204754543"", ""208220087"", ""201421429"", ""174095805"", ""123687478"", ""86761543"", ""63474547""]"
none_subset,4,61090990,64528586,38,321,0,0,0,0,0,0,"[""215127574"", ""211427284"", ""186533660"", ""195156235"", ""210249861"", ""157714512"", ""156904280"", ""168008625"", ""165798838"", ""126776975""]"
none_subset,4,222031920,210169790,4,3,0,1,1,1,1,1,"[""75386523"", ""51992415"", ""210169790"", ""90951087"", ""210517999"", ""167564443"", ""202167018"", ""65403002"", ""164949793"", ""76883392""]"
none_subset,4,200281730,146978431,43,7,0,0,0,1,1,1,"[""66867545"", ""182870508"", ""67063550"", ""197607286"", ""179105716"", ""138106208"", ""146978431"", ""151392250"", ""211526829"", ""188579852""]"
none_subset,4,188545297,159881542,57,1,1,1,1,1,1,1,"[""159881542"", ""37599926"", ""41397459"", ""120012296"", ""117615208"", ""51949929"", ""27828345"", ""112971301"", ""207389160"", ""16910042""]"
none_subset,4,225336220,213493571,37,790,0,0,0,0,0,0,"[""158117230"", ""188967908"", ""202547182"", ""201751423"", ""180932797"", ""127630597"", ""120893128"", ""152762226"", ""214702437"", ""133932837""]"
none_subset,4,222464033,209731990,57,22,0,0,0,0,1,1,"[""52498980"", ""209726587"", ""173797071"", ""205233758"", ""209066709"", ""201084593"", ""210472458"", ""206821512"", ""212206681"", ""208607371""]"
none_subset,4,173202397,143762098,4,101,0,0,0,0,0,0,"[""184232332"", ""153111279"", ""196176687"", ""152566280"", ""125829483"", ""128194085"", ""130299986"", ""160037231"", ""115442302"", ""133977293""]"
none_subset,4,200110560,139423553,38,1206,0,0,0,0,0,0,"[""158453764"", ""98477697"", ""213553012"", ""138465835"", ""133939663"", ""181177544"", ""165955684"", ""123167065"", ""159864740"", ""193393909""]"
none_subset,4,222576969,205486444,4,38,0,0,0,0,0,1,"[""210550451"", ""203466268"", ""211858811"", ""209564520"", ""212316416"", ""212482379"", ""198087841"", ""207985124"", ""212682868"", ""188509360""]"
none_subset,4,201861045,163827058,43,367,0,0,0,0,0,0,"[""147117418"", ""151416547"", ""141417624"", ""144482097"", ""50642607"", ""70425482"", ""144463129"", ""181955635"", ""136615619"", ""113309612""]"
none_subset,4,143066951,123461456,4,108,0,0,0,0,0,0,"[""117771611"", ""154203183"", ""185262753"", ""88061241"", ""180940683"", ""167168943"", ""143762098"", ""155460756"", ""77770612"", ""175423172""]"
none_subset,4,222295119,210698206,46,75,0,0,0,0,0,0,"[""138254448"", ""109790613"", ""116968490"", ""83762138"", ""201469244"", ""139629122"", ""35845876"", ""142607225"", ""213225779"", ""213910179""]"
none_subset,4,127107551,81216321,46,184,0,0,0,0,0,0,"[""209924661"", ""81754384"", ""153467283"", ""52121794"", ""207308677"", ""213234426"", ""192689229"", ""191221232"", ""202809008"", ""52432861""]"
none_subset,4,206629394,181731983,46,3,0,1,1,1,1,1,"[""136320022"", ""174610357"", ""181731983"", ""78566379"", ""161007649"", ""205395255"", ""211028341"", ""76658512"", ""144431749"", ""162441399""]"
none_subset,4,217316035,201461478,37,423,0,0,0,0,0,0,"[""210226726"", ""82620936"", ""116930061"", ""201576605"", ""210502009"", ""205300777"", ""201649016"", ""101192063"", ""180219456"", ""181022161""]"
none_subset,4,184697794,156295124,37,805,0,0,0,0,0,0,"[""103057199"", ""157022245"", ""166075041"", ""134610044"", ""146818815"", ""170049514"", ""193679263"", ""121116115"", ""128177539"", ""99494874""]"
none_subset,4,217902820,202548043,64,383,0,0,0,0,0,0,"[""121322111"", ""166840834"", ""187029541"", ""84315130"", ""211959757"", ""192611577"", ""193656471"", ""194031832"", ""211882934"", ""210055173""]"
none_subset,4,186431322,155610275,46,6,0,0,0,1,1,1,"[""214989922"", ""155710762"", ""126929494"", ""180804264"", ""193636178"", ""155610275"", ""170915583"", ""205021705"", ""131951922"", ""202512541""]"
none_subset,4,224935909,46549636,38,262,0,0,0,0,0,0,"[""186767110"", ""177165475"", ""163758025"", ""157091884"", ""66259210"", ""192587307"", ""98526198"", ""44097793"", ""25706087"", ""125918674""]"
none_subset,4,184281490,155589050,38,472,0,0,0,0,0,0,"[""120618466"", ""124508627"", ""126600062"", ""139494203"", ""158118726"", ""108421334"", ""143353475"", ""128080279"", ""140138816"", ""161495460""]"
none_subset,4,223929742,213067554,37,25,0,0,0,0,1,1,"[""172689752"", ""134528240"", ""195586695"", ""202101807"", ""180787570"", ""179900455"", ""193491703"", ""199287233"", ""170544975"", ""182193027""]"
none_subset,4,224919001,83383823,43,402,0,0,0,0,0,0,"[""209931765"", ""141811973"", ""67063550"", ""154237024"", ""77511038"", ""124359099"", ""189444157"", ""66867545"", ""138372386"", ""181065510""]"
none_subset,4,118506459,105678196,46,1587,0,0,0,0,0,0,"[""164719903"", ""168366663"", ""71210763"", ""162264344"", ""83202485"", ""205325118"", ""57427713"", ""165532220"", ""200331414"", ""195720425""]"
none_subset,4,222787137,211475169,37,194,0,0,0,0,0,0,"[""107367982"", ""204138156"", ""134528240"", ""212621102"", ""214409508"", ""208864789"", ""117685268"", ""213318077"", ""172689752"", ""175294487""]"
none_subset,4,213433089,192191594,38,157,0,0,0,0,0,0,"[""195156235"", ""156904280"", ""113456040"", ""11921513"", ""215127574"", ""186533660"", ""160303868"", ""161064776"", ""67086891"", ""192884067""]"
none_subset,4,220446731,198850848,46,13,0,0,0,0,1,1,"[""174586724"", ""204627117"", ""200878445"", ""197415730"", ""138830136"", ""187611963"", ""206506200"", ""174837469"", ""156489567"", ""209744189""]"
none_subset,4,209401024,136186158,37,1,1,1,1,1,1,1,"[""136186158"", ""143065905"", ""150316929"", ""142113211"", ""202157886"", ""201258368"", ""127482058"", ""188646002"", ""177317879"", ""171803364""]"
none_subset,4,108059103,96678496,38,67,0,0,0,0,0,0,"[""122139403"", ""204880865"", ""18107447"", ""181880655"", ""200830087"", ""66334917"", ""156263699"", ""161128754"", ""31197704"", ""136373067""]"
none_subset,4,83516850,73863273,38,1101,0,0,0,0,0,0,"[""124508627"", ""128022767"", ""23348079"", ""163870082"", ""160518076"", ""212854070"", ""66259210"", ""108421334"", ""200169056"", ""8550716""]"
none_subset,4,224702986,214641639,4,34,0,0,0,0,0,1,"[""207985124"", ""212682868"", ""214275181"", ""211570817"", ""212316416"", ""210531014"", ""206285188"", ""215580343"", ""204310309"", ""212819052""]"
none_subset,4,155484371,129167787,64,448,0,0,0,0,0,0,"[""131215451"", ""149002642"", ""138322181"", ""46094230"", ""193888657"", ""146630451"", ""63404553"", ""63926364"", ""191629980"", ""196328856""]"
none_subset,4,220720641,179105589,62,969,0,0,0,0,0,0,"[""195510107"", ""67539912"", ""124884051"", ""105231780"", ""195518176"", ""212906250"", ""184570386"", ""194424066"", ""137409732"", ""210543459""]"
none_subset,4,222632500,208037651,37,118,0,0,0,0,0,0,"[""212752270"", ""118125733"", ""205099850"", ""209952370"", ""200678174"", ""202901471"", ""178052969"", ""212864198"", ""165980002"", ""170072626""]"
none_subset,4,223968502,210489322,62,28,0,0,0,0,1,1,"[""212412503"", ""206841068"", ""197247155"", ""141693897"", ""204577887"", ""208719189"", ""172997177"", ""183508594"", ""200033285"", ""192447937""]"
none_subset,4,98995962,88914492,37,1454,0,0,0,0,0,0,"[""133686967"", ""121642534"", ""57231571"", ""68382382"", ""210586766"", ""184899990"", ""161632409"", ""206528763"", ""188131021"", ""192585090""]"
none_subset,4,62872358,68354175,37,82,0,0,0,0,0,0,"[""102688777"", ""168678804"", ""186471450"", ""21423746"", ""150433252"", ""139391729"", ""190788723"", ""100774234"", ""185048961"", ""126753800""]"
none_subset,4,219731644,201910129,43,183,0,0,0,0,0,0,"[""182399428"", ""189168111"", ""185108178"", ""201535486"", ""202626349"", ""182445092"", ""214348389"", ""192825043"", ""188378226"", ""210958988""]"
none_subset,4,217607857,172851480,46,51,0,0,0,0,0,0,"[""144964708"", ""79166546"", ""206995470"", ""78516486"", ""187714756"", ""78094109"", ""210468796"", ""191070592"", ""162450802"", ""165024808""]"
none_subset,4,178761303,138296370,43,369,0,0,0,0,0,0,"[""188032543"", ""46154800"", ""178668945"", ""76736407"", ""80700126"", ""185121060"", ""140307868"", ""194231584"", ""141669650"", ""208578922""]"
none_subset,4,225101426,214129979,37,1619,0,0,0,0,0,0,"[""214087269"", ""212715570"", ""177427231"", ""177427251"", ""202781695"", ""207956028"", ""210082244"", ""203276996"", ""205430382"", ""200451540""]"
none_subset,4,166732634,138803213,64,22,0,0,0,0,1,1,"[""156885595"", ""167980707"", ""109321941"", ""207795709"", ""161963780"", ""124110006"", ""204824313"", ""149715107"", ""147554849"", ""128826000""]"
none_subset,4,193972506,175993606,43,1289,0,0,0,0,0,0,"[""195408710"", ""153840249"", ""148264493"", ""191248601"", ""209546973"", ""127254122"", ""204449585"", ""180465465"", ""101914821"", ""128872941""]"
none_subset,4,219517654,205395738,46,1881,0,0,0,0,0,0,"[""172608877"", ""131931084"", ""208605842"", ""116218020"", ""110716703"", ""76020654"", ""179347666"", ""136586472"", ""77995654"", ""151203538""]"
none_subset,4,222394753,82751027,64,2247,0,0,0,0,0,0,"[""166840834"", ""207152337"", ""106833257"", ""212264146"", ""136552233"", ""165038599"", ""110198506"", ""166141828"", ""164183551"", ""192550031""]"
none_subset,4,178708960,618472,4,194,0,0,0,0,0,0,"[""138975756"", ""50883863"", ""120663751"", ""12396291"", ""173965616"", ""9766161"", ""27693819"", ""93696567"", ""75828042"", ""197921332""]"
none_subset,4,221937448,208605842,46,2,0,1,1,1,1,1,"[""168398292"", ""208605842"", ""214351472"", ""179347666"", ""160523276"", ""129240074"", ""188865413"", ""179861117"", ""39277627"", ""214519972""]"
none_subset,4,59681831,65390256,37,1560,0,0,0,0,0,0,"[""185266696"", ""174850296"", ""137062195"", ""28242894"", ""183729389"", ""124237457"", ""148551230"", ""153551614"", ""142113211"", ""127604459""]"
none_subset,4,216161063,199021905,4,48,0,0,0,0,0,1,"[""180843726"", ""213127345"", ""210643102"", ""119654700"", ""140966958"", ""196161368"", ""65093674"", ""177825434"", ""169747228"", ""215198902""]"
none_subset,4,141503276,124722032,38,1025,0,0,0,0,0,0,"[""181227444"", ""121564255"", ""123190192"", ""198468875"", ""8550716"", ""206506072"", ""52441610"", ""19375583"", ""67142038"", ""163280205""]"
none_subset,4,200818359,153477691,46,175,0,0,0,0,0,0,"[""194301324"", ""78524182"", ""154821670"", ""183767116"", ""165636439"", ""140412713"", ""151511658"", ""144423993"", ""124310282"", ""142789905""]"
none_subset,4,188197866,159649299,4,170,0,0,0,0,0,0,"[""143852845"", ""154203183"", ""121025812"", ""141212383"", ""185905613"", ""181699642"", ""148365289"", ""88932849"", ""173529593"", ""126810749""]"
none_subset,4,213366824,193025476,57,25,0,0,0,0,1,1,"[""152187673"", ""203388288"", ""202725978"", ""149427907"", ""196935602"", ""202626135"", ""214125411"", ""177316731"", ""157758093"", ""132769262""]"
none_subset,4,221913179,203738355,4,54,0,0,0,0,0,0,"[""208445219"", ""214480072"", ""113199812"", ""165320417"", ""188577796"", ""179735008"", ""158546701"", ""154473913"", ""138230611"", ""157208731""]"
none_subset,4,203066647,173799041,46,12,0,0,0,0,1,1,"[""171801408"", ""206419210"", ""209447630"", ""113000796"", ""173222203"", ""192437637"", ""161172541"", ""190115727"", ""210448824"", ""150226253""]"
none_subset,4,224558267,213573078,4,113,0,0,0,0,0,0,"[""210643102"", ""180843726"", ""211385428"", ""213127345"", ""163340296"", ""194722275"", ""196161368"", ""191147915"", ""145435299"", ""198615413""]"
none_subset,4,191575863,163533043,38,555,0,0,0,0,0,0,"[""100750564"", ""172844872"", ""142929788"", ""179000829"", ""180533985"", ""207707019"", ""111757856"", ""167154256"", ""196197635"", ""88485908""]"
none_subset,4,152866845,122408162,57,16,0,0,0,0,1,1,"[""184690297"", ""114861890"", ""58773802"", ""98039533"", ""206552998"", ""199101101"", ""85942447"", ""206553944"", ""182587351"", ""186103660""]"
none_subset,4,188395873,140840605,4,78,0,0,0,0,0,0,"[""153991203"", ""171447530"", ""200963858"", ""167643231"", ""130299986"", ""100087840"", ""150920816"", ""129568541"", ""189645323"", ""202362364""]"
none_subset,4,151503385,103784764,57,22,0,0,0,0,1,1,"[""179662298"", ""193517327"", ""211785457"", ""130444806"", ""197740362"", ""210313644"", ""82721637"", ""129352307"", ""213401068"", ""130027690""]"
none_subset,4,208927127,185848749,43,569,0,0,0,0,0,0,"[""141669650"", ""188032543"", ""207597374"", ""125860815"", ""75839769"", ""143875665"", ""205287113"", ""16616489"", ""74845533"", ""57715433""]"
none_subset,4,205461532,140573064,37,187,0,0,0,0,0,0,"[""191525669"", ""151437967"", ""43972733"", ""93714502"", ""127873279"", ""176184502"", ""206382148"", ""65584321"", ""152508279"", ""197580749""]"
none_subset,4,224112754,212305293,64,91,0,0,0,0,0,0,"[""146444401"", ""98740806"", ""154044867"", ""167245652"", ""94645332"", ""193964371"", ""161824377"", ""194767716"", ""124198714"", ""213272815""]"
none_subset,4,119398235,105775833,46,50,0,0,0,0,0,1,"[""201215254"", ""158946684"", ""133674182"", ""117093898"", ""139649558"", ""140208813"", ""16339902"", ""134848823"", ""129089284"", ""107476988""]"
none_subset,4,207366484,124198714,64,9,0,0,0,1,1,1,"[""154897158"", ""189099049"", ""119651772"", ""193072604"", ""16060214"", ""123687478"", ""105912376"", ""63993803"", ""124198714"", ""116857348""]"
none_subset,4,225109049,214562863,46,727,0,0,0,0,0,0,"[""79988383"", ""128970500"", ""206921287"", ""169485140"", ""99228098"", ""123341476"", ""194733810"", ""215475381"", ""87748960"", ""77899573""]"
none_subset,4,220934470,174610207,62,603,0,0,0,0,0,0,"[""183670981"", ""167732430"", ""132110473"", ""122507339"", ""189178547"", ""211690905"", ""144314189"", ""122004752"", ""73423883"", ""180292453""]"
none_subset,4,185519268,155947615,37,1672,0,0,0,0,0,0,"[""150438835"", ""153205005"", ""156440997"", ""213026403"", ""170879853"", ""110465452"", ""182681465"", ""158117230"", ""174852305"", ""171828064""]"
none_subset,4,165565061,141108116,46,93,0,0,0,0,0,0,"[""134864175"", ""199457581"", ""161497124"", ""104127006"", ""211636539"", ""59625040"", ""209773758"", ""174074948"", ""205368126"", ""77995654""]"
none_subset,4,57082730,63027674,4,77,0,0,0,0,0,0,"[""156633369"", ""75263094"", ""156370579"", ""154359018"", ""195717749"", ""161159839"", ""117660981"", ""157367139"", ""149909385"", ""156471159""]"
none_subset,4,211683892,191211417,62,748,0,0,0,0,0,0,"[""117006578"", ""194289010"", ""160036757"", ""145492438"", ""62925716"", ""156503039"", ""187207232"", ""182866713"", ""187005682"", ""101066716""]"
none_subset,4,139717823,75771817,43,864,0,0,0,0,0,0,"[""84802092"", ""4674477"", ""75824520"", ""112929002"", ""89731710"", ""15015983"", ""144463129"", ""61372398"", ""115272782"", ""68189198""]"
none_subset,4,210091083,187766426,43,142,0,0,0,0,0,0,"[""182369961"", ""184091403"", ""190234147"", ""137241438"", ""188582346"", ""146845623"", ""194288073"", ""185360446"", ""192996306"", ""178668945""]"
none_subset,4,215295632,194286674,64,97,0,0,0,0,0,0,"[""135996572"", ""211228466"", ""160006498"", ""187914316"", ""133169923"", ""96535844"", ""179277239"", ""152209914"", ""63965447"", ""132231455""]"
none_subset,4,220364834,206968122,43,86,0,0,0,0,0,0,"[""185851616"", ""198087076"", ""180428174"", ""183766098"", ""197580291"", ""209286657"", ""211884232"", ""144304634"", ""201440672"", ""155161450""]"
none_subset,4,219900526,180136836,64,1117,0,0,0,0,0,0,"[""81233438"", ""202169422"", ""128304968"", ""139515295"", ""133945472"", ""181874277"", ""191606915"", ""189365972"", ""131569653"", ""200497374""]"
none_subset,4,194649797,156951759,46,61,0,0,0,0,0,0,"[""74767597"", ""147425773"", ""113999669"", ""156554598"", ""200400926"", ""205315794"", ""139649558"", ""137150022"", ""213237768"", ""110900877""]"
none_subset,4,69538746,74156335,46,855,0,0,0,0,0,0,"[""161736013"", ""146811180"", ""162224700"", ""191705183"", ""118566996"", ""157086881"", ""193922873"", ""181547294"", ""32186937"", ""129112756""]"
none_subset,4,193132494,138376766,4,596,0,0,0,0,0,0,"[""203037592"", ""205510063"", ""197680529"", ""193747557"", ""198430694"", ""215351522"", ""204466040"", ""202570543"", ""207202974"", ""211429854""]"
none_subset,4,225048593,215009156,4,246,0,0,0,0,0,0,"[""213281189"", ""204256104"", ""162319116"", ""213683350"", ""210497898"", ""131037236"", ""203962091"", ""169250822"", ""112914230"", ""56998165""]"
none_subset,4,129581033,114171070,37,190,0,0,0,0,0,0,"[""141241455"", ""213471023"", ""137062195"", ""146527115"", ""182387619"", ""98865638"", ""209543868"", ""57914905"", ""209118001"", ""182489418""]"
none_subset,4,218321305,201512197,46,68,0,0,0,0,0,0,"[""104767223"", ""96527698"", ""109762523"", ""206843208"", ""159536710"", ""204237929"", ""165803311"", ""139939742"", ""201405465"", ""114654675""]"
none_subset,4,206985091,171139802,46,192,0,0,0,0,0,0,"[""210667015"", ""213912195"", ""175485760"", ""180188915"", ""110540035"", ""207515067"", ""211141745"", ""210373455"", ""208874400"", ""174726875""]"
none_subset,4,221838599,209862942,43,150,0,0,0,0,0,0,"[""210822887"", ""184091403"", ""213483404"", ""206290556"", ""171291776"", ""145765627"", ""201213450"", ""201671217"", ""200208585"", ""186350594""]"
none_subset,4,200321888,151940220,43,2,0,1,1,1,1,1,"[""146898856"", ""151940220"", ""56084025"", ""97625037"", ""54249020"", ""212847147"", ""101683090"", ""98314945"", ""68189198"", ""155678818""]"
none_subset,4,215535939,188697817,57,47,0,0,0,0,0,1,"[""201185749"", ""172994991"", ""210136489"", ""214160653"", ""213478012"", ""204720478"", ""193699814"", ""211902767"", ""206056996"", ""84967169""]"
none_subset,4,207266546,153385111,43,989,0,0,0,0,0,0,"[""189165560"", ""164173391"", ""90011446"", ""89602786"", ""173279591"", ""156158793"", ""185696449"", ""144399603"", ""75839769"", ""194625477""]"
none_subset,4,97952986,78148654,64,3,0,1,1,1,1,1,"[""69248477"", ""173246608"", ""78148654"", ""117481999"", ""138800320"", ""208915255"", ""179740887"", ""127196288"", ""162295780"", ""191614451""]"
none_subset,4,207322234,170790096,46,64,0,0,0,0,0,0,"[""143689220"", ""154821670"", ""155710762"", ""139912235"", ""201071539"", ""102024389"", ""113055852"", ""128991595"", ""209941947"", ""205657343""]"
none_subset,4,174006241,145006416,43,407,0,0,0,0,0,0,"[""149017403"", ""160455987"", ""107227181"", ""214509021"", ""171798974"", ""85940593"", ""190372173"", ""113535350"", ""208309750"", ""200392561""]"
none_subset,4,224882520,214818077,64,157,0,0,0,0,0,0,"[""74256345"", ""208465437"", ""193757766"", ""154324585"", ""105854775"", ""136038725"", ""86356781"", ""100728693"", ""193944748"", ""168315905""]"
none_subset,4,134515714,115022799,62,445,0,0,0,0,0,0,"[""127682307"", ""205608634"", ""102101017"", ""188105464"", ""101101788"", ""52152330"", ""209556691"", ""192080500"", ""27329790"", ""97218462""]"
none_subset,4,219832830,202547061,46,275,0,0,0,0,0,0,"[""109531052"", ""109632736"", ""186808700"", ""167424905"", ""49032725"", ""121995083"", ""134232696"", ""204316129"", ""203534611"", ""79988383""]"
none_subset,4,85335053,81210703,64,17,0,0,0,0,1,1,"[""127512781"", ""181079853"", ""193072604"", ""107659439"", ""215220099"", ""152327218"", ""116423938"", ""126848368"", ""144281937"", ""157803989""]"
none_subset,4,156462074,127285945,46,2227,0,0,0,0,0,0,"[""172385400"", ""207820778"", ""212685047"", ""203173795"", ""183034895"", ""80573814"", ""146947584"", ""204635544"", ""172433080"", ""109663807""]"
none_subset,4,57704442,78094109,46,8,0,0,0,1,1,1,"[""165636439"", ""140412713"", ""99309357"", ""164400164"", ""194301324"", ""150142821"", ""159384368"", ""78094109"", ""180187517"", ""129427671""]"
none_subset,4,81096600,78134637,46,278,0,0,0,0,0,0,"[""70517064"", ""130390168"", ""167116086"", ""37708588"", ""172035206"", ""111095231"", ""35549011"", ""207806044"", ""166734386"", ""116820479""]"
none_subset,4,212560078,154255624,64,182,0,0,0,0,0,0,"[""154682545"", ""179201033"", ""117481999"", ""156194814"", ""105267083"", ""149715107"", ""208915255"", ""194941994"", ""204824313"", ""94082722""]"
none_subset,4,205868899,179041576,43,23,0,0,0,0,1,1,"[""159511688"", ""53878026"", ""64515020"", ""52880574"", ""194759873"", ""111074216"", ""207690552"", ""204361588"", ""199927468"", ""6704113""]"
none_subset,4,200338966,172991246,57,58,0,0,0,0,0,0,"[""203157936"", ""172288940"", ""215562071"", ""197765268"", ""207816334"", ""170003774"", ""111557041"", ""209644299"", ""212223973"", ""178238495""]"
none_subset,4,207494992,182640683,37,239,0,0,0,0,0,0,"[""191911000"", ""187502080"", ""164351701"", ""157987350"", ""102688777"", ""190788723"", ""202872941"", ""121097766"", ""210502009"", ""126753800""]"
none_subset,4,221740966,187123822,43,468,0,0,0,0,0,0,"[""75959067"", ""127635452"", ""202516482"", ""183697177"", ""152014829"", ""85304386"", ""160295191"", ""181167814"", ""112624655"", ""123925115""]"
none_subset,4,211281613,188742491,57,1731,0,0,0,0,0,0,"[""172288940"", ""211212706"", ""203157936"", ""215562071"", ""172017798"", ""195614608"", ""212085457"", ""210148578"", ""207816334"", ""212223973""]"
none_subset,4,61811502,62437632,43,228,0,0,0,0,0,0,"[""183856655"", ""112929002"", ""117984925"", ""169233442"", ""181353898"", ""68189198"", ""205334575"", ""164354706"", ""114124021"", ""84802092""]"
none_subset,4,215391887,144646883,64,41,0,0,0,0,0,1,"[""32252174"", ""161581546"", ""139178433"", ""168633758"", ""59982269"", ""72527056"", ""60260391"", ""126992314"", ""152603802"", ""203403083""]"
none_subset,4,216666833,189845371,64,11,0,0,0,0,1,1,"[""141045171"", ""146950533"", ""139178433"", ""200767454"", ""185454425"", ""200004707"", ""101323609"", ""183047062"", ""199875184"", ""120420310""]"
none_subset,4,180386984,147179804,43,972,0,0,0,0,0,0,"[""146898856"", ""151940220"", ""68189198"", ""49931795"", ""158885545"", ""101275830"", ""56084025"", ""162142216"", ""102607958"", ""166213708""]"
none_subset,4,224586197,211540948,46,35,0,0,0,0,0,1,"[""193559506"", ""158946684"", ""160110731"", ""192342929"", ""139649558"", ""205037505"", ""155017018"", ""62458353"", ""105106630"", ""201215254""]"
none_subset,4,193221613,160400128,62,48,0,0,0,0,0,1,"[""24686208"", ""75068139"", ""204527959"", ""122377328"", ""56749727"", ""192938069"", ""79518535"", ""128619709"", ""208722933"", ""65248700""]"
none_subset,4,218597493,199853407,46,339,0,0,0,0,0,0,"[""209627651"", ""118684332"", ""103963518"", ""36274453"", ""213196140"", ""165758317"", ""87779396"", ""153870688"", ""181620594"", ""85083810""]"
none_subset,4,192820418,158459700,57,1930,0,0,0,0,0,0,"[""57596469"", ""197301758"", ""205026087"", ""209958566"", ""212108240"", ""30933369"", ""131996709"", ""194984579"", ""148338437"", ""128122761""]"
none_subset,4,207407028,181818594,38,107,0,0,0,0,0,0,"[""179234058"", ""171909035"", ""193563274"", ""134304833"", ""188178632"", ""193002592"", ""173253112"", ""138345880"", ""143177511"", ""151407481""]"
none_subset,4,222261688,207080740,64,124,0,0,0,0,0,0,"[""179216205"", ""204435589"", ""63897092"", ""209697377"", ""56593545"", ""200974603"", ""199462684"", ""162587856"", ""169353292"", ""191305287""]"
none_subset,4,207680631,171694803,46,43,0,0,0,0,0,1,"[""140827649"", ""79523323"", ""68978046"", ""154698834"", ""212767225"", ""64234906"", ""134848823"", ""113591349"", ""160019718"", ""99453113""]"
none_subset,4,222664932,150981082,38,137,0,0,0,0,0,0,"[""187847040"", ""93923477"", ""71140696"", ""174166201"", ""69118085"", ""177493383"", ""168644115"", ""128235238"", ""189745383"", ""200560256""]"
none_subset,4,222564180,211116849,46,163,0,0,0,0,0,0,"[""213805109"", ""167644413"", ""156557720"", ""207173393"", ""203829459"", ""205545277"", ""179577326"", ""208805779"", ""201864450"", ""202872734""]"
none_subset,4,167728890,142870223,38,764,0,0,0,0,0,0,"[""14434511"", ""111085092"", ""200830087"", ""126012999"", ""202138750"", ""159835737"", ""132005414"", ""127539785"", ""148700903"", ""37709032""]"
none_subset,4,191614526,163637661,38,421,0,0,0,0,0,0,"[""186767110"", ""8550716"", ""46449031"", ""74162023"", ""44097793"", ""66259210"", ""98526198"", ""192721742"", ""25706087"", ""192587307""]"
none_subset,4,140595161,120915200,4,76,0,0,0,0,0,0,"[""200589462"", ""188882555"", ""190079873"", ""198809896"", ""190777127"", ""194142299"", ""197475541"", ""182361800"", ""187600900"", ""151681239""]"
none_subset,4,193442459,159536710,46,9,0,0,0,1,1,1,"[""184646371"", ""127947793"", ""193074174"", ""154894208"", ""212786249"", ""184612826"", ""165953966"", ""174837469"", ""159536710"", ""205037505""]"
none_subset,4,186435148,154474714,4,549,0,0,0,0,0,0,"[""199780246"", ""206940426"", ""190161584"", ""159111889"", ""155790722"", ""182060832"", ""200963901"", ""204482650"", ""215580451"", ""192424356""]"
none_subset,4,153151974,75168847,4,1893,0,0,0,0,0,0,"[""161593927"", ""78628063"", ""36482821"", ""165105661"", ""69840720"", ""131110163"", ""145007084"", ""204648246"", ""77686093"", ""93517902""]"
none_subset,4,174531745,134215872,38,153,0,0,0,0,0,0,"[""185863262"", ""101461920"", ""158574234"", ""151224480"", ""195462936"", ""167802783"", ""119096193"", ""170400945"", ""201872814"", ""162345431""]"
none_subset,4,199818563,171636556,46,3,0,1,1,1,1,1,"[""133461188"", ""212730825"", ""171636556"", ""210856802"", ""205208810"", ""208719036"", ""181020941"", ""170374096"", ""209482743"", ""108934756""]"
none_subset,4,198139928,139818390,57,2,0,1,1,1,1,1,"[""164678159"", ""139818390"", ""55753543"", ""99472835"", ""125915675"", ""130006774"", ""205459867"", ""214037159"", ""188669947"", ""109349817""]"
none_subset,4,59207602,63368910,37,286,0,0,0,0,0,0,"[""154131322"", ""203837820"", ""210053178"", ""212776036"", ""140164328"", ""125867554"", ""144682254"", ""185145609"", ""140706897"", ""140749191""]"
none_subset,4,222353403,210780225,46,552,0,0,0,0,0,0,"[""100881714"", ""205395255"", ""142436010"", ""136320022"", ""210829117"", ""144431749"", ""211118858"", ""212208758"", ""61233280"", ""209924661""]"
none_subset,4,121364748,105106630,46,1549,0,0,0,0,0,0,"[""111715361"", ""137142760"", ""106915000"", ""170571507"", ""131917509"", ""51932653"", ""96833542"", ""75717953"", ""121346371"", ""72266723""]"
none_subset,4,178792118,147113232,37,703,0,0,0,0,0,0,"[""139391729"", ""53389573"", ""84838254"", ""89464961"", ""185048961"", ""189073734"", ""143946320"", ""33066220"", ""126554078"", ""169268977""]"
none_subset,4,212300309,192179303,64,37,0,0,0,0,0,1,"[""200505701"", ""147671714"", ""196286726"", ""192779268"", ""182199798"", ""162686675"", ""142562860"", ""200027492"", ""210055173"", ""206276658""]"
none_subset,4,62125622,54115082,38,143,0,0,0,0,0,0,"[""92430066"", ""38003672"", ""163524272"", ""200830087"", ""200169056"", ""148428740"", ""161128754"", ""177310329"", ""113999751"", ""14434511""]"
none_subset,4,194649630,162792725,4,109,0,0,0,0,0,0,"[""197680529"", ""198430694"", ""110540565"", ""202653773"", ""131936243"", ""194940406"", ""136900812"", ""134243031"", ""100677349"", ""51666202""]"
none_subset,4,195219984,168099979,4,16,0,0,0,0,1,1,"[""180843726"", ""177825434"", ""191209763"", ""198615413"", ""194722275"", ""196161368"", ""182581077"", ""65093674"", ""213127345"", ""139342323""]"
none_subset,4,185154036,157383240,4,88,0,0,0,0,0,0,"[""88932849"", ""191509023"", ""158097383"", ""141212383"", ""191461282"", ""126810749"", ""188882555"", ""142381741"", ""184009379"", ""192786300""]"
none_subset,4,212343018,191348108,62,1009,0,0,0,0,0,0,"[""94546694"", ""146789147"", ""92445171"", ""189107795"", ""18880304"", ""188696626"", ""110202670"", ""167750528"", ""141754702"", ""146533271""]"
none_subset,4,190726056,153568815,37,96,0,0,0,0,0,0,"[""212047029"", ""170049514"", ""188679659"", ""162977839"", ""163644147"", ""200025016"", ""159931625"", ""186298213"", ""168964563"", ""156176895""]"
none_subset,4,193507395,159604649,4,1368,0,0,0,0,0,0,"[""159084171"", ""126810749"", ""141212383"", ""150107268"", ""88932849"", ""183731112"", ""143852845"", ""190574356"", ""146649572"", ""193021423""]"
none_subset,4,139775877,123347277,62,149,0,0,0,0,0,0,"[""208335318"", ""137665706"", ""123687816"", ""20863003"", ""75207324"", ""65823014"", ""135590435"", ""114525243"", ""70069885"", ""91322924""]"
none_subset,4,165803909,134312075,64,70,0,0,0,0,0,0,"[""191606915"", ""204435589"", ""155789349"", ""143656150"", ""205920501"", ""63897092"", ""213253358"", ""179216205"", ""162587856"", ""199383617""]"
none_subset,4,213336123,41040635,38,80,0,0,0,0,0,0,"[""192884067"", ""209330718"", ""118659816"", ""145998937"", ""51821730"", ""52533378"", ""147729896"", ""187424386"", ""129516959"", ""173793300""]"
none_subset,4,223712641,213066001,62,14,0,0,0,0,1,1,"[""206841068"", ""172997177"", ""204577887"", ""125264671"", ""150919912"", ""206964681"", ""141693897"", ""188217169"", ""184849912"", ""171189946""]"
none_subset,4,188203614,160523276,46,855,0,0,0,0,0,0,"[""150142821"", ""151511658"", ""148352358"", ""8742737"", ""132188413"", ""77388181"", ""129427678"", ""188405182"", ""187497492"", ""13333030""]"
none_subset,4,76691753,32855805,38,599,0,0,0,0,0,0,"[""161002473"", ""204637998"", ""115694557"", ""186173164"", ""183904957"", ""118437549"", ""85968650"", ""155791307"", ""81511985"", ""109987226""]"
none_subset,4,211609963,188607246,46,1461,0,0,0,0,0,0,"[""83202485"", ""174837469"", ""180804264"", ""165704043"", ""158674717"", ""201604744"", ""193535883"", ""164719903"", ""180976440"", ""213237291""]"
none_subset,4,193188423,160175255,4,310,0,0,0,0,0,0,"[""137677513"", ""157346101"", ""191300394"", ""203305847"", ""149264383"", ""176599974"", ""174535187"", ""201065368"", ""160501086"", ""161593927""]"
none_subset,4,72670371,74242439,62,20,0,0,0,0,1,1,"[""209556691"", ""102919124"", ""129794244"", ""210941490"", ""90371836"", ""136973736"", ""52152330"", ""106024110"", ""51057647"", ""148066008""]"
none_subset,4,220435553,195648794,4,944,0,0,0,0,0,0,"[""203962091"", ""143683664"", ""143922255"", ""169841826"", ""211821321"", ""80560830"", ""203037592"", ""176681471"", ""75168847"", ""188431156""]"
none_subset,4,62630161,9583876,43,54,0,0,0,0,0,0,"[""120597166"", ""195408710"", ""13748467"", ""121279267"", ""6516822"", ""188032543"", ""204449585"", ""140343241"", ""126702260"", ""183525953""]"
none_subset,4,225161170,215382114,43,1536,0,0,0,0,0,0,"[""206283952"", ""143484747"", ""178668945"", ""203417954"", ""188582305"", ""211888794"", ""195756368"", ""142874129"", ""186350594"", ""184024262""]"
none_subset,4,219010785,204190139,43,758,0,0,0,0,0,0,"[""210822887"", ""201213450"", ""206290556"", ""187215484"", ""182583580"", ""211582481"", ""210958988"", ""198078019"", ""143611276"", ""189283285""]"
none_subset,4,195665997,162780539,57,342,0,0,0,0,0,0,"[""85576723"", ""207956408"", ""141609226"", ""206215452"", ""198636169"", ""207128530"", ""154877704"", ""85291605"", ""172859305"", ""85728689""]"
none_subset,4,185700837,152440410,62,26,0,0,0,0,1,1,"[""156239354"", ""166907143"", ""110998411"", ""43654675"", ""176309620"", ""146490896"", ""128177020"", ""211900236"", ""94106347"", ""127953008""]"
none_subset,4,224932348,213559285,46,16,0,0,0,0,1,1,"[""171227160"", ""108971427"", ""206220197"", ""171227152"", ""184646371"", ""211017543"", ""182136657"", ""212530716"", ""194951479"", ""190224714""]"
none_subset,4,214185922,192910467,43,1079,0,0,0,0,0,0,"[""109383453"", ""156087601"", ""207051663"", ""210207733"", ""183716498"", ""45817946"", ""145698725"", ""154390259"", ""85646132"", ""51679199""]"
none_subset,4,221111393,208458622,46,273,0,0,0,0,0,0,"[""156109827"", ""184636221"", ""213805109"", ""202771850"", ""177806610"", ""206587012"", ""189285981"", ""205239580"", ""214520103"", ""167644413""]"
none_subset,4,211684073,171142795,57,2568,0,0,0,0,0,0,"[""145955425"", ""159050136"", ""202358315"", ""189411035"", ""180448567"", ""126756828"", ""187720102"", ""207811664"", ""210440269"", ""207134458""]"
none_subset,4,153181442,132560295,4,2067,0,0,0,0,0,0,"[""144513042"", ""152685161"", ""70921117"", ""137934343"", ""65093674"", ""186220965"", ""186179720"", ""117660981"", ""184778089"", ""183642706""]"
none_subset,4,203591953,114525243,62,4,0,0,1,1,1,1,"[""102919124"", ""164296058"", ""123687816"", ""114525243"", ""51057647"", ""38312606"", ""172191347"", ""78092395"", ""184405626"", ""96438960""]"
none_subset,4,63370365,69511407,4,451,0,0,0,0,0,0,"[""159049760"", ""127324464"", ""145303232"", ""116057633"", ""148526912"", ""155062344"", ""179525824"", ""144373105"", ""195213429"", ""195242863""]"
none_subset,4,181332952,140664088,4,935,0,0,0,0,0,0,"[""120663751"", ""150679730"", ""16847694"", ""184087480"", ""139852579"", ""148281605"", ""184587206"", ""191695909"", ""153223626"", ""173055109""]"
none_subset,4,206157282,181822257,46,1333,0,0,0,0,0,0,"[""206587012"", ""213054921"", ""205239580"", ""133738518"", ""213805109"", ""143287077"", ""213482572"", ""210738657"", ""167644413"", ""89045186""]"
none_subset,4,181959599,144304634,43,6,0,0,0,1,1,1,"[""197580291"", ""196197826"", ""211884232"", ""192287850"", ""195905048"", ""144304634"", ""132707717"", ""67208060"", ""120544015"", ""147419433""]"
none_subset,4,51781247,25706087,38,41,0,0,0,0,0,1,"[""179876069"", ""104042988"", ""128168264"", ""139494203"", ""95323314"", ""11921513"", ""114055239"", ""124508627"", ""189593063"", ""68716648""]"
none_subset,4,223264828,202263291,4,255,0,0,0,0,0,0,"[""93517902"", ""161593927"", ""36482821"", ""195648794"", ""50763233"", ""105063903"", ""206800954"", ""148649464"", ""195689049"", ""112475075""]"
none_subset,4,192749905,162391057,37,372,0,0,0,0,0,0,"[""103731169"", ""160430913"", ""144990749"", ""152555454"", ""154947799"", ""155255611"", ""132034906"", ""184320957"", ""149248013"", ""200164411""]"
none_subset,4,208244305,184923239,37,115,0,0,0,0,0,0,"[""195908286"", ""182640683"", ""117685268"", ""175852737"", ""200869738"", ""187299907"", ""183693328"", ""201649016"", ""213379343"", ""206942069""]"
none_subset,4,224877266,58199619,38,26,0,0,0,0,1,1,"[""52441610"", ""206303400"", ""163646287"", ""174456119"", ""55877012"", ""198468875"", ""192721742"", ""192933104"", ""46449031"", ""132680001""]"
none_subset,4,220471236,187760067,57,85,0,0,0,0,0,0,"[""166538115"", ""159343304"", ""173406416"", ""200031767"", ""209149314"", ""163533843"", ""188363722"", ""208742570"", ""188906002"", ""117433607""]"
none_subset,4,224941317,203188239,64,11,0,0,0,0,1,1,"[""161410919"", ""210298620"", ""143226451"", ""128085943"", ""179949768"", ""173458489"", ""160087743"", ""161213343"", ""201712054"", ""179740887""]"
none_subset,4,209775944,169808391,62,130,0,0,0,0,0,0,"[""200033535"", ""97032103"", ""180256255"", ""73356588"", ""98179707"", ""203208937"", ""210871676"", ""180623952"", ""104016143"", ""187612359""]"
none_subset,4,213024345,193298115,37,428,0,0,0,0,0,0,"[""196563012"", ""195296935"", ""210226726"", ""116240817"", ""196862128"", ""181408383"", ""202222318"", ""98327133"", ""167674987"", ""100843460""]"
none_subset,4,213524880,181268534,37,34,0,0,0,0,0,1,"[""145696871"", ""100819191"", ""184960603"", ""168712812"", ""189381669"", ""144524949"", ""191370500"", ""195396146"", ""142799340"", ""204633870""]"
none_subset,4,224002618,161766916,4,17,0,0,0,0,1,1,"[""180266107"", ""144811459"", ""207935824"", ""192968334"", ""177486457"", ""73118528"", ""25537887"", ""165897952"", ""140664088"", ""202002064""]"
none_subset,4,213966596,193487215,62,978,0,0,0,0,0,0,"[""135449877"", ""113547578"", ""32728587"", ""165119271"", ""10317873"", ""156885677"", ""192577715"", ""195935444"", ""176645947"", ""142923518""]"
none_subset,4,60521530,65802140,37,873,0,0,0,0,0,0,"[""173645815"", ""190113798"", ""43972733"", ""140336042"", ""55796783"", ""192597928"", ""166280219"", ""190075252"", ""200025016"", ""93714502""]"
none_subset,4,224989367,215160595,64,688,0,0,0,0,0,0,"[""206372980"", ""178908431"", ""197648445"", ""213362681"", ""105912376"", ""195516069"", ""211406038"", ""167161374"", ""107659439"", ""207826820""]"
none_subset,4,224935000,215080686,4,360,0,0,0,0,0,0,"[""205600080"", ""210484477"", ""191316160"", ""183750892"", ""190816300"", ""188468393"", ""183689996"", ""182581077"", ""183509496"", ""202571906""]"
none_subset,4,215554630,181874277,64,1,1,1,1,1,1,1,"[""181874277"", ""160001929"", ""191000780"", ""157803989"", ""149734769"", ""81240114"", ""136347027"", ""76668217"", ""167172273"", ""31017779""]"
none_subset,4,216889570,193584613,37,1277,0,0,0,0,0,0,"[""148500212"", ""214708320"", ""193679263"", ""186009397"", ""195715759"", ""152910319"", ""141382831"", ""196683792"", ""212263607"", ""145100939""]"
none_subset,4,217976095,202632009,43,297,0,0,0,0,0,0,"[""88578062"", ""188409353"", ""211582481"", ""187215484"", ""210822887"", ""201213450"", ""210958988"", ""184633847"", ""194022987"", ""192928288""]"
none_subset,4,221119686,204683450,46,5,0,0,1,1,1,1,"[""201537422"", ""190450261"", ""208417546"", ""208457798"", ""204683450"", ""191200569"", ""202806476"", ""204650950"", ""198850848"", ""214993771""]"
none_subset,4,178976339,95069051,62,15,0,0,0,0,1,1,"[""167352840"", ""156966802"", ""64790775"", ""133870924"", ""117835777"", ""150070859"", ""143139548"", ""92648178"", ""32200239"", ""157472228""]"
none_subset,4,174296396,144706392,64,196,0,0,0,0,0,0,"[""113436023"", ""143663551"", ""145311547"", ""131561726"", ""45933851"", ""95501095"", ""66459509"", ""119491080"", ""203391872"", ""101574803""]"
none_subset,4,162732020,106887245,64,64,0,0,0,0,0,0,"[""173447641"", ""213253358"", ""206088529"", ""213362681"", ""168247151"", ""81957796"", ""207666899"", ""59824769"", ""202830026"", ""201240967""]"
none_subset,4,188292667,134824400,37,170,0,0,0,0,0,0,"[""88534873"", ""119227333"", ""66495486"", ""58893791"", ""196428679"", ""76841920"", ""151964729"", ""65129121"", ""183122776"", ""140907909""]"
none_subset,4,219629690,184405228,37,272,0,0,0,0,0,0,"[""206564103"", ""151940120"", ""192414071"", ""179319840"", ""138625062"", ""135332295"", ""185047939"", ""122713998"", ""153610553"", ""159838604""]"
none_subset,4,192642639,164264613,38,463,0,0,0,0,0,0,"[""209590588"", ""209921939"", ""196280032"", ""179876069"", ""149732635"", ""126012999"", ""20918033"", ""199841905"", ""92914026"", ""151108044""]"
none_subset,4,184601754,157101149,37,98,0,0,0,0,0,0,"[""194958352"", ""146527115"", ""147820123"", ""116240817"", ""136371572"", ""195113899"", ""190261540"", ""208575799"", ""146013472"", ""192870188""]"
none_subset,4,152478006,73836701,46,720,0,0,0,0,0,0,"[""58540862"", ""99453113"", ""165223697"", ""72730720"", ""132605956"", ""68978046"", ""193612892"", ""179610678"", ""141321618"", ""211854530""]"
none_subset,4,221675799,209588885,43,2,0,1,1,1,1,1,"[""214348389"", ""209588885"", ""203532895"", ""165130009"", ""215090391"", ""185851616"", ""178067710"", ""204412532"", ""201915238"", ""202227389""]"
none_subset,4,151258498,129804983,37,200,0,0,0,0,0,0,"[""191097659"", ""167619039"", ""150426765"", ""128025445"", ""195477901"", ""127604369"", ""204790995"", ""167700536"", ""99222832"", ""201603265""]"
none_subset,4,171994800,140336042,37,83,0,0,0,0,0,0,"[""188679659"", ""146818815"", ""212047029"", ""211318715"", ""121116115"", ""185112282"", ""195886526"", ""103057199"", ""123163900"", ""16898206""]"
none_subset,4,76793789,79372963,38,68,0,0,0,0,0,0,"[""200830087"", ""133136953"", ""35695557"", ""148700903"", ""108421334"", ""111885280"", ""194239845"", ""18107447"", ""209239234"", ""37709032""]"
none_subset,4,218107163,201903468,62,212,0,0,0,0,0,0,"[""208719189"", ""210489322"", ""185606507"", ""207609626"", ""195303938"", ""211070786"", ""211808810"", ""174639103"", ""191313815"", ""192447937""]"
none_subset,4,193567991,138809171,46,115,0,0,0,0,0,0,"[""213196140"", ""111956915"", ""213225779"", ""171226535"", ""98989836"", ""105678196"", ""200419946"", ""99908438"", ""155058299"", ""146207857""]"
none_subset,4,60584347,64050779,43,296,0,0,0,0,0,0,"[""205276629"", ""123511609"", ""38196926"", ""39281999"", ""165487867"", ""71896649"", ""191688044"", ""178850565"", ""182892685"", ""145947056""]"
none_subset,4,139695886,103799422,38,393,0,0,0,0,0,0,"[""179000829"", ""88485908"", ""192191594"", ""65034285"", ""157993089"", ""115091528"", ""129590481"", ""181132638"", ""111175760"", ""164429335""]"
none_subset,4,224613468,214052031,62,541,0,0,0,0,0,0,"[""212090087"", ""202743016"", ""181376013"", ""188745646"", ""204527959"", ""190061187"", ""193966259"", ""57769259"", ""171290958"", ""199825694""]"
none_subset,4,177997398,140588027,57,1642,0,0,0,0,0,0,"[""160823099"", ""169225136"", ""141707543"", ""149988933"", ""199908579"", ""173807681"", ""129568269"", ""46330390"", ""109107328"", ""62330389""]"
none_subset,4,153056005,125339147,57,2,0,1,1,1,1,1,"[""121902729"", ""125339147"", ""136281016"", ""127670415"", ""139191535"", ""211148392"", ""110306995"", ""86264024"", ""201926544"", ""139164571""]"
none_subset,4,211216484,189303936,64,284,0,0,0,0,0,0,"[""187708913"", ""90897593"", ""181619566"", ""160008395"", ""127488045"", ""93604401"", ""131141531"", ""63297294"", ""179015555"", ""151051885""]"
none_subset,4,39595977,43972733,37,98,0,0,0,0,0,0,"[""159931625"", ""133924998"", ""129735644"", ""152102790"", ""188679659"", ""210425135"", ""200025016"", ""93714502"", ""212047029"", ""202780647""]"
none_subset,4,117986185,104705407,4,847,0,0,0,0,0,0,"[""119654700"", ""204285378"", ""168224067"", ""121025812"", ""65093644"", ""50883863"", ""201066421"", ""205322075"", ""198809896"", ""68390034""]"
none_subset,4,138252107,119498324,62,660,0,0,0,0,0,0,"[""50662129"", ""99563204"", ""73563944"", ""57745589"", ""74331129"", ""46446514"", ""141754702"", ""94546694"", ""97195771"", ""95106973""]"
none_subset,4,223273152,212299208,62,7,0,0,0,1,1,1,"[""131293364"", ""189754029"", ""33588389"", ""193863080"", ""114374574"", ""120889247"", ""212299208"", ""13775643"", ""200006687"", ""125452747""]"
none_subset,4,114281259,95431648,38,684,0,0,0,0,0,0,"[""190453683"", ""158650746"", ""106211361"", ""160101192"", ""162400962"", ""102812596"", ""131848218"", ""195491478"", ""2578071"", ""85388350""]"
none_subset,4,193899357,165698022,43,1736,0,0,0,0,0,0,"[""185210795"", ""160792622"", ""160105387"", ""194820899"", ""106625864"", ""188582346"", ""182896324"", ""201192710"", ""185859497"", ""203348372""]"
none_subset,4,165710853,72951226,37,173,0,0,0,0,0,0,"[""128710800"", ""175906876"", ""172213324"", ""93923480"", ""84182599"", ""169257920"", ""214087269"", ""181014160"", ""200937476"", ""209030923""]"
none_subset,4,220600511,199866100,37,27,0,0,0,0,1,1,"[""191191501"", ""154803527"", ""154947799"", ""195252247"", ""179751402"", ""204860223"", ""193025272"", ""152170362"", ""206636427"", ""168115320""]"
none_subset,4,225300966,213218151,4,1506,0,0,0,0,0,0,"[""164526532"", ""78628063"", ""126889201"", ""168181862"", ""129435163"", ""175750166"", ""23408401"", ""140664088"", ""204255951"", ""205554097""]"
none_subset,4,104000026,92847015,43,61,0,0,0,0,0,0,"[""143317431"", ""201006052"", ""150794676"", ""59245151"", ""24058906"", ""128872941"", ""132121212"", ""172946257"", ""65960411"", ""112596322""]"
none_subset,4,182345427,126295732,64,266,0,0,0,0,0,0,"[""202708847"", ""162661871"", ""156194814"", ""179201033"", ""204824313"", ""157313823"", ""80281524"", ""105652723"", ""194094670"", ""122175441""]"
none_subset,4,162486343,128431328,38,255,0,0,0,0,0,0,"[""83459172"", ""133274826"", ""55254920"", ""99753126"", ""171087357"", ""153394371"", ""202541337"", ""193575305"", ""183174003"", ""117957932""]"
none_subset,4,224984291,213655844,46,3,0,1,1,1,1,1,"[""210836917"", ""209744189"", ""213655844"", ""208306039"", ""213559285"", ""174837469"", ""73921798"", ""136992761"", ""206874130"", ""115290677""]"
none_subset,4,84314437,78183845,46,67,0,0,0,0,0,0,"[""202027223"", ""212469100"", ""213191579"", ""211047288"", ""120982254"", ""138900881"", ""172082320"", ""211063696"", ""168791195"", ""142362347""]"
none_subset,4,218226410,199136571,43,606,0,0,0,0,0,0,"[""50216046"", ""114763824"", ""212847147"", ""101587771"", ""133643986"", ""4674477"", ""130448492"", ""125860815"", ""146138879"", ""56084025""]"
none_subset,4,49107204,49933218,46,237,0,0,0,0,0,0,"[""176396453"", ""87748960"", ""139629122"", ""83762138"", ""213225779"", ""203506552"", ""134014211"", ""138254448"", ""99536865"", ""201270244""]"
none_subset,4,214344335,163348531,37,232,0,0,0,0,0,0,"[""209045757"", ""186593902"", ""143946320"", ""147820123"", ""187389375"", ""161346953"", ""126447515"", ""169510905"", ""209794141"", ""110465452""]"
none_subset,4,31317843,23408401,4,102,0,0,0,0,0,0,"[""149095048"", ""176867327"", ""199942377"", ""9766161"", ""144373105"", ""164940716"", ""172890535"", ""138975756"", ""191695909"", ""151518049""]"
none_subset,4,224204162,212715570,37,79,0,0,0,0,0,0,"[""183519446"", ""211987844"", ""210666947"", ""168816718"", ""201572634"", ""164058126"", ""213416559"", ""197238711"", ""188568572"", ""209161669""]"
none_subset,4,189373853,130801453,4,400,0,0,0,0,0,0,"[""75870943"", ""156440021"", ""164258790"", ""104121894"", ""185181562"", ""205277943"", ""66199264"", ""148023845"", ""112726802"", ""207099566""]"
none_subset,4,222044678,167888045,62,306,0,0,0,0,0,0,"[""110895997"", ""203449670"", ""156489473"", ""133228837"", ""128589400"", ""144402794"", ""201108158"", ""143227017"", ""170246818"", ""153551332""]"
none_subset,4,208010109,163280205,38,71,0,0,0,0,0,0,"[""136949110"", ""159911050"", ""101461920"", ""119096193"", ""128399228"", ""130168090"", ""190160674"", ""185863262"", ""178462865"", ""206506072""]"
none_subset,4,205419462,160127507,37,39,0,0,0,0,0,1,"[""186593902"", ""23924949"", ""143946320"", ""143147405"", ""16898206"", ""51749408"", ""147794006"", ""165767706"", ""187812442"", ""187389375""]"
none_subset,4,97825776,70629467,38,32,0,0,0,0,0,1,"[""77338935"", ""149982401"", ""87901219"", ""114260093"", ""147345313"", ""144183456"", ""161002473"", ""85968650"", ""195402979"", ""149562058""]"
none_subset,4,222906631,193455135,62,1674,0,0,0,0,0,0,"[""192653562"", ""190955120"", ""189619120"", ""67163751"", ""143226394"", ""146789147"", ""205254156"", ""119396258"", ""109143906"", ""211691904""]"
none_subset,4,220459435,143226636,64,1160,0,0,0,0,0,0,"[""12228373"", ""96431966"", ""19492405"", ""26075068"", ""60124479"", ""31683521"", ""155183786"", ""210873715"", ""142012440"", ""140676990""]"
none_subset,4,51126117,37520314,43,69,0,0,0,0,0,0,"[""153591399"", ""146413132"", ""202367676"", ""89731710"", ""143989763"", ""155249274"", ""41756235"", ""35117971"", ""143916804"", ""120188232""]"
none_subset,4,94523277,84248620,43,247,0,0,0,0,0,0,"[""89809066"", ""120869286"", ""97617721"", ""158541186"", ""154632495"", ""106212567"", ""59841256"", ""105238183"", ""162680620"", ""166329703""]"
none_subset,4,121083928,108934756,46,8,0,0,0,1,1,1,"[""142436010"", ""133461188"", ""205395255"", ""144431749"", ""164627162"", ""141583383"", ""206453483"", ""108934756"", ""100881714"", ""159369178""]"
none_subset,4,221352273,98882441,43,94,0,0,0,0,0,0,"[""126702260"", ""153090870"", ""183525953"", ""195408710"", ""97240353"", ""141162020"", ""211784042"", ""176776603"", ""207541405"", ""204449585""]"
none_subset,4,175473031,127669129,38,368,0,0,0,0,0,0,"[""19105395"", ""152717874"", ""189745383"", ""188178632"", ""144249722"", ""174919483"", ""161450028"", ""173253112"", ""104404349"", ""191768974""]"
none_subset,4,116625385,103725802,62,242,0,0,0,0,0,0,"[""50662129"", ""18880304"", ""146789147"", ""94546694"", ""188189839"", ""141754702"", ""110202670"", ""204830740"", ""97195771"", ""92445171""]"
none_subset,4,223988089,213483179,4,56,0,0,0,0,0,0,"[""163340296"", ""177056777"", ""202705628"", ""207791923"", ""213127345"", ""191316160"", ""180843726"", ""183764775"", ""193323154"", ""189202376""]"
none_subset,4,219120638,204141781,4,23,0,0,0,0,1,1,"[""179258061"", ""207322592"", ""154039318"", ""190340453"", ""183642706"", ""206303506"", ""200110527"", ""191033158"", ""213835807"", ""104705407""]"
none_subset,4,215082446,203402486,37,21,0,0,0,0,1,1,"[""148500212"", ""168569670"", ""208436129"", ""152910319"", ""212381571"", ""210646051"", ""150707511"", ""164415171"", ""212263607"", ""195715759""]"
none_subset,4,196002134,161849215,38,50,0,0,0,0,0,1,"[""193054363"", ""99075342"", ""203967736"", ""190121356"", ""182664472"", ""126821762"", ""182373496"", ""141798974"", ""156263699"", ""187725448""]"
none_subset,4,208449521,185245568,57,468,0,0,0,0,0,0,"[""134525592"", ""183442245"", ""208325814"", ""214790006"", ""205149327"", ""207601730"", ""208983504"", ""105112041"", ""201062127"", ""204061426""]"
none_subset,4,183171638,145779083,64,147,0,0,0,0,0,0,"[""179201033"", ""80281524"", ""60032340"", ""62550428"", ""200592836"", ""149715107"", ""187708913"", ""181619566"", ""138235993"", ""170931595""]"
none_subset,4,220410698,197891724,43,69,0,0,0,0,0,0,"[""197613208"", ""164251704"", ""161849641"", ""66709739"", ""168131196"", ""72463184"", ""139993623"", ""127254122"", ""66709745"", ""100215754""]"
none_subset,4,221535047,179411117,64,136,0,0,0,0,0,0,"[""98469115"", ""181874277"", ""167172273"", ""135170809"", ""165717472"", ""174916841"", ""191000780"", ""163956163"", ""69227080"", ""111495627""]"
none_subset,4,216601243,200027492,64,36,0,0,0,0,0,1,"[""182199798"", ""210055173"", ""129288036"", ""105939282"", ""26313820"", ""121294809"", ""126296430"", ""174387123"", ""200505701"", ""149772224""]"
none_subset,4,220873388,199918988,37,155,0,0,0,0,0,0,"[""187502080"", ""162977839"", ""153111696"", ""163212625"", ""212047029"", ""123163900"", ""188679659"", ""156176895"", ""151560800"", ""183923787""]"
none_subset,4,217693454,177166442,43,14,0,0,0,0,1,1,"[""201230840"", ""122714725"", ""209588885"", ""125552119"", ""209248830"", ""192226046"", ""191423965"", ""143671449"", ""104021362"", ""162160284""]"
none_subset,4,173520109,99275075,43,21,0,0,0,0,1,1,"[""136644867"", ""166752829"", ""158792208"", ""198313310"", ""177591827"", ""215371526"", ""160058303"", ""203338637"", ""164285938"", ""76158891""]"
none_subset,4,212767210,189061237,64,193,0,0,0,0,0,0,"[""182199798"", ""200505701"", ""207331867"", ""68125060"", ""196286726"", ""148720113"", ""203527868"", ""205736876"", ""210741382"", ""194785114""]"
none_subset,4,91880497,88249240,64,322,0,0,0,0,0,0,"[""160009723"", ""156766484"", ""138798142"", ""70607335"", ""127617798"", ""97352989"", ""109320323"", ""201542748"", ""159988781"", ""82808529""]"
none_subset,4,153313707,122241592,37,26,0,0,0,0,1,1,"[""171803364"", ""160929058"", ""154942150"", ""85363083"", ""169592229"", ""105569391"", ""139571763"", ""143030980"", ""203680817"", ""143065524""]"
none_subset,4,207456721,126618856,43,200,0,0,0,0,0,0,"[""166301530"", ""190372173"", ""208309750"", ""197514276"", ""170651164"", ""180261414"", ""200392561"", ""84782336"", ""194880726"", ""107193923""]"
none_subset,4,161209672,138898252,4,9,0,0,0,1,1,1,"[""123336352"", ""213491115"", ""80097875"", ""163708754"", ""172884595"", ""133370194"", ""88024994"", ""99318165"", ""138898252"", ""62971785""]"
none_subset,4,187312138,148067653,37,498,0,0,0,0,0,0,"[""187043151"", ""123259140"", ""186986472"", ""29496516"", ""45171964"", ""120040052"", ""187819119"", ""139778879"", ""178992708"", ""105224939""]"
none_subset,4,54146503,56795758,4,56,0,0,0,0,0,0,"[""133632260"", ""50763598"", ""102233014"", ""119900827"", ""203910236"", ""179145991"", ""192752207"", ""181054833"", ""214491007"", ""27693819""]"
none_subset,4,210255972,188314835,62,73,0,0,0,0,0,0,"[""32728587"", ""194424066"", ""142923518"", ""143843798"", ""129898062"", ""148423515"", ""192577715"", ""184570386"", ""195900799"", ""133212921""]"
none_subset,4,207031014,150231110,57,244,0,0,0,0,0,0,"[""173797071"", ""183349552"", ""130403648"", ""52498980"", ""163863157"", ""178369063"", ""209125579"", ""139201198"", ""135046482"", ""205076818""]"
none_subset,4,199520065,173406416,57,50,0,0,0,0,0,1,"[""209726209"", ""209741084"", ""210148578"", ""211144080"", ""209644299"", ""161339845"", ""211212706"", ""212385263"", ""211475673"", ""175714996""]"
none_subset,4,215503911,187812442,37,4,0,0,1,1,1,1,"[""121116115"", ""198753304"", ""16898206"", ""187812442"", ""119637829"", ""149631379"", ""186179843"", ""176706329"", ""160127507"", ""142288546""]"
none_subset,4,216752174,12178696,57,1019,0,0,0,0,0,0,"[""202223595"", ""214125411"", ""170745002"", ""158555938"", ""177626941"", ""196495234"", ""207769474"", ""203388288"", ""134702798"", ""112042068""]"
none_subset,4,196206050,103725130,62,906,0,0,0,0,0,0,"[""116117359"", ""201810908"", ""176607034"", ""118353922"", ""167375117"", ""164559013"", ""75511022"", ""150855027"", ""87474362"", ""19018996""]"
none_subset,4,195732783,167970913,62,14,0,0,0,0,1,1,"[""167296312"", ""157926065"", ""204435102"", ""173119325"", ""147492641"", ""203736902"", ""57509321"", ""110270218"", ""79050446"", ""191519026""]"
none_subset,4,219385996,204738388,64,44,0,0,0,0,0,1,"[""117481999"", ""204824313"", ""105267083"", ""179201033"", ""138800320"", ""156194814"", ""154682545"", ""149715107"", ""208915255"", ""150944561""]"
none_subset,4,164141610,140447135,4,65,0,0,0,0,0,0,"[""181206759"", ""214085481"", ""197712619"", ""193951937"", ""215675334"", ""170658877"", ""142085087"", ""211608400"", ""139920243"", ""210498460""]"
none_subset,4,207144471,179312045,43,39,0,0,0,0,0,1,"[""190076056"", ""176722009"", ""147531803"", ""188577365"", ""67208060"", ""200269485"", ""160407494"", ""38569436"", ""192493949"", ""184777155""]"
none_subset,4,218707519,194193597,37,1838,0,0,0,0,0,0,"[""156176895"", ""139307132"", ""212047029"", ""195462928"", ""188742562"", ""141976904"", ""187545617"", ""126929630"", ""170049514"", ""148515955""]"
none_subset,4,184643244,136188138,43,426,0,0,0,0,0,0,"[""157995027"", ""157682449"", ""70531248"", ""172028249"", ""192559614"", ""146073359"", ""201144626"", ""178871976"", ""191770638"", ""125934100""]"
none_subset,4,190676291,129735644,37,4,0,0,1,1,1,1,"[""200025016"", ""198753304"", ""159931625"", ""129735644"", ""188679659"", ""143805569"", ""156634898"", ""134150182"", ""151301358"", ""93714502""]"
none_subset,4,220483436,203171809,46,97,0,0,0,0,0,0,"[""197949897"", ""179533802"", ""105775833"", ""209050134"", ""127408911"", ""212168388"", ""52439531"", ""157471709"", ""158806989"", ""199073995""]"
none_subset,4,143144936,113922393,43,37,0,0,0,0,0,1,"[""196601703"", ""100976417"", ""76024222"", ""187123822"", ""163402666"", ""176675797"", ""120544015"", ""147531803"", ""118952445"", ""183697177""]"
none_subset,4,148639615,127456600,64,151,0,0,0,0,0,0,"[""123687478"", ""60032340"", ""97354544"", ""126079819"", ""187716249"", ""130509385"", ""196347311"", ""194941994"", ""15748792"", ""146444401""]"
none_subset,4,198739700,143853422,46,195,0,0,0,0,0,0,"[""139649558"", ""127947793"", ""156263625"", ""127547793"", ""184646371"", ""59097004"", ""210128394"", ""167383627"", ""165953966"", ""205315794""]"
none_subset,4,178363367,76515539,4,331,0,0,0,0,0,0,"[""144513042"", ""126889201"", ""151009561"", ""184628720"", ""201514296"", ""112871050"", ""105607313"", ""186179720"", ""44842674"", ""117660981""]"
none_subset,4,221497820,205217800,37,2318,0,0,0,0,0,0,"[""186828726"", ""192617496"", ""199918988"", ""191911000"", ""194408004"", ""213318077"", ""173640245"", ""196890344"", ""195908286"", ""204138156""]"
none_subset,4,212427235,192331154,4,5,0,0,1,1,1,1,"[""160129846"", ""195513078"", ""160260159"", ""72373127"", ""192331154"", ""153928357"", ""158545727"", ""188074441"", ""192331065"", ""192877167""]"
none_subset,4,225330143,209736185,37,72,0,0,0,0,0,0,"[""192569315"", ""212621102"", ""208742868"", ""210478382"", ""207605603"", ""214409508"", ""158417007"", ""190569345"", ""79219323"", ""183010273""]"
none_subset,4,149653684,129743423,46,191,0,0,0,0,0,0,"[""198984808"", ""173486067"", ""201604744"", ""207544587"", ""166686446"", ""83202485"", ""177107115"", ""179691172"", ""173579264"", ""133168724""]"
none_subset,4,222741617,189469136,62,561,0,0,0,0,0,0,"[""69165087"", ""203208937"", ""211901178"", ""145797588"", ""154898137"", ""124265654"", ""150458051"", ""212334345"", ""120041482"", ""109144733""]"
none_subset,4,213530281,132708440,4,116,0,0,0,0,0,0,"[""163608455"", ""82742836"", ""19130713"", ""195717749"", ""146961197"", ""213979278"", ""79486528"", ""31486566"", ""107528202"", ""149909385""]"
none_subset,4,221051112,158758245,46,905,0,0,0,0,0,0,"[""210856802"", ""204919891"", ""210498678"", ""208805779"", ""202137925"", ""198204190"", ""208458622"", ""204899704"", ""179440577"", ""209482743""]"
none_subset,4,191124002,152338035,64,227,0,0,0,0,0,0,"[""92304326"", ""213913118"", ""165717472"", ""77671900"", ""147880315"", ""174916841"", ""171371555"", ""143939537"", ""127488797"", ""126295674""]"
none_subset,4,131711339,111176115,38,1019,0,0,0,0,0,0,"[""157714512"", ""195156235"", ""215127574"", ""211427284"", ""145998937"", ""168008625"", ""165798838"", ""186533660"", ""192884067"", ""160303868""]"
none_subset,4,218053735,202872734,46,51,0,0,0,0,0,0,"[""208062801"", ""210738657"", ""211911671"", ""204759997"", ""141613878"", ""143077183"", ""204065707"", ""133738518"", ""207833370"", ""118565908""]"
none_subset,4,209953485,170224824,37,125,0,0,0,0,0,0,"[""10976521"", ""140057420"", ""202333162"", ""197344850"", ""172603509"", ""198930981"", ""185411714"", ""141014415"", ""203977100"", ""105418570""]"
none_subset,4,123145704,104800968,62,2944,0,0,0,0,0,0,"[""211638809"", ""156814814"", ""14027620"", ""81077749"", ""194491562"", ""135226686"", ""1975349"", ""203439933"", ""196543115"", ""153485930""]"
none_subset,4,220591624,189374146,43,444,0,0,0,0,0,0,"[""202626349"", ""212129667"", ""210037205"", ""203348372"", ""195224828"", ""168115086"", ""190234147"", ""184633847"", ""132795249"", ""165130009""]"
none_subset,4,207886052,180281437,57,1234,0,0,0,0,0,0,"[""193303170"", ""172994991"", ""195530341"", ""213078674"", ""195530334"", ""210636826"", ""204720478"", ""210440269"", ""211301569"", ""209144105""]"
none_subset,4,146729202,126538280,46,112,0,0,0,0,0,0,"[""167967668"", ""207326970"", ""169673924"", ""208224187"", ""163911793"", ""150754478"", ""53547017"", ""108060129"", ""138605976"", ""159369178""]"
none_subset,4,182901850,152170362,37,761,0,0,0,0,0,0,"[""202328626"", ""142665464"", ""195054374"", ""157945105"", ""190075252"", ""118291817"", ""75561865"", ""84838254"", ""153601190"", ""100774234""]"
none_subset,4,85386587,79117002,64,660,0,0,0,0,0,0,"[""171025610"", ""132803751"", ""132097649"", ""97354544"", ""149831959"", ""169253567"", ""126387688"", ""115621700"", ""202433384"", ""204754543""]"
none_subset,4,220108881,173970730,64,506,0,0,0,0,0,0,"[""192779268"", ""195252307"", ""183765574"", ""105898966"", ""174719538"", ""210148884"", ""200026497"", ""169931960"", ""173661276"", ""14352417""]"
none_subset,4,136231774,118321491,46,145,0,0,0,0,0,0,"[""154821670"", ""142537342"", ""194301324"", ""102024389"", ""142789905"", ""204096052"", ""140412713"", ""77518021"", ""126662251"", ""190358880""]"
none_subset,4,218076458,202391654,43,373,0,0,0,0,0,0,"[""182399428"", ""185108178"", ""183765224"", ""202626349"", ""168115086"", ""190234147"", ""203348372"", ""207732639"", ""192996306"", ""201535486""]"
none_subset,4,151457040,131972279,38,484,0,0,0,0,0,0,"[""158574234"", ""206197845"", ""105902861"", ""213591035"", ""132694650"", ""96235679"", ""200073680"", ""162735920"", ""137850254"", ""73044615""]"
none_subset,4,94771580,90931027,4,3,0,1,1,1,1,1,"[""86385298"", ""194212862"", ""90931027"", ""198808044"", ""144016634"", ""191246700"", ""183508043"", ""207099729"", ""185362507"", ""190777127""]"
none_subset,4,195834261,152715274,43,184,0,0,0,0,0,0,"[""171798974"", ""144345531"", ""156395019"", ""168943005"", ""98301531"", ""192427243"", ""205517780"", ""132315079"", ""137771001"", ""190843616""]"
none_subset,4,225335264,213936097,38,10,0,0,0,1,1,1,"[""108421334"", ""133136953"", ""159333154"", ""127751166"", ""179876069"", ""37809434"", ""124169140"", ""191903812"", ""92914026"", ""213936097""]"
none_subset,4,217442424,194999634,37,1205,0,0,0,0,0,0,"[""33563950"", ""206587185"", ""82620936"", ""193680819"", ""169228866"", ""145112155"", ""123336704"", ""12185913"", ""193679263"", ""189202972""]"
none_subset,4,170306265,132521306,62,2262,0,0,0,0,0,0,"[""172899019"", ""184997209"", ""150060889"", ""178376577"", ""201947888"", ""205247044"", ""87531727"", ""160614049"", ""74242439"", ""198384646""]"
none_subset,4,225100806,194420087,38,12,0,0,0,0,1,1,"[""153901522"", ""206506072"", ""163646287"", ""163280205"", ""130417987"", ""123190192"", ""207390508"", ""145720442"", ""207390535"", ""190160674""]"
none_subset,4,151560675,130163312,43,106,0,0,0,0,0,0,"[""147117418"", ""141417624"", ""193482080"", ""186403472"", ""127000704"", ""183029564"", ""158391463"", ""175827163"", ""205605896"", ""203178329""]"
none_subset,4,171987040,118260233,57,14,0,0,0,0,1,1,"[""190632146"", ""78545033"", ""143684931"", ""140102042"", ""204632527"", ""202770273"", ""142032570"", ""168045888"", ""211588897"", ""163252829""]"
none_subset,4,202153214,123069558,4,30,0,0,0,0,1,1,"[""73118528"", ""200198172"", ""139479783"", ""169715410"", ""191183275"", ""163772112"", ""164936492"", ""195078342"", ""206016133"", ""190228386""]"
none_subset,4,78072053,59483816,64,117,0,0,0,0,0,0,"[""88397191"", ""157803989"", ""209149604"", ""174340250"", ""128304968"", ""69248477"", ""164717269"", ""181079853"", ""138115654"", ""201270567""]"
none_subset,4,207493523,182899766,38,59,0,0,0,0,0,0,"[""205170862"", ""102106304"", ""199402447"", ""76417560"", ""101964968"", ""135581008"", ""195462936"", ""155422545"", ""193744229"", ""81584170""]"
none_subset,4,187751524,117977369,62,388,0,0,0,0,0,0,"[""185057131"", ""201053460"", ""176645947"", ""6204449"", ""55234377"", ""84991316"", ""119124932"", ""195935444"", ""181798024"", ""24686208""]"
none_subset,4,224353790,176867327,4,8,0,0,0,1,1,1,"[""186841122"", ""139852579"", ""199942377"", ""154031903"", ""182060832"", ""9766161"", ""191214295"", ""176867327"", ""200963901"", ""211845271""]"
none_subset,4,224963732,63150406,4,59,0,0,0,0,0,0,"[""101609584"", ""204134750"", ""199834780"", ""210721272"", ""22859510"", ""209607188"", ""167351572"", ""202029081"", ""215222504"", ""187964382""]"
none_subset,4,188363890,157022245,37,8,0,0,0,1,1,1,"[""214708320"", ""103057199"", ""188679659"", ""146818815"", ""93714502"", ""138291906"", ""157798849"", ""157022245"", ""152102790"", ""201252808""]"
none_subset,4,111391777,80592176,43,2250,0,0,0,0,0,0,"[""112544549"", ""190076056"", ""184777155"", ""160407494"", ""147531803"", ""109574039"", ""177908348"", ""119119405"", ""38569436"", ""199487526""]"
none_subset,4,185861316,157034330,43,2100,0,0,0,0,0,0,"[""154216019"", ""77390218"", ""153936589"", ""179054743"", ""73371698"", ""102049448"", ""215052803"", ""191916630"", ""55355667"", ""174578139""]"
none_subset,4,199220900,172517595,46,158,0,0,0,0,0,0,"[""113497361"", ""209824689"", ""131042947"", ""197949897"", ""145094112"", ""200878445"", ""171974189"", ""202061415"", ""162270850"", ""211774611""]"
none_subset,4,194601945,167254572,57,548,0,0,0,0,0,0,"[""204632527"", ""202770273"", ""126962839"", ""78545033"", ""205338582"", ""182256012"", ""118260233"", ""140041163"", ""209502529"", ""85332654""]"
none_subset,4,209766875,129198704,62,900,0,0,0,0,0,0,"[""139116865"", ""202517117"", ""206062280"", ""146833356"", ""124421602"", ""181082260"", ""129328061"", ""213830821"", ""196345674"", ""168748685""]"
none_subset,4,116160094,86336122,46,334,0,0,0,0,0,0,"[""146029150"", ""182136657"", ""108971427"", ""129427671"", ""151511658"", ""101304130"", ""167337155"", ""50541291"", ""201991995"", ""176647062""]"
none_subset,4,147717089,108862398,64,2,0,1,1,1,1,1,"[""131569653"", ""108862398"", ""200497374"", ""139515295"", ""154504845"", ""79117002"", ""7771724"", ""143662194"", ""179216205"", ""148413683""]"
none_subset,4,186626837,158545727,4,8,0,0,0,1,1,1,"[""191509023"", ""192331065"", ""192786300"", ""184476437"", ""120205229"", ""72373127"", ""191461282"", ""158545727"", ""174176796"", ""191597482""]"
none_subset,4,119314301,106027581,38,21,0,0,0,0,1,1,"[""8550716"", ""179876069"", ""102778559"", ""44504337"", ""214394715"", ""171949747"", ""192721742"", ""150241983"", ""83087072"", ""58600925""]"
none_subset,4,204757422,175989090,38,1224,0,0,0,0,0,0,"[""127507638"", ""79794775"", ""131972279"", ""139871095"", ""76417560"", ""172823627"", ""169977461"", ""91942518"", ""126891166"", ""173478781""]"
none_subset,4,219332289,205051314,38,9,0,0,0,1,1,1,"[""145782832"", ""181443633"", ""149816343"", ""118659816"", ""64731721"", ""180260568"", ""67086891"", ""147242050"", ""205051314"", ""68644542""]"
none_subset,4,186986097,133869230,62,1512,0,0,0,0,0,0,"[""162429356"", ""185125027"", ""178376577"", ""204531248"", ""133065519"", ""212209791"", ""158541711"", ""191702071"", ""206509724"", ""179064472""]"
none_subset,4,224030595,213046127,37,24,0,0,0,0,1,1,"[""207178377"", ""207481345"", ""150765445"", ""207536937"", ""214409276"", ""64149000"", ""168157454"", ""204077513"", ""206129800"", ""211380775""]"
none_subset,4,223060529,211190408,46,57,0,0,0,0,0,0,"[""210780225"", ""210310500"", ""167548901"", ""210970459"", ""183049052"", ""190115727"", ""76061645"", ""212384469"", ""204219042"", ""137142760""]"
none_subset,4,225333086,214293298,46,772,0,0,0,0,0,0,"[""177962710"", ""208805779"", ""208458622"", ""129461367"", ""105346807"", ""214251597"", ""204899704"", ""203415759"", ""209179234"", ""208726649""]"
none_subset,4,223202492,212168854,43,41,0,0,0,0,0,1,"[""176670642"", ""213237056"", ""89403432"", ""183029564"", ""145698725"", ""176475069"", ""204884209"", ""157809653"", ""88632490"", ""154156370""]"
none_subset,4,102160839,96260659,57,712,0,0,0,0,0,0,"[""83357296"", ""115422067"", ""139028158"", ""195891082"", ""135805652"", ""207173802"", ""208750964"", ""102488247"", ""211835809"", ""166910126""]"
none_subset,4,206290777,118125733,37,522,0,0,0,0,0,0,"[""192913849"", ""131581832"", ""150765445"", ""187021020"", ""195715759"", ""145100939"", ""163655065"", ""201258368"", ""136186158"", ""143874999""]"
none_subset,4,205775114,168366363,4,164,0,0,0,0,0,0,"[""167104684"", ""141130959"", ""157103009"", ""167034580"", ""207942600"", ""158607543"", ""157939590"", ""178716548"", ""110480641"", ""143950194""]"
none_subset,4,213047715,192139123,37,1074,0,0,0,0,0,0,"[""94672340"", ""91173744"", ""156440997"", ""153367008"", ""178244096"", ""184071121"", ""180649299"", ""146393296"", ""202204599"", ""187712911""]"
none_subset,4,207498692,142735207,64,757,0,0,0,0,0,0,"[""153356810"", ""160008395"", ""151051885"", ""80098795"", ""204007990"", ""148153014"", ""103189720"", ""147984435"", ""137043393"", ""93604401""]"
none_subset,4,208946500,161751974,62,516,0,0,0,0,0,0,"[""176309620"", ""165049336"", ""106557292"", ""63080448"", ""210678182"", ""123665712"", ""143261727"", ""141090046"", ""188860992"", ""190418447""]"
none_subset,4,33617843,36111005,46,133,0,0,0,0,0,0,"[""203343668"", ""138953275"", ""131488301"", ""61233280"", ""207470239"", ""99417894"", ""141682649"", ""213226745"", ""203173795"", ""120963350""]"
none_subset,4,193642806,139649558,46,1,1,1,1,1,1,1,"[""139649558"", ""184612826"", ""154894208"", ""59097004"", ""193074174"", ""127947793"", ""155017018"", ""208493172"", ""156554598"", ""206729201""]"
none_subset,4,192026550,119096193,38,37,0,0,0,0,0,1,"[""187612197"", ""178462865"", ""102812596"", ""207656146"", ""16689432"", ""153191207"", ""27784922"", ""158493521"", ""209895579"", ""114131241""]"
none_subset,4,179279562,148395469,38,343,0,0,0,0,0,0,"[""79372963"", ""108421334"", ""171949747"", ""113999751"", ""165409487"", ""12905940"", ""163524272"", ""71896485"", ""95323314"", ""159268049""]"
none_subset,4,208649877,184547134,38,480,0,0,0,0,0,0,"[""123821164"", ""203967736"", ""148428740"", ""180023471"", ""145865678"", ""154112696"", ""181880655"", ""99912896"", ""126393314"", ""18107447""]"
none_subset,4,222409288,206947052,4,27,0,0,0,0,1,1,"[""212277102"", ""164258790"", ""204124240"", ""205025057"", ""205530255"", ""158546701"", ""138626625"", ""204678434"", ""113199812"", ""132801199""]"
none_subset,4,192463695,164467222,43,103,0,0,0,0,0,0,"[""212847147"", ""114763824"", ""153170090"", ""140307868"", ""117984925"", ""148635203"", ""54249020"", ""176565044"", ""189290034"", ""192437542""]"
none_subset,4,24131087,23370473,64,1478,0,0,0,0,0,0,"[""181619566"", ""128607088"", ""151051885"", ""19607163"", ""115621700"", ""138322181"", ""187708913"", ""146848980"", ""90897593"", ""176380655""]"
none_subset,4,219575931,204090999,57,1635,0,0,0,0,0,0,"[""165637321"", ""73841445"", ""121902729"", ""183993242"", ""111600891"", ""192963179"", ""161319979"", ""86264024"", ""98039533"", ""170453821""]"
none_subset,4,195871684,167314927,62,1784,0,0,0,0,0,0,"[""143932676"", ""127682307"", ""76575420"", ""125457528"", ""186943676"", ""74242439"", ""194290546"", ""61171420"", ""91504061"", ""72763415""]"
none_subset,4,196322778,76668217,64,19,0,0,0,0,1,1,"[""153275921"", ""126295674"", ""165717472"", ""171371555"", ""174916841"", ""206142030"", ""98469115"", ""92304326"", ""157187324"", ""193793367""]"
none_subset,4,216142657,191096738,4,159,0,0,0,0,0,0,"[""130299986"", ""153991203"", ""150920816"", ""152566280"", ""171447530"", ""143852845"", ""141186510"", ""202362364"", ""200963858"", ""203048719""]"
none_subset,4,82006848,78523755,64,30,0,0,0,0,1,1,"[""82808529"", ""44132236"", ""83781866"", ""205920501"", ""90790862"", ""75157723"", ""130094229"", ""155708697"", ""118462041"", ""74256345""]"
none_subset,4,217905927,201535486,43,106,0,0,0,0,0,0,"[""197613208"", ""156158359"", ""164251704"", ""208864917"", ""208096405"", ""200208585"", ""212033090"", ""192529072"", ""168131196"", ""211667378""]"
none_subset,4,208390545,59625040,46,406,0,0,0,0,0,0,"[""204316129"", ""186808700"", ""173365679"", ""141781507"", ""84550918"", ""84491633"", ""207127154"", ""49933218"", ""209764015"", ""198221243""]"
none_subset,4,179369744,73560534,38,1260,0,0,0,0,0,0,"[""156424467"", ""144272305"", ""179234058"", ""177165475"", ""98078621"", ""181436319"", ""49391991"", ""121639115"", ""153777089"", ""77869775""]"
none_subset,4,101140480,94325281,64,675,0,0,0,0,0,0,"[""67998486"", ""155183786"", ""32252174"", ""60046348"", ""152603802"", ""214575753"", ""210444502"", ""209711556"", ""141045171"", ""111626622""]"
none_subset,4,89674009,81691027,38,122,0,0,0,0,0,0,"[""26133933"", ""12850729"", ""186719839"", ""188963004"", ""200850313"", ""161792498"", ""125477062"", ""92430066"", ""129086390"", ""72092510""]"
none_subset,4,142761922,125568463,46,913,0,0,0,0,0,0,"[""150142821"", ""206995470"", ""60967653"", ""160547931"", ""170790096"", ""179384818"", ""70517064"", ""152639237"", ""132867538"", ""211380085""]"
none_subset,4,33678576,15001776,64,819,0,0,0,0,0,0,"[""60032340"", ""155183786"", ""25588585"", ""196347311"", ""90897593"", ""97354544"", ""115621700"", ""63474547"", ""181619566"", ""164050198""]"
none_subset,4,179476917,141606114,4,171,0,0,0,0,0,0,"[""149759096"", ""12396291"", ""167643231"", ""138975756"", ""187964382"", ""144373105"", ""68871068"", ""170267536"", ""148281605"", ""75828042""]"
none_subset,4,223946239,213414254,4,48,0,0,0,0,0,1,"[""207985124"", ""167846611"", ""188321672"", ""215485045"", ""189899644"", ""183690665"", ""188605425"", ""191147915"", ""177558432"", ""215580451""]"
none_subset,4,174118254,143065905,37,2,0,1,1,1,1,1,"[""140618489"", ""143065905"", ""142113211"", ""173621712"", ""188646002"", ""128944935"", ""174850296"", ""142508806"", ""183268600"", ""70970519""]"
none_subset,4,183117973,115290940,37,677,0,0,0,0,0,0,"[""190113798"", ""114167582"", ""137589893"", ""191097659"", ""164415171"", ""173227324"", ""149248013"", ""186429778"", ""107202977"", ""201003118""]"
none_subset,4,175413260,130737214,38,930,0,0,0,0,0,0,"[""161128754"", ""136373067"", ""187725448"", ""134087120"", ""66001771"", ""156263699"", ""184191073"", ""200275336"", ""140979774"", ""73914237""]"
none_subset,4,209482859,181736422,38,234,0,0,0,0,0,0,"[""153387624"", ""212088933"", ""180386955"", ""145999061"", ""89532322"", ""138613562"", ""128168264"", ""79372963"", ""149343290"", ""45759986""]"
none_subset,4,221003754,206800954,4,1454,0,0,0,0,0,0,"[""156251697"", ""177860593"", ""73943138"", ""151519381"", ""146628629"", ""123148492"", ""184753068"", ""213617512"", ""90418481"", ""205041976""]"
none_subset,4,118883001,105063982,57,576,0,0,0,0,0,0,"[""125904741"", ""202526079"", ""135872349"", ""210683531"", ""196594818"", ""196654350"", ""154877704"", ""85291605"", ""172059758"", ""214202331""]"
none_subset,4,218366315,140803712,46,540,0,0,0,0,0,0,"[""205037505"", ""148554569"", ""176659851"", ""206303291"", ""178975230"", ""180795459"", ""206579192"", ""78696152"", ""211540948"", ""121183627""]"
none_subset,4,209894344,167892996,57,775,0,0,0,0,0,0,"[""97187105"", ""180302528"", ""52718700"", ""117927111"", ""124098501"", ""159050136"", ""83390455"", ""150670825"", ""124415280"", ""180448567""]"
none_subset,4,207061491,168928025,62,919,0,0,0,0,0,0,"[""124381580"", ""94546694"", ""106557292"", ""52773606"", ""99563204"", ""56305255"", ""188860992"", ""138120106"", ""152815967"", ""141918937""]"
none_subset,4,201593798,161790106,43,49,0,0,0,0,0,1,"[""130951250"", ""210744893"", ""194941770"", ""207656544"", ""194184168"", ""201971973"", ""209145709"", ""140993217"", ""172004209"", ""193875683""]"
none_subset,4,225306237,215138112,64,218,0,0,0,0,0,0,"[""210649942"", ""211889722"", ""176590943"", ""207726882"", ""174719538"", ""214403909"", ""197268810"", ""184550395"", ""175191129"", ""200030150""]"
none_subset,4,143777051,114526627,62,1815,0,0,0,0,0,0,"[""136598057"", ""119396258"", ""205254156"", ""205608634"", ""73563944"", ""52192033"", ""154898111"", ""140394137"", ""179155211"", ""195015114""]"
none_subset,4,217014070,150945016,37,860,0,0,0,0,0,0,"[""201740861"", ""45171964"", ""178961164"", ""181408383"", ""57914905"", ""187043151"", ""191931364"", ""139778879"", ""204920168"", ""189485130""]"
none_subset,4,180094400,149056162,37,305,0,0,0,0,0,0,"[""98865638"", ""53389573"", ""193030442"", ""202778075"", ""159931342"", ""209543868"", ""200915401"", ""153562476"", ""213471023"", ""194094966""]"
none_subset,4,207560852,183472917,62,475,0,0,0,0,0,0,"[""191313815"", ""210489322"", ""192772205"", ""213066001"", ""84070714"", ""197247155"", ""94930933"", ""211070786"", ""188217169"", ""206841068""]"
none_subset,4,184775118,154364197,64,1577,0,0,0,0,0,0,"[""194941994"", ""146444401"", ""56995363"", ""101323481"", ""121260031"", ""101169098"", ""142232452"", ""159848606"", ""116394697"", ""172741180""]"
none_subset,4,223690184,207948213,38,9,0,0,0,1,1,1,"[""127507638"", ""126409844"", ""139871095"", ""172823627"", ""63443950"", ""169977461"", ""78137458"", ""145712328"", ""207948213"", ""79794775""]"
none_subset,4,214828736,195583647,37,879,0,0,0,0,0,0,"[""211987844"", ""206129800"", ""177838111"", ""209034394"", ""210025924"", ""203837820"", ""146524904"", ""210478382"", ""213046127"", ""211389654""]"
none_subset,4,191627223,164099332,62,2194,0,0,0,0,0,0,"[""45997741"", ""156503039"", ""191710575"", ""178964015"", ""160610901"", ""190955120"", ""165955561"", ""193705208"", ""73906788"", ""119531432""]"
none_subset,4,197554152,170263816,62,610,0,0,0,0,0,0,"[""113866351"", ""193136181"", ""162263431"", ""45013331"", ""75207324"", ""42940692"", ""164086518"", ""80344615"", ""96688945"", ""212966939""]"
none_subset,4,166510036,138606216,38,51,0,0,0,0,0,0,"[""211454407"", ""143671272"", ""203371728"", ""206918840"", ""160111603"", ""164618247"", ""104770507"", ""132680001"", ""137715155"", ""168951957""]"
none_subset,4,224499261,212715570,37,2,0,1,1,1,1,1,"[""173981806"", ""212715570"", ""184297463"", ""212542886"", ""204077513"", ""210562159"", ""209172335"", ""199753052"", ""108027894"", ""198513727""]"
none_subset,4,201827405,165105661,4,215,0,0,0,0,0,0,"[""123881493"", ""154474714"", ""44858664"", ""165897952"", ""202002064"", ""112972489"", ""153876614"", ""174692074"", ""156469871"", ""117660981""]"
none_subset,4,216775171,200451540,37,3,0,1,1,1,1,1,"[""172288418"", ""210467440"", ""200451540"", ""212715570"", ""202781695"", ""103235178"", ""205430382"", ""177427251"", ""148596814"", ""172870615""]"
none_subset,4,210702617,185394378,46,29,0,0,0,0,1,1,"[""78390422"", ""198522018"", ""76396478"", ""82040536"", ""201508287"", ""84422038"", ""201311355"", ""172250706"", ""13940893"", ""106926227""]"
none_subset,4,187312110,156634898,37,1036,0,0,0,0,0,0,"[""43972733"", ""159129159"", ""195462928"", ""136855478"", ""166280219"", ""72951233"", ""126929630"", ""127873279"", ""206382148"", ""107202977""]"
none_subset,4,199742206,157864488,46,25,0,0,0,0,1,1,"[""211762574"", ""156263625"", ""211693984"", ""211268424"", ""112985650"", ""214729100"", ""70629074"", ""169636588"", ""200400926"", ""205315794""]"
none_subset,4,196365631,167676599,57,1168,0,0,0,0,0,0,"[""143993691"", ""112917444"", ""167495362"", ""113035980"", ""180305305"", ""120012296"", ""117615208"", ""103674969"", ""102144765"", ""163924604""]"
none_subset,4,181812252,156940916,37,29,0,0,0,0,1,1,"[""187712911"", ""164430683"", ""98329035"", ""156440997"", ""101532006"", ""180649299"", ""184193740"", ""94672340"", ""174852305"", ""196133478""]"
none_subset,4,218337644,143874999,37,56,0,0,0,0,0,0,"[""149406187"", ""192913849"", ""187021020"", ""131581832"", ""166149565"", ""191027835"", ""168021556"", ""197238711"", ""149204589"", ""164055285""]"
none_subset,4,144726662,190355590,62,1321,0,0,0,0,0,0,"[""94546694"", ""189107795"", ""97195771"", ""188696626"", ""99563204"", ""70069885"", ""83719006"", ""92445171"", ""179203933"", ""48004410""]"
none_subset,4,143700091,86486091,43,46,0,0,0,0,0,1,"[""38196926"", ""183751849"", ""153867752"", ""158737000"", ""119064343"", ""151954619"", ""177472789"", ""188378226"", ""157207065"", ""188690647""]"
none_subset,4,34396324,33876194,38,1144,0,0,0,0,0,0,"[""92914026"", ""200830087"", ""207244739"", ""150792406"", ""108421334"", ""12905940"", ""95323314"", ""14434511"", ""155814671"", ""138757742""]"
none_subset,4,165802679,138538000,57,370,0,0,0,0,0,0,"[""194873205"", ""143360433"", ""179858380"", ""174340588"", ""199731867"", ""83866330"", ""135517837"", ""201730719"", ""164548003"", ""118105872""]"
none_subset,4,220573897,202329514,46,189,0,0,0,0,0,0,"[""176834459"", ""169636588"", ""165704043"", ""152763272"", ""178575957"", ""209941947"", ""159344605"", ""158109479"", ""114943400"", ""128991595""]"
none_subset,4,217689516,201024429,46,397,0,0,0,0,0,0,"[""21000985"", ""156263625"", ""168398015"", ""29922766"", ""186542267"", ""143689220"", ""160110731"", ""16339902"", ""79146025"", ""206204582""]"
none_subset,4,216403684,188213435,46,36,0,0,0,0,0,1,"[""134507475"", ""155260589"", ""179861117"", ""182764303"", ""76061645"", ""129506623"", ""180455338"", ""188865413"", ""139939742"", ""211382509""]"
none_subset,4,212699570,191197833,57,20,0,0,0,0,1,1,"[""163533843"", ""122751221"", ""44099846"", ""141728487"", ""136653363"", ""188514510"", ""162086507"", ""140685496"", ""24439761"", ""98298066""]"
none_subset,4,207300178,181324249,38,203,0,0,0,0,0,0,"[""113398847"", ""206303400"", ""98884535"", ""132680001"", ""177616565"", ""163646287"", ""158083734"", ""95395941"", ""132679222"", ""157753200""]"
none_subset,4,209930337,170725190,4,501,0,0,0,0,0,0,"[""27693819"", ""77968334"", ""182361800"", ""119654700"", ""50883863"", ""200589143"", ""186220965"", ""198809896"", ""65093674"", ""148331489""]"
none_subset,4,201722982,145042950,62,199,0,0,0,0,0,0,"[""99563204"", ""134905481"", ""191653901"", ""148423515"", ""91550082"", ""174963383"", ""154719095"", ""155653139"", ""193047150"", ""204100209""]"
none_subset,4,84237445,58379904,64,419,0,0,0,0,0,0,"[""141045171"", ""185454425"", ""120420310"", ""112056185"", ""17386508"", ""183047062"", ""67998486"", ""185413694"", ""126589451"", ""137644883""]"
none_subset,4,148404099,120181686,37,15,0,0,0,0,1,1,"[""213026576"", ""183122776"", ""188967908"", ""42842956"", ""115215869"", ""29496516"", ""109130798"", ""103348357"", ""118291817"", ""185636932""]"
none_subset,4,165463652,136057001,62,28,0,0,0,0,1,1,"[""144314189"", ""139296753"", ""173119325"", ""169222138"", ""199714786"", ""96744852"", ""199438255"", ""147492641"", ""110270218"", ""189178547""]"
none_subset,4,128434761,113148033,37,1657,0,0,0,0,0,0,"[""93714502"", ""43972733"", ""101318206"", ""152140191"", ""58893791"", ""158117230"", ""200025016"", ""152762226"", ""192597928"", ""188967908""]"
none_subset,4,222955728,208750964,57,44,0,0,0,0,0,1,"[""91035907"", ""117779935"", ""164248569"", ""175953709"", ""57596469"", ""98712789"", ""84850725"", ""54602617"", ""212108240"", ""155647098""]"
none_subset,4,205399887,171828064,37,657,0,0,0,0,0,0,"[""124537731"", ""145502443"", ""136371572"", ""206126959"", ""195375302"", ""110465452"", ""196428679"", ""208969575"", ""148800689"", ""58893791""]"
none_subset,4,154200016,119703959,46,630,0,0,0,0,0,0,"[""128991595"", ""91710882"", ""201604744"", ""130420267"", ""213237291"", ""151382180"", ""83202485"", ""165704043"", ""45245395"", ""170915583""]"
none_subset,4,217258793,201437730,46,253,0,0,0,0,0,0,"[""156109827"", ""175661430"", ""114654675"", ""205037505"", ""213129976"", ""132867538"", ""148554569"", ""146520918"", ""184894786"", ""107095516""]"
none_subset,4,196274175,165770420,4,874,0,0,0,0,0,0,"[""140425447"", ""99699218"", ""171791158"", ""113084668"", ""157939590"", ""138308946"", ""141167432"", ""136900812"", ""106188623"", ""63027674""]"
none_subset,4,225228664,213581190,64,59,0,0,0,0,0,0,"[""72224328"", ""179411117"", ""142231631"", ""132289907"", ""150123553"", ""81240114"", ""165315994"", ""85531879"", ""141447890"", ""181496296""]"
none_subset,4,110145801,87001748,43,77,0,0,0,0,0,0,"[""124359099"", ""75648342"", ""81706080"", ""160310106"", ""181065510"", ""121261536"", ""144008610"", ""180314920"", ""79396448"", ""35003932""]"
none_subset,4,184208582,153459958,4,200,0,0,0,0,0,0,"[""153417658"", ""104186703"", ""68173330"", ""148023845"", ""200439718"", ""50337874"", ""207623765"", ""170613385"", ""147048275"", ""75870943""]"
none_subset,4,165752538,120041482,62,5,0,0,1,1,1,1,"[""212906250"", ""150458051"", ""210301365"", ""105231780"", ""120041482"", ""159227409"", ""200033535"", ""186169702"", ""15445290"", ""124265654""]"
none_subset,4,163874536,135684313,64,18,0,0,0,0,1,1,"[""181874277"", ""131569653"", ""184683737"", ""61171911"", ""200497374"", ""160001929"", ""148413683"", ""111165071"", ""139515295"", ""109320323""]"
none_subset,4,203940995,156161422,57,1661,0,0,0,0,0,0,"[""144992451"", ""193957464"", ""204163092"", ""207769496"", ""214125411"", ""214202331"", ""85291605"", ""185622297"", ""70325466"", ""211497441""]"
none_subset,4,139110313,61947978,4,1353,0,0,0,0,0,0,"[""9766161"", ""93370354"", ""176867327"", ""158581056"", ""93949359"", ""207098068"", ""92993887"", ""77929117"", ""150893629"", ""86000147""]"
none_subset,4,225314337,215634830,4,77,0,0,0,0,0,0,"[""140966958"", ""180843726"", ""191209763"", ""71990231"", ""177825434"", ""65093644"", ""189302306"", ""64864978"", ""165904972"", ""139342323""]"
none_subset,4,144806003,124551267,64,218,0,0,0,0,0,0,"[""81240114"", ""178000493"", ""121442493"", ""85531879"", ""79121811"", ""44092132"", ""181955550"", ""92911620"", ""213581190"", ""194095205""]"
none_subset,4,209283968,165285962,43,222,0,0,0,0,0,0,"[""188032543"", ""185121060"", ""190234147"", ""210221001"", ""170689754"", ""171291776"", ""208578922"", ""125361053"", ""192829480"", ""116267659""]"
none_subset,4,216753232,200055457,4,75,0,0,0,0,0,0,"[""158546701"", ""187502252"", ""105544053"", ""125970295"", ""206276218"", ""186370381"", ""190777107"", ""165785804"", ""208445219"", ""183741193""]"
none_subset,4,224362475,158173439,37,213,0,0,0,0,0,0,"[""148515955"", ""134528240"", ""153111696"", ""105969122"", ""187502080"", ""162977839"", ""148248330"", ""172689752"", ""212047029"", ""206146010""]"
none_subset,4,178569882,147820123,37,1670,0,0,0,0,0,0,"[""190113798"", ""140164328"", ""149017929"", ""200379642"", ""183923787"", ""173645815"", ""100774234"", ""162347739"", ""108702236"", ""209208662""]"
none_subset,4,209604337,180575809,4,16,0,0,0,0,1,1,"[""211170774"", ""195596465"", ""195078992"", ""190121568"", ""187219867"", ""192874247"", ""178104667"", ""184322806"", ""185133383"", ""209268749""]"
none_subset,4,219992524,164025251,64,884,0,0,0,0,0,0,"[""181619566"", ""60032340"", ""187708913"", ""154897158"", ""146444401"", ""124198714"", ""90897593"", ""123687478"", ""103416735"", ""187716249""]"
none_subset,4,198508821,123613267,4,22,0,0,0,0,1,1,"[""143872793"", ""110512138"", ""143548483"", ""187964382"", ""89332658"", ""202167018"", ""63027674"", ""117771611"", ""149759096"", ""159734891""]"
none_subset,4,148636912,122818220,43,7,0,0,0,1,1,1,"[""193186547"", ""188690647"", ""161006735"", ""89602786"", ""179054743"", ""164173391"", ""122818220"", ""93370908"", ""85815673"", ""194217103""]"
none_subset,4,204825101,169992252,4,2232,0,0,0,0,0,0,"[""138966111"", ""201735437"", ""186900944"", ""210517999"", ""184281117"", ""210958855"", ""190495475"", ""192424356"", ""129568541"", ""191630851""]"
none_subset,4,57431745,56593545,64,523,0,0,0,0,0,0,"[""200859322"", ""167354299"", ""188599489"", ""193135598"", ""70939079"", ""107795593"", ""118462041"", ""131569653"", ""20739628"", ""156692119""]"
none_subset,4,194697388,132953502,46,311,0,0,0,0,0,0,"[""180804264"", ""213672603"", ""165704043"", ""170915583"", ""204631912"", ""83202485"", ""197454401"", ""77203173"", ""156554598"", ""120932240""]"
none_subset,4,189028515,146801519,57,287,0,0,0,0,0,0,"[""200287721"", ""145955425"", ""153152780"", ""126756828"", ""162112292"", ""173807681"", ""171165314"", ""189411035"", ""182489530"", ""110306995""]"
none_subset,4,223909363,193541472,46,235,0,0,0,0,0,0,"[""165123892"", ""127997699"", ""156109827"", ""77388181"", ""190115727"", ""208649860"", ""107095516"", ""191328220"", ""184894786"", ""200727306""]"
none_subset,4,138495758,95030361,37,278,0,0,0,0,0,0,"[""51749408"", ""143946320"", ""23924949"", ""121116115"", ""153205116"", ""132606216"", ""37024390"", ""21423746"", ""139391729"", ""191525669""]"
none_subset,4,179447751,138028240,38,78,0,0,0,0,0,0,"[""127571400"", ""200665837"", ""179558506"", ""167575814"", ""133274826"", ""204637998"", ""83459172"", ""128953329"", ""117957932"", ""113712890""]"
none_subset,4,127852537,81626812,38,48,0,0,0,0,0,1,"[""207911331"", ""204806709"", ""102166943"", ""198366865"", ""153465230"", ""128080279"", ""161002473"", ""113394033"", ""94347039"", ""193325020""]"
none_subset,4,212440905,192424356,4,8,0,0,0,1,1,1,"[""190594964"", ""153928357"", ""72373127"", ""192331154"", ""193843184"", ""190495475"", ""191147915"", ""192424356"", ""181099732"", ""201454668""]"
none_subset,4,157670348,132803751,64,3,0,1,1,1,1,1,"[""203544848"", ""211228726"", ""132803751"", ""62313025"", ""182762792"", ""153356810"", ""120966979"", ""153594881"", ""184029064"", ""207152337""]"
none_subset,4,191985062,164550665,43,936,0,0,0,0,0,0,"[""53410226"", ""145682464"", ""166317231"", ""215371072"", ""166301530"", ""144475989"", ""156158359"", ""174689753"", ""173084581"", ""104160293""]"
none_subset,4,225336634,48071159,37,1038,0,0,0,0,0,0,"[""191525669"", ""107504819"", ""151437967"", ""137463465"", ""194699966"", ""126929630"", ""130025536"", ""214702437"", ""183777475"", ""152140191""]"
none_subset,4,217323822,191689967,43,6,0,0,0,1,1,1,"[""140052409"", ""112406996"", ""147535992"", ""207549172"", ""170439536"", ""191689967"", ""194343309"", ""186034089"", ""128927470"", ""197493511""]"
none_subset,4,225164440,210724091,4,135,0,0,0,0,0,0,"[""134243031"", ""213465461"", ""138891074"", ""13713734"", ""188613028"", ""186674454"", ""207141467"", ""139476038"", ""51666202"", ""178945612""]"
none_subset,4,216502332,140995261,43,234,0,0,0,0,0,0,"[""180987149"", ""186726793"", ""120188232"", ""202618641"", ""44768555"", ""172848378"", ""172403975"", ""118456882"", ""176670642"", ""147992742""]"
none_subset,4,200789230,174884757,46,272,0,0,0,0,0,0,"[""123813852"", ""113117731"", ""155058299"", ""154163322"", ""75642384"", ""97781465"", ""170566401"", ""128072844"", ""127619503"", ""78885056""]"
none_subset,4,45683167,52432861,46,731,0,0,0,0,0,0,"[""82615761"", ""204980714"", ""167900654"", ""159203778"", ""200400926"", ""134691092"", ""205315794"", ""213237768"", ""74767597"", ""93024322""]"
none_subset,4,219224895,204919891,46,2,0,1,1,1,1,1,"[""207964729"", ""204919891"", ""204757175"", ""209947619"", ""143813249"", ""176931775"", ""179440577"", ""204178124"", ""200735701"", ""206477450""]"
none_subset,4,223224568,213006920,46,180,0,0,0,0,0,0,"[""207870356"", ""170881830"", ""212730825"", ""212261718"", ""208458622"", ""58412205"", ""213978791"", ""7135475"", ""147341866"", ""138296131""]"
none_subset,4,127083376,117996544,57,110,0,0,0,0,0,0,"[""172998313"", ""213471870"", ""124368240"", ""167483506"", ""187256807"", ""206066236"", ""103317928"", ""200031767"", ""158499182"", ""175714996""]"
none_subset,4,216446649,208397174,4,336,0,0,0,0,0,0,"[""209268749"", ""190121568"", ""201765058"", ""211037756"", ""83392880"", ""195078992"", ""172989914"", ""185133383"", ""196558620"", ""201461303""]"
none_subset,4,194056816,156424467,38,249,0,0,0,0,0,0,"[""206506072"", ""207390535"", ""163280205"", ""198468875"", ""145720442"", ""132325249"", ""183226957"", ""107235965"", ""149755002"", ""121564255""]"
none_subset,4,209768067,185690306,43,46,0,0,0,0,0,1,"[""146898856"", ""112929002"", ""101275830"", ""212847147"", ""179312045"", ""68219566"", ""213093649"", ""102607958"", ""121101608"", ""164354706""]"
none_subset,4,161378081,138066138,37,1241,0,0,0,0,0,0,"[""126361288"", ""200025016"", ""183923787"", ""188679659"", ""116967483"", ""197590287"", ""100774234"", ""191072467"", ""156176895"", ""165637927""]"
none_subset,4,199991961,120391248,46,193,0,0,0,0,0,0,"[""166648954"", ""202089470"", ""202089453"", ""139629122"", ""206602271"", ""83646259"", ""159934642"", ""170637462"", ""109562038"", ""53547017""]"
none_subset,4,36386504,39048064,37,250,0,0,0,0,0,0,"[""58893791"", ""152762226"", ""190113798"", ""158117230"", ""152140191"", ""188967908"", ""196428679"", ""101318206"", ""32618321"", ""192597928""]"
none_subset,4,197952774,165792749,64,387,0,0,0,0,0,0,"[""131215451"", ""170757529"", ""167980707"", ""199685872"", ""195252134"", ""110679107"", ""63404553"", ""167250436"", ""165423791"", ""195080854""]"
none_subset,4,122096182,87877269,43,13,0,0,0,0,1,1,"[""144744853"", ""68189198"", ""67021173"", ""186662243"", ""99234253"", ""146898856"", ""158317596"", ""209552250"", ""133241822"", ""64192807""]"
none_subset,4,22886682,21359328,64,531,0,0,0,0,0,0,"[""155183786"", ""176790633"", ""141777886"", ""110653495"", ""209790439"", ""103189720"", ""124127139"", ""185723367"", ""140676990"", ""149506115""]"
none_subset,4,61407787,67349325,4,236,0,0,0,0,0,0,"[""186220965"", ""86774130"", ""147751136"", ""184778089"", ""144995106"", ""100007550"", ""156471159"", ""190013445"", ""126241663"", ""194377968""]"
none_subset,4,212437081,143484940,46,798,0,0,0,0,0,0,"[""158946684"", ""139649558"", ""194811856"", ""16339902"", ""174665100"", ""201215254"", ""110268464"", ""113654919"", ""143258032"", ""132605956""]"
none_subset,4,182850287,143852845,4,113,0,0,0,0,0,0,"[""181715447"", ""148281605"", ""116057633"", ""119644839"", ""122564854"", ""156103241"", ""12396291"", ""93696567"", ""202362364"", ""138975756""]"
none_subset,4,221042154,204510866,64,848,0,0,0,0,0,0,"[""131413365"", ""150385215"", ""16466362"", ""133372020"", ""92309560"", ""143663551"", ""165315994"", ""188679044"", ""78458855"", ""168608952""]"
none_subset,4,223103015,178722271,46,131,0,0,0,0,0,0,"[""153459843"", ""214729100"", ""204100293"", ""213293208"", ""70629074"", ""207544514"", ""206299484"", ""211762574"", ""208712486"", ""167383627""]"
none_subset,4,174489681,144526487,62,302,0,0,0,0,0,0,"[""176890524"", ""204830740"", ""207274549"", ""75068139"", ""45997741"", ""149483143"", ""201064532"", ""18880304"", ""146789147"", ""144935441""]"
none_subset,4,218666287,144917714,62,73,0,0,0,0,0,0,"[""146789147"", ""176309620"", ""210678182"", ""192396971"", ""143261727"", ""165242584"", ""101422214"", ""191872666"", ""106557292"", ""57861067""]"
none_subset,4,221192154,207699341,38,1818,0,0,0,0,0,0,"[""23769172"", ""118623949"", ""204880845"", ""157657051"", ""45579165"", ""184519031"", ""194792551"", ""188544896"", ""170400945"", ""186835193""]"
none_subset,4,144941476,126821762,38,1103,0,0,0,0,0,0,"[""127571400"", ""213985758"", ""154635759"", ""200665837"", ""74626779"", ""205283530"", ""107054492"", ""99753126"", ""106812535"", ""155791307""]"
none_subset,4,213619452,191768974,38,637,0,0,0,0,0,0,"[""64397678"", ""56367133"", ""29779319"", ""171909035"", ""124833754"", ""125496543"", ""206865806"", ""193002592"", ""179234058"", ""143552622""]"
none_subset,4,214827627,189572218,43,15,0,0,0,0,1,1,"[""157655830"", ""81706080"", ""67063550"", ""173923821"", ""68949275"", ""205822080"", ""153525929"", ""162160284"", ""124359099"", ""141811973""]"
none_subset,4,219328727,140979774,38,1,1,1,1,1,1,1,"[""140979774"", ""38003672"", ""150802146"", ""204880845"", ""180386955"", ""161174151"", ""149637319"", ""123821164"", ""173180866"", ""200700536""]"
none_subset,4,223530663,212392746,4,5,0,0,1,1,1,1,"[""209124215"", ""190777127"", ""181054833"", ""190079873"", ""212392746"", ""187320580"", ""176566249"", ""208530280"", ""159567986"", ""185360306""]"
none_subset,4,198057881,165738313,46,685,0,0,0,0,0,0,"[""181810712"", ""173634775"", ""204540006"", ""213724398"", ""174515021"", ""215465875"", ""207833370"", ""211781657"", ""159004698"", ""204633518""]"
none_subset,4,217562623,201534233,37,669,0,0,0,0,0,0,"[""144143200"", ""202358108"", ""192870188"", ""191257187"", ""206302770"", ""208210254"", ""146013472"", ""132766044"", ""209154292"", ""185138562""]"
none_subset,4,191273457,154513499,37,269,0,0,0,0,0,0,"[""119064031"", ""140026597"", ""191097659"", ""132738380"", ""194193597"", ""137589893"", ""78795109"", ""209849639"", ""164882856"", ""52649296""]"
none_subset,4,157925005,137046920,46,1594,0,0,0,0,0,0,"[""56920439"", ""172815469"", ""168458372"", ""204939347"", ""211028341"", ""203161766"", ""161007649"", ""136320022"", ""207429949"", ""202189529""]"
none_subset,4,218360635,124963799,64,1144,0,0,0,0,0,0,"[""138322181"", ""46094230"", ""146444401"", ""128607088"", ""115621700"", ""147984435"", ""176380655"", ""194767716"", ""146630451"", ""121260031""]"
none_subset,4,217204674,201230405,37,636,0,0,0,0,0,0,"[""116929460"", ""212356952"", ""118848444"", ""76993042"", ""187944548"", ""156905299"", ""209481700"", ""175079189"", ""186464825"", ""143065524""]"
none_subset,4,195377967,124845859,38,204,0,0,0,0,0,0,"[""102676974"", ""125496543"", ""107054492"", ""106812535"", ""75182035"", ""196304269"", ""197527964"", ""118347950"", ""188948528"", ""158100308""]"
none_subset,4,210339024,185121060,43,88,0,0,0,0,0,0,"[""212033090"", ""164251704"", ""208864917"", ""201671217"", ""200208585"", ""209666551"", ""194288073"", ""168131196"", ""206730740"", ""178271380""]"
none_subset,4,25591321,25531112,46,381,0,0,0,0,0,0,"[""212690484"", ""139629122"", ""172482275"", ""77308664"", ""85070500"", ""83646259"", ""160007768"", ""106146754"", ""132957109"", ""105678196""]"
none_subset,4,220977104,207585798,46,91,0,0,0,0,0,0,"[""172482275"", ""170651505"", ""174697458"", ""80179617"", ""203332786"", ""210902832"", ""106146754"", ""203823420"", ""141003470"", ""132009244""]"
none_subset,4,206971453,176333956,57,2482,0,0,0,0,0,0,"[""213078674"", ""209144105"", ""109311521"", ""171165314"", ""200287721"", ""145955425"", ""166582282"", ""109313850"", ""36514535"", ""199425070""]"
none_subset,4,85173153,82721637,57,680,0,0,0,0,0,0,"[""200047293"", ""212919594"", ""196325151"", ""96925080"", ""213979557"", ""106413750"", ""181449391"", ""165678018"", ""208224412"", ""204918452""]"
none_subset,4,193746263,162672578,62,1225,0,0,0,0,0,0,"[""211808810"", ""184146697"", ""154758359"", ""126216841"", ""132253281"", ""212090087"", ""51213351"", ""91022274"", ""156225790"", ""215325361""]"
none_subset,4,215212259,178271380,43,650,0,0,0,0,0,0,"[""91892385"", ""93370908"", ""201535486"", ""200883540"", ""210561607"", ""122398206"", ""193444926"", ""192731605"", ""122818220"", ""182399428""]"
none_subset,4,212427666,189544617,38,14,0,0,0,0,1,1,"[""177945691"", ""92914026"", ""191903812"", ""37809434"", ""91690080"", ""117957932"", ""148419997"", ""52512643"", ""35695557"", ""113999751""]"
none_subset,4,194717003,155463873,46,382,0,0,0,0,0,0,"[""211268424"", ""187611963"", ""206935328"", ""214750241"", ""204627117"", ""206843208"", ""193206170"", ""167383627"", ""189549167"", ""180976440""]"
none_subset,4,158897718,140582477,4,29,0,0,0,0,1,1,"[""164258790"", ""103936826"", ""138626625"", ""205390513"", ""105240256"", ""173611156"", ""197428008"", ""186370381"", ""113199812"", ""149665952""]"
none_subset,4,219295081,178678331,43,274,0,0,0,0,0,0,"[""157995027"", ""171798974"", ""167068838"", ""132315079"", ""176776603"", ""190069327"", ""156395019"", ""126415167"", ""108662474"", ""59161409""]"
none_subset,4,76927414,71340112,64,611,0,0,0,0,0,0,"[""92309560"", ""120966979"", ""25588585"", ""173526297"", ""153356810"", ""32972748"", ""145311547"", ""150385215"", ""73923102"", ""155183786""]"
none_subset,4,215201357,173499684,37,474,0,0,0,0,0,0,"[""151808122"", ""124776037"", ""209167644"", ""212172992"", ""99494874"", ""195014964"", ""203841435"", ""189737626"", ""193656232"", ""140164328""]"
none_subset,4,192010385,163370879,43,10,0,0,0,1,1,1,"[""183407909"", ""165548600"", ""209858049"", ""213020277"", ""201771356"", ""163505137"", ""209145709"", ""156066426"", ""206707474"", ""163370879""]"
none_subset,4,222003684,199643627,37,720,0,0,0,0,0,0,"[""183710535"", ""212752270"", ""197344850"", ""124237457"", ""200918008"", ""174850296"", ""143134097"", ""28242894"", ""185266696"", ""148551230""]"
none_subset,4,123221830,105229312,62,38,0,0,0,0,0,1,"[""142232671"", ""15723967"", ""184519587"", ""21766299"", ""168753901"", ""207503734"", ""144501764"", ""187877499"", ""100036109"", ""212409052""]"
none_subset,4,41777667,20451062,62,456,0,0,0,0,0,0,"[""15942056"", ""124381580"", ""203397613"", ""172190870"", ""56305255"", ""182016711"", ""146789147"", ""197129044"", ""187978938"", ""179203933""]"
none_subset,4,214609708,194378841,43,167,0,0,0,0,0,0,"[""188577365"", ""190076056"", ""196286515"", ""201535486"", ""67208060"", ""187766426"", ""192493949"", ""185851616"", ""144304634"", ""209666551""]"
none_subset,4,201631636,164249239,57,2487,0,0,0,0,0,0,"[""140102042"", ""191366717"", ""151871480"", ""163863157"", ""201175338"", ""200107430"", ""107527615"", ""183349552"", ""205233758"", ""204761139""]"
none_subset,4,222303816,157210468,64,361,0,0,0,0,0,0,"[""166184401"", ""157803989"", ""44092132"", ""98960696"", ""146887481"", ""47134269"", ""99425109"", ""183225423"", ""193072604"", ""22329772""]"
none_subset,4,225196896,207062213,4,516,0,0,0,0,0,0,"[""214893406"", ""183741193"", ""126362357"", ""202048121"", ""195526680"", ""173641656"", ""201552310"", ""183754777"", ""207568797"", ""206947052""]"
none_subset,4,176526689,141186510,4,140,0,0,0,0,0,0,"[""191461282"", ""88932849"", ""142381741"", ""94286928"", ""141989738"", ""191509023"", ""194291179"", ""181699642"", ""154359018"", ""158097383""]"
none_subset,4,134158719,111626622,64,11,0,0,0,0,1,1,"[""67998486"", ""183047062"", ""152603802"", ""155021743"", ""67792301"", ""141045171"", ""48108527"", ""105144259"", ""112345894"", ""190240397""]"
none_subset,4,185738290,156445649,43,143,0,0,0,0,0,0,"[""138585496"", ""100215754"", ""208096405"", ""197613208"", ""168131196"", ""164251704"", ""60157409"", ""205576818"", ""207289652"", ""156158359""]"
none_subset,4,78929622,62551746,43,21,0,0,0,0,1,1,"[""126937971"", ""119543305"", ""152014829"", ""163286400"", ""75959067"", ""75993405"", ""129262032"", ""178678331"", ""73568079"", ""116652853""]"
none_subset,4,220638795,189820722,62,1429,0,0,0,0,0,0,"[""28665915"", ""195842978"", ""51213351"", ""195303938"", ""190409559"", ""91022274"", ""118935444"", ""211808810"", ""6204449"", ""129445274""]"
none_subset,4,181417674,150636236,37,1205,0,0,0,0,0,0,"[""131581832"", ""65802140"", ""183553498"", ""120040052"", ""49608053"", ""193335447"", ""143680520"", ""186429778"", ""187576908"", ""201734577""]"
none_subset,4,217955716,202541424,62,168,0,0,0,0,0,0,"[""211808810"", ""211070786"", ""207609626"", ""193453139"", ""204556096"", ""154758359"", ""204577887"", ""126216841"", ""196345674"", ""213971984""]"
none_subset,4,197274778,162094120,38,1568,0,0,0,0,0,0,"[""110664117"", ""213205324"", ""124750735"", ""140048877"", ""214394715"", ""31197704"", ""200830087"", ""45766945"", ""195377514"", ""154112907""]"
none_subset,4,223991031,164143533,43,69,0,0,0,0,0,0,"[""140052409"", ""112406996"", ""212188315"", ""191689967"", ""198559418"", ""127979191"", ""167879223"", ""147535992"", ""152645436"", ""200611512""]"
none_subset,4,189551059,147982801,64,147,0,0,0,0,0,0,"[""80281524"", ""201421429"", ""60032340"", ""128826000"", ""56995363"", ""179201033"", ""77040385"", ""97354544"", ""79234720"", ""171025610""]"
none_subset,4,220092240,206534835,46,149,0,0,0,0,0,0,"[""181269509"", ""110880028"", ""215506263"", ""203823420"", ""214290787"", ""203332786"", ""132009244"", ""205545277"", ""211122713"", ""180316749""]"
none_subset,4,222081085,208014228,62,323,0,0,0,0,0,0,"[""160614049"", ""127168363"", ""131320559"", ""48466258"", ""212180917"", ""208793714"", ""127752448"", ""53012301"", ""110927257"", ""144501764""]"
none_subset,4,208005240,182135095,38,981,0,0,0,0,0,0,"[""154762222"", ""202829895"", ""177325365"", ""75182035"", ""106812535"", ""190550107"", ""110457316"", ""107054492"", ""192992682"", ""195377514""]"
none_subset,4,212749359,190252763,62,13,0,0,0,0,1,1,"[""154758359"", ""143227017"", ""143226394"", ""170246818"", ""161141246"", ""213858912"", ""209171711"", ""212180917"", ""156225790"", ""187915383""]"
none_subset,4,207603778,179859426,64,368,0,0,0,0,0,0,"[""150835628"", ""132803751"", ""192057548"", ""200432002"", ""143966670"", ""214403909"", ""188538570"", ""108096010"", ""139802525"", ""122150463""]"
none_subset,4,180700824,147782228,43,124,0,0,0,0,0,0,"[""186098084"", ""163505137"", ""181265072"", ""173027033"", ""182870508"", ""179105716"", ""185308978"", ""146978431"", ""111184927"", ""157655830""]"
none_subset,4,162078852,137561394,46,516,0,0,0,0,0,0,"[""58408382"", ""153467283"", ""121587868"", ""204625399"", ""169706178"", ""169485140"", ""99536865"", ""210561703"", ""105064165"", ""138326639""]"
none_subset,4,154751535,120400439,62,181,0,0,0,0,0,0,"[""45997741"", ""73906788"", ""165969228"", ""204830740"", ""142285131"", ""214173290"", ""119531432"", ""92445171"", ""29357769"", ""187005682""]"
none_subset,4,205385440,180183536,43,131,0,0,0,0,0,0,"[""212781685"", ""149017403"", ""176742045"", ""207051663"", ""107227181"", ""113535350"", ""164268294"", ""109124875"", ""215014856"", ""193876176""]"
none_subset,4,217428024,188814328,37,273,0,0,0,0,0,0,"[""191911000"", ""154803527"", ""142665464"", ""188375000"", ""182513421"", ""190075252"", ""153099679"", ""133351365"", ""204860223"", ""215484131""]"
none_subset,4,207648209,177493371,38,100,0,0,0,0,0,0,"[""180260568"", ""130420473"", ""42815985"", ""100712745"", ""207796941"", ""135581008"", ""165127673"", ""152192864"", ""14236859"", ""169751133""]"
none_subset,4,220367642,183947428,43,192,0,0,0,0,0,0,"[""153591399"", ""132793063"", ""143989763"", ""196291255"", ""16074591"", ""50642607"", ""144482097"", ""193313194"", ""183255762"", ""151416547""]"
none_subset,4,78456224,56925731,64,3,0,1,1,1,1,1,"[""144073843"", ""183047062"", ""56925731"", ""142288835"", ""200767454"", ""48108527"", ""191946769"", ""26914040"", ""156912710"", ""168633758""]"
none_subset,4,153218715,76074145,37,379,0,0,0,0,0,0,"[""192387012"", ""101351593"", ""192597928"", ""43972733"", ""46694167"", ""120147293"", ""96028215"", ""211554952"", ""184320957"", ""152508279""]"
none_subset,4,225333160,214752682,57,5,0,0,1,1,1,1,"[""191366717"", ""200107430"", ""140102042"", ""212919594"", ""214752682"", ""204761139"", ""195854357"", ""68798250"", ""153811102"", ""148452080""]"
none_subset,4,194805577,153660098,38,59,0,0,0,0,0,0,"[""8550716"", ""52441610"", ""192721742"", ""5564013"", ""118383153"", ""213984936"", ""160066097"", ""122407287"", ""120604620"", ""102778559""]"
none_subset,4,224455436,212356952,37,46,0,0,0,0,0,1,"[""162024932"", ""212907091"", ""180787570"", ""181463702"", ""182642957"", ""213548440"", ""208864789"", ""201695307"", ""199476373"", ""209481700""]"
none_subset,4,223887952,211269773,46,510,0,0,0,0,0,0,"[""208956852"", ""210498678"", ""209174745"", ""144431749"", ""214169191"", ""136320022"", ""205184298"", ""109601605"", ""78566379"", ""208409948""]"
none_subset,4,212848340,193024332,62,887,0,0,0,0,0,0,"[""190355590"", ""161141246"", ""206841068"", ""143227017"", ""201062295"", ""197247155"", ""154758359"", ""168270119"", ""189178547"", ""171189946""]"
none_subset,4,194817964,167658682,4,28,0,0,0,0,1,1,"[""102041783"", ""162346539"", ""155908916"", ""173008557"", ""207099526"", ""172884595"", ""215305148"", ""78396407"", ""201065368"", ""171159402""]"
none_subset,4,158748278,122229490,46,144,0,0,0,0,0,0,"[""173222203"", ""186724430"", ""116218020"", ""202077303"", ""160815179"", ""39277627"", ""135571245"", ""151203538"", ""160523276"", ""77995654""]"
none_subset,4,225333131,169909145,4,58,0,0,0,0,0,0,"[""53541477"", ""133033147"", ""25537887"", ""211167678"", ""202002064"", ""141658555"", ""99427859"", ""53962226"", ""115146729"", ""79387876""]"
none_subset,4,224932968,153434097,57,14,0,0,0,0,1,1,"[""173370077"", ""209801964"", ""171686923"", ""166225948"", ""206215452"", ""146595840"", ""211144254"", ""208568786"", ""123741380"", ""193349740""]"
none_subset,4,218941839,111095986,43,133,0,0,0,0,0,0,"[""150869116"", ""170078458"", ""77959463"", ""202388962"", ""169542784"", ""100344935"", ""89224299"", ""190843616"", ""141726609"", ""197876233""]"
none_subset,4,224032864,207683325,64,21,0,0,0,0,1,1,"[""208915255"", ""166184401"", ""121442493"", ""157313823"", ""173246608"", ""160842974"", ""99425109"", ""178000493"", ""198307794"", ""69885765""]"
none_subset,4,223758143,195474760,43,130,0,0,0,0,0,0,"[""188032543"", ""170689754"", ""205287113"", ""185121060"", ""141669650"", ""125361053"", ""69852060"", ""120597166"", ""151315223"", ""162596591""]"
none_subset,4,206563348,182388466,37,440,0,0,0,0,0,0,"[""186780001"", ""119064031"", ""157474416"", ""206411822"", ""194193597"", ""209849639"", ""126406153"", ""164882856"", ""64645018"", ""175906876""]"
none_subset,4,194783674,134991704,64,14,0,0,0,0,1,1,"[""74256345"", ""75157723"", ""62987671"", ""179210556"", ""193944748"", ""139856523"", ""78523755"", ""65487267"", ""168315905"", ""183563770""]"
none_subset,4,206513862,182294617,4,134,0,0,0,0,0,0,"[""215600148"", ""125829483"", ""187257731"", ""153111279"", ""128194085"", ""149390857"", ""191462142"", ""189899644"", ""147036535"", ""179532049""]"
none_subset,4,209369722,186220965,4,764,0,0,0,0,0,0,"[""179145991"", ""133632260"", ""203910236"", ""102233014"", ""171159402"", ""193026353"", ""155908916"", ""139418370"", ""174535187"", ""119900827""]"
none_subset,4,221006448,187395162,46,755,0,0,0,0,0,0,"[""165636439"", ""209175470"", ""184407267"", ""93317617"", ""158137442"", ""201024429"", ""111095231"", ""77867923"", ""173106990"", ""162330233""]"
none_subset,4,127399801,112914230,4,579,0,0,0,0,0,0,"[""187502252"", ""206172053"", ""191246700"", ""73205799"", ""190530648"", ""205365317"", ""207098872"", ""195539587"", ""199019716"", ""13245417""]"
none_subset,4,221143173,208600442,37,913,0,0,0,0,0,0,"[""163475905"", ""167092117"", ""181590682"", ""131057179"", ""168157454"", ""143874999"", ""207178377"", ""53074039"", ""106987855"", ""64149000""]"
none_subset,4,198211585,169494298,37,754,0,0,0,0,0,0,"[""201561139"", ""179900455"", ""165980002"", ""132747199"", ""181590682"", ""215506448"", ""183010273"", ""212864198"", ""172689752"", ""186376113""]"
none_subset,4,194098459,130951250,43,128,0,0,0,0,0,0,"[""119064343"", ""90198681"", ""172285662"", ""18269900"", ""113898898"", ""67606658"", ""214285576"", ""127321663"", ""207021897"", ""186549940""]"
none_subset,4,219201730,203280734,46,412,0,0,0,0,0,0,"[""204484014"", ""206477450"", ""121689381"", ""144865911"", ""208458622"", ""179815729"", ""179440577"", ""215428176"", ""210734819"", ""204757175""]"
none_subset,4,190777900,158784072,37,210,0,0,0,0,0,0,"[""29496516"", ""119227333"", ""21114364"", ""120893128"", ""139778879"", ""136371572"", ""88534873"", ""189381669"", ""202222440"", ""186986472""]"
none_subset,4,198092424,168805608,64,323,0,0,0,0,0,0,"[""188619722"", ""153271284"", ""210516871"", ""154046140"", ""115629895"", ""197129848"", ""96322019"", ""145930227"", ""167245652"", ""78359767""]"
none_subset,4,206286757,171004770,43,22,0,0,0,0,1,1,"[""164285938"", ""160058303"", ""188230609"", ""170053319"", ""191175133"", ""213139647"", ""202567733"", ""197247575"", ""175374033"", ""143484747""]"
none_subset,4,205564196,167863303,38,272,0,0,0,0,0,0,"[""111757856"", ""200852686"", ""157625011"", ""202119038"", ""205112185"", ""185544173"", ""203377427"", ""173304858"", ""90207738"", ""190269757""]"
none_subset,4,192985777,157240824,43,3,0,1,1,1,1,1,"[""212781685"", ""149017403"", ""157240824"", ""164268294"", ""204821849"", ""107227181"", ""155909920"", ""197514276"", ""193746203"", ""192942930""]"
none_subset,4,51409958,57715433,43,594,0,0,0,0,0,0,"[""143989763"", ""153591399"", ""132793063"", ""144463129"", ""115216679"", ""167043645"", ""164870997"", ""183856655"", ""151416547"", ""101587771""]"
none_subset,4,161879676,133182836,46,1079,0,0,0,0,0,0,"[""128991595"", ""83202485"", ""157057084"", ""178340158"", ""193541472"", ""211781657"", ""215465875"", ""177423877"", ""196574179"", ""214244848""]"
none_subset,4,107486473,50306957,46,920,0,0,0,0,0,0,"[""129427671"", ""158102584"", ""204270051"", ""146811180"", ""138519024"", ""164400164"", ""78015202"", ""162224700"", ""204067367"", ""154821670""]"
none_subset,4,225334015,215052803,43,1279,0,0,0,0,0,0,"[""147117418"", ""141417624"", ""193482080"", ""205605896"", ""181162961"", ""169890454"", ""186403472"", ""185799642"", ""119499591"", ""210534170""]"
none_subset,4,223412488,184599616,57,163,0,0,0,0,0,0,"[""90186991"", ""156210442"", ""113539802"", ""191896588"", ""128512946"", ""150231110"", ""152341837"", ""136289629"", ""175903540"", ""163344549""]"
none_subset,4,216739658,149349102,38,31,0,0,0,0,0,1,"[""163646287"", ""163280205"", ""101699801"", ""158083734"", ""177027866"", ""198468875"", ""155332547"", ""121564255"", ""123668400"", ""122392168""]"
none_subset,4,207027464,100333045,43,51,0,0,0,0,0,0,"[""195408710"", ""59497573"", ""127254122"", ""204449585"", ""191583920"", ""119675310"", ""102424723"", ""120597166"", ""125638272"", ""137780242""]"
none_subset,4,158465263,113201214,62,545,0,0,0,0,0,0,"[""198209451"", ""210275902"", ""202235121"", ""190693769"", ""192448420"", ""196284726"", ""193966350"", ""119457798"", ""97032103"", ""180623952""]"
none_subset,4,212472298,192473388,4,28,0,0,0,0,1,1,"[""181099732"", ""153928357"", ""205600080"", ""191147915"", ""203746928"", ""190161584"", ""202571906"", ""190574356"", ""160129846"", ""190594964""]"
none_subset,4,23874528,18962742,38,99,0,0,0,0,0,0,"[""66259210"", ""156424467"", ""157091884"", ""25706087"", ""119050794"", ""144272305"", ""179234058"", ""177165475"", ""186580987"", ""192587307""]"
none_subset,4,222518800,209726301,64,71,0,0,0,0,0,0,"[""200969900"", ""106833257"", ""99984234"", ""195269265"", ""192237530"", ""192032956"", ""85880294"", ""212527992"", ""212527990"", ""183334464""]"
none_subset,4,219225797,202843919,62,19,0,0,0,0,1,1,"[""159227409"", ""105231780"", ""15445290"", ""184570386"", ""203449670"", ""50552393"", ""205751825"", ""164807743"", ""59818909"", ""124884051""]"
none_subset,4,189554580,159931625,37,121,0,0,0,0,0,0,"[""143946320"", ""51749408"", ""198753304"", ""147309436"", ""92247640"", ""209794141"", ""121116115"", ""176706329"", ""89464961"", ""128504357""]"
none_subset,4,224421445,214290787,46,5,0,0,1,1,1,1,"[""211911671"", ""172827091"", ""208458622"", ""213291067"", ""214290787"", ""211063696"", ""209179234"", ""206395045"", ""208062801"", ""144865911""]"
none_subset,4,200718784,166296209,37,1379,0,0,0,0,0,0,"[""195054374"", ""153601190"", ""202328626"", ""187837794"", ""199857856"", ""80808834"", ""103348357"", ""142665464"", ""187043151"", ""157945105""]"
none_subset,4,194752033,166083961,4,1534,0,0,0,0,0,0,"[""107717290"", ""23408401"", ""178109092"", ""208642632"", ""129435163"", ""141167432"", ""187964382"", ""171946204"", ""182060832"", ""207169451""]"
none_subset,4,137437216,119531432,62,5,0,0,1,1,1,1,"[""131293364"", ""152444456"", ""64365794"", ""150070859"", ""119531432"", ""137144214"", ""127488091"", ""117835777"", ""209579537"", ""129328061""]"
none_subset,4,212533988,152110846,37,35,0,0,0,0,0,1,"[""116929460"", ""126447640"", ""211483573"", ""101679570"", ""180713169"", ""169799464"", ""198598972"", ""103432765"", ""192312279"", ""110655675""]"
none_subset,4,117485448,105762137,4,72,0,0,0,0,0,0,"[""189945818"", ""64578501"", ""191493353"", ""123481544"", ""88781085"", ""142456567"", ""104674345"", ""177949545"", ""193934711"", ""181690465""]"
none_subset,4,195747171,146962552,62,1121,0,0,0,0,0,0,"[""67539912"", ""59818909"", ""194424066"", ""152196456"", ""195510107"", ""201108158"", ""110895997"", ""214600448"", ""195518176"", ""120041482""]"
none_subset,4,210524748,85531879,64,7,0,0,0,1,1,1,"[""132289907"", ""181874277"", ""72224328"", ""144399371"", ""142231631"", ""98469115"", ""85531879"", ""81240114"", ""179411117"", ""165315994""]"
none_subset,4,222944492,211288019,43,530,0,0,0,0,0,0,"[""93370896"", ""181162961"", ""99720576"", ""194288467"", ""169890454"", ""176670642"", ""165082890"", ""99275271"", ""102607626"", ""59547777""]"
none_subset,4,174812963,184753068,4,1149,0,0,0,0,0,0,"[""192473388"", ""200589462"", ""190079873"", ""187600900"", ""149247164"", ""190777127"", ""192582014"", ""201469264"", ""195213429"", ""143929940""]"
none_subset,4,206110934,142456567,4,1,1,1,1,1,1,1,"[""142456567"", ""193934711"", ""78628063"", ""171902128"", ""192836046"", ""189945818"", ""112475075"", ""64578501"", ""205405501"", ""191493353""]"
none_subset,4,215537450,191143369,43,129,0,0,0,0,0,0,"[""180987149"", ""186726793"", ""183029564"", ""118456882"", ""154097129"", ""157809653"", ""177591827"", ""113200738"", ""184136574"", ""120188232""]"
none_subset,4,185718600,145100939,37,55,0,0,0,0,0,0,"[""121116115"", ""147794006"", ""141382831"", ""184920959"", ""119637829"", ""102274756"", ""123163900"", ""214708320"", ""187545617"", ""183923787""]"
none_subset,4,220611333,143255863,43,23,0,0,0,0,1,1,"[""200893142"", ""139778348"", ""114685239"", ""190193667"", ""177591827"", ""198313310"", ""145947056"", ""158737000"", ""192039114"", ""191175133""]"
none_subset,4,48157832,53760527,46,68,0,0,0,0,0,0,"[""140827649"", ""64234906"", ""113591349"", ""126605515"", ""198454182"", ""171694803"", ""105148782"", ""126522124"", ""179533802"", ""203665704""]"
none_subset,4,219280378,203565055,37,260,0,0,0,0,0,0,"[""168816718"", ""197238711"", ""173966675"", ""212216117"", ""207698281"", ""150765445"", ""210562159"", ""206404092"", ""207536937"", ""143874999""]"
none_subset,4,223382066,212267410,64,83,0,0,0,0,0,0,"[""195252307"", ""157103060"", ""183013744"", ""206705882"", ""182426229"", ""192779268"", ""214208964"", ""144706392"", ""195529634"", ""66111020""]"
none_subset,4,161110919,132405642,37,642,0,0,0,0,0,0,"[""107202977"", ""114167582"", ""164415171"", ""149248013"", ""201003118"", ""148592059"", ""152555454"", ""154947799"", ""204790375"", ""138291906""]"
none_subset,4,99910872,93265631,38,120,0,0,0,0,0,0,"[""80390206"", ""104386568"", ""193002592"", ""64731721"", ""158784944"", ""34947118"", ""206865806"", ""175023670"", ""111175760"", ""156836340""]"
none_subset,4,174486128,143996100,43,639,0,0,0,0,0,0,"[""167697776"", ""79676853"", ""196729212"", ""165627910"", ""165688631"", ""162465061"", ""88577920"", ""104715442"", ""163141517"", ""139490116""]"
none_subset,4,119806942,107498666,64,261,0,0,0,0,0,0,"[""78359767"", ""141045171"", ""177080791"", ""108773457"", ""189988059"", ""112345894"", ""183047062"", ""112624575"", ""209711556"", ""48108527""]"
none_subset,4,52887730,52014335,62,401,0,0,0,0,0,0,"[""190409559"", ""28665915"", ""59483405"", ""30078134"", ""207242661"", ""195842978"", ""136870941"", ""134377605"", ""133763604"", ""210681202""]"
none_subset,4,178854662,141417624,43,14,0,0,0,0,1,1,"[""100947091"", ""162124393"", ""113309612"", ""140101579"", ""134678718"", ""75083855"", ""151416547"", ""58609632"", ""204265427"", ""194820899""]"
none_subset,4,15268100,12969939,38,151,0,0,0,0,0,0,"[""76490987"", ""197196790"", ""114055239"", ""205428792"", ""151180760"", ""93265631"", ""350786"", ""71896485"", ""120618466"", ""111489526""]"
none_subset,4,212645423,132121212,43,809,0,0,0,0,0,0,"[""213483404"", ""195224828"", ""185360446"", ""194288073"", ""182399428"", ""184091403"", ""201905433"", ""182902299"", ""184875265"", ""151971662""]"
none_subset,4,217571743,184920959,37,18,0,0,0,0,1,1,"[""96678439"", ""205328844"", ""129112777"", ""142630827"", ""16898206"", ""147309436"", ""209794141"", ""51749408"", ""141382831"", ""199385964""]"
none_subset,4,198279219,45997741,62,25,0,0,0,0,1,1,"[""74279773"", ""141574731"", ""204830740"", ""146789147"", ""98043760"", ""165284774"", ""142285131"", ""114374574"", ""206434730"", ""165969228""]"
none_subset,4,15443903,13798988,4,196,0,0,0,0,0,0,"[""153417658"", ""113628354"", ""170613385"", ""50337874"", ""88932849"", ""180866990"", ""150107268"", ""129269545"", ""180005065"", ""75870943""]"
none_subset,4,134645605,110234143,4,806,0,0,0,0,0,0,"[""143929940"", ""156103241"", ""149247164"", ""117471262"", ""191909632"", ""201469264"", ""192473388"", ""63004444"", ""200344150"", ""146030654""]"
none_subset,4,225182896,164582063,43,10,0,0,0,1,1,1,"[""118470473"", ""139158977"", ""105076717"", ""77511038"", ""178682090"", ""166319032"", ""173923821"", ""153525929"", ""154801139"", ""164582063""]"
none_subset,4,164760091,101504605,62,959,0,0,0,0,0,0,"[""148066008"", ""209556691"", ""165226777"", ""210941490"", ""136973736"", ""185168047"", ""187064730"", ""200029145"", ""210326667"", ""73570160""]"
none_subset,4,223507024,156381928,37,2060,0,0,0,0,0,0,"[""76841920"", ""43972733"", ""88534873"", ""58893791"", ""141475747"", ""17206468"", ""196428679"", ""195670135"", ""152508279"", ""192597928""]"
none_subset,4,121980260,105912376,64,31,0,0,0,0,0,1,"[""157803989"", ""179015555"", ""88397191"", ""128304968"", ""152368057"", ""153330413"", ""91451711"", ""126460114"", ""152189504"", ""201270567""]"
none_subset,4,37616128,37809434,38,14,0,0,0,0,1,1,"[""112389064"", ""117957932"", ""145871617"", ""130421231"", ""108421334"", ""114055239"", ""148360645"", ""133136953"", ""112658377"", ""92914026""]"
none_subset,4,221666962,171006297,37,143,0,0,0,0,0,0,"[""23924949"", ""142630827"", ""51749408"", ""187389375"", ""199385964"", ""208900697"", ""167166017"", ""143946320"", ""102274756"", ""126767199""]"
none_subset,4,221195998,204315261,46,42,0,0,0,0,0,1,"[""114654675"", ""148554569"", ""146520918"", ""104767223"", ""107095516"", ""192859823"", ""109762523"", ""159536710"", ""165803311"", ""184894786""]"
none_subset,4,155700296,134950427,37,327,0,0,0,0,0,0,"[""156583528"", ""191630630"", ""162230699"", ""187443642"", ""184921004"", ""194030924"", ""141081466"", ""191232165"", ""201295768"", ""175392694""]"
none_subset,4,219384426,177423877,46,33,0,0,0,0,0,1,"[""132867538"", ""178975230"", ""114654675"", ""176659851"", ""192859823"", ""107095516"", ""208649860"", ""170790096"", ""148554569"", ""78696152""]"
none_subset,4,52591203,60048301,46,4,0,0,1,1,1,1,"[""166204499"", ""204980714"", ""203343668"", ""60048301"", ""213513527"", ""209744189"", ""159203778"", ""210837002"", ""214750241"", ""177432966""]"
none_subset,4,194720200,133465924,37,318,0,0,0,0,0,0,"[""25189123"", ""201751423"", ""174852305"", ""133932837"", ""140907909"", ""154980557"", ""158117230"", ""136895908"", ""32618321"", ""121775976""]"
none_subset,4,184703642,154097129,43,223,0,0,0,0,0,0,"[""215052803"", ""208864917"", ""78732259"", ""195408710"", ""177400740"", ""121279267"", ""140343241"", ""197131751"", ""55355667"", ""188032543""]"
none_subset,4,22540247,17218907,62,1117,0,0,0,0,0,0,"[""45997741"", ""15942056"", ""78481865"", ""187207232"", ""85137253"", ""117006578"", ""42940692"", ""46137767"", ""52992112"", ""45013331""]"
none_subset,4,75524063,72221818,62,380,0,0,0,0,0,0,"[""211690905"", ""125457528"", ""167732430"", ""214110785"", ""182479029"", ""132110473"", ""111773790"", ""180292453"", ""181250275"", ""196129983""]"
none_subset,4,207611409,182081124,43,370,0,0,0,0,0,0,"[""146898856"", ""140922487"", ""101275830"", ""151940220"", ""104570734"", ""121101608"", ""56084025"", ""121414926"", ""87877269"", ""166965091""]"
none_subset,4,224366749,164627162,46,17,0,0,0,0,1,1,"[""162507293"", ""212429674"", ""163309329"", ""172082320"", ""150754478"", ""203677273"", ""81506359"", ""172199585"", ""172696525"", ""172197706""]"
none_subset,4,161997543,133742166,57,247,0,0,0,0,0,0,"[""173370077"", ""166225948"", ""171686923"", ""205399595"", ""146595840"", ""211535882"", ""214449665"", ""57673806"", ""209801964"", ""192532677""]"
none_subset,4,87189453,31739440,57,145,0,0,0,0,0,0,"[""193349740"", ""209801964"", ""184973950"", ""173370077"", ""128230073"", ""201336486"", ""171686923"", ""130006774"", ""53226974"", ""203970549""]"
none_subset,4,222925096,206088529,64,23,0,0,0,0,1,1,"[""35312252"", ""172848022"", ""60124479"", ""8326062"", ""140855645"", ""58475692"", ""168247151"", ""19492405"", ""59824769"", ""142012440""]"
none_subset,4,215536084,176499539,57,1152,0,0,0,0,0,0,"[""197740362"", ""213401068"", ""82721637"", ""131667486"", ""209092004"", ""130444806"", ""207769496"", ""129352307"", ""143158282"", ""179662298""]"
none_subset,4,194778493,48830519,4,15,0,0,0,0,1,1,"[""185515008"", ""211167678"", ""79387876"", ""73118528"", ""164756819"", ""206947052"", ""177913898"", ""193007590"", ""199379224"", ""209043508""]"
none_subset,4,174379685,114163759,43,9,0,0,0,1,1,1,"[""77390218"", ""198313310"", ""158792208"", ""127321663"", ""136644867"", ""207021897"", ""166752829"", ""113898898"", ""114163759"", ""70510470""]"
none_subset,4,67038814,50495635,37,172,0,0,0,0,0,0,"[""101679570"", ""147023317"", ""110655675"", ""202157886"", ""198598972"", ""116929460"", ""211483573"", ""205300777"", ""169770537"", ""103432765""]"
none_subset,4,218345110,176831577,57,1641,0,0,0,0,0,0,"[""63293833"", ""149427907"", ""46463211"", ""202725978"", ""31931980"", ""68600266"", ""202626135"", ""108271130"", ""151872768"", ""191268930""]"
none_subset,4,219470659,203497492,64,135,0,0,0,0,0,0,"[""205920501"", ""162587856"", ""179216205"", ""209576150"", ""103562123"", ""76907662"", ""202978110"", ""209697377"", ""126953299"", ""213253358""]"
none_subset,4,195024859,157002145,64,11,0,0,0,0,1,1,"[""192779268"", ""147671714"", ""168805608"", ""211216257"", ""96822403"", ""126647422"", ""115629895"", ""201736243"", ""208628985"", ""188619722""]"
none_subset,4,190170779,120932240,46,176,0,0,0,0,0,0,"[""184612826"", ""155017018"", ""193559506"", ""160110731"", ""205315794"", ""192342929"", ""193467718"", ""154894208"", ""165953966"", ""139649558""]"
none_subset,4,172736970,71742122,57,111,0,0,0,0,0,0,"[""211114221"", ""189624094"", ""182623124"", ""70341779"", ""203365566"", ""168668833"", ""211029106"", ""172564451"", ""201061562"", ""190730924""]"
none_subset,4,220347923,169443962,4,66,0,0,0,0,0,0,"[""70897180"", ""205405501"", ""112475075"", ""207566657"", ""190480175"", ""186229725"", ""165105661"", ""105063903"", ""190871924"", ""180263848""]"
none_subset,4,179957135,138995768,57,819,0,0,0,0,0,0,"[""77876788"", ""213406997"", ""174340950"", ""148098437"", ""142314656"", ""93527943"", ""156161422"", ""74442206"", ""80467448"", ""55626655""]"
none_subset,4,133175234,137515745,43,729,0,0,0,0,0,0,"[""166752829"", ""154766461"", ""196069283"", ""126187915"", ""35616285"", ""70510470"", ""118456882"", ""144710651"", ""109890234"", ""142700536""]"
none_subset,4,211188780,173529593,4,785,0,0,0,0,0,0,"[""163349092"", ""147828982"", ""155908916"", ""191690738"", ""136384270"", ""173008557"", ""139418370"", ""102233014"", ""185429569"", ""214896797""]"
none_subset,4,220588390,207413130,4,50,0,0,0,0,0,1,"[""185360306"", ""201657691"", ""205600080"", ""202571906"", ""188074441"", ""203466268"", ""183509496"", ""182904703"", ""184022783"", ""215305148""]"
none_subset,4,214980138,178112615,37,3,0,1,1,1,1,1,"[""209128550"", ""213298601"", ""178112615"", ""188568572"", ""184818286"", ""206298544"", ""168816718"", ""201660893"", ""168616321"", ""202325397""]"
none_subset,4,174184013,144305873,64,113,0,0,0,0,0,0,"[""178700962"", ""148133803"", ""108096010"", ""101586852"", ""203921886"", ""106247745"", ""97353101"", ""64566466"", ""190954873"", ""131561726""]"
none_subset,4,223294295,190533052,64,158,0,0,0,0,0,0,"[""146444401"", ""194941994"", ""154897158"", ""116857348"", ""85881610"", ""63993803"", ""124198714"", ""90897593"", ""181619566"", ""187708913""]"
none_subset,4,154270445,128589400,62,1234,0,0,0,0,0,0,"[""154207517"", ""205608634"", ""188361417"", ""47074430"", ""208722933"", ""199825694"", ""172904337"", ""61344621"", ""195994978"", ""178800267""]"
none_subset,4,194962176,167846611,4,14,0,0,0,0,1,1,"[""207985124"", ""191301984"", ""149460710"", ""208055757"", ""177558432"", ""211570817"", ""210531014"", ""195480266"", ""209852269"", ""166325083""]"
none_subset,4,142475315,122639965,46,331,0,0,0,0,0,0,"[""150142821"", ""151511658"", ""187714756"", ""154821670"", ""102024389"", ""142789905"", ""194301324"", ""191070592"", ""99309357"", ""140412713""]"
none_subset,4,209210321,181408383,37,1,1,1,1,1,1,1,"[""181408383"", ""202030579"", ""209154292"", ""202222318"", ""213637743"", ""191538851"", ""183270553"", ""193730114"", ""198478244"", ""156858638""]"
none_subset,4,224767285,162605137,43,49,0,0,0,0,0,1,"[""197613208"", ""100215754"", ""160598030"", ""168131196"", ""127486066"", ""207289652"", ""161330651"", ""205576818"", ""194761453"", ""212829910""]"
none_subset,4,198827199,170711878,38,370,0,0,0,0,0,0,"[""186723077"", ""119063324"", ""132086583"", ""75267159"", ""133691689"", ""173053311"", ""159477810"", ""167519616"", ""192654285"", ""69921436""]"
none_subset,4,224053734,201823220,37,218,0,0,0,0,0,0,"[""211987844"", ""145639775"", ""209034394"", ""205430382"", ""200451540"", ""179242738"", ""146524904"", ""180243968"", ""209002652"", ""180243965""]"
none_subset,4,163763539,133301327,38,434,0,0,0,0,0,0,"[""18798683"", ""207557776"", ""159356640"", ""192443797"", ""139134458"", ""145408759"", ""103309857"", ""140998433"", ""166506623"", ""144257088""]"
none_subset,4,199964527,123167911,64,959,0,0,0,0,0,0,"[""195841911"", ""102619257"", ""200043378"", ""184189116"", ""214350941"", ""154046140"", ""115629895"", ""145930227"", ""154049018"", ""139261502""]"
none_subset,4,156864623,110602938,64,98,0,0,0,0,0,0,"[""128898155"", ""1943884"", ""121428593"", ""49185786"", ""112210141"", ""197129848"", ""112615204"", ""203723833"", ""154049018"", ""126647422""]"
none_subset,4,120080094,106471808,62,255,0,0,0,0,0,0,"[""136347565"", ""148891602"", ""165955561"", ""160036757"", ""85137253"", ""58593242"", ""137144214"", ""83719006"", ""53450905"", ""152444456""]"
none_subset,4,207399071,177381146,46,568,0,0,0,0,0,0,"[""171140014"", ""207214319"", ""103172216"", ""129702111"", ""140861260"", ""169220832"", ""144381527"", ""204078839"", ""213237291"", ""141663938""]"
none_subset,4,182005354,7575539,46,1246,0,0,0,0,0,0,"[""71898634"", ""102458654"", ""53654857"", ""169602941"", ""129879441"", ""165073004"", ""50445939"", ""121587868"", ""215475381"", ""205395255""]"
none_subset,4,147928605,89574390,57,264,0,0,0,0,0,0,"[""160823099"", ""129568269"", ""40488723"", ""207122534"", ""110548220"", ""199897240"", ""107527374"", ""110306995"", ""152590581"", ""99723323""]"
none_subset,4,219738889,193806850,4,247,0,0,0,0,0,0,"[""98834359"", ""179258061"", ""100007550"", ""180063242"", ""92281963"", ""102233014"", ""170244713"", ""200247233"", ""200110527"", ""155106827""]"
none_subset,4,221960992,199718807,46,10,0,0,0,1,1,1,"[""214030585"", ""136819405"", ""171974189"", ""172080468"", ""175722045"", ""205007406"", ""99228098"", ""212118911"", ""186116554"", ""199718807""]"
none_subset,4,219468209,205311074,4,168,0,0,0,0,0,0,"[""200081999"", ""141193838"", ""199361385"", ""186674454"", ""212022302"", ""198023565"", ""214575516"", ""204190453"", ""177128650"", ""178330529""]"
none_subset,4,207211685,178831771,46,53,0,0,0,0,0,0,"[""150142821"", ""194301324"", ""211752694"", ""154821670"", ""175460408"", ""67021528"", ""99309357"", ""102024389"", ""149547737"", ""204899003""]"
none_subset,4,165223251,140762187,64,492,0,0,0,0,0,0,"[""194941994"", ""187887134"", ""128217933"", ""153356810"", ""188802952"", ""147899970"", ""151134804"", ""149715107"", ""199244662"", ""129803266""]"
none_subset,4,220706937,205275326,38,98,0,0,0,0,0,0,"[""213567992"", ""78529743"", ""149533051"", ""193932504"", ""170124107"", ""173145926"", ""207584606"", ""184003544"", ""200592659"", ""205802345""]"
none_subset,4,195422256,129450808,38,275,0,0,0,0,0,0,"[""66259210"", ""71896485"", ""25706087"", ""186767110"", ""157091884"", ""163758025"", ""174530040"", ""74162023"", ""62510663"", ""70118230""]"
none_subset,4,181280255,149540936,4,559,0,0,0,0,0,0,"[""191461282"", ""154359018"", ""152566280"", ""191509023"", ""144264277"", ""88932849"", ""173529593"", ""157103009"", ""181699642"", ""184009379""]"
none_subset,4,204177482,175772166,37,73,0,0,0,0,0,0,"[""162977839"", ""123163900"", ""187502080"", ""193679263"", ""214708320"", ""210646051"", ""211318715"", ""165689309"", ""184920959"", ""102741176""]"
none_subset,4,221254086,76275548,62,16,0,0,0,0,1,1,"[""195518176"", ""105231780"", ""67539912"", ""15445290"", ""194424066"", ""124884051"", ""195510107"", ""184570386"", ""110895997"", ""159227409""]"
none_subset,4,220147185,185601973,46,39,0,0,0,0,0,1,"[""205315794"", ""180804264"", ""193423957"", ""77203173"", ""165953966"", ""115892096"", ""165704043"", ""213672603"", ""151382180"", ""156263625""]"
none_subset,4,222499635,206938701,4,293,0,0,0,0,0,0,"[""186370381"", ""158546701"", ""193807530"", ""163772112"", ""195539587"", ""205025057"", ""126576121"", ""196324749"", ""144435440"", ""213084008""]"
none_subset,4,225105045,179784665,4,120,0,0,0,0,0,0,"[""169388531"", ""178240944"", ""197475541"", ""201178798"", ""180277966"", ""206289183"", ""107438445"", ""183400970"", ""78540860"", ""181690465""]"
none_subset,4,194633079,152192864,38,2284,0,0,0,0,0,0,"[""66334917"", ""92430066"", ""113999751"", ""199885692"", ""207664747"", ""193252013"", ""192992682"", ""201030455"", ""38003672"", ""73863273""]"
none_subset,4,133771422,124110006,64,15,0,0,0,0,1,1,"[""60032340"", ""204824313"", ""125561073"", ""138803213"", ""118284407"", ""149715107"", ""200020326"", ""205033787"", ""97650176"", ""56995363""]"
none_subset,4,217721609,204158311,43,591,0,0,0,0,0,0,"[""210822887"", ""206290556"", ""189283285"", ""189297376"", ""143611276"", ""109221510"", ""197224556"", ""124898415"", ""211582481"", ""154632495""]"
none_subset,4,156283957,134055274,37,67,0,0,0,0,0,0,"[""144974780"", ""40964362"", ""149676779"", ""131363055"", ""120041856"", ""156583528"", ""108765924"", ""170597831"", ""210583467"", ""145639775""]"
none_subset,4,189497829,161417907,4,531,0,0,0,0,0,0,"[""193807530"", ""214480072"", ""113199812"", ""184320812"", ""156834256"", ""156841339"", ""197428008"", ""197341708"", ""212919176"", ""205698529""]"
none_subset,4,214768274,180005065,4,24,0,0,0,0,1,1,"[""188580686"", ""191461282"", ""103936826"", ""154359018"", ""45909356"", ""144264277"", ""191509023"", ""191702828"", ""88932849"", ""119898461""]"
none_subset,4,92672519,81862127,62,544,0,0,0,0,0,0,"[""136598057"", ""25260455"", ""127682307"", ""132448455"", ""186943676"", ""208722933"", ""52152330"", ""91504061"", ""187215831"", ""187198512""]"
none_subset,4,120758894,107906676,38,900,0,0,0,0,0,0,"[""96846772"", ""156424467"", ""73148680"", ""147395901"", ""179234058"", ""171072811"", ""68188580"", ""191371664"", ""80390206"", ""194014911""]"
none_subset,4,202131990,171568733,64,1387,0,0,0,0,0,0,"[""130875563"", ""215138112"", ""83286491"", ""31017779"", ""142556394"", ""103274645"", ""210720310"", ""214403909"", ""56833135"", ""109908915""]"
none_subset,4,208255378,164620061,64,1180,0,0,0,0,0,0,"[""147984435"", ""203509707"", ""121260031"", ""80098795"", ""187887134"", ""194941994"", ""160008395"", ""151134804"", ""199244662"", ""79071973""]"
none_subset,4,143701533,124776037,37,31,0,0,0,0,0,1,"[""212776036"", ""140164328"", ""182207000"", ""92273591"", ""159020956"", ""157158070"", ""75817384"", ""101532006"", ""173579713"", ""143084610""]"
none_subset,4,147489845,126856500,38,35,0,0,0,0,0,1,"[""207844498"", ""165587581"", ""163718468"", ""199056148"", ""196989948"", ""59437277"", ""84080355"", ""212127276"", ""203670389"", ""134908634""]"
none_subset,4,181871424,152108923,4,89,0,0,0,0,0,0,"[""190621677"", ""202190653"", ""114633318"", ""46857523"", ""193059683"", ""165797585"", ""150679730"", ""75828042"", ""98076075"", ""191516714""]"
none_subset,4,215405883,167356434,62,771,0,0,0,0,0,0,"[""131192536"", ""73174190"", ""184129119"", ""188445134"", ""155547072"", ""211900236"", ""57861067"", ""129198704"", ""185011077"", ""195842978""]"
none_subset,4,82748621,75642384,46,12,0,0,0,0,1,1,"[""52439531"", ""201966464"", ""126605515"", ""128072844"", ""66211329"", ""79809742"", ""93317617"", ""126522124"", ""154698834"", ""124510956""]"
none_subset,4,133015212,112540745,4,3,0,1,1,1,1,1,"[""103497899"", ""197860156"", ""112540745"", ""201582207"", ""156471159"", ""171447530"", ""191695096"", ""143852845"", ""184721384"", ""141989738""]"
none_subset,4,188556983,157457665,64,1418,0,0,0,0,0,0,"[""203544848"", ""153594881"", ""132119758"", ""136116320"", ""120675251"", ""211228726"", ""182224096"", ""135599268"", ""147880315"", ""142119938""]"
none_subset,4,174837067,126753800,37,480,0,0,0,0,0,0,"[""200025016"", ""129735644"", ""188679659"", ""159931625"", ""166280219"", ""144990749"", ""212047029"", ""126929630"", ""152102790"", ""140336042""]"
none_subset,4,222693065,130516684,38,44,0,0,0,0,0,1,"[""170764066"", ""90207738"", ""180533985"", ""128745438"", ""166298317"", ""210930251"", ""48122067"", ""99824538"", ""202119038"", ""91197511""]"
none_subset,4,99601084,83819346,38,475,0,0,0,0,0,0,"[""169063398"", ""111085092"", ""161495460"", ""141000837"", ""164922568"", ""145871617"", ""158118726"", ""182761191"", ""82795911"", ""151180760""]"
none_subset,4,157715047,101329146,38,593,0,0,0,0,0,0,"[""167863303"", ""177206358"", ""193591162"", ""6679232"", ""130737214"", ""163918036"", ""214535239"", ""189931109"", ""203208735"", ""94794120""]"
none_subset,4,26976717,26203195,4,1342,0,0,0,0,0,0,"[""176039610"", ""159922963"", ""153876614"", ""149599673"", ""120663751"", ""123881493"", ""156469871"", ""117660981"", ""76515539"", ""195717749""]"
none_subset,4,185758286,144044758,46,52,0,0,0,0,0,0,"[""173222203"", ""45769216"", ""104127006"", ""160547557"", ""169165853"", ""179855914"", ""141061297"", ""172433080"", ""188889120"", ""186724430""]"
none_subset,4,185071093,157010792,37,518,0,0,0,0,0,0,"[""126554078"", ""158117230"", ""192597928"", ""152762226"", ""121116115"", ""214702437"", ""171828064"", ""152140191"", ""100774234"", ""93714502""]"
none_subset,4,180410610,149637816,38,101,0,0,0,0,0,0,"[""203422514"", ""199347203"", ""164038645"", ""178025991"", ""181943891"", ""112929576"", ""167575814"", ""150005617"", ""125547696"", ""151342069""]"
none_subset,4,190543446,155621797,4,28,0,0,0,0,1,1,"[""180843726"", ""213127345"", ""196161368"", ""207143420"", ""189202376"", ""210643102"", ""163340296"", ""182581077"", ""210573149"", ""140966958""]"
none_subset,4,194783535,112615204,64,87,0,0,0,0,0,0,"[""74256345"", ""154049018"", ""208465437"", ""194106443"", ""75157723"", ""154046140"", ""195558974"", ""65008714"", ""112210141"", ""141938100""]"
none_subset,4,209480438,187021020,37,176,0,0,0,0,0,0,"[""164415171"", ""149248013"", ""169494298"", ""159129159"", ""195462928"", ""191097659"", ""192418965"", ""154947799"", ""132738380"", ""194860062""]"
none_subset,4,217504200,201814913,64,16,0,0,0,0,1,1,"[""207826820"", ""207475739"", ""31566174"", ""20371087"", ""196286888"", ""119651772"", ""186937016"", ""153533707"", ""49215114"", ""168247151""]"
none_subset,4,44412937,30017242,4,1547,0,0,0,0,0,0,"[""182763611"", ""155621797"", ""154727199"", ""64864978"", ""165183012"", ""126889201"", ""183829332"", ""210482913"", ""140966958"", ""183792420""]"
none_subset,4,223556550,212168388,46,16,0,0,0,0,1,1,"[""209050134"", ""74840350"", ""76061645"", ""188865413"", ""111715361"", ""208143888"", ""205586250"", ""143182122"", ""212530716"", ""207529569""]"
none_subset,4,199370902,159384368,46,777,0,0,0,0,0,0,"[""170432446"", ""167383627"", ""167786912"", ""102024389"", ""210626515"", ""197086187"", ""79601929"", ""79166546"", ""127947793"", ""142789905""]"
none_subset,4,222943071,211704000,4,239,0,0,0,0,0,0,"[""191246700"", ""207099729"", ""207143420"", ""207097865"", ""215305148"", ""197090565"", ""144016634"", ""151978785"", ""209124215"", ""212392746""]"
none_subset,4,216267579,151817180,46,36,0,0,0,0,0,1,"[""186888123"", ""190450261"", ""204650950"", ""103251721"", ""184612826"", ""127947793"", ""201332278"", ""202806476"", ""214993771"", ""184646371""]"
none_subset,4,182699351,111176154,38,488,0,0,0,0,0,0,"[""113999751"", ""148700903"", ""192992682"", ""92430066"", ""154112907"", ""110664117"", ""200169056"", ""120618466"", ""71896485"", ""213205324""]"
none_subset,4,140033472,122407287,38,1749,0,0,0,0,0,0,"[""157714512"", ""111175760"", ""179000829"", ""198703958"", ""127107925"", ""207422358"", ""126213900"", ""192884067"", ""192191594"", ""158784944""]"
none_subset,4,133324109,117436576,43,999,0,0,0,0,0,0,"[""173981660"", ""42219137"", ""196383606"", ""190801453"", ""209546973"", ""197613208"", ""190172562"", ""159900716"", ""147836645"", ""192304894""]"
none_subset,4,174213950,142506151,4,35,0,0,0,0,0,1,"[""141085810"", ""133755220"", ""180940683"", ""52380679"", ""128961329"", ""94286928"", ""185262753"", ""155250171"", ""133977293"", ""175423172""]"
none_subset,4,223812273,207942600,4,130,0,0,0,0,0,0,"[""156401201"", ""137958387"", ""193059683"", ""128511706"", ""21060681"", ""119644839"", ""164495014"", ""138887241"", ""114633318"", ""190621677""]"
none_subset,4,204104398,165151245,46,574,0,0,0,0,0,0,"[""52439531"", ""78004872"", ""192440420"", ""145504709"", ""89431258"", ""126662251"", ""177423877"", ""78696152"", ""194301324"", ""192711504""]"
none_subset,4,181095947,151971662,43,526,0,0,0,0,0,0,"[""146898856"", ""50216046"", ""151940220"", ""68219566"", ""121314084"", ""75839769"", ""97625037"", ""212847147"", ""7945877"", ""185690306""]"
none_subset,4,224899119,192651386,43,4,0,0,1,1,1,1,"[""84074518"", ""183716498"", ""156395019"", ""192651386"", ""157809653"", ""154390259"", ""140335234"", ""78732259"", ""178361669"", ""75535529""]"
none_subset,4,183967688,155670027,38,672,0,0,0,0,0,0,"[""109987226"", ""99753126"", ""91690080"", ""167575814"", ""133274826"", ""135619578"", ""184191073"", ""202541337"", ""212304490"", ""126884451""]"
none_subset,4,184280318,132671829,38,1687,0,0,0,0,0,0,"[""180386955"", ""136204876"", ""211427284"", ""145998937"", ""128022775"", ""187952856"", ""192191594"", ""147452669"", ""160303868"", ""105898974""]"
none_subset,4,216271458,196562630,43,1446,0,0,0,0,0,0,"[""125361053"", ""162972233"", ""202343187"", ""210446525"", ""151315223"", ""146783647"", ""192317105"", ""188036629"", ""192366567"", ""188032543""]"
none_subset,4,49152496,53953930,4,44,0,0,0,0,0,1,"[""172884595"", ""166880259"", ""96998136"", ""195744792"", ""84024207"", ""145646315"", ""58216709"", ""139073104"", ""191225749"", ""198909677""]"
none_subset,4,66288978,69002225,62,773,0,0,0,0,0,0,"[""62110369"", ""135330582"", ""161511273"", ""133870924"", ""128732740"", ""115226483"", ""143139548"", ""39996426"", ""152444456"", ""137144214""]"
none_subset,4,220840372,207954191,57,532,0,0,0,0,0,0,"[""213078674"", ""215562071"", ""214059340"", ""191366717"", ""172288940"", ""213502972"", ""206964179"", ""210636826"", ""195614608"", ""111557041""]"
none_subset,4,147306031,128106423,64,866,0,0,0,0,0,0,"[""203544848"", ""211228726"", ""124508209"", ""182762792"", ""174848979"", ""137043393"", ""151140876"", ""167158322"", ""116088383"", ""153356810""]"
none_subset,4,225316557,181446055,38,11,0,0,0,0,1,1,"[""192191594"", ""157714512"", ""193857246"", ""65034285"", ""211427284"", ""174632713"", ""214890741"", ""157993089"", ""111175760"", ""176971005""]"
none_subset,4,174525131,136554419,46,652,0,0,0,0,0,0,"[""181935054"", ""203819517"", ""213130291"", ""215002844"", ""204759997"", ""210880528"", ""213127076"", ""200735701"", ""204919891"", ""201461152""]"
none_subset,4,195885815,167310374,37,35,0,0,0,0,0,1,"[""173524493"", ""64149000"", ""143874999"", ""168157454"", ""164055285"", ""167092117"", ""201067865"", ""53074039"", ""50482792"", ""207481345""]"
none_subset,4,209210877,170072626,37,369,0,0,0,0,0,0,"[""157252149"", ""186646910"", ""117265279"", ""199643627"", ""211746985"", ""149722373"", ""146962916"", ""205519279"", ""115216705"", ""215506448""]"
none_subset,4,175741247,141574731,62,163,0,0,0,0,0,0,"[""137144214"", ""188696626"", ""200537553"", ""147831197"", ""135330582"", ""196890627"", ""131432619"", ""150061145"", ""207100364"", ""32200239""]"
none_subset,4,225332772,205095267,37,418,0,0,0,0,0,0,"[""192569315"", ""207481345"", ""183010273"", ""170544975"", ""92273591"", ""179900455"", ""85275000"", ""187944382"", ""207178377"", ""79219323""]"
none_subset,4,207958562,129288036,64,963,0,0,0,0,0,0,"[""201240443"", ""206133696"", ""209061676"", ""214634539"", ""159273484"", ""147397750"", ""215003074"", ""212092681"", ""207607236"", ""214310641""]"
none_subset,4,208462466,174719538,64,37,0,0,0,0,0,1,"[""192779268"", ""188619722"", ""195252307"", ""200026497"", ""148743441"", ""114822134"", ""214814333"", ""147671714"", ""198087057"", ""95992904""]"
none_subset,4,218350216,203413072,57,188,0,0,0,0,0,0,"[""180448567"", ""210609885"", ""210472458"", ""203550692"", ""180302528"", ""211047562"", ""214349938"", ""205233758"", ""210570082"", ""164929949""]"
none_subset,4,184428330,141440077,4,25,0,0,0,0,1,1,"[""73118528"", ""185515008"", ""45403148"", ""211167678"", ""16813724"", ""209243592"", ""185596367"", ""192968334"", ""205390513"", ""53541477""]"
none_subset,4,201856004,167537206,64,41,0,0,0,0,0,1,"[""194941994"", ""166289001"", ""129093190"", ""193756438"", ""208915255"", ""149715107"", ""127196288"", ""128217933"", ""138800320"", ""138750171""]"
none_subset,4,215855432,169976903,4,289,0,0,0,0,0,0,"[""198615413"", ""205144961"", ""211385428"", ""180843726"", ""195510728"", ""194722275"", ""213053357"", ""196161368"", ""207819636"", ""198087841""]"
none_subset,4,211501789,190817084,43,142,0,0,0,0,0,0,"[""201671217"", ""184091403"", ""168115086"", ""185360446"", ""192529072"", ""190234147"", ""195756368"", ""121279267"", ""208864917"", ""201905433""]"
none_subset,4,175837973,147413615,62,290,0,0,0,0,0,0,"[""146276364"", ""172904337"", ""32645477"", ""152364935"", ""25260455"", ""36293036"", ""52919918"", ""100144178"", ""113659126"", ""53450905""]"
none_subset,4,204725838,161757069,37,387,0,0,0,0,0,0,"[""209286799"", ""195908286"", ""116930061"", ""210502009"", ""211802210"", ""173640245"", ""208141913"", ""206569261"", ""190788965"", ""175852737""]"
none_subset,4,197606699,145071351,43,660,0,0,0,0,0,0,"[""199973560"", ""199927468"", ""205731190"", ""130951250"", ""6704113"", ""50828732"", ""204986935"", ""164713298"", ""129866195"", ""84782336""]"
none_subset,4,206736488,190493223,37,468,0,0,0,0,0,0,"[""214037923"", ""61710118"", ""153610553"", ""146869816"", ""153376485"", ""140488555"", ""174037381"", ""164445165"", ""202331502"", ""194655381""]"
none_subset,4,197959137,158555938,57,2,0,1,1,1,1,1,"[""202223595"", ""158555938"", ""200462582"", ""170745002"", ""99228573"", ""98039533"", ""203970534"", ""134702798"", ""208033509"", ""206545534""]"
none_subset,4,216898820,200589462,4,121,0,0,0,0,0,0,"[""195596465"", ""201461303"", ""188602972"", ""156855089"", ""158986768"", ""162058011"", ""190161584"", ""203746928"", ""187600900"", ""201765058""]"
none_subset,4,176239974,140616698,64,631,0,0,0,0,0,0,"[""187887134"", ""194941994"", ""201298322"", ""204273384"", ""153356810"", ""128217933"", ""151134804"", ""203509707"", ""25588585"", ""147899970""]"
none_subset,4,157988855,136552233,64,2421,0,0,0,0,0,0,"[""146444401"", ""154897158"", ""116857348"", ""194767716"", ""200859322"", ""85881610"", ""136714774"", ""126079819"", ""167354299"", ""169220249""]"
none_subset,4,161185024,112700405,62,27,0,0,0,0,1,1,"[""118558747"", ""146962552"", ""78092395"", ""9716999"", ""184405626"", ""114525243"", ""15723967"", ""190061187"", ""124968439"", ""60969101""]"
none_subset,4,214846555,195919621,37,177,0,0,0,0,0,0,"[""181408383"", ""202030579"", ""191538851"", ""166041429"", ""196563012"", ""98327133"", ""187719393"", ""207544886"", ""186811713"", ""198478244""]"
none_subset,4,182932307,154018041,43,78,0,0,0,0,0,0,"[""211382244"", ""200893142"", ""114685239"", ""114685682"", ""151082966"", ""158354567"", ""177472789"", ""153867752"", ""202973654"", ""125047033""]"
none_subset,4,223890242,213307240,4,5,0,0,1,1,1,1,"[""214019748"", ""161643758"", ""158986768"", ""192786942"", ""213307240"", ""167074809"", ""171567687"", ""213275113"", ""166106900"", ""193831253""]"
none_subset,4,126143600,102679360,64,22,0,0,0,0,1,1,"[""131569653"", ""167354299"", ""200859322"", ""143450620"", ""189365972"", ""146365324"", ""212485762"", ""96029631"", ""21707133"", ""152189504""]"
none_subset,4,221471597,201385646,38,520,0,0,0,0,0,0,"[""167802783"", ""124441124"", ""138116862"", ""99075342"", ""204985593"", ""202112251"", ""207390508"", ""187725448"", ""171248361"", ""136949110""]"
none_subset,4,173298299,124122804,38,60,0,0,0,0,0,0,"[""108693433"", ""132680001"", ""141804705"", ""165228799"", ""78448908"", ""206277956"", ""202119038"", ""177616565"", ""158083734"", ""111431777""]"
none_subset,4,218520406,203736902,62,392,0,0,0,0,0,0,"[""189754029"", ""131293364"", ""103668310"", ""64365794"", ""85051086"", ""132521306"", ""13775643"", ""139126117"", ""181082260"", ""76087987""]"
none_subset,4,224142522,204338788,37,12,0,0,0,0,1,1,"[""133761960"", ""169799265"", ""191027835"", ""185919393"", ""201067865"", ""204454005"", ""195292057"", ""202204599"", ""142288515"", ""163655065""]"
none_subset,4,202410361,174578139,43,650,0,0,0,0,0,0,"[""153591399"", ""151416547"", ""193313194"", ""33852949"", ""75462011"", ""201664817"", ""143989763"", ""106625864"", ""16074591"", ""86540011""]"
none_subset,4,161146600,138785143,57,495,0,0,0,0,0,0,"[""183614539"", ""213078674"", ""211301569"", ""212489788"", ""210636826"", ""195501205"", ""204061426"", ""209236810"", ""214059340"", ""202650435""]"
none_subset,4,222069475,170340278,62,42,0,0,0,0,0,1,"[""169216599"", ""127953008"", ""175893857"", ""139116865"", ""94106347"", ""124409511"", ""149611160"", ""152708416"", ""208636440"", ""156677885""]"
none_subset,4,194411661,163223965,43,93,0,0,0,0,0,0,"[""143190396"", ""88426427"", ""113125737"", ""111061767"", ""205731190"", ""205295176"", ""76024222"", ""192942930"", ""104088614"", ""88577920""]"
none_subset,4,224932591,191606915,64,117,0,0,0,0,0,0,"[""76747946"", ""214169517"", ""202169422"", ""164732342"", ""204360657"", ""195558974"", ""214515601"", ""173458489"", ""191614451"", ""206936057""]"
none_subset,4,210415489,183542149,4,14,0,0,0,0,1,1,"[""192413607"", ""200860968"", ""200157160"", ""99199501"", ""171567687"", ""194689928"", ""197087229"", ""177402240"", ""72373127"", ""193934711""]"
none_subset,4,15571882,13426070,38,310,0,0,0,0,0,0,"[""158102628"", ""18107447"", ""186868507"", ""123821164"", ""105047287"", ""38003672"", ""209239234"", ""200830087"", ""194239845"", ""126267299""]"
none_subset,4,98110577,25513745,4,177,0,0,0,0,0,0,"[""78628063"", ""171902128"", ""193934711"", ""91829997"", ""116474962"", ""161593927"", ""161643758"", ""205405501"", ""3831714"", ""190871924""]"
none_subset,4,215808683,193202852,38,1,1,1,1,1,1,1,"[""193202852"", ""205170862"", ""170400945"", ""167802783"", ""209925991"", ""200275336"", ""184519031"", ""152236293"", ""209921939"", ""23769172""]"
none_subset,4,157938763,131128383,64,161,0,0,0,0,0,0,"[""115629895"", ""69227080"", ""211216257"", ""154046140"", ""188619722"", ""195841911"", ""200110600"", ""139261502"", ""126647422"", ""108526378""]"
none_subset,4,195879054,164721000,64,1021,0,0,0,0,0,0,"[""202169422"", ""152293696"", ""171442385"", ""193944748"", ""193964371"", ""83890055"", ""54345172"", ""167740456"", ""179205044"", ""177539508""]"
none_subset,4,223876308,209808536,38,503,0,0,0,0,0,0,"[""177493383"", ""93923477"", ""174760342"", ""100712745"", ""120501914"", ""69118085"", ""174166201"", ""193907312"", ""189745383"", ""109267269""]"
none_subset,4,214132806,193403705,43,252,0,0,0,0,0,0,"[""197607286"", ""66867545"", ""182870508"", ""146978431"", ""179105716"", ""48032933"", ""151392250"", ""197607322"", ""67063550"", ""138106208""]"
none_subset,4,52664700,60411182,62,2173,0,0,0,0,0,0,"[""104016143"", ""52192033"", ""88475705"", ""188860992"", ""141918937"", ""119067436"", ""119150891"", ""61635952"", ""132104523"", ""136598057""]"
none_subset,4,200266803,114685239,43,1694,0,0,0,0,0,0,"[""202169801"", ""160065339"", ""124359099"", ""162198664"", ""187498153"", ""187417722"", ""190006266"", ""164550665"", ""143671449"", ""139496028""]"
none_subset,4,217984127,194136520,46,8,0,0,0,1,1,1,"[""79988383"", ""168220730"", ""209824689"", ""102764457"", ""214030585"", ""131545810"", ""144667678"", ""194136520"", ""87562356"", ""160200797""]"
none_subset,4,98474414,70434629,38,148,0,0,0,0,0,0,"[""211267789"", ""172773467"", ""210816014"", ""195844405"", ""128235238"", ""202565372"", ""207970719"", ""126409844"", ""200560256"", ""202076969""]"
none_subset,4,203033874,175785148,62,190,0,0,0,0,0,0,"[""192772254"", ""204577887"", ""195420835"", ""191313815"", ""136965396"", ""125264671"", ""192447937"", ""81576657"", ""183508594"", ""212901239""]"
none_subset,4,208098642,184209950,57,290,0,0,0,0,0,0,"[""169347129"", ""209048371"", ""208786775"", ""209092004"", ""107527615"", ""196862481"", ""209125579"", ""163863157"", ""211568673"", ""178508676""]"
none_subset,4,173574562,143597501,38,833,0,0,0,0,0,0,"[""111639650"", ""126776975"", ""192654276"", ""204880845"", ""169004224"", ""99816295"", ""205018667"", ""100749834"", ""157657051"", ""176738509""]"
none_subset,4,90053851,87387447,64,4,0,0,1,1,1,1,"[""199702986"", ""147451743"", ""206533862"", ""87387447"", ""164183551"", ""105928549"", ""100362069"", ""142659992"", ""166141828"", ""199704764""]"
none_subset,4,161837918,127669239,38,118,0,0,0,0,0,0,"[""151069586"", ""176883176"", ""192992682"", ""148419997"", ""151607631"", ""203702170"", ""96535503"", ""165955684"", ""185164362"", ""171588996""]"
none_subset,4,177388849,149611213,46,2059,0,0,0,0,0,0,"[""57427713"", ""192437637"", ""173222203"", ""106830010"", ""79988383"", ""213744352"", ""91710882"", ""89045186"", ""211667492"", ""204039714""]"
none_subset,4,184500825,156456714,4,50,0,0,0,0,0,1,"[""163349092"", ""102233014"", ""147828982"", ""139418370"", ""160501086"", ""119900827"", ""150456310"", ""150577652"", ""56795758"", ""202877780""]"
none_subset,4,222767943,209217971,57,530,0,0,0,0,0,0,"[""147735917"", ""109983619"", ""57896054"", ""184248734"", ""200415629"", ""206372915"", ""132000121"", ""213022520"", ""209526309"", ""176713188""]"
none_subset,4,215241629,192731605,43,47,0,0,0,0,0,1,"[""187215484"", ""182399428"", ""210822887"", ""202626349"", ""189297376"", ""211582481"", ""184633847"", ""210958988"", ""192996306"", ""206290556""]"
none_subset,4,183100470,99417938,64,306,0,0,0,0,0,0,"[""202708847"", ""200767454"", ""159992550"", ""187780688"", ""56925731"", ""196466213"", ""153594881"", ""151937269"", ""203544848"", ""142288835""]"
none_subset,4,179107092,144454199,62,754,0,0,0,0,0,0,"[""161511273"", ""211069026"", ""72010081"", ""152444456"", ""209579537"", ""136870941"", ""39996426"", ""52848243"", ""135330582"", ""143139548""]"
none_subset,4,208304805,109143906,62,486,0,0,0,0,0,0,"[""132448455"", ""208220353"", ""209401746"", ""122377328"", ""199605491"", ""203439833"", ""208436202"", ""168348573"", ""12231700"", ""190061187""]"
none_subset,4,187084437,157264118,38,523,0,0,0,0,0,0,"[""148428740"", ""180023471"", ""126393314"", ""123821164"", ""154112696"", ""174772308"", ""14434511"", ""44504337"", ""207433318"", ""18107447""]"
none_subset,4,182829203,121637221,57,1612,0,0,0,0,0,0,"[""175877174"", ""202358315"", ""195801582"", ""197135877"", ""198496404"", ""99750205"", ""181271800"", ""51949929"", ""79860798"", ""180448563""]"
none_subset,4,222069124,145729982,43,367,0,0,0,0,0,0,"[""47762447"", ""89809066"", ""205985198"", ""83316052"", ""97617721"", ""158541186"", ""142661471"", ""169194192"", ""59841256"", ""120869286""]"
none_subset,4,103400294,94729022,64,1394,0,0,0,0,0,0,"[""92189436"", ""208915255"", ""129093190"", ""173357253"", ""148153000"", ""121442493"", ""128217933"", ""194835735"", ""192392140"", ""153356810""]"
none_subset,4,224914581,176953865,64,37,0,0,0,0,0,1,"[""195393000"", ""169811379"", ""126904794"", ""211102502"", ""142606748"", ""54502447"", ""135156967"", ""124191185"", ""73275498"", ""136416035""]"
none_subset,4,214666513,195619020,37,103,0,0,0,0,0,0,"[""170278658"", ""148596814"", ""201913249"", ""210562159"", ""131363055"", ""205943306"", ""210226726"", ""179758158"", ""181022161"", ""184292036""]"
none_subset,4,222321400,182166699,57,299,0,0,0,0,0,0,"[""172859305"", ""189194901"", ""173370077"", ""143158282"", ""147873420"", ""193349740"", ""107959707"", ""153434097"", ""127679989"", ""188669947""]"
none_subset,4,216944551,159359494,43,153,0,0,0,0,0,0,"[""180442618"", ""212033090"", ""171291776"", ""197131751"", ""160717977"", ""215090391"", ""159971774"", ""171859659"", ""169966782"", ""195474760""]"
none_subset,4,210707828,152227829,62,847,0,0,0,0,0,0,"[""176333450"", ""72763415"", ""95641166"", ""186145130"", ""146878510"", ""150945055"", ""137617785"", ""84455640"", ""56951341"", ""60093528""]"
none_subset,4,180014956,142418825,38,291,0,0,0,0,0,0,"[""195666912"", ""181781147"", ""143671381"", ""208393437"", ""124479122"", ""192654285"", ""161419745"", ""198984787"", ""73914237"", ""102161764""]"
none_subset,4,215076463,163758025,38,1,1,1,1,1,1,1,"[""163758025"", ""157091884"", ""192587307"", ""186767110"", ""177165475"", ""192721742"", ""66259210"", ""23348079"", ""193466853"", ""83339948""]"
none_subset,4,205252925,169789662,46,157,0,0,0,0,0,0,"[""194361633"", ""191191910"", ""203339078"", ""196161712"", ""172912744"", ""143484748"", ""208143888"", ""131545810"", ""199921826"", ""142410249""]"
none_subset,4,183925854,153105815,46,7,0,0,0,1,1,1,"[""62458353"", ""158946684"", ""141876515"", ""201215254"", ""64234906"", ""100503293"", ""153105815"", ""117093898"", ""193559506"", ""59097004""]"
none_subset,4,224020111,198002699,46,122,0,0,0,0,0,0,"[""211028341"", ""203534611"", ""205395255"", ""71898634"", ""125545946"", ""203313787"", ""174610357"", ""207214996"", ""209924661"", ""102458654""]"
none_subset,4,187296862,158205918,4,469,0,0,0,0,0,0,"[""185596367"", ""45403148"", ""73118528"", ""209043508"", ""161086623"", ""185515008"", ""141440077"", ""209243592"", ""211167678"", ""108342269""]"
none_subset,4,220810360,138163284,64,98,0,0,0,0,0,0,"[""67792301"", ""67998486"", ""143686140"", ""183047062"", ""189988059"", ""155021743"", ""48108527"", ""152603802"", ""111626622"", ""209711556""]"
none_subset,4,223818925,199451041,4,1271,0,0,0,0,0,0,"[""191889856"", ""176713159"", ""149540936"", ""171876720"", ""164483759"", ""176720818"", ""188323012"", ""158261628"", ""156841344"", ""197928464""]"
none_subset,4,222921695,135905491,38,925,0,0,0,0,0,0,"[""112389064"", ""149562058"", ""112658377"", ""103005464"", ""130421231"", ""145871617"", ""138438188"", ""108421334"", ""117957932"", ""200715695""]"
none_subset,4,216187678,198809896,4,480,0,0,0,0,0,0,"[""202571906"", ""191316160"", ""208780104"", ""196167891"", ""172884595"", ""195744792"", ""201904090"", ""182581077"", ""213160173"", ""185360306""]"
none_subset,4,208818858,184790742,64,207,0,0,0,0,0,0,"[""187029541"", ""162686675"", ""160006498"", ""62581454"", ""121322111"", ""187914316"", ""152337991"", ""169811379"", ""142562860"", ""95187471""]"
none_subset,4,219722612,159255378,4,198,0,0,0,0,0,0,"[""190777107"", ""113199812"", ""185596367"", ""73118528"", ""158546701"", ""141440077"", ""169715410"", ""200198172"", ""108788103"", ""45403148""]"
none_subset,4,174150733,143077183,46,804,0,0,0,0,0,0,"[""151511658"", ""134541468"", ""12880586"", ""142789905"", ""154821670"", ""208811097"", ""167265746"", ""78696152"", ""187714756"", ""180613841""]"
none_subset,4,208472831,174516474,37,137,0,0,0,0,0,0,"[""192227530"", ""121097766"", ""209172941"", ""195014964"", ""183094359"", ""202782009"", ""201561139"", ""134610044"", ""208532302"", ""196469804""]"
none_subset,4,225331879,211781657,46,39,0,0,0,0,0,1,"[""141874387"", ""179691172"", ""198984808"", ""193685035"", ""207544587"", ""164864518"", ""209163866"", ""213400898"", ""177107115"", ""212936458""]"
none_subset,4,182892098,152196065,57,409,0,0,0,0,0,0,"[""180417908"", ""153865654"", ""211640040"", ""12178696"", ""141707543"", ""148338437"", ""138406659"", ""174010829"", ""211785457"", ""194409455""]"
none_subset,4,191191397,161679651,37,110,0,0,0,0,0,0,"[""188912090"", ""206587185"", ""187502080"", ""191259466"", ""201649016"", ""187324915"", ""121097766"", ""189202972"", ""201561139"", ""214708320""]"
none_subset,4,51157154,56376408,64,132,0,0,0,0,0,0,"[""86007149"", ""115271433"", ""106887245"", ""148683481"", ""190759249"", ""88248087"", ""169392034"", ""119651772"", ""111358319"", ""108051613""]"
none_subset,4,213506298,194022328,4,317,0,0,0,0,0,0,"[""182581077"", ""183509496"", ""153410659"", ""183774289"", ""215305148"", ""151978785"", ""203466268"", ""133632260"", ""159511008"", ""207097865""]"
none_subset,4,185600450,118284407,64,232,0,0,0,0,0,0,"[""202708847"", ""203544848"", ""159020740"", ""147554849"", ""105652723"", ""165038599"", ""80281524"", ""208493068"", ""200592836"", ""82453175""]"
none_subset,4,180909269,115463757,37,252,0,0,0,0,0,0,"[""23924949"", ""21423746"", ""166075041"", ""51749408"", ""147794006"", ""37024390"", ""152741672"", ""167166017"", ""143946320"", ""194266651""]"
none_subset,4,201721125,136423579,62,10,0,0,0,1,1,1,"[""134917876"", ""120041482"", ""109144733"", ""160586788"", ""161194868"", ""186169702"", ""155653139"", ""80656120"", ""124265654"", ""136423579""]"
none_subset,4,115556942,103936826,4,11,0,0,0,0,1,1,"[""173611156"", ""146357422"", ""105240256"", ""153979554"", ""188882555"", ""83596697"", ""199751511"", ""156841315"", ""188077197"", ""189945818""]"
none_subset,4,194887665,167548901,46,307,0,0,0,0,0,0,"[""212433966"", ""174100562"", ""172604491"", ""211441287"", ""203118933"", ""208306039"", ""159203778"", ""173832017"", ""187591614"", ""203173795""]"
none_subset,4,138219661,119900827,4,10,0,0,0,1,1,1,"[""86385298"", ""102233014"", ""179569445"", ""133632260"", ""176566249"", ""191225749"", ""213696130"", ""198281595"", ""191246700"", ""119900827""]"
none_subset,4,212540852,192319538,43,19,0,0,0,0,1,1,"[""150459085"", ""171948652"", ""146616250"", ""156158359"", ""198423070"", ""146783647"", ""157129302"", ""201535486"", ""201915238"", ""178271380""]"
none_subset,4,176555063,135810804,57,398,0,0,0,0,0,0,"[""172994991"", ""200193952"", ""214160653"", ""210399533"", ""210136489"", ""199425070"", ""213478012"", ""214349938"", ""204720478"", ""210498921""]"
none_subset,4,225173739,208033167,64,68,0,0,0,0,0,0,"[""69885765"", ""193944748"", ""100728693"", ""98740806"", ""187557702"", ""93943220"", ""159988781"", ""97352989"", ""148189562"", ""96822403""]"
none_subset,4,158468307,129585105,38,23,0,0,0,0,1,1,"[""82057494"", ""54324303"", ""73789534"", ""9780698"", ""158733811"", ""34947118"", ""104386568"", ""137715155"", ""206429629"", ""209719272""]"
none_subset,4,186450742,147354525,46,178,0,0,0,0,0,0,"[""108971427"", ""146029150"", ""182136657"", ""165738313"", ""171227160"", ""167525245"", ""207529569"", ""50541291"", ""145084375"", ""195996779""]"
none_subset,4,181047857,152412516,57,1388,0,0,0,0,0,0,"[""143608153"", ""46330390"", ""127840872"", ""183993242"", ""77451340"", ""58773802"", ""134702798"", ""125977774"", ""83088208"", ""100527593""]"
none_subset,4,91443112,85213040,43,1446,0,0,0,0,0,0,"[""202367676"", ""187717589"", ""153591399"", ""89731710"", ""196554944"", ""188690647"", ""151471908"", ""191701553"", ""194855616"", ""76380885""]"
none_subset,4,119539452,106502277,43,1178,0,0,0,0,0,0,"[""141669650"", ""96854864"", ""210221001"", ""202066381"", ""108655894"", ""54249020"", ""210446525"", ""178668945"", ""188747951"", ""185121060""]"
none_subset,4,191907572,158126671,64,1,1,1,1,1,1,1,"[""158126671"", ""145930227"", ""154046140"", ""126209163"", ""115629895"", ""20739628"", ""188236622"", ""195841911"", ""126647422"", ""184683737""]"
none_subset,4,218261275,173939203,38,155,0,0,0,0,0,0,"[""145417944"", ""171461647"", ""98740967"", ""204165631"", ""170996483"", ""201619850"", ""146847513"", ""119050794"", ""74153327"", ""197273368""]"
none_subset,4,159177944,138639851,46,228,0,0,0,0,0,0,"[""105678196"", ""212690484"", ""115209508"", ""110969671"", ""106929021"", ""131018578"", ""97199428"", ""145127630"", ""48793171"", ""157520024""]"
none_subset,4,207369823,175349512,38,899,0,0,0,0,0,0,"[""98186259"", ""161290599"", ""198984787"", ""203692617"", ""181242432"", ""102495634"", ""74122089"", ""142911344"", ""164618247"", ""28421314""]"
none_subset,4,224642974,213296555,46,887,0,0,0,0,0,0,"[""136576031"", ""77329979"", ""177872819"", ""213225779"", ""188997673"", ""52086900"", ""33873883"", ""133459219"", ""213196140"", ""120660699""]"
none_subset,4,153329728,132795249,43,40,0,0,0,0,0,1,"[""136611640"", ""198322720"", ""185210795"", ""202066381"", ""203995902"", ""137231986"", ""178668945"", ""201558429"", ""192528335"", ""113451129""]"
none_subset,4,224929989,146515707,38,361,0,0,0,0,0,0,"[""107235965"", ""44557915"", ""207390535"", ""132325249"", ""121756181"", ""171248361"", ""55877012"", ""204218454"", ""58199619"", ""95406694""]"
none_subset,4,221098190,195854271,57,6,0,0,0,1,1,1,"[""201084593"", ""205233758"", ""138365679"", ""207501690"", ""161609848"", ""195854271"", ""190632146"", ""207225097"", ""214349938"", ""140102042""]"
none_subset,4,155831788,132325249,38,1660,0,0,0,0,0,0,"[""108421334"", ""120618466"", ""127539785"", ""133136953"", ""201541368"", ""189593063"", ""37709032"", ""123220669"", ""191903812"", ""179876069""]"
none_subset,4,126845448,112937104,4,152,0,0,0,0,0,0,"[""192875206"", ""63030233"", ""146861531"", ""117471262"", ""153111279"", ""185429569"", ""115483149"", ""196676247"", ""201065368"", ""94319899""]"
none_subset,4,179361545,106038218,64,299,0,0,0,0,0,0,"[""195841911"", ""177968315"", ""174916841"", ""69227080"", ""126295674"", ""16466362"", ""168608952"", ""202658571"", ""158126671"", ""77671900""]"
none_subset,4,139449822,117334028,38,1082,0,0,0,0,0,0,"[""104610572"", ""154762222"", ""102676974"", ""200830087"", ""91690080"", ""148419997"", ""196304269"", ""107054492"", ""96535503"", ""98969149""]"
none_subset,4,221096484,205170862,38,152,0,0,0,0,0,0,"[""199402447"", ""181834833"", ""201872814"", ""126428292"", ""207694901"", ""152236293"", ""193744229"", ""148861478"", ""202202801"", ""31980662""]"
none_subset,4,194053252,144803619,37,79,0,0,0,0,0,0,"[""21423746"", ""127087324"", ""183023489"", ""140695602"", ""101318206"", ""147143113"", ""113459454"", ""121116115"", ""161147605"", ""155606960""]"
none_subset,4,193744363,162888304,4,189,0,0,0,0,0,0,"[""143872793"", ""97922019"", ""141186510"", ""56691048"", ""138966111"", ""81323441"", ""80737939"", ""205498846"", ""137276271"", ""88061241""]"
none_subset,4,56881494,59824769,64,113,0,0,0,0,0,0,"[""80281524"", ""103416735"", ""181619566"", ""53527257"", ""79734724"", ""187708913"", ""179201033"", ""188599489"", ""90897593"", ""60032340""]"
none_subset,4,213465163,187705042,62,600,0,0,0,0,0,0,"[""15942056"", ""58086605"", ""69716297"", ""72763415"", ""45013331"", ""113866351"", ""162263431"", ""69002225"", ""172190870"", ""193136181""]"
none_subset,4,208699858,179210556,64,2,0,1,1,1,1,1,"[""193944748"", ""179210556"", ""203188239"", ""208376832"", ""206936057"", ""173458489"", ""181955550"", ""65008714"", ""214169517"", ""86356781""]"
none_subset,4,195833750,123189996,64,321,0,0,0,0,0,0,"[""26313820"", ""126296430"", ""97352989"", ""210055173"", ""179949768"", ""182199798"", ""129288036"", ""143226451"", ""179740887"", ""105939282""]"
none_subset,4,181207777,144454199,62,380,0,0,0,0,0,0,"[""198039882"", ""62333104"", ""148732654"", ""195044493"", ""185851832"", ""191074130"", ""182512987"", ""64365794"", ""65335111"", ""72010081""]"
none_subset,4,211604132,188799739,4,941,0,0,0,0,0,0,"[""139418370"", ""195502889"", ""202877780"", ""188173628"", ""203305847"", ""133755220"", ""193026353"", ""150577652"", ""186775950"", ""141085810""]"
none_subset,4,218617140,203875366,57,2306,0,0,0,0,0,0,"[""177152495"", ""197912016"", ""145912634"", ""163006969"", ""109323350"", ""207131148"", ""180073794"", ""163116154"", ""77876788"", ""178336767""]"
none_subset,4,217487255,196511259,64,749,0,0,0,0,0,0,"[""208915255"", ""129093190"", ""127196288"", ""138800320"", ""166289001"", ""178000493"", ""138016010"", ""193756438"", ""194941994"", ""156194814""]"
none_subset,4,217577782,191677362,62,142,0,0,0,0,0,0,"[""190355590"", ""94242464"", ""109870390"", ""193966350"", ""172997177"", ""126658969"", ""153723208"", ""187705042"", ""213066001"", ""62110369""]"
none_subset,4,203358632,174101198,37,676,0,0,0,0,0,0,"[""50546747"", ""163345294"", ""98865638"", ""191600925"", ""93501781"", ""60970379"", ""180655927"", ""174854812"", ""165125789"", ""53389573""]"
none_subset,4,121248621,108713383,46,481,0,0,0,0,0,0,"[""87562356"", ""194081652"", ""197949897"", ""167424905"", ""134232696"", ""193512680"", ""211774611"", ""102764457"", ""105064165"", ""123341476""]"
none_subset,4,76000782,53594227,57,3,0,1,1,1,1,1,"[""44191816"", ""58773802"", ""53594227"", ""100527593"", ""149427907"", ""149164338"", ""175340511"", ""14439949"", ""114861890"", ""168248481""]"
none_subset,4,191982239,161813766,38,186,0,0,0,0,0,0,"[""193252013"", ""187932569"", ""193857539"", ""192509185"", ""206210657"", ""93599322"", ""122560021"", ""73863273"", ""188626794"", ""182704194""]"
none_subset,4,216739051,200370854,37,63,0,0,0,0,0,0,"[""206302770"", ""193730114"", ""210025924"", ""182193027"", ""177838111"", ""192410370"", ""211571619"", ""181272583"", ""183324015"", ""190070434""]"
none_subset,4,192931748,163620157,62,110,0,0,0,0,0,0,"[""142923518"", ""32728587"", ""153690999"", ""143843798"", ""148423515"", ""147789503"", ""130608683"", ""177811848"", ""133212921"", ""118658701""]"
none_subset,4,224192708,212429237,64,18,0,0,0,0,1,1,"[""136053941"", ""195841911"", ""102619257"", ""177968315"", ""98469115"", ""163956163"", ""209149616"", ""195536621"", ""154049018"", ""121428593""]"
none_subset,4,222889034,211582481,43,15,0,0,0,0,1,1,"[""201213450"", ""210822887"", ""193401579"", ""186350594"", ""187215484"", ""185851616"", ""182445092"", ""198087076"", ""184633847"", ""190677683""]"
none_subset,4,210329706,184254034,64,23,0,0,0,0,1,1,"[""174719538"", ""169931960"", ""201460481"", ""136600772"", ""144399371"", ""156904369"", ""210148884"", ""182426229"", ""196368507"", ""191710817""]"
none_subset,4,98720243,82453175,64,959,0,0,0,0,0,0,"[""186122058"", ""168668432"", ""163082716"", ""159020740"", ""129288036"", ""78458855"", ""147667682"", ""160006498"", ""143663551"", ""184399585""]"
none_subset,4,191920165,151312076,38,148,0,0,0,0,0,0,"[""109987226"", ""126884451"", ""91690080"", ""127571400"", ""135619578"", ""204637998"", ""190122858"", ""184191073"", ""99753126"", ""128953329""]"
none_subset,4,193516549,141087936,37,1772,0,0,0,0,0,0,"[""21114364"", ""150887352"", ""202222440"", ""95030361"", ""14688074"", ""198478244"", ""98327133"", ""29496516"", ""192786781"", ""96489539""]"
none_subset,4,215181467,196352343,4,474,0,0,0,0,0,0,"[""199780246"", ""159111889"", ""187602417"", ""200963901"", ""191147915"", ""146764647"", ""206940426"", ""186827392"", ""190161584"", ""192331154""]"
none_subset,4,213470302,193563274,38,886,0,0,0,0,0,0,"[""201835961"", ""204880845"", ""171755799"", ""193252013"", ""132671829"", ""154107984"", ""197680644"", ""157657051"", ""44504337"", ""198984787""]"
none_subset,4,217382278,205030690,46,19,0,0,0,0,1,1,"[""153503851"", ""158946684"", ""201215254"", ""100503293"", ""140208813"", ""117093898"", ""139649558"", ""202512541"", ""133674182"", ""129089284""]"
none_subset,4,187772901,152337991,64,17,0,0,0,0,1,1,"[""63935560"", ""174387123"", ""160006498"", ""206213762"", ""133169923"", ""70397289"", ""156281163"", ""173159881"", ""202400540"", ""62581454""]"
none_subset,4,214506218,194775259,64,662,0,0,0,0,0,0,"[""109320323"", ""160001929"", ""91451711"", ""31017779"", ""131569653"", ""181874277"", ""184683737"", ""157803989"", ""154504845"", ""126460114""]"
none_subset,4,223760928,210450450,57,79,0,0,0,0,0,0,"[""211144150"", ""214059340"", ""215562071"", ""209364645"", ""213078674"", ""200869212"", ""211668933"", ""194275459"", ""205639658"", ""106413750""]"
none_subset,4,174683528,86091554,46,61,0,0,0,0,0,0,"[""174665100"", ""145094112"", ""162153442"", ""172250706"", ""194132989"", ""212781522"", ""180829317"", ""168815908"", ""82173677"", ""199766372""]"
none_subset,4,220595838,192805958,46,713,0,0,0,0,0,0,"[""201966464"", ""52439531"", ""126662251"", ""152102459"", ""152639248"", ""192440420"", ""128072844"", ""194301324"", ""191705183"", ""99309357""]"
none_subset,4,194436636,126011300,38,297,0,0,0,0,0,0,"[""82057494"", ""107906676"", ""105049465"", ""192389960"", ""209719272"", ""158767731"", ""158733811"", ""73789534"", ""203991000"", ""67559588""]"
none_subset,4,133292443,112902032,64,1838,0,0,0,0,0,0,"[""169622540"", ""56593545"", ""200451748"", ""210923456"", ""76425768"", ""154414779"", ""166489955"", ""208979760"", ""60291031"", ""205058205""]"
none_subset,4,95295742,55355667,43,411,0,0,0,0,0,0,"[""197607286"", ""66867545"", ""141417624"", ""180095819"", ""71803254"", ""197607322"", ""205605896"", ""78732259"", ""166752829"", ""159786759""]"
none_subset,4,207550436,179000829,38,1,1,1,1,1,1,1,"[""179000829"", ""129594031"", ""100750564"", ""129590481"", ""160556153"", ""115091528"", ""59331317"", ""88830973"", ""181343824"", ""213648542""]"
none_subset,4,168234043,105284015,64,8,0,0,0,1,1,1,"[""210055173"", ""173175226"", ""112432197"", ""197129998"", ""137648602"", ""153717696"", ""152209904"", ""105284015"", ""65008207"", ""99419773""]"
none_subset,4,206867388,181331283,43,1592,0,0,0,0,0,0,"[""191701553"", ""202367676"", ""166329703"", ""133220748"", ""126851290"", ""194855616"", ""122715243"", ""144102192"", ""189490489"", ""188613551""]"
none_subset,4,154993550,127087324,37,76,0,0,0,0,0,0,"[""142288546"", ""119637829"", ""186298213"", ""182444653"", ""98329035"", ""160237764"", ""146818815"", ""175772166"", ""162977839"", ""197393743""]"
none_subset,4,215105169,196286726,64,1,1,1,1,1,1,1,"[""196286726"", ""182199798"", ""147671714"", ""206276658"", ""200505701"", ""162686675"", ""200027492"", ""192779268"", ""191930990"", ""210055173""]"
none_subset,4,221268804,179735008,4,89,0,0,0,0,0,0,"[""73118528"", ""206279065"", ""45403148"", ""197046560"", ""206016133"", ""209260365"", ""169715410"", ""164495014"", ""134828860"", ""138626625""]"
none_subset,4,191892692,164374132,43,85,0,0,0,0,0,0,"[""126415167"", ""98301531"", ""168943005"", ""130556843"", ""205517780"", ""207289652"", ""212829910"", ""192564854"", ""123028053"", ""127486066""]"
none_subset,4,190066343,162413549,37,90,0,0,0,0,0,0,"[""195296935"", ""190075252"", ""169228866"", ""207698281"", ""191911000"", ""211094404"", ""153099679"", ""195583647"", ""179751402"", ""196563012""]"
none_subset,4,172680642,130299986,4,13,0,0,0,0,1,1,"[""110512138"", ""123480831"", ""213221072"", ""138966111"", ""177029114"", ""202362364"", ""164618017"", ""210169790"", ""149759042"", ""171447530""]"
none_subset,4,124652082,111507227,46,739,0,0,0,0,0,0,"[""151511658"", ""80195905"", ""103017168"", ""70517064"", ""108786028"", ""143366526"", ""203329657"", ""131820392"", ""150142821"", ""78516486""]"
none_subset,4,211314847,179041527,46,209,0,0,0,0,0,0,"[""200400926"", ""120932240"", ""82615761"", ""172011941"", ""205315794"", ""29968635"", ""165704043"", ""131953748"", ""193423957"", ""156554598""]"
none_subset,4,216976389,193787837,64,851,0,0,0,0,0,0,"[""76676235"", ""173526297"", ""200043378"", ""184076586"", ""188679044"", ""66459509"", ""187503442"", ""153331707"", ""214114704"", ""198087057""]"
none_subset,4,157899270,122844194,46,660,0,0,0,0,0,0,"[""121587868"", ""138326639"", ""105064165"", ""125545946"", ""105137217"", ""204625399"", ""99536865"", ""196914007"", ""175731097"", ""203313787""]"
none_subset,4,31876020,35001266,46,14,0,0,0,0,1,1,"[""146688494"", ""6346575"", ""29922766"", ""194051265"", ""105064166"", ""178870249"", ""160019718"", ""172912609"", ""199954459"", ""133459219""]"
none_subset,4,136392754,104135674,64,93,0,0,0,0,0,0,"[""149715107"", ""190043031"", ""166184401"", ""138800320"", ""157313823"", ""193072604"", ""62550428"", ""127512781"", ""204824313"", ""184002672""]"
none_subset,4,174050717,146272807,37,421,0,0,0,0,0,0,"[""197344850"", ""189934851"", ""213471023"", ""163424021"", ""146527115"", ""153367008"", ""185411714"", ""190251047"", ""99092830"", ""57914905""]"
none_subset,4,85517234,16200082,4,221,0,0,0,0,0,0,"[""163349092"", ""99318165"", ""149144744"", ""147828982"", ""139418370"", ""160501086"", ""136384270"", ""173008557"", ""201065368"", ""123336352""]"
none_subset,4,60621521,66001771,38,22,0,0,0,0,1,1,"[""12850729"", ""178111049"", ""83459172"", ""182664472"", ""158102628"", ""169995762"", ""213761986"", ""162038910"", ""193943616"", ""122514493""]"
none_subset,4,195598730,168407756,62,193,0,0,0,0,0,0,"[""204527959"", ""200036900"", ""208722933"", ""181376013"", ""116947577"", ""143989434"", ""80550172"", ""204435102"", ""143226394"", ""190541240""]"
none_subset,4,194696531,165507559,4,181,0,0,0,0,0,0,"[""199361385"", ""131936243"", ""164310767"", ""166819061"", ""202239610"", ""207126826"", ""188807407"", ""177860593"", ""197680529"", ""141193838""]"
none_subset,4,172009441,143567150,57,197,0,0,0,0,0,0,"[""100527593"", ""183993242"", ""165637321"", ""121902729"", ""44191816"", ""83591058"", ""126989970"", ""31932356"", ""122166847"", ""161319979""]"
none_subset,4,106371568,81712775,62,1399,0,0,0,0,0,0,"[""56305255"", ""60700827"", ""15942056"", ""56568319"", ""117835777"", ""187005682"", ""157692294"", ""203397613"", ""31775075"", ""192156940""]"
none_subset,4,221354881,208956211,62,1762,0,0,0,0,0,0,"[""194803893"", ""161511273"", ""152444456"", ""39996426"", ""137144214"", ""186936582"", ""53450905"", ""11159327"", ""211069026"", ""193705208""]"
none_subset,4,140630550,105605834,4,509,0,0,0,0,0,0,"[""161417907"", ""202002064"", ""185642095"", ""197455821"", ""184994826"", ""165023261"", ""201079257"", ""53541477"", ""193589374"", ""31486566""]"
none_subset,4,205970803,181306942,4,17,0,0,0,0,1,1,"[""23408401"", ""187964382"", ""142553971"", ""178109092"", ""182060832"", ""141488485"", ""98076075"", ""199834780"", ""209607188"", ""122564854""]"
none_subset,4,175938816,147988293,37,250,0,0,0,0,0,0,"[""181408383"", ""87450438"", ""98327133"", ""182388466"", ""195296935"", ""116240817"", ""191931364"", ""149483145"", ""180221400"", ""45171964""]"
none_subset,4,81153449,13469891,4,67,0,0,0,0,0,0,"[""167643231"", ""141488485"", ""149759096"", ""98076075"", ""12396291"", ""138975756"", ""64185045"", ""204826660"", ""160102626"", ""181715447""]"
none_subset,4,220204771,206235969,4,21,0,0,0,0,1,1,"[""73118528"", ""200198172"", ""211469837"", ""206016133"", ""205530255"", ""204124240"", ""113199812"", ""169715410"", ""141440077"", ""45403148""]"
none_subset,4,219877685,204948467,38,35,0,0,0,0,0,1,"[""32654945"", ""174760342"", ""39903440"", ""177493383"", ""135905491"", ""152717874"", ""174919483"", ""190384477"", ""189745383"", ""93923477""]"
none_subset,4,19274693,16684342,57,760,0,0,0,0,0,0,"[""159343304"", ""160412889"", ""207601730"", ""209164848"", ""208101032"", ""211403510"", ""153343338"", ""165671006"", ""209236810"", ""207230428""]"
none_subset,4,225328512,196270392,4,124,0,0,0,0,0,0,"[""189202376"", ""67564757"", ""104872974"", ""210643102"", ""191246391"", ""190503853"", ""165183012"", ""179258061"", ""204860189"", ""213127345""]"
none_subset,4,182525884,176722009,43,15,0,0,0,0,1,1,"[""146898856"", ""177473145"", ""160407494"", ""49526180"", ""125934100"", ""121414926"", ""147419433"", ""123492526"", ""120544015"", ""91477618""]"
none_subset,4,221015126,204675075,57,40,0,0,0,0,0,1,"[""173370077"", ""203970549"", ""166225948"", ""171686923"", ""209801964"", ""189194901"", ""193883899"", ""55753543"", ""192532677"", ""159329515""]"
none_subset,4,181083347,128431328,38,526,0,0,0,0,0,0,"[""192992682"", ""177325365"", ""154762222"", ""202829895"", ""154112907"", ""75182035"", ""71896485"", ""207664747"", ""148700903"", ""127539785""]"
none_subset,4,220376806,125977774,57,2150,0,0,0,0,0,0,"[""111084475"", ""52718700"", ""171919749"", ""147692335"", ""145670007"", ""201292508"", ""164639309"", ""47987945"", ""190730924"", ""78647223""]"
none_subset,4,218730195,181873326,46,482,0,0,0,0,0,0,"[""105064165"", ""170987455"", ""201270244"", ""208099409"", ""138254448"", ""213234426"", ""199253164"", ""203763329"", ""136715816"", ""81754384""]"
none_subset,4,124558600,83782511,38,496,0,0,0,0,0,0,"[""190453683"", ""16689432"", ""178462865"", ""153191207"", ""187612197"", ""121639115"", ""166911507"", ""156629865"", ""102812596"", ""207656146""]"
none_subset,4,115160424,76158891,43,1068,0,0,0,0,0,0,"[""210778994"", ""205500642"", ""180648286"", ""207656544"", ""198600357"", ""201951948"", ""86316695"", ""132428330"", ""172611335"", ""144764622""]"
none_subset,4,156442038,50164634,38,162,0,0,0,0,0,0,"[""115216449"", ""196280032"", ""181226544"", ""200085691"", ""112389064"", ""55254920"", ""145871617"", ""149562058"", ""178024296"", ""202803035""]"
none_subset,4,208885105,182587351,57,83,0,0,0,0,0,0,"[""51300213"", ""180417908"", ""152187673"", ""132769262"", ""196935602"", ""177316731"", ""157953377"", ""202725978"", ""202626135"", ""203388288""]"
none_subset,4,186052675,156103241,4,409,0,0,0,0,0,0,"[""172852183"", ""194142299"", ""136474102"", ""152566280"", ""126624504"", ""112540745"", ""156401211"", ""186934020"", ""191216846"", ""141186510""]"
none_subset,4,157308666,133864561,64,123,0,0,0,0,0,0,"[""191437806"", ""174095805"", ""53527257"", ""97354544"", ""170931595"", ""161612772"", ""195269265"", ""179104022"", ""60032340"", ""177536477""]"
none_subset,4,212978518,144463129,43,5,0,0,1,1,1,1,"[""61372398"", ""98581026"", ""193103331"", ""120188232"", ""144463129"", ""143371562"", ""15015983"", ""184970697"", ""89731710"", ""127047625""]"
none_subset,4,47560532,52512643,38,271,0,0,0,0,0,0,"[""110664117"", ""158600836"", ""189593063"", ""128168264"", ""213205324"", ""104042988"", ""214394715"", ""206517908"", ""123255496"", ""113999751""]"
none_subset,4,185082634,155606960,37,211,0,0,0,0,0,0,"[""198753304"", ""200025016"", ""185048961"", ""127873279"", ""92247640"", ""159931625"", ""106674292"", ""175146389"", ""100774234"", ""139391729""]"
none_subset,4,134065570,100947091,43,219,0,0,0,0,0,0,"[""43472863"", ""187498153"", ""90489434"", ""101275830"", ""194913615"", ""132352792"", ""194217103"", ""141669650"", ""171376543"", ""179212406""]"
none_subset,4,72439450,72700486,62,451,0,0,0,0,0,0,"[""148891602"", ""194491562"", ""95885283"", ""61171387"", ""112414551"", ""155253745"", ""201461957"", ""134618566"", ""150924476"", ""67056893""]"
none_subset,4,85698837,84941218,62,5,0,0,1,1,1,1,"[""104016143"", ""44103941"", ""119150891"", ""190693769"", ""84941218"", ""123214623"", ""198209451"", ""119067436"", ""127482214"", ""128594783""]"
none_subset,4,213505891,193656232,37,59,0,0,0,0,0,0,"[""191538851"", ""187423310"", ""209172941"", ""208532302"", ""199287233"", ""210502009"", ""209855515"", ""193730114"", ""213637743"", ""195296935""]"
none_subset,4,69331974,52649296,37,965,0,0,0,0,0,0,"[""139391729"", ""89464961"", ""143946320"", ""92247640"", ""96028215"", ""147309436"", ""51749408"", ""212406255"", ""172603509"", ""76841920""]"
none_subset,4,97843020,93501781,37,2357,0,0,0,0,0,0,"[""157798849"", ""193608318"", ""164454930"", ""169799265"", ""92919228"", ""188877213"", ""145112155"", ""204420256"", ""148230413"", ""143065905""]"
none_subset,4,200593852,152312239,64,90,0,0,0,0,0,0,"[""131569653"", ""148413683"", ""123167911"", ""133614550"", ""212485762"", ""79117002"", ""189365972"", ""93476336"", ""179015555"", ""130981735""]"
none_subset,4,221454647,204823121,46,11,0,0,0,0,1,1,"[""153459843"", ""202822668"", ""215292694"", ""208712486"", ""214729100"", ""211540948"", ""204100293"", ""70629074"", ""213293208"", ""213130291""]"
none_subset,4,216238065,180956690,64,122,0,0,0,0,0,0,"[""195841911"", ""136053941"", ""126295674"", ""177968315"", ""157187324"", ""103614032"", ""181529530"", ""179835610"", ""96682357"", ""191638507""]"
none_subset,4,147848657,129086390,38,988,0,0,0,0,0,0,"[""174530040"", ""212854070"", ""140138816"", ""120618466"", ""127539785"", ""186767110"", ""139494203"", ""111085092"", ""155138201"", ""191338884""]"
none_subset,4,217952408,202627342,62,767,0,0,0,0,0,0,"[""212180917"", ""181376013"", ""200036900"", ""98467261"", ""208722933"", ""143226394"", ""116947577"", ""187915383"", ""182728661"", ""187833512""]"
none_subset,4,76659313,77257734,46,53,0,0,0,0,0,0,"[""105137217"", ""121587868"", ""71898634"", ""53654857"", ""215475381"", ""102458654"", ""131545810"", ""45769216"", ""61233280"", ""188889120""]"
none_subset,4,189913394,160406750,43,10,0,0,0,1,1,1,"[""204382923"", ""178008108"", ""125200893"", ""100976417"", ""212363809"", ""6704113"", ""193045333"", ""204361588"", ""110518290"", ""160406750""]"
none_subset,4,35243095,34453687,38,216,0,0,0,0,0,0,"[""52512643"", ""38003672"", ""92914026"", ""122139403"", ""109987226"", ""155589050"", ""200830087"", ""198559745"", ""126884451"", ""200700536""]"
none_subset,4,134450676,64629457,46,904,0,0,0,0,0,0,"[""205769669"", ""158115780"", ""109987121"", ""143484748"", ""79988383"", ""77899573"", ""208074451"", ""56232589"", ""52086900"", ""215475381""]"
none_subset,4,207163746,177737543,37,8,0,0,0,1,1,1,"[""148800689"", ""209045757"", ""148896266"", ""136371572"", ""170224824"", ""187423310"", ""184357547"", ""177737543"", ""150438835"", ""195701055""]"
none_subset,4,171351361,143608153,57,490,0,0,0,0,0,0,"[""180219755"", ""79687985"", ""131867164"", ""198708422"", ""193665572"", ""134142042"", ""211299410"", ""173363262"", ""214584290"", ""11662473""]"
none_subset,4,64390285,68213151,38,78,0,0,0,0,0,0,"[""77338935"", ""166172629"", ""114260093"", ""114055239"", ""24448141"", ""207244739"", ""149982401"", ""53171694"", ""147345313"", ""155589050""]"
none_subset,4,200499340,167351572,4,2,0,1,1,1,1,1,"[""150679730"", ""167351572"", ""75828042"", ""12396291"", ""196558620"", ""120663751"", ""167643231"", ""159111889"", ""139852579"", ""184087480""]"
none_subset,4,183860837,155838266,38,66,0,0,0,0,0,0,"[""209590588"", ""113496860"", ""196068182"", ""175183352"", ""149562058"", ""103005464"", ""138438188"", ""194797914"", ""190110099"", ""122139403""]"
none_subset,4,213450480,178173689,46,7,0,0,0,1,1,1,"[""111715361"", ""201991995"", ""106915000"", ""208143888"", ""157105476"", ""147354525"", ""178173689"", ""181810712"", ""182764303"", ""179533802""]"
none_subset,4,124702096,108440631,64,409,0,0,0,0,0,0,"[""147880315"", ""192298433"", ""120675251"", ""160008395"", ""203544848"", ""206396108"", ""132868443"", ""160001929"", ""211306464"", ""146681358""]"
none_subset,4,147810407,80344615,62,1206,0,0,0,0,0,0,"[""61834333"", ""192716019"", ""201461957"", ""73906788"", ""200030259"", ""118002181"", ""122377328"", ""122507339"", ""190955120"", ""12231700""]"
none_subset,4,225163898,204637407,38,555,0,0,0,0,0,0,"[""213984936"", ""165798838"", ""144488411"", ""174456119"", ""123190192"", ""149849811"", ""122392168"", ""153901522"", ""194365263"", ""168008625""]"
none_subset,4,217208046,179347666,46,2,0,1,1,1,1,1,"[""168398292"", ""179347666"", ""110716703"", ""160547557"", ""205368126"", ""214351472"", ""187734223"", ""161497124"", ""77995654"", ""214519972""]"
none_subset,4,197034210,163608455,4,192,0,0,0,0,0,0,"[""167351572"", ""182060832"", ""23408401"", ""141488485"", ""208642632"", ""22695737"", ""187964382"", ""210721272"", ""138733449"", ""209174117""]"
none_subset,4,213037133,193030442,37,440,0,0,0,0,0,0,"[""45171964"", ""147435678"", ""119227333"", ""177207521"", ""153720008"", ""153601190"", ""38725558"", ""192387012"", ""116240817"", ""187043151""]"
none_subset,4,223705533,213056096,62,1033,0,0,0,0,0,0,"[""145797588"", ""149461258"", ""45959409"", ""73410413"", ""198209451"", ""210275902"", ""94242464"", ""195497516"", ""128533237"", ""95729283""]"
none_subset,4,180525625,82639586,43,339,0,0,0,0,0,0,"[""60265144"", ""57715433"", ""37006900"", ""125638272"", ""163664846"", ""64620126"", ""161628577"", ""71896649"", ""148554371"", ""75704737""]"
none_subset,4,223037861,210691152,62,805,0,0,0,0,0,0,"[""186756267"", ""167750528"", ""153923303"", ""191516840"", ""139848504"", ""150940601"", ""203335692"", ""203336355"", ""13867381"", ""212737935""]"
none_subset,4,189539217,43581078,57,465,0,0,0,0,0,0,"[""125339147"", ""121902729"", ""184690297"", ""98039533"", ""165637321"", ""134702798"", ""86264024"", ""143701254"", ""158555938"", ""192963179""]"
none_subset,4,21841595,44098015,38,1591,0,0,0,0,0,0,"[""104042988"", ""116226486"", ""95323314"", ""50484275"", ""213553012"", ""145871617"", ""117587345"", ""67490532"", ""177867333"", ""197681087""]"
none_subset,4,215740887,197097621,43,608,0,0,0,0,0,0,"[""67063550"", ""124359099"", ""81706080"", ""66867545"", ""141811973"", ""194952332"", ""146978431"", ""211526829"", ""157655830"", ""180314920""]"
none_subset,4,210303616,185756838,37,812,0,0,0,0,0,0,"[""163424021"", ""157139216"", ""73988555"", ""184272506"", ""198930981"", ""186085070"", ""140706897"", ""186429778"", ""184071121"", ""190948201""]"
none_subset,4,223165031,161029905,62,405,0,0,0,0,0,0,"[""39730875"", ""68090031"", ""84455640"", ""183577698"", ""154192089"", ""186145130"", ""105604280"", ""97218462"", ""61171387"", ""122185080""]"
none_subset,4,201857060,169967722,62,2107,0,0,0,0,0,0,"[""135449877"", ""207274549"", ""185145276"", ""76665110"", ""165119231"", ""113547578"", ""144418893"", ""201064532"", ""159859030"", ""174866601""]"
none_subset,4,89181788,81266882,62,46,0,0,0,0,0,1,"[""45997741"", ""78481865"", ""96688945"", ""70315472"", ""179203933"", ""63916792"", ""178964015"", ""134304136"", ""70381552"", ""185152013""]"
none_subset,4,219448422,202152397,38,26,0,0,0,0,1,1,"[""128399228"", ""67142038"", ""49778371"", ""145720442"", ""150630196"", ""207390535"", ""159911050"", ""130168090"", ""208225541"", ""136989956""]"
none_subset,4,58920217,60767330,43,30,0,0,0,0,1,1,"[""38196926"", ""178850565"", ""145947056"", ""183751849"", ""70843932"", ""59459024"", ""41463542"", ""190193667"", ""197584084"", ""177472789""]"
none_subset,4,221276479,208805779,46,38,0,0,0,0,0,1,"[""142707487"", ""213296616"", ""209924155"", ""200389859"", ""207061761"", ""63397399"", ""158137442"", ""214520103"", ""179633525"", ""201024429""]"
none_subset,4,201964535,172998313,57,1347,0,0,0,0,0,0,"[""47987945"", ""195340382"", ""209958566"", ""205026087"", ""210643200"", ""150670825"", ""131664368"", ""93635553"", ""110548220"", ""197301758""]"
none_subset,4,201969054,173877373,62,1103,0,0,0,0,0,0,"[""106557292"", ""142832546"", ""57745589"", ""123665712"", ""86925187"", ""94546694"", ""73563944"", ""136886323"", ""163027695"", ""214638533""]"
none_subset,4,154293114,114815546,57,1184,0,0,0,0,0,0,"[""139534989"", ""70691044"", ""143158282"", ""139818390"", ""211350813"", ""39242895"", ""102740841"", ""210313644"", ""82721637"", ""55753543""]"
none_subset,4,191360540,133220748,43,83,0,0,0,0,0,0,"[""98314945"", ""188810945"", ""157711341"", ""176565044"", ""127635452"", ""117984925"", ""83385070"", ""144628962"", ""164518023"", ""121314084""]"
none_subset,4,223856625,212782587,37,572,0,0,0,0,0,0,"[""168816718"", ""213298601"", ""209172335"", ""188192294"", ""206404092"", ""207698281"", ""209161669"", ""195744990"", ""212216117"", ""201660893""]"
none_subset,4,199923996,160066387,38,63,0,0,0,0,0,0,"[""192654276"", ""169004224"", ""111639650"", ""157657051"", ""126776975"", ""100749834"", ""207422358"", ""144261984"", ""194370723"", ""167844311""]"
none_subset,4,217544148,183710535,37,1,1,1,1,1,1,1,"[""183710535"", ""207605603"", ""124237457"", ""197344850"", ""177385023"", ""194850161"", ""143134097"", ""211519251"", ""142288515"", ""212752270""]"
none_subset,4,35317728,31028406,4,432,0,0,0,0,0,0,"[""56134226"", ""99472535"", ""191498286"", ""206303506"", ""77968334"", ""146961197"", ""170244713"", ""65093674"", ""214045806"", ""183018658""]"
none_subset,4,217512610,181843286,4,225,0,0,0,0,0,0,"[""94286928"", ""86774130"", ""100007550"", ""133755220"", ""180940683"", ""42043129"", ""141085810"", ""137001312"", ""113622434"", ""185905613""]"
none_subset,4,181370150,152291947,57,170,0,0,0,0,0,0,"[""80664100"", ""211835809"", ""207784265"", ""204015126"", ""196626617"", ""122877346"", ""200675765"", ""120012973"", ""60246968"", ""53015729""]"
none_subset,4,144685928,125932469,64,890,0,0,0,0,0,0,"[""174387123"", ""63935560"", ""126296430"", ""203527868"", ""62581454"", ""194687988"", ""173159881"", ""143362090"", ""206213762"", ""187707055""]"
none_subset,4,194726158,157006363,64,55,0,0,0,0,0,0,"[""213086438"", ""170245245"", ""144627869"", ""169082126"", ""92992619"", ""163529947"", ""97315339"", ""190654638"", ""173622538"", ""49185786""]"
none_subset,4,188692131,159862301,4,273,0,0,0,0,0,0,"[""209124215"", ""190777127"", ""190079873"", ""197090565"", ""176566249"", ""159567986"", ""212392746"", ""207097865"", ""187320580"", ""200589462""]"
none_subset,4,221548139,209179234,46,367,0,0,0,0,0,0,"[""171636556"", ""210856802"", ""208719036"", ""205208810"", ""166724206"", ""108934756"", ""170374096"", ""208409948"", ""133461188"", ""201436985""]"
none_subset,4,176065254,141090046,62,147,0,0,0,0,0,0,"[""143139548"", ""52919918"", ""62333104"", ""161511273"", ""152444456"", ""39996426"", ""72010081"", ""135330582"", ""118018270"", ""211069026""]"
none_subset,4,113331906,94672340,37,23,0,0,0,0,1,1,"[""150438835"", ""121116115"", ""184692781"", ""193407642"", ""110465452"", ""156440997"", ""178053573"", ""153205005"", ""187812442"", ""213026403""]"
none_subset,4,165686883,141303246,64,343,0,0,0,0,0,0,"[""87387447"", ""209768449"", ""153434885"", ""78417008"", ""86007149"", ""167643333"", ""212528042"", ""211171973"", ""196928465"", ""135749564""]"
none_subset,4,224418779,214230613,57,1116,0,0,0,0,0,0,"[""210636826"", ""189762370"", ""210399533"", ""179079527"", ""203550692"", ""195530334"", ""210472448"", ""191928738"", ""205132087"", ""212470393""]"
none_subset,4,202626417,177317879,37,480,0,0,0,0,0,0,"[""200530408"", ""166388322"", ""211519251"", ""143052602"", ""209527018"", ""210082244"", ""168675802"", ""183710535"", ""205465612"", ""166772714""]"
none_subset,4,184033948,149470081,4,61,0,0,0,0,0,0,"[""192786300"", ""184476437"", ""120205229"", ""158097383"", ""199361385"", ""191509023"", ""194507763"", ""184753068"", ""174176796"", ""63746528""]"
none_subset,4,222534391,126819828,38,126,0,0,0,0,0,0,"[""137272079"", ""143671381"", ""161419745"", ""127669212"", ""140979774"", ""115293027"", ""143671272"", ""73914237"", ""164618247"", ""195666912""]"
none_subset,4,169301911,106040147,4,52,0,0,0,0,0,0,"[""209176316"", ""193934711"", ""141337241"", ""205510063"", ""199434730"", ""207201000"", ""132746271"", ""204256104"", ""200613653"", ""106956251""]"
none_subset,4,187345336,153870688,46,1438,0,0,0,0,0,0,"[""85427391"", ""205315794"", ""214464211"", ""165953966"", ""16339902"", ""158806989"", ""166190328"", ""196783083"", ""206204582"", ""31105163""]"
none_subset,4,126584715,111743235,4,41,0,0,0,0,0,1,"[""210497898"", ""162721825"", ""203934220"", ""204210360"", ""205469263"", ""209176316"", ""204256104"", ""203033142"", ""61021963"", ""200613653""]"
none_subset,4,197783848,162250029,37,556,0,0,0,0,0,0,"[""117685268"", ""211987844"", ""195908286"", ""187502080"", ""182640683"", ""206756006"", ""187299907"", ""167520346"", ""209034394"", ""78706018""]"
none_subset,4,221251715,208742868,37,125,0,0,0,0,0,0,"[""192569315"", ""181590682"", ""201067865"", ""168157454"", ""186270944"", ""201520095"", ""213850673"", ""164430683"", ""214409508"", ""195292057""]"
none_subset,4,207328005,158280890,43,33,0,0,0,0,0,1,"[""146832585"", ""204884209"", ""165954042"", ""130163312"", ""201690715"", ""185822792"", ""198166094"", ""184136574"", ""57750732"", ""215014856""]"
none_subset,4,211257088,185847475,37,281,0,0,0,0,0,0,"[""179319840"", ""128177539"", ""170879853"", ""199777326"", ""150438835"", ""184357547"", ""148800689"", ""204531217"", ""214037923"", ""156134296""]"
none_subset,4,216227252,198999126,64,22,0,0,0,0,1,1,"[""192179303"", ""195536773"", ""196286726"", ""206235020"", ""212267410"", ""200026497"", ""185087026"", ""183765574"", ""193910077"", ""168247151""]"
none_subset,4,214970683,136484034,4,1343,0,0,0,0,0,0,"[""164940716"", ""187964382"", ""145698626"", ""54212504"", ""144251877"", ""149095048"", ""199942377"", ""144373105"", ""68871068"", ""157710674""]"
none_subset,4,224878895,200035360,43,203,0,0,0,0,0,0,"[""79844098"", ""156395019"", ""171798974"", ""140335234"", ""78732259"", ""84074518"", ""98301531"", ""210273616"", ""88376416"", ""130556843""]"
none_subset,4,152366523,121116115,37,229,0,0,0,0,0,0,"[""145112155"", ""122748929"", ""122241592"", ""188877213"", ""148230413"", ""164454930"", ""208576745"", ""204420256"", ""214708320"", ""150316929""]"
none_subset,4,177866630,145736222,37,618,0,0,0,0,0,0,"[""88534873"", ""119227333"", ""116240817"", ""94966858"", ""76841920"", ""66495486"", ""42842956"", ""98327133"", ""45171964"", ""14688074""]"
none_subset,4,212095843,189516921,43,282,0,0,0,0,0,0,"[""109574039"", ""112544549"", ""100976417"", ""196601703"", ""88426427"", ""160542632"", ""191701840"", ""190076056"", ""207408684"", ""199487526""]"
none_subset,4,159081446,134761869,43,192,0,0,0,0,0,0,"[""203191672"", ""182746332"", ""211355598"", ""71806238"", ""52562409"", ""131522467"", ""172444866"", ""83550407"", ""206563550"", ""164074443""]"
none_subset,4,168179573,142569884,64,298,0,0,0,0,0,0,"[""168661537"", ""168192238"", ""120420310"", ""196725076"", ""160009723"", ""185454425"", ""112345894"", ""128085943"", ""65487267"", ""2720880""]"
none_subset,4,193854778,165548600,43,10,0,0,0,1,1,1,"[""183407909"", ""194184168"", ""209145709"", ""207656544"", ""204176913"", ""200905407"", ""213020277"", ""198600357"", ""209858049"", ""165548600""]"
none_subset,4,221268275,207931525,46,12,0,0,0,0,1,1,"[""213655844"", ""208306039"", ""208247963"", ""172512012"", ""206672410"", ""203164041"", ""136992761"", ""108971427"", ""201537422"", ""73921798""]"
none_subset,4,125144208,104268306,46,40,0,0,0,0,0,1,"[""206220197"", ""209744189"", ""177432966"", ""211017543"", ""184646371"", ""211268424"", ""174837469"", ""103246590"", ""180976440"", ""151817180""]"
none_subset,4,186180647,138795070,62,866,0,0,0,0,0,0,"[""212906250"", ""134917876"", ""127069226"", ""124884051"", ""146878510"", ""186169702"", ""192716019"", ""179977293"", ""201461957"", ""213770244""]"
none_subset,4,7346181,37006900,43,380,0,0,0,0,0,0,"[""123537400"", ""179127750"", ""188409353"", ""119445851"", ""111985578"", ""190779684"", ""120673072"", ""191134281"", ""61596907"", ""56249203""]"
none_subset,4,195280394,158680010,38,41,0,0,0,0,0,1,"[""87832627"", ""58573176"", ""135782942"", ""170217630"", ""192570569"", ""145629363"", ""169909529"", ""168060673"", ""206800461"", ""194014911""]"
none_subset,4,211264671,167464610,46,55,0,0,0,0,0,0,"[""184612826"", ""212786249"", ""208493172"", ""193074174"", ""137346104"", ""184646371"", ""190450261"", ""204650950"", ""193206170"", ""197415730""]"
none_subset,4,195620594,165223697,46,176,0,0,0,0,0,0,"[""64234906"", ""140827649"", ""79809742"", ""188529439"", ""16339902"", ""134848823"", ""139649558"", ""158946684"", ""113591349"", ""186542267""]"
none_subset,4,216008670,188800913,38,2068,0,0,0,0,0,0,"[""160084812"", ""177616565"", ""206869723"", ""123668400"", ""193133447"", ""180106883"", ""202208117"", ""82211977"", ""160779270"", ""200993775""]"
none_subset,4,224906126,196565460,43,1708,0,0,0,0,0,0,"[""171798974"", ""153567645"", ""183640029"", ""137771001"", ""132315079"", ""156395019"", ""154676816"", ""166344121"", ""125536521"", ""144345531""]"
none_subset,4,190824992,148452080,57,1654,0,0,0,0,0,0,"[""47987945"", ""136653363"", ""162086507"", ""164248569"", ""212108240"", ""126998691"", ""163533843"", ""44099846"", ""123694727"", ""185549618""]"
none_subset,4,205395368,164761085,62,160,0,0,0,0,0,0,"[""191201365"", ""153723208"", ""213066001"", ""136225463"", ""180256255"", ""194296646"", ""69002225"", ""209860630"", ""58086605"", ""80656120""]"
none_subset,4,207230561,159213527,38,475,0,0,0,0,0,0,"[""135619578"", ""158100308"", ""167300693"", ""91690080"", ""74626779"", ""200700536"", ""167575814"", ""109987226"", ""53899017"", ""209229490""]"
none_subset,4,169344730,137286819,43,12,0,0,0,0,1,1,"[""205605896"", ""193482080"", ""197607286"", ""141417624"", ""63583179"", ""119499591"", ""181162961"", ""194068460"", ""147117418"", ""185799642""]"
none_subset,4,212217041,191982155,62,9,0,0,0,1,1,1,"[""190458412"", ""213866096"", ""168270119"", ""207489645"", ""208252625"", ""147413615"", ""203439933"", ""194290716"", ""191982155"", ""124000667""]"
none_subset,4,220264809,206756006,37,3,0,1,1,1,1,1,"[""117685268"", ""211987844"", ""206756006"", ""209034394"", ""182640683"", ""167520346"", ""105162490"", ""187299907"", ""143138392"", ""153421932""]"
none_subset,4,119232478,9224574,62,2773,0,0,0,0,0,0,"[""2463151"", ""129878189"", ""141458058"", ""128614691"", ""133693018"", ""110663965"", ""179107557"", ""92980980"", ""172913028"", ""135784548""]"
none_subset,4,193883081,163535148,62,79,0,0,0,0,0,0,"[""176814216"", ""144501764"", ""15723967"", ""141341500"", ""180644383"", ""21766299"", ""114374574"", ""36007287"", ""148732654"", ""65335111""]"
none_subset,4,223326518,201875621,4,34,0,0,0,0,0,1,"[""190777127"", ""190079873"", ""194212862"", ""200589462"", ""159567986"", ""176566249"", ""187320580"", ""182361800"", ""195213429"", ""192473388""]"
none_subset,4,219332667,205048222,43,1193,0,0,0,0,0,0,"[""140572132"", ""138762038"", ""148282226"", ""180883618"", ""199547133"", ""210037205"", ""194231584"", ""171019509"", ""203348372"", ""160100913""]"
none_subset,4,216204119,149198464,4,448,0,0,0,0,0,0,"[""61021963"", ""164270841"", ""205469263"", ""192735606"", ""194641932"", ""210497898"", ""209176316"", ""171860963"", ""56998165"", ""116474962""]"
none_subset,4,168036996,134861718,38,196,0,0,0,0,0,0,"[""177744065"", ""158733811"", ""108386607"", ""209121892"", ""192389960"", ""183174003"", ""188036287"", ""350786"", ""171087357"", ""112389064""]"
none_subset,4,215182228,195801582,57,629,0,0,0,0,0,0,"[""145955425"", ""200193952"", ""210969230"", ""193981972"", ""202223376"", ""140724590"", ""202655316"", ""141122844"", ""207233667"", ""97187105""]"
none_subset,4,184869928,154364197,64,1165,0,0,0,0,0,0,"[""194941994"", ""146444401"", ""108538492"", ""201298322"", ""159848606"", ""129093190"", ""101169098"", ""115621700"", ""191281696"", ""211987676""]"
none_subset,4,211845820,170393915,46,843,0,0,0,0,0,0,"[""208712486"", ""213293208"", ""70629074"", ""212723296"", ""207544514"", ""210417568"", ""205463159"", ""193685035"", ""170255404"", ""202822668""]"
none_subset,4,199206475,154762222,38,191,0,0,0,0,0,0,"[""154635759"", ""109987226"", ""180487810"", ""204224738"", ""125496543"", ""91690080"", ""200665837"", ""184191073"", ""115694557"", ""50164634""]"
none_subset,4,54951171,62110369,62,662,0,0,0,0,0,0,"[""129878189"", ""2463151"", ""83327144"", ""81832914"", ""186593972"", ""113925741"", ""211179238"", ""95725553"", ""66824965"", ""197681506""]"
none_subset,4,194783595,167624487,64,1148,0,0,0,0,0,0,"[""173458489"", ""208628985"", ""128085943"", ""192498685"", ""210298620"", ""147553253"", ""203188239"", ""132328232"", ""161410919"", ""69885765""]"
none_subset,4,207494915,183693328,37,45,0,0,0,0,0,1,"[""191911000"", ""192617496"", ""194408004"", ""199918988"", ""173640245"", ""187543270"", ""186828726"", ""187502080"", ""210502009"", ""195908286""]"
none_subset,4,207334719,174772202,64,41,0,0,0,0,0,1,"[""150123553"", ""165315994"", ""142231631"", ""72224328"", ""156904369"", ""129359241"", ""200033728"", ""81240114"", ""210148884"", ""131413365""]"
none_subset,4,198593026,161617191,46,372,0,0,0,0,0,0,"[""212730825"", ""210856802"", ""171636556"", ""170881830"", ""209156183"", ""211336503"", ""201436985"", ""207870356"", ""212261718"", ""210498678""]"
none_subset,4,223874078,140746194,64,330,0,0,0,0,0,0,"[""58475692"", ""35312252"", ""20153108"", ""172848022"", ""213362681"", ""151526168"", ""194616691"", ""191437806"", ""63861102"", ""148497898""]"
none_subset,4,182033302,151437967,37,108,0,0,0,0,0,0,"[""158117230"", ""32618321"", ""58893791"", ""152140191"", ""110465452"", ""192597928"", ""157140706"", ""206126959"", ""169052319"", ""196428679""]"
none_subset,4,223773313,205195417,37,35,0,0,0,0,0,1,"[""171338279"", ""82258130"", ""116929460"", ""154680943"", ""164445165"", ""126885701"", ""179547907"", ""146869816"", ""192918531"", ""140526387""]"
none_subset,4,221942746,209979540,46,547,0,0,0,0,0,0,"[""172250706"", ""180829317"", ""176659851"", ""182916957"", ""182222562"", ""194132989"", ""198522018"", ""194951479"", ""190224714"", ""180613841""]"
none_subset,4,60596054,65008175,64,103,0,0,0,0,0,0,"[""124274061"", ""153356810"", ""120966979"", ""204007990"", ""167158322"", ""124273952"", ""16466362"", ""119550769"", ""137043393"", ""62313025""]"
none_subset,4,216604580,198930981,37,244,0,0,0,0,0,0,"[""195296935"", ""188568572"", ""209128550"", ""206298544"", ""183697536"", ""138858879"", ""200441050"", ""209161669"", ""206864139"", ""163424021""]"
none_subset,4,200783260,88789964,64,832,0,0,0,0,0,0,"[""186850320"", ""53527257"", ""188599489"", ""149506115"", ""201421429"", ""63474547"", ""63861102"", ""161612772"", ""80281524"", ""93604401""]"
none_subset,4,177010985,149005960,38,33,0,0,0,0,0,1,"[""155422545"", ""167491323"", ""78137458"", ""27784922"", ""85421632"", ""112540467"", ""153789770"", ""206867606"", ""199402447"", ""85274599""]"
none_subset,4,162226613,133224863,46,879,0,0,0,0,0,0,"[""155463873"", ""60024776"", ""171227152"", ""172344554"", ""203637627"", ""206128075"", ""168612179"", ""171227160"", ""203022989"", ""180829317""]"
none_subset,4,215210530,196287148,64,691,0,0,0,0,0,0,"[""119491080"", ""132691040"", ""144305873"", ""198087057"", ""113436023"", ""195252307"", ""131561726"", ""192779268"", ""124461680"", ""183611195""]"
none_subset,4,126834698,108625125,37,3,0,1,1,1,1,1,"[""204827377"", ""189469469"", ""108625125"", ""201991698"", ""211099685"", ""142640479"", ""175906876"", ""210549110"", ""159427663"", ""80669323""]"
none_subset,4,223664240,209433778,46,17,0,0,0,0,1,1,"[""205395255"", ""208224187"", ""164627162"", ""132671791"", ""212429674"", ""150754478"", ""172512012"", ""144431749"", ""106839909"", ""172197706""]"
none_subset,4,167894328,128181955,46,157,0,0,0,0,0,0,"[""143366526"", ""167265746"", ""113869306"", ""73765596"", ""78004872"", ""108786028"", ""183484544"", ""154821670"", ""150407343"", ""150142821""]"
none_subset,4,208038615,172316851,37,387,0,0,0,0,0,0,"[""197393743"", ""189064377"", ""150612100"", ""194551250"", ""183552543"", ""127087324"", ""173613850"", ""177094485"", ""169770537"", ""50495635""]"
none_subset,4,224878166,212636118,4,459,0,0,0,0,0,0,"[""130751930"", ""173624276"", ""171860963"", ""210189669"", ""59475488"", ""214823045"", ""195246738"", ""193589374"", ""197294044"", ""203965703""]"
none_subset,4,214613191,150122632,62,8,0,0,0,1,1,1,"[""197519887"", ""211547329"", ""195545920"", ""128614691"", ""156966648"", ""81832914"", ""111966078"", ""150122632"", ""203645491"", ""64790775""]"
none_subset,4,213188929,173181064,37,339,0,0,0,0,0,0,"[""193680819"", ""145112155"", ""188877213"", ""209172335"", ""206587185"", ""201561139"", ""123336704"", ""33563950"", ""187324915"", ""184297463""]"
none_subset,4,143277145,65062243,64,890,0,0,0,0,0,0,"[""160493101"", ""94645332"", ""63965447"", ""123694415"", ""183213131"", ""176380655"", ""79734724"", ""66544309"", ""19607163"", ""144339648""]"
none_subset,4,216319600,194231584,43,439,0,0,0,0,0,0,"[""75959067"", ""76024222"", ""127635452"", ""152014829"", ""160802034"", ""123925115"", ""112624655"", ""202516482"", ""75839769"", ""73726197""]"
none_subset,4,194957860,160303569,43,16,0,0,0,0,1,1,"[""193045333"", ""146978431"", ""179105716"", ""75775580"", ""151392250"", ""197607286"", ""180314920"", ""182870508"", ""207549172"", ""83993356""]"
none_subset,4,208604290,181306942,4,504,0,0,0,0,0,0,"[""112914230"", ""202029081"", ""184281117"", ""211037756"", ""210958855"", ""186779159"", ""207985124"", ""210517999"", ""83392880"", ""194814735""]"
none_subset,4,223869041,213307342,46,34,0,0,0,0,0,1,"[""212134525"", ""211336503"", ""129461367"", ""212730825"", ""137561394"", ""84801975"", ""141003470"", ""178405632"", ""214377421"", ""146845946""]"
none_subset,4,224498977,201906627,43,656,0,0,0,0,0,0,"[""201213450"", ""202567733"", ""210822887"", ""143484747"", ""168830681"", ""187215484"", ""194022987"", ""136773099"", ""113898898"", ""156536547""]"
none_subset,4,224935109,184761054,64,1122,0,0,0,0,0,0,"[""16466362"", ""210451384"", ""66111020"", ""214208964"", ""173661276"", ""191054297"", ""131618099"", ""201298322"", ""111173960"", ""72224328""]"
none_subset,4,124879150,105418570,37,84,0,0,0,0,0,0,"[""124537731"", ""209045757"", ""110465452"", ""147820123"", ""208969575"", ""202331502"", ""136371572"", ""148800689"", ""157140706"", ""182681465""]"
none_subset,4,211961630,182728661,62,15,0,0,0,0,1,1,"[""143226394"", ""192653562"", ""204435102"", ""158763261"", ""181376013"", ""143227017"", ""126216841"", ""173975128"", ""152252212"", ""143989434""]"
none_subset,4,222690388,211327541,64,688,0,0,0,0,0,0,"[""201460481"", ""199715478"", ""144399371"", ""191710817"", ""157103060"", ""156904369"", ""182426229"", ""76668217"", ""136600772"", ""174719538""]"
none_subset,4,224251481,194722209,46,624,0,0,0,0,0,0,"[""144431749"", ""199253164"", ""208224187"", ""78566379"", ""208171217"", ""167967668"", ""206453483"", ""205395255"", ""150754478"", ""176761183""]"
none_subset,4,142470631,124638694,57,1170,0,0,0,0,0,0,"[""121902729"", ""183993242"", ""107527374"", ""169225136"", ""199908579"", ""165637321"", ""109107328"", ""46330390"", ""86264024"", ""149988933""]"
none_subset,4,175232048,157140706,37,1,1,1,1,1,1,1,"[""157140706"", ""156884960"", ""212776036"", ""174852305"", ""178462679"", ""174690214"", ""101532006"", ""156440997"", ""99494874"", ""152140191""]"
none_subset,4,127186712,113084668,4,209,0,0,0,0,0,0,"[""186779159"", ""206285668"", ""194814735"", ""148514021"", ""184281117"", ""183252412"", ""195846870"", ""210519490"", ""169025616"", ""132213065""]"
none_subset,4,209957211,178800069,62,544,0,0,0,0,0,0,"[""69970349"", ""192716019"", ""56568319"", ""180366851"", ""56951341"", ""105604280"", ""193136181"", ""92980980"", ""73906788"", ""133836024""]"
none_subset,4,210798328,188468393,4,59,0,0,0,0,0,0,"[""212392746"", ""187320580"", ""207099729"", ""213696130"", ""151649288"", ""159567986"", ""144016634"", ""153410659"", ""207143420"", ""151451581""]"
none_subset,4,189869518,156347163,37,883,0,0,0,0,0,0,"[""184320957"", ""190075252"", ""142665464"", ""138858879"", ""210477961"", ""173645815"", ""98128705"", ""192387012"", ""197108559"", ""55796783""]"
none_subset,4,225047812,215242567,37,315,0,0,0,0,0,0,"[""80032224"", ""141087936"", ""132009085"", ""153421932"", ""189777046"", ""167520346"", ""78706018"", ""22078429"", ""206756006"", ""107367982""]"
none_subset,4,120657273,50173628,62,5,0,0,1,1,1,1,"[""95725553"", ""129878189"", ""83327144"", ""89542780"", ""50173628"", ""2463151"", ""183910851"", ""155669593"", ""141918937"", ""81832914""]"
none_subset,4,174927070,141272135,38,423,0,0,0,0,0,0,"[""69350726"", ""47432873"", ""214394715"", ""160066097"", ""158600836"", ""189593063"", ""110664117"", ""179876069"", ""209347465"", ""118383153""]"
none_subset,4,222653684,209467848,38,187,0,0,0,0,0,0,"[""127571400"", ""138465835"", ""95952428"", ""209239234"", ""74626779"", ""99753126"", ""105149146"", ""180347138"", ""136373067"", ""147380841""]"
none_subset,4,220422267,187775788,64,107,0,0,0,0,0,0,"[""63474547"", ""79234720"", ""201421429"", ""60046348"", ""183213131"", ""119000250"", ""188599489"", ""164025251"", ""171025610"", ""174095805""]"
none_subset,4,216928250,94645332,64,2,0,1,1,1,1,1,"[""147984435"", ""94645332"", ""191629980"", ""146444401"", ""79233838"", ""178690639"", ""61063233"", ""162186284"", ""193870914"", ""63926364""]"
none_subset,4,155441384,132150429,62,416,0,0,0,0,0,0,"[""45997741"", ""78481865"", ""15942056"", ""193136181"", ""168442721"", ""203397613"", ""197129044"", ""29357769"", ""70315472"", ""52992112""]"
none_subset,4,219678336,198241765,4,103,0,0,0,0,0,0,"[""123419520"", ""181715447"", ""68871068"", ""149759096"", ""207177061"", ""177029114"", ""187964382"", ""149759042"", ""164618017"", ""202362364""]"
none_subset,4,180204688,95395941,38,243,0,0,0,0,0,0,"[""207390508"", ""153901522"", ""121028401"", ""154880168"", ""207433318"", ""163280205"", ""143049584"", ""204092180"", ""194853957"", ""176574849""]"
none_subset,4,135398673,78885056,46,1282,0,0,0,0,0,0,"[""129427671"", ""193094327"", ""184357726"", ""171801408"", ""176131148"", ""154821670"", ""113000796"", ""146029150"", ""206995470"", ""150142821""]"
none_subset,4,201687814,169636588,46,43,0,0,0,0,0,1,"[""176834459"", ""167280596"", ""152763272"", ""178575957"", ""139939742"", ""207529569"", ""159536710"", ""146029150"", ""96527698"", ""188865413""]"
none_subset,4,80542758,71742122,57,986,0,0,0,0,0,0,"[""214125411"", ""209801964"", ""211497441"", ""70325466"", ""146595840"", ""173370077"", ""85728689"", ""207769474"", ""68575803"", ""141089456""]"
none_subset,4,222255174,210643200,57,1415,0,0,0,0,0,0,"[""172994991"", ""193699814"", ""204720478"", ""132658876"", ""205016601"", ""200908206"", ""171859826"", ""175665700"", ""113082402"", ""204417143""]"
none_subset,4,96030685,90697118,37,2444,0,0,0,0,0,0,"[""148500212"", ""210646051"", ""173181064"", ""168569670"", ""214708320"", ""152910319"", ""212263607"", ""208436129"", ""202390862"", ""203402486""]"
none_subset,4,217281475,200915401,37,1031,0,0,0,0,0,0,"[""119227333"", ""116240817"", ""202222440"", ""136371572"", ""207073486"", ""147820123"", ""154674968"", ""195375302"", ""76841920"", ""10976521""]"
none_subset,4,175103083,118806862,37,2116,0,0,0,0,0,0,"[""147379276"", ""99222832"", ""81213674"", ""181913855"", ""140575799"", ""142136896"", ""199866100"", ""195462928"", ""169494298"", ""122322363""]"
none_subset,4,209154363,167166017,37,77,0,0,0,0,0,0,"[""209794141"", ""185048961"", ""143946320"", ""205328844"", ""89464961"", ""202780647"", ""190180587"", ""151497086"", ""187389375"", ""198753304""]"
none_subset,4,174710752,141212383,4,6,0,0,0,1,1,1,"[""88932849"", ""154203183"", ""173529593"", ""44380594"", ""180866990"", ""141212383"", ""185905613"", ""143852845"", ""77770612"", ""126810749""]"
none_subset,4,200915701,153503851,46,102,0,0,0,0,0,0,"[""184646371"", ""193074174"", ""174837469"", ""205037505"", ""174586724"", ""209744189"", ""206220197"", ""204627117"", ""212786249"", ""127947793""]"
none_subset,4,218454988,196325559,57,140,0,0,0,0,0,0,"[""203703634"", ""182367509"", ""195606087"", ""207615117"", ""171536144"", ""172135984"", ""117996544"", ""61177824"", ""125977824"", ""209991023""]"
none_subset,4,223792085,208982043,37,49,0,0,0,0,0,1,"[""208828602"", ""208671848"", ""149828994"", ""208199932"", ""194896028"", ""205465612"", ""195698956"", ""28242894"", ""200220844"", ""206195134""]"
none_subset,4,95525779,86777177,38,32,0,0,0,0,0,1,"[""101461920"", ""158574234"", ""136949110"", ""185863262"", ""119096193"", ""200412630"", ""145151055"", ""100690598"", ""200931885"", ""195462936""]"
none_subset,4,215148695,196324694,43,117,0,0,0,0,0,0,"[""210822887"", ""201213450"", ""184633847"", ""206290556"", ""198087076"", ""187215484"", ""209286657"", ""186350594"", ""185851616"", ""201905433""]"
none_subset,4,182539254,150438835,37,114,0,0,0,0,0,0,"[""124776037"", ""192380217"", ""174852305"", ""144976728"", ""209167644"", ""157140706"", ""195701055"", ""209587702"", ""182207000"", ""212776036""]"
none_subset,4,225314663,210129227,64,46,0,0,0,0,0,1,"[""105284015"", ""112432197"", ""138404501"", ""149622839"", ""137648602"", ""164098406"", ""173175226"", ""210055173"", ""65008207"", ""68788331""]"
none_subset,4,194262233,148439290,43,179,0,0,0,0,0,0,"[""197514276"", ""212781685"", ""200392561"", ""193746203"", ""208309750"", ""107227181"", ""149017403"", ""97506344"", ""204268653"", ""194880726""]"
none_subset,4,95000984,78359767,64,40,0,0,0,0,0,1,"[""139515295"", ""83781866"", ""186146209"", ""131569653"", ""143450620"", ""82808529"", ""74117799"", ""167354299"", ""158428439"", ""7771724""]"
none_subset,4,178060032,150107268,4,22,0,0,0,0,1,1,"[""119898461"", ""144264277"", ""50337874"", ""188580686"", ""129269545"", ""148365289"", ""183438126"", ""154359018"", ""115124238"", ""155585579""]"
none_subset,4,222785384,207529569,46,500,0,0,0,0,0,0,"[""177432966"", ""213129976"", ""204100293"", ""207544514"", ""202822668"", ""208712486"", ""170255404"", ""205463159"", ""213293208"", ""212723296""]"
none_subset,4,219228520,193491703,37,3,0,1,1,1,1,1,"[""209349722"", ""182193027"", ""193491703"", ""202782009"", ""190070434"", ""199287233"", ""209172941"", ""191538851"", ""187944382"", ""206302770""]"
none_subset,4,208469974,185360446,43,129,0,0,0,0,0,0,"[""210822887"", ""201213450"", ""206290556"", ""180961442"", ""143611276"", ""142700536"", ""139778348"", ""143484747"", ""168830681"", ""186350594""]"
none_subset,4,207687218,169890454,43,8,0,0,0,1,1,1,"[""186403472"", ""180095819"", ""141417624"", ""193482080"", ""205605896"", ""99720576"", ""188398971"", ""169890454"", ""197607286"", ""147117418""]"
none_subset,4,187085249,156841339,4,561,0,0,0,0,0,0,"[""191461282"", ""194142299"", ""117471262"", ""173965616"", ""187602417"", ""192424356"", ""191214295"", ""188882555"", ""62938611"", ""158175855""]"
none_subset,4,29852074,30972148,43,289,0,0,0,0,0,0,"[""64515020"", ""184481904"", ""83550407"", ""199700611"", ""164461764"", ""50463859"", ""53878026"", ""212418882"", ""120122284"", ""166301530""]"
none_subset,4,207191991,124399272,62,992,0,0,0,0,0,0,"[""130605260"", ""183910851"", ""199493591"", ""150122632"", ""155597280"", ""111966078"", ""195057440"", ""172600056"", ""169808391"", ""72314516""]"
none_subset,4,185189200,157035510,38,8,0,0,0,1,1,1,"[""188626794"", ""192509185"", ""134912948"", ""99912896"", ""195666912"", ""194376627"", ""124479122"", ""157035510"", ""133973101"", ""193054363""]"
none_subset,4,223882932,176396453,46,67,0,0,0,0,0,0,"[""204757175"", ""208458622"", ""103172216"", ""213316438"", ""172642034"", ""209191190"", ""176699063"", ""204178124"", ""176672668"", ""204078839""]"
none_subset,4,220807832,99174752,64,1010,0,0,0,0,0,0,"[""141045171"", ""197129998"", ""147451743"", ""78359767"", ""94996847"", ""100888838"", ""211495365"", ""209933189"", ""99419773"", ""152212755""]"
none_subset,4,225335115,196698453,38,172,0,0,0,0,0,0,"[""208270472"", ""207326334"", ""203567193"", ""204925548"", ""193857246"", ""174632713"", ""149389681"", ""156904280"", ""195804500"", ""180260568""]"
none_subset,4,195971685,169081503,46,14,0,0,0,0,1,1,"[""211122713"", ""215506263"", ""212380449"", ""176936176"", ""146467155"", ""173540309"", ""172966334"", ""212905783"", ""214290787"", ""205545277""]"
none_subset,4,128204755,106926227,46,3,0,1,1,1,1,1,"[""168442343"", ""194716332"", ""106926227"", ""174515021"", ""191974228"", ""131042947"", ""63753442"", ""126200509"", ""186533909"", ""173278868""]"
none_subset,4,174004057,142635185,46,118,0,0,0,0,0,0,"[""213196140"", ""77329979"", ""136576031"", ""164953659"", ""99908438"", ""208074451"", ""82615761"", ""131140565"", ""172509742"", ""177872819""]"
none_subset,4,223429434,204078169,46,227,0,0,0,0,0,0,"[""200727306"", ""172250706"", ""176659851"", ""184975322"", ""208649860"", ""191328220"", ""184407267"", ""201024429"", ""78696152"", ""207134724""]"
none_subset,4,221948109,153275921,64,2,0,1,1,1,1,1,"[""191000780"", ""153275921"", ""167172273"", ""102637389"", ""171371555"", ""149734769"", ""95788322"", ""132289907"", ""126785773"", ""193793367""]"
none_subset,4,214328047,194242626,4,13,0,0,0,0,1,1,"[""51294207"", ""154474714"", ""54000205"", ""208770942"", ""16236445"", ""213275113"", ""86409470"", ""142553971"", ""133949607"", ""215580451""]"
none_subset,4,203762263,178080778,57,1854,0,0,0,0,0,0,"[""214374260"", ""215405343"", ""205019471"", ""209223289"", ""193884377"", ""161475669"", ""206835206"", ""200462582"", ""154783025"", ""208636529""]"
none_subset,4,200911062,164571288,4,234,0,0,0,0,0,0,"[""193589374"", ""199379224"", ""210189669"", ""163812085"", ""194689928"", ""211167678"", ""210543315"", ""185515008"", ""206167938"", ""17083624""]"
none_subset,4,210735259,186512278,46,17,0,0,0,0,1,1,"[""142707487"", ""148554569"", ""205019069"", ""76538488"", ""209924155"", ""146324638"", ""97623791"", ""211116849"", ""208649860"", ""207134724""]"
none_subset,4,194649531,165995609,37,229,0,0,0,0,0,0,"[""116967483"", ""206528763"", ""76963567"", ""145690487"", ""99231086"", ""126361288"", ""139307132"", ""141976904"", ""188742562"", ""143766198""]"
none_subset,4,167949293,135674502,38,1127,0,0,0,0,0,0,"[""203991000"", ""203712106"", ""169186989"", ""82057494"", ""157077276"", ""73789534"", ""158767731"", ""206990464"", ""150425433"", ""99562870""]"
none_subset,4,171344131,143096525,57,1038,0,0,0,0,0,0,"[""207806450"", ""213085643"", ""146715052"", ""201336486"", ""209586509"", ""211044486"", ""99472835"", ""175850879"", ""170873799"", ""31739440""]"
none_subset,4,196637664,45966001,43,1389,0,0,0,0,0,0,"[""204449585"", ""170809158"", ""180465465"", ""98581026"", ""164097777"", ""191583920"", ""153840249"", ""165082890"", ""99275271"", ""67909736""]"
none_subset,4,225326952,198139864,62,94,0,0,0,0,0,0,"[""200033535"", ""190693769"", ""24867932"", ""184547267"", ""97032103"", ""44103941"", ""212906250"", ""110870208"", ""187612359"", ""124265654""]"
none_subset,4,197650209,169967354,4,156,0,0,0,0,0,0,"[""193747557"", ""206167938"", ""47719129"", ""83596697"", ""204648246"", ""204466040"", ""202570543"", ""153979554"", ""175750166"", ""13566772""]"
none_subset,4,114776816,103872312,4,1020,0,0,0,0,0,0,"[""50847980"", ""194446742"", ""176867327"", ""180350779"", ""162653386"", ""9766161"", ""197921332"", ""144373105"", ""203908193"", ""183255480""]"
none_subset,4,153488882,20198247,4,152,0,0,0,0,0,0,"[""176566249"", ""183255480"", ""191690738"", ""152351954"", ""181909843"", ""201469264"", ""187320580"", ""192473388"", ""190789377"", ""153499291""]"
none_subset,4,222443107,208241166,64,123,0,0,0,0,0,0,"[""53527257"", ""149506115"", ""186850320"", ""90897593"", ""183213131"", ""188599489"", ""105879570"", ""151051885"", ""87964225"", ""161612772""]"
none_subset,4,212698798,192825178,62,1524,0,0,0,0,0,0,"[""213066001"", ""172997177"", ""153723208"", ""213006434"", ""156503039"", ""141693897"", ""202627342"", ""191647848"", ""205843076"", ""94930933""]"
none_subset,4,184393126,156860646,4,43,0,0,0,0,0,1,"[""192331154"", ""190161584"", ""204482650"", ""191214295"", ""186930348"", ""162058011"", ""200963901"", ""210721272"", ""201461303"", ""191695909""]"
none_subset,4,224076827,213286264,57,26,0,0,0,0,1,1,"[""178369063"", ""205233758"", ""107527615"", ""173797071"", ""210472458"", ""178508676"", ""209125579"", ""201175338"", ""214349938"", ""106380720""]"
none_subset,4,211116359,165284774,62,1921,0,0,0,0,0,0,"[""210941490"", ""166012487"", ""180623952"", ""210871676"", ""95686483"", ""140069180"", ""148066008"", ""187978938"", ""97032103"", ""150122632""]"
none_subset,4,206904353,179818880,64,486,0,0,0,0,0,0,"[""207152337"", ""155183786"", ""82453175"", ""67792301"", ""155021743"", ""143686140"", ""96431966"", ""140676990"", ""154742918"", ""169694999""]"
none_subset,4,167925637,116634389,57,249,0,0,0,0,0,0,"[""204813168"", ""126599979"", ""129352307"", ""193517327"", ""134822143"", ""143158282"", ""208568786"", ""153434097"", ""85576723"", ""179268470""]"
none_subset,4,185145011,156633369,4,1614,0,0,0,0,0,0,"[""124951123"", ""141989738"", ""132138279"", ""209208627"", ""114282417"", ""167133568"", ""112919636"", ""56134226"", ""186739934"", ""153069902""]"
none_subset,4,176916608,145798285,37,2457,0,0,0,0,0,0,"[""190113798"", ""192387012"", ""192597928"", ""183978577"", ""182254392"", ""152762226"", ""158117230"", ""17206468"", ""157628611"", ""186429778""]"
none_subset,4,214580866,191434197,37,18,0,0,0,0,1,1,"[""201740861"", ""180221400"", ""191294127"", ""181408383"", ""192323302"", ""141656944"", ""206412545"", ""202137970"", ""57914905"", ""190788965""]"
none_subset,4,209479356,186085070,37,526,0,0,0,0,0,0,"[""29496516"", ""126554078"", ""105274553"", ""53389573"", ""169268977"", ""115215869"", ""101351593"", ""96028215"", ""163474582"", ""158117230""]"
none_subset,4,134963021,121718146,62,469,0,0,0,0,0,0,"[""209579537"", ""153978341"", ""127488091"", ""125457528"", ""212334345"", ""199527738"", ""94546694"", ""194230029"", ""52919918"", ""156369560""]"
none_subset,4,222568289,192944634,4,121,0,0,0,0,0,0,"[""210958855"", ""186779159"", ""183252412"", ""80560830"", ""122717867"", ""43073275"", ""161499533"", ""167658682"", ""155609199"", ""172884595""]"
none_subset,4,218567685,201115645,64,658,0,0,0,0,0,0,"[""211307371"", ""212267410"", ""195252307"", ""193357643"", ""211669271"", ""183765574"", ""198999126"", ""199186089"", ""200027492"", ""195544569""]"
none_subset,4,154526261,129427678,46,916,0,0,0,0,0,0,"[""70629074"", ""198984808"", ""158281753"", ""169636588"", ""193423957"", ""197876190"", ""183722605"", ""178722271"", ""205315794"", ""120932240""]"
none_subset,4,224030054,203391866,62,159,0,0,0,0,0,0,"[""208220353"", ""95885283"", ""132448455"", ""201710630"", ""196543115"", ""185409558"", ""160871092"", ""193966259"", ""203439933"", ""168348573""]"
none_subset,4,198392187,159570716,4,28,0,0,0,0,1,1,"[""141186510"", ""184721384"", ""164449645"", ""141989738"", ""144683728"", ""141714724"", ""154203183"", ""144067777"", ""191561303"", ""157103009""]"
none_subset,4,209599559,147451743,64,52,0,0,0,0,0,0,"[""134312075"", ""108773457"", ""78359767"", ""90790862"", ""74866278"", ""141045171"", ""56833135"", ""126589451"", ""112345894"", ""197129848""]"
none_subset,4,222006355,201071539,46,470,0,0,0,0,0,0,"[""193206170"", ""187611963"", ""167383627"", ""167337155"", ""127947793"", ""198850848"", ""209128578"", ""174837469"", ""193074174"", ""197415730""]"
none_subset,4,189299726,145015125,43,67,0,0,0,0,0,0,"[""197607286"", ""138106208"", ""120122284"", ""168040178"", ""145996061"", ""164476094"", ""83550407"", ""78183771"", ""197607322"", ""205605896""]"
none_subset,4,197046535,159477810,38,159,0,0,0,0,0,0,"[""193252013"", ""192510359"", ""122560021"", ""200481961"", ""182704194"", ""185056887"", ""167323493"", ""139197933"", ""192509185"", ""199297939""]"
none_subset,4,191817046,102161764,38,2654,0,0,0,0,0,0,"[""80720161"", ""88485908"", ""107054492"", ""192191594"", ""201603990"", ""89532322"", ""138613562"", ""197527964"", ""157993089"", ""154762222""]"
none_subset,4,185023801,152992564,37,1520,0,0,0,0,0,0,"[""195296935"", ""210226726"", ""202137970"", ""101192063"", ""82620936"", ""191931364"", ""133173167"", ""191911000"", ""201649016"", ""192387012""]"
none_subset,4,219276802,204648246,4,1341,0,0,0,0,0,0,"[""103936826"", ""196324749"", ""203829299"", ""126107165"", ""190777107"", ""181278700"", ""149247164"", ""125311774"", ""196676247"", ""200589462""]"
none_subset,4,173164315,146168593,4,24,0,0,0,0,1,1,"[""90951087"", ""211473289"", ""174421677"", ""166614186"", ""195470202"", ""195846870"", ""191895715"", ""207064032"", ""161499533"", ""194814735""]"
none_subset,4,218627424,201030455,38,6,0,0,0,1,1,1,"[""198984787"", ""89552272"", ""98186259"", ""203692617"", ""164618247"", ""201030455"", ""142911344"", ""58573176"", ""76978137"", ""204694707""]"
none_subset,4,122672542,94863968,64,112,0,0,0,0,0,0,"[""115621700"", ""123694415"", ""25588585"", ""103189720"", ""131215451"", ""147984435"", ""193870914"", ""111242282"", ""79234720"", ""144339648""]"
none_subset,4,225235909,194952332,43,12,0,0,0,0,1,1,"[""81706080"", ""67063550"", ""124359099"", ""141811973"", ""162160284"", ""146978431"", ""144008610"", ""211526829"", ""205822080"", ""66867545""]"
none_subset,4,112922721,101192063,37,121,0,0,0,0,0,0,"[""119227333"", ""66495486"", ""58893791"", ""202222440"", ""29496516"", ""144351805"", ""196428679"", ""21114364"", ""151199532"", ""103348357""]"
none_subset,4,219452231,187611963,46,21,0,0,0,0,1,1,"[""174586724"", ""165953966"", ""204627117"", ""138830136"", ""196783083"", ""205037505"", ""156489567"", ""197415730"", ""7231598"", ""209744189""]"
none_subset,4,143688336,126369594,4,66,0,0,0,0,0,0,"[""164526532"", ""129435163"", ""208093396"", ""163852424"", ""204255951"", ""195002695"", ""66047393"", ""151356635"", ""51294207"", ""115146729""]"
none_subset,4,208912799,163911793,46,2401,0,0,0,0,0,0,"[""167464610"", ""208493172"", ""194854155"", ""184612826"", ""167786912"", ""193074174"", ""193206170"", ""186888123"", ""202806476"", ""177591787""]"
none_subset,4,210140554,182640683,37,433,0,0,0,0,0,0,"[""45171964"", ""178961164"", ""210858780"", ""139778879"", ""187819119"", ""147435678"", ""206278149"", ""187043151"", ""202222440"", ""21114364""]"
none_subset,4,220122384,203668670,43,8,0,0,0,1,1,1,"[""186549940"", ""120122284"", ""136185385"", ""90198681"", ""145672403"", ""143497982"", ""205576818"", ""203668670"", ""166301530"", ""205021454""]"
none_subset,4,194621053,163919581,46,51,0,0,0,0,0,0,"[""173222203"", ""173799041"", ""209980383"", ""168398292"", ""45769216"", ""160523276"", ""158080441"", ""205368126"", ""166127396"", ""188865413""]"
none_subset,4,223369637,209045757,37,190,0,0,0,0,0,0,"[""140618489"", ""192414071"", ""143065905"", ""193704109"", ""214883789"", ""159838604"", ""179319769"", ""143065524"", ""148230413"", ""211944194""]"
none_subset,4,115307321,99231086,37,464,0,0,0,0,0,0,"[""214708320"", ""152910319"", ""134610044"", ""141382831"", ""208900697"", ""165689309"", ""211318715"", ""145100939"", ""210646051"", ""129112777""]"
none_subset,4,78053428,77802747,62,2469,0,0,0,0,0,0,"[""213659099"", ""168371800"", ""36007287"", ""144501764"", ""171831057"", ""138706009"", ""106972114"", ""75061598"", ""10132068"", ""24054844""]"
none_subset,4,222736054,205216250,62,1019,0,0,0,0,0,0,"[""185409558"", ""200374313"", ""70189978"", ""22547515"", ""122377328"", ""95885283"", ""134618566"", ""144733620"", ""25260455"", ""173359648""]"
none_subset,4,126031465,111852877,64,168,0,0,0,0,0,0,"[""46094230"", ""124198714"", ""154897158"", ""178690639"", ""187708913"", ""19607163"", ""94645332"", ""186122058"", ""97428675"", ""146444401""]"
none_subset,4,216331040,196742641,38,7,0,0,0,1,1,1,"[""190110099"", ""206728210"", ""109357355"", ""138045329"", ""206821652"", ""189303189"", ""196742641"", ""209590588"", ""194797914"", ""203456374""]"
none_subset,4,205777823,167495362,57,1117,0,0,0,0,0,0,"[""177152495"", ""79860798"", ""175877174"", ""97187105"", ""202358315"", ""80664100"", ""166582282"", ""207134458"", ""214410624"", ""210786872""]"
none_subset,4,181301193,151450966,57,1270,0,0,0,0,0,0,"[""179662298"", ""125339147"", ""130444806"", ""128512946"", ""197740362"", ""188990309"", ""142088856"", ""122408162"", ""52958427"", ""65038796""]"
none_subset,4,224681805,80946678,4,37,0,0,0,0,0,1,"[""136900812"", ""212022302"", ""203037592"", ""197680529"", ""213939970"", ""200081999"", ""131936243"", ""167564443"", ""186674454"", ""215351522""]"
none_subset,4,156424434,131281412,37,664,0,0,0,0,0,0,"[""206515039"", ""213471023"", ""100748286"", ""185411714"", ""119357902"", ""192142184"", ""101457814"", ""193030442"", ""142136896"", ""137062195""]"
none_subset,4,222620417,211216257,64,505,0,0,0,0,0,0,"[""167354299"", ""131569653"", ""99174684"", ""20739628"", ""152189504"", ""202713543"", ""18136094"", ""207446541"", ""85881610"", ""174183108""]"
none_subset,4,191117935,159158518,43,511,0,0,0,0,0,0,"[""198078019"", ""206290556"", ""180961442"", ""129951806"", ""143611276"", ""210822887"", ""187215484"", ""203417954"", ""201213450"", ""209862942""]"
none_subset,4,215247659,196168994,46,632,0,0,0,0,0,0,"[""19664212"", ""50497846"", ""210433449"", ""212364902"", ""158102584"", ""194051265"", ""108196994"", ""110268464"", ""186542267"", ""100128872""]"
none_subset,4,194723853,159848649,43,996,0,0,0,0,0,0,"[""198054821"", ""65700153"", ""120765596"", ""154142943"", ""140470954"", ""191424159"", ""204233344"", ""58467420"", ""170078458"", ""98570059""]"
none_subset,4,197950777,169059871,64,901,0,0,0,0,0,0,"[""67164744"", ""126953299"", ""205896464"", ""157457665"", ""206619317"", ""62963928"", ""184451848"", ""169695317"", ""193943572"", ""90867095""]"
none_subset,4,218227123,203190117,46,143,0,0,0,0,0,0,"[""213699346"", ""111439009"", ""207886341"", ""100946720"", ""209156183"", ""140434515"", ""109601605"", ""80535119"", ""205297053"", ""214020106""]"
none_subset,4,175204296,147698835,37,1094,0,0,0,0,0,0,"[""142665464"", ""184320957"", ""193030442"", ""195054374"", ""154409188"", ""190234617"", ""66837732"", ""191931364"", ""127873279"", ""210477961""]"
none_subset,4,156645730,99567115,37,1187,0,0,0,0,0,0,"[""188967908"", ""158117230"", ""42842956"", ""25189123"", ""115215869"", ""152762226"", ""137463465"", ""29496516"", ""100015328"", ""105274553""]"
none_subset,4,221050667,208224412,57,174,0,0,0,0,0,0,"[""207501690"", ""195614608"", ""210816632"", ""211144109"", ""172017798"", ""213085616"", ""201836899"", ""208607371"", ""209726587"", ""203904751""]"
none_subset,4,222422842,210451253,37,4,0,0,1,1,1,1,"[""211987844"", ""211415830"", ""145639775"", ""210451253"", ""80808834"", ""210647982"", ""120181686"", ""76586668"", ""134055274"", ""162230699""]"
none_subset,4,78573689,79742438,38,1315,0,0,0,0,0,0,"[""176559079"", ""147729896"", ""204143300"", ""16689432"", ""64731721"", ""145798245"", ""138021512"", ""192884067"", ""115277724"", ""207705451""]"
none_subset,4,58990237,29790518,4,753,0,0,0,0,0,0,"[""193831253"", ""200875902"", ""161643758"", ""193566719"", ""167074809"", ""188802396"", ""178007810"", ""196254282"", ""165510803"", ""123881493""]"
none_subset,4,184568811,156295009,43,6,0,0,0,1,1,1,"[""179105716"", ""181265072"", ""197613208"", ""196383606"", ""163900593"", ""156295009"", ""182870508"", ""153525929"", ""66867545"", ""85892413""]"
none_subset,4,162978629,132033042,46,928,0,0,0,0,0,0,"[""134691092"", ""203456171"", ""82615761"", ""167900654"", ""159203778"", ""131140565"", ""112985650"", ""204975400"", ""162796958"", ""167464610""]"
none_subset,4,212699656,169890733,46,87,0,0,0,0,0,0,"[""139649558"", ""197454401"", ""156554598"", ""172518234"", ""110268464"", ""192342929"", ""193559506"", ""160762858"", ""132605956"", ""214430451""]"
none_subset,4,222300782,210709127,4,8,0,0,0,1,1,1,"[""207985124"", ""212482379"", ""210871478"", ""213125259"", ""198023565"", ""210655795"", ""180575809"", ""210709127"", ""126589900"", ""208958120""]"
none_subset,4,222071704,209721719,46,961,0,0,0,0,0,0,"[""205368126"", ""138971583"", ""210308295"", ""212685047"", ""207328366"", ""163919581"", ""180749212"", ""209621390"", ""204632637"", ""161497124""]"
none_subset,4,194860010,166190328,46,18,0,0,0,0,1,1,"[""96527698"", ""157864488"", ""134507475"", ""104767223"", ""211268424"", ""152763272"", ""76061645"", ""152531642"", ""167280596"", ""172684450""]"
none_subset,4,205377132,180844785,43,69,0,0,0,0,0,0,"[""194288073"", ""184091403"", ""201671217"", ""178271380"", ""206730740"", ""121279267"", ""209666551"", ""165285962"", ""185360446"", ""189266294""]"
none_subset,4,142846279,124608125,46,162,0,0,0,0,0,0,"[""158946684"", ""201215254"", ""139649558"", ""133674182"", ""16339902"", ""85427391"", ""165953966"", ""117093898"", ""62458353"", ""140208813""]"
none_subset,4,193734416,162124393,43,1,1,1,1,1,1,1,"[""162124393"", ""199268133"", ""178730785"", ""108730062"", ""196144027"", ""58609632"", ""16074591"", ""49130482"", ""203232500"", ""201991192""]"
none_subset,4,35285379,38719112,43,131,0,0,0,0,0,0,"[""112406996"", ""128927470"", ""207549172"", ""164476094"", ""197607322"", ""203668670"", ""151666642"", ""78183771"", ""198559418"", ""186549940""]"
none_subset,4,87945809,78696152,46,351,0,0,0,0,0,0,"[""141781507"", ""173365679"", ""200860795"", ""204314440"", ""194132989"", ""209764015"", ""200555275"", ""211555684"", ""210643352"", ""168815908""]"
none_subset,4,123142914,107528202,4,1430,0,0,0,0,0,0,"[""79131324"", ""183255480"", ""126042350"", ""200247233"", ""213461075"", ""62971785"", ""201861112"", ""206288930"", ""161281171"", ""106574616""]"
none_subset,4,164454108,95790673,64,434,0,0,0,0,0,0,"[""151589612"", ""65008306"", ""14565960"", ""136053941"", ""65008311"", ""157187324"", ""130269008"", ""206880666"", ""126295674"", ""103614032""]"
none_subset,4,193158719,164661248,4,174,0,0,0,0,0,0,"[""143872793"", ""125829483"", ""130299986"", ""129568541"", ""153111279"", ""128194085"", ""99699218"", ""137276271"", ""63030233"", ""122564854""]"
none_subset,4,189108091,158986246,57,255,0,0,0,0,0,0,"[""135046482"", ""205076818"", ""174010829"", ""173797071"", ""107527615"", ""183349552"", ""130403648"", ""178369063"", ""205832430"", ""209092004""]"
none_subset,4,208314235,182590419,62,940,0,0,0,0,0,0,"[""2463151"", ""129878189"", ""56568319"", ""180366851"", ""105604280"", ""24433447"", ""74220777"", ""92980980"", ""66824965"", ""197681506""]"
none_subset,4,171464736,145094112,46,2,0,1,1,1,1,1,"[""207664468"", ""145094112"", ""206120139"", ""203062604"", ""203171500"", ""78631092"", ""197859726"", ""201508287"", ""182916957"", ""163363958""]"
none_subset,4,212429460,176131148,46,260,0,0,0,0,0,0,"[""167383627"", ""111614660"", ""184612826"", ""205315794"", ""154894208"", ""156554598"", ""156263625"", ""193874948"", ""61098000"", ""200400926""]"
none_subset,4,206367580,180126691,62,1860,0,0,0,0,0,0,"[""44103941"", ""104016143"", ""133860591"", ""119150891"", ""206185867"", ""84941218"", ""206145191"", ""123214623"", ""195057440"", ""87886557""]"
none_subset,4,225108929,212708245,37,50,0,0,0,0,0,1,"[""125089746"", ""149406187"", ""65802140"", ""174101143"", ""167310374"", ""182362280"", ""170334700"", ""215287161"", ""125653733"", ""132342276""]"
none_subset,4,219709897,202039069,43,63,0,0,0,0,0,0,"[""211355598"", ""212033090"", ""201671217"", ""195866072"", ""194288073"", ""159971774"", ""173758947"", ""215090391"", ""121279267"", ""171859659""]"
none_subset,4,120028133,101696867,43,101,0,0,0,0,0,0,"[""189791365"", ""142700536"", ""166752829"", ""16113826"", ""197867680"", ""154074519"", ""166272408"", ""184705867"", ""113898898"", ""196069283""]"
none_subset,4,134666130,113496973,64,1236,0,0,0,0,0,0,"[""168668432"", ""159020740"", ""63404553"", ""60046348"", ""147554849"", ""79234720"", ""75760627"", ""183213131"", ""155183786"", ""156281163""]"
none_subset,4,214415568,144932091,43,53,0,0,0,0,0,0,"[""193045333"", ""126470047"", ""164991678"", ""75775580"", ""213080586"", ""120122284"", ""128075998"", ""180314920"", ""53018260"", ""197607286""]"
none_subset,4,206367329,167525245,46,167,0,0,0,0,0,0,"[""144964708"", ""136992761"", ""108971427"", ""134541468"", ""213655844"", ""208306039"", ""171846733"", ""138911204"", ""202371479"", ""210449055""]"
none_subset,4,222044042,205545277,46,22,0,0,0,0,1,1,"[""209156183"", ""212730825"", ""211336503"", ""138953275"", ""141722116"", ""170881830"", ""213978791"", ""132671791"", ""208171217"", ""132894879""]"
none_subset,4,218211133,113542136,62,19,0,0,0,0,1,1,"[""25260455"", ""1975349"", ""119625316"", ""81077749"", ""22547515"", ""178706930"", ""80991195"", ""198734216"", ""14027620"", ""53450931""]"
none_subset,4,72934225,8324549,43,2311,0,0,0,0,0,0,"[""146898856"", ""50216046"", ""99992649"", ""181167814"", ""56084025"", ""4674477"", ""192784424"", ""130448492"", ""114763824"", ""63099395""]"
none_subset,4,221403783,186647118,37,188,0,0,0,0,0,0,"[""100819191"", ""145696871"", ""168712812"", ""156465156"", ""169996599"", ""146996413"", ""108765924"", ""144080332"", ""143863608"", ""153136383""]"
none_subset,4,59451952,27162317,64,334,0,0,0,0,0,0,"[""80281524"", ""151526168"", ""103416735"", ""79734724"", ""177028452"", ""210873715"", ""53527257"", ""63474547"", ""202708847"", ""60124479""]"
none_subset,4,65481113,56967833,43,1168,0,0,0,0,0,0,"[""84782336"", ""190372173"", ""208309750"", ""190691284"", ""50463859"", ""197514276"", ""143190396"", ""170651164"", ""107193923"", ""204609076""]"
none_subset,4,148115874,127946988,57,70,0,0,0,0,0,0,"[""132769262"", ""152187673"", ""199762687"", ""172859269"", ""180417908"", ""177316731"", ""210789038"", ""194873205"", ""51300213"", ""182790464""]"
none_subset,4,114171691,103676177,4,157,0,0,0,0,0,0,"[""126042350"", ""147828982"", ""80097875"", ""209715606"", ""161281171"", ""172033376"", ""56795758"", ""159659843"", ""46147970"", ""102233014""]"
none_subset,4,218740346,203796300,57,342,0,0,0,0,0,0,"[""195614608"", ""165031640"", ""203904751"", ""206964493"", ""172017798"", ""207501690"", ""215562071"", ""173433055"", ""199205992"", ""204828392""]"
none_subset,4,156463248,133945472,64,43,0,0,0,0,0,1,"[""146365324"", ""164643454"", ""186423211"", ""122273058"", ""118462041"", ""143450620"", ""205920501"", ""174183108"", ""96029631"", ""155708697""]"
none_subset,4,174497388,118684332,46,4,0,0,1,1,1,1,"[""172509742"", ""114442083"", ""6346575"", ""118684332"", ""213226745"", ""120963350"", ""99908438"", ""205927935"", ""176834459"", ""169636588""]"
none_subset,4,200633853,153429397,46,149,0,0,0,0,0,0,"[""79523323"", ""183767116"", ""124997135"", ""165151245"", ""16673496"", ""194051265"", ""186542267"", ""154698834"", ""147295915"", ""173423836""]"
none_subset,4,224648107,180243968,37,63,0,0,0,0,0,0,"[""209034394"", ""211987844"", ""145639775"", ""146497149"", ""104934863"", ""146524904"", ""206200329"", ""76586668"", ""177838111"", ""117685268""]"
none_subset,4,146987378,114095793,38,688,0,0,0,0,0,0,"[""69350726"", ""151839331"", ""169804292"", ""100749834"", ""199297939"", ""209258995"", ""185164362"", ""166298317"", ""203848623"", ""114889567""]"
none_subset,4,63414595,66064117,37,63,0,0,0,0,0,0,"[""14688074"", ""53410176"", ""71957357"", ""29496516"", ""42842956"", ""105224939"", ""21114364"", ""45171964"", ""95030361"", ""187043151""]"
none_subset,4,206561203,177758562,57,2693,0,0,0,0,0,0,"[""213078674"", ""213502972"", ""171298197"", ""215562071"", ""214059340"", ""214374260"", ""204395145"", ""209144105"", ""208636529"", ""211299410""]"
none_subset,4,215076467,196176687,4,157,0,0,0,0,0,0,"[""196862937"", ""193413498"", ""201454668"", ""190161584"", ""190495475"", ""192331154"", ""182794391"", ""198374943"", ""199780246"", ""119106930""]"
none_subset,4,192505330,158737000,43,2263,0,0,0,0,0,0,"[""50216046"", ""75839769"", ""54249020"", ""68219566"", ""146898856"", ""73874487"", ""38841821"", ""106069814"", ""141669650"", ""202066381""]"
none_subset,4,81575274,77395625,37,377,0,0,0,0,0,0,"[""58893791"", ""152762226"", ""184518066"", ""158117230"", ""188967908"", ""149498553"", ""183122776"", ""196428679"", ""156560834"", ""25189123""]"
none_subset,4,224931522,202222440,37,2853,0,0,0,0,0,0,"[""207481345"", ""131581832"", ""197238711"", ""191148698"", ""82961419"", ""92273591"", ""150765445"", ""187021020"", ""209000043"", ""192569315""]"
none_subset,4,223744284,204065707,46,1599,0,0,0,0,0,0,"[""167424905"", ""201270244"", ""105064165"", ""208099409"", ""87562356"", ""102764457"", ""194862890"", ""109790613"", ""164230111"", ""132077090""]"
none_subset,4,137503904,120852733,4,153,0,0,0,0,0,0,"[""12396291"", ""138975756"", ""181715447"", ""139852579"", ""93696567"", ""122564854"", ""123419520"", ""191214295"", ""192424356"", ""190161584""]"
none_subset,4,58738507,63874499,62,1425,0,0,0,0,0,0,"[""86857938"", ""48622006"", ""162263431"", ""74887373"", ""74331129"", ""123687816"", ""137201594"", ""114525243"", ""53450905"", ""100144178""]"
none_subset,4,182463231,135449877,62,1,1,1,1,1,1,1,"[""135449877"", ""156885677"", ""195935444"", ""176645947"", ""165119271"", ""180324136"", ""76665110"", ""180167452"", ""113547578"", ""192577715""]"
none_subset,4,223150160,211861394,62,73,0,0,0,0,0,0,"[""204577887"", ""211070786"", ""200033285"", ""172997177"", ""191313815"", ""197247155"", ""212412503"", ""206351628"", ""206841068"", ""124000667""]"
none_subset,4,215706482,197749060,57,401,0,0,0,0,0,0,"[""209465166"", ""189624094"", ""205792958"", ""209173908"", ""132207298"", ""195501205"", ""208101032"", ""195501199"", ""209465126"", ""183442245""]"
none_subset,4,93265539,88157034,37,40,0,0,0,0,0,1,"[""194551250"", ""120514294"", ""177094485"", ""133932837"", ""143764294"", ""208464643"", ""183552543"", ""156884960"", ""173613850"", ""161147605""]"
none_subset,4,213568136,171846733,46,649,0,0,0,0,0,0,"[""208708242"", ""210626515"", ""211870655"", ""52439531"", ""86246820"", ""155950947"", ""78696152"", ""143853422"", ""214682235"", ""160762858""]"
none_subset,4,216009257,193863080,62,36,0,0,0,0,0,1,"[""122004752"", ""141274480"", ""167732430"", ""125457528"", ""211690905"", ""182479029"", ""150945055"", ""183670981"", ""170810488"", ""109740115""]"
none_subset,4,224303341,207753535,43,1179,0,0,0,0,0,0,"[""4674477"", ""15015983"", ""76736407"", ""98581026"", ""143371562"", ""61372398"", ""13118738"", ""167353972"", ""180794567"", ""101683090""]"
none_subset,4,224902411,210573149,4,618,0,0,0,0,0,0,"[""194722275"", ""168099979"", ""211858811"", ""210484477"", ""191627911"", ""198615413"", ""177825434"", ""207726716"", ""180843726"", ""178104667""]"
none_subset,4,222775590,191591466,4,61,0,0,0,0,0,0,"[""195819596"", ""183018658"", ""182575686"", ""148382740"", ""202360528"", ""200468822"", ""194022496"", ""207414127"", ""149909385"", ""203390748""]"
none_subset,4,221524461,203173810,46,600,0,0,0,0,0,0,"[""141583383"", ""210498357"", ""87748960"", ""212106766"", ""205395255"", ""100881714"", ""76370473"", ""135605303"", ""176761183"", ""81754384""]"
none_subset,4,208839124,182575686,4,288,0,0,0,0,0,0,"[""197475541"", ""189945818"", ""201079257"", ""205405501"", ""177949545"", ""191493353"", ""187499375"", ""193934711"", ""205789625"", ""188882555""]"
none_subset,4,213044579,193010516,64,6,0,0,0,1,1,1,"[""160442766"", ""166840834"", ""207331867"", ""67845426"", ""192611577"", ""193010516"", ""210741382"", ""187029541"", ""200505701"", ""212619434""]"
none_subset,4,213620432,194289010,62,82,0,0,0,0,0,0,"[""167732430"", ""190955120"", ""160610901"", ""189178547"", ""161141246"", ""169027396"", ""160586788"", ""201062295"", ""168270119"", ""187839762""]"
none_subset,4,216313910,199469789,43,117,0,0,0,0,0,0,"[""210822887"", ""206290556"", ""201213450"", ""187215484"", ""180961442"", ""198078019"", ""143611276"", ""184633847"", ""182583580"", ""213483404""]"
none_subset,4,171114203,143386642,37,35,0,0,0,0,0,1,"[""60946553"", ""107504819"", ""61285818"", ""70632915"", ""170374764"", ""206967323"", ""161582800"", ""102340455"", ""173122237"", ""204339441""]"
none_subset,4,136207895,114573844,4,386,0,0,0,0,0,0,"[""117771611"", ""138966111"", ""197860156"", ""145583009"", ""171447530"", ""130299986"", ""129568541"", ""202362364"", ""43073275"", ""143548483""]"
none_subset,4,179696580,145696871,37,7,0,0,0,1,1,1,"[""78200756"", ""191060958"", ""33534621"", ""136461731"", ""194553077"", ""147023317"", ""145696871"", ""204665966"", ""100819191"", ""204633870""]"
none_subset,4,174146464,134507863,43,881,0,0,0,0,0,0,"[""130114959"", ""98137256"", ""57556019"", ""59841256"", ""202388962"", ""50645036"", ""174578139"", ""101275830"", ""74957401"", ""204057759""]"
none_subset,4,222424665,210872833,57,854,0,0,0,0,0,0,"[""208772517"", ""74442206"", ""172935950"", ""199513063"", ""138785143"", ""177145864"", ""209164856"", ""131867164"", ""201838256"", ""168542440""]"
none_subset,4,187546279,157092256,4,9,0,0,0,1,1,1,"[""113199812"", ""141440077"", ""158546701"", ""190777107"", ""185596367"", ""154473913"", ""188577796"", ""165785804"", ""157092256"", ""205025057""]"
none_subset,4,222676347,206933046,46,196,0,0,0,0,0,0,"[""205545277"", ""204899704"", ""173540309"", ""141013834"", ""208458622"", ""176936173"", ""213683775"", ""177962710"", ""214251597"", ""211572610""]"
none_subset,4,157005142,115668354,37,303,0,0,0,0,0,0,"[""142136896"", ""205328844"", ""80032224"", ""139391729"", ""202137970"", ""115463757"", ""188994423"", ""195740726"", ""141656944"", ""190788723""]"
none_subset,4,215615257,188378620,64,105,0,0,0,0,0,0,"[""83781866"", ""166109713"", ""205920501"", ""155708697"", ""90790862"", ""186423211"", ""155340912"", ""44132236"", ""213086582"", ""114557802""]"
none_subset,4,194695906,158536496,38,403,0,0,0,0,0,0,"[""128168264"", ""25706087"", ""104042988"", ""139494203"", ""73148680"", ""71896485"", ""136444097"", ""66259210"", ""62510663"", ""93265631""]"
none_subset,4,203432482,169554913,37,549,0,0,0,0,0,0,"[""122748929"", ""209794141"", ""198753304"", ""187389375"", ""90418462"", ""209030923"", ""195543264"", ""145112155"", ""188877213"", ""145706391""]"
none_subset,4,123321721,101119653,43,206,0,0,0,0,0,0,"[""204358109"", ""110104374"", ""207021897"", ""129585321"", ""201598381"", ""164252684"", ""140993217"", ""113148533"", ""201409854"", ""198489911""]"
none_subset,4,210174249,188362913,38,263,0,0,0,0,0,0,"[""45579165"", ""159835737"", ""20918033"", ""66287825"", ""201541368"", ""151108044"", ""74273124"", ""193252013"", ""184109870"", ""150802146""]"
none_subset,4,171136752,143395225,62,213,0,0,0,0,0,0,"[""94546694"", ""99563204"", ""106557292"", ""97195771"", ""188696626"", ""189107795"", ""153978341"", ""152815967"", ""57745589"", ""124381580""]"
none_subset,4,191817060,153434097,57,2022,0,0,0,0,0,0,"[""180417908"", ""194409455"", ""204658040"", ""132769262"", ""191497108"", ""165674944"", ""143608153"", ""104277585"", ""204657962"", ""121334134""]"
none_subset,4,17919319,16824274,46,355,0,0,0,0,0,0,"[""206204582"", ""70629074"", ""203819517"", ""21000985"", ""178722271"", ""31288854"", ""168398015"", ""6346575"", ""208234365"", ""207380544""]"
none_subset,4,198846780,116370931,64,1064,0,0,0,0,0,0,"[""214208964"", ""66111020"", ""203743622"", ""173661276"", ""199819866"", ""191054297"", ""188610188"", ""206705882"", ""183013744"", ""172741180""]"
none_subset,4,205542152,137027698,43,401,0,0,0,0,0,0,"[""165954042"", ""204479993"", ""39026970"", ""65700153"", ""211890870"", ""204884209"", ""170078458"", ""16668651"", ""57750732"", ""90293525""]"
none_subset,4,213895353,187545617,37,751,0,0,0,0,0,0,"[""147023317"", ""193679263"", ""126447640"", ""157022245"", ""171828064"", ""198598972"", ""110655675"", ""103057199"", ""164454930"", ""36246909""]"
none_subset,4,138735048,111956915,46,341,0,0,0,0,0,0,"[""105064166"", ""193559506"", ""160110731"", ""164205217"", ""159344605"", ""209163866"", ""205030690"", ""157884203"", ""62458353"", ""170915583""]"
none_subset,4,220388911,50337874,4,232,0,0,0,0,0,0,"[""152350533"", ""45909356"", ""144264277"", ""112540745"", ""197860156"", ""165675795"", ""76695262"", ""145084686"", ""191695096"", ""103497899""]"
none_subset,4,142819550,123163900,37,743,0,0,0,0,0,0,"[""166280219"", ""126929630"", ""81340320"", ""151941209"", ""130025536"", ""152140191"", ""116967483"", ""72951233"", ""43972733"", ""141976904""]"
none_subset,4,176254517,147824545,64,803,0,0,0,0,0,0,"[""200859322"", ""139747313"", ""56833135"", ""79117002"", ""131569653"", ""126298952"", ""75900945"", ""130094229"", ""155708697"", ""94149734""]"
none_subset,4,206097907,175934053,37,972,0,0,0,0,0,0,"[""212047029"", ""170049514"", ""186298213"", ""183923787"", ""188679659"", ""196774938"", ""177381199"", ""156176895"", ""126929630"", ""184920959""]"
none_subset,4,56711007,58216709,4,124,0,0,0,0,0,0,"[""84024207"", ""154878022"", ""82267423"", ""205311074"", ""212786536"", ""199082024"", ""157610724"", ""207095845"", ""101189812"", ""13469891""]"
none_subset,4,206210724,84800476,4,471,0,0,0,0,0,0,"[""191301984"", ""210301282"", ""164258790"", ""204086663"", ""149460710"", ""199379224"", ""212792058"", ""142555200"", ""201829388"", ""208055757""]"
none_subset,4,149191479,128399228,38,1056,0,0,0,0,0,0,"[""109987226"", ""91690080"", ""79742438"", ""204224738"", ""160041957"", ""126884451"", ""142870223"", ""132567182"", ""180487810"", ""124833754""]"
none_subset,4,220047744,103930898,64,1844,0,0,0,0,0,0,"[""131215451"", ""170757529"", ""167980707"", ""143760958"", ""205033787"", ""110679107"", ""145970325"", ""194756089"", ""194116859"", ""146696008""]"
none_subset,4,194785620,165237646,43,327,0,0,0,0,0,0,"[""168783197"", ""182050443"", ""190372173"", ""145672403"", ""108684069"", ""194880726"", ""166301530"", ""190535337"", ""208309750"", ""164461764""]"
none_subset,4,218749582,200169558,46,2365,0,0,0,0,0,0,"[""48793171"", ""83202485"", ""173278868"", ""91710882"", ""171140014"", ""193874986"", ""116070573"", ""173579264"", ""201604744"", ""89045186""]"
none_subset,4,165838982,127997699,46,48,0,0,0,0,0,1,"[""214682235"", ""64629457"", ""210626515"", ""211870655"", ""138384198"", ""197573221"", ""209931361"", ""169000341"", ""131108960"", ""178340158""]"
none_subset,4,224920334,200087166,4,461,0,0,0,0,0,0,"[""141989738"", ""184721384"", ""141714724"", ""144995106"", ""113622434"", ""191561303"", ""194377968"", ""158857170"", ""156901917"", ""180940683""]"
none_subset,4,205468200,178716548,4,1352,0,0,0,0,0,0,"[""126241663"", ""126889201"", ""133977293"", ""133755220"", ""154203183"", ""200206633"", ""141085810"", ""117771611"", ""112871050"", ""113622434""]"
none_subset,4,215148558,194797723,38,223,0,0,0,0,0,0,"[""192920732"", ""209590588"", ""130737214"", ""68644542"", ""70629467"", ""169136130"", ""177206358"", ""113496860"", ""151108044"", ""209925991""]"
none_subset,4,124923191,109509000,38,2505,0,0,0,0,0,0,"[""157714512"", ""215127574"", ""207422358"", ""126213900"", ""156904280"", ""192884067"", ""165671081"", ""117484080"", ""123704552"", ""211427284""]"
none_subset,4,215578096,190043031,64,25,0,0,0,0,1,1,"[""188820923"", ""62550428"", ""179201033"", ""181619566"", ""80281524"", ""156194814"", ""195529634"", ""211861347"", ""147860105"", ""119531435""]"
none_subset,4,75789381,77710495,43,614,0,0,0,0,0,0,"[""88577920"", ""174558601"", ""88426427"", ""203438993"", ""202388962"", ""190843616"", ""52112999"", ""124731600"", ""116979481"", ""124759667""]"
none_subset,4,203230137,137020533,62,1483,0,0,0,0,0,0,"[""146789147"", ""119396258"", ""192653562"", ""136598057"", ""205254156"", ""158763261"", ""109143906"", ""193542340"", ""82382971"", ""190955120""]"
none_subset,4,46116158,52577956,62,10,0,0,0,1,1,1,"[""210154412"", ""159227409"", ""199979859"", ""210543459"", ""127069226"", ""107118512"", ""144049941"", ""120041482"", ""86956608"", ""52577956""]"
none_subset,4,177136537,149390857,4,260,0,0,0,0,0,0,"[""165904972"", ""199780246"", ""160037231"", ""116488063"", ""206940426"", ""200963901"", ""165183012"", ""182763611"", ""170147206"", ""187092507""]"
none_subset,4,221669084,193072604,64,1285,0,0,0,0,0,0,"[""169220249"", ""131413365"", ""199438500"", ""199715478"", ""123607973"", ""190947093"", ""146681358"", ""10714728"", ""8607067"", ""193888657""]"
none_subset,4,212041382,191701817,37,203,0,0,0,0,0,0,"[""181408383"", ""98327133"", ""116240817"", ""208575799"", ""196563012"", ""119227333"", ""198478244"", ""149483145"", ""87450438"", ""94966858""]"
none_subset,4,219471274,197859726,46,32,0,0,0,0,0,1,"[""143484748"", ""79988383"", ""208074451"", ""52086900"", ""113497361"", ""205769669"", ""209843140"", ""77899573"", ""197949897"", ""205180303""]"
none_subset,4,128080603,113230194,46,16,0,0,0,0,1,1,"[""83646259"", ""29622301"", ""108060129"", ""166648954"", ""170637462"", ""202089453"", ""100946720"", ""203677273"", ""202089470"", ""173832017""]"
none_subset,4,186907914,156087601,43,169,0,0,0,0,0,0,"[""195408710"", ""197613208"", ""98581026"", ""204449585"", ""148264493"", ""154390259"", ""67909736"", ""180465465"", ""153840249"", ""170809158""]"
none_subset,4,203265984,104638861,46,3,0,1,1,1,1,1,"[""172681042"", ""78490755"", ""104638861"", ""208905537"", ""212433966"", ""205132358"", ""203121561"", ""208188629"", ""209168311"", ""81506359""]"
none_subset,4,168179706,140057420,37,7,0,0,0,1,1,1,"[""146527115"", ""185266696"", ""182489418"", ""127604459"", ""185411714"", ""141014415"", ""140057420"", ""121834730"", ""201505284"", ""137062195""]"
none_subset,4,225219059,215377527,46,137,0,0,0,0,0,0,"[""202822668"", ""213377993"", ""203644944"", ""189088897"", ""212118911"", ""203778148"", ""193512459"", ""204540006"", ""204823121"", ""213291067""]"
none_subset,4,190303380,143805569,37,40,0,0,0,0,0,1,"[""103057199"", ""61710118"", ""146818815"", ""39048064"", ""93714502"", ""214037923"", ""212047029"", ""182444653"", ""157022245"", ""186713888""]"
none_subset,4,59639212,58507091,64,198,0,0,0,0,0,0,"[""143686140"", ""107088593"", ""48108527"", ""150507317"", ""5273113"", ""67792301"", ""189988059"", ""67998486"", ""111626622"", ""73923102""]"
none_subset,4,194672002,165611039,38,1070,0,0,0,0,0,0,"[""121639115"", ""121564255"", ""206506072"", ""55637037"", ""151333626"", ""163280205"", ""198468875"", ""177027866"", ""123190192"", ""178462865""]"
none_subset,4,198979809,209736403,37,784,0,0,0,0,0,0,"[""102688777"", ""195054374"", ""101192063"", ""68382382"", ""116967483"", ""182513421"", ""142665464"", ""210502009"", ""143805569"", ""51981897""]"
none_subset,4,20008520,18136094,64,22,0,0,0,0,1,1,"[""67144823"", ""103416735"", ""179015555"", ""174183108"", ""116380815"", ""93476336"", ""181619566"", ""138115654"", ""157803989"", ""91451711""]"
none_subset,4,221245643,206967157,46,293,0,0,0,0,0,0,"[""112985650"", ""211762574"", ""156263625"", ""206204582"", ""167383627"", ""207597334"", ""215002844"", ""205315794"", ""214729100"", ""168398015""]"
none_subset,4,164872875,135720410,4,258,0,0,0,0,0,0,"[""164194074"", ""141475879"", ""210309601"", ""112914230"", ""150251115"", ""214085481"", ""211901995"", ""212457708"", ""206940580"", ""32643267""]"
none_subset,4,215142560,106188623,4,75,0,0,0,0,0,0,"[""158607543"", ""148281605"", ""144264277"", ""154708788"", ""202362364"", ""149759096"", ""167104684"", ""148365289"", ""167643231"", ""159049760""]"
none_subset,4,224121102,213467226,46,367,0,0,0,0,0,0,"[""209335327"", ""168693005"", ""211028341"", ""76658512"", ""207214996"", ""161007649"", ""203534611"", ""197720233"", ""207227762"", ""125545946""]"
none_subset,4,224931869,139398347,43,355,0,0,0,0,0,0,"[""128249636"", ""154237024"", ""189165560"", ""65223002"", ""201283434"", ""183703868"", ""189444157"", ""171665125"", ""192954070"", ""136108747""]"
none_subset,4,138153661,118659816,38,244,0,0,0,0,0,0,"[""179234058"", ""193563274"", ""186580987"", ""25706087"", ""156424467"", ""119050794"", ""191371664"", ""157091884"", ""66259210"", ""98526198""]"
none_subset,4,225280861,215580451,4,7,0,0,0,1,1,1,"[""191147915"", ""183858161"", ""182294617"", ""177056777"", ""181099732"", ""207726716"", ""215580451"", ""172642210"", ""210898943"", ""163340296""]"
none_subset,4,211607484,191030106,37,278,0,0,0,0,0,0,"[""181408383"", ""201740861"", ""87450438"", ""178961164"", ""202030579"", ""45171964"", ""202222318"", ""206298544"", ""206412545"", ""169922684""]"
none_subset,4,214872752,188240250,37,44,0,0,0,0,0,1,"[""202778075"", ""120181686"", ""67501636"", ""210451253"", ""210417882"", ""113557409"", ""146272807"", ""134055274"", ""187043151"", ""103348357""]"
none_subset,4,221635544,209508182,38,257,0,0,0,0,0,0,"[""208393437"", ""143671272"", ""161419745"", ""160688952"", ""141324463"", ""201030455"", ""136445502"", ""194792335"", ""206067851"", ""211454407""]"
none_subset,4,224935803,191574147,43,2670,0,0,0,0,0,0,"[""185338196"", ""210446525"", ""101683090"", ""162142216"", ""195791947"", ""201236975"", ""162972233"", ""54249020"", ""135449802"", ""102607958""]"
none_subset,4,184494990,155791307,38,456,0,0,0,0,0,0,"[""200830087"", ""98969149"", ""102676974"", ""75182035"", ""213553012"", ""132005414"", ""98477697"", ""155814671"", ""207903647"", ""194116496""]"
none_subset,4,223224423,211792770,46,414,0,0,0,0,0,0,"[""207833356"", ""213805109"", ""146467155"", ""202872734"", ""200586148"", ""206587012"", ""143077183"", ""115209508"", ""102116724"", ""167644413""]"
none_subset,4,195193571,118558747,62,245,0,0,0,0,0,0,"[""112033521"", ""156487231"", ""191653901"", ""154962548"", ""136496108"", ""207100364"", ""173152279"", ""90371836"", ""42940692"", ""85365150""]"
none_subset,4,190923476,161414922,64,61,0,0,0,0,0,0,"[""136385009"", ""131141531"", ""79234720"", ""58955704"", ""171025610"", ""138803213"", ""123750767"", ""153356810"", ""125561073"", ""60032340""]"
none_subset,4,220419002,185423354,62,821,0,0,0,0,0,0,"[""191313815"", ""205247044"", ""213362135"", ""206509724"", ""184997209"", ""162429356"", ""145702501"", ""199825694"", ""197247155"", ""191982155""]"
none_subset,4,209600686,186417621,64,378,0,0,0,0,0,0,"[""209790439"", ""103189720"", ""98571285"", ""110345942"", ""201421429"", ""131215451"", ""74162951"", ""183213131"", ""63404553"", ""160247543""]"
none_subset,4,200589311,169485140,46,300,0,0,0,0,0,0,"[""197949897"", ""162270850"", ""158115780"", ""120660699"", ""72730720"", ""193512680"", ""167424905"", ""194733810"", ""171578170"", ""105064165""]"
none_subset,4,183620915,176740233,43,55,0,0,0,0,0,0,"[""192784424"", ""192247862"", ""123492526"", ""146898856"", ""130448492"", ""91477618"", ""177473145"", ""99992649"", ""121414926"", ""63099395""]"
none_subset,4,189803385,161290599,38,3,0,1,1,1,1,1,"[""125506764"", ""87832627"", ""161290599"", ""190384477"", ""89552272"", ""80627012"", ""87901219"", ""96363827"", ""149261434"", ""196599979""]"
none_subset,4,175625019,146495081,64,132,0,0,0,0,0,0,"[""211980241"", ""134312075"", ""65008714"", ""132092603"", ""65487267"", ""95779860"", ""157333918"", ""153271284"", ""83954010"", ""75157723""]"
none_subset,4,224707840,211170368,37,73,0,0,0,0,0,0,"[""121116115"", ""113459454"", ""99494874"", ""185847475"", ""158117230"", ""156884960"", ""165637927"", ""152140191"", ""25189123"", ""214702437""]"
none_subset,4,218859422,198349568,38,979,0,0,0,0,0,0,"[""64397678"", ""148051499"", ""162400962"", ""171909035"", ""192315497"", ""104404349"", ""86894062"", ""121113125"", ""143552622"", ""81626812""]"
none_subset,4,178864787,139821056,4,2230,0,0,0,0,0,0,"[""146961197"", ""65093674"", ""154267881"", ""213979278"", ""72626014"", ""22766945"", ""152685161"", ""77968334"", ""192757426"", ""155106827""]"
none_subset,4,159196095,137589971,38,1217,0,0,0,0,0,0,"[""192884067"", ""173793300"", ""168749475"", ""202697291"", ""211428575"", ""51821730"", ""176638353"", ""157714512"", ""137516114"", ""172844872""]"
none_subset,4,174481946,135983837,64,899,0,0,0,0,0,0,"[""181874277"", ""98469115"", ""195841911"", ""111165071"", ""163956163"", ""213107525"", ""177968315"", ""184683737"", ""132289907"", ""167172273""]"
none_subset,4,188815807,160741998,64,53,0,0,0,0,0,0,"[""149506115"", ""185723367"", ""201421429"", ""53527257"", ""123694415"", ""147984435"", ""63965447"", ""103189720"", ""177536477"", ""161612772""]"
none_subset,4,225059708,156966555,64,35,0,0,0,0,0,1,"[""74256345"", ""86356781"", ""207726104"", ""141938100"", ""154324585"", ""193757766"", ""134895018"", ""136038725"", ""208465437"", ""206936057""]"
none_subset,4,223811539,213229652,4,16,0,0,0,0,1,1,"[""210309601"", ""198962743"", ""212457708"", ""211608400"", ""208055757"", ""198087841"", ""140447135"", ""212819052"", ""178104667"", ""164194074""]"
none_subset,4,218503876,199802363,4,15,0,0,0,0,1,1,"[""112914230"", ""210970095"", ""215274929"", ""213125259"", ""195823843"", ""212482379"", ""80560830"", ""212819052"", ""211037756"", ""210550451""]"
none_subset,4,86819271,73207881,38,569,0,0,0,0,0,0,"[""124441124"", ""207390508"", ""154880168"", ""207390535"", ""58199619"", ""204985593"", ""121028401"", ""176455982"", ""181358523"", ""202112251""]"
none_subset,4,108034580,99234253,43,482,0,0,0,0,0,0,"[""191363897"", ""118484592"", ""148635203"", ""150459085"", ""125529016"", ""139853041"", ""158317596"", ""204649733"", ""190002241"", ""153170041""]"
none_subset,4,220766464,180748130,4,60,0,0,0,0,0,0,"[""195526680"", ""32014424"", ""199019716"", ""202598239"", ""74691545"", ""167658682"", ""96998136"", ""210303017"", ""62971785"", ""166973027""]"
none_subset,4,177244963,141989738,4,6,0,0,0,1,1,1,"[""189148609"", ""173259969"", ""183642706"", ""144995106"", ""183725729"", ""141989738"", ""145800774"", ""94286928"", ""113622434"", ""56134226""]"
none_subset,4,54600790,60869518,64,841,0,0,0,0,0,0,"[""155183786"", ""196347311"", ""131215451"", ""138322181"", ""204754543"", ""60046348"", ""75760627"", ""20153108"", ""107055611"", ""169220249""]"
none_subset,4,189883702,156772383,64,802,0,0,0,0,0,0,"[""133945472"", ""164643454"", ""146365324"", ""81233438"", ""102679360"", ""128304968"", ""134091385"", ""96029631"", ""139515295"", ""202169422""]"
none_subset,4,222647320,173858556,4,1452,0,0,0,0,0,0,"[""161205322"", ""112914230"", ""199802363"", ""176007653"", ""214740980"", ""134952574"", ""210970095"", ""210531014"", ""212682868"", ""206296964""]"
none_subset,4,55766439,57450040,37,221,0,0,0,0,0,0,"[""190113798"", ""192387012"", ""173645815"", ""192597928"", ""190075252"", ""140336042"", ""152762226"", ""100774234"", ""183978577"", ""115215869""]"
none_subset,4,219166202,46376130,43,2,0,1,1,1,1,1,"[""162612749"", ""46376130"", ""188561727"", ""5568612"", ""192383943"", ""148801479"", ""157289534"", ""151666642"", ""114163759"", ""146534126""]"
none_subset,4,206154287,180219456,37,633,0,0,0,0,0,0,"[""190113798"", ""146272807"", ""209109785"", ""183122776"", ""196472154"", ""183005165"", ""70632915"", ""133774120"", ""182875637"", ""154980557""]"
none_subset,4,218578178,203829614,37,2,0,1,1,1,1,1,"[""201561139"", ""203829614"", ""142508806"", ""170544975"", ""167674987"", ""192227530"", ""148500212"", ""85275000"", ""196714939"", ""195014964""]"
none_subset,4,214672236,193517327,57,399,0,0,0,0,0,0,"[""129568269"", ""40488723"", ""131996709"", ""207122534"", ""160823099"", ""194300354"", ""102094865"", ""110548220"", ""149988933"", ""78057939""]"
none_subset,4,223831619,211890068,38,48,0,0,0,0,0,1,"[""8550716"", ""66259210"", ""186767110"", ""61517646"", ""192587307"", ""81220432"", ""113999751"", ""188362913"", ""25706087"", ""71896485""]"
none_subset,4,207026097,174693297,37,423,0,0,0,0,0,0,"[""88534873"", ""201751423"", ""133774120"", ""136574012"", ""119227333"", ""187761375"", ""76841920"", ""200763868"", ""196428679"", ""151964729""]"
none_subset,4,225052795,211664992,4,18,0,0,0,0,1,1,"[""73118528"", ""108788103"", ""45403148"", ""135553147"", ""141440077"", ""164936492"", ""108342269"", ""156401201"", ""185596367"", ""9924656""]"
none_subset,4,222713645,203487722,43,99,0,0,0,0,0,0,"[""164476094"", ""197607322"", ""186549940"", ""197607286"", ""90198681"", ""203668670"", ""207549172"", ""120122284"", ""168040178"", ""143497982""]"
none_subset,4,222415662,199473731,57,158,0,0,0,0,0,0,"[""160016419"", ""204417143"", ""133687274"", ""185465479"", ""207769586"", ""52958427"", ""214374260"", ""208033509"", ""206835206"", ""208100714""]"
none_subset,4,180823466,127322167,38,1300,0,0,0,0,0,0,"[""114055239"", ""77338935"", ""76490987"", ""114260093"", ""139423553"", ""64360348"", ""139494203"", ""117957932"", ""149982401"", ""155589050""]"
none_subset,4,120776482,85372384,57,148,0,0,0,0,0,0,"[""104805000"", ""185549618"", ""212108240"", ""47987945"", ""115422067"", ""171896766"", ""146244116"", ""145872351"", ""30933369"", ""81719707""]"
none_subset,4,78736115,48004410,62,179,0,0,0,0,0,0,"[""70381552"", ""80344615"", ""212966939"", ""85137253"", ""212503126"", ""205089575"", ""78481865"", ""178892018"", ""131432619"", ""30362067""]"
none_subset,4,197566809,171039103,37,150,0,0,0,0,0,0,"[""167520346"", ""206756006"", ""200869738"", ""117685268"", ""213379343"", ""184459557"", ""173244017"", ""151497086"", ""153421932"", ""171006297""]"
none_subset,4,196560587,121588049,57,131,0,0,0,0,0,0,"[""214125411"", ""206568246"", ""177626941"", ""14439949"", ""159881542"", ""63904923"", ""141089456"", ""144992451"", ""143701254"", ""75645675""]"
none_subset,4,191989168,149271505,38,1439,0,0,0,0,0,0,"[""92430066"", ""193133447"", ""113999751"", ""206869723"", ""186695077"", ""177310329"", ""207433318"", ""177616565"", ""97895020"", ""160101192""]"
none_subset,4,220756944,207623765,4,2200,0,0,0,0,0,0,"[""211858811"", ""182581077"", ""194160187"", ""181054833"", ""180843726"", ""177825434"", ""184322806"", ""196026500"", ""201211887"", ""202242865""]"
none_subset,4,222970732,211768590,57,249,0,0,0,0,0,0,"[""145031350"", ""163533843"", ""191197833"", ""206210266"", ""122751221"", ""141728487"", ""208742570"", ""212108240"", ""134533948"", ""207373637""]"
none_subset,4,205703486,168521754,4,494,0,0,0,0,0,0,"[""176925983"", ""186370381"", ""205390513"", ""73706611"", ""125970295"", ""211850911"", ""187502252"", ""91084676"", ""150981607"", ""191687910""]"
none_subset,4,41178274,57231571,37,1560,0,0,0,0,0,0,"[""51749408"", ""121116115"", ""16898206"", ""147794006"", ""205328844"", ""185048961"", ""141382831"", ""33066220"", ""37024390"", ""139391729""]"
none_subset,4,151923040,130295558,64,163,0,0,0,0,0,0,"[""155183786"", ""201421429"", ""46094230"", ""25588585"", ""79234720"", ""188599489"", ""131141531"", ""80281524"", ""63474547"", ""103189720""]"
none_subset,4,211406975,165689945,43,155,0,0,0,0,0,0,"[""125529231"", ""106212567"", ""198322720"", ""164285938"", ""170053319"", ""160058303"", ""89809066"", ""162680620"", ""179054743"", ""102049448""]"
none_subset,4,225332179,209312269,62,1143,0,0,0,0,0,0,"[""75207324"", ""60189912"", ""60969101"", ""145492438"", ""79388828"", ""148891602"", ""150920608"", ""15723967"", ""95504070"", ""95190192""]"
none_subset,4,210265450,165354631,46,720,0,0,0,0,0,0,"[""84422038"", ""78390422"", ""76538488"", ""213054921"", ""205233162"", ""97623791"", ""146324638"", ""15325925"", ""128181955"", ""172250706""]"
none_subset,4,224587798,138353042,38,64,0,0,0,0,0,0,"[""193133447"", ""162221630"", ""194853957"", ""162629010"", ""208225541"", ""147420266"", ""159911050"", ""130168090"", ""67142038"", ""194420087""]"
none_subset,4,218641593,191313815,62,102,0,0,0,0,0,0,"[""189968625"", ""204721492"", ""204577887"", ""207430576"", ""211070786"", ""196345674"", ""203908924"", ""190709473"", ""64365794"", ""161141246""]"
none_subset,4,63582428,61415611,38,1460,0,0,0,0,0,0,"[""120618466"", ""139494203"", ""108421334"", ""114055239"", ""117957932"", ""112389064"", ""145871617"", ""350786"", ""76490987"", ""37709032""]"
none_subset,4,225109827,214482135,4,321,0,0,0,0,0,0,"[""210550451"", ""206636227"", ""208780104"", ""209564520"", ""196167891"", ""212373864"", ""194160187"", ""214802477"", ""203466268"", ""213418054""]"
none_subset,4,37267022,18308585,4,13,0,0,0,0,1,1,"[""50883863"", ""194377968"", ""77968334"", ""194338856"", ""149909385"", ""186220965"", ""144995106"", ""177466971"", ""137934343"", ""156471159""]"
none_subset,4,96544155,77929117,4,22,0,0,0,0,1,1,"[""115483149"", ""133755220"", ""152028023"", ""180924550"", ""143852845"", ""54212504"", ""158175855"", ""94319899"", ""145698626"", ""112540745""]"
none_subset,4,170402856,139528880,57,149,0,0,0,0,0,0,"[""111600891"", ""195801582"", ""100527593"", ""202358315"", ""163116154"", ""51949929"", ""44191816"", ""163006969"", ""180192975"", ""23266957""]"
none_subset,4,222568867,211063696,46,8,0,0,0,1,1,1,"[""208458622"", ""180426325"", ""210667015"", ""214290787"", ""212730825"", ""208719036"", ""214251597"", ""211063696"", ""210373455"", ""203332786""]"
none_subset,4,221242787,189821495,4,618,0,0,0,0,0,0,"[""191910217"", ""199780246"", ""117471262"", ""120205229"", ""206940426"", ""153928357"", ""215600148"", ""181099732"", ""192877167"", ""160129846""]"
none_subset,4,211096041,190075149,4,122,0,0,0,0,0,0,"[""180575809"", ""185055320"", ""207095845"", ""198052564"", ""198615413"", ""201066059"", ""185133383"", ""213319159"", ""194722275"", ""72373127""]"
none_subset,4,108131747,44202832,46,51,0,0,0,0,0,0,"[""174613608"", ""207379889"", ""208458622"", ""103963518"", ""211987120"", ""213401003"", ""210499137"", ""118565908"", ""178086628"", ""159049004""]"
none_subset,4,162232999,136320022,46,2,0,1,1,1,1,1,"[""211028341"", ""136320022"", ""161007649"", ""205395255"", ""109531052"", ""209335327"", ""109632736"", ""209924661"", ""174610357"", ""191221232""]"
none_subset,4,13682631,9583876,43,28,0,0,0,0,1,1,"[""195408710"", ""121279267"", ""120597166"", ""208864917"", ""183525953"", ""177400740"", ""140343241"", ""200208585"", ""76296759"", ""98357729""]"
none_subset,4,219666357,191554056,4,358,0,0,0,0,0,0,"[""183755478"", ""188602972"", ""210192785"", ""197090565"", ""195510728"", ""146781680"", ""195543776"", ""188468393"", ""203746928"", ""187535990""]"
none_subset,4,213567134,189737626,37,68,0,0,0,0,0,0,"[""212172992"", ""192533600"", ""212271042"", ""193995538"", ""206298544"", ""191241938"", ""209128550"", ""194731784"", ""184818286"", ""203730564""]"
none_subset,4,184043607,74618421,43,313,0,0,0,0,0,0,"[""146898856"", ""94325948"", ""101275830"", ""57556019"", ""189165560"", ""156158793"", ""76860540"", ""67021173"", ""125480188"", ""59841256""]"
none_subset,4,172414888,136207634,57,1352,0,0,0,0,0,0,"[""165530822"", ""147735917"", ""176713188"", ""200415629"", ""44099846"", ""184248734"", ""148491701"", ""158571858"", ""137629837"", ""171909479""]"
none_subset,4,177318197,149582480,4,12,0,0,0,0,1,1,"[""190161584"", ""191214295"", ""191695909"", ""45368782"", ""200963901"", ""162058011"", ""149095048"", ""139852579"", ""138975756"", ""206940426""]"
none_subset,4,212339777,190906052,37,14,0,0,0,0,1,1,"[""144080332"", ""143138392"", ""153136383"", ""151708259"", ""58106994"", ""146996413"", ""100819191"", ""143863608"", ""115994978"", ""108765924""]"
none_subset,4,206145125,167802783,38,1266,0,0,0,0,0,0,"[""163127755"", ""203507733"", ""29927100"", ""80627012"", ""166308838"", ""136043837"", ""101964968"", ""133096810"", ""204996430"", ""183611043""]"
none_subset,4,178886952,151010427,4,138,0,0,0,0,0,0,"[""134911017"", ""98076075"", ""210721272"", ""9766161"", ""188021776"", ""139852579"", ""136231548"", ""184849383"", ""159850846"", ""141920129""]"
none_subset,4,221817837,209852269,4,243,0,0,0,0,0,0,"[""205600080"", ""191316160"", ""183509496"", ""195830492"", ""202571906"", ""210484477"", ""182581077"", ""198221149"", ""201657691"", ""181099732""]"
none_subset,4,223048993,211832428,4,177,0,0,0,0,0,0,"[""50763598"", ""133632260"", ""172943291"", ""143083752"", ""179145991"", ""181054833"", ""199975894"", ""193577910"", ""207414127"", ""206386977""]"
none_subset,4,208991679,186079431,37,205,0,0,0,0,0,0,"[""209154292"", ""201742088"", ""197633924"", ""186811713"", ""200278482"", ""200774626"", ""187299907"", ""191504755"", ""183693328"", ""175852737""]"
none_subset,4,141898377,106878932,43,49,0,0,0,0,0,1,"[""73201099"", ""126121357"", ""102691911"", ""135474915"", ""156158793"", ""75839915"", ""155678818"", ""138958806"", ""109226157"", ""90011446""]"
none_subset,4,197127690,170091134,37,92,0,0,0,0,0,0,"[""199996758"", ""192227530"", ""85275000"", ""177244193"", ""142288515"", ""195698956"", ""212752270"", ""166969289"", ""148500212"", ""202170903""]"
none_subset,4,208419078,156490946,43,62,0,0,0,0,0,0,"[""141417624"", ""147117418"", ""205605896"", ""186403472"", ""87001748"", ""188398971"", ""213210833"", ""75083855"", ""194500859"", ""130496317""]"
none_subset,4,225018841,119926476,37,1409,0,0,0,0,0,0,"[""122241592"", ""105569391"", ""210549110"", ""33563950"", ""163655065"", ""201172626"", ""161133997"", ""154942150"", ""190511714"", ""134438395""]"
none_subset,4,165596897,137389127,64,1540,0,0,0,0,0,0,"[""185454425"", ""168355301"", ""202712497"", ""156400594"", ""189845371"", ""165651948"", ""141045171"", ""183047062"", ""210923456"", ""76425768""]"
none_subset,4,99158135,78794453,4,215,0,0,0,0,0,0,"[""149095048"", ""126889201"", ""188173628"", ""51294207"", ""129435163"", ""151518049"", ""176867327"", ""154031903"", ""198070526"", ""116488063""]"
none_subset,4,215595321,197344850,37,4,0,0,1,1,1,1,"[""207605603"", ""75817384"", ""125867554"", ""197344850"", ""209736185"", ""180409690"", ""79219323"", ""177385023"", ""189787964"", ""190251047""]"
none_subset,4,187656447,159139067,57,1270,0,0,0,0,0,0,"[""121588049"", ""151450966"", ""119144884"", ""205668901"", ""85499926"", ""181594395"", ""207589156"", ""175258156"", ""79490428"", ""212598267""]"
none_subset,4,225288325,215600148,4,1604,0,0,0,0,0,0,"[""207819636"", ""180843726"", ""196161368"", ""194722275"", ""113409994"", ""210109068"", ""198615413"", ""194022328"", ""188613028"", ""193323154""]"
none_subset,4,225337078,213493571,37,1102,0,0,0,0,0,0,"[""155458733"", ""178551362"", ""186539685"", ""159529618"", ""192786781"", ""158784072"", ""120893128"", ""64645018"", ""136265720"", ""180932797""]"
none_subset,4,138244807,119810553,4,63,0,0,0,0,0,0,"[""191461282"", ""144264277"", ""154359018"", ""148365289"", ""183438126"", ""129269545"", ""184009379"", ""45909356"", ""188580686"", ""158607543""]"
none_subset,4,213283231,165204223,4,776,0,0,0,0,0,0,"[""119644839"", ""128511706"", ""156401201"", ""114925208"", ""164495014"", ""159049760"", ""116057633"", ""21060681"", ""209180066"", ""211664992""]"
none_subset,4,125907639,104715442,43,82,0,0,0,0,0,0,"[""207289652"", ""100215754"", ""126415167"", ""130556843"", ""205517780"", ""127486066"", ""84074518"", ""98301531"", ""208645724"", ""160598030""]"
none_subset,4,154132197,126361288,37,454,0,0,0,0,0,0,"[""107504819"", ""81213674"", ""191525669"", ""206382148"", ""126405590"", ""43972733"", ""140848099"", ""65584321"", ""17206468"", ""107202977""]"
none_subset,4,200051522,173661276,64,80,0,0,0,0,0,0,"[""192779268"", ""210148884"", ""202548043"", ""195252307"", ""200033728"", ""119491080"", ""199715478"", ""205489483"", ""144305873"", ""122150463""]"
none_subset,4,137156791,110050766,37,138,0,0,0,0,0,0,"[""188967908"", ""71957357"", ""183122776"", ""53410176"", ""108972219"", ""139778879"", ""42842956"", ""141914395"", ""213026576"", ""125097939""]"
none_subset,4,208951682,134610044,37,1899,0,0,0,0,0,0,"[""14688074"", ""66495486"", ""163474582"", ""202778075"", ""101351593"", ""144351805"", ""66064117"", ""43972733"", ""96028215"", ""178961164""]"
none_subset,4,221947933,177496099,64,19,0,0,0,0,1,1,"[""71813245"", ""162052544"", ""208220087"", ""114420335"", ""195227005"", ""201882684"", ""126398926"", ""213362681"", ""204826807"", ""94673226""]"
none_subset,4,221280470,208171217,46,806,0,0,0,0,0,0,"[""207429949"", ""205100337"", ""171164335"", ""82753953"", ""177368586"", ""172344554"", ""202553191"", ""167076699"", ""109632736"", ""103702743""]"
none_subset,4,195907696,163513925,4,51,0,0,0,0,0,0,"[""190777127"", ""190079873"", ""197090565"", ""146781680"", ""148331489"", ""209124215"", ""182361800"", ""207097865"", ""187600900"", ""200589462""]"
none_subset,4,192387814,157519336,4,442,0,0,0,0,0,0,"[""214896797"", ""209715606"", ""147828982"", ""56795758"", ""163349092"", ""209018186"", ""159659843"", ""139418370"", ""192402919"", ""203515307""]"
none_subset,4,223289169,211247046,38,665,0,0,0,0,0,0,"[""78529743"", ""149533051"", ""141324463"", ""181781147"", ""208393437"", ""188626794"", ""206210657"", ""177867333"", ""195666912"", ""40757273""]"
none_subset,4,209346461,186900944,4,36,0,0,0,0,0,1,"[""76695262"", ""72045166"", ""161499533"", ""202362364"", ""124893597"", ""206285668"", ""194814735"", ""144264277"", ""145583009"", ""152350533""]"
none_subset,4,139981254,120640755,64,312,0,0,0,0,0,0,"[""171357717"", ""87387447"", ""104470943"", ""210055173"", ""152209904"", ""153717696"", ""94996847"", ""147451743"", ""197129998"", ""64566466""]"
none_subset,4,182806205,151978785,4,28,0,0,0,0,1,1,"[""183255480"", ""191690738"", ""173008557"", ""86385298"", ""209124215"", ""176566249"", ""212392746"", ""195744792"", ""213696130"", ""191225749""]"
none_subset,4,217278792,201460481,64,47,0,0,0,0,0,1,"[""192779268"", ""183765574"", ""195252307"", ""196368507"", ""206705882"", ""174719538"", ""66459509"", ""95501095"", ""198087057"", ""14286061""]"
none_subset,4,186655930,154156370,43,194,0,0,0,0,0,0,"[""121279267"", ""195408710"", ""126702260"", ""120597166"", ""183525953"", ""97240353"", ""98357729"", ""204449585"", ""100333045"", ""98569973""]"
none_subset,4,162912896,129248142,46,310,0,0,0,0,0,0,"[""155017018"", ""127947793"", ""184612826"", ""59097004"", ""139649558"", ""206729201"", ""154894208"", ""160110731"", ""193874948"", ""193559506""]"
none_subset,4,213352279,153459843,46,139,0,0,0,0,0,0,"[""74767597"", ""139649558"", ""205315794"", ""165953966"", ""192342929"", ""155017018"", ""210128394"", ""196783083"", ""156554598"", ""113999669""]"
none_subset,4,203207980,178106114,37,154,0,0,0,0,0,0,"[""117685268"", ""177427251"", ""205430382"", ""200451540"", ""180243968"", ""180243965"", ""202781695"", ""179242738"", ""145639775"", ""211987844""]"
none_subset,4,161852871,89221384,64,141,0,0,0,0,0,0,"[""203544848"", ""91130206"", ""57808446"", ""164025251"", ""171442385"", ""157265906"", ""114607994"", ""186850320"", ""190543618"", ""43476772""]"
none_subset,4,176716107,148055243,46,185,0,0,0,0,0,0,"[""189549167"", ""209744189"", ""174837469"", ""213559285"", ""180976440"", ""206220197"", ""184646371"", ""183049052"", ""103246590"", ""214750241""]"
none_subset,4,217259739,199287233,37,36,0,0,0,0,0,1,"[""187324915"", ""197955172"", ""183094359"", ""173966675"", ""187543270"", ""192456013"", ""191911000"", ""121097766"", ""133351365"", ""194408004""]"
none_subset,4,56814961,24867932,62,683,0,0,0,0,0,0,"[""136225463"", ""58086605"", ""167750528"", ""57769851"", ""180324136"", ""135157671"", ""153551332"", ""74279773"", ""156885677"", ""181641667""]"
none_subset,4,199732465,168726781,46,96,0,0,0,0,0,0,"[""180188915"", ""211818527"", ""207544514"", ""205463159"", ""202822668"", ""208712486"", ""211141745"", ""173069545"", ""209174718"", ""213293208""]"
none_subset,4,123506354,100296077,37,953,0,0,0,0,0,0,"[""79730026"", ""127873279"", ""199866100"", ""65584321"", ""156094427"", ""43972733"", ""131943838"", ""160430913"", ""81340320"", ""76963567""]"
none_subset,4,211049728,174478709,46,217,0,0,0,0,0,0,"[""204065707"", ""210738657"", ""144865911"", ""197088021"", ""64629457"", ""203644944"", ""213247950"", ""179633525"", ""213054921"", ""204845369""]"
none_subset,4,217215152,201018364,62,266,0,0,0,0,0,0,"[""161652558"", ""74290204"", ""144002826"", ""114374574"", ""65335111"", ""64365803"", ""179248067"", ""144501764"", ""136965396"", ""193006708""]"
none_subset,4,215896966,198159546,37,277,0,0,0,0,0,0,"[""209000043"", ""203730564"", ""183519446"", ""164058126"", ""183697536"", ""190569345"", ""206298544"", ""212934023"", ""213416559"", ""193995538""]"
none_subset,4,224816259,166840834,64,646,0,0,0,0,0,0,"[""183047062"", ""153490486"", ""144073843"", ""102663483"", ""154119154"", ""5694674"", ""60260391"", ""133087212"", ""60521239"", ""209711556""]"
none_subset,4,168758608,141126912,62,106,0,0,0,0,0,0,"[""134377605"", ""146789147"", ""150940601"", ""28665915"", ""13867381"", ""108294691"", ""212737935"", ""203336355"", ""146533271"", ""88475705""]"
none_subset,4,224917919,214056529,37,1066,0,0,0,0,0,0,"[""141163031"", ""207110453"", ""212864198"", ""165980002"", ""199315941"", ""134528240"", ""212752270"", ""213851108"", ""208864789"", ""195586695""]"
none_subset,4,69007206,70183038,62,845,0,0,0,0,0,0,"[""25260455"", ""194491562"", ""167961448"", ""70037834"", ""32645477"", ""1975349"", ""14027620"", ""81077749"", ""119625316"", ""211638809""]"
none_subset,4,20104654,13940893,46,2,0,1,1,1,1,1,"[""78390422"", ""13940893"", ""162330233"", ""84576505"", ""214806915"", ""82040536"", ""132534712"", ""212781522"", ""201311355"", ""172374310""]"
none_subset,4,206830390,182794391,4,25,0,0,0,0,1,1,"[""190594964"", ""160129846"", ""189901460"", ""153928357"", ""160260159"", ""73825216"", ""192331154"", ""192424356"", ""156860646"", ""153111279""]"
none_subset,4,209598704,185409558,62,12,0,0,0,0,1,1,"[""200747175"", ""194491562"", ""211737562"", ""201710630"", ""94930933"", ""198734216"", ""129116887"", ""112414551"", ""211861394"", ""141693897""]"
none_subset,4,129248924,113340443,37,716,0,0,0,0,0,0,"[""110465452"", ""148800689"", ""136371572"", ""157140706"", ""140488555"", ""150887352"", ""124537731"", ""182681465"", ""206126959"", ""150438835""]"
none_subset,4,224103839,213731514,46,16,0,0,0,0,1,1,"[""153459843"", ""207544514"", ""167383627"", ""170255404"", ""204100293"", ""206299484"", ""208712486"", ""70629074"", ""195152908"", ""214729100""]"
none_subset,4,107731383,36293036,62,32,0,0,0,0,0,1,"[""193455135"", ""183577698"", ""113994482"", ""112339725"", ""210566449"", ""134618566"", ""22547515"", ""113904136"", ""68675469"", ""70189978""]"
none_subset,4,128516859,113125737,43,851,0,0,0,0,0,0,"[""90293525"", ""193876176"", ""143996100"", ""73568079"", ""173492161"", ""125402576"", ""154390259"", ""184136574"", ""162034746"", ""99218293""]"
none_subset,4,65457383,67086891,38,49,0,0,0,0,0,1,"[""180386955"", ""193949384"", ""69350726"", ""47432873"", ""149343290"", ""114646293"", ""159333154"", ""145998937"", ""211427284"", ""128022775""]"
none_subset,4,222687545,209791442,64,18,0,0,0,0,1,1,"[""122395189"", ""73923102"", ""143686140"", ""111626622"", ""194651505"", ""145311547"", ""173526297"", ""133192411"", ""12227910"", ""193536959""]"
none_subset,4,215426148,174366632,46,193,0,0,0,0,0,0,"[""142789905"", ""154821670"", ""151511658"", ""102024389"", ""150142821"", ""194301324"", ""170352052"", ""213724398"", ""124310282"", ""140412713""]"
none_subset,4,195198725,157734464,43,70,0,0,0,0,0,0,"[""113309612"", ""134678718"", ""213210833"", ""75083855"", ""144482097"", ""190077562"", ""141417624"", ""194500859"", ""130496317"", ""86466727""]"
none_subset,4,221797141,209764015,46,12,0,0,0,0,1,1,"[""210734819"", ""206477450"", ""208805779"", ""211047288"", ""203644119"", ""213291067"", ""198221243"", ""204484014"", ""180299995"", ""207127154""]"
none_subset,4,164421576,110656577,62,412,0,0,0,0,0,0,"[""122862208"", ""183577698"", ""110663965"", ""123217124"", ""87886557"", ""57144448"", ""173904346"", ""58202036"", ""181082260"", ""79802279""]"
none_subset,4,214610820,194634429,43,9,0,0,0,1,1,1,"[""190779684"", ""151954619"", ""173279591"", ""120673072"", ""177472789"", ""161725098"", ""144399603"", ""90011446"", ""194634429"", ""209862942""]"
none_subset,4,202695254,164665349,46,26,0,0,0,0,1,1,"[""165704043"", ""169636588"", ""213226745"", ""213237291"", ""210837002"", ""152531642"", ""82615761"", ""98678440"", ""203343668"", ""204975400""]"
none_subset,4,181784321,139778879,37,2884,0,0,0,0,0,0,"[""122241592"", ""148230413"", ""210549110"", ""142640479"", ""192312279"", ""160929058"", ""163655065"", ""103432765"", ""85363083"", ""161194648""]"
none_subset,4,214768210,195814903,4,175,0,0,0,0,0,0,"[""145646315"", ""195744792"", ""96998136"", ""173008557"", ""208901976"", ""126042350"", ""145094055"", ""172884595"", ""201065368"", ""194588224""]"
none_subset,4,189115160,160966785,43,52,0,0,0,0,0,0,"[""197613208"", ""208096405"", ""195408710"", ""102424723"", ""209546973"", ""148264493"", ""138585496"", ""202343187"", ""137780242"", ""164251704""]"
none_subset,4,207497813,183755478,4,12,0,0,0,0,1,1,"[""205600080"", ""203466268"", ""182581077"", ""183509496"", ""188468393"", ""195510728"", ""202571906"", ""182904703"", ""146781680"", ""215237393""]"
none_subset,4,221733830,199758501,4,97,0,0,0,0,0,0,"[""203341087"", ""133033147"", ""115146729"", ""126762069"", ""173526924"", ""202002064"", ""164526532"", ""75798197"", ""112972489"", ""140664088""]"
none_subset,4,216275972,179585446,4,91,0,0,0,0,0,0,"[""169715410"", ""193807530"", ""16813724"", ""73118528"", ""157092256"", ""149665952"", ""161086623"", ""206016133"", ""185596367"", ""186370381""]"
none_subset,4,224927820,179577326,46,573,0,0,0,0,0,0,"[""102024389"", ""57427713"", ""154821670"", ""142789905"", ""130514762"", ""190358880"", ""116259633"", ""153967122"", ""191070592"", ""172785490""]"
none_subset,4,216448407,95187471,64,8,0,0,0,1,1,1,"[""156281163"", ""94645332"", ""187914316"", ""156784913"", ""152209914"", ""128603026"", ""151064154"", ""95187471"", ""135996572"", ""203217424""]"
none_subset,4,211139345,190121568,4,305,0,0,0,0,0,0,"[""183828133"", ""153991203"", ""189645323"", ""136474102"", ""171447530"", ""138966111"", ""202362364"", ""190495475"", ""200963858"", ""182183775""]"
none_subset,4,118300572,106278665,62,187,0,0,0,0,0,0,"[""65307631"", ""73563944"", ""48197595"", ""146789147"", ""154506894"", ""32263557"", ""51213351"", ""57547838"", ""84991316"", ""6204449""]"
none_subset,4,220403410,204662722,37,6,0,0,0,1,1,1,"[""189716253"", ""198513727"", ""212542886"", ""77985083"", ""164535707"", ""204662722"", ""197633924"", ""166388322"", ""195379499"", ""141493643""]"
none_subset,4,161875428,127609272,46,109,0,0,0,0,0,0,"[""102458654"", ""71898634"", ""215475381"", ""53654857"", ""123341476"", ""50445939"", ""158115780"", ""131545810"", ""210836993"", ""73921798""]"
none_subset,4,207671145,184022783,4,45,0,0,0,0,0,1,"[""205600080"", ""179037077"", ""195830492"", ""183552560"", ""198221149"", ""153410659"", ""215305148"", ""185360306"", ""187257731"", ""138230066""]"
none_subset,4,81609711,83075724,43,171,0,0,0,0,0,0,"[""57750732"", ""201690715"", ""74505132"", ""175827163"", ""183029564"", ""176475069"", ""73260900"", ""204884209"", ""113199180"", ""101519990""]"
none_subset,4,212432648,154897370,64,190,0,0,0,0,0,0,"[""93630964"", ""203921886"", ""126992314"", ""161581546"", ""64566466"", ""106247745"", ""200004707"", ""151821517"", ""153356810"", ""147948598""]"
none_subset,4,128168688,112134542,4,6,0,0,0,1,1,1,"[""111047550"", ""199796983"", ""145729078"", ""149759042"", ""142657666"", ""112134542"", ""177029114"", ""144857372"", ""162073973"", ""119348277""]"
none_subset,4,211110878,189462815,38,1274,0,0,0,0,0,0,"[""148600150"", ""111489526"", ""192315877"", ""62510663"", ""161002473"", ""142993391"", ""100946794"", ""175023670"", ""118426597"", ""192570569""]"
none_subset,4,180123229,145112155,37,10,0,0,0,1,1,1,"[""209172335"", ""193680819"", ""173966675"", ""187324915"", ""184297463"", ""191544375"", ""204077513"", ""201561139"", ""206587185"", ""145112155""]"
none_subset,4,220812780,179760906,46,10,0,0,0,1,1,1,"[""78516486"", ""206419210"", ""79086260"", ""211403494"", ""190912236"", ""44366670"", ""178445507"", ""173741660"", ""138384198"", ""179760906""]"
none_subset,4,210886906,160003240,62,1753,0,0,0,0,0,0,"[""190955120"", ""199605491"", ""186169702"", ""125457528"", ""132102628"", ""203208937"", ""173383036"", ""173213439"", ""212334345"", ""122377328""]"
none_subset,4,213124666,162936044,43,114,0,0,0,0,0,0,"[""163664846"", ""196562630"", ""91110398"", ""59420171"", ""78565510"", ""68154365"", ""154544914"", ""56316481"", ""60265144"", ""12753564""]"
none_subset,4,224135440,190789178,64,72,0,0,0,0,0,0,"[""203544848"", ""153594881"", ""192891016"", ""211228726"", ""132803751"", ""132119758"", ""128826000"", ""142119938"", ""192237530"", ""136116320""]"
none_subset,4,210408988,162425061,57,202,0,0,0,0,0,0,"[""211835809"", ""114134647"", ""207173802"", ""118212639"", ""207784265"", ""120012973"", ""57914854"", ""200675765"", ""113601078"", ""115422067""]"
none_subset,4,210701847,189202972,37,430,0,0,0,0,0,0,"[""121097766"", ""191911000"", ""164351701"", ""194408004"", ""207110453"", ""197955172"", ""101004970"", ""200733855"", ""196890344"", ""192617496""]"
none_subset,4,217226096,198430312,46,36,0,0,0,0,0,1,"[""28192965"", ""170987455"", ""204377263"", ""116100429"", ""213316438"", ""204919891"", ""209947619"", ""205297053"", ""213395330"", ""167299752""]"
none_subset,4,158212683,172065222,43,34,0,0,0,0,0,1,"[""186403472"", ""147117418"", ""78516965"", ""210534170"", ""193482080"", ""141417624"", ""205605896"", ""183295863"", ""207753535"", ""122820009""]"
none_subset,4,137703589,120122284,43,4,0,0,1,1,1,1,"[""83550407"", ""90198681"", ""186549940"", ""120122284"", ""211890870"", ""164476094"", ""205576818"", ""16668651"", ""145996061"", ""64515020""]"
none_subset,4,117119445,102488247,57,300,0,0,0,0,0,0,"[""85942447"", ""99443492"", ""58773802"", ""175340511"", ""152197992"", ""157953377"", ""48586287"", ""86194826"", ""206552998"", ""149427907""]"
none_subset,4,175628347,146565542,46,1072,0,0,0,0,0,0,"[""116820479"", ""110570748"", ""110334840"", ""178445507"", ""131820392"", ""70517064"", ""126190470"", ""200814907"", ""176936176"", ""126396079""]"
none_subset,4,149922319,115277724,38,1564,0,0,0,0,0,0,"[""197527964"", ""102166943"", ""168317669"", ""73148680"", ""100946794"", ""154762222"", ""41475358"", ""186173164"", ""116676602"", ""202873538""]"
none_subset,4,215644814,193644515,38,1854,0,0,0,0,0,0,"[""152236293"", ""116918686"", ""193744229"", ""202202801"", ""155422545"", ""78137458"", ""112758547"", ""151931969"", ""134912948"", ""94834577""]"
none_subset,4,221837061,194862890,46,66,0,0,0,0,0,0,"[""179610678"", ""93317617"", ""84576505"", ""179533802"", ""162330233"", ""202121759"", ""205007406"", ""157105476"", ""72266723"", ""184407267""]"
none_subset,4,209706435,187423310,37,105,0,0,0,0,0,0,"[""207544886"", ""191911000"", ""173966675"", ""187543270"", ""191538851"", ""194408004"", ""190070434"", ""213318077"", ""199340755"", ""197955172""]"
none_subset,4,218343341,203417954,43,414,0,0,0,0,0,0,"[""134678718"", ""76510127"", ""190562355"", ""145996061"", ""207753535"", ""181666985"", ""183295863"", ""190077562"", ""104021362"", ""199920218""]"
none_subset,4,170276055,143253664,4,1805,0,0,0,0,0,0,"[""188882555"", ""200589462"", ""192582014"", ""200855615"", ""209208627"", ""189844318"", ""119765502"", ""202888371"", ""203339357"", ""128197551""]"
none_subset,4,211959947,191630851,4,219,0,0,0,0,0,0,"[""193413498"", ""192331154"", ""191214295"", ""166004506"", ""195513078"", ""204482650"", ""196558620"", ""207177061"", ""209268749"", ""194508039""]"
none_subset,4,224484261,214298768,4,485,0,0,0,0,0,0,"[""210573149"", ""180843726"", ""210643102"", ""210109068"", ""213127345"", ""65093674"", ""167623478"", ""215198902"", ""191033158"", ""163340296""]"
none_subset,4,223747116,203589761,38,2309,0,0,0,0,0,0,"[""44557915"", ""171248361"", ""213984936"", ""107235965"", ""176455982"", ""123502593"", ""202234864"", ""200683049"", ""213040734"", ""5564013""]"
none_subset,4,194640606,155955578,62,535,0,0,0,0,0,0,"[""45161831"", ""66824965"", ""74220777"", ""122185080"", ""2463151"", ""48459419"", ""68090031"", ""129878189"", ""141261014"", ""24433447""]"
