run_tag,seed,set_id,target_item_id,target_item_fg,rank,hit@1,hit@3,hit@5,hit@10,hit@30,hit@50,top10_ids
none_subset,4,171638917,143094107,46,233,0,0,0,0,0,0,"[""118566996"", ""195201064"", ""207379889"", ""78134637"", ""172035206"", ""118565908"", ""134902485"", ""212690484"", ""134911669"", ""174613608""]"
none_subset,4,208805759,172213324,37,219,0,0,0,0,0,0,"[""146527115"", ""213471023"", ""84182599"", ""137062195"", ""174857211"", ""194670256"", ""157806065"", ""164221751"", ""141241455"", ""163474582""]"
none_subset,4,17682761,16847694,4,112,0,0,0,0,0,0,"[""123881493"", ""12396291"", ""76515539"", ""159922963"", ""149599673"", ""176039610"", ""86878993"", ""122594682"", ""190621677"", ""117660981""]"
none_subset,4,206425236,182182628,62,363,0,0,0,0,0,0,"[""74279773"", ""205736250"", ""194289010"", ""156503039"", ""115226483"", ""206434730"", ""162672578"", ""160036757"", ""187005682"", ""186756267""]"
none_subset,4,96522071,63831737,62,652,0,0,0,0,0,0,"[""145797588"", ""109870390"", ""124265654"", ""193705208"", ""203208937"", ""210301365"", ""15942056"", ""62110369"", ""127266946"", ""150458051""]"
none_subset,4,223685706,211215649,62,34,0,0,0,0,0,1,"[""172105200"", ""138087303"", ""207430576"", ""200006687"", ""203289300"", ""190440971"", ""203908924"", ""204130130"", ""197510996"", ""180567034""]"
none_subset,4,147517821,95204606,43,299,0,0,0,0,0,0,"[""164097777"", ""98581026"", ""183525953"", ""141162020"", ""126702260"", ""204449585"", ""13118738"", ""147179804"", ""180465465"", ""153840249""]"
none_subset,4,224898695,211310787,43,20,0,0,0,0,1,1,"[""140993217"", ""185311632"", ""182050443"", ""108684069"", ""198489911"", ""145672403"", ""114163759"", ""194184168"", ""201409854"", ""166301530""]"
none_subset,4,179865492,149982827,43,201,0,0,0,0,0,0,"[""164097777"", ""121279267"", ""183525953"", ""195408710"", ""125638272"", ""127254122"", ""67909736"", ""119675310"", ""98581026"", ""68154365""]"
none_subset,4,194623623,167483448,43,226,0,0,0,0,0,0,"[""194880726"", ""164268294"", ""190480160"", ""145546533"", ""190843616"", ""197429046"", ""204268653"", ""108684069"", ""169542784"", ""202632673""]"
none_subset,4,64901197,21114364,37,8,0,0,0,1,1,1,"[""29496516"", ""105224939"", ""14688074"", ""119227333"", ""94966858"", ""45171964"", ""95030361"", ""21114364"", ""88534873"", ""187819119""]"
none_subset,4,48390120,53902698,57,513,0,0,0,0,0,0,"[""152197992"", ""122408162"", ""121902729"", ""99443492"", ""161319979"", ""206552998"", ""86194826"", ""190145892"", ""125339147"", ""138202869""]"
none_subset,4,185836801,158101824,46,40,0,0,0,0,0,1,"[""208099409"", ""45375287"", ""201507987"", ""121587868"", ""206921287"", ""58408382"", ""153467283"", ""158115780"", ""72730720"", ""79804197""]"
none_subset,4,187310061,145798245,38,1362,0,0,0,0,0,0,"[""66287825"", ""147452669"", ""20918033"", ""209590588"", ""125066164"", ""45579165"", ""10199751"", ""180386955"", ""100854450"", ""159835737""]"
none_subset,4,104313212,96852581,38,1011,0,0,0,0,0,0,"[""208225541"", ""156629865"", ""77371641"", ""16689432"", ""136439949"", ""187612197"", ""85421632"", ""153191207"", ""185939341"", ""78137458""]"
none_subset,4,187766683,138627636,38,480,0,0,0,0,0,0,"[""73148680"", ""136444097"", ""64397678"", ""128168264"", ""73613191"", ""173253112"", ""111176154"", ""207911331"", ""100946794"", ""104404349""]"
none_subset,4,121522189,108702236,37,194,0,0,0,0,0,0,"[""198753304"", ""194302416"", ""168359992"", ""154316487"", ""186443492"", ""146962916"", ""117265279"", ""177489890"", ""200567894"", ""89714653""]"
none_subset,4,204087433,151140876,64,158,0,0,0,0,0,0,"[""141045171"", ""181352764"", ""183047062"", ""82453175"", ""152603802"", ""202708847"", ""28993485"", ""60521239"", ""190240397"", ""156400594""]"
none_subset,4,224082376,211118858,46,15,0,0,0,0,1,1,"[""133461188"", ""100881714"", ""181020941"", ""142436010"", ""108934756"", ""141583383"", ""144431749"", ""210829117"", ""205395255"", ""212730825""]"
none_subset,4,222150050,212009781,46,735,0,0,0,0,0,0,"[""212905783"", ""144865911"", ""168124994"", ""208062801"", ""208458622"", ""208805779"", ""167644413"", ""213805109"", ""172827091"", ""211131554""]"
none_subset,4,190301469,142721484,64,1426,0,0,0,0,0,0,"[""60124479"", ""152312239"", ""67144823"", ""206003254"", ""93476336"", ""103416735"", ""204125965"", ""211475437"", ""179015555"", ""119651772""]"
none_subset,4,176118406,126107165,4,52,0,0,0,0,0,0,"[""176720818"", ""114282417"", ""189945818"", ""200691824"", ""189844318"", ""169964492"", ""201481091"", ""197475541"", ""185275943"", ""209397578""]"
none_subset,4,195103529,156583528,37,311,0,0,0,0,0,0,"[""78200756"", ""126574209"", ""105274553"", ""14688074"", ""96256428"", ""95030361"", ""163474582"", ""164141851"", ""80433944"", ""96028215""]"
none_subset,4,125632866,106707342,46,726,0,0,0,0,0,0,"[""147047749"", ""190224714"", ""182136657"", ""146029150"", ""176647062"", ""145084375"", ""171227152"", ""194951479"", ""103250951"", ""171227160""]"
none_subset,4,205169662,176761183,46,72,0,0,0,0,0,0,"[""212208758"", ""142436010"", ""133461188"", ""209924661"", ""142626177"", ""141682649"", ""107277769"", ""76370473"", ""77257734"", ""181020941""]"
none_subset,4,216362905,199422479,4,19,0,0,0,0,1,1,"[""207726716"", ""167623478"", ""191033158"", ""206636227"", ""149665952"", ""189899644"", ""192952375"", ""202705628"", ""167852505"", ""209754995""]"
none_subset,4,218660454,201505284,37,36,0,0,0,0,0,1,"[""141241455"", ""137062195"", ""213471023"", ""182489418"", ""188918346"", ""185266696"", ""209543868"", ""134046020"", ""192163385"", ""146527115""]"
none_subset,4,212773280,66287825,38,102,0,0,0,0,0,0,"[""200830087"", ""123821164"", ""148428740"", ""140048877"", ""136373067"", ""140979774"", ""179244626"", ""180023471"", ""18107447"", ""156263699""]"
none_subset,4,206924747,120111663,37,56,0,0,0,0,0,0,"[""186646910"", ""141382831"", ""145100939"", ""16898206"", ""183268600"", ""192554825"", ""129112777"", ""96678439"", ""121116115"", ""212263607""]"
none_subset,4,225321183,165942764,38,84,0,0,0,0,0,0,"[""159326492"", ""154434048"", ""203712106"", ""180533985"", ""90207738"", ""169186989"", ""167722391"", ""158221656"", ""160449838"", ""166298317""]"
none_subset,4,168804719,143552622,38,338,0,0,0,0,0,0,"[""155797305"", ""191737393"", ""213422465"", ""174192462"", ""207870282"", ""167345837"", ""202371962"", ""173474790"", ""36621623"", ""124508627""]"
none_subset,4,220290280,103551862,38,268,0,0,0,0,0,0,"[""52441610"", ""162918532"", ""107235965"", ""198468875"", ""102778559"", ""204218454"", ""58199619"", ""207390535"", ""206303400"", ""154880168""]"
none_subset,4,223264855,210449055,46,17,0,0,0,0,1,1,"[""141231449"", ""174504603"", ""163797849"", ""195201064"", ""125568463"", ""213021213"", ""170458031"", ""150742725"", ""150950478"", ""208021339""]"
none_subset,4,162360608,125993794,46,295,0,0,0,0,0,0,"[""105169863"", ""98678440"", ""60048301"", ""195577148"", ""138953275"", ""164665349"", ""172684450"", ""109281699"", ""104767223"", ""209050134""]"
none_subset,4,216831984,189625872,43,465,0,0,0,0,0,0,"[""180428174"", ""202626349"", ""76057400"", ""198087076"", ""184875265"", ""195224828"", ""202632009"", ""195756368"", ""182399428"", ""185851616""]"
none_subset,4,204045918,177005001,64,580,0,0,0,0,0,0,"[""172848022"", ""195426035"", ""208979760"", ""213362681"", ""168247151"", ""207826820"", ""195227005"", ""58475692"", ""209956836"", ""94673226""]"
none_subset,4,217726865,201428570,37,703,0,0,0,0,0,0,"[""203829614"", ""186646910"", ""174850296"", ""142113211"", ""134610044"", ""142508806"", ""183268600"", ""128177539"", ""193679263"", ""195831532""]"
none_subset,4,87463593,85383706,62,548,0,0,0,0,0,0,"[""69121381"", ""186790061"", ""108780050"", ""10132068"", ""123687816"", ""57745589"", ""148871348"", ""152364935"", ""86917820"", ""89381373""]"
none_subset,4,214117863,192935597,37,2310,0,0,0,0,0,0,"[""190113798"", ""170350787"", ""182254392"", ""183978577"", ""147751334"", ""126554078"", ""158117230"", ""117257931"", ""174852305"", ""121116115""]"
none_subset,4,224936983,213071251,4,2203,0,0,0,0,0,0,"[""144373105"", ""184087480"", ""164940716"", ""139852579"", ""172890535"", ""16847694"", ""190621677"", ""184849383"", ""141488485"", ""9766161""]"
none_subset,4,93603097,60362710,43,56,0,0,0,0,0,0,"[""164285938"", ""160058303"", ""179054743"", ""197247575"", ""210570556"", ""177067604"", ""214118453"", ""77936758"", ""89809066"", ""77390218""]"
none_subset,4,187597152,159511688,43,817,0,0,0,0,0,0,"[""192085655"", ""192942930"", ""108194109"", ""128075960"", ""205682935"", ""145672403"", ""143679029"", ""208009091"", ""159118897"", ""153567645""]"
none_subset,4,190851843,159310869,62,344,0,0,0,0,0,0,"[""32728587"", ""113547578"", ""142923518"", ""128579095"", ""67139578"", ""203394975"", ""195935444"", ""181195424"", ""180324136"", ""156885677""]"
none_subset,4,196105523,142410249,46,28,0,0,0,0,1,1,"[""192338677"", ""207664468"", ""212809187"", ""204632637"", ""127609272"", ""145094112"", ""171974189"", ""203171500"", ""152527976"", ""215006086""]"
none_subset,4,136725851,119103678,64,1569,0,0,0,0,0,0,"[""76186918"", ""200043378"", ""127488797"", ""77671900"", ""156077786"", ""136401281"", ""201566530"", ""145449820"", ""92304326"", ""168818090""]"
none_subset,4,112847004,76325050,62,5,0,0,1,1,1,1,"[""56951341"", ""122507339"", ""183670981"", ""61834333"", ""76325050"", ""122004752"", ""141274480"", ""60093528"", ""127465305"", ""179890595""]"
none_subset,4,223800617,204625446,57,2377,0,0,0,0,0,0,"[""154111784"", ""203703634"", ""171536144"", ""175258156"", ""209223615"", ""181234241"", ""86556462"", ""206515366"", ""186104278"", ""142405798""]"
none_subset,4,207634709,173641656,4,242,0,0,0,0,0,0,"[""116474962"", ""70897180"", ""207566657"", ""196185031"", ""214498383"", ""105063903"", ""165105661"", ""49427839"", ""109208452"", ""56998165""]"
none_subset,4,143194372,105903674,62,596,0,0,0,0,0,0,"[""25260455"", ""190708058"", ""106048307"", ""192396971"", ""200582902"", ""52919918"", ""79175068"", ""112414551"", ""61854824"", ""186385277""]"
none_subset,4,223653635,137387134,38,510,0,0,0,0,0,0,"[""146217898"", ""209258995"", ""127539785"", ""130075591"", ""150241983"", ""23348079"", ""113999751"", ""138353042"", ""183401482"", ""172110259""]"
none_subset,4,200657214,172403921,64,256,0,0,0,0,0,0,"[""215220099"", ""116423938"", ""204824313"", ""127512781"", ""213477902"", ""157000160"", ""204738388"", ""196219732"", ""179668314"", ""92189436""]"
none_subset,4,216779292,190972176,37,201,0,0,0,0,0,0,"[""209172941"", ""100843460"", ""187423310"", ""182193027"", ""191538851"", ""213637743"", ""131961169"", ""149483145"", ""124776037"", ""116240817""]"
none_subset,4,182035821,128546016,46,547,0,0,0,0,0,0,"[""169602941"", ""205395255"", ""209924661"", ""141583383"", ""121587868"", ""203313787"", ""87748960"", ""142436010"", ""125545946"", ""77257734""]"
none_subset,4,194866551,212675214,4,261,0,0,0,0,0,0,"[""131037236"", ""180263848"", ""207566657"", ""195503105"", ""36482821"", ""203515307"", ""186229725"", ""196120491"", ""69840720"", ""163708754""]"
none_subset,4,225322419,170619898,46,41,0,0,0,0,0,1,"[""162507293"", ""150754478"", ""172082320"", ""203677273"", ""212429674"", ""163043438"", ""132671791"", ""163309329"", ""186533601"", ""172199585""]"
none_subset,4,201591559,165125789,37,650,0,0,0,0,0,0,"[""208265418"", ""119926476"", ""160098809"", ""174822665"", ""139391729"", ""209207018"", ""193030442"", ""203823576"", ""134150182"", ""99231086""]"
none_subset,4,141072966,123492526,43,146,0,0,0,0,0,0,"[""141726609"", ""77959463"", ""76024222"", ""83075724"", ""202388962"", ""104255136"", ""100344935"", ""177238440"", ""70081273"", ""178678331""]"
none_subset,4,224977889,179987053,64,421,0,0,0,0,0,0,"[""136053941"", ""173622745"", ""195841911"", ""163529947"", ""173115999"", ""212429237"", ""184189116"", ""177500405"", ""209149616"", ""177968315""]"
none_subset,4,156172606,127505414,46,46,0,0,0,0,0,1,"[""118565908"", ""85083810"", ""210288248"", ""138718760"", ""78015202"", ""150742725"", ""175049394"", ""195201064"", ""151511658"", ""137046920""]"
none_subset,4,215424098,197090565,4,10,0,0,0,1,1,1,"[""196161368"", ""195510728"", ""180843726"", ""205144961"", ""195543776"", ""213127345"", ""133070539"", ""187535990"", ""163340296"", ""197090565""]"
none_subset,4,216241505,178492296,64,1761,0,0,0,0,0,0,"[""151937589"", ""132092603"", ""190101231"", ""153271284"", ""202658571"", ""69227080"", ""191104169"", ""108526378"", ""135170809"", ""76747946""]"
none_subset,4,219075657,210332530,64,729,0,0,0,0,0,0,"[""56995363"", ""60032340"", ""194941994"", ""115621700"", ""97650176"", ""160493101"", ""123687478"", ""130509385"", ""116394697"", ""25588585""]"
none_subset,4,170744268,140986770,37,437,0,0,0,0,0,0,"[""183023489"", ""168553107"", ""143766198"", ""101318206"", ""155606960"", ""160098809"", ""88157034"", ""158649481"", ""21423746"", ""127087324""]"
none_subset,4,185559036,145311547,64,30,0,0,0,0,1,1,"[""72224328"", ""32972748"", ""179411117"", ""99717427"", ""92309560"", ""141237466"", ""165315994"", ""168179093"", ""131413365"", ""106247745""]"
none_subset,4,191927841,164310767,4,1598,0,0,0,0,0,0,"[""200589143"", ""198809896"", ""139342323"", ""77968334"", ""154928608"", ""65093674"", ""142381741"", ""186220965"", ""93467050"", ""194142299""]"
none_subset,4,186439481,147379276,37,2042,0,0,0,0,0,0,"[""76841920"", ""17206468"", ""196428679"", ""88534873"", ""145502443"", ""58893791"", ""195375302"", ""141475747"", ""190113798"", ""110465452""]"
none_subset,4,195896697,168959530,4,274,0,0,0,0,0,0,"[""196849929"", ""144373105"", ""195751544"", ""199921056"", ""173055109"", ""213815291"", ""156633369"", ""149909385"", ""125616982"", ""188021776""]"
none_subset,4,180511197,143567150,57,239,0,0,0,0,0,0,"[""132769262"", ""172961532"", ""72917901"", ""199513063"", ""206568246"", ""211844405"", ""194197270"", ""193665572"", ""170745002"", ""49145437""]"
none_subset,4,216339481,124479122,38,167,0,0,0,0,0,0,"[""133973101"", ""171180851"", ""206039176"", ""201835961"", ""169004224"", ""100749834"", ""192509185"", ""203987602"", ""157035510"", ""205465606""]"
none_subset,4,212459275,190214362,37,25,0,0,0,0,1,1,"[""176300467"", ""165582044"", ""174690214"", ""190646486"", ""159816408"", ""147947722"", ""140703400"", ""132867062"", ""183010273"", ""164430683""]"
none_subset,4,178893444,124226339,38,43,0,0,0,0,0,1,"[""158733811"", ""203767651"", ""211203480"", ""82057494"", ""125546461"", ""173658043"", ""108386607"", ""192554802"", ""177744065"", ""130431142""]"
none_subset,4,216028097,148857953,4,239,0,0,0,0,0,0,"[""182361800"", ""176566249"", ""151681239"", ""183255480"", ""183725729"", ""42368928"", ""206799452"", ""151009561"", ""191690738"", ""148331489""]"
none_subset,4,217965214,194692490,64,518,0,0,0,0,0,0,"[""65959521"", ""209791442"", ""76676235"", ""95477523"", ""150385215"", ""95501095"", ""210451384"", ""101574803"", ""182461347"", ""198087057""]"
none_subset,4,194611756,157987350,37,176,0,0,0,0,0,0,"[""186828726"", ""192617496"", ""173640245"", ""213318077"", ""107367982"", ""183693328"", ""105969122"", ""199918988"", ""187502080"", ""195908286""]"
none_subset,4,216668373,177013550,57,762,0,0,0,0,0,0,"[""207373637"", ""193981972"", ""202655316"", ""198176008"", ""132207298"", ""200193952"", ""209465166"", ""212600538"", ""210561739"", ""210498921""]"
none_subset,4,208341500,177536477,64,89,0,0,0,0,0,0,"[""103189720"", ""198417754"", ""144339648"", ""188912158"", ""193134463"", ""150470372"", ""143760958"", ""98571285"", ""110653495"", ""165757550""]"
none_subset,4,210276311,165627910,43,92,0,0,0,0,0,0,"[""168783197"", ""193746203"", ""171112521"", ""192942930"", ""194880726"", ""188954949"", ""170651164"", ""197514276"", ""108684069"", ""208309750""]"
none_subset,4,194447304,167133568,4,12,0,0,0,0,1,1,"[""146144877"", ""210519490"", ""206285668"", ""90951087"", ""161499533"", ""152350533"", ""122965096"", ""201735437"", ""202119489"", ""204210360""]"
none_subset,4,151770127,132184275,4,1089,0,0,0,0,0,0,"[""165051058"", ""209043508"", ""185596367"", ""129525709"", ""149665952"", ""104121894"", ""210109068"", ""205530255"", ""165785804"", ""167623478""]"
none_subset,4,195984013,114925208,4,382,0,0,0,0,0,0,"[""154444351"", ""213835807"", ""112763158"", ""154039318"", ""61363561"", ""140664088"", ""87832508"", ""100007550"", ""150204940"", ""195467690""]"
none_subset,4,203521288,178501633,4,51,0,0,0,0,0,0,"[""211170774"", ""169976903"", ""165467719"", ""195475614"", ""191516714"", ""195618186"", ""204310309"", ""129430743"", ""195502447"", ""206012998""]"
none_subset,4,190187950,156774428,37,155,0,0,0,0,0,0,"[""194193597"", ""126406153"", ""119064031"", ""77985083"", ""99194481"", ""204662722"", ""186793142"", ""204006241"", ""208321072"", ""208307303""]"
none_subset,4,222464020,210880528,46,48,0,0,0,0,0,1,"[""208458622"", ""204919891"", ""208805779"", ""204899704"", ""214251597"", ""211911671"", ""141013834"", ""212013801"", ""180426325"", ""212261718""]"
none_subset,4,132565555,113657337,4,1698,0,0,0,0,0,0,"[""174891772"", ""143548483"", ""117771611"", ""123613267"", ""129568541"", ""138966111"", ""76695262"", ""132723593"", ""155621693"", ""136474102""]"
none_subset,4,207099433,169647353,38,46,0,0,0,0,0,1,"[""192884067"", ""52533378"", ""165942764"", ""60707501"", ""111272203"", ""115258171"", ""214115231"", ""176559079"", ""188228397"", ""188520870""]"
none_subset,4,118032060,106413750,57,194,0,0,0,0,0,0,"[""205338620"", ""183982826"", ""211940844"", ""182256012"", ""205399595"", ""85332654"", ""170873799"", ""149224940"", ""205338582"", ""173685075""]"
none_subset,4,140028642,122514493,38,93,0,0,0,0,0,0,"[""126393314"", ""105651656"", ""99912896"", ""100503292"", ""203967736"", ""124479122"", ""182664472"", ""211021392"", ""181340196"", ""138465874""]"
none_subset,4,211747663,189684704,43,289,0,0,0,0,0,0,"[""190049158"", ""162142216"", ""140754805"", ""197891724"", ""81376188"", ""102607958"", ""158317587"", ""207851646"", ""195791947"", ""161356517""]"
none_subset,4,208853510,2440794,4,718,0,0,0,0,0,0,"[""27693819"", ""182361800"", ""169697872"", ""197294044"", ""151681239"", ""190079873"", ""190777127"", ""152685161"", ""200589462"", ""50883863""]"
none_subset,4,119939603,77390218,43,52,0,0,0,0,0,0,"[""101732318"", ""204045985"", ""126861866"", ""166272408"", ""209145709"", ""192268643"", ""189791365"", ""16113826"", ""8324549"", ""66742812""]"
none_subset,4,224144877,212214175,64,2395,0,0,0,0,0,0,"[""68685146"", ""138322181"", ""207446541"", ""146848980"", ""188128198"", ""107055611"", ""123687478"", ""196347311"", ""19607163"", ""19492405""]"
none_subset,4,220795932,207846338,37,104,0,0,0,0,0,0,"[""209167644"", ""144029506"", ""98327133"", ""173432313"", ""186429778"", ""204920168"", ""125867554"", ""209128550"", ""191241938"", ""17206468""]"
none_subset,4,207732448,184091403,43,14,0,0,0,0,1,1,"[""192741559"", ""201905433"", ""214348389"", ""182399428"", ""188582346"", ""201535486"", ""192825043"", ""202626349"", ""195756368"", ""192226046""]"
none_subset,4,225336822,205907099,62,469,0,0,0,0,0,0,"[""118002181"", ""192716019"", ""73906788"", ""61834333"", ""201461957"", ""190955120"", ""134917876"", ""132110473"", ""203728936"", ""122507339""]"
none_subset,4,167882378,142219785,46,310,0,0,0,0,0,0,"[""39277627"", ""194136520"", ""102458654"", ""158778091"", ""215475381"", ""142410249"", ""134160126"", ""65246565"", ""194138608"", ""121587868""]"
none_subset,4,29106775,27258379,64,545,0,0,0,0,0,0,"[""119643934"", ""160400188"", ""92189436"", ""160008395"", ""193298062"", ""138115654"", ""5095964"", ""157803989"", ""123750767"", ""115580201""]"
none_subset,4,168893665,139920243,4,1330,0,0,0,0,0,0,"[""176039610"", ""23408401"", ""86878993"", ""48788833"", ""76515539"", ""129435163"", ""188802396"", ""149472153"", ""107717290"", ""159922963""]"
none_subset,4,214253510,188912158,64,836,0,0,0,0,0,0,"[""211669271"", ""192779268"", ""200026497"", ""144366134"", ""187944465"", ""155213340"", ""60869518"", ""192179303"", ""195252307"", ""186122058""]"
none_subset,4,193591886,160455987,43,33,0,0,0,0,0,1,"[""132315079"", ""210321299"", ""171798974"", ""162605137"", ""108662474"", ""201202736"", ""136188138"", ""137771001"", ""154390259"", ""176776603""]"
none_subset,4,118161724,100748302,37,26,0,0,0,0,1,1,"[""191097659"", ""204790995"", ""141505308"", ""157139216"", ""207913496"", ""169494298"", ""107504819"", ""184272506"", ""204882158"", ""55814406""]"
none_subset,4,215011895,196161702,43,185,0,0,0,0,0,0,"[""201671217"", ""185851616"", ""184091403"", ""209666551"", ""188577365"", ""201905433"", ""192493949"", ""192529072"", ""206283952"", ""188582305""]"
none_subset,4,225316332,176647062,46,570,0,0,0,0,0,0,"[""151511658"", ""143366526"", ""12880586"", ""78516486"", ""78570599"", ""142789905"", ""70517064"", ""205635929"", ""10034854"", ""150142821""]"
none_subset,4,154511030,133334651,43,2,0,1,1,1,1,1,"[""182746332"", ""133334651"", ""204361588"", ""201910129"", ""158387518"", ""192452304"", ""169778182"", ""202628040"", ""162465061"", ""156158359""]"
none_subset,4,186598628,151356635,4,55,0,0,0,0,0,0,"[""202362364"", ""72045166"", ""119644839"", ""144264277"", ""119898461"", ""116057633"", ""181715447"", ""148281605"", ""99699218"", ""158607543""]"
none_subset,4,209211793,182918494,64,95,0,0,0,0,0,0,"[""188599489"", ""80281524"", ""202708847"", ""159020740"", ""62604823"", ""103416735"", ""148740236"", ""12228373"", ""53527257"", ""208493068""]"
none_subset,4,166776423,142659992,64,136,0,0,0,0,0,0,"[""146681358"", ""105928549"", ""185230388"", ""187276264"", ""208214699"", ""207152337"", ""27162317"", ""164183551"", ""166141828"", ""136116320""]"
none_subset,4,224931544,214491007,4,124,0,0,0,0,0,0,"[""173008557"", ""147828982"", ""163349092"", ""102233014"", ""209715606"", ""213461075"", ""171818167"", ""161281171"", ""80097875"", ""150456310""]"
none_subset,4,206806312,182744806,4,112,0,0,0,0,0,0,"[""207819636"", ""213568542"", ""212682868"", ""212129395"", ""167623478"", ""213276860"", ""212086988"", ""196161368"", ""181079699"", ""198087841""]"
none_subset,4,24220610,22753311,4,189,0,0,0,0,0,0,"[""45403148"", ""73118528"", ""25537887"", ""174141513"", ""180266107"", ""146976388"", ""136053108"", ""207935824"", ""156401201"", ""164756819""]"
none_subset,4,133160779,112758500,57,274,0,0,0,0,0,0,"[""153835333"", ""102740841"", ""161339845"", ""188014203"", ""165530822"", ""143146395"", ""207615117"", ""107044402"", ""116870503"", ""100944857""]"
none_subset,4,193221797,165852923,43,150,0,0,0,0,0,0,"[""190069327"", ""166786389"", ""142550589"", ""70531248"", ""192578315"", ""145698725"", ""180180313"", ""157995027"", ""191072085"", ""57750732""]"
none_subset,4,177455706,144724265,57,125,0,0,0,0,0,0,"[""194409455"", ""148338437"", ""203393348"", ""160209667"", ""128122761"", ""211785457"", ""144992451"", ""143608153"", ""152197992"", ""151775492""]"
none_subset,4,224446136,212848933,46,322,0,0,0,0,0,0,"[""168220730"", ""53826389"", ""167076699"", ""207429949"", ""211774611"", ""136715816"", ""109632736"", ""175731097"", ""163538004"", ""170987455""]"
none_subset,4,135791676,115841291,4,419,0,0,0,0,0,0,"[""152542463"", ""117471262"", ""143929940"", ""188948651"", ""105607313"", ""158175855"", ""179909533"", ""24739010"", ""126810749"", ""185429569""]"
none_subset,4,123883757,101956556,43,14,0,0,0,0,1,1,"[""196069283"", ""192774637"", ""142700536"", ""146413132"", ""35117971"", ""196562630"", ""202367676"", ""171888747"", ""76296759"", ""162630675""]"
none_subset,4,150059292,95211839,38,354,0,0,0,0,0,0,"[""171755799"", ""113999751"", ""186767110"", ""156424467"", ""163758025"", ""192587307"", ""192721742"", ""191371664"", ""186976770"", ""179234058""]"
none_subset,4,222911786,194208208,64,292,0,0,0,0,0,0,"[""131561726"", ""101586852"", ""173526297"", ""209791442"", ""148133803"", ""194651505"", ""101574803"", ""170912580"", ""182762792"", ""91922866""]"
none_subset,4,169390186,141820768,46,1253,0,0,0,0,0,0,"[""203669932"", ""214729100"", ""110540035"", ""28192965"", ""70629074"", ""208866550"", ""204078839"", ""131029590"", ""207032128"", ""213912195""]"
none_subset,4,106211796,98301531,43,31,0,0,0,0,0,1,"[""145708285"", ""100215754"", ""162605137"", ""98800023"", ""120122284"", ""158387518"", ""50463859"", ""16668651"", ""160598030"", ""184481904""]"
none_subset,4,207822121,168368413,37,597,0,0,0,0,0,0,"[""184899990"", ""161194648"", ""143766198"", ""169799464"", ""126447640"", ""39048064"", ""176116685"", ""121642534"", ""192947279"", ""174037381""]"
none_subset,4,173952741,137448907,64,24,0,0,0,0,1,1,"[""44092132"", ""203403083"", ""183225423"", ""151821517"", ""128085943"", ""212760622"", ""93630964"", ""160842974"", ""154919593"", ""106247745""]"
none_subset,4,132397105,115405939,38,134,0,0,0,0,0,0,"[""170054565"", ""204637998"", ""176682595"", ""117957932"", ""112389064"", ""145017930"", ""139134458"", ""350786"", ""135777951"", ""114260093""]"
none_subset,4,187845660,157944770,38,1355,0,0,0,0,0,0,"[""127539785"", ""113999751"", ""110664117"", ""140048877"", ""150241983"", ""214394715"", ""191338884"", ""189593063"", ""130075591"", ""140138816""]"
none_subset,4,73239570,76736407,43,113,0,0,0,0,0,0,"[""4674477"", ""89731710"", ""179115971"", ""188032543"", ""74830022"", ""6516822"", ""78271168"", ""75824520"", ""74845533"", ""98581026""]"
none_subset,4,112714474,47487946,4,440,0,0,0,0,0,0,"[""78628063"", ""112475075"", ""142456567"", ""193934711"", ""88781085"", ""194290947"", ""36482821"", ""207566657"", ""161593927"", ""205405501""]"
none_subset,4,41177759,35986236,62,160,0,0,0,0,0,0,"[""154192089"", ""205954355"", ""116849391"", ""49602036"", ""91104276"", ""114525243"", ""193245188"", ""106934942"", ""158436111"", ""185077544""]"
none_subset,4,215955530,196599979,38,1678,0,0,0,0,0,0,"[""193857246"", ""186533660"", ""156904280"", ""195156235"", ""215127574"", ""136204876"", ""174632713"", ""56711957"", ""11921513"", ""196742641""]"
none_subset,4,161642740,31677187,57,293,0,0,0,0,0,0,"[""135189717"", ""145912634"", ""135805652"", ""57499091"", ""92019154"", ""83357296"", ""102975387"", ""208750964"", ""122789892"", ""142637706""]"
none_subset,4,181662774,136435762,64,71,0,0,0,0,0,0,"[""16060214"", ""152368817"", ""128607088"", ""187708913"", ""147984435"", ""19607163"", ""201421429"", ""103189720"", ""179015555"", ""124198714""]"
none_subset,4,194698210,161492615,62,848,0,0,0,0,0,0,"[""184405626"", ""27329790"", ""155955578"", ""190061187"", ""74242439"", ""143932676"", ""149610279"", ""69034121"", ""75068139"", ""117977369""]"
none_subset,4,224551342,210587193,37,513,0,0,0,0,0,0,"[""61710118"", ""146869816"", ""202101807"", ""149216805"", ""153376485"", ""214037923"", ""204074550"", ""126794514"", ""194957772"", ""138625062""]"
none_subset,4,219551975,123336352,4,94,0,0,0,0,0,0,"[""172884595"", ""173008557"", ""171159402"", ""179145991"", ""215305148"", ""201065368"", ""58216709"", ""145646315"", ""195744792"", ""193026353""]"
none_subset,4,171938037,142067377,57,52,0,0,0,0,0,0,"[""207541431"", ""55753543"", ""201562377"", ""193318201"", ""127515333"", ""99472835"", ""171686923"", ""24251920"", ""191662985"", ""166225948""]"
none_subset,4,176837709,144751910,43,374,0,0,0,0,0,0,"[""146898856"", ""139853041"", ""122715243"", ""63103158"", ""38569436"", ""125529016"", ""191363897"", ""167164193"", ""214850326"", ""97625037""]"
none_subset,4,214259253,193951937,4,18,0,0,0,0,1,1,"[""98076075"", ""209607188"", ""211901995"", ""212013306"", ""164194074"", ""210309601"", ""22859510"", ""194450967"", ""203618170"", ""213292202""]"
none_subset,4,211203351,190161584,4,319,0,0,0,0,0,0,"[""185880119"", ""191209763"", ""191147915"", ""180843726"", ""191316160"", ""177825434"", ""177056777"", ""190574356"", ""163340296"", ""202705628""]"
none_subset,4,222583311,208856053,46,14,0,0,0,0,1,1,"[""210836917"", ""203677273"", ""173832017"", ""208306039"", ""209744189"", ""177432966"", ""213513527"", ""172604491"", ""174100562"", ""187591614""]"
none_subset,4,216702719,94195633,43,393,0,0,0,0,0,0,"[""202367676"", ""196397416"", ""139778348"", ""106212567"", ""133220748"", ""148294908"", ""155249274"", ""166329703"", ""196554944"", ""120869286""]"
none_subset,4,80321582,75263094,4,118,0,0,0,0,0,0,"[""194022496"", ""161159839"", ""76519929"", ""19861371"", ""137001312"", ""146249483"", ""144498775"", ""77968334"", ""173965616"", ""140966958""]"
none_subset,4,219184191,154897282,64,23,0,0,0,0,1,1,"[""128607088"", ""146444401"", ""16060214"", ""173605646"", ""19607163"", ""194767716"", ""154897158"", ""194400653"", ""152368817"", ""123687478""]"
none_subset,4,183176780,110198506,64,56,0,0,0,0,0,0,"[""96431966"", ""211987351"", ""83604987"", ""60124479"", ""8326062"", ""166141828"", ""210873715"", ""48108527"", ""22233025"", ""147223868""]"
none_subset,4,171056375,144654385,57,1294,0,0,0,0,0,0,"[""12178696"", ""176683923"", ""165519514"", ""15346485"", ""211933610"", ""183693697"", ""146504682"", ""207323988"", ""164929949"", ""214483684""]"
none_subset,4,211145215,65008311,64,660,0,0,0,0,0,0,"[""152189504"", ""131569653"", ""202713543"", ""167354299"", ""109320323"", ""99174684"", ""67164744"", ""200859322"", ""111705025"", ""183642716""]"
none_subset,4,143335274,124948775,64,814,0,0,0,0,0,0,"[""172848022"", ""186850320"", ""60124479"", ""63861102"", ""155183786"", ""188599489"", ""35312252"", ""210873715"", ""140676990"", ""58475692""]"
none_subset,4,210317700,167242346,43,101,0,0,0,0,0,0,"[""147117418"", ""141417624"", ""204891079"", ""210534170"", ""186403472"", ""198166094"", ""151416547"", ""193482080"", ""113309612"", ""136615619""]"
none_subset,4,125302687,110172598,46,26,0,0,0,0,1,1,"[""173668368"", ""160547557"", ""104127006"", ""208805613"", ""179855914"", ""172433080"", ""204029234"", ""133461188"", ""109663807"", ""213381319""]"
none_subset,4,197712540,167148116,62,980,0,0,0,0,0,0,"[""129445274"", ""201053460"", ""76665110"", ""204830740"", ""214511493"", ""134377605"", ""193241960"", ""167750528"", ""156885677"", ""74279773""]"
none_subset,4,181405760,150670825,57,72,0,0,0,0,0,0,"[""122751221"", ""195347666"", ""57499088"", ""115422067"", ""82247874"", ""171896766"", ""46337629"", ""17825658"", ""113601078"", ""14350598""]"
none_subset,4,195131888,162230699,37,499,0,0,0,0,0,0,"[""202778075"", ""213026576"", ""21114364"", ""163474582"", ""16408764"", ""187043151"", ""186986472"", ""71957357"", ""14688074"", ""188967908""]"
none_subset,4,222357683,210741382,64,121,0,0,0,0,0,0,"[""196286726"", ""212267410"", ""200027492"", ""60869518"", ""211669271"", ""200505701"", ""199310873"", ""183765574"", ""198999126"", ""199186089""]"
none_subset,4,225334106,194687988,64,9,0,0,0,1,1,1,"[""160006498"", ""204286460"", ""188442124"", ""155116255"", ""84069250"", ""215021282"", ""152209904"", ""62581454"", ""194687988"", ""178918657""]"
none_subset,4,217966035,188236265,43,306,0,0,0,0,0,0,"[""202626349"", ""182399428"", ""212129667"", ""195224828"", ""201535486"", ""210037205"", ""184875265"", ""168115086"", ""203348372"", ""198054092""]"
none_subset,4,183894489,155062344,4,40,0,0,0,0,0,1,"[""196849929"", ""156103241"", ""194142299"", ""149247164"", ""125616982"", ""187600900"", ""190789377"", ""178139392"", ""143929940"", ""193729388""]"
none_subset,4,205157486,178025991,38,716,0,0,0,0,0,0,"[""193054363"", ""139198047"", ""99912896"", ""158102628"", ""203967736"", ""169995762"", ""122514493"", ""207600315"", ""126267299"", ""123821164""]"
none_subset,4,218060720,202888371,4,10,0,0,0,1,1,1,"[""105240256"", ""195539587"", ""200855615"", ""104293117"", ""212215373"", ""126204466"", ""189844318"", ""206172053"", ""203339357"", ""202888371""]"
none_subset,4,224066335,209924661,46,6,0,0,0,1,1,1,"[""142436010"", ""212208758"", ""76370473"", ""81754384"", ""213234426"", ""209924661"", ""61233280"", ""207308677"", ""210829117"", ""107277769""]"
none_subset,4,216604034,200072530,4,489,0,0,0,0,0,0,"[""190594964"", ""189901460"", ""193843184"", ""160129846"", ""153928357"", ""190495475"", ""183828133"", ""203048719"", ""196167891"", ""210958855""]"
none_subset,4,218016737,159848607,38,632,0,0,0,0,0,0,"[""198984787"", ""98186259"", ""139117589"", ""203692617"", ""111431777"", ""58573176"", ""48122067"", ""132680001"", ""121483840"", ""89552272""]"
none_subset,4,177566239,141237052,57,1104,0,0,0,0,0,0,"[""152200569"", ""205233758"", ""183693697"", ""178369063"", ""153321595"", ""203550692"", ""173797071"", ""173789393"", ""210399533"", ""90835181""]"
none_subset,4,191371158,163870082,38,1618,0,0,0,0,0,0,"[""110457316"", ""106812535"", ""91690080"", ""205428792"", ""169064521"", ""139423553"", ""190550107"", ""190179906"", ""214890741"", ""88908742""]"
none_subset,4,216909918,188573311,57,1053,0,0,0,0,0,0,"[""151450966"", ""121588049"", ""134702798"", ""181594395"", ""107527615"", ""171526962"", ""205668901"", ""178508676"", ""153321595"", ""77451340""]"
none_subset,4,125376573,111118568,46,5,0,0,1,1,1,1,"[""160547557"", ""77995654"", ""174623464"", ""179855914"", ""111118568"", ""170393915"", ""180749212"", ""104127006"", ""109663807"", ""174666977""]"
none_subset,4,211984624,191257698,43,1131,0,0,0,0,0,0,"[""163505137"", ""204664629"", ""204163472"", ""183407909"", ""203338637"", ""211550266"", ""163838965"", ""154237024"", ""155951189"", ""48040967""]"
none_subset,4,221392704,184422473,64,40,0,0,0,0,0,1,"[""160686884"", ""116423938"", ""108386270"", ""122175441"", ""204824313"", ""204738388"", ""215220099"", ""178492296"", ""145779083"", ""164339637""]"
none_subset,4,136745457,33852949,43,42,0,0,0,0,0,1,"[""210940174"", ""143989763"", ""129483238"", ""110840430"", ""193313194"", ""37520314"", ""89360655"", ""104265595"", ""196291255"", ""106625864""]"
none_subset,4,220737012,181958298,64,913,0,0,0,0,0,0,"[""179015555"", ""157803989"", ""138115654"", ""181619566"", ""126785773"", ""168899904"", ""91451711"", ""103416735"", ""152368057"", ""60032340""]"
none_subset,4,221849722,209933189,64,246,0,0,0,0,0,0,"[""171898096"", ""211171973"", ""56833135"", ""156400594"", ""112345894"", ""179440048"", ""142659992"", ""134305173"", ""203051964"", ""112056185""]"
none_subset,4,217724128,188901420,43,1241,0,0,0,0,0,0,"[""185851616"", ""201671217"", ""198087076"", ""168115086"", ""209286657"", ""184091403"", ""207732639"", ""143795279"", ""209666551"", ""194288073""]"
none_subset,4,165441643,140335234,43,12,0,0,0,0,1,1,"[""98301531"", ""84074518"", ""148487136"", ""171798974"", ""208645724"", ""88376416"", ""79844098"", ""158387518"", ""130556843"", ""194880726""]"
none_subset,4,225238925,207720671,4,795,0,0,0,0,0,0,"[""206636227"", ""180843726"", ""177825434"", ""190503853"", ""191316160"", ""213127345"", ""68390034"", ""182581077"", ""200030726"", ""210484477""]"
none_subset,4,180492830,139771827,64,1742,0,0,0,0,0,0,"[""124274061"", ""137043393"", ""214114704"", ""153356810"", ""167158322"", ""124273952"", ""76676235"", ""120966979"", ""16466362"", ""167980707""]"
none_subset,4,204939461,176953234,43,489,0,0,0,0,0,0,"[""148554371"", ""143916804"", ""153591399"", ""171888747"", ""146413132"", ""137029434"", ""117626711"", ""78565510"", ""139780746"", ""163664846""]"
none_subset,4,182802597,152102790,37,673,0,0,0,0,0,0,"[""96028215"", ""92247640"", ""213471023"", ""163474582"", ""14688074"", ""139290462"", ""96256428"", ""69814974"", ""164141851"", ""139391729""]"
none_subset,4,211080371,190061959,57,284,0,0,0,0,0,0,"[""202358315"", ""207134458"", ""126756828"", ""128942017"", ""210440269"", ""163116154"", ""115438401"", ""100527593"", ""97375211"", ""175877174""]"
none_subset,4,219228373,193632638,4,406,0,0,0,0,0,0,"[""73118528"", ""206007161"", ""169715410"", ""206016133"", ""214212078"", ""145020770"", ""208324043"", ""190228386"", ""141658555"", ""200198172""]"
none_subset,4,215904390,197656203,37,1098,0,0,0,0,0,0,"[""130025536"", ""136895908"", ""140749191"", ""144899760"", ""104959023"", ""145686023"", ""113068731"", ""177169600"", ""126405590"", ""102282269""]"
none_subset,4,60853867,58109729,64,222,0,0,0,0,0,0,"[""103416735"", ""116380815"", ""155576109"", ""78822097"", ""148497898"", ""174183108"", ""151526168"", ""93476336"", ""119651772"", ""206003254""]"
none_subset,4,216258569,199310873,64,72,0,0,0,0,0,0,"[""192779268"", ""195252307"", ""174719538"", ""198087057"", ""210148884"", ""148743441"", ""208747261"", ""119491080"", ""200033728"", ""211889722""]"
none_subset,4,208697129,156534875,57,1435,0,0,0,0,0,0,"[""202655316"", ""207262363"", ""202650435"", ""202223376"", ""194890179"", ""211301569"", ""199909890"", ""166341343"", ""195740627"", ""195400797""]"
none_subset,4,221332807,204074548,37,68,0,0,0,0,0,0,"[""164430683"", ""186270944"", ""208828602"", ""91173744"", ""178452409"", ""209132129"", ""183010273"", ""208671848"", ""179387733"", ""129074582""]"
none_subset,4,158468230,137553795,46,322,0,0,0,0,0,0,"[""170458031"", ""211441313"", ""195996779"", ""194933430"", ""158778091"", ""39277627"", ""195309442"", ""207931525"", ""186724430"", ""172608877""]"
none_subset,4,154712745,120183732,4,1222,0,0,0,0,0,0,"[""213275113"", ""107717290"", ""177531279"", ""176039610"", ""129435163"", ""76515539"", ""190621677"", ""86878993"", ""23408401"", ""161643758""]"
none_subset,4,195774572,147879067,4,871,0,0,0,0,0,0,"[""200198172"", ""191183275"", ""73118528"", ""169715410"", ""190228386"", ""180266107"", ""165619853"", ""123069558"", ""160100876"", ""204124240""]"
none_subset,4,59898931,62581454,64,91,0,0,0,0,0,0,"[""70397289"", ""94863968"", ""168668432"", ""97006048"", ""159354842"", ""194031832"", ""133169923"", ""187914316"", ""68788331"", ""206213762""]"
none_subset,4,155749420,122781311,64,283,0,0,0,0,0,0,"[""202527449"", ""19148525"", ""209149604"", ""191614451"", ""132521925"", ""96320844"", ""181079853"", ""201578875"", ""197684604"", ""75157723""]"
none_subset,4,47011899,40866643,43,47,0,0,0,0,0,1,"[""181265072"", ""153525929"", ""136512962"", ""186702404"", ""189625872"", ""162972233"", ""142502266"", ""156295009"", ""118969385"", ""143942304""]"
none_subset,4,220696295,177473283,38,29,0,0,0,0,1,1,"[""183401482"", ""146217898"", ""66259210"", ""81220432"", ""128168264"", ""113999751"", ""139423553"", ""104506104"", ""186767110"", ""151407481""]"
none_subset,4,194762119,166095870,64,108,0,0,0,0,0,0,"[""188442124"", ""155116255"", ""84069250"", ""153450567"", ""152209904"", ""181352764"", ""204286460"", ""178918657"", ""160006498"", ""129288036""]"
none_subset,4,190084968,175993606,43,655,0,0,0,0,0,0,"[""160542632"", ""186702404"", ""142502266"", ""162142216"", ""158885545"", ""120002560"", ""136512962"", ""181265072"", ""85892413"", ""178546388""]"
none_subset,4,217507926,201534877,43,107,0,0,0,0,0,0,"[""188378226"", ""196286515"", ""197212083"", ""188409353"", ""210797098"", ""161006735"", ""122818220"", ""184713890"", ""189168111"", ""182445092""]"
none_subset,4,187617614,159982314,64,106,0,0,0,0,0,0,"[""191710817"", ""182426229"", ""12224624"", ""157103060"", ""206705882"", ""210148884"", ""210298620"", ""81240114"", ""156904369"", ""200033728""]"
none_subset,4,223179145,190160674,38,55,0,0,0,0,0,0,"[""178462865"", ""16689432"", ""153901522"", ""206506072"", ""130417987"", ""207390508"", ""163280205"", ""137589971"", ""167491323"", ""194853957""]"
none_subset,4,220373799,206798127,64,710,0,0,0,0,0,0,"[""113436023"", ""198087057"", ""200043378"", ""192579868"", ""91922866"", ""119491080"", ""95501095"", ""187503442"", ""154049018"", ""101574803""]"
none_subset,4,223637559,212901239,62,53,0,0,0,0,0,0,"[""204577887"", ""211070786"", ""200033285"", ""211808810"", ""212180917"", ""154758359"", ""215517289"", ""213858912"", ""206664307"", ""191604760""]"
none_subset,4,19986897,10714728,64,124,0,0,0,0,0,0,"[""155183786"", ""140676990"", ""67998486"", ""31683521"", ""60046348"", ""93609678"", ""130295558"", ""176297212"", ""143686140"", ""82453175""]"
none_subset,4,63969546,67127804,38,81,0,0,0,0,0,0,"[""186580987"", ""157091884"", ""69350726"", ""71896485"", ""192992682"", ""96313601"", ""66259210"", ""163758025"", ""89552272"", ""70118230""]"
none_subset,4,221395948,195898137,64,61,0,0,0,0,0,0,"[""155183786"", ""143686140"", ""210444502"", ""159428920"", ""82453175"", ""67792301"", ""75760627"", ""155021743"", ""189988059"", ""58507091""]"
none_subset,4,198661128,155560065,62,391,0,0,0,0,0,0,"[""52577956"", ""129878189"", ""104986019"", ""181082260"", ""186141115"", ""2463151"", ""132774570"", ""176849960"", ""167029837"", ""92980980""]"
none_subset,4,199354315,173166016,46,777,0,0,0,0,0,0,"[""204635544"", ""174623464"", ""170393915"", ""180749212"", ""158778091"", ""210308295"", ""111118568"", ""167076699"", ""135710902"", ""179855914""]"
none_subset,4,204929841,67115226,64,832,0,0,0,0,0,0,"[""95788322"", ""131413365"", ""161581546"", ""126992314"", ""121664928"", ""154412302"", ""130603525"", ""106247745"", ""93630964"", ""203921886""]"
none_subset,4,199541886,172059519,57,390,0,0,0,0,0,0,"[""110306995"", ""168026327"", ""86238073"", ""62696356"", ""87360821"", ""200892019"", ""73841445"", ""204648894"", ""195693404"", ""149204965""]"
none_subset,4,120091890,104119068,38,608,0,0,0,0,0,0,"[""150241983"", ""214394715"", ""127539785"", ""171949747"", ""31197704"", ""8550716"", ""44504337"", ""180023471"", ""179876069"", ""110664117""]"
none_subset,4,219449591,203022989,46,89,0,0,0,0,0,0,"[""74840350"", ""143182122"", ""190224714"", ""127266574"", ""194951479"", ""28587929"", ""182136657"", ""212530716"", ""160147246"", ""103250951""]"
none_subset,4,209514176,119015902,64,187,0,0,0,0,0,0,"[""194941994"", ""201298322"", ""53453982"", ""187887134"", ""129093190"", ""121260031"", ""146444401"", ""108538492"", ""128217933"", ""56995363""]"
none_subset,4,222606760,211170774,4,1,1,1,1,1,1,1,"[""211170774"", ""195596465"", ""192874247"", ""159850846"", ""169976903"", ""184322806"", ""187219867"", ""209268749"", ""195658954"", ""213292202""]"
none_subset,4,214779256,192255903,37,273,0,0,0,0,0,0,"[""201740861"", ""213471023"", ""181408383"", ""45171964"", ""206412545"", ""194094966"", ""178961164"", ""138858879"", ""57914905"", ""96256428""]"
none_subset,4,63429749,67999092,43,147,0,0,0,0,0,0,"[""188690647"", ""44768555"", ""112406996"", ""167879223"", ""61394763"", ""128927470"", ""198559418"", ""99689774"", ""164143533"", ""179115971""]"
none_subset,4,223262607,212118908,62,115,0,0,0,0,0,0,"[""208252625"", ""193006708"", ""179248067"", ""192522899"", ""209151724"", ""211737562"", ""179064472"", ""209163264"", ""211861394"", ""127168363""]"
none_subset,4,223062012,19300541,64,319,0,0,0,0,0,0,"[""210923456"", ""202712497"", ""200016831"", ""168355301"", ""158680148"", ""185413694"", ""124381822"", ""60291031"", ""185454425"", ""200451748""]"
none_subset,4,220432170,207152337,64,906,0,0,0,0,0,0,"[""114975070"", ""32252174"", ""209711556"", ""212355981"", ""95788322"", ""92309560"", ""73923102"", ""181059548"", ""176569937"", ""86073600""]"
none_subset,4,153737395,111074216,43,1519,0,0,0,0,0,0,"[""59161409"", ""212781685"", ""183640029"", ""149017403"", ""140470954"", ""139391726"", ""171798974"", ""160455987"", ""204821849"", ""156881929""]"
none_subset,4,194696163,167520346,37,18,0,0,0,0,1,1,"[""117685268"", ""200869738"", ""213379343"", ""157945105"", ""192323302"", ""187299907"", ""136980007"", ""153421932"", ""182640683"", ""186868435""]"
none_subset,4,200983608,172966334,46,19,0,0,0,0,1,1,"[""211122713"", ""215506263"", ""176936176"", ""146467155"", ""163797849"", ""205545277"", ""171733069"", ""132671791"", ""168075889"", ""176936173""]"
none_subset,4,189277523,155652617,37,852,0,0,0,0,0,0,"[""192142184"", ""92247640"", ""119357902"", ""213471023"", ""195740726"", ""114171070"", ""192163385"", ""117410846"", ""200441050"", ""51138626""]"
none_subset,4,183819308,75267159,38,335,0,0,0,0,0,0,"[""100750564"", ""192510359"", ""169186989"", ""203712106"", ""206990464"", ""203991000"", ""159326492"", ""179000829"", ""156470070"", ""150442928""]"
none_subset,4,210681464,75207324,62,444,0,0,0,0,0,0,"[""199605491"", ""187064730"", ""186169702"", ""127682307"", ""208220353"", ""73570160"", ""95885283"", ""196543115"", ""185168047"", ""172047615""]"
none_subset,4,186491148,158909023,43,519,0,0,0,0,0,0,"[""168783197"", ""171112521"", ""145672403"", ""205682935"", ""188954949"", ""193746203"", ""195055432"", ""108194109"", ""139993623"", ""142593193""]"
none_subset,4,154201548,133490841,38,1542,0,0,0,0,0,0,"[""45579165"", ""74273124"", ""123821164"", ""20918033"", ""179244626"", ""165955684"", ""18107447"", ""66287825"", ""145865678"", ""201541368""]"
none_subset,4,195131076,156352803,62,1410,0,0,0,0,0,0,"[""134618566"", ""144733620"", ""210566449"", ""68675469"", ""209151724"", ""22547515"", ""152708416"", ""131405477"", ""113904136"", ""113994482""]"
none_subset,4,216519335,191134281,43,37,0,0,0,0,0,1,"[""201213450"", ""211582481"", ""210822887"", ""187215484"", ""202216480"", ""139778348"", ""206290556"", ""143611276"", ""199998641"", ""164285938""]"
none_subset,4,41044823,44855147,46,136,0,0,0,0,0,0,"[""181810712"", ""186542267"", ""150142821"", ""164400164"", ""204270051"", ""154821670"", ""145585718"", ""151511658"", ""8742737"", ""183767116""]"
none_subset,4,219470687,194555128,38,591,0,0,0,0,0,0,"[""123821164"", ""55870666"", ""18107447"", ""171588996"", ""145865678"", ""200830087"", ""38003672"", ""148428740"", ""181880655"", ""215150803""]"
none_subset,4,166718305,130215350,37,543,0,0,0,0,0,0,"[""92247640"", ""51749408"", ""96028215"", ""23924949"", ""139391729"", ""192142184"", ""143865659"", ""69814974"", ""80433944"", ""119357902""]"
none_subset,4,204251465,178340158,46,2498,0,0,0,0,0,0,"[""203281173"", ""79988383"", ""105318716"", ""162319258"", ""211267103"", ""212848933"", ""137353337"", ""204316129"", ""210308295"", ""213571883""]"
none_subset,4,81931046,44331632,4,2373,0,0,0,0,0,0,"[""205405501"", ""139342323"", ""207022871"", ""190871924"", ""50750891"", ""114282417"", ""209208627"", ""81303195"", ""153069902"", ""195532670""]"
none_subset,4,131319203,113130959,46,441,0,0,0,0,0,0,"[""12880586"", ""187714756"", ""78696152"", ""169711662"", ""63753442"", ""180613841"", ""167265746"", ""79166546"", ""211380085"", ""159989114""]"
none_subset,4,219931559,163474582,37,143,0,0,0,0,0,0,"[""53389573"", ""139391729"", ""193030442"", ""21114364"", ""169268977"", ""90418462"", ""51981897"", ""84838254"", ""134150182"", ""126574209""]"
none_subset,4,165243285,115621700,64,60,0,0,0,0,0,0,"[""60032340"", ""15748792"", ""207028000"", ""126079819"", ""126298952"", ""125561073"", ""139747313"", ""123687478"", ""138803213"", ""83880802""]"
none_subset,4,178539683,148170791,64,55,0,0,0,0,0,0,"[""183047062"", ""152603802"", ""32842438"", ""141045171"", ""67998486"", ""105144259"", ""48108527"", ""60521239"", ""144073843"", ""28993485""]"
none_subset,4,222658414,207485550,46,53,0,0,0,0,0,0,"[""158946684"", ""64234906"", ""100503293"", ""171694803"", ""62458353"", ""201215254"", ""178111525"", ""203665704"", ""141876515"", ""105148782""]"
none_subset,4,217352658,206437660,38,29,0,0,0,0,1,1,"[""48122067"", ""201994268"", ""111431777"", ""180533985"", ""172870064"", ""170764066"", ""185912167"", ""128745438"", ""181391982"", ""159155121""]"
none_subset,4,103718127,96028215,37,3,0,1,1,1,1,1,"[""92247640"", ""131943838"", ""96028215"", ""10976521"", ""89464961"", ""152508279"", ""139391729"", ""51138626"", ""180546104"", ""117410846""]"
none_subset,4,162456671,138969017,46,304,0,0,0,0,0,0,"[""102458654"", ""215475381"", ""123341476"", ""129879441"", ""133780489"", ""71898634"", ""152114373"", ""197949897"", ""210836993"", ""165073004""]"
none_subset,4,216674479,198492434,43,596,0,0,0,0,0,0,"[""162612749"", ""207792788"", ""188561727"", ""5568612"", ""157289534"", ""127006553"", ""46376130"", ""109929805"", ""148801479"", ""203668670""]"
none_subset,4,139603810,111705025,64,139,0,0,0,0,0,0,"[""130875563"", ""63897092"", ""113587141"", ""109320323"", ""211980241"", ""31017779"", ""154504845"", ""124531646"", ""164719263"", ""191000780""]"
none_subset,4,221098990,208436202,62,48,0,0,0,0,0,1,"[""205216281"", ""133228837"", ""193404726"", ""187833502"", ""201460182"", ""163475721"", ""212180917"", ""128619709"", ""203449670"", ""170246818""]"
none_subset,4,211110760,190110099,38,105,0,0,0,0,0,0,"[""209590588"", ""20918033"", ""203702170"", ""66287825"", ""95643350"", ""166558139"", ""149732635"", ""194797914"", ""125066164"", ""209921939""]"
none_subset,4,180857019,123694454,62,276,0,0,0,0,0,0,"[""125457528"", ""153978341"", ""212334345"", ""72763415"", ""124381580"", ""209579537"", ""148871348"", ""167750533"", ""70069885"", ""127488091""]"
none_subset,4,219859647,195568098,38,309,0,0,0,0,0,0,"[""203692617"", ""139117589"", ""98186259"", ""137715155"", ""194014911"", ""48122067"", ""121483840"", ""58573176"", ""74122089"", ""91197511""]"
none_subset,4,198986504,172642297,4,255,0,0,0,0,0,0,"[""179532049"", ""19226881"", ""213221072"", ""121290364"", ""129527350"", ""188285916"", ""186779159"", ""210957829"", ""205356216"", ""77747581""]"
none_subset,4,30856844,29076426,57,482,0,0,0,0,0,0,"[""66485491"", ""102488247"", ""51949929"", ""139028158"", ""83357296"", ""211835809"", ""191244076"", ""178650612"", ""75778769"", ""23266957""]"
none_subset,4,165345006,112030355,4,760,0,0,0,0,0,0,"[""126589900"", ""140968055"", ""212819052"", ""205498846"", ""213963033"", ""198052564"", ""210709127"", ""212457708"", ""201066059"", ""201056858""]"
none_subset,4,182336608,152542463,4,38,0,0,0,0,0,1,"[""191461282"", ""157040034"", ""154031903"", ""158175855"", ""157367139"", ""178305613"", ""181672704"", ""133755220"", ""151009561"", ""194446742""]"
none_subset,4,186098484,136188138,43,230,0,0,0,0,0,0,"[""156395019"", ""160598030"", ""168943005"", ""192651386"", ""162644598"", ""154676816"", ""100262049"", ""59161409"", ""137771001"", ""176776603""]"
none_subset,4,179980581,151344613,46,152,0,0,0,0,0,0,"[""158806989"", ""141876515"", ""140208813"", ""133674182"", ""64234906"", ""31105163"", ""157471709"", ""176659851"", ""209163866"", ""210962988""]"
none_subset,4,211355631,184293865,37,2303,0,0,0,0,0,0,"[""195296935"", ""190788965"", ""191538851"", ""211802210"", ""191911000"", ""201649016"", ""197955172"", ""209855515"", ""187719393"", ""181408383""]"
none_subset,4,161242216,132026257,37,793,0,0,0,0,0,0,"[""57231571"", ""53074039"", ""116929460"", ""172213324"", ""127670055"", ""179102026"", ""188967908"", ""111516361"", ""208575649"", ""152569501""]"
none_subset,4,190560020,142502266,43,868,0,0,0,0,0,0,"[""155678818"", ""75839769"", ""4674477"", ""141669650"", ""75839915"", ""188032543"", ""102607958"", ""73874487"", ""74830022"", ""83385070""]"
none_subset,4,69113424,60246968,57,424,0,0,0,0,0,0,"[""151450966"", ""175258156"", ""121588049"", ""97187105"", ""119144884"", ""139482893"", ""79860798"", ""129364577"", ""166094087"", ""125460144""]"
none_subset,4,185411772,156513351,37,681,0,0,0,0,0,0,"[""213471023"", ""146527115"", ""141241455"", ""209118001"", ""137062195"", ""209543868"", ""92247640"", ""197580749"", ""174160467"", ""188918346""]"
none_subset,4,202861496,177515764,57,41,0,0,0,0,0,1,"[""210636826"", ""209082310"", ""166582282"", ""205792958"", ""210148578"", ""209470103"", ""209164848"", ""209393238"", ""166538115"", ""206964179""]"
none_subset,4,176803150,143477720,57,198,0,0,0,0,0,0,"[""159881542"", ""183993242"", ""135635917"", ""100527593"", ""79824332"", ""53594227"", ""136519761"", ""110518281"", ""158659146"", ""77758551""]"
none_subset,4,150385859,123931108,37,410,0,0,0,0,0,0,"[""166280219"", ""138291906"", ""188083340"", ""214708320"", ""126929630"", ""140336042"", ""183923787"", ""188679659"", ""200025016"", ""98128705""]"
none_subset,4,216868287,192721742,38,663,0,0,0,0,0,0,"[""159155121"", ""150442928"", ""192510359"", ""180533985"", ""168951957"", ""143671272"", ""91197511"", ""199278164"", ""50003709"", ""211454407""]"
none_subset,4,174350883,132691040,64,1177,0,0,0,0,0,0,"[""96431966"", ""12228373"", ""31683521"", ""63861102"", ""183047062"", ""20148877"", ""4145981"", ""80281524"", ""166141828"", ""67998486""]"
none_subset,4,185800330,154928608,4,32,0,0,0,0,0,1,"[""65093674"", ""56134226"", ""137934343"", ""177466971"", ""148382740"", ""77968334"", ""144513042"", ""146961197"", ""44858664"", ""149909385""]"
none_subset,4,223830881,212907091,37,270,0,0,0,0,0,0,"[""212356952"", ""173981806"", ""184297463"", ""118848444"", ""190511714"", ""209172335"", ""33563950"", ""156905299"", ""138622989"", ""202157886""]"
none_subset,4,175129233,148649464,4,367,0,0,0,0,0,0,"[""44858664"", ""22766945"", ""146961197"", ""50883863"", ""188761133"", ""169697872"", ""156469871"", ""195895955"", ""170244713"", ""192757426""]"
none_subset,4,166787151,141175087,4,31,0,0,0,0,0,1,"[""86774130"", ""156633369"", ""157367139"", ""181672704"", ""187098404"", ""137001312"", ""130299986"", ""185905613"", ""94286928"", ""149909385""]"
none_subset,4,178702003,145336514,37,170,0,0,0,0,0,0,"[""150612100"", ""189064377"", ""101318206"", ""91090509"", ""201869799"", ""161632409"", ""197393743"", ""194551250"", ""143161006"", ""143766198""]"
none_subset,4,223621349,211355598,43,2638,0,0,0,0,0,0,"[""162612749"", ""188561727"", ""212952645"", ""114163759"", ""186549940"", ""198489911"", ""127979191"", ""110104374"", ""201647231"", ""182010866""]"
none_subset,4,132618727,115580201,64,250,0,0,0,0,0,0,"[""153266976"", ""209427345"", ""188820923"", ""78822097"", ""197684604"", ""199922992"", ""212170326"", ""190174399"", ""85051125"", ""209149604""]"
none_subset,4,215754265,193134463,64,224,0,0,0,0,0,0,"[""119643934"", ""80098795"", ""153356810"", ""160008395"", ""120966979"", ""148153014"", ""201421429"", ""62313025"", ""86291680"", ""125457410""]"
none_subset,4,215206264,183024716,38,175,0,0,0,0,0,0,"[""189745383"", ""152717874"", ""144249722"", ""161450028"", ""19105395"", ""72073541"", ""174919483"", ""188178632"", ""177493383"", ""168644115""]"
none_subset,4,54901010,62313025,64,312,0,0,0,0,0,0,"[""60032340"", ""208220087"", ""155183786"", ""46094230"", ""79234720"", ""204754543"", ""199244662"", ""107055611"", ""151526168"", ""138322181""]"
none_subset,4,207186479,182569606,64,1154,0,0,0,0,0,0,"[""132119758"", ""92304326"", ""112902032"", ""136401281"", ""146495081"", ""213913118"", ""177500405"", ""156077786"", ""165717472"", ""77671900""]"
none_subset,4,217527501,201852288,43,27,0,0,0,0,1,1,"[""185851616"", ""201671217"", ""198087076"", ""209286657"", ""201905433"", ""184091403"", ""206283952"", ""168115086"", ""207732639"", ""184633847""]"
none_subset,4,95134984,91338793,64,143,0,0,0,0,0,0,"[""48108527"", ""5273113"", ""143686140"", ""189988059"", ""60869518"", ""188221621"", ""198240527"", ""67792301"", ""150507317"", ""107088593""]"
none_subset,4,222248279,132097649,64,504,0,0,0,0,0,0,"[""60032340"", ""103416735"", ""181619566"", ""80281524"", ""40134748"", ""188599489"", ""170931595"", ""179201033"", ""199805267"", ""109321941""]"
none_subset,4,224932111,213377880,37,2012,0,0,0,0,0,0,"[""125546857"", ""195379499"", ""195073454"", ""193667358"", ""204161065"", ""207430484"", ""205430382"", ""130806896"", ""179242738"", ""203900707""]"
none_subset,4,200099867,171331353,57,66,0,0,0,0,0,0,"[""107527615"", ""199479829"", ""209125579"", ""153321595"", ""182610634"", ""201175338"", ""172935950"", ""178369063"", ""128430402"", ""151871480""]"
none_subset,4,28890480,29496516,37,4,0,0,1,1,1,1,"[""21114364"", ""105224939"", ""5322119"", ""29496516"", ""191370500"", ""213026576"", ""95030361"", ""96489539"", ""71957357"", ""8855059""]"
none_subset,4,188485991,129428290,57,1932,0,0,0,0,0,0,"[""183993242"", ""121902729"", ""172961532"", ""170453821"", ""82173388"", ""98039533"", ""121334134"", ""204648894"", ""210849421"", ""165637321""]"
none_subset,4,223990067,213503390,46,96,0,0,0,0,0,0,"[""212730825"", ""208719036"", ""201436985"", ""212261718"", ""168791195"", ""171636556"", ""211336503"", ""203190117"", ""170881830"", ""209156183""]"
none_subset,4,220766414,204899704,46,49,0,0,0,0,0,1,"[""187734223"", ""194798510"", ""179347666"", ""210780225"", ""171636556"", ""176341449"", ""210856802"", ""205043973"", ""213247950"", ""212384469""]"
none_subset,4,105428378,101799122,57,567,0,0,0,0,0,0,"[""121902729"", ""183993242"", ""107527374"", ""110306995"", ""139191535"", ""184690297"", ""78057939"", ""211148392"", ""199897240"", ""201926544""]"
none_subset,4,221415344,206210969,38,159,0,0,0,0,0,0,"[""204880845"", ""99816295"", ""133973101"", ""192509185"", ""206039176"", ""204375245"", ""183684975"", ""193532212"", ""187386200"", ""100749834""]"
none_subset,4,174122963,115645977,43,127,0,0,0,0,0,0,"[""146898856"", ""162142216"", ""102607958"", ""49931795"", ""155678818"", ""98314945"", ""56084025"", ""75839915"", ""90355123"", ""97625037""]"
none_subset,4,180994473,153013889,43,139,0,0,0,0,0,0,"[""151416547"", ""69088872"", ""70425482"", ""136615619"", ""204891079"", ""198166094"", ""147117418"", ""141417624"", ""204265427"", ""158276305""]"
none_subset,4,219023019,201216088,37,169,0,0,0,0,0,0,"[""201460790"", ""146962916"", ""211746985"", ""105969122"", ""186698452"", ""89454786"", ""117265279"", ""115216705"", ""118530061"", ""141087936""]"
none_subset,4,148926185,126213900,38,1039,0,0,0,0,0,0,"[""192992682"", ""113999751"", ""74617293"", ""180386955"", ""142870223"", ""108645662"", ""139423553"", ""151180760"", ""110457316"", ""164429352""]"
none_subset,4,225186543,209306349,64,32,0,0,0,0,0,1,"[""153434885"", ""206133696"", ""20371087"", ""209768449"", ""196928465"", ""139118223"", ""207475739"", ""214502849"", ""67845426"", ""213788530""]"
none_subset,4,194448536,162425061,57,470,0,0,0,0,0,0,"[""177390672"", ""193318201"", ""198779965"", ""207541431"", ""52498980"", ""192325921"", ""122144601"", ""209364645"", ""109553539"", ""201562377""]"
none_subset,4,110404311,101244088,46,241,0,0,0,0,0,0,"[""10034854"", ""208035235"", ""208649860"", ""78004872"", ""102529512"", ""82040536"", ""162330233"", ""127485588"", ""140412713"", ""211870655""]"
none_subset,4,213287532,188810102,62,214,0,0,0,0,0,0,"[""22079020"", ""79994734"", ""213827571"", ""211026268"", ""138113883"", ""207274549"", ""134304136"", ""62985633"", ""171847859"", ""135449945""]"
none_subset,4,209411379,186938336,64,1036,0,0,0,0,0,0,"[""207537844"", ""196368507"", ""192779268"", ""174719538"", ""147671714"", ""192179303"", ""169931960"", ""197268810"", ""143939537"", ""128525879""]"
none_subset,4,213286958,185138279,43,11,0,0,0,0,1,1,"[""153567645"", ""154676816"", ""214379964"", ""45817946"", ""51679199"", ""108317078"", ""168943005"", ""176776603"", ""195866072"", ""106164509""]"
none_subset,4,152709066,131869463,62,32,0,0,0,0,0,1,"[""124884051"", ""173119325"", ""167656283"", ""161194868"", ""169027396"", ""110895997"", ""200271479"", ""151366736"", ""146855578"", ""73411331""]"
none_subset,4,157276690,134021529,46,1018,0,0,0,0,0,0,"[""70517064"", ""80195905"", ""150142821"", ""203329657"", ""151511658"", ""12880586"", ""78570599"", ""108154891"", ""131820392"", ""108786028""]"
none_subset,4,182936009,151046652,57,324,0,0,0,0,0,0,"[""159881542"", ""201562377"", ""24251920"", ""82721637"", ""84085908"", ""139818390"", ""198779965"", ""164678159"", ""195849103"", ""136288842""]"
none_subset,4,146826278,101892709,43,221,0,0,0,0,0,0,"[""180987149"", ""211382244"", ""125047033"", ""147992742"", ""124514494"", ""151082966"", ""120188232"", ""186726793"", ""191175133"", ""188230609""]"
none_subset,4,219724252,198719196,4,1442,0,0,0,0,0,0,"[""157040034"", ""94286928"", ""141085810"", ""115348570"", ""133755220"", ""184320812"", ""140694614"", ""100007550"", ""194377968"", ""144067777""]"
none_subset,4,205945839,96363827,38,339,0,0,0,0,0,0,"[""11921513"", ""161064776"", ""61055606"", ""113456040"", ""8550716"", ""172110259"", ""69350726"", ""169804292"", ""123704552"", ""215127574""]"
none_subset,4,191508297,162694671,37,32,0,0,0,0,0,1,"[""146869816"", ""178052969"", ""204242033"", ""82258130"", ""214037923"", ""61710118"", ""191892681"", ""138625062"", ""169799464"", ""149216805""]"
none_subset,4,174344547,145130578,43,1272,0,0,0,0,0,0,"[""61372398"", ""183029564"", ""73260900"", ""204891079"", ""181955635"", ""178810275"", ""193103331"", ""127047625"", ""144463129"", ""161692106""]"
none_subset,4,179853491,142381741,4,35,0,0,0,0,0,1,"[""100007550"", ""98834359"", ""173259969"", ""94286928"", ""87832508"", ""144683728"", ""113622434"", ""156456714"", ""118938903"", ""179258061""]"
none_subset,4,224307001,214059340,57,16,0,0,0,0,1,1,"[""195530341"", ""210636826"", ""211301569"", ""195531799"", ""213078674"", ""202655316"", ""195530334"", ""180818083"", ""195501205"", ""175665700""]"
none_subset,4,131744929,109194953,4,178,0,0,0,0,0,0,"[""187502252"", ""197294044"", ""206172053"", ""13245417"", ""205365317"", ""180096072"", ""190530648"", ""105544053"", ""122581991"", ""161281171""]"
none_subset,4,194577455,160559989,43,105,0,0,0,0,0,0,"[""79676853"", ""200392561"", ""129262032"", ""212781685"", ""104715442"", ""174924037"", ""193746203"", ""168992911"", ""204821849"", ""145546533""]"
none_subset,4,223281383,211309611,64,276,0,0,0,0,0,0,"[""142659992"", ""183047062"", ""210923456"", ""210649942"", ""110198506"", ""185454425"", ""23640510"", ""55967781"", ""156400594"", ""102928739""]"
none_subset,4,81025493,78954752,4,856,0,0,0,0,0,0,"[""187502252"", ""214893406"", ""125970295"", ""73706611"", ""207243454"", ""208445219"", ""188577796"", ""190530648"", ""13245417"", ""158546701""]"
none_subset,4,209724916,131953748,46,95,0,0,0,0,0,0,"[""139649558"", ""127947793"", ""151344613"", ""146029150"", ""110268464"", ""127547793"", ""184646371"", ""81549989"", ""134848823"", ""59097004""]"
none_subset,4,166799764,141153033,4,955,0,0,0,0,0,0,"[""190067899"", ""143929940"", ""156103241"", ""93696567"", ""143852845"", ""117471262"", ""177849963"", ""181715447"", ""196700864"", ""184009379""]"
none_subset,4,217143516,199067357,4,1882,0,0,0,0,0,0,"[""123481544"", ""142657666"", ""124951123"", ""185967985"", ""195520748"", ""141989738"", ""153069902"", ""186775950"", ""62845465"", ""169388531""]"
none_subset,4,215629653,191815855,4,643,0,0,0,0,0,0,"[""163772112"", ""197455821"", ""191183275"", ""177913898"", ""101990520"", ""187502252"", ""157752611"", ""73118528"", ""48830519"", ""203620126""]"
none_subset,4,221840866,207035411,46,320,0,0,0,0,0,0,"[""198221243"", ""207127154"", ""180299995"", ""204484014"", ""211266955"", ""209764015"", ""54753065"", ""191974228"", ""105318716"", ""213571883""]"
none_subset,4,223496408,204100209,62,2,0,1,1,1,1,1,"[""134905481"", ""204100209"", ""62502393"", ""161194868"", ""170246818"", ""194230029"", ""67295737"", ""212838708"", ""6204449"", ""156885677""]"
none_subset,4,151221306,131867164,57,25,0,0,0,0,1,1,"[""148098437"", ""168418714"", ""213406997"", ""102488247"", ""115258367"", ""195801582"", ""113103076"", ""119746964"", ""74442206"", ""80467448""]"
none_subset,4,223907782,204531248,62,343,0,0,0,0,0,0,"[""51057647"", ""117977369"", ""209556691"", ""181719051"", ""52152330"", ""39096505"", ""178981280"", ""72569113"", ""188361417"", ""118558747""]"
none_subset,4,210576586,188709100,38,1013,0,0,0,0,0,0,"[""206728210"", ""130737214"", ""209590588"", ""169136130"", ""177206358"", ""66287825"", ""182369007"", ""209921939"", ""20918033"", ""203456374""]"
none_subset,4,182446210,153170090,43,1406,0,0,0,0,0,0,"[""192559614"", ""108662474"", ""115857968"", ""201144626"", ""51679199"", ""176776603"", ""85646132"", ""126415167"", ""99861145"", ""157995027""]"
none_subset,4,171268684,141590566,62,501,0,0,0,0,0,0,"[""160586788"", ""169027396"", ""167656283"", ""201461957"", ""186148744"", ""192716019"", ""167732430"", ""122507339"", ""192458679"", ""183670981""]"
none_subset,4,201550239,171788248,57,1106,0,0,0,0,0,0,"[""203157936"", ""210816632"", ""215562071"", ""206322918"", ""200025196"", ""212223973"", ""205695720"", ""209741084"", ""211386571"", ""210193690""]"
none_subset,4,58459746,65096709,62,555,0,0,0,0,0,0,"[""86925187"", ""100144178"", ""143261727"", ""53450905"", ""113542136"", ""80991195"", ""186936582"", ""10132068"", ""79777747"", ""131192536""]"
none_subset,4,191502224,160114101,38,137,0,0,0,0,0,0,"[""204880845"", ""180386955"", ""134905998"", ""66334917"", ""159333154"", ""38003672"", ""139197933"", ""161128754"", ""148079431"", ""192509185""]"
none_subset,4,215786893,196347311,64,217,0,0,0,0,0,0,"[""167094250"", ""191629980"", ""144339648"", ""114420335"", ""212042373"", ""61063233"", ""26395963"", ""103189720"", ""160741998"", ""178690639""]"
none_subset,4,176901511,151937589,64,4,0,0,1,1,1,1,"[""149734769"", ""200250551"", ""69227080"", ""151937589"", ""182224096"", ""127617798"", ""93630964"", ""153271284"", ""205317332"", ""191000780""]"
none_subset,4,220693395,207534566,4,374,0,0,0,0,0,0,"[""194689928"", ""182903930"", ""185181562"", ""193871241"", ""207099785"", ""207099566"", ""210109068"", ""209043508"", ""206281257"", ""195480266""]"
none_subset,4,26646043,20739628,64,274,0,0,0,0,0,0,"[""155183786"", ""46094230"", ""138322181"", ""168668432"", ""121260031"", ""75327381"", ""187725266"", ""140676990"", ""176297212"", ""31683521""]"
none_subset,4,166363190,122642468,64,579,0,0,0,0,0,0,"[""167245652"", ""127617798"", ""93943220"", ""97352989"", ""213272815"", ""108526378"", ""65008714"", ""202658571"", ""151937589"", ""154049018""]"
none_subset,4,180913838,145507220,4,199,0,0,0,0,0,0,"[""159111889"", ""186841122"", ""177402240"", ""182060832"", ""184087480"", ""155790722"", ""153223626"", ""134534067"", ""77682387"", ""199942377""]"
none_subset,4,221849552,184639387,64,258,0,0,0,0,0,0,"[""60032340"", ""170931595"", ""103416735"", ""40134748"", ""181619566"", ""138803213"", ""125561073"", ""179015555"", ""188599489"", ""109321941""]"
none_subset,4,129643095,111866530,57,435,0,0,0,0,0,0,"[""174118568"", ""175953709"", ""110548220"", ""83357296"", ""128122761"", ""93635553"", ""145872351"", ""173807681"", ""115422067"", ""166910126""]"
none_subset,4,123692026,65832173,64,18,0,0,0,0,1,1,"[""65008714"", ""97352989"", ""160009723"", ""152762249"", ""70607335"", ""159988781"", ""193944748"", ""156766484"", ""201542748"", ""74256345""]"
none_subset,4,47095992,70310902,37,84,0,0,0,0,0,0,"[""105224939"", ""53410176"", ""183122776"", ""71957357"", ""145609273"", ""139778879"", ""14688074"", ""188967908"", ""67501636"", ""191370500""]"
none_subset,4,212545186,194446742,4,95,0,0,0,0,0,0,"[""191461282"", ""191214295"", ""195213429"", ""119106930"", ""149247164"", ""117471262"", ""156103241"", ""173055109"", ""153223626"", ""16847694""]"
none_subset,4,20049595,18153773,37,262,0,0,0,0,0,0,"[""53389573"", ""126574209"", ""115215869"", ""29496516"", ""163474582"", ""153562476"", ""105274553"", ""21114364"", ""159931342"", ""14688074""]"
none_subset,4,211951900,191630426,64,208,0,0,0,0,0,0,"[""196286726"", ""200505701"", ""147671714"", ""192779268"", ""206276658"", ""200026497"", ""174719538"", ""192179303"", ""191930990"", ""200027492""]"
none_subset,4,193988041,163314736,43,982,0,0,0,0,0,0,"[""213080586"", ""205502338"", ""186034089"", ""173923821"", ""207549172"", ""75648342"", ""199715257"", ""146978431"", ""157681161"", ""214303326""]"
none_subset,4,189018141,157268947,43,607,0,0,0,0,0,0,"[""195240617"", ""150794676"", ""182217673"", ""155678818"", ""172946257"", ""188613551"", ""63103158"", ""159816013"", ""111684767"", ""72741345""]"
none_subset,4,198536720,168688083,64,1435,0,0,0,0,0,0,"[""89221384"", ""195269265"", ""212528042"", ""85051125"", ""63832007"", ""140673231"", ""161612772"", ""194286674"", ""158685722"", ""189201230""]"
none_subset,4,39420718,42815985,38,2434,0,0,0,0,0,0,"[""197105990"", ""193133447"", ""192587307"", ""171755799"", ""89552272"", ""104506104"", ""113999751"", ""157264118"", ""143049584"", ""160779270""]"
none_subset,4,101593746,88532160,4,5,0,0,1,1,1,1,"[""158175855"", ""144873888"", ""192786300"", ""184476437"", ""88532160"", ""86502666"", ""193021423"", ""169964492"", ""70921117"", ""143852845""]"
none_subset,4,210240448,188473910,57,305,0,0,0,0,0,0,"[""202358315"", ""102488247"", ""130769831"", ""77876788"", ""175877174"", ""187950832"", ""195801582"", ""174340950"", ""210440269"", ""79860798""]"
none_subset,4,59269594,64181476,62,313,0,0,0,0,0,0,"[""208335318"", ""106023112"", ""137201594"", ""74242439"", ""117006578"", ""52439586"", ""106024110"", ""123687816"", ""67833941"", ""162263431""]"
none_subset,4,185808450,157995027,43,498,0,0,0,0,0,0,"[""127047625"", ""165082890"", ""126702260"", ""61372398"", ""59547777"", ""78343862"", ""32986495"", ""144080652"", ""99275271"", ""176670642""]"
none_subset,4,168013738,132434051,46,448,0,0,0,0,0,0,"[""202089453"", ""136576031"", ""83646259"", ""77329979"", ""109811257"", ""127824446"", ""132957109"", ""121389120"", ""28656005"", ""139957011""]"
none_subset,4,217270369,200715240,46,230,0,0,0,0,0,0,"[""79809742"", ""111095231"", ""198454182"", ""201966464"", ""99309357"", ""186542267"", ""132018635"", ""80195905"", ""22408044"", ""183767116""]"
none_subset,4,223547310,203973211,37,88,0,0,0,0,0,0,"[""190113798"", ""174852305"", ""147751334"", ""25189123"", ""141505308"", ""113068731"", ""183005165"", ""170350787"", ""133774120"", ""198930981""]"
none_subset,4,212318389,142667925,43,32,0,0,0,0,0,1,"[""37006900"", ""154544914"", ""161628577"", ""179127750"", ""78565510"", ""64620126"", ""159888018"", ""91110398"", ""130810261"", ""67294136""]"
none_subset,4,177324952,148973040,37,2532,0,0,0,0,0,0,"[""147023317"", ""46870157"", ""65802140"", ""143065524"", ""146533593"", ""173034966"", ""143680520"", ""49608053"", ""173457533"", ""155458733""]"
none_subset,4,211611744,186868435,37,793,0,0,0,0,0,0,"[""195296935"", ""169228866"", ""192387012"", ""142665464"", ""191931364"", ""153099679"", ""191911000"", ""133351365"", ""190788965"", ""179751402""]"
none_subset,4,218795412,202803035,38,48,0,0,0,0,0,1,"[""53899017"", ""145871617"", ""169063398"", ""161495460"", ""109987226"", ""187319038"", ""125139020"", ""117957932"", ""135619578"", ""167300693""]"
none_subset,4,219400531,143663688,38,183,0,0,0,0,0,0,"[""38003672"", ""201541368"", ""183569499"", ""123821164"", ""133136953"", ""18107447"", ""215150803"", ""108421334"", ""52512643"", ""150802146""]"
none_subset,4,217376647,201569008,4,73,0,0,0,0,0,0,"[""105240256"", ""146357422"", ""188781185"", ""203537664"", ""164258790"", ""173611156"", ""205390513"", ""156440021"", ""162282416"", ""208445219""]"
none_subset,4,216088799,144351805,37,353,0,0,0,0,0,0,"[""191232165"", ""191630630"", ""184515969"", ""183578088"", ""80808834"", ""209002652"", ""180932797"", ""209109785"", ""156583528"", ""132869646""]"
none_subset,4,208352440,185108178,43,26,0,0,0,0,1,1,"[""185851616"", ""201905433"", ""198087076"", ""207732639"", ""188582346"", ""143795279"", ""184091403"", ""201671217"", ""182399428"", ""189297376""]"
none_subset,4,211237385,96072901,62,1126,0,0,0,0,0,0,"[""100144178"", ""195229377"", ""127682307"", ""86857938"", ""112339725"", ""183577698"", ""127202560"", ""60969101"", ""191802528"", ""19560737""]"
none_subset,4,165671697,139178056,57,772,0,0,0,0,0,0,"[""210965226"", ""209083980"", ""165530822"", ""205491700"", ""211386571"", ""209726209"", ""205639658"", ""205590701"", ""123063081"", ""204394071""]"
none_subset,4,44295729,44381000,43,1233,0,0,0,0,0,0,"[""109622560"", ""186683968"", ""112544549"", ""151577913"", ""100215754"", ""120594115"", ""99234253"", ""145708285"", ""160407494"", ""147531803""]"
none_subset,4,180514026,151224480,38,70,0,0,0,0,0,0,"[""204880845"", ""206039176"", ""193532212"", ""213591035"", ""170938980"", ""204390915"", ""188544896"", ""49778371"", ""99816295"", ""126776975""]"
none_subset,4,179459421,138975756,4,17,0,0,0,0,1,1,"[""143929940"", ""117471262"", ""143852845"", ""158175855"", ""156103241"", ""190067899"", ""191461282"", ""152542463"", ""24739010"", ""133755220""]"
none_subset,4,69911500,74842038,64,508,0,0,0,0,0,0,"[""69227080"", ""149734769"", ""95788322"", ""135170809"", ""191000780"", ""179835610"", ""165717472"", ""77671900"", ""200250551"", ""93630964""]"
none_subset,4,216283732,194756089,64,1075,0,0,0,0,0,0,"[""212267410"", ""206235020"", ""140240190"", ""193910077"", ""183765574"", ""195752975"", ""190059523"", ""60869518"", ""211669271"", ""197322277""]"
none_subset,4,106124042,96300750,43,281,0,0,0,0,0,0,"[""139778348"", ""190193667"", ""180987149"", ""207931588"", ""109286694"", ""196397416"", ""195944774"", ""145947056"", ""153840249"", ""10352796""]"
none_subset,4,63723636,53962226,4,529,0,0,0,0,0,0,"[""78628063"", ""51294207"", ""174692074"", ""145007084"", ""164526532"", ""86878993"", ""129435163"", ""149599673"", ""23408401"", ""66047393""]"
none_subset,4,217030405,193323154,4,71,0,0,0,0,0,0,"[""191147915"", ""200860968"", ""201454668"", ""184199440"", ""183858161"", ""198615413"", ""194722275"", ""193413498"", ""200030203"", ""145435299""]"
none_subset,4,146272626,121017497,4,2226,0,0,0,0,0,0,"[""119898461"", ""195470202"", ""144264277"", ""148365289"", ""202362364"", ""143548483"", ""129568541"", ""72045166"", ""164284194"", ""161499533""]"
none_subset,4,63169454,61171734,62,1426,0,0,0,0,0,0,"[""156814814"", ""60239293"", ""211638809"", ""135226686"", ""194491562"", ""125173216"", ""14027620"", ""81077749"", ""9716999"", ""153485930""]"
none_subset,4,139951358,118360748,38,1297,0,0,0,0,0,0,"[""200830087"", ""196304269"", ""141000837"", ""118347950"", ""128085075"", ""151180760"", ""147380841"", ""125139020"", ""161495460"", ""118389997""]"
none_subset,4,219099215,195408710,43,65,0,0,0,0,0,0,"[""128872941"", ""132568100"", ""195240617"", ""150794676"", ""193992249"", ""204449585"", ""162972233"", ""111684767"", ""146763071"", ""186925656""]"
none_subset,4,108373299,100087840,4,98,0,0,0,0,0,0,"[""126889201"", ""144513042"", ""126241663"", ""44842674"", ""70921117"", ""186179720"", ""174770035"", ""153876637"", ""44858664"", ""117660981""]"
none_subset,4,145393950,125541158,64,1628,0,0,0,0,0,0,"[""46094230"", ""186122058"", ""80281524"", ""80098795"", ""168668432"", ""147667682"", ""155183786"", ""75760627"", ""204007990"", ""120966979""]"
none_subset,4,194603701,164074443,43,2286,0,0,0,0,0,0,"[""204268653"", ""191072085"", ""193876176"", ""143996100"", ""99218293"", ""85646132"", ""156455477"", ""190480160"", ""207051663"", ""156087601""]"
none_subset,4,135137342,61171387,62,35,0,0,0,0,0,1,"[""60969101"", ""74290204"", ""179123782"", ""151606693"", ""96438960"", ""61035623"", ""78092395"", ""150920608"", ""203401813"", ""178643278""]"
none_subset,4,205922590,191564735,4,9,0,0,0,1,1,1,"[""185967985"", ""77929117"", ""158581056"", ""186775950"", ""207414127"", ""181288745"", ""202360528"", ""57139348"", ""191564735"", ""144857372""]"
none_subset,4,69176883,69796700,4,56,0,0,0,0,0,0,"[""200439718"", ""152685161"", ""200691824"", ""181646106"", ""214968505"", ""197475541"", ""168012970"", ""210643102"", ""205789625"", ""207143420""]"
none_subset,4,199757507,173646354,46,1082,0,0,0,0,0,0,"[""211540948"", ""213127076"", ""215124824"", ""202833251"", ""213326669"", ""206204582"", ""74767597"", ""165798625"", ""178722271"", ""201141148""]"
none_subset,4,212099690,190540665,37,18,0,0,0,0,1,1,"[""88534873"", ""42842956"", ""183978577"", ""119227333"", ""182254392"", ""25189123"", ""157628611"", ""151964729"", ""29496516"", ""158117230""]"
none_subset,4,211019075,189967410,37,34,0,0,0,0,0,1,"[""202030579"", ""182640683"", ""193730114"", ""187299907"", ""209154292"", ""191538851"", ""187256075"", ""211802210"", ""186811713"", ""175852737""]"
none_subset,4,219975561,203817887,46,567,0,0,0,0,0,0,"[""186078356"", ""194132989"", ""213377993"", ""203778148"", ""204314440"", ""171846733"", ""182916957"", ""172250706"", ""180829317"", ""162153442""]"
none_subset,4,123402692,108294591,64,332,0,0,0,0,0,0,"[""16060214"", ""179015555"", ""181619566"", ""152189504"", ""154897158"", ""200859322"", ""60032340"", ""157803989"", ""101169098"", ""146444401""]"
none_subset,4,198083039,151498509,38,5,0,0,1,1,1,1,"[""200673130"", ""133935928"", ""139178008"", ""118583542"", ""151498509"", ""207314698"", ""61415611"", ""129585105"", ""154954211"", ""130325190""]"
none_subset,4,214611919,195148065,57,1895,0,0,0,0,0,0,"[""209942989"", ""208742570"", ""207373637"", ""179079527"", ""173789393"", ""141122844"", ""210498921"", ""195907765"", ""200034808"", ""200193952""]"
none_subset,4,220092492,206938315,46,1378,0,0,0,0,0,0,"[""209744189"", ""174837469"", ""177432966"", ""201332278"", ""206220197"", ""206935328"", ""184646371"", ""197415730"", ""212786249"", ""190450261""]"
none_subset,4,138853852,77040385,64,483,0,0,0,0,0,0,"[""207152337"", ""105144259"", ""136552233"", ""211228726"", ""180165679"", ""153594881"", ""179440048"", ""106833257"", ""200969900"", ""164633014""]"
none_subset,4,221257783,102422840,38,1078,0,0,0,0,0,0,"[""145871617"", ""189799383"", ""117957932"", ""83459172"", ""103005464"", ""70118559"", ""81691027"", ""55254920"", ""125136923"", ""142598311""]"
none_subset,4,176907998,108104818,43,151,0,0,0,0,0,0,"[""83385070"", ""118869220"", ""115857968"", ""123028053"", ""178871976"", ""59458719"", ""135449802"", ""75839769"", ""99992649"", ""46314417""]"
none_subset,4,224931381,196746909,43,2489,0,0,0,0,0,0,"[""168943005"", ""190069327"", ""183716498"", ""156395019"", ""207051663"", ""145546533"", ""84074518"", ""79676853"", ""190480160"", ""161713080""]"
none_subset,4,136719291,117265279,37,605,0,0,0,0,0,0,"[""92247640"", ""213471023"", ""10976521"", ""172603509"", ""96028215"", ""51138626"", ""139391729"", ""119357902"", ""114171070"", ""157806065""]"
none_subset,4,223055449,208225541,38,38,0,0,0,0,0,1,"[""207390508"", ""159911050"", ""124441124"", ""130168090"", ""204985593"", ""138116862"", ""207390535"", ""204375245"", ""136989956"", ""64528586""]"
none_subset,4,16895311,15445184,46,11,0,0,0,0,1,1,"[""209744189"", ""174837469"", ""7231598"", ""213559285"", ""177432966"", ""197415730"", ""184646371"", ""201332278"", ""206506200"", ""194951479""]"
none_subset,4,224021715,168493218,57,1580,0,0,0,0,0,0,"[""98039533"", ""110109390"", ""112580587"", ""90186991"", ""141989435"", ""169225136"", ""211148392"", ""73841445"", ""121902729"", ""201926544""]"
none_subset,4,124640008,98638263,43,387,0,0,0,0,0,0,"[""194880726"", ""164268294"", ""155909920"", ""193746203"", ""183640029"", ""212781685"", ""139391726"", ""197429046"", ""197514276"", ""149017403""]"
none_subset,4,219249665,165902956,64,88,0,0,0,0,0,0,"[""19607163"", ""123687478"", ""187716249"", ""207446541"", ""152368817"", ""30343221"", ""55563124"", ""194400653"", ""192425958"", ""128607088""]"
none_subset,4,171424229,144131536,46,1289,0,0,0,0,0,0,"[""194716332"", ""99228098"", ""168442343"", ""180613841"", ""173278868"", ""63753442"", ""106926227"", ""162330233"", ""126200509"", ""99309357""]"
none_subset,4,217127611,198819588,43,8,0,0,0,1,1,1,"[""169770541"", ""211382244"", ""185696449"", ""204171238"", ""173279591"", ""208786844"", ""197514276"", ""198819588"", ""144433706"", ""109124875""]"
none_subset,4,165813773,146365324,64,425,0,0,0,0,0,0,"[""213253358"", ""56593545"", ""167849719"", ""205058205"", ""166489955"", ""169353292"", ""213788530"", ""162587856"", ""210923456"", ""75900945""]"
none_subset,4,200042536,172870419,4,17,0,0,0,0,1,1,"[""141337241"", ""197680529"", ""174680568"", ""205510063"", ""212022302"", ""106956251"", ""207141467"", ""169841826"", ""207202974"", ""143683664""]"
none_subset,4,197097038,158261628,4,98,0,0,0,0,0,0,"[""36482821"", ""161593927"", ""105063903"", ""93517902"", ""193746035"", ""148649464"", ""50763233"", ""56998165"", ""207566657"", ""195689049""]"
none_subset,4,216778873,183915016,38,1250,0,0,0,0,0,0,"[""194797914"", ""209590588"", ""196915199"", ""104610572"", ""193591162"", ""169136130"", ""114655712"", ""158101671"", ""130737214"", ""169790696""]"
none_subset,4,218953973,203666766,37,1210,0,0,0,0,0,0,"[""104577943"", ""212381569"", ""195462928"", ""199385964"", ""155900040"", ""208576745"", ""154954077"", ""210646051"", ""183299249"", ""190695285""]"
none_subset,4,206688771,182583580,43,184,0,0,0,0,0,0,"[""186350594"", ""143484747"", ""184024262"", ""156536547"", ""201213450"", ""136773099"", ""180961442"", ""142700536"", ""210822887"", ""210561607""]"
none_subset,4,204369196,154791746,43,140,0,0,0,0,0,0,"[""158317596"", ""163980868"", ""186662243"", ""67021173"", ""144744853"", ""180648286"", ""101762103"", ""114124021"", ""163900593"", ""205500642""]"
none_subset,4,129079358,113744993,64,115,0,0,0,0,0,0,"[""210720310"", ""213253358"", ""56833135"", ""199462684"", ""56593545"", ""169353292"", ""130875563"", ""173492513"", ""169622540"", ""29624756""]"
none_subset,4,195208231,121864251,43,2,0,1,1,1,1,1,"[""75083855"", ""121864251"", ""203886811"", ""15648138"", ""178363726"", ""121507083"", ""188195572"", ""6704113"", ""113309612"", ""201991192""]"
none_subset,4,58269182,46694167,37,79,0,0,0,0,0,0,"[""93714502"", ""200025016"", ""159931625"", ""150433252"", ""160156715"", ""200686928"", ""152508279"", ""103057199"", ""166280219"", ""142990642""]"
none_subset,4,221615782,140437226,46,164,0,0,0,0,0,0,"[""190907433"", ""154615570"", ""73921798"", ""127266574"", ""125554765"", ""116109332"", ""202547061"", ""198607370"", ""207365064"", ""171578170""]"
none_subset,4,184464529,156023834,38,1260,0,0,0,0,0,0,"[""113999751"", ""149982401"", ""92430066"", ""76490987"", ""62510663"", ""74617293"", ""167983168"", ""73148680"", ""85120764"", ""186767110""]"
none_subset,4,109798719,99109493,4,126,0,0,0,0,0,0,"[""149599673"", ""149095048"", ""184587206"", ""156103241"", ""148281605"", ""114164900"", ""174692074"", ""119415258"", ""191426417"", ""51294207""]"
none_subset,4,223348848,206905678,46,14,0,0,0,0,1,1,"[""212429674"", ""81506359"", ""141682649"", ""172197706"", ""132671791"", ""164627162"", ""150754478"", ""111471139"", ""110594662"", ""106839909""]"
none_subset,4,210749575,189374784,64,234,0,0,0,0,0,0,"[""66459509"", ""121255930"", ""518627"", ""76676235"", ""183013744"", ""195252307"", ""111173960"", ""191054297"", ""188610188"", ""198087057""]"
none_subset,4,65200525,70921117,4,38,0,0,0,0,0,1,"[""151009561"", ""172890535"", ""149095048"", ""156103241"", ""142451414"", ""54212504"", ""158175855"", ""133755220"", ""143929940"", ""120663751""]"
none_subset,4,225318762,211306464,64,2409,0,0,0,0,0,0,"[""165423791"", ""199685872"", ""195252134"", ""195080854"", ""193870914"", ""186761660"", ""185442287"", ""201892870"", ""198417754"", ""209176271""]"
none_subset,4,183310877,144208600,46,152,0,0,0,0,0,0,"[""132957109"", ""202089453"", ""83646259"", ""136576031"", ""109811257"", ""166648954"", ""131820664"", ""139629122"", ""205356898"", ""159934642""]"
none_subset,4,201356709,145440025,64,256,0,0,0,0,0,0,"[""154255624"", ""164339637"", ""199819866"", ""203804179"", ""208915255"", ""166289001"", ""121019691"", ""204738388"", ""193756438"", ""129803266""]"
none_subset,4,176378686,134848823,46,30,0,0,0,0,1,1,"[""129089284"", ""139649558"", ""133674182"", ""158946684"", ""64234906"", ""174465659"", ""68978046"", ""132605956"", ""100503293"", ""201215254""]"
none_subset,4,222940894,209989262,57,139,0,0,0,0,0,0,"[""167879790"", ""209958566"", ""189762370"", ""113047535"", ""196086555"", ""195891127"", ""195891035"", ""203585740"", ""209164848"", ""129142528""]"
none_subset,4,88533605,83379850,4,128,0,0,0,0,0,0,"[""164194074"", ""167351572"", ""167564443"", ""141167432"", ""136900812"", ""174772759"", ""213281189"", ""210655795"", ""173414049"", ""138056332""]"
none_subset,4,220934101,193423957,46,116,0,0,0,0,0,0,"[""204980714"", ""193206170"", ""167900654"", ""158674717"", ""138830136"", ""174586724"", ""213731514"", ""208009145"", ""197415730"", ""191200569""]"
none_subset,4,224885410,214210070,64,1041,0,0,0,0,0,0,"[""160686884"", ""191614451"", ""201578875"", ""127196288"", ""209149604"", ""181079853"", ""92189436"", ""129093190"", ""173458489"", ""96320844""]"
none_subset,4,159315367,132450430,38,489,0,0,0,0,0,0,"[""200560256"", ""195980472"", ""202371962"", ""171461647"", ""128235238"", ""210816014"", ""174192462"", ""213422465"", ""207475710"", ""209454122""]"
none_subset,4,210632346,189168111,43,135,0,0,0,0,0,0,"[""65148519"", ""127006553"", ""201852288"", ""214991554"", ""182583580"", ""183614072"", ""76296759"", ""196069283"", ""119064343"", ""206290556""]"
none_subset,4,222206783,190313329,57,696,0,0,0,0,0,0,"[""208742570"", ""189762370"", ""113047535"", ""166538115"", ""209942989"", ""57896054"", ""167879790"", ""192913890"", ""209149314"", ""159343304""]"
none_subset,4,210714977,103646076,37,1458,0,0,0,0,0,0,"[""212047029"", ""146818815"", ""103057199"", ""162977839"", ""163644147"", ""157022245"", ""188679659"", ""170049514"", ""149631379"", ""186298213""]"
none_subset,4,188824063,150442809,64,842,0,0,0,0,0,0,"[""215220099"", ""114607994"", ""160686884"", ""187363669"", ""200432002"", ""95987224"", ""181079853"", ""153035417"", ""212527992"", ""117481999""]"
none_subset,4,223702130,213054200,64,293,0,0,0,0,0,0,"[""192779268"", ""174719538"", ""196286726"", ""147671714"", ""200027492"", ""192179303"", ""200026497"", ""183765574"", ""198999126"", ""206235020""]"
none_subset,4,215742496,197844035,37,19,0,0,0,0,1,1,"[""191538851"", ""190070434"", ""181408383"", ""186811713"", ""187719393"", ""199287233"", ""202030579"", ""209855515"", ""193730114"", ""201649016""]"
none_subset,4,209844304,183939554,46,819,0,0,0,0,0,0,"[""212905783"", ""157417143"", ""132671791"", ""138718760"", ""125568463"", ""152716158"", ""172696525"", ""206905678"", ""163043438"", ""162507293""]"
none_subset,4,216185310,51303658,57,338,0,0,0,0,0,0,"[""98039533"", ""141989435"", ""158555938"", ""134702798"", ""138785776"", ""125339147"", ""99228573"", ""199101101"", ""110109390"", ""200462582""]"
none_subset,4,208473328,152102790,37,298,0,0,0,0,0,0,"[""169799265"", ""150316929"", ""204420256"", ""142113211"", ""211515544"", ""143065905"", ""164126632"", ""183268600"", ""98524176"", ""168960113""]"
none_subset,4,207495470,155647098,57,215,0,0,0,0,0,0,"[""122408162"", ""85942447"", ""103801352"", ""184690297"", ""119749183"", ""125339147"", ""128512946"", ""15301011"", ""151450966"", ""107527374""]"
none_subset,4,205232685,129483238,43,1,1,1,1,1,1,1,"[""129483238"", ""72421330"", ""137017957"", ""105076717"", ""118470473"", ""163505137"", ""168991783"", ""202468279"", ""138106208"", ""124643121""]"
none_subset,4,182353397,155017018,46,17,0,0,0,0,1,1,"[""156554598"", ""197454401"", ""139649558"", ""193559506"", ""200400926"", ""105064166"", ""110268464"", ""120932240"", ""214430451"", ""160110731""]"
none_subset,4,70030827,70970519,37,2510,0,0,0,0,0,0,"[""51981897"", ""152140191"", ""151437967"", ""100563053"", ""183777475"", ""139391729"", ""192597928"", ""169268977"", ""21423746"", ""23924949""]"
none_subset,4,210025236,188021776,4,4,0,0,1,1,1,1,"[""162058011"", ""156855089"", ""159111889"", ""188021776"", ""158986768"", ""204482650"", ""201461303"", ""191695909"", ""184849383"", ""200963901""]"
none_subset,4,216985572,200413923,4,1285,0,0,0,0,0,0,"[""146976388"", ""165023261"", ""12867445"", ""22753311"", ""54000205"", ""164130570"", ""136053108"", ""163608455"", ""174589045"", ""48830519""]"
none_subset,4,204910325,175836915,43,1022,0,0,0,0,0,0,"[""202227389"", ""171948652"", ""215210708"", ""165130009"", ""198054092"", ""180468099"", ""214983787"", ""180442618"", ""184091403"", ""213355535""]"
none_subset,4,164432507,140756132,4,1320,0,0,0,0,0,0,"[""180843726"", ""191209763"", ""163340296"", ""185880119"", ""191316160"", ""199021905"", ""177825434"", ""202705628"", ""168819498"", ""156979281""]"
none_subset,4,222268445,196324749,4,566,0,0,0,0,0,0,"[""185515008"", ""12178422"", ""161086623"", ""163772112"", ""79387876"", ""211167678"", ""185362507"", ""181915374"", ""177913898"", ""148086167""]"
none_subset,4,193224830,160586788,62,6,0,0,0,1,1,1,"[""73411331"", ""167732430"", ""169027396"", ""167656283"", ""200271479"", ""160586788"", ""190955120"", ""191710575"", ""201461957"", ""67163751""]"
none_subset,4,224218006,188646002,37,291,0,0,0,0,0,0,"[""127482058"", ""205365116"", ""142288515"", ""125867554"", ""133761960"", ""207605603"", ""195292057"", ""202170903"", ""204454005"", ""168569670""]"
none_subset,4,23506643,21760251,4,1110,0,0,0,0,0,0,"[""72626014"", ""207143420"", ""213127345"", ""154267881"", ""88119764"", ""65093674"", ""152685161"", ""140966958"", ""189202376"", ""139342323""]"
none_subset,4,224398136,187714756,46,1587,0,0,0,0,0,0,"[""207380544"", ""114654675"", ""104767223"", ""206843208"", ""201405465"", ""65618657"", ""160110731"", ""159536710"", ""209828476"", ""109762523""]"
none_subset,4,216056265,171166574,38,17,0,0,0,0,1,1,"[""194014911"", ""205467679"", ""121483840"", ""98186259"", ""58573176"", ""170150125"", ""119050794"", ""82057494"", ""181391982"", ""203692617""]"
none_subset,4,206987839,182903930,4,50,0,0,0,0,0,1,"[""167937435"", ""195480266"", ""131936243"", ""181079699"", ""210361777"", ""200243377"", ""206281257"", ""208946996"", ""102051055"", ""214341619""]"
none_subset,4,145812135,7945877,43,1082,0,0,0,0,0,0,"[""116652853"", ""157700498"", ""112624655"", ""163286400"", ""62551746"", ""167483448"", ""113535350"", ""215014856"", ""86505092"", ""149017403""]"
none_subset,4,223553977,211083413,46,108,0,0,0,0,0,0,"[""106146754"", ""53547017"", ""138809171"", ""170235414"", ""113055815"", ""138570829"", ""174697458"", ""134703917"", ""172482275"", ""195780279""]"
none_subset,4,219201325,204860223,37,46,0,0,0,0,0,1,"[""188912090"", ""187502080"", ""189202972"", ""191131185"", ""192456013"", ""168115320"", ""151497086"", ""106359564"", ""202227327"", ""195908286""]"
none_subset,4,172611375,138324707,4,223,0,0,0,0,0,0,"[""100007550"", ""99472535"", ""156087328"", ""207322592"", ""113622434"", ""180063242"", ""210482913"", ""201066421"", ""214759137"", ""204285378""]"
none_subset,4,64702019,66613547,62,564,0,0,0,0,0,0,"[""125457528"", ""209579537"", ""61035715"", ""132102628"", ""64553393"", ""93457918"", ""167750533"", ""140609707"", ""25260455"", ""76575420""]"
none_subset,4,215237282,187005682,62,21,0,0,0,0,1,1,"[""167750528"", ""58086605"", ""146789147"", ""194230029"", ""124381580"", ""204830740"", ""180167452"", ""76665110"", ""209579537"", ""162672578""]"
none_subset,4,215263347,127485588,46,191,0,0,0,0,0,0,"[""188974662"", ""138623154"", ""37708588"", ""152716158"", ""169081503"", ""97623791"", ""215055930"", ""15325925"", ""84422038"", ""77867923""]"
none_subset,4,212297360,188733787,43,286,0,0,0,0,0,0,"[""173981660"", ""209546973"", ""197891724"", ""198296892"", ""179105716"", ""156295009"", ""42219137"", ""160966785"", ""163900593"", ""85892413""]"
none_subset,4,128704422,108044927,57,1235,0,0,0,0,0,0,"[""82248629"", ""136092466"", ""171021122"", ""196654350"", ""202526079"", ""79470201"", ""36469237"", ""135872349"", ""208717293"", ""210204860""]"
none_subset,4,172799934,145955425,57,281,0,0,0,0,0,0,"[""117927111"", ""211114221"", ""108989200"", ""148395645"", ""189624094"", ""179666076"", ""97187105"", ""201814707"", ""168399753"", ""166094087""]"
none_subset,4,184395268,153686086,38,748,0,0,0,0,0,0,"[""159911050"", ""194792551"", ""204375245"", ""130168090"", ""188544896"", ""161128754"", ""204880845"", ""207390508"", ""194853957"", ""96678496""]"
none_subset,4,206664220,166795160,57,2753,0,0,0,0,0,0,"[""202059060"", ""200009792"", ""139482893"", ""125507071"", ""208904124"", ""171788248"", ""163748731"", ""153492772"", ""171161007"", ""170283614""]"
none_subset,4,215184570,142502113,43,218,0,0,0,0,0,0,"[""130448492"", ""192247862"", ""29596208"", ""146898856"", ""56084025"", ""99992649"", ""192784424"", ""167164193"", ""68189198"", ""63099395""]"
none_subset,4,214770999,191097659,37,54,0,0,0,0,0,0,"[""122241592"", ""201003118"", ""188876971"", ""132738380"", ""119064031"", ""157363034"", ""182695655"", ""163250787"", ""148230413"", ""204006241""]"
none_subset,4,223962647,212423754,43,453,0,0,0,0,0,0,"[""179054743"", ""139778348"", ""133220748"", ""166329703"", ""76380885"", ""109286694"", ""148294908"", ""27781370"", ""211549610"", ""193186547""]"
none_subset,4,222059057,210299128,64,164,0,0,0,0,0,0,"[""63897092"", ""206429682"", ""197112426"", ""60291031"", ""164719263"", ""201944222"", ""134302572"", ""158680148"", ""130875563"", ""182554123""]"
none_subset,4,210362338,187442156,43,57,0,0,0,0,0,0,"[""164354706"", ""160407494"", ""147531803"", ""179312045"", ""93370896"", ""67208060"", ""139057092"", ""192576430"", ""181162961"", ""185799642""]"
none_subset,4,198033903,169968522,62,1390,0,0,0,0,0,0,"[""194230601"", ""55538884"", ""153432818"", ""161635823"", ""139296753"", ""18880304"", ""136057001"", ""203378428"", ""75620135"", ""200654316""]"
none_subset,4,198278659,161464530,64,1162,0,0,0,0,0,0,"[""170757529"", ""193134463"", ""183334464"", ""159428920"", ""56647291"", ""52198318"", ""17491424"", ""192891016"", ""199685872"", ""8325679""]"
none_subset,4,164817254,139849759,4,303,0,0,0,0,0,0,"[""96998136"", ""173008557"", ""202598239"", ""58216709"", ""84024207"", ""178871266"", ""195744792"", ""172884595"", ""78396407"", ""159364641""]"
none_subset,4,85489405,81233351,64,267,0,0,0,0,0,0,"[""65008714"", ""214169517"", ""179210556"", ""76747946"", ""193944748"", ""208376832"", ""146391695"", ""195558974"", ""177539508"", ""164732342""]"
none_subset,4,222151841,210480490,37,69,0,0,0,0,0,0,"[""146527115"", ""141241455"", ""213471023"", ""137062195"", ""180221400"", ""191294127"", ""181408383"", ""157806065"", ""69814974"", ""195113899""]"
none_subset,4,218452915,202712497,64,748,0,0,0,0,0,0,"[""184410319"", ""174183108"", ""67144823"", ""200859322"", ""207446541"", ""179015555"", ""167354299"", ""181619566"", ""103416735"", ""152189504""]"
none_subset,4,222844357,194951054,57,1182,0,0,0,0,0,0,"[""211933589"", ""206792330"", ""143823421"", ""211144254"", ""207272212"", ""153434097"", ""208568786"", ""128244723"", ""204813168"", ""181234241""]"
none_subset,4,222844359,206895628,37,116,0,0,0,0,0,0,"[""159816408"", ""209442950"", ""208828602"", ""204144823"", ""208585835"", ""107661724"", ""195301608"", ""136574012"", ""204249044"", ""161417702""]"
none_subset,4,222405069,139302940,43,713,0,0,0,0,0,0,"[""210940174"", ""164074443"", ""200715227"", ""193313194"", ""75462011"", ""103045536"", ""121507083"", ""181955635"", ""134578964"", ""207753535""]"
none_subset,4,212802909,192392140,64,138,0,0,0,0,0,0,"[""145311547"", ""193536959"", ""122395189"", ""178043240"", ""193870914"", ""176297212"", ""162186284"", ""129130295"", ""182762792"", ""162799044""]"
none_subset,4,165227043,95406694,38,1,1,1,1,1,1,1,"[""95406694"", ""206303400"", ""58199619"", ""107235965"", ""123502593"", ""121756181"", ""95395941"", ""204218454"", ""207390535"", ""180784190""]"
none_subset,4,223226814,22684085,64,929,0,0,0,0,0,0,"[""56833135"", ""199462684"", ""173492513"", ""169622540"", ""200016831"", ""210720310"", ""169353292"", ""211309611"", ""154414779"", ""100362069""]"
none_subset,4,133071331,116922022,38,397,0,0,0,0,0,0,"[""14434511"", ""31197704"", ""180023471"", ""37091492"", ""164509932"", ""37709032"", ""159835737"", ""92430066"", ""200830087"", ""114004576""]"
none_subset,4,189952562,162391837,37,18,0,0,0,0,1,1,"[""187502080"", ""210226726"", ""210502009"", ""131172661"", ""201649016"", ""206864139"", ""75362158"", ""99494874"", ""116930061"", ""123163900""]"
none_subset,4,184595672,154888352,37,268,0,0,0,0,0,0,"[""164415171"", ""190113798"", ""114167582"", ""147751334"", ""186429778"", ""150707511"", ""141505308"", ""189275863"", ""101532006"", ""200379642""]"
none_subset,4,202354730,177124581,37,424,0,0,0,0,0,0,"[""209172335"", ""184297463"", ""173981806"", ""193680819"", ""33563950"", ""190511714"", ""195744990"", ""165824431"", ""200278482"", ""204077513""]"
none_subset,4,15900255,13589626,38,910,0,0,0,0,0,0,"[""200830087"", ""133136953"", ""37709032"", ""108421334"", ""148700903"", ""164509932"", ""179876069"", ""12905940"", ""155814671"", ""195377514""]"
none_subset,4,218004661,202749231,62,93,0,0,0,0,0,0,"[""213066001"", ""205736250"", ""156503039"", ""153723208"", ""194289010"", ""191201365"", ""202627342"", ""194380124"", ""160871092"", ""211808810""]"
none_subset,4,224061146,179319840,37,2497,0,0,0,0,0,0,"[""21114364"", ""14688074"", ""8855059"", ""202778075"", ""150108945"", ""163474582"", ""145358205"", ""16408764"", ""96256428"", ""77395625""]"
none_subset,4,195311808,159203778,46,514,0,0,0,0,0,0,"[""16339902"", ""177591787"", ""139649558"", ""113999669"", ""194811856"", ""200400926"", ""110900877"", ""194854155"", ""74767597"", ""196783083""]"
none_subset,4,218739786,173622538,64,28,0,0,0,0,1,1,"[""183737495"", ""127444518"", ""165423791"", ""194031832"", ""112432197"", ""195252134"", ""199685872"", ""149622839"", ""195080854"", ""105284015""]"
none_subset,4,203549050,175661430,46,61,0,0,0,0,0,0,"[""194132989"", ""186078356"", ""214520103"", ""209924155"", ""210724130"", ""186533909"", ""184636221"", ""205019069"", ""177381146"", ""141781507""]"
none_subset,4,193647253,166289001,64,329,0,0,0,0,0,0,"[""121260031"", ""145311547"", ""101323481"", ""203509707"", ""46094230"", ""151134804"", ""150385215"", ""133192411"", ""113312339"", ""120966979""]"
none_subset,4,195734140,121706760,64,30,0,0,0,0,1,1,"[""179767835"", ""160686884"", ""116423938"", ""126785773"", ""107753045"", ""201276045"", ""108386270"", ""105854962"", ""137448907"", ""141733590""]"
none_subset,4,205647203,181206759,4,415,0,0,0,0,0,0,"[""205789625"", ""55380045"", ""207022871"", ""205405501"", ""153069902"", ""123481544"", ""169388531"", ""191889856"", ""93517902"", ""191815855""]"
none_subset,4,209177663,184196068,37,790,0,0,0,0,0,0,"[""149248013"", ""188083340"", ""199866100"", ""179751402"", ""154947799"", ""160430913"", ""152102790"", ""133924998"", ""164415171"", ""109845272""]"
none_subset,4,113428442,102099500,37,81,0,0,0,0,0,0,"[""199385964"", ""16898206"", ""167166017"", ""205328844"", ""96678439"", ""142630827"", ""141382831"", ""204657562"", ""209794141"", ""51749408""]"
none_subset,4,224930658,167116086,46,155,0,0,0,0,0,0,"[""111095231"", ""150142821"", ""191705183"", ""99309357"", ""208035235"", ""153408319"", ""139504923"", ""201966464"", ""194301324"", ""70517064""]"
none_subset,4,180106194,148861478,38,2858,0,0,0,0,0,0,"[""194567057"", ""173618946"", ""166302090"", ""84270721"", ""155788187"", ""136198130"", ""153285645"", ""125547696"", ""117334028"", ""138015580""]"
none_subset,4,145366343,121013474,43,2457,0,0,0,0,0,0,"[""202516482"", ""163286400"", ""127635452"", ""181167814"", ""178871976"", ""160295191"", ""163402666"", ""49526180"", ""75959067"", ""86505092""]"
none_subset,4,179017277,144305873,64,1525,0,0,0,0,0,0,"[""202708847"", ""96431966"", ""32245008"", ""20148877"", ""63861102"", ""82453175"", ""58475692"", ""188599489"", ""12228373"", ""164025251""]"
none_subset,4,208003567,155951189,43,4,0,0,1,1,1,1,"[""200905407"", ""195659383"", ""183407909"", ""155951189"", ""207656544"", ""204045985"", ""187566736"", ""204176913"", ""197247575"", ""198600357""]"
none_subset,4,218058960,202778075,37,118,0,0,0,0,0,0,"[""57914905"", ""146527115"", ""213471023"", ""181408383"", ""201740861"", ""180221400"", ""167814691"", ""202325397"", ""209551298"", ""170091134""]"
none_subset,4,71659685,73410413,62,41,0,0,0,0,0,1,"[""113904136"", ""209151724"", ""74290204"", ""192522899"", ""112414551"", ""185405124"", ""113290454"", ""113659126"", ""134618566"", ""193006708""]"
none_subset,4,193323565,161573660,64,2026,0,0,0,0,0,0,"[""105144259"", ""183047062"", ""67998486"", ""144073843"", ""210444502"", ""152603802"", ""32252174"", ""60260391"", ""168633758"", ""141045171""]"
none_subset,4,154348207,123825839,57,15,0,0,0,0,1,1,"[""186295421"", ""171077145"", ""17116273"", ""87360821"", ""89118059"", ""75208559"", ""198478973"", ""132304565"", ""143993691"", ""130066737""]"
none_subset,4,214551350,181553937,4,147,0,0,0,0,0,0,"[""176720818"", ""189945818"", ""181690465"", ""93013033"", ""123481544"", ""124951123"", ""173611156"", ""195538864"", ""188882555"", ""177949545""]"
none_subset,4,191446814,160553641,37,773,0,0,0,0,0,0,"[""190646486"", ""132867062"", ""176300467"", ""151207249"", ""174690214"", ""174852305"", ""141505308"", ""212776036"", ""157158070"", ""182207000""]"
none_subset,4,225161820,202394756,43,258,0,0,0,0,0,0,"[""71803254"", ""201192710"", ""162124393"", ""188398971"", ""153170090"", ""213210833"", ""199268133"", ""202025930"", ""170809158"", ""193313194""]"
none_subset,4,206083414,164648915,4,75,0,0,0,0,0,0,"[""205789625"", ""169388531"", ""191889856"", ""176720818"", ""123481544"", ""55380045"", ""189945818"", ""124951123"", ""197475541"", ""201481091""]"
none_subset,4,200716470,172461894,46,370,0,0,0,0,0,0,"[""141583383"", ""207214996"", ""135605303"", ""87748960"", ""100881714"", ""81754384"", ""61233280"", ""210829117"", ""212208758"", ""141682649""]"
none_subset,4,193219579,161417907,4,343,0,0,0,0,0,0,"[""150252011"", ""86878993"", ""156382700"", ""151356635"", ""149599673"", ""119106930"", ""146345148"", ""184587206"", ""142506151"", ""196352343""]"
none_subset,4,220471446,191884089,57,1705,0,0,0,0,0,0,"[""138875951"", ""114756058"", ""204015126"", ""83357296"", ""103853253"", ""209217971"", ""191244076"", ""179056181"", ""139028158"", ""145912634""]"
none_subset,4,176050835,76371718,57,1802,0,0,0,0,0,0,"[""141089456"", ""211940844"", ""209603073"", ""201949837"", ""208595279"", ""77758551"", ""214125411"", ""157221850"", ""83458535"", ""112971301""]"
none_subset,4,195995650,144433706,43,114,0,0,0,0,0,0,"[""191072085"", ""197429046"", ""85646132"", ""157809653"", ""204268653"", ""154390259"", ""188380361"", ""98638580"", ""136188138"", ""145698725""]"
none_subset,4,164892127,56920439,46,7,0,0,0,1,1,1,"[""210829117"", ""53826389"", ""142436010"", ""211118858"", ""136715816"", ""108645014"", ""56920439"", ""107277769"", ""210393362"", ""100881714""]"
none_subset,4,175210528,143843798,62,123,0,0,0,0,0,0,"[""156885677"", ""180324136"", ""130642042"", ""32728587"", ""129445274"", ""176645947"", ""195935444"", ""20451062"", ""134905481"", ""46446514""]"
none_subset,4,173173417,105144259,64,1,1,1,1,1,1,1,"[""105144259"", ""155021743"", ""210444502"", ""136552233"", ""112345894"", ""82453175"", ""152603802"", ""67792301"", ""144073843"", ""32252174""]"
none_subset,4,67356369,70700474,38,1995,0,0,0,0,0,0,"[""114055239"", ""112389064"", ""117957932"", ""155814671"", ""170281060"", ""126816860"", ""179099953"", ""37809434"", ""196304269"", ""37709032""]"
none_subset,4,213950863,194734151,4,7,0,0,0,1,1,1,"[""194814735"", ""186779159"", ""183252412"", ""181715447"", ""119644839"", ""202362364"", ""194734151"", ""164284194"", ""210958855"", ""214521847""]"
none_subset,4,210440719,183268600,37,55,0,0,0,0,0,0,"[""153610553"", ""128177539"", ""214037923"", ""61710118"", ""151940120"", ""191892681"", ""190419656"", ""138625062"", ""214883789"", ""160776285""]"
none_subset,4,209764098,187230625,4,1271,0,0,0,0,0,0,"[""140966958"", ""180843726"", ""72626014"", ""197109183"", ""213979278"", ""77968334"", ""191209763"", ""65093644"", ""177825434"", ""22766945""]"
none_subset,4,200550901,153434885,64,58,0,0,0,0,0,0,"[""59824769"", ""212170326"", ""212528042"", ""153533707"", ""180661165"", ""119651772"", ""31566174"", ""210666920"", ""60124479"", ""213788530""]"
none_subset,4,200049166,158107027,43,96,0,0,0,0,0,0,"[""173923821"", ""68949275"", ""105076717"", ""72421330"", ""86466727"", ""205822080"", ""202468279"", ""157655830"", ""147782228"", ""100218334""]"
none_subset,4,211103855,188323012,4,135,0,0,0,0,0,0,"[""191564735"", ""46147970"", ""191889856"", ""196114621"", ""193746035"", ""119913706"", ""207938221"", ""189902060"", ""107564311"", ""181288745""]"
none_subset,4,221521390,209286799,37,31,0,0,0,0,0,1,"[""190070434"", ""191538851"", ""187543270"", ""175852737"", ""207544886"", ""211802210"", ""201649016"", ""208141913"", ""182640683"", ""183693328""]"
none_subset,4,48110954,30916684,46,535,0,0,0,0,0,0,"[""114654675"", ""107095516"", ""157916182"", ""205883193"", ""170790096"", ""109762523"", ""178975230"", ""192859823"", ""132867538"", ""94769507""]"
none_subset,4,196614011,169468665,4,749,0,0,0,0,0,0,"[""153162863"", ""137001312"", ""108202978"", ""110512138"", ""123613267"", ""64185045"", ""84556392"", ""211663742"", ""193951937"", ""138966111""]"
none_subset,4,194727534,163163335,46,893,0,0,0,0,0,0,"[""207470239"", ""120963350"", ""130151286"", ""203456171"", ""214043725"", ""134691092"", ""162796958"", ""213588714"", ""136064669"", ""87925672""]"
none_subset,4,199355812,171218749,37,19,0,0,0,0,1,1,"[""164221751"", ""141014415"", ""127604459"", ""185411714"", ""185266696"", ""84041477"", ""149828994"", ""140057420"", ""182489418"", ""158435107""]"
none_subset,4,176053122,147223868,64,230,0,0,0,0,0,0,"[""183047062"", ""155021743"", ""144073843"", ""152603802"", ""105144259"", ""112345894"", ""67792301"", ""209711556"", ""164633014"", ""177080791""]"
none_subset,4,219126120,174852488,46,18,0,0,0,0,1,1,"[""205463159"", ""138911204"", ""211047288"", ""76658512"", ""209174718"", ""212264248"", ""144431749"", ""138782361"", ""175834543"", ""208224187""]"
none_subset,4,171617902,150919901,37,38,0,0,0,0,0,1,"[""197728159"", ""189777046"", ""173244017"", ""182640683"", ""117685268"", ""187299907"", ""136980007"", ""206756006"", ""189967410"", ""80032224""]"
none_subset,4,212109450,191710817,64,18,0,0,0,0,1,1,"[""181063353"", ""99916433"", ""72224328"", ""141447890"", ""81240114"", ""156476311"", ""172741180"", ""201298322"", ""79121811"", ""92911620""]"
none_subset,4,220650923,203685400,62,88,0,0,0,0,0,0,"[""202067101"", ""184558097"", ""197510996"", ""167314927"", ""184552723"", ""204130130"", ""189900821"", ""138706009"", ""144999053"", ""175175649""]"
none_subset,4,215776763,184075689,64,829,0,0,0,0,0,0,"[""155183786"", ""186761660"", ""63404553"", ""146946453"", ""151134804"", ""138322181"", ""75760627"", ""57067226"", ""114420335"", ""159428920""]"
none_subset,4,200887910,175026491,4,209,0,0,0,0,0,0,"[""177558432"", ""168908364"", ""189899644"", ""167852505"", ""183741193"", ""183552560"", ""212639315"", ""211887023"", ""188321672"", ""211570817""]"
none_subset,4,140609862,114371520,43,31,0,0,0,0,0,1,"[""179115971"", ""195408710"", ""188032543"", ""204449585"", ""97217214"", ""125638272"", ""177916694"", ""128872941"", ""165579849"", ""137780242""]"
none_subset,4,216324411,180225691,64,142,0,0,0,0,0,0,"[""113436023"", ""518627"", ""206705882"", ""66459509"", ""195544569"", ""183765574"", ""211873793"", ""149793006"", ""95501095"", ""184076586""]"
none_subset,4,185965825,143179563,37,1330,0,0,0,0,0,0,"[""160156715"", ""187423310"", ""136371572"", ""119051792"", ""157140706"", ""148800689"", ""148896266"", ""164351701"", ""157889847"", ""157674411""]"
none_subset,4,148156280,126190470,46,226,0,0,0,0,0,0,"[""138809171"", ""106146754"", ""135652658"", ""77308664"", ""138617659"", ""195201064"", ""53547017"", ""135930767"", ""174613608"", ""113055815""]"
none_subset,4,218825862,164502051,43,4,0,0,1,1,1,1,"[""193581474"", ""88577920"", ""97259925"", ""164502051"", ""136611640"", ""114195278"", ""201905417"", ""166317231"", ""138011937"", ""165688631""]"
none_subset,4,217537085,195917241,43,43,0,0,0,0,0,1,"[""195756368"", ""214348389"", ""192529072"", ""201905433"", ""192741559"", ""213416756"", ""145996061"", ""199920218"", ""188582346"", ""83550407""]"
none_subset,4,164792352,129112756,46,35,0,0,0,0,0,1,"[""161736013"", ""169485140"", ""204723094"", ""146811180"", ""159286654"", ""45375287"", ""204939347"", ""109829293"", ""162647828"", ""150978725""]"
none_subset,4,224885065,214553497,4,43,0,0,0,0,0,1,"[""179145991"", ""174535187"", ""171159402"", ""99318165"", ""151978785"", ""133632260"", ""119900827"", ""204141781"", ""161281171"", ""169556971""]"
none_subset,4,174460622,98844359,4,48,0,0,0,0,0,1,"[""144264277"", ""115124238"", ""159676437"", ""119898461"", ""151053517"", ""72045166"", ""44331632"", ""128402566"", ""148023845"", ""113628354""]"
none_subset,4,198689470,167904329,46,660,0,0,0,0,0,0,"[""159369178"", ""108060129"", ""206453483"", ""101322569"", ""107418978"", ""132434051"", ""199253164"", ""130621296"", ""109531052"", ""78566379""]"
none_subset,4,136619257,116919077,38,265,0,0,0,0,0,0,"[""32654945"", ""39903440"", ""152192864"", ""121639115"", ""173253112"", ""36621623"", ""138408570"", ""95420911"", ""177493383"", ""28528703""]"
none_subset,4,220911687,207511006,46,308,0,0,0,0,0,0,"[""110268464"", ""53760527"", ""134848823"", ""160110731"", ""139649558"", ""194811856"", ""193559506"", ""164205217"", ""197454401"", ""158054071""]"
none_subset,4,206215905,193971301,46,54,0,0,0,0,0,0,"[""210667015"", ""209168311"", ""210373455"", ""79060647"", ""145266309"", ""104638861"", ""174074948"", ""211053674"", ""140861260"", ""121689381""]"
none_subset,4,147835919,109553539,57,671,0,0,0,0,0,0,"[""197740362"", ""213401068"", ""190635064"", ""183255175"", ""82721637"", ""196325559"", ""211785457"", ""207769496"", ""68798250"", ""207070552""]"
none_subset,4,217014172,199183086,4,603,0,0,0,0,0,0,"[""205600080"", ""202571906"", ""185360306"", ""191316160"", ""195830492"", ""183509496"", ""213160173"", ""208780104"", ""184022783"", ""197090565""]"
none_subset,4,221604106,47210633,46,252,0,0,0,0,0,0,"[""208224187"", ""210836917"", ""208306039"", ""213655844"", ""208247963"", ""206672410"", ""203164041"", ""172512012"", ""213513527"", ""80538986""]"
none_subset,4,225307361,167076720,4,1481,0,0,0,0,0,0,"[""56134226"", ""194377968"", ""194338856"", ""44842674"", ""214045806"", ""201066421"", ""77968334"", ""155106827"", ""183642706"", ""99472535""]"
none_subset,4,175812917,143083752,4,14,0,0,0,0,1,1,"[""183255480"", ""156841339"", ""192402919"", ""191690738"", ""155703180"", ""96998136"", ""179812166"", ""173008557"", ""145646315"", ""185429569""]"
none_subset,4,114303774,103124712,64,647,0,0,0,0,0,0,"[""177500405"", ""73276751"", ""173115999"", ""195841911"", ""98469115"", ""102619257"", ""209149616"", ""136053941"", ""177968315"", ""126295674""]"
none_subset,4,202509146,169250822,4,159,0,0,0,0,0,0,"[""185524151"", ""91314033"", ""157610724"", ""203618170"", ""76958785"", ""202029081"", ""205510063"", ""212023025"", ""177128650"", ""170658877""]"
none_subset,4,224965621,153434097,57,16,0,0,0,0,1,1,"[""206215452"", ""204973375"", ""205338620"", ""128787820"", ""208568786"", ""173685075"", ""85576723"", ""149224940"", ""170873799"", ""154865872""]"
none_subset,4,204840247,176456204,4,1457,0,0,0,0,0,0,"[""203537664"", ""168012970"", ""199751511"", ""181891365"", ""214498383"", ""56998165"", ""203738355"", ""207122616"", ""212215373"", ""52610271""]"
none_subset,4,117933765,105129945,46,487,0,0,0,0,0,0,"[""193636178"", ""141061297"", ""107095516"", ""104767223"", ""114654675"", ""209979540"", ""172684450"", ""170628503"", ""159536710"", ""201512197""]"
none_subset,4,211029286,188032543,43,125,0,0,0,0,0,0,"[""158885545"", ""132745959"", ""171665125"", ""156158793"", ""126121357"", ""178073804"", ""88539862"", ""162142216"", ""96299035"", ""162972233""]"
none_subset,4,184332298,128148041,57,519,0,0,0,0,0,0,"[""211640040"", ""138406659"", ""95852954"", ""200462582"", ""125339147"", ""99228573"", ""127670415"", ""90186991"", ""128512946"", ""129352307""]"
none_subset,4,172405255,137739430,43,31,0,0,0,0,0,1,"[""208008027"", ""108684069"", ""168068475"", ""204268653"", ""204803959"", ""136188138"", ""194880726"", ""168783197"", ""213429712"", ""164268294""]"
none_subset,4,129628659,112300488,62,827,0,0,0,0,0,0,"[""75620137"", ""209588722"", ""7191392"", ""185371912"", ""201968923"", ""207318555"", ""44553273"", ""207242661"", ""167148127"", ""190695823""]"
none_subset,4,191015798,157712872,43,140,0,0,0,0,0,0,"[""200208585"", ""189266294"", ""146845623"", ""182902299"", ""178668945"", ""209333848"", ""174826827"", ""209666551"", ""144761192"", ""213483404""]"
none_subset,4,151650613,129074795,37,1112,0,0,0,0,0,0,"[""103348357"", ""158889960"", ""183122776"", ""27356144"", ""174101198"", ""159726047"", ""215022412"", ""151964729"", ""150636236"", ""188568594""]"
none_subset,4,217331110,200733855,37,73,0,0,0,0,0,0,"[""173640245"", ""187324915"", ""133351365"", ""199918988"", ""195908286"", ""187502080"", ""204860223"", ""191911000"", ""210502009"", ""187543270""]"
none_subset,4,222261498,194697374,64,2102,0,0,0,0,0,0,"[""213253358"", ""108862398"", ""56593545"", ""131569653"", ""212485762"", ""179216205"", ""162587856"", ""79117002"", ""106156401"", ""84520046""]"
none_subset,4,171262250,134980017,38,1108,0,0,0,0,0,0,"[""148395469"", ""141368646"", ""68644542"", ""71461721"", ""36621623"", ""130737214"", ""133301327"", ""159213527"", ""152192864"", ""70629467""]"
none_subset,4,184540324,155460756,4,1887,0,0,0,0,0,0,"[""190777107"", ""165785804"", ""206276218"", ""191307999"", ""203829299"", ""212639315"", ""208445219"", ""200588216"", ""165051058"", ""185596367""]"
none_subset,4,218794085,181542391,37,23,0,0,0,0,1,1,"[""163655065"", ""192913849"", ""149204589"", ""191027835"", ""164055285"", ""53074039"", ""142640479"", ""168021556"", ""164415171"", ""132738380""]"
none_subset,4,184956157,157367139,4,135,0,0,0,0,0,0,"[""149095048"", ""144373105"", ""172890535"", ""63004444"", ""194446742"", ""155703180"", ""190789377"", ""149247164"", ""181909843"", ""149582480""]"
none_subset,4,175342849,125536521,43,33,0,0,0,0,0,1,"[""186549940"", ""139961406"", ""138107182"", ""16668651"", ""120122284"", ""79844098"", ""211890870"", ""130556843"", ""205576818"", ""153567645""]"
none_subset,4,121771536,46560698,57,2588,0,0,0,0,0,0,"[""171245380"", ""117615208"", ""27828345"", ""55659299"", ""118212639"", ""74583787"", ""129428290"", ""124638694"", ""102975387"", ""193349740""]"
none_subset,4,200570966,110053800,57,985,0,0,0,0,0,0,"[""212461400"", ""146715052"", ""211668933"", ""209586509"", ""31739440"", ""147342843"", ""194650480"", ""207541431"", ""175850879"", ""208427757""]"
none_subset,4,221513750,203597419,64,930,0,0,0,0,0,0,"[""65008306"", ""206880666"", ""124963799"", ""116860085"", ""95790673"", ""92304326"", ""212429237"", ""97354544"", ""214122620"", ""159481909""]"
none_subset,4,142673438,100854450,38,1597,0,0,0,0,0,0,"[""192884067"", ""118659816"", ""145998937"", ""209330718"", ""51821730"", ""157714512"", ""128022775"", ""52533378"", ""173793300"", ""156294997""]"
none_subset,4,201772249,176689628,4,150,0,0,0,0,0,0,"[""157610724"", ""88525097"", ""126589900"", ""212636144"", ""13713734"", ""177128650"", ""203618170"", ""213939970"", ""113782850"", ""213532039""]"
none_subset,4,195569513,158417007,37,424,0,0,0,0,0,0,"[""211519251"", ""136164746"", ""210467440"", ""126694563"", ""209057260"", ""192576617"", ""163475905"", ""186871959"", ""53074039"", ""170334700""]"
none_subset,4,114045368,77678538,64,54,0,0,0,0,0,0,"[""202708847"", ""32245008"", ""156692119"", ""207152337"", ""164025251"", ""96431966"", ""149484929"", ""79130254"", ""159020740"", ""185451532""]"
none_subset,4,219729199,189984269,43,56,0,0,0,0,0,0,"[""183029564"", ""211890870"", ""103510499"", ""116962789"", ""157809653"", ""158792208"", ""215347381"", ""177591827"", ""203477271"", ""166752829""]"
none_subset,4,78453154,79994734,62,171,0,0,0,0,0,0,"[""212966939"", ""75207324"", ""53450905"", ""70381552"", ""113866351"", ""74887373"", ""85137253"", ""45997741"", ""45013331"", ""179203933""]"
none_subset,4,205309599,160068637,37,1245,0,0,0,0,0,0,"[""137062195"", ""169257920"", ""200937476"", ""185266696"", ""211215773"", ""210082244"", ""143052602"", ""192585090"", ""183797214"", ""127604459""]"
none_subset,4,215803527,121260031,64,78,0,0,0,0,0,0,"[""76676235"", ""200043378"", ""14286061"", ""66459509"", ""187503442"", ""95501095"", ""181441566"", ""151373996"", ""65959521"", ""193536959""]"
none_subset,4,222161193,127768087,4,45,0,0,0,0,0,1,"[""85958586"", ""207098872"", ""215222519"", ""138439770"", ""190777107"", ""211850911"", ""86432598"", ""199019716"", ""200212362"", ""87359542""]"
none_subset,4,161392807,94016043,62,1078,0,0,0,0,0,0,"[""212090087"", ""172899019"", ""185323746"", ""108664006"", ""195303938"", ""87226906"", ""200743344"", ""172843229"", ""91942219"", ""205247044""]"
none_subset,4,155741367,134502106,57,1387,0,0,0,0,0,0,"[""125339147"", ""121902729"", ""213812098"", ""136281016"", ""122408162"", ""127670415"", ""128512946"", ""159881542"", ""129352307"", ""131956124""]"
none_subset,4,220807537,204659845,57,84,0,0,0,0,0,0,"[""134898435"", ""191497108"", ""169347129"", ""200462582"", ""86771304"", ""209092004"", ""158555938"", ""152187673"", ""165685416"", ""207899750""]"
none_subset,4,56997833,61128649,62,685,0,0,0,0,0,0,"[""32728587"", ""130642042"", ""194843976"", ""156885677"", ""46446514"", ""176645947"", ""180324136"", ""113547578"", ""143685562"", ""142923518""]"
none_subset,4,220381743,205089575,62,1316,0,0,0,0,0,0,"[""188189839"", ""141754702"", ""152815967"", ""53450905"", ""48004410"", ""72936314"", ""74887373"", ""98255078"", ""188696626"", ""10132068""]"
none_subset,4,61236714,59245151,43,79,0,0,0,0,0,0,"[""59547777"", ""78343862"", ""120188232"", ""171888747"", ""127047625"", ""76970617"", ""61372398"", ""127415515"", ""164097777"", ""64909841""]"
none_subset,4,207455362,183689008,4,183,0,0,0,0,0,0,"[""197090565"", ""190079873"", ""207143420"", ""200589462"", ""190777127"", ""207099729"", ""151451581"", ""187600900"", ""200588216"", ""192473388""]"
none_subset,4,168341646,130621262,38,1548,0,0,0,0,0,0,"[""205428792"", ""117957932"", ""350786"", ""112389064"", ""114055239"", ""151180760"", ""126816860"", ""118389997"", ""106812535"", ""108421334""]"
none_subset,4,218576676,200806157,46,303,0,0,0,0,0,0,"[""110268464"", ""158079920"", ""105064166"", ""89928081"", ""200400926"", ""165704043"", ""197423739"", ""82615761"", ""132690796"", ""120932240""]"
none_subset,4,124317114,109323350,57,2297,0,0,0,0,0,0,"[""107833046"", ""148083172"", ""189194901"", ""211568673"", ""210262988"", ""113033151"", ""159329515"", ""169798721"", ""208737490"", ""191567189""]"
none_subset,4,216420739,198700939,57,126,0,0,0,0,0,0,"[""187760067"", ""212489788"", ""213974986"", ""160412889"", ""208971595"", ""175993260"", ""207323988"", ""208101032"", ""209173908"", ""211047562""]"
none_subset,4,205170167,180083904,62,721,0,0,0,0,0,0,"[""135449877"", ""199493591"", ""185145276"", ""200028880"", ""195057440"", ""130605260"", ""113547578"", ""194448826"", ""204150547"", ""165119271""]"
none_subset,4,220045550,101312348,38,101,0,0,0,0,0,0,"[""124833754"", ""64397678"", ""204224738"", ""193002592"", ""147335135"", ""206865806"", ""155012065"", ""171909035"", ""147686192"", ""139423553""]"
none_subset,4,174047840,135451052,4,9,0,0,0,1,1,1,"[""191300394"", ""171159402"", ""161281171"", ""203910236"", ""191564735"", ""174865960"", ""56795758"", ""102233014"", ""135451052"", ""179145991""]"
none_subset,4,180512284,115629895,64,344,0,0,0,0,0,0,"[""136401281"", ""124192379"", ""159992550"", ""151937269"", ""159022081"", ""200043378"", ""76186918"", ""8645666"", ""146495081"", ""201566530""]"
none_subset,4,176245799,145782832,38,38,0,0,0,0,0,1,"[""93923477"", ""69722104"", ""168644115"", ""181551206"", ""28528703"", ""71140696"", ""189745383"", ""29779319"", ""155797305"", ""188178632""]"
none_subset,4,214546595,195055828,37,548,0,0,0,0,0,0,"[""201742088"", ""181408383"", ""213637743"", ""191434197"", ""198478244"", ""191538851"", ""98327133"", ""204075228"", ""186811713"", ""136265720""]"
none_subset,4,57177961,60838304,43,645,0,0,0,0,0,0,"[""127635452"", ""50216046"", ""90293525"", ""58467420"", ""181167814"", ""85304386"", ""145112504"", ""163402666"", ""38841821"", ""86505092""]"
none_subset,4,172933460,63641982,64,250,0,0,0,0,0,0,"[""204754543"", ""58475692"", ""174095805"", ""171025610"", ""172848022"", ""151526168"", ""164025251"", ""201882684"", ""183334464"", ""186850320""]"
none_subset,4,170199834,129359241,64,51,0,0,0,0,0,0,"[""179411117"", ""174772202"", ""132289907"", ""45933851"", ""168179093"", ""64620490"", ""212572450"", ""42887451"", ""165315994"", ""99717427""]"
none_subset,4,223672720,197363388,43,36,0,0,0,0,0,1,"[""153525929"", ""213080586"", ""179105716"", ""134654337"", ""137286819"", ""199715257"", ""156572884"", ""205502338"", ""209622362"", ""141700690""]"
none_subset,4,224815424,126550195,64,219,0,0,0,0,0,0,"[""101586852"", ""101574803"", ""131561726"", ""209791442"", ""142949356"", ""91922866"", ""125541158"", ""194651505"", ""95477523"", ""148170791""]"
none_subset,4,207612822,176670740,37,157,0,0,0,0,0,0,"[""209154292"", ""213318077"", ""208141913"", ""211802210"", ""183693328"", ""186811713"", ""123971162"", ""191257187"", ""202227327"", ""202328948""]"
none_subset,4,163945645,191529007,62,1481,0,0,0,0,0,0,"[""110202670"", ""146664101"", ""106557292"", ""84991316"", ""102076897"", ""210213676"", ""194843976"", ""173850609"", ""203886140"", ""144426369""]"
none_subset,4,180060816,144264277,4,982,0,0,0,0,0,0,"[""160501086"", ""193026353"", ""141085810"", ""145094055"", ""94319899"", ""146649572"", ""190340453"", ""94286928"", ""42043129"", ""144067777""]"
none_subset,4,195375510,162200226,37,662,0,0,0,0,0,0,"[""213471023"", ""182489418"", ""209543868"", ""141241455"", ""174160467"", ""185411714"", ""205214483"", ""119357902"", ""92247640"", ""143865659""]"
none_subset,4,225243021,214643235,4,505,0,0,0,0,0,0,"[""210484477"", ""191316160"", ""194160187"", ""198615413"", ""211858811"", ""194722275"", ""210550451"", ""201211887"", ""206636227"", ""185107867""]"
none_subset,4,106834933,91942518,38,323,0,0,0,0,0,0,"[""44557915"", ""176455982"", ""171248361"", ""186723077"", ""208325890"", ""213040734"", ""211069820"", ""204985593"", ""181933334"", ""62361505""]"
none_subset,4,211646926,181045567,4,618,0,0,0,0,0,0,"[""191690738"", ""185429569"", ""184320812"", ""156841339"", ""145094055"", ""155703180"", ""139418370"", ""190789377"", ""200344150"", ""149247164""]"
none_subset,4,210605564,186646910,37,22,0,0,0,0,1,1,"[""142630827"", ""192456013"", ""174850296"", ""77617528"", ""184997997"", ""190788723"", ""75362158"", ""205328844"", ""72535542"", ""192227530""]"
none_subset,4,224918550,214968505,4,41,0,0,0,0,0,1,"[""185880119"", ""202705628"", ""180843726"", ""193481695"", ""201211887"", ""194160187"", ""177825434"", ""191316160"", ""148331489"", ""191209763""]"
none_subset,4,198480847,171775539,46,161,0,0,0,0,0,0,"[""45769216"", ""164665349"", ""61233280"", ""92873779"", ""98678440"", ""212168388"", ""208143888"", ""160771991"", ""172684450"", ""189549167""]"
none_subset,4,79745214,81812584,64,2903,0,0,0,0,0,0,"[""195841911"", ""126295674"", ""177968315"", ""165717472"", ""174916841"", ""136053941"", ""92304326"", ""98469115"", ""157187324"", ""77671900""]"
none_subset,4,48794483,75554045,38,458,0,0,0,0,0,0,"[""82057494"", ""134908634"", ""211267789"", ""145417944"", ""110415230"", ""167722391"", ""197273368"", ""136280716"", ""55757524"", ""206277956""]"
none_subset,4,167721852,138308946,4,101,0,0,0,0,0,0,"[""134362005"", ""169992252"", ""206345303"", ""136386916"", ""213963033"", ""109285514"", ""160135566"", ""136900812"", ""210309601"", ""116960194""]"
none_subset,4,155450786,132289907,64,328,0,0,0,0,0,0,"[""115629895"", ""188619722"", ""154046140"", ""200883111"", ""153271284"", ""211216257"", ""158126671"", ""210516871"", ""192779268"", ""147671714""]"
none_subset,4,223592381,207755116,37,115,0,0,0,0,0,0,"[""137062195"", ""185266696"", ""141241455"", ""150950507"", ""182489418"", ""188918346"", ""174850296"", ""185411714"", ""211215773"", ""153551614""]"
none_subset,4,128891295,113764919,57,714,0,0,0,0,0,0,"[""140761987"", ""182367509"", ""133448263"", ""150231110"", ""77251172"", ""193568914"", ""206116320"", ""173549637"", ""138785776"", ""171450864""]"
none_subset,4,217777998,201905433,43,131,0,0,0,0,0,0,"[""192529072"", ""185897088"", ""211667378"", ""164527202"", ""184056715"", ""195756368"", ""193585048"", ""156158359"", ""192319538"", ""196161702""]"
none_subset,4,211481710,190789377,4,167,0,0,0,0,0,0,"[""192424356"", ""192331154"", ""160129846"", ""190594964"", ""190495475"", ""189901460"", ""153928357"", ""201454668"", ""182794391"", ""193843184""]"
none_subset,4,224668128,214336951,43,783,0,0,0,0,0,0,"[""75083855"", ""174475381"", ""203886811"", ""126470047"", ""134678718"", ""213080586"", ""213210833"", ""105774118"", ""15648138"", ""210534170""]"
none_subset,4,201662927,176402227,4,12,0,0,0,0,1,1,"[""178240944"", ""168012970"", ""177338367"", ""206289183"", ""133093456"", ""195480266"", ""131936243"", ""180277966"", ""214341619"", ""164648915""]"
none_subset,4,215705728,79130254,64,205,0,0,0,0,0,0,"[""200969900"", ""163128971"", ""207152337"", ""180165679"", ""177080791"", ""174848979"", ""112345894"", ""212527992"", ""109850825"", ""142556394""]"
none_subset,4,207269457,109562038,46,141,0,0,0,0,0,0,"[""211336503"", ""212730825"", ""141722116"", ""210175793"", ""170881830"", ""168791195"", ""181020941"", ""208719036"", ""203190117"", ""108934756""]"
none_subset,4,203378996,177115567,64,99,0,0,0,0,0,0,"[""139771827"", ""208979760"", ""86754048"", ""182382634"", ""212225448"", ""173622957"", ""158815187"", ""110198506"", ""213477902"", ""173492513""]"
none_subset,4,170514974,135092085,64,492,0,0,0,0,0,0,"[""179411117"", ""201033612"", ""168179093"", ""72224328"", ""99717427"", ""165315994"", ""142231631"", ""193734151"", ""45933851"", ""97353101""]"
none_subset,4,213853352,191305287,64,1392,0,0,0,0,0,0,"[""130875563"", ""191000780"", ""31017779"", ""187406196"", ""105016789"", ""95788322"", ""171371555"", ""120675251"", ""179767835"", ""98518695""]"
none_subset,4,161660267,137935033,43,429,0,0,0,0,0,0,"[""185196782"", ""204620017"", ""205133651"", ""150794676"", ""153170090"", ""201006052"", ""143317431"", ""175717483"", ""111684767"", ""133220748""]"
none_subset,4,205652281,115405939,38,661,0,0,0,0,0,0,"[""125496543"", ""186173164"", ""73148680"", ""100946794"", ""167154238"", ""164678834"", ""154762222"", ""197527964"", ""102676974"", ""167983168""]"
none_subset,4,213799986,154324585,64,233,0,0,0,0,0,0,"[""76747946"", ""73065988"", ""200883111"", ""168805608"", ""146391695"", ""96822403"", ""214169517"", ""85531879"", ""173458489"", ""121442493""]"
none_subset,4,202508544,174770035,4,1705,0,0,0,0,0,0,"[""140425447"", ""195751544"", ""143872793"", ""63027674"", ""202362364"", ""129568541"", ""164284194"", ""113084668"", ""171029402"", ""207726716""]"
none_subset,4,224242506,213870777,4,2,0,1,1,1,1,1,"[""212819052"", ""213870777"", ""201066059"", ""215580343"", ""126589900"", ""214275181"", ""184322806"", ""210871478"", ""140968055"", ""210709127""]"
none_subset,4,205929679,180795487,46,246,0,0,0,0,0,0,"[""158946684"", ""100503293"", ""201215254"", ""68978046"", ""203665704"", ""113654919"", ""105148782"", ""64234906"", ""171694803"", ""140827649""]"
none_subset,4,176134296,148457347,4,215,0,0,0,0,0,0,"[""162653386"", ""165897952"", ""86878993"", ""157752611"", ""144811459"", ""184994826"", ""113779353"", ""129435163"", ""180266107"", ""150793474""]"
none_subset,4,215164166,191705183,46,94,0,0,0,0,0,0,"[""181810712"", ""144423993"", ""113000796"", ""124310282"", ""170352052"", ""201991995"", ""151511658"", ""150142821"", ""194301324"", ""186116554""]"
none_subset,4,209594529,187225097,4,384,0,0,0,0,0,0,"[""27693819"", ""176566249"", ""182361800"", ""198809896"", ""181054833"", ""50883863"", ""102233014"", ""208530280"", ""207097865"", ""201066421""]"
none_subset,4,194785559,166812865,64,797,0,0,0,0,0,0,"[""128607088"", ""146444401"", ""19607163"", ""153330413"", ""168711759"", ""146630451"", ""151366408"", ""115077619"", ""138322181"", ""121260031""]"
none_subset,4,194818892,161497124,46,2,0,1,1,1,1,1,"[""205368126"", ""161497124"", ""168398292"", ""173222203"", ""160547557"", ""161172541"", ""204029234"", ""199457581"", ""179855914"", ""136586472""]"
none_subset,4,209422927,176978968,43,4,0,0,1,1,1,1,"[""120188232"", ""133220748"", ""134461446"", ""176978968"", ""186925656"", ""191701553"", ""204570694"", ""185419010"", ""195791947"", ""182081124""]"
none_subset,4,209385137,181057790,64,1611,0,0,0,0,0,0,"[""195529634"", ""116380815"", ""206003254"", ""179015555"", ""200590603"", ""152312239"", ""157313823"", ""204125965"", ""78822097"", ""103416735""]"
none_subset,4,193926930,119064343,43,1,1,1,1,1,1,1,"[""119064343"", ""67606658"", ""192774637"", ""179054743"", ""139778348"", ""188399184"", ""189266294"", ""215052803"", ""196069283"", ""123511609""]"
none_subset,4,124522237,100809776,46,154,0,0,0,0,0,0,"[""203778148"", ""78390422"", ""168442343"", ""201508287"", ""198522018"", ""106926227"", ""186078356"", ""172250706"", ""194132989"", ""191974228""]"
none_subset,4,117909099,104680991,4,364,0,0,0,0,0,0,"[""202290969"", ""98800805"", ""169281042"", ""202119489"", ""135783987"", ""193059683"", ""167564443"", ""181099236"", ""168222985"", ""136187384""]"
none_subset,4,222892332,172547115,46,325,0,0,0,0,0,0,"[""208719036"", ""212905783"", ""210373455"", ""201436985"", ""204899704"", ""208458622"", ""210667015"", ""210310500"", ""210582711"", ""212261718""]"
none_subset,4,223690993,208584357,38,82,0,0,0,0,0,0,"[""123502593"", ""121756181"", ""180784190"", ""186723077"", ""206303400"", ""167193773"", ""58199619"", ""95406694"", ""207763939"", ""192708667""]"
none_subset,4,216068584,28421314,38,210,0,0,0,0,0,0,"[""198984787"", ""98186259"", ""67490532"", ""161419745"", ""171755799"", ""168804724"", ""171949747"", ""44504337"", ""143848258"", ""146798535""]"
none_subset,4,190170843,149389681,38,21,0,0,0,0,1,1,"[""207422358"", ""41147018"", ""196569551"", ""211428575"", ""198703958"", ""149343290"", ""126213900"", ""156904280"", ""107256101"", ""215127574""]"
none_subset,4,117081899,100690598,38,74,0,0,0,0,0,0,"[""206039176"", ""188544896"", ""204375245"", ""207694901"", ""208395385"", ""162345431"", ""202152397"", ""31980662"", ""170938980"", ""124441124""]"
none_subset,4,210583888,188696626,62,51,0,0,0,0,0,0,"[""115226483"", ""207100364"", ""187207232"", ""187005682"", ""206434730"", ""74279773"", ""146533271"", ""214173290"", ""22079020"", ""212503126""]"
none_subset,4,196081246,162009040,43,382,0,0,0,0,0,0,"[""171888747"", ""128872941"", ""150794676"", ""162630675"", ""133220748"", ""145130578"", ""67909736"", ""127254122"", ""191583920"", ""195408710""]"
none_subset,4,182521870,115864237,64,747,0,0,0,0,0,0,"[""176297212"", ""193536959"", ""149253481"", ""143656811"", ""76676235"", ""200043378"", ""140676990"", ""124192379"", ""151315331"", ""208234215""]"
none_subset,4,181876499,103017168,46,1916,0,0,0,0,0,0,"[""144865911"", ""203644944"", ""206395045"", ""210734819"", ""214343067"", ""212905783"", ""180188915"", ""213291067"", ""172827091"", ""204484014""]"
none_subset,4,201650625,86380155,37,451,0,0,0,0,0,0,"[""116929460"", ""169770537"", ""172213324"", ""50482792"", ""127670055"", ""208575649"", ""88872127"", ""148596814"", ""101679570"", ""122714440""]"
none_subset,4,194797571,165829832,46,1692,0,0,0,0,0,0,"[""105064166"", ""197454401"", ""160110731"", ""193559506"", ""159344605"", ""157723146"", ""106199788"", ""165756140"", ""155017018"", ""157884203""]"
none_subset,4,161979809,124110006,64,500,0,0,0,0,0,0,"[""199462684"", ""210720310"", ""215138112"", ""200969900"", ""212527992"", ""211309611"", ""134305173"", ""130875563"", ""202090142"", ""200016831""]"
none_subset,4,225320701,209631907,46,273,0,0,0,0,0,0,"[""215475381"", ""194136520"", ""102458654"", ""142410249"", ""194138608"", ""205031717"", ""134160126"", ""71898634"", ""165073004"", ""129879441""]"
none_subset,4,208048114,179803138,46,344,0,0,0,0,0,0,"[""150142821"", ""111095231"", ""191705183"", ""106707342"", ""99309357"", ""118566996"", ""130256763"", ""153408319"", ""208035235"", ""164400164""]"
none_subset,4,217747016,200331414,46,138,0,0,0,0,0,0,"[""68978046"", ""149547737"", ""132605956"", ""212767225"", ""110268464"", ""99453113"", ""174465659"", ""197454401"", ""64234906"", ""204630509""]"
none_subset,4,220095257,194465314,4,333,0,0,0,0,0,0,"[""154928608"", ""183725729"", ""200589143"", ""144995106"", ""145094055"", ""93467050"", ""201066421"", ""207050878"", ""182361800"", ""201514296""]"
none_subset,4,161307230,127751465,37,100,0,0,0,0,0,0,"[""57231571"", ""156634898"", ""139290462"", ""131030641"", ""90418462"", ""133686967"", ""137062195"", ""29945880"", ""96028215"", ""79730026""]"
none_subset,4,155302456,108320509,46,678,0,0,0,0,0,0,"[""130584459"", ""174560765"", ""176719987"", ""193771129"", ""136611559"", ""208171217"", ""106996414"", ""108479850"", ""99536865"", ""210482648""]"
none_subset,4,222071826,210310500,46,50,0,0,0,0,0,1,"[""210856802"", ""171636556"", ""211159708"", ""208719036"", ""201436985"", ""210498678"", ""209482743"", ""179347666"", ""210417568"", ""212384469""]"
none_subset,4,140138854,119093613,46,10,0,0,0,1,1,1,"[""151511658"", ""102529512"", ""108786028"", ""97623791"", ""167265746"", ""150142821"", ""80195905"", ""37708588"", ""73765596"", ""119093613""]"
none_subset,4,224948603,193793367,64,8,0,0,0,1,1,1,"[""135170809"", ""165717472"", ""69227080"", ""153275921"", ""174916841"", ""126295674"", ""206142030"", ""193793367"", ""163956163"", ""98469115""]"
none_subset,4,195295522,132751926,43,440,0,0,0,0,0,0,"[""197247575"", ""203338637"", ""198313310"", ""166997029"", ""177067604"", ""214098104"", ""164285938"", ""160058303"", ""77936758"", ""169194192""]"
none_subset,4,216305480,199422802,4,2,0,1,1,1,1,1,"[""195751544"", ""199422802"", ""182060832"", ""184087480"", ""123469638"", ""213815291"", ""204482650"", ""191627911"", ""12396291"", ""195078992""]"
none_subset,4,135081167,112930320,4,157,0,0,0,0,0,0,"[""194377968"", ""183725729"", ""194338856"", ""56134226"", ""144995106"", ""154928608"", ""137934343"", ""182361800"", ""201066421"", ""155106827""]"
none_subset,4,211700245,189799383,38,1811,0,0,0,0,0,0,"[""204880845"", ""100749834"", ""192654276"", ""111639650"", ""169004224"", ""205112185"", ""182866917"", ""157657051"", ""69350726"", ""139197933""]"
none_subset,4,225327396,209208662,37,20,0,0,0,0,1,1,"[""154316487"", ""188618147"", ""183923787"", ""126929630"", ""191072467"", ""156898538"", ""170049514"", ""140684017"", ""212047029"", ""127873279""]"
none_subset,4,207497237,148800689,37,5,0,0,1,1,1,1,"[""203829614"", ""128177539"", ""209172941"", ""193608318"", ""148800689"", ""192227530"", ""184357547"", ""85275000"", ""187423310"", ""148896266""]"
none_subset,4,183537865,152727959,37,161,0,0,0,0,0,0,"[""45171964"", ""159574917"", ""14688074"", ""192387012"", ""73988555"", ""187043151"", ""120040052"", ""163424021"", ""144029506"", ""201740861""]"
none_subset,4,181613499,152639237,46,85,0,0,0,0,0,0,"[""79086260"", ""177204083"", ""122229490"", ""97623791"", ""108786028"", ""133779076"", ""44366670"", ""104330915"", ""104586565"", ""143366526""]"
none_subset,4,222590160,202552531,64,599,0,0,0,0,0,0,"[""119651772"", ""196286888"", ""185087026"", ""206003254"", ""168712424"", ""195536773"", ""207826820"", ""213788530"", ""207475739"", ""205044594""]"
none_subset,4,211345994,178305613,4,154,0,0,0,0,0,0,"[""197475541"", ""201432635"", ""187408602"", ""105762137"", ""190075149"", ""165955611"", ""176397812"", ""107438445"", ""188882555"", ""211385428""]"
none_subset,4,224751423,214758060,64,185,0,0,0,0,0,0,"[""131569653"", ""194775259"", ""144281937"", ""212485762"", ""109320323"", ""106156401"", ""88248087"", ""77539256"", ""162285368"", ""174183108""]"
none_subset,4,180288071,147531803,43,178,0,0,0,0,0,0,"[""192317105"", ""163980868"", ""207851646"", ""197891724"", ""159482543"", ""190172562"", ""118484592"", ""183965795"", ""188036629"", ""99234253""]"
none_subset,4,213770937,194478821,38,24,0,0,0,0,1,1,"[""168166428"", ""189738652"", ""186432633"", ""205051314"", ""68644542"", ""151342069"", ""190110099"", ""205170862"", ""181203442"", ""145782832""]"
none_subset,4,199143075,151630608,64,686,0,0,0,0,0,0,"[""183047062"", ""185454425"", ""141045171"", ""144073843"", ""112345894"", ""120420310"", ""152603802"", ""210444502"", ""112056185"", ""168633758""]"
none_subset,4,127293138,102741176,37,386,0,0,0,0,0,0,"[""211746985"", ""196774938"", ""89714653"", ""188679659"", ""146962916"", ""191072467"", ""154316487"", ""129735644"", ""178545557"", ""197590287""]"
none_subset,4,159187996,127512781,64,63,0,0,0,0,0,0,"[""149715107"", ""194941994"", ""60032340"", ""62550428"", ""181619566"", ""190043031"", ""128217933"", ""193072604"", ""213229768"", ""188038298""]"
none_subset,4,41839803,66009090,64,923,0,0,0,0,0,0,"[""67144823"", ""193135598"", ""44495615"", ""122273058"", ""174183108"", ""103416735"", ""207446541"", ""77539256"", ""153144742"", ""188599489""]"
none_subset,4,197586002,170310110,57,1218,0,0,0,0,0,0,"[""202643099"", ""201084593"", ""213299500"", ""183322220"", ""194650480"", ""210061616"", ""181102109"", ""211144109"", ""209726587"", ""197209314""]"
none_subset,4,220845685,165756140,46,638,0,0,0,0,0,0,"[""209621390"", ""204632637"", ""167076699"", ""164719903"", ""205325118"", ""197060143"", ""160116624"", ""203523969"", ""207365064"", ""209145387""]"
none_subset,4,144723417,126898247,37,822,0,0,0,0,0,0,"[""213471023"", ""146527115"", ""137062195"", ""141241455"", ""57914905"", ""201740861"", ""160185355"", ""181988758"", ""89171973"", ""182387619""]"
none_subset,4,221140475,161194868,62,1,1,1,1,1,1,1,"[""161194868"", ""110895997"", ""124884051"", ""67295737"", ""195518176"", ""128589400"", ""105231780"", ""192458679"", ""201108158"", ""89506987""]"
none_subset,4,215133517,173279591,43,1,1,1,1,1,1,1,"[""173279591"", ""185696449"", ""177473145"", ""177472789"", ""169770541"", ""192559614"", ""114685682"", ""134999759"", ""90011446"", ""125934100""]"
none_subset,4,118955952,96112528,62,135,0,0,0,0,0,0,"[""150777456"", ""185606507"", ""212299208"", ""195764867"", ""196478095"", ""129583561"", ""174740662"", ""186693429"", ""182512987"", ""174719537""]"
none_subset,4,161520335,121775976,37,47,0,0,0,0,0,1,"[""183122776"", ""152762226"", ""188967908"", ""58893791"", ""213026576"", ""183978577"", ""109130798"", ""158117230"", ""42842956"", ""103348357""]"
none_subset,4,215206177,183901246,57,542,0,0,0,0,0,0,"[""198668676"", ""47987945"", ""194300354"", ""17825658"", ""65038796"", ""178080778"", ""136281016"", ""84818159"", ""110871984"", ""203709549""]"
none_subset,4,187691330,154904834,38,235,0,0,0,0,0,0,"[""192191594"", ""145998937"", ""149343290"", ""157993089"", ""128022775"", ""192992682"", ""157714512"", ""211427284"", ""88485908"", ""129594031""]"
none_subset,4,225332725,214896797,4,19,0,0,0,0,1,1,"[""214480072"", ""207568797"", ""159659843"", ""138230611"", ""52610271"", ""158546701"", ""125970295"", ""207680766"", ""177857518"", ""165320417""]"
none_subset,4,174712116,139342323,4,480,0,0,0,0,0,0,"[""181288745"", ""193746035"", ""191564735"", ""149264383"", ""176599974"", ""140664871"", ""191300394"", ""153069902"", ""186775950"", ""157346101""]"
none_subset,4,87804149,85130633,57,858,0,0,0,0,0,0,"[""199205992"", ""211088598"", ""201836899"", ""171298197"", ""127821311"", ""177353155"", ""195614608"", ""193131106"", ""148672945"", ""165031640""]"
none_subset,4,195850285,136445502,38,17,0,0,0,0,1,1,"[""161419745"", ""137272079"", ""143848258"", ""193669795"", ""164618247"", ""198984787"", ""125505087"", ""149270771"", ""204880845"", ""122560021""]"
none_subset,4,37254924,41145233,43,145,0,0,0,0,0,0,"[""165742476"", ""144744853"", ""192287850"", ""197580291"", ""200253605"", ""158317596"", ""82745740"", ""120630424"", ""164354706"", ""197833947""]"
none_subset,4,177089730,143848258,38,14,0,0,0,0,1,1,"[""182704194"", ""201030455"", ""211454407"", ""198984787"", ""67490532"", ""98186259"", ""122560021"", ""143671272"", ""211021392"", ""213448007""]"
none_subset,4,142279373,116393868,46,505,0,0,0,0,0,0,"[""71898634"", ""102458654"", ""53654857"", ""48680779"", ""111715361"", ""50445939"", ""205031717"", ""147047749"", ""201879785"", ""208143888""]"
none_subset,4,166547112,131943838,37,192,0,0,0,0,0,0,"[""166280219"", ""200025016"", ""126929630"", ""188679659"", ""127873279"", ""129735644"", ""197590287"", ""212047029"", ""159931625"", ""194918694""]"
none_subset,4,217687223,52992112,62,7,0,0,0,1,1,1,"[""15942056"", ""115226483"", ""203397613"", ""167352840"", ""45997741"", ""156966802"", ""52992112"", ""179203933"", ""58086605"", ""111672985""]"
none_subset,4,222413500,210871676,62,139,0,0,0,0,0,0,"[""172997177"", ""196478095"", ""213066001"", ""208719189"", ""185851832"", ""192447937"", ""185606507"", ""124000667"", ""211070786"", ""207503734""]"
none_subset,4,209967205,169591737,4,188,0,0,0,0,0,0,"[""149095048"", ""151518049"", ""120663751"", ""172890535"", ""76515539"", ""138975756"", ""198070526"", ""129435163"", ""164940716"", ""191695909""]"
none_subset,4,186680627,155875698,57,1218,0,0,0,0,0,0,"[""107740612"", ""213979557"", ""211212706"", ""214410624"", ""209366221"", ""177152495"", ""190378651"", ""195818826"", ""139707932"", ""210561739""]"
none_subset,4,207494441,183750892,4,33,0,0,0,0,0,1,"[""192331154"", ""181099732"", ""205600080"", ""185107867"", ""206940426"", ""191147915"", ""190161584"", ""184022783"", ""199780246"", ""203746928""]"
none_subset,4,186903115,100680008,38,390,0,0,0,0,0,0,"[""95395941"", ""206303400"", ""121028401"", ""162629010"", ""98884535"", ""155332547"", ""101699801"", ""121550726"", ""95406694"", ""127669143""]"
none_subset,4,113317297,100882487,46,57,0,0,0,0,0,0,"[""146029150"", ""147047749"", ""182136657"", ""78094109"", ""190224714"", ""145084375"", ""176659851"", ""211380085"", ""207529569"", ""102529512""]"
none_subset,4,204024681,158075100,64,27,0,0,0,0,1,1,"[""183047062"", ""112345894"", ""144073843"", ""141045171"", ""152603802"", ""210444502"", ""168633758"", ""153490486"", ""60260391"", ""48108527""]"
none_subset,4,212904755,150577652,4,540,0,0,0,0,0,0,"[""112540745"", ""117471262"", ""171447530"", ""152566280"", ""197860156"", ""194142299"", ""191695096"", ""192424356"", ""143852845"", ""136474102""]"
none_subset,4,224986751,214961917,37,1420,0,0,0,0,0,0,"[""174852305"", ""144899760"", ""113225323"", ""182207000"", ""146393296"", ""153367008"", ""136574012"", ""140706897"", ""113068731"", ""159816408""]"
none_subset,4,170918900,135776258,43,572,0,0,0,0,0,0,"[""144399603"", ""75959067"", ""160295191"", ""171833857"", ""90011446"", ""111985578"", ""199412521"", ""134351846"", ""144628962"", ""192784424""]"
none_subset,4,134673711,98741685,38,1053,0,0,0,0,0,0,"[""146723193"", ""199347203"", ""142598311"", ""155422545"", ""207948213"", ""139134458"", ""190110099"", ""179018718"", ""193575305"", ""176682595""]"
none_subset,4,219248296,151333626,38,104,0,0,0,0,0,0,"[""130168090"", ""159911050"", ""31980662"", ""206506072"", ""67142038"", ""149579144"", ""124441124"", ""207390508"", ""162629010"", ""200931885""]"
none_subset,4,209157409,181045567,4,80,0,0,0,0,0,0,"[""123881493"", ""188935668"", ""147740083"", ""157752611"", ""169697872"", ""180266107"", ""195717749"", ""42368928"", ""151681239"", ""191536688""]"
none_subset,4,184280693,156251697,4,1215,0,0,0,0,0,0,"[""148281605"", ""181715447"", ""119644839"", ""153939423"", ""116057633"", ""34047790"", ""150679730"", ""122564854"", ""119106930"", ""12396291""]"
none_subset,4,207680174,181683776,4,142,0,0,0,0,0,0,"[""149095048"", ""172890535"", ""144373105"", ""129435163"", ""76515539"", ""23408401"", ""50847980"", ""162653386"", ""9766161"", ""182263629""]"
none_subset,4,111155748,99862014,64,2092,0,0,0,0,0,0,"[""188820923"", ""80281524"", ""181619566"", ""187708913"", ""62550428"", ""194941994"", ""179201033"", ""124198714"", ""90897593"", ""193072604""]"
none_subset,4,93917220,63699736,38,391,0,0,0,0,0,0,"[""156836340"", ""155788187"", ""153285645"", ""156481100"", ""159356640"", ""137064462"", ""156470070"", ""84270721"", ""194567057"", ""109987226""]"
none_subset,4,146255762,81332784,46,110,0,0,0,0,0,0,"[""53547017"", ""123813852"", ""166648954"", ""214377421"", ""142607225"", ""138809171"", ""208171217"", ""210902832"", ""206602271"", ""195780279""]"
none_subset,4,142940456,124330451,38,170,0,0,0,0,0,0,"[""109987226"", ""204637998"", ""199347203"", ""147686192"", ""126884451"", ""204224738"", ""188709100"", ""132567182"", ""197735844"", ""200285040""]"
none_subset,4,42688693,17141705,62,349,0,0,0,0,0,0,"[""72936314"", ""117835777"", ""32384255"", ""165227647"", ""48004410"", ""97195771"", ""94546694"", ""114361554"", ""32200239"", ""194803893""]"
none_subset,4,182878818,146962695,43,1059,0,0,0,0,0,0,"[""126415167"", ""198423070"", ""104715442"", ""116979481"", ""156158359"", ""193581474"", ""188369365"", ""146350689"", ""178093344"", ""196729212""]"
none_subset,4,63113161,69904249,38,1058,0,0,0,0,0,0,"[""200169056"", ""149982401"", ""92430066"", ""192992682"", ""12905940"", ""203692617"", ""160458687"", ""99824538"", ""200830087"", ""145629363""]"
none_subset,4,191742216,160129846,4,533,0,0,0,0,0,0,"[""202705628"", ""160037231"", ""185880119"", ""207322592"", ""168819498"", ""191209763"", ""186739934"", ""146649572"", ""190503853"", ""193858344""]"
none_subset,4,186945430,148682248,62,1818,0,0,0,0,0,0,"[""162263431"", ""75207324"", ""212966939"", ""45013331"", ""70381552"", ""164086518"", ""45997741"", ""53450905"", ""85137253"", ""42940692""]"
none_subset,4,168756817,142537342,46,386,0,0,0,0,0,0,"[""78516486"", ""190912236"", ""44366670"", ""178445507"", ""138384198"", ""79086260"", ""89045186"", ""179760906"", ""12880586"", ""132867538""]"
none_subset,4,216158444,190316507,37,316,0,0,0,0,0,0,"[""203730564"", ""209000043"", ""190569345"", ""201660893"", ""193995538"", ""164058126"", ""207481345"", ""151808122"", ""212172992"", ""207178377""]"
none_subset,4,189801807,161417702,37,2426,0,0,0,0,0,0,"[""198753304"", ""99231086"", ""181913855"", ""190555289"", ""139307132"", ""116794455"", ""186443492"", ""178545557"", ""168359992"", ""120679456""]"
none_subset,4,210174308,188363722,57,187,0,0,0,0,0,0,"[""166993395"", ""208742570"", ""205233758"", ""209942989"", ""156972409"", ""210148547"", ""141728487"", ""184846697"", ""207373637"", ""210472458""]"
none_subset,4,77232181,78627576,38,688,0,0,0,0,0,0,"[""203545957"", ""158733811"", ""139178008"", ""177744065"", ""125546461"", ""180907201"", ""207314698"", ""108386607"", ""200673130"", ""133935928""]"
none_subset,4,65445301,60424871,43,529,0,0,0,0,0,0,"[""127635452"", ""163402666"", ""181167814"", ""90293525"", ""86505092"", ""99992649"", ""178871976"", ""85304386"", ""38841821"", ""144167451""]"
none_subset,4,200314721,165590843,4,47,0,0,0,0,0,1,"[""116474962"", ""207566657"", ""109194953"", ""178007810"", ""162319116"", ""137829612"", ""161606528"", ""61021963"", ""196114621"", ""211541518""]"
none_subset,4,220444471,185912167,38,238,0,0,0,0,0,0,"[""192721742"", ""106027581"", ""210930251"", ""55877012"", ""83087072"", ""76978137"", ""98186259"", ""132680001"", ""198984787"", ""192587307""]"
none_subset,4,212615904,184071121,37,116,0,0,0,0,0,0,"[""176300467"", ""190646486"", ""174690214"", ""92273591"", ""187712911"", ""212776036"", ""132867062"", ""156440997"", ""94672340"", ""207481345""]"
none_subset,4,30383073,28656005,46,119,0,0,0,0,0,0,"[""138809171"", ""135652658"", ""174613608"", ""166648954"", ""53547017"", ""106146754"", ""170235414"", ""195780279"", ""138617659"", ""85070500""]"
none_subset,4,194714542,159200395,37,159,0,0,0,0,0,0,"[""133932837"", ""125097939"", ""188967908"", ""190113798"", ""158117230"", ""212140191"", ""183122776"", ""111085513"", ""154980557"", ""213026576""]"
none_subset,4,188912224,160058303,43,23,0,0,0,0,1,1,"[""201213450"", ""210822887"", ""191134281"", ""187215484"", ""211582481"", ""206290556"", ""143611276"", ""198078019"", ""180961442"", ""124898415""]"
none_subset,4,209501131,182010866,43,39,0,0,0,0,0,1,"[""44768555"", ""127979191"", ""145855101"", ""207021897"", ""138812364"", ""194343309"", ""127321663"", ""140993217"", ""129585321"", ""152645436""]"
none_subset,4,225329898,191805410,46,52,0,0,0,0,0,0,"[""176659851"", ""78696152"", ""146324638"", ""208649860"", ""73765596"", ""127485588"", ""182222562"", ""145504709"", ""78004872"", ""10034854""]"
none_subset,4,112958959,99222832,37,347,0,0,0,0,0,0,"[""149248013"", ""160929058"", ""141976904"", ""195462928"", ""194860062"", ""159129159"", ""105569391"", ""200164411"", ""122241592"", ""204420256""]"
none_subset,4,19734916,7496107,62,486,0,0,0,0,0,0,"[""127168363"", ""206927728"", ""180644383"", ""144501764"", ""131320559"", ""32645477"", ""203401813"", ""172843229"", ""96381369"", ""91942219""]"
none_subset,4,147796710,105081789,64,384,0,0,0,0,0,0,"[""69227080"", ""191000780"", ""95788322"", ""126785773"", ""149734769"", ""165717472"", ""135170809"", ""132289907"", ""193734151"", ""41031023""]"
none_subset,4,183931082,116857348,64,52,0,0,0,0,0,0,"[""194941994"", ""128607088"", ""60032340"", ""146444401"", ""167740456"", ""123687478"", ""115621700"", ""16060214"", ""97650176"", ""19607163""]"
none_subset,4,182877168,151964729,37,965,0,0,0,0,0,0,"[""96028215"", ""131943838"", ""89464961"", ""139391729"", ""152508279"", ""92247640"", ""23924949"", ""90418462"", ""117410846"", ""184320957""]"
none_subset,4,68668633,74117799,64,1838,0,0,0,0,0,0,"[""147553253"", ""128085943"", ""179521185"", ""121442493"", ""192498685"", ""69885765"", ""132328232"", ""137448907"", ""160842974"", ""179210556""]"
none_subset,4,180590735,151400588,38,279,0,0,0,0,0,0,"[""203422514"", ""155788187"", ""181943891"", ""118426597"", ""111176393"", ""76211714"", ""117334028"", ""156470070"", ""171072811"", ""192570569""]"
none_subset,4,223878241,203489048,43,695,0,0,0,0,0,0,"[""204057759"", ""126632799"", ""199715257"", ""162204782"", ""134507863"", ""153586175"", ""168714665"", ""77511038"", ""213139647"", ""102049448""]"
none_subset,4,72312635,43476772,64,157,0,0,0,0,0,0,"[""156194814"", ""62550428"", ""190043031"", ""193072604"", ""94082722"", ""80053399"", ""63993803"", ""127196288"", ""69248477"", ""181079853""]"
none_subset,4,216670544,200173512,43,45,0,0,0,0,0,1,"[""201213450"", ""184633847"", ""187215484"", ""210822887"", ""203417954"", ""182445092"", ""194022987"", ""202626349"", ""206290556"", ""201905433""]"
none_subset,4,79772428,72670018,62,1349,0,0,0,0,0,0,"[""190186845"", ""32200239"", ""56568319"", ""167352840"", ""167266244"", ""167750528"", ""70250999"", ""207100364"", ""115226483"", ""103725802""]"
none_subset,4,189014795,156066426,43,21,0,0,0,0,1,1,"[""196291255"", ""129483238"", ""183255762"", ""210940174"", ""165548600"", ""89360655"", ""213020277"", ""137017957"", ""180648286"", ""158916391""]"
none_subset,4,196576597,167833938,57,1247,0,0,0,0,0,0,"[""212108240"", ""213078674"", ""171896766"", ""125334350"", ""143721865"", ""152199865"", ""153865654"", ""197416724"", ""66276958"", ""152196065""]"
none_subset,4,42436354,48307499,37,182,0,0,0,0,0,0,"[""81981879"", ""147794006"", ""168678804"", ""171006297"", ""23924949"", ""33066220"", ""51749408"", ""156934315"", ""196981506"", ""16898206""]"
none_subset,4,210977349,189901460,4,1089,0,0,0,0,0,0,"[""170244713"", ""133070539"", ""148331489"", ""155106827"", ""177825434"", ""183018658"", ""179258061"", ""180843726"", ""139342323"", ""174770035""]"
none_subset,4,133539481,116918686,38,1047,0,0,0,0,0,0,"[""190122858"", ""91690080"", ""102368805"", ""107054492"", ""99753126"", ""135619578"", ""167575814"", ""214890741"", ""117957932"", ""107235735""]"
none_subset,4,194518674,155647098,57,1531,0,0,0,0,0,0,"[""202725978"", ""202626135"", ""63293833"", ""149427907"", ""110730358"", ""138751362"", ""177316731"", ""204648894"", ""159020175"", ""87345780""]"
none_subset,4,175295469,143875665,43,1040,0,0,0,0,0,0,"[""130448492"", ""140922487"", ""146898856"", ""101275830"", ""29596208"", ""179127750"", ""84802092"", ""121414926"", ""68189198"", ""99992649""]"
none_subset,4,206040429,135449945,62,207,0,0,0,0,0,0,"[""186756267"", ""167750528"", ""167266244"", ""162672578"", ""206434730"", ""146533271"", ""71180131"", ""193705208"", ""203397613"", ""28665915""]"
none_subset,4,134957970,112046908,38,207,0,0,0,0,0,0,"[""206303400"", ""207390535"", ""136989956"", ""149349102"", ""204218454"", ""163646287"", ""162918532"", ""154880168"", ""162629010"", ""194420087""]"
none_subset,4,42375630,46481554,46,398,0,0,0,0,0,0,"[""79596435"", ""120660699"", ""132957109"", ""188997673"", ""136576031"", ""50497846"", ""143280766"", ""137814996"", ""78347549"", ""32199561""]"
none_subset,4,135329967,116929460,37,7,0,0,0,1,1,1,"[""82620936"", ""101004970"", ""142630827"", ""208900697"", ""207755116"", ""37024390"", ""116929460"", ""164141851"", ""153551614"", ""129519764""]"
none_subset,4,207552768,183764775,4,24,0,0,0,0,1,1,"[""205600080"", ""191316160"", ""210484477"", ""185107867"", ""191147915"", ""203542152"", ""197090565"", ""191627911"", ""195510728"", ""180843726""]"
none_subset,4,223911113,213295875,62,44,0,0,0,0,0,1,"[""211990154"", ""174639103"", ""208719189"", ""206927728"", ""191313815"", ""192772254"", ""211070786"", ""172843229"", ""136965396"", ""210452869""]"
none_subset,4,171901450,134701518,57,1023,0,0,0,0,0,0,"[""131337069"", ""152811727"", ""208035957"", ""200976837"", ""191111309"", ""177111182"", ""193349740"", ""165671190"", ""167495362"", ""111733842""]"
none_subset,4,94318126,79219323,37,179,0,0,0,0,0,0,"[""81629443"", ""52789971"", ""101905613"", ""157270034"", ""141914395"", ""80167867"", ""76037021"", ""208944506"", ""60964945"", ""139571517""]"
none_subset,4,66674874,71990231,4,321,0,0,0,0,0,0,"[""156103241"", ""143929940"", ""177849963"", ""190067899"", ""93696567"", ""140998592"", ""143852845"", ""149095048"", ""214521847"", ""133639093""]"
none_subset,4,197036077,146304930,57,36,0,0,0,0,0,1,"[""162086507"", ""44099846"", ""84446338"", ""109983619"", ""122751221"", ""212867260"", ""122286186"", ""167879790"", ""147735917"", ""113047535""]"
none_subset,4,207669242,183225705,43,411,0,0,0,0,0,0,"[""106212567"", ""166329703"", ""154632495"", ""193590200"", ""55284074"", ""73371698"", ""120869286"", ""46154800"", ""178668945"", ""139778348""]"
none_subset,4,180751434,150129745,64,322,0,0,0,0,0,0,"[""46094230"", ""121260031"", ""151373996"", ""80098795"", ""97428675"", ""105898966"", ""186122058"", ""147984435"", ""187033175"", ""173661276""]"
none_subset,4,221126045,201704588,43,17,0,0,0,0,1,1,"[""212781685"", ""164268294"", ""194880726"", ""193746203"", ""197514276"", ""97506344"", ""108684069"", ""204268653"", ""200157421"", ""183640029""]"
none_subset,4,223230808,212216117,37,59,0,0,0,0,0,0,"[""201561139"", ""209172335"", ""193680819"", ""167674987"", ""206298198"", ""173966675"", ""196469804"", ""184297463"", ""206587185"", ""195744990""]"
none_subset,4,177789215,145698626,4,255,0,0,0,0,0,0,"[""139852579"", ""150679730"", ""144373105"", ""190621677"", ""120663751"", ""184587206"", ""122594682"", ""16847694"", ""184849383"", ""173055109""]"
none_subset,4,222158033,209156180,37,22,0,0,0,0,1,1,"[""145639775"", ""132869646"", ""80808834"", ""60946553"", ""209002652"", ""211415830"", ""120514294"", ""127087324"", ""133932837"", ""21522894""]"
none_subset,4,192119956,149266469,37,898,0,0,0,0,0,0,"[""146869816"", ""101004970"", ""126794514"", ""194957772"", ""149216805"", ""166280219"", ""194918694"", ""139307132"", ""194655381"", ""151601836""]"
none_subset,4,121225892,105854316,43,21,0,0,0,0,1,1,"[""129262032"", ""178419736"", ""212781685"", ""153557023"", ""136296407"", ""205731190"", ""163223965"", ""75993405"", ""107227181"", ""167483448""]"
none_subset,4,179492657,148382065,43,717,0,0,0,0,0,0,"[""121279267"", ""208864917"", ""200208585"", ""195408710"", ""130810261"", ""183691121"", ""201390391"", ""197613208"", ""182902299"", ""215052803""]"
none_subset,4,224149841,213430450,43,216,0,0,0,0,0,0,"[""198489911"", ""127321663"", ""129585321"", ""207021897"", ""44768555"", ""114163759"", ""138812364"", ""118436830"", ""140993217"", ""113148533""]"
none_subset,4,197596838,159701581,37,996,0,0,0,0,0,0,"[""206967323"", ""190113798"", ""203837820"", ""212934023"", ""188550286"", ""209587702"", ""99567115"", ""170350787"", ""211954189"", ""209000043""]"
none_subset,4,221943904,206506072,38,882,0,0,0,0,0,0,"[""151805156"", ""153686086"", ""123502593"", ""133404015"", ""207763939"", ""180784190"", ""181340196"", ""171248361"", ""174728190"", ""204880865""]"
none_subset,4,185015935,150778048,37,266,0,0,0,0,0,0,"[""183978577"", ""188967908"", ""158117230"", ""139778879"", ""25189123"", ""183122776"", ""213026576"", ""29496516"", ""133932837"", ""160990803""]"
none_subset,4,214248010,195057440,62,1204,0,0,0,0,0,0,"[""69002225"", ""58086605"", ""191201365"", ""136225463"", ""186169702"", ""190355590"", ""115226483"", ""187612359"", ""145797588"", ""207156102""]"
none_subset,4,156067516,81576657,62,148,0,0,0,0,0,0,"[""127168363"", ""113994482"", ""79071994"", ""201325161"", ""32645477"", ""96381369"", ""152708416"", ""193455135"", ""209151724"", ""114243605""]"
none_subset,4,128825916,106268905,43,89,0,0,0,0,0,0,"[""64515020"", ""83550407"", ""126470047"", ""184481904"", ""145996061"", ""179041576"", ""53878026"", ""120122284"", ""199700611"", ""194759873""]"
none_subset,4,223217989,198209727,64,850,0,0,0,0,0,0,"[""132289907"", ""214122620"", ""174287144"", ""101323481"", ""98469115"", ""209368038"", ""141983245"", ""124963799"", ""158504483"", ""134091385""]"
none_subset,4,225332788,205095267,37,1889,0,0,0,0,0,0,"[""131581832"", ""201561139"", ""187324915"", ""212196373"", ""82620936"", ""166969289"", ""152992564"", ""183094359"", ""162391837"", ""82961419""]"
none_subset,4,221285969,23574939,57,2292,0,0,0,0,0,0,"[""159881542"", ""203970549"", ""112833560"", ""83458535"", ""56924514"", ""141972495"", ""150599001"", ""191111309"", ""145037371"", ""153434097""]"
none_subset,4,187728126,143773318,38,981,0,0,0,0,0,0,"[""91690080"", ""109987226"", ""147380841"", ""107054492"", ""180347138"", ""127571400"", ""99753126"", ""190122858"", ""204224738"", ""136373067""]"
none_subset,4,158852994,136540208,46,288,0,0,0,0,0,0,"[""86091554"", ""201215254"", ""129089284"", ""177591787"", ""176660633"", ""132605956"", ""99453113"", ""107476988"", ""68978046"", ""31105163""]"
none_subset,4,209913415,168442721,62,788,0,0,0,0,0,0,"[""99563204"", ""50662129"", ""91550082"", ""18162642"", ""134905481"", ""165119271"", ""100102954"", ""46446514"", ""135449877"", ""207781571""]"
none_subset,4,199877634,146180479,4,729,0,0,0,0,0,0,"[""163340296"", ""213127345"", ""215198902"", ""210573149"", ""204860189"", ""204141781"", ""85457698"", ""191033158"", ""133070539"", ""193858344""]"
none_subset,4,167765054,138066138,37,2118,0,0,0,0,0,0,"[""160185355"", ""209849639"", ""77985083"", ""198513727"", ""187331697"", ""210782160"", ""212542886"", ""210417882"", ""185694778"", ""196891288""]"
none_subset,4,221305283,194840920,4,268,0,0,0,0,0,0,"[""159255378"", ""198430694"", ""160135566"", ""199270520"", ""204678434"", ""212277102"", ""172684492"", ""140209528"", ""129965495"", ""203037592""]"
none_subset,4,207655443,162346539,4,1453,0,0,0,0,0,0,"[""53882418"", ""210301282"", ""214498383"", ""65412208"", ""164648915"", ""168012970"", ""78836369"", ""83596697"", ""158205918"", ""207122616""]"
none_subset,4,224728941,177872819,46,721,0,0,0,0,0,0,"[""139649558"", ""197454401"", ""160110731"", ""193559506"", ""156554598"", ""200400926"", ""110268464"", ""213672603"", ""105064166"", ""205315794""]"
none_subset,4,164312178,139504923,46,187,0,0,0,0,0,0,"[""171974189"", ""204039714"", ""134160126"", ""203523969"", ""191376944"", ""180375963"", ""204632637"", ""172080468"", ""194733810"", ""100809776""]"
none_subset,4,39511867,44749628,64,417,0,0,0,0,0,0,"[""46094230"", ""144339648"", ""186122058"", ""25588585"", ""80281524"", ""156281163"", ""168668432"", ""63404553"", ""94645332"", ""103189720""]"
none_subset,4,221007278,204863011,46,202,0,0,0,0,0,0,"[""135652658"", ""138617659"", ""166648954"", ""159934642"", ""168093078"", ""83646259"", ""162996731"", ""207326970"", ""32127644"", ""195389065""]"
none_subset,4,188340553,126776964,38,711,0,0,0,0,0,0,"[""178132616"", ""190122858"", ""169283590"", ""95952428"", ""213380358"", ""201312801"", ""148728645"", ""204089441"", ""103134592"", ""144257088""]"
none_subset,4,176191491,147433235,43,534,0,0,0,0,0,0,"[""56249203"", ""120544015"", ""86505092"", ""163095786"", ""198166094"", ""145112504"", ""29596208"", ""196880896"", ""66798140"", ""182355269""]"
none_subset,4,225285388,210009094,64,467,0,0,0,0,0,0,"[""174719538"", ""211889722"", ""207726882"", ""150570854"", ""169931960"", ""136600772"", ""214403909"", ""210148884"", ""196368507"", ""197268810""]"
none_subset,4,217256940,95787846,64,291,0,0,0,0,0,0,"[""213581190"", ""192057548"", ""204273384"", ""131413365"", ""92309560"", ""179411117"", ""169239802"", ""97353101"", ""154412302"", ""122150463""]"
none_subset,4,219286194,200007082,4,194,0,0,0,0,0,0,"[""65093674"", ""143253664"", ""206303506"", ""201066421"", ""186739934"", ""214968505"", ""99472535"", ""165324074"", ""152685161"", ""177954352""]"
none_subset,4,225328937,182217673,43,46,0,0,0,0,0,1,"[""170523305"", ""78343862"", ""61372398"", ""24058906"", ""150794676"", ""98581026"", ""204449585"", ""4674477"", ""46422540"", ""79511837""]"
none_subset,4,216776054,195252060,64,698,0,0,0,0,0,0,"[""207826820"", ""31566174"", ""168712424"", ""168247151"", ""196286888"", ""207475739"", ""213788530"", ""153533707"", ""212528042"", ""201814913""]"
none_subset,4,88929888,84904092,57,46,0,0,0,0,0,1,"[""82248629"", ""202526079"", ""84202088"", ""196654350"", ""79470201"", ""135872349"", ""172059758"", ""36469237"", ""76371725"", ""171021120""]"
none_subset,4,215442765,190481856,4,360,0,0,0,0,0,0,"[""202048121"", ""159659843"", ""169556971"", ""74691545"", ""207938221"", ""173641656"", ""170465415"", ""159924658"", ""193746035"", ""211594333""]"
none_subset,4,225059433,215139393,38,411,0,0,0,0,0,0,"[""206039176"", ""204375245"", ""191670247"", ""157625011"", ""162345431"", ""205018667"", ""51837774"", ""205465606"", ""167193773"", ""205235184""]"
none_subset,4,164525297,140610901,38,433,0,0,0,0,0,0,"[""192510359"", ""166302090"", ""122560021"", ""193857539"", ""159326492"", ""109389723"", ""143671272"", ""182704194"", ""161419745"", ""211454407""]"
none_subset,4,152402202,130496317,43,18,0,0,0,0,1,1,"[""138106208"", ""213210833"", ""75802625"", ""137017957"", ""72421330"", ""75648342"", ""104265595"", ""68949275"", ""86466727"", ""121864251""]"
none_subset,4,222866408,169019310,38,82,0,0,0,0,0,0,"[""202182110"", ""201541368"", ""127539785"", ""123821164"", ""165955684"", ""215150803"", ""18107447"", ""148428740"", ""183569499"", ""74273124""]"
none_subset,4,185814053,155908916,4,102,0,0,0,0,0,0,"[""146649572"", ""195502889"", ""113622434"", ""173259969"", ""100007550"", ""202605544"", ""121025812"", ""145800774"", ""183725729"", ""152542463""]"
none_subset,4,198199442,165933677,62,690,0,0,0,0,0,0,"[""195510107"", ""178936975"", ""135449877"", ""184405626"", ""156885677"", ""155955578"", ""149610279"", ""174866601"", ""117977369"", ""330143""]"
none_subset,4,183922776,54000205,4,120,0,0,0,0,0,0,"[""202002064"", ""144811459"", ""197455821"", ""180266107"", ""165897952"", ""192968334"", ""73118528"", ""207935824"", ""79486528"", ""174141513""]"
none_subset,4,61105325,66742812,43,402,0,0,0,0,0,0,"[""129585321"", ""127321663"", ""186549940"", ""114163759"", ""198489911"", ""118436830"", ""138812364"", ""44768555"", ""214285576"", ""18269900""]"
none_subset,4,187045406,156470070,38,306,0,0,0,0,0,0,"[""180487810"", ""109987226"", ""91690080"", ""204224738"", ""127571400"", ""74626779"", ""128953329"", ""95952428"", ""126884451"", ""180347138""]"
none_subset,4,41623001,47719129,4,461,0,0,0,0,0,0,"[""23408401"", ""176039610"", ""178109092"", ""163852424"", ""129435163"", ""76515539"", ""213275113"", ""164526532"", ""208642632"", ""86878993""]"
none_subset,4,81846769,79676853,43,491,0,0,0,0,0,0,"[""168714665"", ""84316516"", ""178272808"", ""118470473"", ""157989085"", ""209726854"", ""112069335"", ""129483238"", ""100357374"", ""123925115""]"
none_subset,4,203548595,87345780,57,367,0,0,0,0,0,0,"[""191111309"", ""75722520"", ""139367767"", ""173982956"", ""165671190"", ""125915675"", ""120012296"", ""202980559"", ""164678159"", ""159881542""]"
none_subset,4,126281703,108003168,38,301,0,0,0,0,0,0,"[""73432323"", ""196738406"", ""169186989"", ""133973101"", ""82057494"", ""111431777"", ""129585105"", ""206277956"", ""51837774"", ""135874550""]"
none_subset,4,215144932,196368309,64,412,0,0,0,0,0,0,"[""16466362"", ""119491080"", ""143663551"", ""78458855"", ""200033728"", ""210148884"", ""192779268"", ""152305563"", ""152109736"", ""214114704""]"
none_subset,4,213811620,63293833,57,564,0,0,0,0,0,0,"[""65090075"", ""211835809"", ""82520729"", ""53594227"", ""14439949"", ""149204965"", ""183993242"", ""122789892"", ""165585527"", ""51949929""]"
none_subset,4,224184002,212293169,64,3,0,1,1,1,1,1,"[""88397191"", ""193072604"", ""212293169"", ""69248477"", ""194941994"", ""161824377"", ""53453982"", ""208915255"", ""129093190"", ""156194814""]"
none_subset,4,139698862,117866061,37,38,0,0,0,0,0,1,"[""208576745"", ""159129159"", ""122241592"", ""195462928"", ""92919228"", ""117786165"", ""154947799"", ""204420256"", ""206636427"", ""193680819""]"
none_subset,4,222045268,210273576,4,54,0,0,0,0,0,0,"[""187535990"", ""204202021"", ""166106900"", ""181915374"", ""174589045"", ""186392648"", ""165023261"", ""131992278"", ""148086167"", ""99109493""]"
none_subset,4,63275424,65960411,43,1677,0,0,0,0,0,0,"[""120188232"", ""156989303"", ""180987149"", ""184170758"", ""160782052"", ""194855616"", ""206941043"", ""193103331"", ""200681002"", ""161591199""]"
none_subset,4,201091796,171038010,4,1825,0,0,0,0,0,0,"[""198281595"", ""90931027"", ""86385298"", ""166880259"", ""213800124"", ""191246700"", ""159511008"", ""138898252"", ""102233014"", ""207097865""]"
none_subset,4,213506306,194031199,4,339,0,0,0,0,0,0,"[""202571906"", ""208780104"", ""172884595"", ""182581077"", ""180815842"", ""196167891"", ""207097865"", ""215305148"", ""153410659"", ""185360306""]"
none_subset,4,224617222,171025610,64,1546,0,0,0,0,0,0,"[""169811379"", ""135996572"", ""152337991"", ""205937076"", ""204286460"", ""187029541"", ""187914316"", ""128603026"", ""78417008"", ""202400540""]"
none_subset,4,142769851,111061767,43,1154,0,0,0,0,0,0,"[""39026970"", ""98638580"", ""146832585"", ""201690715"", ""156395019"", ""184136574"", ""145698725"", ""45817946"", ""157809653"", ""57750732""]"
none_subset,4,218995188,165024808,46,598,0,0,0,0,0,0,"[""177591787"", ""194811856"", ""193074174"", ""206745230"", ""86091554"", ""208493172"", ""194854155"", ""167464610"", ""209128578"", ""142030111""]"
none_subset,4,214405765,74204224,43,91,0,0,0,0,0,0,"[""148801479"", ""203668670"", ""54786988"", ""145855101"", ""170439536"", ""162612749"", ""18269900"", ""146894509"", ""197493511"", ""127321663""]"
none_subset,4,163127963,134221699,38,380,0,0,0,0,0,0,"[""145720442"", ""206506072"", ""16689432"", ""158493521"", ""49778371"", ""207390508"", ""67142038"", ""136989956"", ""144488411"", ""153901522""]"
none_subset,4,134092901,118156059,43,227,0,0,0,0,0,0,"[""61372398"", ""120188232"", ""193103331"", ""178810275"", ""192784424"", ""183029564"", ""76970617"", ""127047625"", ""143371562"", ""144463129""]"
none_subset,4,205692591,82808529,64,1718,0,0,0,0,0,0,"[""183047062"", ""144073843"", ""32842438"", ""210444502"", ""112345894"", ""141045171"", ""112056185"", ""191946769"", ""185454425"", ""147451743""]"
none_subset,4,208366867,183270553,37,274,0,0,0,0,0,0,"[""166660731"", ""209002652"", ""175392694"", ""145639775"", ""179242738"", ""141081466"", ""191630630"", ""134950442"", ""167533619"", ""191232165""]"
none_subset,4,183543814,155947772,38,1044,0,0,0,0,0,0,"[""180386955"", ""201541368"", ""214394715"", ""159333154"", ""125066164"", ""151607631"", ""171588996"", ""179244626"", ""45579165"", ""148419997""]"
none_subset,4,132852676,69248477,64,449,0,0,0,0,0,0,"[""103416735"", ""181619566"", ""131141531"", ""179015555"", ""138115654"", ""60032340"", ""80281524"", ""151051885"", ""174183108"", ""119643934""]"
none_subset,4,195382135,166571190,46,326,0,0,0,0,0,0,"[""200814907"", ""202999067"", ""178445507"", ""70517064"", ""78516486"", ""207806044"", ""153152250"", ""143366526"", ""37708588"", ""110334840""]"
none_subset,4,20438195,11666277,62,243,0,0,0,0,0,0,"[""32936165"", ""168785007"", ""160329216"", ""32200239"", ""8737650"", ""137566298"", ""212966939"", ""72936314"", ""164437495"", ""161511273""]"
none_subset,4,188427762,130875451,38,599,0,0,0,0,0,0,"[""200830087"", ""196304269"", ""107054492"", ""125496543"", ""74617293"", ""151708727"", ""151069586"", ""207664747"", ""100946794"", ""161495460""]"
none_subset,4,60824477,58955704,64,253,0,0,0,0,0,0,"[""44092132"", ""128085943"", ""121442493"", ""183225423"", ""179740887"", ""160842974"", ""137448907"", ""138800320"", ""212760622"", ""69885765""]"
none_subset,4,140198057,118242163,38,69,0,0,0,0,0,0,"[""204637998"", ""126884451"", ""91690080"", ""109987226"", ""211769488"", ""167575814"", ""147686192"", ""160041957"", ""150005617"", ""199347203""]"
none_subset,4,184399712,154732137,37,133,0,0,0,0,0,0,"[""195296935"", ""190075252"", ""207698281"", ""196563012"", ""169228866"", ""179751402"", ""195583647"", ""93983706"", ""154731935"", ""191911000""]"
none_subset,4,220020505,138026153,38,60,0,0,0,0,0,0,"[""128745438"", ""172844872"", ""154434048"", ""70662551"", ""167154256"", ""111757856"", ""159326492"", ""90207738"", ""192297645"", ""202119038""]"
none_subset,4,201728666,174586724,46,29,0,0,0,0,1,1,"[""127947793"", ""139649558"", ""165953966"", ""196783083"", ""187611963"", ""177591787"", ""201215254"", ""155017018"", ""197415730"", ""184646371""]"
none_subset,4,29544782,17588522,4,424,0,0,0,0,0,0,"[""159049760"", ""175596949"", ""148281605"", ""116057633"", ""158607543"", ""154708788"", ""40365043"", ""103936826"", ""164495014"", ""159734891""]"
none_subset,4,174272749,143611276,43,458,0,0,0,0,0,0,"[""168783197"", ""200894620"", ""114163759"", ""207021897"", ""144345531"", ""207898804"", ""198489911"", ""127321663"", ""208309750"", ""182050443""]"
none_subset,4,199053162,161334927,57,1570,0,0,0,0,0,0,"[""209465166"", ""118860917"", ""208101032"", ""183152391"", ""209173908"", ""187760067"", ""175993260"", ""195503806"", ""208038695"", ""171450864""]"
none_subset,4,76745510,71210763,46,1023,0,0,0,0,0,0,"[""210837002"", ""98678440"", ""166204499"", ""61233280"", ""164665349"", ""51654814"", ""196161712"", ""114943400"", ""82252188"", ""112097565""]"
none_subset,4,199131029,144049941,62,2254,0,0,0,0,0,0,"[""134377605"", ""76665110"", ""135449877"", ""185145276"", ""156885677"", ""181195424"", ""214511493"", ""173850609"", ""159859030"", ""154358045""]"
none_subset,4,187224507,153091037,37,741,0,0,0,0,0,0,"[""147794006"", ""102274756"", ""187812442"", ""168678804"", ""200024420"", ""141087936"", ""81981879"", ""165767706"", ""199385964"", ""185048961""]"
none_subset,4,224740648,154090124,38,191,0,0,0,0,0,0,"[""74273124"", ""45579165"", ""179876069"", ""133136953"", ""201541368"", ""20918033"", ""159835737"", ""149732635"", ""123821164"", ""108421334""]"
none_subset,4,220439487,203377602,62,354,0,0,0,0,0,0,"[""186756267"", ""158661889"", ""194341665"", ""134120804"", ""207274549"", ""135157671"", ""22079020"", ""207100364"", ""203335692"", ""145802065""]"
none_subset,4,219251026,203992364,64,31,0,0,0,0,0,1,"[""136347027"", ""120036834"", ""111705025"", ""174340250"", ""19548710"", ""113587141"", ""76747946"", ""109320323"", ""209149604"", ""202527449""]"
none_subset,4,187508039,136496108,62,661,0,0,0,0,0,0,"[""99563204"", ""156442595"", ""156885677"", ""91550082"", ""46446514"", ""134905481"", ""76665110"", ""194230029"", ""192739483"", ""55234377""]"
none_subset,4,214067749,181646106,4,102,0,0,0,0,0,0,"[""152685161"", ""65093674"", ""137934343"", ""56134226"", ""183725729"", ""183642706"", ""200691824"", ""214968505"", ""173259969"", ""201066421""]"
none_subset,4,216694304,200271479,62,1,1,1,1,1,1,1,"[""200271479"", ""167656283"", ""167732430"", ""169027396"", ""133699198"", ""109144733"", ""124421602"", ""210197649"", ""183670981"", ""190955120""]"
none_subset,4,201918089,176600488,46,2585,0,0,0,0,0,0,"[""205769669"", ""206921287"", ""45375287"", ""77995654"", ""201507987"", ""130443128"", ""208099409"", ""121346371"", ""169485140"", ""121587868""]"
none_subset,4,47122871,41756235,43,164,0,0,0,0,0,0,"[""201013343"", ""130448492"", ""59841256"", ""94325948"", ""182972054"", ""57556019"", ""204891079"", ""68189198"", ""124169369"", ""189841221""]"
none_subset,4,222892044,211669271,64,1142,0,0,0,0,0,0,"[""108051613"", ""114137962"", ""141031821"", ""202978110"", ""103562123"", ""166109713"", ""202253212"", ""56833135"", ""130094229"", ""208559848""]"
none_subset,4,169319496,136515877,43,10,0,0,0,1,1,1,"[""160598030"", ""65189990"", ""168943005"", ""100215754"", ""120594115"", ""190069327"", ""126415167"", ""57703173"", ""18292202"", ""136515877""]"
none_subset,4,125288533,108861780,4,73,0,0,0,0,0,0,"[""36482821"", ""161593927"", ""190871924"", ""169250822"", ""112475075"", ""162319116"", ""207566657"", ""50763233"", ""204256104"", ""105063903""]"
none_subset,4,195356107,167530279,62,64,0,0,0,0,0,0,"[""150945055"", ""72763415"", ""192716019"", ""125457528"", ""56951341"", ""132110473"", ""214110785"", ""146878510"", ""122507339"", ""211690905""]"
none_subset,4,208455419,184515969,37,18,0,0,0,0,1,1,"[""188967908"", ""29496516"", ""115215869"", ""152762226"", ""213026576"", ""158117230"", ""183122776"", ""109130798"", ""100015328"", ""42842956""]"
none_subset,4,208182607,182783107,62,1750,0,0,0,0,0,0,"[""56951341"", ""141274480"", ""156966802"", ""93458026"", ""146878510"", ""122507339"", ""176333450"", ""121464697"", ""183670981"", ""132110473""]"
none_subset,4,214465153,187955925,38,488,0,0,0,0,0,0,"[""14434511"", ""200830087"", ""149982401"", ""114004576"", ""150792406"", ""95323314"", ""167154238"", ""44681068"", ""54115082"", ""92430066""]"
none_subset,4,186760791,155870634,4,1193,0,0,0,0,0,0,"[""119900827"", ""152685161"", ""183725729"", ""179804262"", ""56134226"", ""98834359"", ""179258061"", ""44858664"", ""185787629"", ""201066421""]"
none_subset,4,194665533,157482383,46,186,0,0,0,0,0,0,"[""68978046"", ""129089284"", ""64234906"", ""110268464"", ""174465659"", ""132605956"", ""99453113"", ""210962988"", ""193559506"", ""140827649""]"
none_subset,4,218470994,203493090,4,827,0,0,0,0,0,0,"[""213281189"", ""80946678"", ""79457205"", ""206285668"", ""146144877"", ""134362005"", ""173396239"", ""207064032"", ""167564443"", ""208649934""]"
none_subset,4,223715437,208996795,62,267,0,0,0,0,0,0,"[""181082260"", ""79702732"", ""19558627"", ""202517117"", ""7191392"", ""209588722"", ""43654675"", ""193871414"", ""190695823"", ""123217124""]"
none_subset,4,69981774,24433447,62,1228,0,0,0,0,0,0,"[""127682307"", ""86295030"", ""187064730"", ""52152330"", ""125173216"", ""205137345"", ""213858568"", ""162164137"", ""156966977"", ""188361417""]"
none_subset,4,220609947,191700438,37,146,0,0,0,0,0,0,"[""153610553"", ""128177539"", ""192414071"", ""137567904"", ""191892681"", ""151940120"", ""107567745"", ""149298273"", ""206564103"", ""184357547""]"
none_subset,4,172785626,140687112,62,1125,0,0,0,0,0,0,"[""106557292"", ""210678182"", ""94546694"", ""59483405"", ""110202670"", ""194843976"", ""52848243"", ""136870941"", ""152815967"", ""209579537""]"
none_subset,4,209414180,186937016,64,14,0,0,0,0,1,1,"[""211987351"", ""192179303"", ""206276658"", ""187944465"", ""60124479"", ""195529634"", ""195536773"", ""162686675"", ""129348881"", ""210666920""]"
none_subset,4,182325239,78218137,64,1185,0,0,0,0,0,0,"[""179015555"", ""103416735"", ""131141531"", ""181619566"", ""174183108"", ""152368817"", ""60032340"", ""188599489"", ""80281524"", ""138115654""]"
none_subset,4,172259600,140907909,37,372,0,0,0,0,0,0,"[""127087324"", ""183023489"", ""171828064"", ""21423746"", ""152140191"", ""152762226"", ""51981897"", ""115215869"", ""23924949"", ""169268977""]"
none_subset,4,177017394,148559209,43,935,0,0,0,0,0,0,"[""204821849"", ""157240824"", ""197514276"", ""149017403"", ""139391726"", ""214379964"", ""156881929"", ""163286400"", ""99218293"", ""51679199""]"
none_subset,4,218283913,195332849,37,10,0,0,0,1,1,1,"[""195301608"", ""205465612"", ""132867062"", ""164430683"", ""162276026"", ""162275547"", ""116449619"", ""162999974"", ""91173744"", ""195332849""]"
none_subset,4,224935448,200715695,38,102,0,0,0,0,0,0,"[""203456374"", ""206728210"", ""86748527"", ""209454122"", ""191737393"", ""213422465"", ""213567992"", ""213040734"", ""207870282"", ""181933334""]"
none_subset,4,59634381,63004444,4,171,0,0,0,0,0,0,"[""50883863"", ""138975756"", ""206799452"", ""144373105"", ""137001312"", ""142451414"", ""158175855"", ""54212504"", ""178305613"", ""174770035""]"
none_subset,4,223974127,213482572,46,114,0,0,0,0,0,0,"[""213130291"", ""200584617"", ""210880528"", ""201461152"", ""204540006"", ""204759997"", ""215124824"", ""173634775"", ""215292694"", ""173421370""]"
none_subset,4,187675681,111085092,38,87,0,0,0,0,0,0,"[""92430066"", ""113999751"", ""192992682"", ""207664747"", ""173180866"", ""74617293"", ""171755799"", ""161128754"", ""145999061"", ""200830087""]"
none_subset,4,210813984,181699642,4,129,0,0,0,0,0,0,"[""183642706"", ""56134226"", ""173259969"", ""186739934"", ""201066421"", ""189148609"", ""154928608"", ""193858344"", ""144683728"", ""144995106""]"
none_subset,4,123223889,104127006,46,5,0,0,1,1,1,1,"[""160547557"", ""179855914"", ""158778091"", ""180749212"", ""104127006"", ""173222203"", ""169165853"", ""116218020"", ""45769216"", ""39277627""]"
none_subset,4,135523212,116240817,37,136,0,0,0,0,0,0,"[""88534873"", ""66495486"", ""29496516"", ""42842956"", ""76841920"", ""103348357"", ""119227333"", ""58893791"", ""14688074"", ""151964729""]"
none_subset,4,181412969,166272408,43,566,0,0,0,0,0,0,"[""88578062"", ""210958988"", ""203995902"", ""211582481"", ""210822887"", ""201213450"", ""187215484"", ""165130009"", ""210037205"", ""194022987""]"
none_subset,4,195193381,160686884,64,28,0,0,0,0,1,1,"[""92189436"", ""128217933"", ""166184401"", ""204738388"", ""146887481"", ""173438440"", ""53453982"", ""116423938"", ""123189996"", ""157803989""]"
none_subset,4,8242218,6658108,4,252,0,0,0,0,0,0,"[""45403148"", ""205390513"", ""198808044"", ""206276218"", ""185596367"", ""12178422"", ""213679625"", ""9924656"", ""108342269"", ""79387876""]"
none_subset,4,209410188,185723367,64,714,0,0,0,0,0,0,"[""76676235"", ""150385215"", ""111173960"", ""79233838"", ""162799044"", ""193870914"", ""193536959"", ""151373996"", ""65959521"", ""113590277""]"
none_subset,4,179871206,150394632,37,830,0,0,0,0,0,0,"[""169510905"", ""151240773"", ""178981277"", ""142397694"", ""128177539"", ""209794141"", ""100949402"", ""204637651"", ""209045757"", ""151546541""]"
none_subset,4,163060754,106343904,62,515,0,0,0,0,0,0,"[""134377605"", ""214511493"", ""167750528"", ""150940601"", ""88475705"", ""108294691"", ""181195424"", ""213328054"", ""203394975"", ""174905326""]"
none_subset,4,216062725,172884595,4,81,0,0,0,0,0,0,"[""160129846"", ""195830492"", ""179532049"", ""181099732"", ""205600080"", ""195524404"", ""202571906"", ""186827392"", ""213160173"", ""201357350""]"
none_subset,4,199958816,173824567,46,1934,0,0,0,0,0,0,"[""135883318"", ""111095231"", ""143366526"", ""70517064"", ""8742737"", ""153408319"", ""144736392"", ""132188413"", ""113869306"", ""129338201""]"
none_subset,4,183586159,128098941,37,580,0,0,0,0,0,0,"[""140164328"", ""147751334"", ""200379642"", ""101532006"", ""190113798"", ""174852305"", ""212776036"", ""183923787"", ""198930981"", ""17206468""]"
none_subset,4,139811710,121324439,62,787,0,0,0,0,0,0,"[""128533237"", ""145797588"", ""212334345"", ""153978341"", ""58086605"", ""194230029"", ""209579537"", ""149461258"", ""190355590"", ""125457528""]"
none_subset,4,170237519,117006578,62,7,0,0,0,1,1,1,"[""164086518"", ""42940692"", ""45013331"", ""80344615"", ""162263431"", ""78481865"", ""117006578"", ""113866351"", ""70381552"", ""212966939""]"
none_subset,4,195318248,161147605,37,291,0,0,0,0,0,0,"[""156260279"", ""89454786"", ""165767706"", ""184920959"", ""165689309"", ""174122871"", ""16898206"", ""202780647"", ""198753304"", ""175772166""]"
none_subset,4,206075921,169435001,46,330,0,0,0,0,0,0,"[""65618657"", ""154894208"", ""153503851"", ""180976440"", ""205657343"", ""204237929"", ""127947793"", ""184612826"", ""121183627"", ""212786249""]"
none_subset,4,100867984,91035907,57,445,0,0,0,0,0,0,"[""29270498"", ""88411977"", ""122877346"", ""117927111"", ""57914854"", ""211835809"", ""89118059"", ""97187105"", ""158659146"", ""154843596""]"
none_subset,4,209791876,107331925,43,1077,0,0,0,0,0,0,"[""156158359"", ""197613208"", ""198423070"", ""193581474"", ""155260520"", ""188036629"", ""164251704"", ""208096405"", ""146783647"", ""126415167""]"
none_subset,4,224130840,194261583,46,174,0,0,0,0,0,0,"[""134421881"", ""203506552"", ""151502148"", ""139629122"", ""209162282"", ""207162326"", ""202089453"", ""201469244"", ""205283945"", ""136423014""]"
none_subset,4,223420921,212469100,46,87,0,0,0,0,0,0,"[""136320022"", ""108934756"", ""211028341"", ""209482743"", ""144431749"", ""133461188"", ""143513057"", ""205395255"", ""78566379"", ""210498678""]"
none_subset,4,222677275,209124215,4,229,0,0,0,0,0,0,"[""205600080"", ""188602972"", ""196161368"", ""195510728"", ""215237393"", ""203466268"", ""188468393"", ""187535990"", ""183509496"", ""191316160""]"
none_subset,4,140229338,122181220,57,364,0,0,0,0,0,0,"[""110306995"", ""128122761"", ""40488723"", ""107527374"", ""204658040"", ""122789892"", ""22981052"", ""199897240"", ""46330390"", ""75629630""]"
none_subset,4,196267500,142499231,4,117,0,0,0,0,0,0,"[""12396291"", ""122564854"", ""167643231"", ""202167018"", ""149759096"", ""93696567"", ""202362364"", ""184087480"", ""122594682"", ""197547141""]"
none_subset,4,184906862,153113645,37,261,0,0,0,0,0,0,"[""137567904"", ""209045757"", ""169510905"", ""178981277"", ""204074550"", ""61710118"", ""151240773"", ""145502443"", ""194655381"", ""140488555""]"
none_subset,4,204995496,164098406,64,78,0,0,0,0,0,0,"[""151064154"", ""187029541"", ""187914316"", ""152337991"", ""191320922"", ""206213762"", ""203217424"", ""202400540"", ""160006498"", ""211228466""]"
none_subset,4,150224460,124215587,38,452,0,0,0,0,0,0,"[""171072811"", ""156836340"", ""84080355"", ""211199092"", ""79241550"", ""146889690"", ""159155121"", ""111373874"", ""156481100"", ""158784944""]"
none_subset,4,222981811,211809068,4,556,0,0,0,0,0,0,"[""207985124"", ""180575809"", ""185133383"", ""188285916"", ""195078992"", ""191627911"", ""198087841"", ""188605425"", ""212819052"", ""168099979""]"
none_subset,4,119236072,106792362,38,1485,0,0,0,0,0,0,"[""145999061"", ""200830087"", ""113999751"", ""196304269"", ""189593063"", ""192992682"", ""148419997"", ""74617293"", ""183239354"", ""140048877""]"
none_subset,4,78479277,55373470,64,1915,0,0,0,0,0,0,"[""107659439"", ""215220099"", ""138992332"", ""127512781"", ""173622957"", ""202527449"", ""144281937"", ""208979760"", ""201578875"", ""196219732""]"
none_subset,4,213826296,194374377,37,1195,0,0,0,0,0,0,"[""187812442"", ""193679263"", ""185048961"", ""186179843"", ""188679659"", ""198753304"", ""185112282"", ""143946320"", ""121116115"", ""100774234""]"
none_subset,4,179398796,143030980,37,37,0,0,0,0,0,1,"[""64645018"", ""46870157"", ""173457533"", ""146533593"", ""80669323"", ""93923480"", ""148861378"", ""56844437"", ""33563950"", ""155458733""]"
none_subset,4,224139233,211667378,43,8,0,0,0,1,1,1,"[""189168111"", ""192529072"", ""166148334"", ""185897088"", ""196161702"", ""184875265"", ""202628040"", ""211667378"", ""168115086"", ""195756368""]"
none_subset,4,88158135,76586668,37,4,0,0,1,1,1,1,"[""210451253"", ""134055274"", ""79464358"", ""76586668"", ""130515422"", ""145639775"", ""211415830"", ""84416822"", ""93720497"", ""63368910""]"
none_subset,4,221359391,202029162,64,2259,0,0,0,0,0,0,"[""160686884"", ""154324585"", ""132521925"", ""209149604"", ""164732342"", ""96320844"", ""167211150"", ""70607335"", ""209448739"", ""204981866""]"
none_subset,4,195794862,124508627,38,3,0,1,1,1,1,1,"[""139494203"", ""197433311"", ""124508627"", ""123259370"", ""140030159"", ""159213527"", ""203342635"", ""66553240"", ""181784730"", ""86748527""]"
none_subset,4,166498224,123480831,4,25,0,0,0,0,1,1,"[""185556523"", ""210169790"", ""138966111"", ""210958855"", ""110512138"", ""76695262"", ""166377219"", ""161499533"", ""51992415"", ""129568541""]"
none_subset,4,113510417,102624613,38,172,0,0,0,0,0,0,"[""178462865"", ""153191207"", ""27784922"", ""48003015"", ""116918686"", ""114131241"", ""206925334"", ""207390508"", ""94494397"", ""193133447""]"
none_subset,4,213563483,190912236,46,119,0,0,0,0,0,0,"[""208708242"", ""68647858"", ""200814907"", ""35549011"", ""129338201"", ""100882487"", ""155950947"", ""178445507"", ""195464981"", ""78516486""]"
none_subset,4,213076500,192410120,4,55,0,0,0,0,0,0,"[""190789377"", ""202571906"", ""205600080"", ""185360306"", ""195830492"", ""160129846"", ""182904703"", ""198221149"", ""155908916"", ""192473388""]"
none_subset,4,207371562,85388350,38,174,0,0,0,0,0,0,"[""130168090"", ""206506072"", ""31980662"", ""159911050"", ""194346900"", ""67142038"", ""208225541"", ""49778371"", ""204092180"", ""149755002""]"
none_subset,4,170799193,142786924,62,2327,0,0,0,0,0,0,"[""193705208"", ""146789147"", ""190955120"", ""210298644"", ""160610901"", ""211691904"", ""168799870"", ""67163751"", ""209579537"", ""211901178""]"
none_subset,4,157935470,137663096,64,897,0,0,0,0,0,0,"[""195529634"", ""157313823"", ""200590603"", ""119643934"", ""206210420"", ""179668314"", ""197648445"", ""204125965"", ""5095964"", ""47134269""]"
none_subset,4,221793800,207709809,64,171,0,0,0,0,0,0,"[""133169923"", ""206213762"", ""70397289"", ""187914316"", ""63935560"", ""68788331"", ""61171786"", ""201344830"", ""130210660"", ""95187471""]"
none_subset,4,163553686,140059192,43,2461,0,0,0,0,0,0,"[""123028053"", ""60157409"", ""59328880"", ""192317105"", ""173981660"", ""127459019"", ""118566230"", ""139462778"", ""127486066"", ""160966785""]"
none_subset,4,79477223,50363701,64,1341,0,0,0,0,0,0,"[""63861102"", ""186850320"", ""188599489"", ""140676990"", ""155183786"", ""172848022"", ""58475692"", ""63474547"", ""141777886"", ""171025610""]"
none_subset,4,62806163,67822220,62,1116,0,0,0,0,0,0,"[""160610901"", ""67056893"", ""148891602"", ""95885283"", ""101066716"", ""145492438"", ""60239293"", ""156814814"", ""117006578"", ""61854824""]"
none_subset,4,222707355,210160269,62,1041,0,0,0,0,0,0,"[""181798024"", ""129445274"", ""170246818"", ""116947577"", ""193241960"", ""212180917"", ""133228837"", ""87226906"", ""64014717"", ""83882092""]"
none_subset,4,110437116,87886557,62,54,0,0,0,0,0,0,"[""195842978"", ""188860992"", ""190418447"", ""191059034"", ""74865185"", ""88475705"", ""27811914"", ""141918937"", ""106557292"", ""181091254""]"
none_subset,4,80727090,51294207,4,859,0,0,0,0,0,0,"[""119900827"", ""171159402"", ""150456310"", ""112930320"", ""151451581"", ""174535187"", ""102233014"", ""151649288"", ""162346539"", ""82830352""]"
none_subset,4,147100623,128611931,62,128,0,0,0,0,0,0,"[""198734216"", ""209844093"", ""45959409"", ""179654251"", ""129794244"", ""127682307"", ""137201594"", ""61635952"", ""178706930"", ""52919918""]"
none_subset,4,190773415,153434097,57,146,0,0,0,0,0,0,"[""103644387"", ""60749965"", ""211007808"", ""128908900"", ""159881542"", ""86699063"", ""139818390"", ""140517753"", ""201562377"", ""76066133""]"
none_subset,4,224133090,194938661,4,197,0,0,0,0,0,0,"[""145698626"", ""194446742"", ""160116581"", ""206799452"", ""198314550"", ""176819214"", ""144251877"", ""157710674"", ""159604649"", ""54212504""]"
none_subset,4,221095450,207841001,37,1812,0,0,0,0,0,0,"[""199753052"", ""210562159"", ""136164746"", ""204075228"", ""64149000"", ""116929460"", ""203721801"", ""179758158"", ""103235178"", ""192576617""]"
none_subset,4,208008581,28587929,46,14,0,0,0,0,1,1,"[""146029150"", ""212530716"", ""101304130"", ""176647062"", ""102548981"", ""172250706"", ""171227160"", ""207529569"", ""108971427"", ""167525245""]"
none_subset,4,210415984,188761133,4,135,0,0,0,0,0,0,"[""152685161"", ""65093674"", ""146961197"", ""194377968"", ""77968334"", ""195717749"", ""194338856"", ""153876614"", ""169697872"", ""186220965""]"
none_subset,4,182600643,144143200,37,1267,0,0,0,0,0,0,"[""106674292"", ""168359992"", ""131943838"", ""198753304"", ""154316487"", ""154513499"", ""53389573"", ""144129822"", ""127873279"", ""150426765""]"
none_subset,4,210471413,190358880,46,401,0,0,0,0,0,0,"[""167383627"", ""139649558"", ""184612826"", ""156263625"", ""205315794"", ""156554598"", ""154894208"", ""193874948"", ""200400926"", ""127947793""]"
none_subset,4,135107773,96824128,38,1398,0,0,0,0,0,0,"[""148428523"", ""110664117"", ""209347465"", ""149849811"", ""121028401"", ""98884535"", ""191338884"", ""154112907"", ""120726041"", ""153901522""]"
none_subset,4,124840811,110325303,38,822,0,0,0,0,0,0,"[""84270721"", ""192510359"", ""143671272"", ""168951957"", ""174211220"", ""182704194"", ""211454407"", ""194567057"", ""159326492"", ""122560021""]"
none_subset,4,217084111,200875902,4,1113,0,0,0,0,0,0,"[""186739934"", ""180843726"", ""65093674"", ""200589143"", ""177825434"", ""77968334"", ""168819498"", ""191033158"", ""215198902"", ""214045806""]"
none_subset,4,115285017,104128337,62,7,0,0,0,1,1,1,"[""135330582"", ""143139548"", ""161511273"", ""117835777"", ""182000351"", ""32200239"", ""104128337"", ""157472228"", ""137144214"", ""137566298""]"
none_subset,4,194202949,167566947,46,402,0,0,0,0,0,0,"[""195780279"", ""206453483"", ""167967668"", ""205395255"", ""142436010"", ""164627162"", ""159369178"", ""207326970"", ""53547017"", ""138788694""]"
none_subset,4,49482906,56833135,64,14,0,0,0,0,1,1,"[""185413694"", ""131569653"", ""210923456"", ""82808529"", ""202713543"", ""155708697"", ""83781866"", ""200859322"", ""109320323"", ""126953299""]"
none_subset,4,150814959,102116724,46,467,0,0,0,0,0,0,"[""37708588"", ""70517064"", ""143366526"", ""80195905"", ""35549011"", ""15325925"", ""124510956"", ""188974662"", ""44855147"", ""111095231""]"
none_subset,4,182574603,153205005,37,664,0,0,0,0,0,0,"[""88534873"", ""29496516"", ""94966858"", ""186986472"", ""42842956"", ""185636932"", ""76841920"", ""187043151"", ""71957357"", ""120893128""]"
none_subset,4,182596207,154443104,64,17,0,0,0,0,1,1,"[""60032340"", ""204824313"", ""109321941"", ""149715107"", ""124110006"", ""118284407"", ""195702681"", ""138803213"", ""125561073"", ""179201033""]"
none_subset,4,175107909,99469226,38,152,0,0,0,0,0,0,"[""110664117"", ""214394715"", ""201541368"", ""179876069"", ""200830087"", ""215150803"", ""159835737"", ""126012999"", ""12905940"", ""183569499""]"
none_subset,4,172386087,144723349,37,92,0,0,0,0,0,0,"[""136302765"", ""88534873"", ""64645018"", ""38725558"", ""145790575"", ""141163497"", ""96256428"", ""105224939"", ""150108945"", ""94966858""]"
none_subset,4,186539771,57596469,57,516,0,0,0,0,0,0,"[""63293833"", ""71702477"", ""203136628"", ""187389197"", ""31931980"", ""208717293"", ""176835551"", ""166294055"", ""202725978"", ""76371725""]"
none_subset,4,224433695,130607036,64,649,0,0,0,0,0,0,"[""60032340"", ""123687478"", ""115621700"", ""194941994"", ""97650176"", ""201970343"", ""146444401"", ""100752496"", ""116394697"", ""188038298""]"
none_subset,4,220875311,206145191,62,1529,0,0,0,0,0,0,"[""145492438"", ""101066716"", ""45997741"", ""60239293"", ""156503039"", ""150919912"", ""178964015"", ""183472540"", ""160610901"", ""166108651""]"
none_subset,4,209289778,206437718,38,440,0,0,0,0,0,0,"[""121564255"", ""192721742"", ""192933104"", ""177027866"", ""55877012"", ""157091884"", ""46449031"", ""192587307"", ""53254163"", ""197105990""]"
none_subset,4,211633732,186938801,64,641,0,0,0,0,0,0,"[""147671714"", ""192779268"", ""211889722"", ""88249240"", ""188619722"", ""196286726"", ""196368507"", ""208628985"", ""210635321"", ""200027492""]"
none_subset,4,192954657,121769331,37,1387,0,0,0,0,0,0,"[""208576745"", ""183923787"", ""152102790"", ""126929630"", ""170049514"", ""188679659"", ""162977839"", ""210425135"", ""156898538"", ""134901665""]"
none_subset,4,211337769,60532395,4,137,0,0,0,0,0,0,"[""206285668"", ""186934020"", ""202119489"", ""76695262"", ""211473289"", ""122965096"", ""161499533"", ""97942818"", ""179140612"", ""194814735""]"
none_subset,4,207359338,180794567,43,110,0,0,0,0,0,0,"[""67909736"", ""199520065"", ""212033090"", ""121279267"", ""164251704"", ""84735538"", ""191583920"", ""194288073"", ""183525953"", ""59497573""]"
none_subset,4,181119347,152594710,38,89,0,0,0,0,0,0,"[""200830087"", ""18107447"", ""98477697"", ""183569499"", ""165955684"", ""199367174"", ""215150803"", ""38003672"", ""96535503"", ""74273124""]"
none_subset,4,192089775,141708436,43,329,0,0,0,0,0,0,"[""136611640"", ""193020832"", ""144744853"", ""129633706"", ""209388269"", ""190006266"", ""137231986"", ""192528335"", ""118470473"", ""187137237""]"
none_subset,4,169202014,115792264,64,228,0,0,0,0,0,0,"[""153271284"", ""95857401"", ""154046140"", ""168608952"", ""196328856"", ""145930227"", ""158428439"", ""167245652"", ""200859322"", ""209370105""]"
none_subset,4,155898722,126525390,62,700,0,0,0,0,0,0,"[""146533271"", ""32936165"", ""22079020"", ""188696626"", ""138113883"", ""103725802"", ""212966939"", ""148526183"", ""144418893"", ""92445171""]"
none_subset,4,211085207,187320580,4,20,0,0,0,0,1,1,"[""186079283"", ""202571906"", ""155908916"", ""200344150"", ""152542463"", ""204007557"", ""190789377"", ""201357350"", ""192473388"", ""146649572""]"
none_subset,4,111236993,97545603,37,1939,0,0,0,0,0,0,"[""187324915"", ""121097766"", ""201561139"", ""183094359"", ""206587185"", ""173966675"", ""173640245"", ""210502009"", ""155900040"", ""192617496""]"
none_subset,4,85665818,81445491,62,442,0,0,0,0,0,0,"[""117977369"", ""184997209"", ""112177351"", ""168407756"", ""202743016"", ""154898111"", ""175175649"", ""164097792"", ""141339622"", ""115022799""]"
none_subset,4,199996991,170147206,4,153,0,0,0,0,0,0,"[""179909533"", ""190340453"", ""154203183"", ""146649572"", ""188150168"", ""162040118"", ""147477733"", ""184721384"", ""144067777"", ""155250171""]"
none_subset,4,164955237,134994151,37,1225,0,0,0,0,0,0,"[""81629443"", ""134304749"", ""204151797"", ""157270034"", ""113225323"", ""208828602"", ""159816408"", ""209442950"", ""195332849"", ""174852305""]"
none_subset,4,217442847,201658546,43,6,0,0,0,1,1,1,"[""188409353"", ""191134281"", ""186565827"", ""213139647"", ""122818220"", ""201658546"", ""88578062"", ""193444926"", ""197580291"", ""197212083""]"
none_subset,4,172403730,76977277,38,98,0,0,0,0,0,0,"[""49391991"", ""121639115"", ""121564255"", ""179234058"", ""44092534"", ""138353042"", ""190453683"", ""98078621"", ""57745679"", ""192587307""]"
none_subset,4,140287781,123170607,43,412,0,0,0,0,0,0,"[""139853041"", ""191363897"", ""209552250"", ""125529016"", ""59420171"", ""188236265"", ""26288526"", ""64192807"", ""195240617"", ""198700213""]"
none_subset,4,200638032,172191290,37,1752,0,0,0,0,0,0,"[""132869646"", ""50495635"", ""175850308"", ""163255423"", ""209002652"", ""145639775"", ""180243968"", ""168286486"", ""27356144"", ""211317455""]"
none_subset,4,119991899,107659439,64,94,0,0,0,0,0,0,"[""149715107"", ""92189436"", ""138800320"", ""128217933"", ""157000160"", ""204824313"", ""166289001"", ""181079853"", ""192962906"", ""184002672""]"
none_subset,4,198158905,164230111,46,466,0,0,0,0,0,0,"[""109987121"", ""215475381"", ""194733810"", ""32186937"", ""121346371"", ""138179744"", ""186116554"", ""134160126"", ""22408044"", ""123341476""]"
none_subset,4,209598796,186925656,43,797,0,0,0,0,0,0,"[""182659497"", ""193281522"", ""167164193"", ""139853041"", ""146898856"", ""192287850"", ""197634421"", ""200253605"", ""118484592"", ""129743380""]"
none_subset,4,203010575,176571185,64,1747,0,0,0,0,0,0,"[""187406196"", ""191000780"", ""69227080"", ""135170809"", ""72224328"", ""149734769"", ""136600772"", ""97353101"", ""93630964"", ""77671900""]"
none_subset,4,222626912,171227160,46,757,0,0,0,0,0,0,"[""78094109"", ""211380085"", ""12880586"", ""10034854"", ""176661515"", ""211870655"", ""100882487"", ""155950947"", ""208035235"", ""102529512""]"
none_subset,4,61618898,60295246,62,684,0,0,0,0,0,0,"[""70189978"", ""134618566"", ""81077749"", ""113659126"", ""74290204"", ""53450905"", ""198734216"", ""22547515"", ""113290454"", ""1975349""]"
none_subset,4,205174555,122483687,62,1533,0,0,0,0,0,0,"[""70381552"", ""212966939"", ""75207324"", ""4357432"", ""53450905"", ""60189912"", ""122973055"", ""15723967"", ""162263431"", ""113866351""]"
none_subset,4,225336989,131581832,37,1902,0,0,0,0,0,0,"[""192597928"", ""200025016"", ""93714502"", ""147143113"", ""100774234"", ""152140191"", ""188679659"", ""192387012"", ""103057199"", ""121116115""]"
none_subset,4,198174415,129949845,43,127,0,0,0,0,0,0,"[""171833857"", ""214876955"", ""185822792"", ""29596208"", ""163095786"", ""182355269"", ""198166094"", ""130448492"", ""144399603"", ""183980279""]"
none_subset,4,184554656,86866783,43,70,0,0,0,0,0,0,"[""90011446"", ""133582641"", ""114167233"", ""73371698"", ""96300750"", ""57556019"", ""89680114"", ""147442949"", ""144399603"", ""193186547""]"
none_subset,4,223713571,173196317,64,1581,0,0,0,0,0,0,"[""127444518"", ""183737495"", ""194031832"", ""201926731"", ""199685872"", ""174151402"", ""142226293"", ""112432197"", ""195252134"", ""201344830""]"
none_subset,4,199746354,169922901,4,130,0,0,0,0,0,0,"[""129435163"", ""177531279"", ""176039610"", ""86878993"", ""154240"", ""213275113"", ""164526532"", ""195002695"", ""165897952"", ""79486528""]"
none_subset,4,207524726,180961442,43,65,0,0,0,0,0,0,"[""184633847"", ""210822887"", ""201213450"", ""198087076"", ""213483404"", ""201905433"", ""207732639"", ""203348372"", ""197224556"", ""209286657""]"
none_subset,4,224986236,194958352,37,300,0,0,0,0,0,0,"[""197844035"", ""183519446"", ""192323302"", ""157945105"", ""210666947"", ""209161669"", ""202030579"", ""213416559"", ""188568572"", ""141656944""]"
none_subset,4,223299919,212317993,4,76,0,0,0,0,0,0,"[""198615413"", ""211858811"", ""191627911"", ""184322806"", ""194722275"", ""194160187"", ""195078992"", ""180575809"", ""180843726"", ""196026500""]"
none_subset,4,164990518,140488166,4,407,0,0,0,0,0,0,"[""214275181"", ""169868864"", ""205463044"", ""215580343"", ""56691048"", ""126589900"", ""213963033"", ""205498846"", ""210871478"", ""202016099""]"
none_subset,4,154133298,146207857,46,499,0,0,0,0,0,0,"[""166724206"", ""174150304"", ""174095547"", ""207162326"", ""81216321"", ""133461188"", ""138605976"", ""109963356"", ""138969592"", ""85179633""]"
none_subset,4,224478372,211203480,38,45,0,0,0,0,0,1,"[""192654285"", ""133973101"", ""205465606"", ""51837774"", ""180059769"", ""173080745"", ""100749834"", ""172963177"", ""157035510"", ""147134119""]"
none_subset,4,45015704,71089233,64,181,0,0,0,0,0,0,"[""155183786"", ""193870914"", ""151134804"", ""203509707"", ""138322181"", ""63404553"", ""120966979"", ""153356810"", ""125019219"", ""193536959""]"
none_subset,4,223077999,209174509,4,247,0,0,0,0,0,0,"[""190121568"", ""211170774"", ""195078992"", ""201461303"", ""156855089"", ""209268749"", ""195596465"", ""192874247"", ""202016099"", ""212819052""]"
none_subset,4,67459375,72266723,46,348,0,0,0,0,0,0,"[""194811856"", ""110268464"", ""113654919"", ""21000985"", ""92989081"", ""59097004"", ""16339902"", ""99309357"", ""139649558"", ""158946684""]"
none_subset,4,210856081,39020816,57,383,0,0,0,0,0,0,"[""209144105"", ""187950832"", ""198496404"", ""213078674"", ""102488247"", ""213406997"", ""193741544"", ""195801582"", ""170340056"", ""202358315""]"
none_subset,4,186892785,139178433,64,209,0,0,0,0,0,0,"[""120966979"", ""130603525"", ""167158322"", ""153356810"", ""204007990"", ""143663551"", ""46094230"", ""187986270"", ""131141531"", ""16466362""]"
none_subset,4,101611615,63641979,62,107,0,0,0,0,0,0,"[""116117359"", ""215235431"", ""156885677"", ""182029851"", ""146490896"", ""124432701"", ""201108158"", ""176309620"", ""210228776"", ""94106347""]"
none_subset,4,159166978,135553147,4,11,0,0,0,0,1,1,"[""146976388"", ""136053108"", ""197046560"", ""206947052"", ""191301984"", ""164634484"", ""45403148"", ""174589045"", ""199379224"", ""172647643""]"
none_subset,4,225235285,37219891,64,940,0,0,0,0,0,0,"[""118284407"", ""69904366"", ""195702681"", ""126493232"", ""182382634"", ""109908915"", ""115197132"", ""208439755"", ""23370473"", ""124110006""]"
none_subset,4,197791490,167800204,46,12,0,0,0,0,1,1,"[""204823121"", ""155463873"", ""174492089"", ""204314440"", ""194782765"", ""213326669"", ""132077090"", ""210724130"", ""209783146"", ""180299995""]"
none_subset,4,102418082,80903797,57,323,0,0,0,0,0,0,"[""76371725"", ""202526079"", ""172059758"", ""196654350"", ""202759768"", ""85888656"", ""125904741"", ""143993691"", ""103674969"", ""165255338""]"
none_subset,4,114268368,97820261,43,32,0,0,0,0,0,1,"[""143996100"", ""191072085"", ""183716498"", ""184136574"", ""155438071"", ""125402576"", ""181955635"", ""56967833"", ""201353088"", ""183029564""]"
none_subset,4,202665173,176931775,46,1101,0,0,0,0,0,0,"[""206367601"", ""209433778"", ""208224187"", ""173406684"", ""80250098"", ""213699346"", ""140083128"", ""210836917"", ""47210633"", ""100946720""]"
none_subset,4,111494545,100563053,37,468,0,0,0,0,0,0,"[""213471023"", ""146527115"", ""209543868"", ""174160467"", ""141241455"", ""167814691"", ""137062195"", ""191294127"", ""160185355"", ""159931342""]"
none_subset,4,128208179,109410545,4,30,0,0,0,0,1,1,"[""144264277"", ""72045166"", ""199361385"", ""202362364"", ""145583009"", ""201526042"", ""191695096"", ""127548260"", ""192314331"", ""180567795""]"
none_subset,4,223127056,190228521,43,94,0,0,0,0,0,0,"[""95818019"", ""201736764"", ""203729608"", ""94195633"", ""165487867"", ""185196782"", ""201236975"", ""208578922"", ""181771791"", ""64251949""]"
none_subset,4,199815355,39903440,38,1794,0,0,0,0,0,0,"[""49778371"", ""162221630"", ""67142038"", ""130168090"", ""213020081"", ""213984936"", ""194346900"", ""70700474"", ""213109347"", ""188544896""]"
none_subset,4,182672197,161159839,4,202,0,0,0,0,0,0,"[""72045166"", ""119898461"", ""202362364"", ""76695262"", ""144264277"", ""119644839"", ""164284194"", ""194814735"", ""214521847"", ""187133003""]"
none_subset,4,102786047,89332658,4,225,0,0,0,0,0,0,"[""113622434"", ""141085810"", ""154203183"", ""94286928"", ""159570716"", ""100007550"", ""133977293"", ""144067777"", ""164449645"", ""141989738""]"
none_subset,4,202861919,191600925,37,332,0,0,0,0,0,0,"[""145639775"", ""60946553"", ""133932837"", ""132869646"", ""50495635"", ""211415830"", ""188967908"", ""212140191"", ""209156180"", ""159778580""]"
none_subset,4,219927448,193004529,64,531,0,0,0,0,0,0,"[""196906365"", ""214634539"", ""205896464"", ""174100903"", ""144627869"", ""39329217"", ""213086438"", ""211040708"", ""84520046"", ""116860085""]"
none_subset,4,225166230,193874948,46,138,0,0,0,0,0,0,"[""133674182"", ""201215254"", ""139649558"", ""158946684"", ""193559506"", ""158806989"", ""16339902"", ""141876515"", ""85427391"", ""62458353""]"
none_subset,4,224481256,213026403,37,305,0,0,0,0,0,0,"[""91090509"", ""133932837"", ""121775976"", ""127087324"", ""100819191"", ""165315733"", ""204628236"", ""159707679"", ""188967908"", ""189381669""]"
none_subset,4,220758990,207726716,4,1,1,1,1,1,1,1,"[""207726716"", ""189899644"", ""183858161"", ""210109068"", ""209754995"", ""194722275"", ""167623478"", ""181079699"", ""188613028"", ""200030203""]"
none_subset,4,176026002,139094513,62,1722,0,0,0,0,0,0,"[""138202324"", ""184558097"", ""138706009"", ""208996795"", ""138176309"", ""19558627"", ""147789503"", ""82677281"", ""69695730"", ""171440438""]"
none_subset,4,220209094,206351628,62,60,0,0,0,0,0,0,"[""210489322"", ""191313815"", ""206841068"", ""197247155"", ""191982155"", ""207489645"", ""213866096"", ""185886914"", ""205843076"", ""188217169""]"
none_subset,4,146131699,126937971,43,105,0,0,0,0,0,0,"[""127203559"", ""178871976"", ""127635452"", ""191493447"", ""202516482"", ""160295191"", ""157682449"", ""163286400"", ""121597429"", ""142550589""]"
none_subset,4,68842383,63103166,43,46,0,0,0,0,0,1,"[""164991678"", ""197607286"", ""75802625"", ""115851281"", ""76510127"", ""205605896"", ""144932091"", ""154180471"", ""99720576"", ""81706080""]"
none_subset,4,210482844,180546104,37,400,0,0,0,0,0,0,"[""155458733"", ""141475747"", ""145502443"", ""171333475"", ""169052319"", ""204623141"", ""88534873"", ""110465452"", ""149221878"", ""120893128""]"
none_subset,4,216831546,173645815,37,656,0,0,0,0,0,0,"[""188912090"", ""168115320"", ""176608529"", ""206587185"", ""191259466"", ""40661702"", ""200576630"", ""192456013"", ""133351365"", ""133173167""]"
none_subset,4,187441994,119644839,4,17,0,0,0,0,1,1,"[""148281605"", ""119106930"", ""120663751"", ""116057633"", ""170725190"", ""151356635"", ""184587206"", ""149599673"", ""114164900"", ""196352343""]"
none_subset,4,196491620,119913706,4,75,0,0,0,0,0,0,"[""157346101"", ""181288745"", ""195396635"", ""203515307"", ""36482821"", ""53953930"", ""168021014"", ""142657666"", ""191564735"", ""49499187""]"
none_subset,4,220704990,205103637,38,432,0,0,0,0,0,0,"[""169186989"", ""159326492"", ""90207738"", ""203712106"", ""203991000"", ""204274207"", ""192510359"", ""208142272"", ""154434048"", ""145417944""]"
none_subset,4,224737531,214583872,62,1355,0,0,0,0,0,0,"[""153895442"", ""210871676"", ""180623952"", ""156966648"", ""128594783"", ""145498643"", ""16082541"", ""97032103"", ""17218907"", ""200983413""]"
none_subset,4,212277464,191640347,38,7,0,0,0,1,1,1,"[""138353042"", ""146217898"", ""194853957"", ""193949384"", ""194346900"", ""208862181"", ""191640347"", ""193133447"", ""178462865"", ""151333626""]"
none_subset,4,221616984,206390086,4,454,0,0,0,0,0,0,"[""105762137"", ""181646106"", ""200691824"", ""80458410"", ""197475541"", ""187408602"", ""202372205"", ""205789625"", ""200439718"", ""185741584""]"
none_subset,4,221470979,99992649,43,80,0,0,0,0,0,0,"[""102607958"", ""117984925"", ""74845533"", ""207851646"", ""125529016"", ""129748527"", ""97205267"", ""155678818"", ""72741345"", ""114763824""]"
none_subset,4,224379588,201747658,64,198,0,0,0,0,0,0,"[""209768449"", ""209956836"", ""201860541"", ""173447641"", ""169622540"", ""211307371"", ""167161374"", ""153434885"", ""214310641"", ""207826820""]"
none_subset,4,225331093,214581587,37,600,0,0,0,0,0,0,"[""203730564"", ""213416559"", ""190569345"", ""173966675"", ""164058126"", ""201660893"", ""209000043"", ""195014964"", ""207544886"", ""197238711""]"
none_subset,4,211473178,188195572,43,916,0,0,0,0,0,0,"[""145672403"", ""202847647"", ""186549940"", ""166301530"", ""145855101"", ""138812364"", ""140993217"", ""172285662"", ""182050443"", ""173924308""]"
none_subset,4,36092657,16082541,62,725,0,0,0,0,0,0,"[""92980980"", ""56568319"", ""167029837"", ""197681506"", ""76087987"", ""180366851"", ""150070859"", ""157692294"", ""204880318"", ""52020678""]"
none_subset,4,223001463,181988758,37,10,0,0,0,1,1,1,"[""137062195"", ""141241455"", ""160185355"", ""172288418"", ""146527115"", ""124237457"", ""174160467"", ""211519251"", ""170091134"", ""181988758""]"
none_subset,4,106023746,90207738,38,261,0,0,0,0,0,0,"[""150442928"", ""84270721"", ""76211714"", ""80604101"", ""191462292"", ""156481100"", ""171072811"", ""158221656"", ""88415306"", ""50003709""]"
none_subset,4,195768416,168830681,43,524,0,0,0,0,0,0,"[""180442618"", ""184091403"", ""140307868"", ""140709670"", ""198320674"", ""181873878"", ""195474760"", ""194288073"", ""95818019"", ""202227389""]"
none_subset,4,215293653,191131185,37,191,0,0,0,0,0,0,"[""191538851"", ""186811713"", ""208532302"", ""199287233"", ""209172941"", ""191911000"", ""195296935"", ""206569261"", ""201649016"", ""190788965""]"
none_subset,4,196727000,169363779,43,159,0,0,0,0,0,0,"[""199973560"", ""204986935"", ""130951250"", ""180214878"", ""166301530"", ""205915561"", ""129866195"", ""164268294"", ""199927468"", ""168783197""]"
none_subset,4,211716540,191244076,57,556,0,0,0,0,0,0,"[""82520729"", ""22891994"", ""171524744"", ""87360821"", ""62696356"", ""110306995"", ""86061978"", ""149281468"", ""86238073"", ""195693404""]"
none_subset,4,209299411,160039265,46,344,0,0,0,0,0,0,"[""140412713"", ""162330233"", ""151511658"", ""99309357"", ""142789905"", ""171974189"", ""84576505"", ""197859726"", ""99228098"", ""154821670""]"
none_subset,4,198036682,168536218,57,911,0,0,0,0,0,0,"[""115422067"", ""145872351"", ""178239143"", ""57499088"", ""171896766"", ""30933369"", ""113601078"", ""83357296"", ""83990657"", ""135805652""]"
none_subset,4,119614837,105604280,62,776,0,0,0,0,0,0,"[""201968923"", ""126310925"", ""133860591"", ""202450795"", ""213194224"", ""209588722"", ""127142933"", ""166974075"", ""210154412"", ""104598173""]"
none_subset,4,129835987,112971301,57,955,0,0,0,0,0,0,"[""57499088"", ""138618540"", ""166910126"", ""83357296"", ""113601078"", ""115422067"", ""207173802"", ""133682860"", ""211835809"", ""57499091""]"
none_subset,4,198143042,167740456,64,127,0,0,0,0,0,0,"[""138322181"", ""146444401"", ""121260031"", ""107055611"", ""46094230"", ""130509385"", ""196347311"", ""19607163"", ""123687478"", ""63474547""]"
none_subset,4,212433167,192413607,4,76,0,0,0,0,0,0,"[""156440021"", ""75870943"", ""185181562"", ""205277943"", ""182903930"", ""63712816"", ""207099785"", ""210109068"", ""88932849"", ""194689928""]"
none_subset,4,152837769,132595203,64,502,0,0,0,0,0,0,"[""213253358"", ""208979760"", ""56593545"", ""169353292"", ""200974603"", ""190759249"", ""213788530"", ""207080740"", ""211171973"", ""205058205""]"
none_subset,4,188548219,157989085,43,18,0,0,0,0,1,1,"[""204265427"", ""178272808"", ""33852949"", ""84316516"", ""151416547"", ""129483238"", ""69088872"", ""198047847"", ""207172875"", ""168714665""]"
none_subset,4,223728006,96029631,64,479,0,0,0,0,0,0,"[""60032340"", ""95987224"", ""114607994"", ""170931595"", ""109707327"", ""127512781"", ""125561073"", ""103416735"", ""204824313"", ""138803213""]"
none_subset,4,84272963,83729071,46,26,0,0,0,0,1,1,"[""138718760"", ""125568463"", ""169602941"", ""174504603"", ""170560461"", ""103629761"", ""127505414"", ""169485140"", ""134544825"", ""105455033""]"
none_subset,4,196987465,176715532,4,225,0,0,0,0,0,0,"[""206506678"", ""184994826"", ""145020770"", ""144811459"", ""190228386"", ""181096990"", ""214212078"", ""195242863"", ""167305447"", ""202545918""]"
none_subset,4,141116855,120205229,4,17,0,0,0,0,1,1,"[""186775950"", ""115266425"", ""185967985"", ""88532160"", ""154031903"", ""62845465"", ""176334578"", ""188323012"", ""181288745"", ""153876637""]"
none_subset,4,224307694,209183284,4,256,0,0,0,0,0,0,"[""212819052"", ""210709127"", ""200370265"", ""215580343"", ""214275181"", ""205463044"", ""210871478"", ""214582809"", ""206285188"", ""140968055""]"
none_subset,4,217204938,201202736,43,48,0,0,0,0,0,1,"[""210321299"", ""211890870"", ""132315079"", ""186807991"", ""176475069"", ""126702260"", ""210273616"", ""183029564"", ""157809653"", ""209759690""]"
none_subset,4,224764295,213740987,37,78,0,0,0,0,0,0,"[""190070434"", ""195908286"", ""191538851"", ""209349722"", ""193730114"", ""206302770"", ""124434815"", ""208141913"", ""172689752"", ""182640683""]"
none_subset,4,223771701,212690484,46,9,0,0,0,1,1,1,"[""134911669"", ""137046920"", ""181547294"", ""78134637"", ""116259633"", ""111956915"", ""210902832"", ""77308664"", ""212690484"", ""201909624""]"
none_subset,4,140862338,122704847,46,207,0,0,0,0,0,0,"[""176659851"", ""178975230"", ""153105815"", ""64234906"", ""141876515"", ""134848823"", ""153503851"", ""117093898"", ""133674182"", ""188529439""]"
none_subset,4,213056534,193369779,4,53,0,0,0,0,0,0,"[""185880119"", ""194142299"", ""191209763"", ""191316160"", ""180843726"", ""146249483"", ""177825434"", ""201211887"", ""190574356"", ""193481695""]"
none_subset,4,220474906,196341965,64,1371,0,0,0,0,0,0,"[""79233838"", ""193870914"", ""121260031"", ""138322181"", ""191629980"", ""187033175"", ""147984435"", ""46094230"", ""94645332"", ""195227005""]"
none_subset,4,220693428,207538350,64,40,0,0,0,0,0,1,"[""86356781"", ""65008714"", ""74256345"", ""136038725"", ""73065988"", ""154324585"", ""152762249"", ""179210556"", ""100728693"", ""214515601""]"
none_subset,4,216735988,200278482,37,129,0,0,0,0,0,0,"[""213318077"", ""183693328"", ""187543270"", ""175852737"", ""209154292"", ""202328948"", ""141656944"", ""186828726"", ""188912090"", ""207544886""]"
none_subset,4,202583639,164265663,46,905,0,0,0,0,0,0,"[""193559506"", ""160110731"", ""205030690"", ""156554598"", ""110900877"", ""53760527"", ""158946684"", ""214464211"", ""110268464"", ""74403232""]"
none_subset,4,62132920,62710943,38,301,0,0,0,0,0,0,"[""192315877"", ""117957932"", ""109987226"", ""204637998"", ""70118559"", ""126884451"", ""91690080"", ""167575814"", ""161002473"", ""81626812""]"
none_subset,4,222276478,88088262,46,41,0,0,0,0,0,1,"[""114654675"", ""107095516"", ""109762523"", ""132867538"", ""77388181"", ""178808064"", ""139912235"", ""148352358"", ""176661515"", ""170790096""]"
none_subset,4,142328598,90967487,43,200,0,0,0,0,0,0,"[""90011446"", ""89680114"", ""148267226"", ""125047033"", ""118625390"", ""89602786"", ""190193667"", ""193186547"", ""114685239"", ""179054743""]"
none_subset,4,222715908,149731729,64,1201,0,0,0,0,0,0,"[""146444401"", ""194941994"", ""116857348"", ""154897158"", ""201298322"", ""19607163"", ""73275498"", ""148153000"", ""63993803"", ""124198714""]"
none_subset,4,222358302,207658724,37,18,0,0,0,0,1,1,"[""209794141"", ""109845272"", ""198753304"", ""194302416"", ""92247640"", ""117410846"", ""128504357"", ""190695285"", ""96678439"", ""192142184""]"
none_subset,4,202039416,156469871,4,229,0,0,0,0,0,0,"[""197475541"", ""189945818"", ""205405501"", ""69796700"", ""193934711"", ""190480175"", ""201079257"", ""193589374"", ""168012970"", ""205789625""]"
none_subset,4,221196688,208626958,64,97,0,0,0,0,0,0,"[""112345894"", ""185454425"", ""190240397"", ""183047062"", ""108773457"", ""134312075"", ""98518695"", ""141045171"", ""200016831"", ""126589451""]"
none_subset,4,85702585,46410175,46,652,0,0,0,0,0,0,"[""142436010"", ""159369178"", ""176761183"", ""144431749"", ""141583383"", ""79694314"", ""214169191"", ""81754384"", ""56920439"", ""76370473""]"
none_subset,4,218171263,145005553,37,190,0,0,0,0,0,0,"[""205465612"", ""170992936"", ""204662722"", ""204161065"", ""204006241"", ""185756838"", ""207409548"", ""193631307"", ""105500725"", ""164535707""]"
none_subset,4,218461841,203631816,57,973,0,0,0,0,0,0,"[""210498921"", ""187760067"", ""211047562"", ""165109337"", ""175993260"", ""120441699"", ""151166573"", ""209465166"", ""207323988"", ""146504682""]"
none_subset,4,216991822,193646222,37,362,0,0,0,0,0,0,"[""145112155"", ""150316929"", ""188877213"", ""193680819"", ""122241592"", ""204420256"", ""49608053"", ""191544375"", ""142508806"", ""195831532""]"
none_subset,4,117366450,105854775,64,4,0,0,1,1,1,1,"[""173159881"", ""174387123"", ""94645332"", ""105854775"", ""187707055"", ""130210660"", ""188536293"", ""184790742"", ""63935560"", ""187557702""]"
none_subset,4,224936466,214708320,37,95,0,0,0,0,0,0,"[""93714502"", ""159931625"", ""152102790"", ""166280219"", ""200025016"", ""188679659"", ""126929630"", ""192597928"", ""129735644"", ""212047029""]"
none_subset,4,199206136,173069545,46,183,0,0,0,0,0,0,"[""175485760"", ""212084332"", ""177268870"", ""210667015"", ""210373455"", ""146947584"", ""208712486"", ""152531642"", ""201436985"", ""204958677""]"
none_subset,4,220225073,159846758,64,1127,0,0,0,0,0,0,"[""19607163"", ""128607088"", ""181619566"", ""187716249"", ""187708913"", ""123687478"", ""152368817"", ""60032340"", ""90897593"", ""16060214""]"
none_subset,4,224909719,199223722,43,247,0,0,0,0,0,0,"[""156395019"", ""168943005"", ""192651386"", ""183716498"", ""39026970"", ""160598030"", ""162644598"", ""157809653"", ""100333045"", ""178361669""]"
none_subset,4,219754120,56998165,4,1,1,1,1,1,1,1,"[""56998165"", ""105063903"", ""209176316"", ""191815855"", ""169250822"", ""193746035"", ""70897180"", ""171860963"", ""203934220"", ""210497898""]"
none_subset,4,222199311,197129998,64,1667,0,0,0,0,0,0,"[""207726882"", ""206294617"", ""182426229"", ""111814939"", ""203743622"", ""211889722"", ""206210420"", ""201860541"", ""109438369"", ""200590603""]"
none_subset,4,178764676,150167398,38,5,0,0,1,1,1,1,"[""149562058"", ""77338935"", ""133301327"", ""145871617"", ""150167398"", ""203127417"", ""144183456"", ""114260093"", ""213992866"", ""122139403""]"
none_subset,4,74861701,75777764,43,1537,0,0,0,0,0,0,"[""154215969"", ""196397416"", ""188230609"", ""177067604"", ""160058303"", ""121013474"", ""211382244"", ""164285938"", ""194855616"", ""170053319""]"
none_subset,4,215705047,192928912,64,938,0,0,0,0,0,0,"[""186122058"", ""144339648"", ""147667682"", ""94863968"", ""168668432"", ""118412828"", ""156784913"", ""74162951"", ""194116859"", ""149194952""]"
none_subset,4,96253433,84850725,57,131,0,0,0,0,0,0,"[""110306995"", ""122789892"", ""99723323"", ""115422067"", ""135805652"", ""128122761"", ""75629630"", ""166910126"", ""57499088"", ""83357296""]"
none_subset,4,78786200,68716648,38,529,0,0,0,0,0,0,"[""117957932"", ""37809434"", ""112389064"", ""196304269"", ""114055239"", ""145871617"", ""92914026"", ""192315877"", ""88908742"", ""155814671""]"
none_subset,4,212764906,178111525,46,130,0,0,0,0,0,0,"[""181935054"", ""200735701"", ""213130291"", ""201461152"", ""210880528"", ""168398015"", ""204759997"", ""21000985"", ""194051265"", ""130390168""]"
none_subset,4,81897011,81506359,46,59,0,0,0,0,0,0,"[""132671791"", ""202166206"", ""214293298"", ""125568463"", ""215531733"", ""172696525"", ""213021213"", ""79441211"", ""172082320"", ""211122713""]"
none_subset,4,81375051,76257409,46,26,0,0,0,0,1,1,"[""174504603"", ""134544825"", ""138718760"", ""79086260"", ""132184095"", ""103629761"", ""78516486"", ""202999067"", ""83729071"", ""173211527""]"
none_subset,4,221098404,206360846,57,2896,0,0,0,0,0,0,"[""171903975"", ""66312499"", ""68798250"", ""195854357"", ""112462103"", ""208595279"", ""163863157"", ""185584299"", ""168006556"", ""207343683""]"
none_subset,4,148154417,127482214,62,844,0,0,0,0,0,0,"[""159227409"", ""213770244"", ""59818909"", ""79175068"", ""127266946"", ""184547267"", ""210543459"", ""212906250"", ""159161171"", ""172011253""]"
none_subset,4,138331862,120603737,38,587,0,0,0,0,0,0,"[""93923477"", ""189745383"", ""64397678"", ""68644542"", ""77338935"", ""181551206"", ""97894835"", ""96696628"", ""174760342"", ""183915016""]"
none_subset,4,222687175,179521185,64,8,0,0,0,1,1,1,"[""96431966"", ""210444502"", ""83485262"", ""32252174"", ""155183786"", ""202574526"", ""67998486"", ""179521185"", ""128021063"", ""162664577""]"
none_subset,4,146278045,65453441,64,47,0,0,0,0,0,1,"[""194400653"", ""146444401"", ""208682751"", ""16060214"", ""154897158"", ""123687478"", ""160493101"", ""192425958"", ""19607163"", ""173605646""]"
none_subset,4,210956025,189777046,37,164,0,0,0,0,0,0,"[""141656944"", ""209154292"", ""200441050"", ""188414894"", ""150855984"", ""202137970"", ""192323302"", ""199784147"", ""202227327"", ""202328948""]"
none_subset,4,221277599,206404092,37,317,0,0,0,0,0,0,"[""213318077"", ""192323302"", ""197844035"", ""188192294"", ""117685268"", ""207956028"", ""123971162"", ""210666947"", ""207035998"", ""202328948""]"
none_subset,4,142468301,118290351,38,631,0,0,0,0,0,0,"[""156263699"", ""116918686"", ""134912948"", ""211447873"", ""148230390"", ""99075342"", ""136373067"", ""122514493"", ""161128754"", ""182664472""]"
none_subset,4,63871662,164350669,62,1216,0,0,0,0,0,0,"[""180324136"", ""50552393"", ""204555441"", ""180167452"", ""156885677"", ""201108158"", ""63654449"", ""185145276"", ""82871684"", ""194707540""]"
none_subset,4,126841239,112648778,4,959,0,0,0,0,0,0,"[""84024207"", ""159364641"", ""197382040"", ""139073104"", ""205311074"", ""212786536"", ""75168847"", ""211428834"", ""194031199"", ""198909677""]"
none_subset,4,210335925,188608634,62,361,0,0,0,0,0,0,"[""121524691"", ""125264671"", ""64365794"", ""189968625"", ""184849912"", ""211070786"", ""212901239"", ""191211417"", ""204577887"", ""185606507""]"
none_subset,4,112596910,97501013,64,15,0,0,0,0,1,1,"[""149715107"", ""138800320"", ""204824313"", ""44092132"", ""157803989"", ""116423938"", ""190786565"", ""183225423"", ""204738388"", ""121442493""]"
none_subset,4,199748989,172689752,37,993,0,0,0,0,0,0,"[""162977839"", ""211746985"", ""188679659"", ""198753304"", ""102008698"", ""212047029"", ""146962916"", ""129735644"", ""163644147"", ""208576745""]"
none_subset,4,211675955,179876069,38,237,0,0,0,0,0,0,"[""209921939"", ""149562058"", ""52512643"", ""145871617"", ""200085691"", ""198969641"", ""209590588"", ""213992866"", ""177867333"", ""92914026""]"
none_subset,4,52338893,51749408,37,2,0,1,1,1,1,1,"[""205328844"", ""51749408"", ""80433944"", ""143865659"", ""142630827"", ""188918346"", ""185048961"", ""23924949"", ""139391729"", ""142136896""]"
none_subset,4,151846351,125139020,38,542,0,0,0,0,0,0,"[""214394715"", ""31197704"", ""159835737"", ""165955684"", ""74273124"", ""123821164"", ""110664117"", ""201541368"", ""180023471"", ""18107447""]"
none_subset,4,223630919,138971583,46,108,0,0,0,0,0,0,"[""212685047"", ""129506623"", ""45769216"", ""173222203"", ""160255339"", ""111118568"", ""166127396"", ""106830010"", ""203310461"", ""161497124""]"
none_subset,4,78464166,78864979,4,101,0,0,0,0,0,0,"[""159255378"", ""12867445"", ""51485643"", ""215209407"", ""164936492"", ""210958374"", ""189273976"", ""168222985"", ""211774897"", ""207533227""]"
none_subset,4,63497561,64365794,62,1349,0,0,0,0,0,0,"[""207242661"", ""181195424"", ""134377605"", ""143685562"", ""20451062"", ""67139578"", ""151308081"", ""128570958"", ""32728587"", ""113547578""]"
none_subset,4,169329752,142832546,62,111,0,0,0,0,0,0,"[""86925187"", ""79777747"", ""10132068"", ""67894406"", ""152815967"", ""82871684"", ""136204771"", ""213659099"", ""134970871"", ""103593430""]"
none_subset,4,213406863,191235079,43,2612,0,0,0,0,0,0,"[""193026545"", ""191072085"", ""101683090"", ""206941043"", ""165082890"", ""120188232"", ""144080652"", ""156835723"", ""201353088"", ""161117276""]"
none_subset,4,217747231,201328927,37,759,0,0,0,0,0,0,"[""208532302"", ""209172941"", ""172689752"", ""210502009"", ""121097766"", ""194408004"", ""199287233"", ""187423310"", ""151601836"", ""162977839""]"
none_subset,4,216056810,205283530,38,97,0,0,0,0,0,0,"[""117957932"", ""112389064"", ""145871617"", ""37809434"", ""125139020"", ""92914026"", ""70118559"", ""114055239"", ""108421334"", ""133136953""]"
none_subset,4,115228040,60103240,43,165,0,0,0,0,0,0,"[""37006900"", ""148554371"", ""122164817"", ""6516822"", ""67294136"", ""188032543"", ""125638272"", ""69852060"", ""78565510"", ""57715433""]"
none_subset,4,224934752,213859538,4,2647,0,0,0,0,0,0,"[""206285668"", ""194814735"", ""90951087"", ""207064032"", ""211473289"", ""74840410"", ""161499533"", ""179140612"", ""122965096"", ""152350533""]"
none_subset,4,224920659,203746928,4,1087,0,0,0,0,0,0,"[""126889201"", ""154031903"", ""44842674"", ""198070526"", ""160037231"", ""181672704"", ""165904972"", ""199780246"", ""174770035"", ""186179720""]"
none_subset,4,219762088,199973345,38,319,0,0,0,0,0,0,"[""86748527"", ""158453764"", ""206728210"", ""209921939"", ""116922022"", ""211127039"", ""182108171"", ""203456374"", ""196915199"", ""88479809""]"
none_subset,4,213506280,193992725,37,487,0,0,0,0,0,0,"[""212047029"", ""163644147"", ""162977839"", ""170049514"", ""176116685"", ""185677825"", ""186298213"", ""61710118"", ""128177539"", ""103057199""]"
none_subset,4,200948847,172308661,4,484,0,0,0,0,0,0,"[""172033376"", ""126042350"", ""161281171"", ""32014424"", ""138898252"", ""166880259"", ""102201495"", ""207568797"", ""209715606"", ""167076720""]"
none_subset,4,223592794,211808810,62,11,0,0,0,0,1,1,"[""191710575"", ""156489473"", ""133228837"", ""136225463"", ""123145266"", ""170246818"", ""164807743"", ""153551332"", ""183222767"", ""169803718""]"
none_subset,4,222240838,208431676,46,341,0,0,0,0,0,0,"[""212730825"", ""201436985"", ""212261718"", ""209156183"", ""208719036"", ""208956852"", ""210366645"", ""210498678"", ""209174745"", ""205463159""]"
none_subset,4,188294095,131192536,62,36,0,0,0,0,0,1,"[""113542136"", ""172904337"", ""140609707"", ""154422217"", ""32645477"", ""200582902"", ""140687112"", ""25260455"", ""100144178"", ""156564557""]"
none_subset,4,216777466,200026065,4,43,0,0,0,0,0,1,"[""185880119"", ""191216846"", ""194142299"", ""193481695"", ""201454668"", ""192410120"", ""50948393"", ""193001991"", ""196849929"", ""206636227""]"
none_subset,4,116549437,105006245,4,2512,0,0,0,0,0,0,"[""155621693"", ""143548483"", ""174891772"", ""203890372"", ""76695262"", ""202362364"", ""186934020"", ""112540745"", ""129568541"", ""117771611""]"
none_subset,4,222218561,209759690,43,74,0,0,0,0,0,0,"[""185897088"", ""164527202"", ""192529072"", ""190677683"", ""166148334"", ""196161702"", ""201906627"", ""189168111"", ""190372173"", ""201668961""]"
none_subset,4,209513662,120682854,62,551,0,0,0,0,0,0,"[""106557292"", ""94546694"", ""177326283"", ""156442595"", ""195842978"", ""148844442"", ""46446514"", ""146664101"", ""110202670"", ""210228776""]"
none_subset,4,200275719,83719006,62,2338,0,0,0,0,0,0,"[""61344621"", ""187198512"", ""195229377"", ""96381369"", ""172904337"", ""47074430"", ""60969101"", ""27329790"", ""79071994"", ""100144178""]"
none_subset,4,190685103,156263699,38,420,0,0,0,0,0,0,"[""145871617"", ""143663688"", ""117957932"", ""125139020"", ""37709032"", ""133136953"", ""161495460"", ""127751166"", ""123220669"", ""37809434""]"
none_subset,4,198811297,171174687,43,240,0,0,0,0,0,0,"[""120188232"", ""182081124"", ""192784424"", ""63099395"", ""133220748"", ""101683090"", ""90011446"", ""109286694"", ""184170758"", ""166329703""]"
none_subset,4,113308459,99472535,4,34,0,0,0,0,0,1,"[""119654700"", ""204285378"", ""152685161"", ""18444702"", ""198809896"", ""65093644"", ""121025812"", ""116662369"", ""120540825"", ""186220965""]"
none_subset,4,155246815,133410542,4,204,0,0,0,0,0,0,"[""138891074"", ""138056332"", ""164194074"", ""169992252"", ""210309601"", ""164634484"", ""205463044"", ""160135566"", ""188665796"", ""214085481""]"
none_subset,4,201975649,157072589,4,573,0,0,0,0,0,0,"[""189945818"", ""212215373"", ""177949545"", ""168012970"", ""203738355"", ""200855615"", ""105240256"", ""206010093"", ""181891365"", ""202888371""]"
none_subset,4,215047128,118658701,62,26,0,0,0,0,1,1,"[""120555954"", ""214600448"", ""205794412"", ""197142886"", ""110841166"", ""188314835"", ""192772030"", ""75511022"", ""195900799"", ""7191392""]"
none_subset,4,206022811,148282226,43,1909,0,0,0,0,0,0,"[""191363897"", ""175879766"", ""178425205"", ""205500642"", ""150825286"", ""178002590"", ""89602786"", ""148635203"", ""167164193"", ""123492526""]"
none_subset,4,199864614,172433080,46,50,0,0,0,0,0,1,"[""173222203"", ""212809187"", ""192338677"", ""163919581"", ""136819405"", ""204632637"", ""194136520"", ""84381800"", ""127609272"", ""162264344""]"
none_subset,4,220643000,205007406,46,80,0,0,0,0,0,0,"[""208143888"", ""194361633"", ""179533802"", ""87562356"", ""197949897"", ""123341476"", ""171578170"", ""79804197"", ""212168388"", ""121346371""]"
none_subset,4,216743416,200374313,62,113,0,0,0,0,0,0,"[""124432701"", ""116117359"", ""88462361"", ""57861067"", ""211334137"", ""110895997"", ""143227017"", ""128589400"", ""209171711"", ""211900236""]"
none_subset,4,225236562,161174151,38,66,0,0,0,0,0,0,"[""204880845"", ""157657051"", ""126776975"", ""100749834"", ""111639650"", ""182866917"", ""194370723"", ""192509185"", ""192654276"", ""169004224""]"
none_subset,4,202941849,146473396,38,557,0,0,0,0,0,0,"[""117957932"", ""145871617"", ""147913145"", ""112658377"", ""149562058"", ""161495460"", ""209631773"", ""112389064"", ""167575814"", ""183239301""]"
none_subset,4,214912385,193435206,43,6,0,0,0,1,1,1,"[""201468592"", ""182399428"", ""146783647"", ""200611512"", ""185108178"", ""193435206"", ""201535486"", ""157129302"", ""183692897"", ""143322462""]"
none_subset,4,218248280,168911726,62,87,0,0,0,0,0,0,"[""181082260"", ""139116865"", ""79802279"", ""193455158"", ""150061205"", ""52577956"", ""76325050"", ""82622035"", ""99424689"", ""156677885""]"
none_subset,4,224766332,214740980,4,574,0,0,0,0,0,0,"[""214643235"", ""213319159"", ""204133139"", ""205486501"", ""207202974"", ""212786536"", ""201066059"", ""192581557"", ""198052564"", ""214759232""]"
none_subset,4,117069997,102651632,64,1284,0,0,0,0,0,0,"[""12228373"", ""188599489"", ""103416735"", ""60124479"", ""53527257"", ""62604823"", ""35312252"", ""161612772"", ""210873715"", ""191437806""]"
none_subset,4,213188680,161792498,38,2021,0,0,0,0,0,0,"[""136204876"", ""193857246"", ""128022775"", ""149389681"", ""56711957"", ""211427284"", ""174632713"", ""145998937"", ""149343290"", ""175815162""]"
none_subset,4,220679820,206905310,38,2230,0,0,0,0,0,0,"[""100749834"", ""169004224"", ""205465606"", ""114889567"", ""205112185"", ""171180851"", ""199297939"", ""51837774"", ""161174151"", ""133973101""]"
none_subset,4,221546219,209268749,4,95,0,0,0,0,0,0,"[""212023025"", ""210309601"", ""203618170"", ""213963033"", ""138178873"", ""214582809"", ""207534566"", ""214643235"", ""91314033"", ""164194074""]"
none_subset,4,174244672,145708285,43,22,0,0,0,0,1,1,"[""205517780"", ""98800023"", ""209622362"", ""199927468"", ""190843616"", ""207192922"", ""207289652"", ""169542784"", ""190480160"", ""88376416""]"
none_subset,4,195486271,162650154,4,1684,0,0,0,0,0,0,"[""187964382"", ""60532395"", ""153395320"", ""116057633"", ""84839916"", ""119644839"", ""141606114"", ""181715447"", ""145303232"", ""148281605""]"
none_subset,4,211414159,190677021,4,401,0,0,0,0,0,0,"[""208780104"", ""193001991"", ""193481695"", ""194160187"", ""195744792"", ""198221149"", ""210550451"", ""196026500"", ""192410120"", ""182581077""]"
none_subset,4,207097731,172004450,37,288,0,0,0,0,0,0,"[""187043151"", ""210583467"", ""191600925"", ""80808834"", ""199857856"", ""186986472"", ""32197485"", ""209553393"", ""123259140"", ""202778075""]"
none_subset,4,197355434,101295733,57,1138,0,0,0,0,0,0,"[""82248629"", ""211497981"", ""79470201"", ""151872768"", ""171021120"", ""84202088"", ""100944857"", ""44101662"", ""201700155"", ""57596469""]"
none_subset,4,196705804,159536710,46,19,0,0,0,0,1,1,"[""137171317"", ""188865413"", ""76061645"", ""184357726"", ""190115727"", ""208605842"", ""129240074"", ""209980383"", ""134507475"", ""182764303""]"
none_subset,4,96123213,57499091,57,1,1,1,1,1,1,1,"[""57499091"", ""145912634"", ""102975387"", ""207173802"", ""135189717"", ""92019154"", ""83357296"", ""142637706"", ""75645739"", ""65090075""]"
none_subset,4,194700626,167539255,43,338,0,0,0,0,0,0,"[""193746203"", ""168783197"", ""212781685"", ""208309750"", ""190372173"", ""108684069"", ""155909920"", ""171112521"", ""197514276"", ""97506344""]"
none_subset,4,180198150,144472808,43,236,0,0,0,0,0,0,"[""166329703"", ""177067604"", ""163838965"", ""194855616"", ""205985198"", ""191701553"", ""202367676"", ""198499155"", ""139778348"", ""148294908""]"
none_subset,4,219126828,194850161,37,1642,0,0,0,0,0,0,"[""174852305"", ""213026403"", ""198930981"", ""156440997"", ""162276026"", ""113225323"", ""180649299"", ""195701055"", ""113068731"", ""106674292""]"
none_subset,4,215842137,196239631,46,431,0,0,0,0,0,0,"[""213196140"", ""136576031"", ""200419946"", ""89928081"", ""108196994"", ""171226535"", ""99908438"", ""188997673"", ""194051265"", ""98989836""]"
none_subset,4,83265098,79402696,57,806,0,0,0,0,0,0,"[""204015126"", ""176767835"", ""212017438"", ""129428290"", ""196626617"", ""81024498"", ""201048553"", ""175969122"", ""33713680"", ""107906367""]"
none_subset,4,208515574,171247461,38,47,0,0,0,0,0,1,"[""206506072"", ""145720442"", ""194420087"", ""207390508"", ""207390535"", ""67142038"", ""121028401"", ""204092180"", ""153901522"", ""195194673""]"
none_subset,4,210266375,188509360,4,895,0,0,0,0,0,0,"[""145435299"", ""193871241"", ""194689928"", ""208424495"", ""187535990"", ""200030203"", ""207819636"", ""200860968"", ""198615413"", ""63712816""]"
none_subset,4,153599918,133357830,4,50,0,0,0,0,0,1,"[""122758097"", ""194450967"", ""98076075"", ""194758869"", ""205917654"", ""211901995"", ""209607188"", ""123613267"", ""108202978"", ""193951937""]"
none_subset,4,216308930,199436569,46,643,0,0,0,0,0,0,"[""194132989"", ""172250706"", ""205019069"", ""142707487"", ""186533909"", ""213296616"", ""158137442"", ""186078356"", ""209924155"", ""201024429""]"
none_subset,4,185521301,148267226,43,1019,0,0,0,0,0,0,"[""195408710"", ""137780242"", ""177916694"", ""81062645"", ""98882441"", ""125638272"", ""60674498"", ""110717688"", ""191248601"", ""97217214""]"
none_subset,4,216626064,174101143,37,42,0,0,0,0,0,1,"[""207698281"", ""206404092"", ""107872662"", ""73910372"", ""191191501"", ""197238711"", ""193680819"", ""195744990"", ""196101708"", ""195252247""]"
none_subset,4,201445063,172961532,57,28,0,0,0,0,1,1,"[""82074015"", ""58773802"", ""44191816"", ""53594227"", ""88411977"", ""100527593"", ""134702379"", ""138327581"", ""14439949"", ""80240289""]"
none_subset,4,212406032,192225398,64,124,0,0,0,0,0,0,"[""195529634"", ""187944465"", ""214208964"", ""186122058"", ""196368309"", ""206276658"", ""200590603"", ""191930990"", ""80098795"", ""210110340""]"
none_subset,4,186306982,151305355,37,68,0,0,0,0,0,0,"[""173499684"", ""209167644"", ""192533600"", ""157139216"", ""182207000"", ""209587702"", ""204151797"", ""173432313"", ""174852305"", ""140164328""]"
none_subset,4,222169874,208254357,4,69,0,0,0,0,0,0,"[""101189812"", ""202029081"", ""126589900"", ""212786536"", ""215351522"", ""212636144"", ""210871478"", ""205356216"", ""205311074"", ""157610724""]"
none_subset,4,162236020,112624575,64,22,0,0,0,0,1,1,"[""141045171"", ""126589451"", ""120420310"", ""137644883"", ""211882934"", ""112345894"", ""112056185"", ""185454425"", ""187959455"", ""160009723""]"
none_subset,4,168320824,179660373,57,25,0,0,0,0,1,1,"[""82248629"", ""79470201"", ""129142528"", ""161021821"", ""36469237"", ""202526079"", ""196654350"", ""204352313"", ""106989319"", ""136092466""]"
none_subset,4,218867529,206874130,46,247,0,0,0,0,0,0,"[""159536710"", ""206843208"", ""184646371"", ""109762523"", ""204650950"", ""212786249"", ""103251721"", ""146029150"", ""190450261"", ""132867538""]"
none_subset,4,215513854,191711172,43,56,0,0,0,0,0,0,"[""44768555"", ""152645436"", ""183751849"", ""158737000"", ""197584084"", ""127979191"", ""188690647"", ""200893142"", ""139778348"", ""114685239""]"
none_subset,4,207321461,183535868,37,1149,0,0,0,0,0,0,"[""186811713"", ""213379343"", ""195908286"", ""206942069"", ""199287233"", ""202227327"", ""209154292"", ""191538851"", ""190788965"", ""206569261""]"
none_subset,4,116345342,103729719,43,924,0,0,0,0,0,0,"[""186549940"", ""35003932"", ""144475989"", ""183307521"", ""153540939"", ""198559418"", ""145672403"", ""205682935"", ""145708285"", ""119119405""]"
none_subset,4,181908159,89431258,46,473,0,0,0,0,0,0,"[""180829317"", ""162153442"", ""172250706"", ""182136657"", ""174665100"", ""208431287"", ""176647062"", ""145094112"", ""212781522"", ""190224714""]"
none_subset,4,224938628,213744352,46,28,0,0,0,0,1,1,"[""129240074"", ""188865413"", ""180749212"", ""39277627"", ""155260589"", ""76061645"", ""208605842"", ""137171317"", ""179861117"", ""168398292""]"
none_subset,4,156330511,127442429,37,489,0,0,0,0,0,0,"[""21423746"", ""127087324"", ""51981897"", ""193719358"", ""146042259"", ""33066220"", ""102688777"", ""147794006"", ""81981879"", ""149631379""]"
none_subset,4,89618330,82109720,62,40,0,0,0,0,0,1,"[""204830740"", ""100102954"", ""149483143"", ""201053460"", ""18162642"", ""76665110"", ""24686208"", ""181798024"", ""129445274"", ""97684562""]"
none_subset,4,186734724,120186615,64,95,0,0,0,0,0,0,"[""155183786"", ""138322181"", ""186761660"", ""198417754"", ""193870914"", ""63404553"", ""58507091"", ""159428920"", ""114420335"", ""153693903""]"
none_subset,4,137663265,121152864,37,941,0,0,0,0,0,0,"[""188083340"", ""200025016"", ""133924998"", ""159931625"", ""127873279"", ""145502443"", ""179751402"", ""197646725"", ""146962916"", ""200686928""]"
none_subset,4,184932665,153873960,46,157,0,0,0,0,0,0,"[""150142821"", ""208035235"", ""143366526"", ""78516486"", ""148352358"", ""132188413"", ""211752694"", ""205635929"", ""130256763"", ""78570599""]"
none_subset,4,176808962,144873226,38,95,0,0,0,0,0,0,"[""188178632"", ""85274599"", ""173253112"", ""181551206"", ""77338935"", ""71140696"", ""145697018"", ""189745383"", ""113745991"", ""174919483""]"
none_subset,4,40091309,46137767,62,63,0,0,0,0,0,0,"[""193136181"", ""15942056"", ""42940692"", ""162263431"", ""45997741"", ""72763415"", ""45013331"", ""147431302"", ""117006578"", ""172190870""]"
none_subset,4,186263172,157798849,37,1063,0,0,0,0,0,0,"[""197344850"", ""142288515"", ""180409690"", ""183175888"", ""190251047"", ""195292057"", ""183268600"", ""91173744"", ""146513683"", ""165980002""]"
none_subset,4,212278606,188191658,62,2193,0,0,0,0,0,0,"[""87531727"", ""57612738"", ""150060889"", ""208335318"", ""172331495"", ""180640041"", ""91942219"", ""79388828"", ""74242439"", ""60359990""]"
none_subset,4,7916680,5126262,38,1865,0,0,0,0,0,0,"[""149982401"", ""122139403"", ""155589050"", ""53171694"", ""60873658"", ""76490987"", ""92914026"", ""24448141"", ""12905940"", ""77338935""]"
none_subset,4,212566660,192314331,4,442,0,0,0,0,0,0,"[""205530255"", ""104918014"", ""107688044"", ""81195353"", ""160484751"", ""179735008"", ""159676437"", ""113199812"", ""214759064"", ""157103009""]"
none_subset,4,171758770,144073843,64,1,1,1,1,1,1,1,"[""144073843"", ""105144259"", ""164633014"", ""180165679"", ""152603802"", ""155021743"", ""136552233"", ""82453175"", ""209711556"", ""32252174""]"
none_subset,4,56944150,58074978,62,1478,0,0,0,0,0,0,"[""166907143"", ""185405124"", ""73410413"", ""128177020"", ""144733620"", ""84086538"", ""106048307"", ""131405477"", ""94106347"", ""43654675""]"
none_subset,4,177136220,149224518,46,267,0,0,0,0,0,0,"[""194716332"", ""178317980"", ""213296616"", ""175049394"", ""130984046"", ""173278868"", ""207833370"", ""141613878"", ""173646354"", ""214158858""]"
none_subset,4,221464984,208901976,4,130,0,0,0,0,0,0,"[""135451052"", ""179812166"", ""46147970"", ""190218932"", ""201481091"", ""191889856"", ""188323012"", ""209018186"", ""193746035"", ""213461075""]"
none_subset,4,211415678,190685714,4,375,0,0,0,0,0,0,"[""126810749"", ""141212383"", ""88932849"", ""191509023"", ""192473388"", ""146764647"", ""193021423"", ""200344150"", ""191461282"", ""187602417""]"
none_subset,4,212123398,153789770,38,12,0,0,0,0,1,1,"[""93923477"", ""96696628"", ""29779319"", ""181551206"", ""27784922"", ""177493383"", ""155422545"", ""69722104"", ""168644115"", ""120501914""]"
none_subset,4,214057362,159356640,38,29,0,0,0,0,1,1,"[""192443797"", ""205529136"", ""40757273"", ""140998433"", ""206343268"", ""112658377"", ""184043731"", ""171074464"", ""193932504"", ""171618124""]"
none_subset,4,225018699,203644944,46,27,0,0,0,0,1,1,"[""198221243"", ""207127154"", ""209764015"", ""204484014"", ""211047288"", ""141781507"", ""210734819"", ""212469100"", ""191974228"", ""211063696""]"
none_subset,4,189614427,161963154,37,500,0,0,0,0,0,0,"[""207481345"", ""176300467"", ""92273591"", ""212776036"", ""209587702"", ""147947722"", ""190646486"", ""196133478"", ""161390704"", ""191148698""]"
none_subset,4,142392731,121824532,64,568,0,0,0,0,0,0,"[""201421429"", ""183213131"", ""149506115"", ""63474547"", ""53527257"", ""103189720"", ""123694415"", ""144054522"", ""63965447"", ""176790633""]"
none_subset,4,223015676,203967736,38,59,0,0,0,0,0,0,"[""170938980"", ""167193773"", ""176455982"", ""204390915"", ""188544896"", ""171832078"", ""64528586"", ""194365263"", ""204218236"", ""49778371""]"
none_subset,4,225055490,201955493,62,1099,0,0,0,0,0,0,"[""189968625"", ""204577887"", ""212901239"", ""192772254"", ""212412503"", ""201240617"", ""203908924"", ""211070786"", ""194031762"", ""204721492""]"
none_subset,4,193926677,166513470,4,36,0,0,0,0,0,1,"[""153979554"", ""192413607"", ""193934711"", ""204466040"", ""206167938"", ""196926090"", ""134243031"", ""13566772"", ""175750166"", ""83596697""]"
none_subset,4,127823271,106159013,46,6,0,0,0,1,1,1,"[""171696517"", ""162796958"", ""93024322"", ""207470239"", ""80535119"", ""106159013"", ""138953275"", ""82615761"", ""30916684"", ""109562038""]"
none_subset,4,216006681,191329499,43,375,0,0,0,0,0,0,"[""72741345"", ""195240617"", ""192366567"", ""150794676"", ""63103158"", ""128872941"", ""188613551"", ""75704737"", ""205287113"", ""113898093""]"
none_subset,4,217243654,200894620,43,4,0,0,1,1,1,1,"[""182050443"", ""208009091"", ""191711172"", ""200894620"", ""168783197"", ""114163759"", ""207021897"", ""140993217"", ""198489911"", ""198313310""]"
none_subset,4,182940563,150904300,37,1542,0,0,0,0,0,0,"[""213471023"", ""14688074"", ""96028215"", ""201740861"", ""163474582"", ""69814974"", ""45171964"", ""92247640"", ""180221400"", ""191931364""]"
none_subset,4,187573727,146649572,4,84,0,0,0,0,0,0,"[""100007550"", ""86774130"", ""113622434"", ""94286928"", ""155106827"", ""154928608"", ""137934343"", ""183725729"", ""56134226"", ""144995106""]"
none_subset,4,138080259,65008714,64,9,0,0,0,1,1,1,"[""193944748"", ""112210141"", ""174387123"", ""187557702"", ""94191912"", ""152762249"", ""159988781"", ""143362090"", ""65008714"", ""156718510""]"
none_subset,4,192631686,153052637,37,774,0,0,0,0,0,0,"[""61710118"", ""194551250"", ""153610553"", ""149221878"", ""214037923"", ""182444653"", ""197393743"", ""128177539"", ""170879853"", ""161147605""]"
none_subset,4,221997368,208214699,64,1,1,1,1,1,1,1,"[""208214699"", ""214403909"", ""187138250"", ""184550395"", ""185230388"", ""211889722"", ""142556394"", ""200030150"", ""187276264"", ""176590943""]"
none_subset,4,43275874,36274453,46,116,0,0,0,0,0,0,"[""118565908"", ""78015202"", ""164400164"", ""119093613"", ""151511658"", ""154821670"", ""126662251"", ""165636439"", ""140412713"", ""204270051""]"
none_subset,4,208549473,188974237,38,405,0,0,0,0,0,0,"[""146217898"", ""151333626"", ""192443349"", ""8550716"", ""104506104"", ""61517646"", ""192587307"", ""188362913"", ""81220432"", ""121564255""]"
none_subset,4,201632722,146950826,38,81,0,0,0,0,0,0,"[""11921513"", ""145998937"", ""195156235"", ""215127574"", ""156461111"", ""186533660"", ""113456040"", ""149343290"", ""136204876"", ""211427284""]"
none_subset,4,156160045,132801199,4,13,0,0,0,0,1,1,"[""206947052"", ""191301984"", ""164258790"", ""183741193"", ""209043508"", ""214893406"", ""36554500"", ""205025057"", ""150981607"", ""210301282""]"
none_subset,4,72156364,74091865,62,41,0,0,0,0,0,1,"[""149622084"", ""144314189"", ""115093732"", ""157692294"", ""109692351"", ""173119325"", ""81228503"", ""210005684"", ""132110473"", ""157926065""]"
none_subset,4,223313101,212092681,64,231,0,0,0,0,0,0,"[""207826820"", ""213788530"", ""119651772"", ""195426035"", ""20371087"", ""207475739"", ""186937016"", ""196286888"", ""201814913"", ""153533707""]"
none_subset,4,223233776,212219845,37,136,0,0,0,0,0,0,"[""191538851"", ""190070434"", ""211802210"", ""209349722"", ""193730114"", ""195908286"", ""201649016"", ""182640683"", ""186811713"", ""208141913""]"
none_subset,4,211371620,158157895,62,246,0,0,0,0,0,0,"[""72763415"", ""42940692"", ""193136181"", ""162263431"", ""117006578"", ""147431302"", ""156487231"", ""172190870"", ""15942056"", ""74242439""]"
none_subset,4,126256433,96974114,43,903,0,0,0,0,0,0,"[""140922487"", ""24907697"", ""51516713"", ""154544914"", ""179127750"", ""175312707"", ""91110398"", ""47578647"", ""62487581"", ""67294136""]"
none_subset,4,212358680,179747268,57,1301,0,0,0,0,0,0,"[""211047562"", ""213974986"", ""187760067"", ""195907765"", ""209942989"", ""210498921"", ""141122844"", ""179079527"", ""109311521"", ""132446211""]"
none_subset,4,206969260,182904703,4,28,0,0,0,0,1,1,"[""192473388"", ""187600900"", ""190079873"", ""202571906"", ""200589462"", ""190777127"", ""200344150"", ""151451581"", ""197090565"", ""205600080""]"
none_subset,4,219081552,202282525,46,111,0,0,0,0,0,0,"[""137150022"", ""205315794"", ""93024322"", ""162796958"", ""213237768"", ""200400926"", ""147425773"", ""82615761"", ""193206170"", ""74767597""]"
none_subset,4,210487268,179668314,64,642,0,0,0,0,0,0,"[""138800320"", ""129093190"", ""92189436"", ""128217933"", ""208915255"", ""121442493"", ""147899970"", ""166184401"", ""146887481"", ""149715107""]"
none_subset,4,225336145,74450876,64,122,0,0,0,0,0,0,"[""72224328"", ""132289907"", ""179411117"", ""165315994"", ""142231631"", ""99717427"", ""201033612"", ""144993665"", ""95788322"", ""81240114""]"
none_subset,4,175331456,146513683,37,226,0,0,0,0,0,0,"[""105541683"", ""128885740"", ""204339441"", ""120514294"", ""177169600"", ""176300467"", ""136884669"", ""160849705"", ""147906093"", ""145686023""]"
none_subset,4,213944371,194670256,37,19,0,0,0,0,1,1,"[""181408383"", ""197844035"", ""192323302"", ""180221400"", ""201740861"", ""202328948"", ""141656944"", ""202030579"", ""202325397"", ""209551298""]"
none_subset,4,134360438,111735082,62,1084,0,0,0,0,0,0,"[""118002181"", ""190955120"", ""192716019"", ""73906788"", ""61834333"", ""157692294"", ""203728936"", ""134917876"", ""201461957"", ""109692351""]"
none_subset,4,187101284,147810982,62,1613,0,0,0,0,0,0,"[""113542136"", ""156564557"", ""86925187"", ""172904337"", ""150920608"", ""127953008"", ""207133151"", ""159960911"", ""73610446"", ""131192536""]"
none_subset,4,203507410,173887076,57,643,0,0,0,0,0,0,"[""195530341"", ""210440269"", ""187950832"", ""195530334"", ""193741544"", ""193303170"", ""166582282"", ""172994991"", ""210636826"", ""202358315""]"
none_subset,4,166673610,121103119,62,660,0,0,0,0,0,0,"[""203378428"", ""96744852"", ""201968923"", ""19018996"", ""166506446"", ""7191392"", ""139296753"", ""169222138"", ""55538884"", ""211947594""]"
none_subset,4,193152815,165031640,57,185,0,0,0,0,0,0,"[""201622709"", ""185648769"", ""167696704"", ""142032570"", ""138406619"", ""152191898"", ""163252829"", ""37351101"", ""190632146"", ""170283614""]"
none_subset,4,168799431,143547772,4,5,0,0,1,1,1,1,"[""76519929"", ""210822020"", ""108202978"", ""194022496"", ""143547772"", ""193951937"", ""153162863"", ""202242865"", ""203631314"", ""215675334""]"
none_subset,4,210308666,184170758,43,1444,0,0,0,0,0,0,"[""85892413"", ""153525929"", ""181265072"", ""179105716"", ""196383606"", ""142502266"", ""118969385"", ""163900593"", ""186949946"", ""198296892""]"
none_subset,4,125809748,98272991,43,619,0,0,0,0,0,0,"[""155249274"", ""27781370"", ""89731710"", ""125480188"", ""202367676"", ""133220748"", ""18294635"", ""146413132"", ""78684229"", ""153591399""]"
none_subset,4,215481738,119637829,37,33,0,0,0,0,0,1,"[""212047029"", ""103057199"", ""170049514"", ""146818815"", ""186298213"", ""39048064"", ""155926657"", ""128177539"", ""153205116"", ""176184502""]"
none_subset,4,141347617,74290204,62,807,0,0,0,0,0,0,"[""127682307"", ""63297817"", ""125457528"", ""140609707"", ""186943676"", ""190061187"", ""200261251"", ""210017823"", ""86295030"", ""188361417""]"
none_subset,4,182735542,154615570,46,266,0,0,0,0,0,0,"[""208143888"", ""121346371"", ""111715361"", ""123341476"", ""87562356"", ""105129945"", ""194361633"", ""179533802"", ""212168388"", ""52955195""]"
none_subset,4,84948438,81936846,38,790,0,0,0,0,0,0,"[""206303400"", ""98884535"", ""207390535"", ""155332547"", ""58199619"", ""87102840"", ""109585669"", ""145693634"", ""95395941"", ""95406694""]"
none_subset,4,88430166,74375092,43,88,0,0,0,0,0,0,"[""60265144"", ""127254122"", ""83383823"", ""68154365"", ""125638272"", ""77932206"", ""188236265"", ""175312707"", ""47578647"", ""62487581""]"
none_subset,4,176270924,148352358,46,16,0,0,0,0,1,1,"[""143366526"", ""80195905"", ""37708588"", ""150142821"", ""102529512"", ""122229490"", ""111095231"", ""167265746"", ""188974662"", ""208035235""]"
none_subset,4,207983115,184519995,37,29,0,0,0,0,1,1,"[""201913249"", ""151708259"", ""175392694"", ""187256075"", ""187443642"", ""191600925"", ""139504256"", ""156583528"", ""196323233"", ""169922684""]"
none_subset,4,202143797,175175649,62,88,0,0,0,0,0,0,"[""79702732"", ""96917986"", ""148650476"", ""190695823"", ""33292190"", ""176309620"", ""184558097"", ""19558627"", ""213661097"", ""201968923""]"
none_subset,4,219249066,191590282,43,155,0,0,0,0,0,0,"[""205517780"", ""169542784"", ""190843616"", ""190480160"", ""98800023"", ""130556843"", ""168943005"", ""88376416"", ""145550705"", ""98301531""]"
none_subset,4,143722693,114162936,62,301,0,0,0,0,0,0,"[""99563204"", ""153978341"", ""72763415"", ""124381580"", ""207781571"", ""152815967"", ""74331129"", ""172190870"", ""194230029"", ""202133781""]"
none_subset,4,222014463,202121759,46,573,0,0,0,0,0,0,"[""150142821"", ""151511658"", ""80195905"", ""124457377"", ""203329657"", ""53500291"", ""84576505"", ""78570599"", ""137783132"", ""191705183""]"
none_subset,4,220324774,206942069,37,99,0,0,0,0,0,0,"[""210226726"", ""201649016"", ""191911000"", ""211802210"", ""190788965"", ""175852737"", ""192617496"", ""187543270"", ""202137970"", ""191538851""]"
none_subset,4,214979493,195545920,62,162,0,0,0,0,0,0,"[""52577956"", ""79802279"", ""181082260"", ""139116865"", ""193455158"", ""123217124"", ""202517117"", ""154103218"", ""144733620"", ""155560065""]"
none_subset,4,197174102,158079920,46,22,0,0,0,0,1,1,"[""120932240"", ""200400926"", ""82615761"", ""205315794"", ""156554598"", ""89928081"", ""156263625"", ""165704043"", ""134691092"", ""213672603""]"
none_subset,4,152593815,120566127,43,555,0,0,0,0,0,0,"[""192784424"", ""130448492"", ""29596208"", ""68189198"", ""49833634"", ""76970617"", ""61372398"", ""84802092"", ""127047625"", ""99992649""]"
none_subset,4,190704652,159919899,4,60,0,0,0,0,0,0,"[""154444351"", ""117660981"", ""184778089"", ""194377968"", ""144811459"", ""194338856"", ""52380679"", ""207935824"", ""153876614"", ""157040034""]"
none_subset,4,224353612,83339178,38,1735,0,0,0,0,0,0,"[""179876069"", ""124508627"", ""214394715"", ""26955008"", ""150241983"", ""8550716"", ""159835737"", ""108421334"", ""171949747"", ""206518481""]"
none_subset,4,168810096,141477316,43,172,0,0,0,0,0,0,"[""163286400"", ""207051663"", ""149017403"", ""178871976"", ""126937971"", ""90293525"", ""157682449"", ""180180313"", ""204821849"", ""112624655""]"
none_subset,4,174234845,111077753,46,121,0,0,0,0,0,0,"[""201024429"", ""204540006"", ""116838538"", ""213296616"", ""158137442"", ""200727306"", ""210041962"", ""173634775"", ""146324638"", ""205019069""]"
none_subset,4,224964084,214177607,64,341,0,0,0,0,0,0,"[""161410919"", ""88249240"", ""208628985"", ""141733590"", ""108386270"", ""107753045"", ""210298620"", ""210635321"", ""166184401"", ""137448907""]"
none_subset,4,223051299,211888794,43,32,0,0,0,0,0,1,"[""192529072"", ""196161702"", ""53410226"", ""189168111"", ""190677683"", ""185897088"", ""166148334"", ""136136174"", ""163551195"", ""195756368""]"
none_subset,4,211447713,190729057,62,353,0,0,0,0,0,0,"[""94242464"", ""124000667"", ""200035811"", ""190355590"", ""172997177"", ""195497516"", ""109870390"", ""202801171"", ""183755648"", ""196478095""]"
none_subset,4,121895414,109316691,46,25,0,0,0,0,1,1,"[""170458031"", ""211441313"", ""32294401"", ""207931525"", ""206672410"", ""172512012"", ""212057657"", ""159369178"", ""108060129"", ""208247963""]"
none_subset,4,18612263,16900641,46,281,0,0,0,0,0,0,"[""205769669"", ""83646259"", ""45375287"", ""115067550"", ""205356898"", ""136576031"", ""204544735"", ""203456171"", ""74205538"", ""210288248""]"
none_subset,4,148987859,126187915,43,14,0,0,0,0,1,1,"[""16113826"", ""166752829"", ""77936758"", ""123633665"", ""77390218"", ""189791365"", ""154215969"", ""118456882"", ""196069283"", ""214098104""]"
none_subset,4,192255303,159931342,37,47,0,0,0,0,0,1,"[""14688074"", ""96256428"", ""29496516"", ""95030361"", ""126574209"", ""163474582"", ""101351593"", ""115215869"", ""120040052"", ""127678430""]"
none_subset,4,212166333,53324130,38,27,0,0,0,0,1,1,"[""137272079"", ""194567057"", ""166302090"", ""135581400"", ""161419745"", ""143671272"", ""115293027"", ""168951957"", ""164618247"", ""84270721""]"
none_subset,4,178200938,144995106,4,21,0,0,0,0,1,1,"[""143852845"", ""120540825"", ""93467050"", ""121025812"", ""119654700"", ""152685161"", ""142451414"", ""116662369"", ""186220965"", ""144873888""]"
none_subset,4,41375900,28575466,46,26,0,0,0,0,1,1,"[""79523323"", ""19664212"", ""50497846"", ""186542267"", ""129112756"", ""198454182"", ""183767116"", ""108196994"", ""51692336"", ""154698834""]"
none_subset,4,219197772,123741380,57,119,0,0,0,0,0,0,"[""207095476"", ""107833046"", ""166146969"", ""55753543"", ""139818390"", ""192532677"", ""157209266"", ""183982826"", ""201562377"", ""171686923""]"
none_subset,4,204165479,152716158,46,48,0,0,0,0,0,1,"[""212690484"", ""174613608"", ""80179617"", ""172035206"", ""87962961"", ""138809171"", ""130390168"", ""172482275"", ""170235414"", ""130984046""]"
none_subset,4,195123621,145157871,37,1527,0,0,0,0,0,0,"[""183023489"", ""188967908"", ""133932837"", ""181774091"", ""212809765"", ""127087324"", ""115215869"", ""100819191"", ""137463465"", ""29496516""]"
none_subset,4,198657322,169742657,64,2023,0,0,0,0,0,0,"[""159428920"", ""114420335"", ""149253481"", ""143686140"", ""201892870"", ""57067226"", ""187986160"", ""192156118"", ""146946453"", ""188912158""]"
none_subset,4,168167112,136167456,46,238,0,0,0,0,0,0,"[""168791195"", ""210433201"", ""210175793"", ""211336503"", ""103172216"", ""138788694"", ""210482648"", ""212730825"", ""170881830"", ""81216321""]"
none_subset,4,217865263,202190653,4,1,1,1,1,1,1,1,"[""202190653"", ""166106900"", ""48830519"", ""165023261"", ""164130570"", ""163608455"", ""79486528"", ""165797585"", ""146976388"", ""154240""]"
none_subset,4,178717273,127619503,46,134,0,0,0,0,0,0,"[""191705183"", ""118566996"", ""111095231"", ""201966464"", ""49041759"", ""149547737"", ""84576505"", ""99309357"", ""32186937"", ""203329657""]"
none_subset,4,157200645,104767223,46,4,0,0,1,1,1,1,"[""205037505"", ""148554569"", ""65618657"", ""104767223"", ""121183627"", ""47199408"", ""185601973"", ""167280596"", ""146520918"", ""114654675""]"
none_subset,4,212472649,167019414,43,243,0,0,0,0,0,0,"[""162617147"", ""190006266"", ""192825778"", ""200879611"", ""203424512"", ""125860815"", ""159816013"", ""158317587"", ""192928288"", ""106212567""]"
none_subset,4,180957275,117294409,43,796,0,0,0,0,0,0,"[""125638272"", ""164097777"", ""127254122"", ""195408710"", ""148554371"", ""76296759"", ""98581026"", ""68154365"", ""119064343"", ""201390391""]"
none_subset,4,197644343,170533485,4,887,0,0,0,0,0,0,"[""203618170"", ""211428834"", ""203033142"", ""154438637"", ""206408008"", ""119913706"", ""207064909"", ""47487946"", ""153116755"", ""210498460""]"
none_subset,4,220083412,188854517,4,442,0,0,0,0,0,0,"[""190121568"", ""195078992"", ""211037756"", ""186779159"", ""210958855"", ""183252412"", ""183692559"", ""201735437"", ""112914230"", ""194814735""]"
none_subset,4,182691252,148133803,64,1704,0,0,0,0,0,0,"[""167245652"", ""202658571"", ""158428439"", ""12329772"", ""164643454"", ""108526378"", ""186146209"", ""153271284"", ""95857401"", ""138968477""]"
none_subset,4,224088320,207903647,38,902,0,0,0,0,0,0,"[""149343290"", ""73613191"", ""145998937"", ""128168264"", ""88485908"", ""192884067"", ""51821730"", ""113326418"", ""209258995"", ""169064521""]"
none_subset,4,207157271,181831554,62,347,0,0,0,0,0,0,"[""113866351"", ""116849391"", ""124864086"", ""155669593"", ""191802528"", ""79994734"", ""200278691"", ""161492615"", ""97699076"", ""132594160""]"
none_subset,4,219549589,205463159,46,102,0,0,0,0,0,0,"[""208805779"", ""208458622"", ""204899704"", ""212261718"", ""214251597"", ""212905783"", ""177962710"", ""210310500"", ""141013834"", ""211131554""]"
none_subset,4,61412758,66544309,64,42,0,0,0,0,0,1,"[""146444401"", ""194767716"", ""46094230"", ""148153000"", ""194941994"", ""188128198"", ""128607088"", ""121260031"", ""124198714"", ""115621700""]"
none_subset,4,225234100,214923237,37,1339,0,0,0,0,0,0,"[""173645815"", ""164415171"", ""55796783"", ""128025445"", ""198930981"", ""150426765"", ""191029008"", ""127604369"", ""98128705"", ""201603265""]"
none_subset,4,200993442,173622745,64,1407,0,0,0,0,0,0,"[""193134463"", ""103562123"", ""54856875"", ""56647291"", ""173334389"", ""170757529"", ""74162951"", ""110653495"", ""131215451"", ""176790633""]"
none_subset,4,216975459,206528763,37,1123,0,0,0,0,0,0,"[""183268600"", ""194297564"", ""140618489"", ""142113211"", ""203829614"", ""143065905"", ""173621712"", ""214883789"", ""174850296"", ""164126632""]"
none_subset,4,225336801,188214175,38,123,0,0,0,0,0,0,"[""133136953"", ""74273124"", ""169021759"", ""37809434"", ""184109870"", ""18107447"", ""203702170"", ""123821164"", ""200830087"", ""151607631""]"
none_subset,4,215838281,178821617,64,1158,0,0,0,0,0,0,"[""179835610"", ""207537844"", ""165717472"", ""158680148"", ""60291031"", ""186981669"", ""193084026"", ""77671900"", ""191000780"", ""181529530""]"
none_subset,4,194636789,164687853,43,431,0,0,0,0,0,0,"[""206290556"", ""210822887"", ""187215484"", ""143611276"", ""182583580"", ""180961442"", ""201213450"", ""91124875"", ""209862942"", ""72644649""]"
none_subset,4,222074084,210312086,4,112,0,0,0,0,0,0,"[""195510728"", ""207791923"", ""183552560"", ""195477864"", ""205600080"", ""177056777"", ""207099785"", ""183730691"", ""191910217"", ""67839146""]"
none_subset,4,220528235,207323221,46,881,0,0,0,0,0,0,"[""78516486"", ""212118911"", ""203778148"", ""210468796"", ""196161188"", ""181732273"", ""212401560"", ""89045186"", ""138384198"", ""84381800""]"
none_subset,4,172457210,121255930,64,727,0,0,0,0,0,0,"[""74117799"", ""12329772"", ""164643454"", ""196328856"", ""162186284"", ""124192379"", ""110345942"", ""181447269"", ""168608952"", ""211306464""]"
none_subset,4,113903010,100293557,64,280,0,0,0,0,0,0,"[""204824313"", ""60032340"", ""179201033"", ""80281524"", ""56995363"", ""109321941"", ""62550428"", ""194094670"", ""138800320"", ""124110006""]"
none_subset,4,221302940,208849613,4,215,0,0,0,0,0,0,"[""203498392"", ""206016133"", ""168703003"", ""206235969"", ""209754995"", ""164495014"", ""209180066"", ""214169457"", ""194811048"", ""208698322""]"
none_subset,4,69000953,64234906,46,5,0,0,1,1,1,1,"[""105148782"", ""113591349"", ""203665704"", ""140827649"", ""64234906"", ""68978046"", ""179803138"", ""171694803"", ""162330233"", ""198454182""]"
none_subset,4,218842170,160041957,38,164,0,0,0,0,0,0,"[""140979774"", ""192191594"", ""147380841"", ""190550107"", ""91690080"", ""127571400"", ""203967736"", ""148419997"", ""176883176"", ""173180866""]"
none_subset,4,220261952,197046560,4,597,0,0,0,0,0,0,"[""210301282"", ""212806729"", ""211821321"", ""73706611"", ""136107743"", ""166646423"", ""167026168"", ""143922255"", ""169841826"", ""53882418""]"
none_subset,4,139219419,121721790,62,228,0,0,0,0,0,0,"[""117835777"", ""143139548"", ""127488091"", ""52848243"", ""153978341"", ""133870924"", ""135330582"", ""138120106"", ""190767280"", ""136870941""]"
none_subset,4,125389659,110880028,46,287,0,0,0,0,0,0,"[""77995654"", ""104661030"", ""133461188"", ""81216321"", ""170651505"", ""109663807"", ""104127006"", ""103629761"", ""207585798"", ""174666977""]"
none_subset,4,184714311,156401211,4,899,0,0,0,0,0,0,"[""154444351"", ""195717749"", ""151681239"", ""117660981"", ""206799452"", ""157752611"", ""153876614"", ""123881493"", ""169697872"", ""145618143""]"
none_subset,4,211685637,190316113,37,590,0,0,0,0,0,0,"[""201649016"", ""192456013"", ""190788723"", ""191911000"", ""206569261"", ""206587185"", ""188912090"", ""210226726"", ""210502009"", ""121097766""]"
none_subset,4,120923788,107088593,64,328,0,0,0,0,0,0,"[""138322181"", ""193870914"", ""121260031"", ""46094230"", ""203509707"", ""79233838"", ""155183786"", ""122395189"", ""151134804"", ""116370931""]"
none_subset,4,210445554,188816532,62,2544,0,0,0,0,0,0,"[""117006578"", ""194289010"", ""174963383"", ""70069885"", ""96606456"", ""145492438"", ""212608168"", ""101066716"", ""172331495"", ""60239293""]"
none_subset,4,204017555,160815179,46,221,0,0,0,0,0,0,"[""147047749"", ""171227160"", ""108971427"", ""171227152"", ""145084375"", ""190224714"", ""194951479"", ""103250951"", ""188865413"", ""146029150""]"
none_subset,4,143197618,98469115,64,5,0,0,1,1,1,1,"[""135170809"", ""193793367"", ""165717472"", ""163956163"", ""98469115"", ""181874277"", ""76668217"", ""153275921"", ""111495627"", ""206142030""]"
none_subset,4,61843610,66079869,38,365,0,0,0,0,0,0,"[""200830087"", ""196304269"", ""148419997"", ""79372963"", ""35695557"", ""37709032"", ""192992682"", ""155814671"", ""133136953"", ""92914026""]"
none_subset,4,203049884,177204083,46,246,0,0,0,0,0,0,"[""63753442"", ""168442343"", ""170352052"", ""180613841"", ""172671263"", ""180187517"", ""140412713"", ""203778148"", ""186533909"", ""176647062""]"
none_subset,4,200273238,174160548,62,31,0,0,0,0,0,1,"[""209151724"", ""172904337"", ""192522899"", ""32645477"", ""208938354"", ""193006708"", ""201325161"", ""189021318"", ""197595797"", ""145702501""]"
none_subset,4,70787689,44688477,4,85,0,0,0,0,0,0,"[""181715447"", ""191214295"", ""138975756"", ""123419520"", ""192331154"", ""148281605"", ""200963901"", ""182794391"", ""156103241"", ""117471262""]"
none_subset,4,176078735,146569456,43,319,0,0,0,0,0,0,"[""26288526"", ""215513285"", ""139853041"", ""204570694"", ""191363897"", ""201006052"", ""204649733"", ""139780746"", ""127415515"", ""125981589""]"
none_subset,4,135329136,117265551,37,637,0,0,0,0,0,0,"[""202137970"", ""141656944"", ""139391729"", ""190788723"", ""133173167"", ""185048961"", ""77617528"", ""206412545"", ""188994423"", ""89464961""]"
none_subset,4,153938737,131288527,43,486,0,0,0,0,0,0,"[""120544015"", ""196197826"", ""198092127"", ""183766098"", ""180157887"", ""192287850"", ""202632009"", ""201440672"", ""195905048"", ""188577365""]"
none_subset,4,212479224,192156118,64,1534,0,0,0,0,0,0,"[""178043240"", ""203921886"", ""120966979"", ""182762792"", ""143663551"", ""192429012"", ""152305563"", ""43675047"", ""131561726"", ""148133803""]"
none_subset,4,166278715,129815138,4,1049,0,0,0,0,0,0,"[""143253664"", ""146961197"", ""99472535"", ""65093674"", ""206283069"", ""191498286"", ""194022496"", ""77968334"", ""176741246"", ""112919636""]"
none_subset,4,199772169,172344853,46,108,0,0,0,0,0,0,"[""159049004"", ""208458622"", ""179440577"", ""159397216"", ""212013801"", ""178086628"", ""205295168"", ""177962710"", ""211987120"", ""215428176""]"
none_subset,4,175220215,132450375,43,243,0,0,0,0,0,0,"[""188409353"", ""197833947"", ""192928288"", ""84756708"", ""191134281"", ""182726743"", ""155161450"", ""196161576"", ""115302143"", ""200253605""]"
none_subset,4,177080967,137979950,43,1747,0,0,0,0,0,0,"[""150794676"", ""188613551"", ""201006052"", ""172946257"", ""111684767"", ""204570694"", ""134461446"", ""133220748"", ""191577900"", ""186925656""]"
none_subset,4,209299010,186780001,37,41,0,0,0,0,0,1,"[""167814691"", ""191294127"", ""214087269"", ""84182599"", ""181408383"", ""180221400"", ""157806065"", ""181014160"", ""197844035"", ""213471023""]"
none_subset,4,199596057,171152123,46,1251,0,0,0,0,0,0,"[""204484014"", ""208458622"", ""211063696"", ""207127154"", ""208719036"", ""210667015"", ""210373455"", ""212905783"", ""210582711"", ""210734819""]"
none_subset,4,123077927,110091642,43,1193,0,0,0,0,0,0,"[""210940174"", ""180648286"", ""153591399"", ""193313194"", ""129483238"", ""143989763"", ""196291255"", ""89360655"", ""171140458"", ""121864251""]"
none_subset,4,190493038,120673072,43,1149,0,0,0,0,0,0,"[""156158793"", ""54226204"", ""59841256"", ""133582641"", ""76860540"", ""124169369"", ""104957798"", ""104771940"", ""73371698"", ""55284074""]"
none_subset,4,86671615,52955195,46,64,0,0,0,0,0,0,"[""81754384"", ""53826389"", ""207308677"", ""76370473"", ""107277769"", ""213234426"", ""61233280"", ""136715816"", ""56920439"", ""112097565""]"
none_subset,4,31043892,31980662,38,9,0,0,0,1,1,1,"[""99026554"", ""78137458"", ""199402447"", ""101461920"", ""201872814"", ""113652490"", ""156271106"", ""200931885"", ""31980662"", ""133753057""]"
none_subset,4,145451831,124127139,64,256,0,0,0,0,0,0,"[""131215451"", ""63404553"", ""46094230"", ""74162951"", ""211889089"", ""186122058"", ""194756089"", ""146630451"", ""56647291"", ""75760627""]"
none_subset,4,153747275,126063136,57,944,0,0,0,0,0,0,"[""125339147"", ""183993242"", ""121902729"", ""159881542"", ""46463211"", ""107527374"", ""127670415"", ""128512946"", ""179662298"", ""117254624""]"
none_subset,4,224656101,204256104,4,2428,0,0,0,0,0,0,"[""148023845"", ""151053517"", ""147048275"", ""164165331"", ""154563074"", ""156440021"", ""185181562"", ""102051055"", ""115124238"", ""213465461""]"
none_subset,4,99715785,93457918,62,48,0,0,0,0,0,1,"[""92648178"", ""153978341"", ""124381580"", ""212334345"", ""58086605"", ""117835777"", ""125457528"", ""182016711"", ""167530279"", ""156966802""]"
none_subset,4,219010765,200564628,4,30,0,0,0,0,1,1,"[""191627911"", ""193481695"", ""206636227"", ""193001991"", ""202705628"", ""201211887"", ""192410120"", ""207726716"", ""208780104"", ""191316160""]"
none_subset,4,201660768,149982401,38,552,0,0,0,0,0,0,"[""183401482"", ""69350726"", ""189593063"", ""47432873"", ""191338884"", ""118383153"", ""177473283"", ""127539785"", ""150241983"", ""71896485""]"
none_subset,4,121673786,101155263,46,30,0,0,0,0,1,1,"[""142436010"", ""100881714"", ""210829117"", ""133461188"", ""212208758"", ""211118858"", ""141682649"", ""181020941"", ""53826389"", ""76370473""]"
none_subset,4,72533492,74205538,46,1821,0,0,0,0,0,0,"[""12880586"", ""205233162"", ""205019069"", ""84422038"", ""97623791"", ""211870655"", ""108322993"", ""76538488"", ""182222562"", ""146324638""]"
none_subset,4,189529390,161349329,38,157,0,0,0,0,0,0,"[""151180760"", ""113999751"", ""108645662"", ""127751166"", ""209258995"", ""130075591"", ""124169140"", ""37809434"", ""120618466"", ""74617293""]"
none_subset,4,152773694,132893169,43,2029,0,0,0,0,0,0,"[""134654337"", ""210931289"", ""187442156"", ""98073803"", ""49195232"", ""141811973"", ""160542632"", ""173857826"", ""179105716"", ""137286819""]"
none_subset,4,124950338,109922545,46,280,0,0,0,0,0,0,"[""110969671"", ""146207857"", ""139629122"", ""109790613"", ""208171217"", ""134421881"", ""210482648"", ""83762138"", ""116968490"", ""210393362""]"
none_subset,4,195925802,168412771,46,282,0,0,0,0,0,0,"[""204484014"", ""212013801"", ""159049004"", ""149224518"", ""204919891"", ""208458622"", ""21270188"", ""215428176"", ""208805779"", ""202137925""]"
none_subset,4,180507726,148096344,4,68,0,0,0,0,0,0,"[""192786300"", ""184476437"", ""191461282"", ""192424356"", ""88532160"", ""194291179"", ""88932849"", ""93013033"", ""117471262"", ""143929940""]"
none_subset,4,159100819,135216969,37,2078,0,0,0,0,0,0,"[""168678804"", ""198753304"", ""154316487"", ""185048961"", ""194579556"", ""119926476"", ""140573064"", ""146962916"", ""102274756"", ""168359992""]"
none_subset,4,158660557,138316929,4,2275,0,0,0,0,0,0,"[""152194990"", ""169922901"", ""214409401"", ""203419431"", ""202190653"", ""51485643"", ""209736982"", ""139296574"", ""193747557"", ""211774897""]"
none_subset,4,181277813,121966763,46,18,0,0,0,0,1,1,"[""78516486"", ""160304046"", ""143366526"", ""202999067"", ""190912236"", ""211752694"", ""178445507"", ""127997699"", ""122229490"", ""200715240""]"
none_subset,4,182127641,142274306,43,266,0,0,0,0,0,0,"[""186098084"", ""205500642"", ""189165560"", ""178546388"", ""181981190"", ""183703868"", ""76860540"", ""128249636"", ""117984925"", ""59841256""]"
none_subset,4,75516255,77338935,38,2639,0,0,0,0,0,0,"[""180106883"", ""192933104"", ""147420266"", ""174096452"", ""148173033"", ""193133447"", ""206869723"", ""175349512"", ""132679222"", ""206003134""]"
none_subset,4,147462172,80777048,62,130,0,0,0,0,0,0,"[""146789147"", ""106557292"", ""210678182"", ""195842978"", ""88475705"", ""48197595"", ""209579537"", ""124381580"", ""73563944"", ""143457218""]"
none_subset,4,220651840,145906971,43,2,0,1,1,1,1,1,"[""120544015"", ""145906971"", ""122777054"", ""56249203"", ""60125434"", ""201441807"", ""74652569"", ""201658546"", ""207323334"", ""201440672""]"
none_subset,4,223856287,209585249,37,97,0,0,0,0,0,0,"[""202782009"", ""195014964"", ""190070434"", ""207544886"", ""173966675"", ""193730114"", ""190569345"", ""201660893"", ""187134525"", ""172689752""]"
none_subset,4,174298031,146247846,38,432,0,0,0,0,0,0,"[""121028401"", ""163280205"", ""207390535"", ""162629010"", ""98884535"", ""92748634"", ""163646287"", ""149349102"", ""207390508"", ""194420087""]"
none_subset,4,217510317,201829388,4,2897,0,0,0,0,0,0,"[""182581077"", ""208780104"", ""206636227"", ""207097865"", ""194160187"", ""205600080"", ""197090565"", ""191316160"", ""181054833"", ""183509496""]"
none_subset,4,216906744,117474006,64,811,0,0,0,0,0,0,"[""179835610"", ""193084026"", ""181529530"", ""92304326"", ""165717472"", ""186981669"", ""151937269"", ""200767454"", ""77671900"", ""169151974""]"
none_subset,4,195740306,168712424,64,31,0,0,0,0,0,1,"[""212528042"", ""31566174"", ""207826820"", ""153533707"", ""195426035"", ""196286888"", ""49215114"", ""60124479"", ""207475739"", ""213788530""]"
none_subset,4,175571502,147515846,37,1246,0,0,0,0,0,0,"[""165174023"", ""156606418"", ""146013472"", ""151601836"", ""209045757"", ""126332187"", ""150433252"", ""136371572"", ""192870188"", ""180546104""]"
none_subset,4,40555318,42368928,4,80,0,0,0,0,0,0,"[""152685161"", ""72626014"", ""207143420"", ""93467050"", ""197109183"", ""144513042"", ""189202376"", ""154267881"", ""119654700"", ""213127345""]"
none_subset,4,221748782,110119636,46,77,0,0,0,0,0,0,"[""136576031"", ""173450384"", ""194051265"", ""101552604"", ""133459219"", ""188997673"", ""176931775"", ""77329979"", ""28355710"", ""32062492""]"
none_subset,4,215076418,191423965,43,160,0,0,0,0,0,0,"[""196601703"", ""100976417"", ""109574039"", ""164354706"", ""192576430"", ""112544549"", ""177238440"", ""140754805"", ""190049158"", ""147531803""]"
none_subset,4,217106992,185861853,43,1456,0,0,0,0,0,0,"[""202169801"", ""160542632"", ""209248830"", ""191423965"", ""138361155"", ""214985972"", ""212363809"", ""99989757"", ""184974306"", ""205961338""]"
none_subset,4,223869271,163921484,64,418,0,0,0,0,0,0,"[""109908915"", ""126785773"", ""204824313"", ""194116845"", ""147755307"", ""160400188"", ""179767835"", ""157000160"", ""107298490"", ""203403083""]"
none_subset,4,187098073,159199323,43,27,0,0,0,0,1,1,"[""197580291"", ""26288526"", ""49833634"", ""29596208"", ""183980279"", ""119445851"", ""195905048"", ""211884232"", ""176670642"", ""168503240""]"
none_subset,4,221251045,204415558,62,67,0,0,0,0,0,0,"[""172997177"", ""213066001"", ""206841068"", ""204372796"", ""210489322"", ""196478095"", ""200035811"", ""180448591"", ""191982155"", ""212412503""]"
none_subset,4,222910388,155647098,57,85,0,0,0,0,0,0,"[""141804981"", ""122144601"", ""170402935"", ""162086507"", ""113601078"", ""57499088"", ""75645739"", ""24439761"", ""140685496"", ""145031350""]"
none_subset,4,199764194,164130570,4,327,0,0,0,0,0,0,"[""211167678"", ""53541477"", ""141658555"", ""25537887"", ""73118528"", ""192968334"", ""202002064"", ""45403148"", ""185515008"", ""66199264""]"
none_subset,4,170511974,157139216,37,2340,0,0,0,0,0,0,"[""203829614"", ""214523405"", ""128177539"", ""192227530"", ""214037923"", ""61710118"", ""149216805"", ""126027022"", ""194297564"", ""214883789""]"
none_subset,4,197042942,164967199,38,30,0,0,0,0,1,1,"[""159911050"", ""159012629"", ""162768145"", ""206210969"", ""86777177"", ""130168090"", ""136949110"", ""207422358"", ""135835902"", ""204375245""]"
none_subset,4,69298452,70517064,46,119,0,0,0,0,0,0,"[""150142821"", ""139912235"", ""151511658"", ""201991995"", ""8742737"", ""208649860"", ""148352358"", ""132188413"", ""150407343"", ""77388181""]"
none_subset,4,223561452,212197427,37,554,0,0,0,0,0,0,"[""207544886"", ""191911000"", ""199340755"", ""187543270"", ""191538851"", ""211802210"", ""208141913"", ""203730564"", ""173966675"", ""173640245""]"
none_subset,4,168452676,118222122,62,737,0,0,0,0,0,0,"[""215517289"", ""144999053"", ""131320559"", ""189900821"", ""127168363"", ""200166708"", ""146801635"", ""141339622"", ""203908924"", ""209099816""]"
none_subset,4,181794300,151145810,43,7,0,0,0,1,1,1,"[""209546973"", ""195408710"", ""197613208"", ""148264493"", ""137780242"", ""111684767"", ""151145810"", ""191248601"", ""66709739"", ""204449585""]"
none_subset,4,208095656,127927081,64,199,0,0,0,0,0,0,"[""186093978"", ""63935560"", ""174387123"", ""156281163"", ""14286061"", ""95187471"", ""194242273"", ""151373996"", ""73275498"", ""211959757""]"
none_subset,4,225335926,211911671,46,1896,0,0,0,0,0,0,"[""143366526"", ""97623791"", ""102529512"", ""82040536"", ""208649860"", ""73765596"", ""137783132"", ""188974662"", ""84422038"", ""167265746""]"
none_subset,4,222130069,210417882,37,431,0,0,0,0,0,0,"[""116929460"", ""205300777"", ""170278658"", ""202157886"", ""167798254"", ""50482792"", ""132869646"", ""209002652"", ""185970047"", ""210562159""]"
none_subset,4,223720098,212621102,37,22,0,0,0,0,1,1,"[""208742868"", ""207605603"", ""207178377"", ""79219323"", ""204161065"", ""189787964"", ""210478382"", ""214409508"", ""206129800"", ""64149000""]"
none_subset,4,194097330,148051499,38,920,0,0,0,0,0,0,"[""56711957"", ""167323493"", ""99798516"", ""65034285"", ""149343290"", ""181805893"", ""127751166"", ""129590481"", ""165671081"", ""128022775""]"
none_subset,4,125412100,109590796,38,88,0,0,0,0,0,0,"[""207390535"", ""136949110"", ""196175479"", ""173605496"", ""178462865"", ""207390508"", ""194420087"", ""202112251"", ""159911050"", ""184981026""]"
none_subset,4,220801144,195510728,4,1,1,1,1,1,1,1,"[""195510728"", ""171567687"", ""158986768"", ""215485045"", ""155790722"", ""183542149"", ""187535990"", ""211389849"", ""213307240"", ""200860968""]"
none_subset,4,217784024,202030579,37,491,0,0,0,0,0,0,"[""211987844"", ""80808834"", ""209002652"", ""108765924"", ""211317455"", ""156583528"", ""145639775"", ""132869646"", ""170278658"", ""143138392""]"
none_subset,4,206497499,180165679,64,3,0,1,1,1,1,1,"[""48108527"", ""144073843"", ""180165679"", ""197268810"", ""185606335"", ""191946769"", ""188221621"", ""23640510"", ""183047062"", ""196368507""]"
none_subset,4,197513260,170959122,37,909,0,0,0,0,0,0,"[""194579556"", ""168678804"", ""198753304"", ""186443492"", ""162193794"", ""160098809"", ""202780647"", ""156347163"", ""201475694"", ""168359992""]"
none_subset,4,33403155,35616285,43,182,0,0,0,0,0,0,"[""146413132"", ""35117971"", ""155249274"", ""171888747"", ""196069283"", ""202367676"", ""196554944"", ""196562630"", ""163664846"", ""145130578""]"
none_subset,4,221402730,204219042,46,3,0,1,1,1,1,1,"[""164912617"", ""138953275"", ""204219042"", ""213226745"", ""171785060"", ""60048301"", ""105169863"", ""141722116"", ""177268870"", ""176834459""]"
none_subset,4,195197020,167026168,4,777,0,0,0,0,0,0,"[""116474962"", ""211541518"", ""189821495"", ""215351522"", ""203037592"", ""191889856"", ""193934711"", ""211845271"", ""212636144"", ""197928464""]"
none_subset,4,220975574,141715949,4,884,0,0,0,0,0,0,"[""176566249"", ""192752207"", ""198809896"", ""195516477"", ""65093644"", ""18444702"", ""121025812"", ""180180713"", ""179804262"", ""102233014""]"
none_subset,4,212378064,191930990,64,1320,0,0,0,0,0,0,"[""121260031"", ""194941994"", ""151373996"", ""146444401"", ""46094230"", ""94645332"", ""188610188"", ""113312339"", ""154044867"", ""173661276""]"
none_subset,4,197335719,155926657,37,243,0,0,0,0,0,0,"[""212047029"", ""162977839"", ""170049514"", ""186298213"", ""188679659"", ""176116685"", ""195886526"", ""175772166"", ""129998409"", ""157798849""]"
none_subset,4,214372554,195229377,62,1364,0,0,0,0,0,0,"[""174160548"", ""185125027"", ""179248067"", ""161141246"", ""186774247"", ""179064472"", ""188608634"", ""122004752"", ""193006708"", ""189178547""]"
none_subset,4,76767653,75859148,43,363,0,0,0,0,0,0,"[""101683090"", ""4674477"", ""64251949"", ""185196782"", ""210446525"", ""135449802"", ""121165459"", ""54249020"", ""208578922"", ""141669650""]"
none_subset,4,196529391,109531052,46,262,0,0,0,0,0,0,"[""210449055"", ""203161766"", ""170458031"", ""169602941"", ""205037941"", ""79441211"", ""127408928"", ""174697458"", ""205615810"", ""99228098""]"
none_subset,4,210307148,183994388,37,208,0,0,0,0,0,0,"[""134610044"", ""193679263"", ""187812442"", ""165689309"", ""186646910"", ""174850296"", ""211318715"", ""146818815"", ""89454786"", ""199385964""]"
none_subset,4,219399718,189822829,37,348,0,0,0,0,0,0,"[""207110453"", ""212047029"", ""162977839"", ""208576745"", ""188679659"", ""183994388"", ""185112282"", ""105969122"", ""170049514"", ""212035633""]"
none_subset,4,60793435,67564757,4,709,0,0,0,0,0,0,"[""139418370"", ""183255480"", ""191690738"", ""145646315"", ""102233014"", ""133632260"", ""194446742"", ""145094055"", ""119900827"", ""50763598""]"
none_subset,4,225050473,214079589,43,635,0,0,0,0,0,0,"[""135901868"", ""98638580"", ""208008027"", ""212781685"", ""164461764"", ""204467227"", ""208309750"", ""166301530"", ""79844098"", ""191893050""]"
none_subset,4,151461843,106574616,4,782,0,0,0,0,0,0,"[""185596367"", ""157092256"", ""165785804"", ""150204940"", ""193807530"", ""141440077"", ""169715410"", ""204940248"", ""73118528"", ""190777107""]"
none_subset,4,224963404,215124824,46,709,0,0,0,0,0,0,"[""157884203"", ""158806989"", ""180804264"", ""213672603"", ""77203173"", ""153488356"", ""170915583"", ""198984808"", ""165704043"", ""197454401""]"
none_subset,4,213395193,157545455,64,34,0,0,0,0,0,1,"[""200027492"", ""162686675"", ""182199798"", ""210055173"", ""142562860"", ""193010516"", ""196286726"", ""194785114"", ""210741382"", ""203527868""]"
none_subset,4,199347721,170470044,37,2345,0,0,0,0,0,0,"[""203721801"", ""212542886"", ""207035998"", ""207956028"", ""212715570"", ""183519446"", ""206200329"", ""108027894"", ""205430382"", ""214532522""]"
none_subset,4,213525214,213548440,37,252,0,0,0,0,0,0,"[""208532302"", ""100843460"", ""191538851"", ""199287233"", ""187719393"", ""209172941"", ""116240817"", ""196563012"", ""56675511"", ""190070434""]"
none_subset,4,12996076,10587748,38,1207,0,0,0,0,0,0,"[""179234058"", ""156424467"", ""186767110"", ""49391991"", ""81220432"", ""71896485"", ""193563274"", ""191371664"", ""66259210"", ""97083478""]"
none_subset,4,221170771,133192411,64,15,0,0,0,0,1,1,"[""143663551"", ""119491080"", ""12227910"", ""78458855"", ""149793006"", ""131561726"", ""113436023"", ""73923102"", ""124461680"", ""150385215""]"
none_subset,4,201268285,171087357,38,159,0,0,0,0,0,0,"[""191737393"", ""155797300"", ""200715695"", ""160518076"", ""193575305"", ""138028240"", ""205481720"", ""184698900"", ""130421231"", ""148360645""]"
none_subset,4,68995077,74320615,4,18,0,0,0,0,1,1,"[""164949793"", ""161593927"", ""55380045"", ""203934220"", ""149264383"", ""178452683"", ""169250822"", ""167133568"", ""192717783"", ""156841344""]"
none_subset,4,212774105,192870188,37,80,0,0,0,0,0,0,"[""197633924"", ""201742088"", ""181408383"", ""209154292"", ""208210254"", ""191504755"", ""202030579"", ""200278482"", ""213637743"", ""200774626""]"
none_subset,4,157241973,131569653,64,5,0,0,1,1,1,1,"[""200859322"", ""91451711"", ""179015555"", ""133870534"", ""131569653"", ""16060214"", ""60032340"", ""157803989"", ""174183108"", ""109320323""]"
none_subset,4,81138293,75083855,43,13,0,0,0,0,1,1,"[""87001748"", ""207753535"", ""213210833"", ""122820009"", ""141417624"", ""183295863"", ""134678718"", ""147117418"", ""78516965"", ""151416547""]"
none_subset,4,225048938,214258455,43,74,0,0,0,0,0,0,"[""16113826"", ""77390218"", ""207898804"", ""158792208"", ""177591827"", ""215347381"", ""113898898"", ""207021897"", ""198313310"", ""18269900""]"
none_subset,4,207291591,183508594,62,999,0,0,0,0,0,0,"[""213066001"", ""153723208"", ""136225463"", ""200035811"", ""180623952"", ""172997177"", ""210871676"", ""115226483"", ""193966350"", ""191201365""]"
none_subset,4,52045858,56867133,64,58,0,0,0,0,0,0,"[""177536477"", ""188599489"", ""53527257"", ""183213131"", ""79734724"", ""40134748"", ""60032340"", ""174095805"", ""63474547"", ""149506115""]"
none_subset,4,205176585,170787140,57,81,0,0,0,0,0,0,"[""150231110"", ""120441699"", ""156232619"", ""139655945"", ""207138935"", ""180565561"", ""195666801"", ""147692353"", ""195784287"", ""135810804""]"
none_subset,4,212795619,192825778,43,327,0,0,0,0,0,0,"[""165710029"", ""184091403"", ""201915238"", ""180442618"", ""153040976"", ""157655830"", ""178271380"", ""187417722"", ""166734753"", ""182118129""]"
none_subset,4,166582260,128927470,43,713,0,0,0,0,0,0,"[""162605137"", ""160598030"", ""108662474"", ""201202736"", ""211890870"", ""59161409"", ""171798974"", ""201906627"", ""195866072"", ""176776603""]"
none_subset,4,198655574,169540744,46,569,0,0,0,0,0,0,"[""149224518"", ""159049004"", ""173540309"", ""211063696"", ""103702743"", ""213683775"", ""202137925"", ""168612179"", ""204899704"", ""141013834""]"
none_subset,4,221746788,209644299,57,1395,0,0,0,0,0,0,"[""211047562"", ""193981972"", ""200193952"", ""172994991"", ""175665700"", ""211301569"", ""210498921"", ""202655316"", ""210399533"", ""198700939""]"
none_subset,4,207159870,180180313,43,2615,0,0,0,0,0,0,"[""201915238"", ""144889629"", ""66867545"", ""173027033"", ""186662243"", ""188236265"", ""173758947"", ""139780746"", ""107331925"", ""63371049""]"
none_subset,4,180137394,139482893,57,292,0,0,0,0,0,0,"[""134702798"", ""184690297"", ""86264024"", ""125339147"", ""143701254"", ""186713988"", ""192963179"", ""31932356"", ""110306995"", ""121902729""]"
none_subset,4,207494840,180293005,43,106,0,0,0,0,0,0,"[""201905433"", ""201671217"", ""185851616"", ""188582346"", ""184091403"", ""184633847"", ""198087076"", ""195756368"", ""207732639"", ""185360446""]"
none_subset,4,166456543,141754702,62,26,0,0,0,0,1,1,"[""94546694"", ""195842978"", ""106557292"", ""146789147"", ""173850609"", ""73563944"", ""110202670"", ""143685562"", ""84991316"", ""141918937""]"
none_subset,4,208513820,105697718,38,614,0,0,0,0,0,0,"[""206506072"", ""83815570"", ""67142038"", ""159911050"", ""194346900"", ""194420087"", ""153376624"", ""86777177"", ""168932142"", ""144213476""]"
none_subset,4,225221431,212209084,38,1958,0,0,0,0,0,0,"[""66287825"", ""189931109"", ""184547134"", ""182369007"", ""206728210"", ""100854450"", ""20918033"", ""160688952"", ""153686086"", ""210249861""]"
none_subset,4,60152115,66191550,62,990,0,0,0,0,0,0,"[""125457528"", ""72763415"", ""193136181"", ""82382971"", ""212334345"", ""63297817"", ""214110785"", ""167750533"", ""154898137"", ""95504070""]"
none_subset,4,145050847,108780050,62,286,0,0,0,0,0,0,"[""124381580"", ""106557292"", ""94546694"", ""209579537"", ""125457528"", ""120273284"", ""52773606"", ""153978341"", ""178902736"", ""177326283""]"
none_subset,4,75326151,76211714,38,526,0,0,0,0,0,0,"[""211454407"", ""198984787"", ""182704194"", ""143671272"", ""164618247"", ""192654285"", ""46729593"", ""206067851"", ""76978137"", ""122560021""]"
none_subset,4,213978608,193719358,37,34,0,0,0,0,0,1,"[""21423746"", ""212047029"", ""127087324"", ""163644147"", ""162977839"", ""102688777"", ""123163900"", ""176116685"", ""161147605"", ""192307803""]"
none_subset,4,218457342,194932553,62,26,0,0,0,0,1,1,"[""22547515"", ""25260455"", ""198734216"", ""185409558"", ""178706930"", ""95885283"", ""81077749"", ""172904337"", ""67056893"", ""200582902""]"
none_subset,4,193377068,165122778,37,434,0,0,0,0,0,0,"[""78200756"", ""105274553"", ""127087324"", ""33534621"", ""108765924"", ""153601190"", ""169268977"", ""100819191"", ""149676779"", ""183251892""]"
none_subset,4,89589487,83202485,46,1542,0,0,0,0,0,0,"[""187829464"", ""29622301"", ""35369060"", ""104709418"", ""172011941"", ""167525245"", ""151344613"", ""83646259"", ""42527558"", ""116035823""]"
none_subset,4,224696290,214638533,62,246,0,0,0,0,0,0,"[""174610207"", ""175175649"", ""184129119"", ""117013113"", ""164097792"", ""158763261"", ""207366525"", ""126216841"", ""173975128"", ""200037328""]"
none_subset,4,162311238,138254448,46,1003,0,0,0,0,0,0,"[""188865413"", ""208143888"", ""172912744"", ""212168388"", ""92873779"", ""98678440"", ""76061645"", ""129240074"", ""206885929"", ""139939742""]"
none_subset,4,175322909,76695262,4,3,0,1,1,1,1,1,"[""90951087"", ""161499533"", ""76695262"", ""211473289"", ""146168593"", ""203890372"", ""195470202"", ""207064032"", ""210517999"", ""194814735""]"
none_subset,4,222800688,36154029,38,360,0,0,0,0,0,0,"[""108746931"", ""203507733"", ""164618247"", ""166911507"", ""203371728"", ""102495634"", ""55877012"", ""206303400"", ""207390535"", ""186976770""]"
none_subset,4,215156969,195420835,62,88,0,0,0,0,0,0,"[""179064472"", ""191982155"", ""191313815"", ""210489322"", ""204531248"", ""185886914"", ""197247155"", ""196478095"", ""183508594"", ""206841068""]"
none_subset,4,183037168,120540825,4,340,0,0,0,0,0,0,"[""121025812"", ""99472535"", ""179804262"", ""126604867"", ""86774130"", ""146027073"", ""183642706"", ""113622434"", ""201066421"", ""204285378""]"
none_subset,4,192698417,152937191,46,108,0,0,0,0,0,0,"[""109623726"", ""9347442"", ""151502148"", ""202089470"", ""121389120"", ""76058535"", ""202089453"", ""75104112"", ""146207857"", ""874282""]"
none_subset,4,210250678,186793142,37,1162,0,0,0,0,0,0,"[""64645018"", ""169228866"", ""73910372"", ""173457533"", ""111176260"", ""155458733"", ""213042728"", ""123336704"", ""49608053"", ""173227324""]"
none_subset,4,225317566,211199092,38,148,0,0,0,0,0,0,"[""204165631"", ""146847513"", ""79223397"", ""145417944"", ""141856364"", ""154434048"", ""201994268"", ""207844498"", ""169348966"", ""82057494""]"
none_subset,4,207437634,182659497,43,1181,0,0,0,0,0,0,"[""124359099"", ""141811973"", ""192226046"", ""157655830"", ""209248830"", ""166319032"", ""121261536"", ""162160284"", ""192741559"", ""81706080""]"
none_subset,4,219925303,203332786,46,82,0,0,0,0,0,0,"[""144865911"", ""204484014"", ""198221243"", ""211063696"", ""207127154"", ""212905783"", ""211047288"", ""202137925"", ""203644944"", ""210734819""]"
none_subset,4,75223981,52112999,43,167,0,0,0,0,0,0,"[""51516713"", ""187498153"", ""72421330"", ""91544773"", ""118470473"", ""63371049"", ""193020832"", ""101275830"", ""63103166"", ""140922487""]"
none_subset,4,71379667,76087987,62,235,0,0,0,0,0,0,"[""192607518"", ""194855016"", ""146855578"", ""109692351"", ""169222138"", ""144314189"", ""82622035"", ""115093732"", ""207091282"", ""76325050""]"
none_subset,4,219528748,203831460,4,142,0,0,0,0,0,0,"[""180843726"", ""202705628"", ""65093674"", ""213127345"", ""177825434"", ""163340296"", ""215198902"", ""186739934"", ""155106827"", ""191033158""]"
none_subset,4,179886884,126851290,43,462,0,0,0,0,0,0,"[""123511609"", ""188032543"", ""205276629"", ""126702260"", ""179115971"", ""153090870"", ""13748467"", ""98569973"", ""174689753"", ""98882441""]"
none_subset,4,199133253,167463798,57,116,0,0,0,0,0,0,"[""153835333"", ""128244723"", ""210313644"", ""210450439"", ""102740841"", ""139534989"", ""161339845"", ""209364645"", ""143146395"", ""139818390""]"
none_subset,4,198580834,171442385,64,1497,0,0,0,0,0,0,"[""69227080"", ""77671900"", ""149734769"", ""92304326"", ""165717472"", ""135170809"", ""153271284"", ""174916841"", ""200250551"", ""210516871""]"
none_subset,4,225300715,213981943,4,13,0,0,0,0,1,1,"[""191316160"", ""206636227"", ""180843726"", ""210484477"", ""202705628"", ""201211887"", ""177825434"", ""191033158"", ""194160187"", ""210643102""]"
none_subset,4,157631874,136653363,57,348,0,0,0,0,0,0,"[""174340588"", ""11662511"", ""136105205"", ""113626263"", ""172052085"", ""169445601"", ""109398376"", ""168026327"", ""144171103"", ""201730719""]"
none_subset,4,165208445,118426569,37,289,0,0,0,0,0,0,"[""213379343"", ""80032224"", ""200869738"", ""167520346"", ""206756006"", ""115463757"", ""121206303"", ""90418462"", ""190012810"", ""199784147""]"
none_subset,4,224096688,210720310,64,50,0,0,0,0,0,1,"[""185087026"", ""140855645"", ""186937016"", ""163787427"", ""207826820"", ""213429313"", ""213788530"", ""166489955"", ""137464692"", ""20371087""]"
none_subset,4,203186317,174768557,46,52,0,0,0,0,0,0,"[""211895860"", ""137150022"", ""214043725"", ""156489567"", ""193206170"", ""167464610"", ""203456171"", ""162796958"", ""213910179"", ""167900654""]"
none_subset,4,216954841,199909890,57,72,0,0,0,0,0,0,"[""175665700"", ""200193952"", ""202655316"", ""200908206"", ""211301569"", ""193981972"", ""207262363"", ""202650435"", ""195530341"", ""202223376""]"
none_subset,4,100196055,12971165,62,161,0,0,0,0,0,0,"[""194932553"", ""185409558"", ""188657346"", ""172904337"", ""163562503"", ""186943676"", ""198734216"", ""209844093"", ""149631016"", ""25260455""]"
none_subset,4,198581127,170448238,38,940,0,0,0,0,0,0,"[""190453683"", ""211348390"", ""209895579"", ""186976770"", ""27784922"", ""206303400"", ""60638606"", ""102812596"", ""193418475"", ""109585669""]"
none_subset,4,168355648,137479175,38,29,0,0,0,0,1,1,"[""133973101"", ""185960895"", ""206039176"", ""97792805"", ""205465606"", ""137850254"", ""51837774"", ""180907201"", ""119205761"", ""187247098""]"
none_subset,4,170061836,143425658,43,1556,0,0,0,0,0,0,"[""94971864"", ""160058303"", ""210570556"", ""164285938"", ""111562797"", ""150977148"", ""140615053"", ""102049448"", ""198089227"", ""146666532""]"
none_subset,4,212711506,180954842,4,475,0,0,0,0,0,0,"[""191564735"", ""193746035"", ""181288745"", ""107564311"", ""207938221"", ""203515307"", ""174535187"", ""46147970"", ""191300394"", ""209715606""]"
none_subset,4,219885238,205623617,38,982,0,0,0,0,0,0,"[""45579165"", ""214394715"", ""20918033"", ""179876069"", ""159835737"", ""66287825"", ""182369007"", ""201541368"", ""6679232"", ""179244626""]"
none_subset,4,169746280,144067777,4,37,0,0,0,0,0,1,"[""190340453"", ""100007550"", ""213835807"", ""164449645"", ""131274606"", ""195467690"", ""104918014"", ""107688044"", ""199941729"", ""154203183""]"
none_subset,4,215897845,198167076,37,838,0,0,0,0,0,0,"[""204827377"", ""210549110"", ""175906876"", ""122241592"", ""169592229"", ""154942150"", ""80669323"", ""172267662"", ""209030923"", ""85363083""]"
none_subset,4,222712985,205605896,43,39,0,0,0,0,0,1,"[""211890870"", ""127000704"", ""158391463"", ""175827163"", ""157809653"", ""183029564"", ""57750732"", ""103510499"", ""192651386"", ""178361669""]"
none_subset,4,225354896,213854988,64,179,0,0,0,0,0,0,"[""127196288"", ""208915255"", ""92189436"", ""173438440"", ""193756438"", ""192962906"", ""129093190"", ""160686884"", ""166184401"", ""184002672""]"
none_subset,4,166539373,127486066,43,707,0,0,0,0,0,0,"[""112624655"", ""75959067"", ""166706901"", ""163286400"", ""202516482"", ""123925115"", ""129262032"", ""178678331"", ""193876176"", ""109124875""]"
none_subset,4,215651900,198253024,43,2181,0,0,0,0,0,0,"[""65700153"", ""39026970"", ""156395019"", ""57750732"", ""100333045"", ""137771001"", ""26638732"", ""126702260"", ""16668651"", ""70510072""]"
none_subset,4,175282370,147789503,62,1245,0,0,0,0,0,0,"[""162672578"", ""22079020"", ""204830740"", ""207274549"", ""201064532"", ""176890524"", ""187005682"", ""135157671"", ""144418893"", ""146533271""]"
none_subset,4,130529842,108202978,4,12,0,0,0,0,1,1,"[""211901995"", ""126589900"", ""205446753"", ""213281189"", ""139920243"", ""202029081"", ""194758869"", ""193951937"", ""149710961"", ""97922019""]"
none_subset,4,179936358,127444518,64,118,0,0,0,0,0,0,"[""183563770"", ""156718510"", ""139856523"", ""183129773"", ""86356781"", ""145970325"", ""187959455"", ""138798142"", ""65487267"", ""1943884""]"
none_subset,4,210240539,180843184,37,1168,0,0,0,0,0,0,"[""212047029"", ""39048064"", ""93714502"", ""129735644"", ""176184502"", ""186713888"", ""194155044"", ""115896062"", ""188679659"", ""194918694""]"
none_subset,4,109340384,82615761,46,164,0,0,0,0,0,0,"[""154821670"", ""99309357"", ""194301324"", ""214112052"", ""173788835"", ""143689220"", ""173243692"", ""89928081"", ""102024389"", ""190358880""]"
none_subset,4,125263343,63742103,43,324,0,0,0,0,0,0,"[""203191672"", ""87001748"", ""137017957"", ""83550407"", ""76510127"", ""205947664"", ""104265595"", ""138106208"", ""110840430"", ""168040178""]"
none_subset,4,177581339,148891602,62,1,1,1,1,1,1,1,"[""148891602"", ""194491562"", ""61854824"", ""112414551"", ""198734216"", ""211638809"", ""186943676"", ""185409558"", ""200747175"", ""25260455""]"
none_subset,4,147507819,127110332,4,644,0,0,0,0,0,0,"[""160037231"", ""126889201"", ""189401835"", ""146628629"", ""151519381"", ""144513042"", ""73943138"", ""94286928"", ""165955611"", ""133977293""]"
none_subset,4,185832813,157483642,38,513,0,0,0,0,0,0,"[""133136953"", ""108421334"", ""37809434"", ""112389064"", ""37709032"", ""155814671"", ""92914026"", ""52512643"", ""169019310"", ""145871617""]"
none_subset,4,133390280,116380815,64,310,0,0,0,0,0,0,"[""200859322"", ""47318174"", ""211861347"", ""179201033"", ""191497578"", ""91130206"", ""177536477"", ""188442124"", ""79734724"", ""181701698""]"
none_subset,4,224188768,209144226,4,519,0,0,0,0,0,0,"[""204141781"", ""179258061"", ""177825434"", ""206303506"", ""211385428"", ""198109739"", ""206182205"", ""167623478"", ""168819498"", ""210643102""]"
none_subset,4,204189415,178690639,64,391,0,0,0,0,0,0,"[""105898966"", ""172848022"", ""107088593"", ""103313660"", ""183765574"", ""5273113"", ""1923943"", ""192033857"", ""121255930"", ""181953064""]"
none_subset,4,224774973,201514296,4,132,0,0,0,0,0,0,"[""193729388"", ""145646315"", ""193026353"", ""145094055"", ""181054833"", ""178139392"", ""73825216"", ""77929117"", ""196849929"", ""160129846""]"
none_subset,4,68969533,71896649,43,19,0,0,0,0,1,1,"[""39270363"", ""91252683"", ""127415515"", ""26288526"", ""59547777"", ""49833634"", ""132121212"", ""76970617"", ""125981589"", ""119619579""]"
none_subset,4,184528435,157000160,64,29,0,0,0,0,1,1,"[""119643934"", ""149715107"", ""138800320"", ""160400188"", ""140382659"", ""60032340"", ""56995363"", ""156194814"", ""179201033"", ""62550428""]"
none_subset,4,217233640,200276907,57,957,0,0,0,0,0,0,"[""206552998"", ""121902729"", ""100527593"", ""110306995"", ""62330389"", ""194409455"", ""125339147"", ""122408162"", ""183993242"", ""107527374""]"
none_subset,4,205414078,173613850,37,34,0,0,0,0,0,1,"[""113068731"", ""161390704"", ""25189123"", ""174852305"", ""136884669"", ""136895908"", ""174690214"", ""102340455"", ""141505308"", ""113225323""]"
none_subset,4,219210134,129157661,62,289,0,0,0,0,0,0,"[""212334345"", ""192396971"", ""125457528"", ""167750533"", ""190708058"", ""79013322"", ""175893857"", ""195015114"", ""132102628"", ""71186483""]"
none_subset,4,210308727,188582346,43,698,0,0,0,0,0,0,"[""93370896"", ""99275271"", ""165082890"", ""127047625"", ""126702260"", ""97240353"", ""162819113"", ""182892685"", ""147531803"", ""63099395""]"
none_subset,4,220061372,176638353,38,358,0,0,0,0,0,0,"[""159326492"", ""98186259"", ""161419745"", ""122560021"", ""143671272"", ""211454407"", ""200481961"", ""166302090"", ""130875451"", ""136198130""]"
none_subset,4,165005935,140787335,37,659,0,0,0,0,0,0,"[""57231571"", ""103432765"", ""116929460"", ""127751465"", ""169799464"", ""121642534"", ""101679570"", ""122714440"", ""201869799"", ""161194648""]"
none_subset,4,208127837,182589994,4,1750,0,0,0,0,0,0,"[""115483149"", ""171876720"", ""199361385"", ""191632128"", ""84024207"", ""177029114"", ""192402919"", ""201065368"", ""172067870"", ""177860593""]"
none_subset,4,189123633,157978827,57,965,0,0,0,0,0,0,"[""149850648"", ""156210442"", ""135810804"", ""143605523"", ""165653229"", ""179662298"", ""121902729"", ""111167855"", ""208723285"", ""139655945""]"
none_subset,4,192277312,164630992,37,917,0,0,0,0,0,0,"[""126447640"", ""103432765"", ""164454930"", ""153791317"", ""192312279"", ""128930862"", ""115896062"", ""154942150"", ""175772166"", ""180305054""]"
none_subset,4,75309064,52192033,62,535,0,0,0,0,0,0,"[""204830740"", ""150940601"", ""134377605"", ""167750528"", ""76665110"", ""201053460"", ""191516840"", ""146789147"", ""203335692"", ""108294691""]"
none_subset,4,168898746,135190327,4,295,0,0,0,0,0,0,"[""183018658"", ""149909385"", ""174770035"", ""22766945"", ""137001312"", ""77968334"", ""148382740"", ""206374757"", ""48788833"", ""76519929""]"
none_subset,4,212699649,192786781,37,252,0,0,0,0,0,0,"[""196563012"", ""195296935"", ""195583647"", ""169228866"", ""215022412"", ""211554952"", ""196367171"", ""93983706"", ""173227324"", ""191434197""]"
none_subset,4,222826512,211366913,4,2002,0,0,0,0,0,0,"[""193589374"", ""214498383"", ""206167938"", ""205405501"", ""134498953"", ""30383831"", ""66199264"", ""163812085"", ""165105661"", ""204648246""]"
none_subset,4,125292216,98251420,64,999,0,0,0,0,0,0,"[""210720310"", ""31017779"", ""130875563"", ""173622957"", ""174340250"", ""173699448"", ""113587141"", ""201270567"", ""170141541"", ""36064693""]"
none_subset,4,51324599,58097180,46,39,0,0,0,0,0,1,"[""142436010"", ""133461188"", ""108934756"", ""144431749"", ""181020941"", ""206453483"", ""125993794"", ""211118858"", ""141583383"", ""176761183""]"
none_subset,4,194689227,166582282,57,444,0,0,0,0,0,0,"[""156972409"", ""206210266"", ""171896766"", ""166993395"", ""188097035"", ""141728487"", ""191366717"", ""164248569"", ""212108240"", ""145872351""]"
none_subset,4,191595821,152140191,37,327,0,0,0,0,0,0,"[""167166017"", ""175772166"", ""199385964"", ""146127372"", ""115896062"", ""204074550"", ""100949402"", ""163365579"", ""212047029"", ""180305054""]"
none_subset,4,208172107,180444990,57,1326,0,0,0,0,0,0,"[""209942989"", ""150670825"", ""134533921"", ""30933369"", ""191815433"", ""109311521"", ""171896766"", ""141122844"", ""173789393"", ""51753099""]"
none_subset,4,176034795,136870941,62,20,0,0,0,0,1,1,"[""168785007"", ""186936582"", ""52919918"", ""67894406"", ""161511273"", ""53450905"", ""143261727"", ""79777747"", ""23907922"", ""39996426""]"
none_subset,4,224954267,213874481,57,52,0,0,0,0,0,0,"[""173370077"", ""209801964"", ""206215452"", ""123741380"", ""153434097"", ""189194901"", ""146595840"", ""207769474"", ""85728689"", ""167894097""]"
none_subset,4,206646569,146138879,43,786,0,0,0,0,0,0,"[""184091403"", ""213483404"", ""212213338"", ""188582346"", ""137241438"", ""201905433"", ""210561607"", ""185360446"", ""76736407"", ""157950320""]"
none_subset,4,220428891,159171932,62,249,0,0,0,0,0,0,"[""194370491"", ""196070321"", ""203772593"", ""126907607"", ""163318703"", ""37722747"", ""189968625"", ""178655632"", ""176455649"", ""146315787""]"
none_subset,4,22606808,8169319,38,507,0,0,0,0,0,0,"[""112389064"", ""117957932"", ""70118559"", ""177744065"", ""169820470"", ""139134458"", ""350786"", ""170054565"", ""166506623"", ""181226544""]"
none_subset,4,30160190,12185913,37,551,0,0,0,0,0,0,"[""92247640"", ""43972733"", ""131943838"", ""51138626"", ""107202977"", ""180764368"", ""209030923"", ""152508279"", ""155255611"", ""206382148""]"
none_subset,4,212721610,170130815,62,22,0,0,0,0,1,1,"[""198039882"", ""196890627"", ""178655632"", ""189968625"", ""185851832"", ""213971984"", ""212503126"", ""133373077"", ""131432619"", ""208956211""]"
none_subset,4,221406167,207078341,62,1176,0,0,0,0,0,0,"[""117006578"", ""45997741"", ""145492438"", ""194289010"", ""101066716"", ""187207232"", ""160036757"", ""182866713"", ""153485930"", ""70069885""]"
none_subset,4,222839615,209151724,62,780,0,0,0,0,0,0,"[""213971984"", ""198039882"", ""212901239"", ""36007287"", ""131320559"", ""148732654"", ""210983882"", ""182512987"", ""17141885"", ""35638460""]"
none_subset,4,126605714,109388920,38,208,0,0,0,0,0,0,"[""171705376"", ""36930305"", ""57892689"", ""163127755"", ""208643724"", ""183611043"", ""174211220"", ""84270721"", ""196923114"", ""135782942""]"
none_subset,4,194731511,167530327,43,1381,0,0,0,0,0,0,"[""205947664"", ""111074216"", ""52880574"", ""139993623"", ""86316695"", ""172611335"", ""166706405"", ""205915561"", ""166708862"", ""146534126""]"
none_subset,4,66727420,71700919,62,14,0,0,0,0,1,1,"[""203335692"", ""146789147"", ""146533271"", ""203397613"", ""208742016"", ""167750528"", ""160329216"", ""22079020"", ""213328054"", ""197129044""]"
none_subset,4,181094644,144008610,43,60,0,0,0,0,0,0,"[""199268133"", ""171140458"", ""213080586"", ""201991192"", ""188195572"", ""182870508"", ""205502338"", ""124643121"", ""214303326"", ""203886811""]"
none_subset,4,221501627,203329956,4,1087,0,0,0,0,0,0,"[""209183284"", ""203466268"", ""212316416"", ""213568542"", ""204310309"", ""214740980"", ""193323154"", ""211570817"", ""168908364"", ""212682868""]"
none_subset,4,208044188,184633847,43,38,0,0,0,0,0,1,"[""186350594"", ""201213450"", ""210822887"", ""136773099"", ""156536547"", ""185851616"", ""196286515"", ""187215484"", ""201671217"", ""188378226""]"
none_subset,4,177475760,146586089,46,300,0,0,0,0,0,0,"[""93122967"", ""132018635"", ""167116086"", ""15325925"", ""130390168"", ""188974662"", ""76538488"", ""142707487"", ""124510956"", ""103017168""]"
none_subset,4,142208020,104629798,4,516,0,0,0,0,0,0,"[""213461075"", ""46147970"", ""190218932"", ""197859740"", ""171818167"", ""96998136"", ""62971785"", ""183255480"", ""173008557"", ""206386977""]"
none_subset,4,221527577,208465437,64,253,0,0,0,0,0,0,"[""208560031"", ""211171973"", ""190759249"", ""164453126"", ""209768449"", ""209756225"", ""212258528"", ""191459593"", ""153434885"", ""207325686""]"
none_subset,4,131146589,110871984,57,14,0,0,0,0,1,1,"[""145670007"", ""73354769"", ""205832430"", ""81719707"", ""162420684"", ""47987945"", ""146037680"", ""160823099"", ""129568269"", ""146244116""]"
none_subset,4,213281507,181022161,37,586,0,0,0,0,0,0,"[""14688074"", ""144029506"", ""96256428"", ""213471023"", ""163474582"", ""120040052"", ""163424021"", ""202778075"", ""159574917"", ""201740861""]"
none_subset,4,212546911,174095805,64,159,0,0,0,0,0,0,"[""128607088"", ""167740456"", ""19607163"", ""187716249"", ""151051885"", ""151366408"", ""123687478"", ""115621700"", ""16060214"", ""208682751""]"
none_subset,4,225336047,215237393,4,19,0,0,0,0,1,1,"[""191316160"", ""206636227"", ""194160187"", ""210484477"", ""180843726"", ""201211887"", ""182581077"", ""208780104"", ""177825434"", ""211858811""]"
none_subset,4,207292943,183515849,37,358,0,0,0,0,0,0,"[""212172992"", ""203730564"", ""193995538"", ""201660893"", ""209128550"", ""151808122"", ""209167644"", ""207698281"", ""184818286"", ""206298544""]"
none_subset,4,214575745,178361669,43,20,0,0,0,0,1,1,"[""157809653"", ""183716498"", ""57750732"", ""183029564"", ""176475069"", ""113199180"", ""154390259"", ""204884209"", ""39026970"", ""127000704""]"
none_subset,4,216243905,156564557,62,22,0,0,0,0,1,1,"[""144733620"", ""127953008"", ""210566449"", ""152708416"", ""128177020"", ""131405477"", ""22547515"", ""122174001"", ""16086259"", ""134618566""]"
none_subset,4,49842415,55380045,4,37,0,0,0,0,0,1,"[""193934711"", ""168012970"", ""112475075"", ""88781085"", ""207566657"", ""56998165"", ""70897180"", ""142456567"", ""206390086"", ""214498383""]"
none_subset,4,224134573,211732658,43,437,0,0,0,0,0,0,"[""186549940"", ""164476094"", ""214285576"", ""120122284"", ""197607322"", ""127321663"", ""103510499"", ""78732259"", ""167623966"", ""208864917""]"
none_subset,4,197471071,164882856,37,208,0,0,0,0,0,0,"[""213471023"", ""96028215"", ""163474582"", ""145330672"", ""96256428"", ""78013919"", ""159931342"", ""79730026"", ""150108945"", ""155255611""]"
none_subset,4,192139157,158262693,46,670,0,0,0,0,0,0,"[""192440420"", ""149547737"", ""52439531"", ""152102459"", ""75642384"", ""106199788"", ""194301324"", ""108154891"", ""93317617"", ""140110070""]"
none_subset,4,221117693,208465437,64,5,0,0,1,1,1,1,"[""199512980"", ""154324585"", ""193757766"", ""197079216"", ""208465437"", ""143362090"", ""65008714"", ""74256345"", ""152762249"", ""86356781""]"
none_subset,4,210748135,189303189,38,512,0,0,0,0,0,0,"[""166558139"", ""20918033"", ""209921939"", ""199841905"", ""98477697"", ""133939663"", ""182369007"", ""45579165"", ""151607631"", ""200830087""]"
none_subset,4,220670566,207544514,46,165,0,0,0,0,0,0,"[""144865911"", ""212905783"", ""209924155"", ""214520103"", ""186568176"", ""203644944"", ""210738657"", ""204065707"", ""204759997"", ""177381146""]"
none_subset,4,120743636,80901718,62,796,0,0,0,0,0,0,"[""106557292"", ""82677281"", ""46446514"", ""143685562"", ""134377605"", ""94546694"", ""18880304"", ""173850609"", ""156442595"", ""181195424""]"
none_subset,4,170860127,144431749,46,512,0,0,0,0,0,0,"[""147047749"", ""171227152"", ""212530716"", ""194951479"", ""115290677"", ""171227160"", ""103250951"", ""108971427"", ""210993003"", ""127266574""]"
none_subset,4,221293922,209552430,38,302,0,0,0,0,0,0,"[""173253112"", ""162400962"", ""153191207"", ""156629865"", ""188178632"", ""138345880"", ""85274599"", ""205579072"", ""167491323"", ""104560006""]"
none_subset,4,225182087,211440718,46,420,0,0,0,0,0,0,"[""176936176"", ""146467155"", ""200814907"", ""206397421"", ""169081503"", ""135639820"", ""178445507"", ""213054921"", ""134902485"", ""171733069""]"
none_subset,4,216471219,199896638,4,154,0,0,0,0,0,0,"[""191316160"", ""210484477"", ""206636227"", ""180843726"", ""194160187"", ""201211887"", ""203542152"", ""182581077"", ""203555810"", ""183690665""]"
none_subset,4,118979230,104184872,4,498,0,0,0,0,0,0,"[""161643758"", ""167074809"", ""116474962"", ""173244086"", ""149472153"", ""178007810"", ""49427839"", ""78628063"", ""207566657"", ""196185031""]"
none_subset,4,129558141,112904882,57,255,0,0,0,0,0,0,"[""171896766"", ""206389885"", ""30933369"", ""195347666"", ""166094087"", ""198149699"", ""137169261"", ""195891035"", ""178602787"", ""46337629""]"
none_subset,4,49793488,56858349,37,56,0,0,0,0,0,0,"[""122241592"", ""163655065"", ""201258368"", ""154942150"", ""150316929"", ""171803364"", ""136186158"", ""160929058"", ""148230413"", ""192913849""]"
none_subset,4,166111740,138875951,57,600,0,0,0,0,0,0,"[""129142528"", ""182623124"", ""190730924"", ""198339576"", ""215231413"", ""55747400"", ""126507771"", ""173235697"", ""138876045"", ""197342113""]"
none_subset,4,197106991,168633750,64,97,0,0,0,0,0,0,"[""122395189"", ""138273912"", ""143686140"", ""194136017"", ""193536959"", ""203509707"", ""107498666"", ""105898966"", ""107088593"", ""121255930""]"
none_subset,4,194626135,159778737,43,102,0,0,0,0,0,0,"[""180095819"", ""185799642"", ""78271168"", ""100333045"", ""119953689"", ""141417624"", ""153967986"", ""126702260"", ""137382410"", ""141872568""]"
none_subset,4,181264592,151693658,43,646,0,0,0,0,0,0,"[""212781685"", ""59161409"", ""204821849"", ""149017403"", ""139391726"", ""190069327"", ""104715442"", ""157240824"", ""192578315"", ""145546533""]"
none_subset,4,81655520,64645018,37,27,0,0,0,0,1,1,"[""147515846"", ""175339837"", ""203728756"", ""197633924"", ""192918531"", ""142700161"", ""175073082"", ""202358108"", ""202900420"", ""63048481""]"
none_subset,4,186626833,158995129,4,994,0,0,0,0,0,0,"[""174770035"", ""194446742"", ""100007550"", ""133755220"", ""42368928"", ""201514296"", ""202877780"", ""151009561"", ""184628720"", ""157040034""]"
none_subset,4,184075069,155788187,38,47,0,0,0,0,0,1,"[""166302090"", ""66416188"", ""150442928"", ""137272079"", ""84270721"", ""117334028"", ""194567057"", ""193857539"", ""182704194"", ""187319038""]"
none_subset,4,164253476,137017957,43,286,0,0,0,0,0,0,"[""67909736"", ""140231935"", ""91110398"", ""159971774"", ""168040178"", ""151563609"", ""78565510"", ""143916804"", ""67294136"", ""139780746""]"
none_subset,4,53189479,58202036,62,367,0,0,0,0,0,0,"[""185371912"", ""208033879"", ""166974075"", ""194855016"", ""203378428"", ""96744852"", ""153432818"", ""178555370"", ""82622035"", ""190695823""]"
none_subset,4,204632100,179860438,62,633,0,0,0,0,0,0,"[""103554595"", ""82677281"", ""209398208"", ""212697335"", ""138202324"", ""201968923"", ""131320559"", ""141339622"", ""36007287"", ""138706009""]"
none_subset,4,186430496,157710674,4,9,0,0,0,1,1,1,"[""123613267"", ""174891772"", ""137001312"", ""132723593"", ""108202978"", ""143548483"", ""117771611"", ""89406741"", ""157710674"", ""102070606""]"
none_subset,4,190239977,153645570,46,48,0,0,0,0,0,1,"[""209824689"", ""145094112"", ""207664468"", ""131042947"", ""203171500"", ""113497361"", ""215006086"", ""171974189"", ""206120139"", ""78631092""]"
none_subset,4,152645042,129938752,4,612,0,0,0,0,0,0,"[""171159402"", ""179145991"", ""133632260"", ""161281171"", ""119900827"", ""215305148"", ""82830352"", ""102233014"", ""179569445"", ""147828982""]"
none_subset,4,223970609,186513838,43,51,0,0,0,0,0,0,"[""122777054"", ""120544015"", ""164354706"", ""120630424"", ""144744853"", ""130448492"", ""213093649"", ""177238440"", ""60125434"", ""75959067""]"
none_subset,4,220373806,134986006,64,1957,0,0,0,0,0,0,"[""159020740"", ""80281524"", ""188599489"", ""60032340"", ""109321941"", ""147554849"", ""124110006"", ""183213131"", ""149484929"", ""179201033""]"
none_subset,4,188858187,159326492,38,5,0,0,1,1,1,1,"[""171108508"", ""129455316"", ""183272380"", ""41147018"", ""159326492"", ""207326334"", ""174632713"", ""156904280"", ""193857246"", ""112738147""]"
none_subset,4,138465630,121166403,64,60,0,0,0,0,0,0,"[""191629980"", ""144339648"", ""147984435"", ""61063233"", ""193870914"", ""167094250"", ""114420335"", ""181705179"", ""103189720"", ""146848989""]"
none_subset,4,211220544,190261540,37,294,0,0,0,0,0,0,"[""209154292"", ""141656944"", ""197844035"", ""202328948"", ""207544886"", ""213318077"", ""195296935"", ""186811713"", ""190788965"", ""183693328""]"
none_subset,4,222172345,210502009,37,2,0,1,1,1,1,1,"[""187502080"", ""210502009"", ""153111696"", ""148515955"", ""173640245"", ""121097766"", ""123163900"", ""131172661"", ""187134525"", ""199918988""]"
none_subset,4,210649040,187098404,4,134,0,0,0,0,0,0,"[""19861371"", ""204285378"", ""153876637"", ""44842674"", ""144251877"", ""50883863"", ""99472535"", ""168224067"", ""164931551"", ""56134226""]"
none_subset,4,172401573,136885554,4,667,0,0,0,0,0,0,"[""198615413"", ""191627911"", ""194722275"", ""211858811"", ""190594964"", ""203631314"", ""180843726"", ""193843184"", ""201211887"", ""207726716""]"
none_subset,4,198446240,172127274,46,1771,0,0,0,0,0,0,"[""206477450"", ""210734819"", ""143813249"", ""202794672"", ""174492089"", ""204919891"", ""194051906"", ""214343067"", ""166650343"", ""180299995""]"
none_subset,4,221000272,132694650,38,830,0,0,0,0,0,0,"[""159911050"", ""130168090"", ""188544896"", ""208395385"", ""204880845"", ""194853957"", ""162221630"", ""204375245"", ""130417987"", ""192131446""]"
none_subset,4,218290917,203335692,62,1251,0,0,0,0,0,0,"[""170130815"", ""178655632"", ""185851832"", ""184519587"", ""212503126"", ""207503734"", ""191074130"", ""187877499"", ""145492438"", ""70381552""]"
none_subset,4,65007020,68802281,38,1460,0,0,0,0,0,0,"[""193133447"", ""194346900"", ""138353042"", ""194853957"", ""151333626"", ""162221630"", ""204880845"", ""207283376"", ""201835961"", ""122392168""]"
none_subset,4,197043451,159400456,4,1212,0,0,0,0,0,0,"[""67564757"", ""193021423"", ""189202376"", ""73943138"", ""191910217"", ""143701762"", ""86502666"", ""67839146"", ""119900827"", ""207099729""]"
none_subset,4,114733185,103929022,38,409,0,0,0,0,0,0,"[""100749834"", ""187386200"", ""203526643"", ""133973101"", ""151839331"", ""205465606"", ""188326498"", ""147134119"", ""157035510"", ""193532212""]"
none_subset,4,216976333,200727306,46,138,0,0,0,0,0,0,"[""212905783"", ""144865911"", ""210310500"", ""213129976"", ""213805109"", ""212084332"", ""203644944"", ""214520103"", ""184636221"", ""209924155""]"
none_subset,4,206557262,179815729,46,37,0,0,0,0,0,1,"[""204919891"", ""210880528"", ""200735701"", ""159049004"", ""201461152"", ""208805779"", ""205295168"", ""21270188"", ""213326669"", ""179440577""]"
none_subset,4,218013861,191544375,37,626,0,0,0,0,0,0,"[""153052400"", ""80627031"", ""151240773"", ""169592229"", ""164445165"", ""192710334"", ""104989552"", ""194655381"", ""175339837"", ""178981277""]"
none_subset,4,215027850,191695909,4,47,0,0,0,0,0,1,"[""192331154"", ""192424356"", ""204482650"", ""190161584"", ""72373127"", ""199780246"", ""190594964"", ""195078992"", ""181099732"", ""191214295""]"
none_subset,4,218137799,195366615,57,82,0,0,0,0,0,0,"[""139534989"", ""161339845"", ""100944857"", ""102740841"", ""44101662"", ""116870503"", ""52362364"", ""61177824"", ""206792330"", ""57673806""]"
none_subset,4,182518110,146811180,46,52,0,0,0,0,0,0,"[""108196994"", ""158102584"", ""136576031"", ""19664212"", ""79523323"", ""89928081"", ""188997673"", ""194051265"", ""174096017"", ""50497846""]"
none_subset,4,186526977,157711341,43,309,0,0,0,0,0,0,"[""209546973"", ""111684767"", ""197891724"", ""183965795"", ""195240617"", ""150794676"", ""207851646"", ""163980868"", ""173981660"", ""192317105""]"
none_subset,4,33401895,32817983,4,2501,0,0,0,0,0,0,"[""46147970"", ""213461075"", ""62971785"", ""194643860"", ""74691545"", ""172943291"", ""171818167"", ""143083752"", ""144990362"", ""135451052""]"
none_subset,4,172732971,144032873,46,225,0,0,0,0,0,0,"[""98678440"", ""203343668"", ""203310461"", ""153488356"", ""210837002"", ""165704043"", ""129506623"", ""213237291"", ""166204499"", ""195577148""]"
none_subset,4,223797921,213040734,38,555,0,0,0,0,0,0,"[""181358523"", ""213984936"", ""213020081"", ""70700474"", ""176455982"", ""49778371"", ""6212492"", ""158493521"", ""194365263"", ""213109347""]"
none_subset,4,80419372,82483628,37,744,0,0,0,0,0,0,"[""51749408"", ""147794006"", ""132606216"", ""205328844"", ""121116115"", ""143946320"", ""191525669"", ""37024390"", ""143865659"", ""153205116""]"
none_subset,4,147571867,127324464,4,1077,0,0,0,0,0,0,"[""144264277"", ""157103009"", ""167104684"", ""159676437"", ""52380679"", ""50337874"", ""113628354"", ""103936826"", ""158607543"", ""110480641""]"
none_subset,4,222359219,207833356,46,415,0,0,0,0,0,0,"[""204484014"", ""200860795"", ""141781507"", ""198221243"", ""210734819"", ""207127154"", ""179815729"", ""206477450"", ""209764015"", ""194132989""]"
none_subset,4,203349711,170522671,43,665,0,0,0,0,0,0,"[""169542784"", ""190843616"", ""156395019"", ""204884209"", ""56967833"", ""39026970"", ""190480160"", ""70510072"", ""142550589"", ""57750732""]"
none_subset,4,120641096,103008131,38,442,0,0,0,0,0,0,"[""79792389"", ""203507733"", ""163127755"", ""126945620"", ""136949110"", ""206277956"", ""182884937"", ""132024150"", ""203371728"", ""104835682""]"
none_subset,4,216669978,178992260,37,613,0,0,0,0,0,0,"[""134610044"", ""121097766"", ""208900697"", ""165689309"", ""188912090"", ""199385964"", ""192456013"", ""211318715"", ""187812442"", ""142630827""]"
none_subset,4,204035625,174726875,46,103,0,0,0,0,0,0,"[""172684450"", ""166127396"", ""164665349"", ""98678440"", ""129506623"", ""164912617"", ""160255339"", ""135710902"", ""141371013"", ""212685047""]"
none_subset,4,164719682,128734627,4,535,0,0,0,0,0,0,"[""154444351"", ""117660981"", ""207935824"", ""170725190"", ""144811459"", ""150204940"", ""195717749"", ""148526912"", ""52380679"", ""143719082""]"
none_subset,4,213307455,190160674,38,21,0,0,0,0,1,1,"[""208225541"", ""206506072"", ""178462865"", ""194853957"", ""207390508"", ""130417987"", ""130168090"", ""159911050"", ""67142038"", ""194420087""]"
none_subset,4,208045885,184636221,46,39,0,0,0,0,0,1,"[""193685035"", ""208712486"", ""141874387"", ""133168724"", ""70629074"", ""177107115"", ""206303291"", ""214520103"", ""213129976"", ""153459843""]"
none_subset,4,46826294,52904807,46,464,0,0,0,0,0,0,"[""81754384"", ""76370473"", ""79694314"", ""56920439"", ""170987455"", ""49032725"", ""136715816"", ""135497022"", ""53826389"", ""207308677""]"
none_subset,4,220476616,174679814,46,1261,0,0,0,0,0,0,"[""60024776"", ""155463873"", ""213326669"", ""171073715"", ""172344554"", ""132077090"", ""167800204"", ""126734285"", ""202833251"", ""82173677""]"
none_subset,4,222590091,200613653,4,24,0,0,0,0,1,1,"[""204256104"", ""206407599"", ""153116755"", ""195396635"", ""135840440"", ""203962091"", ""206408008"", ""212786536"", ""168697069"", ""196114621""]"
none_subset,4,206560652,182375861,64,539,0,0,0,0,0,0,"[""183765574"", ""105898966"", ""121255930"", ""183013744"", ""195252307"", ""66459509"", ""200026497"", ""192779268"", ""173661276"", ""196286726""]"
none_subset,4,222018935,176659851,46,52,0,0,0,0,0,0,"[""143366526"", ""150142821"", ""137783132"", ""113869306"", ""205635929"", ""177423877"", ""211380085"", ""208649860"", ""78004872"", ""78696152""]"
none_subset,4,174311064,31477620,46,157,0,0,0,0,0,0,"[""133674182"", ""64234906"", ""139649558"", ""140208813"", ""62458353"", ""16339902"", ""141876515"", ""31105163"", ""117093898"", ""87079597""]"
none_subset,4,220220721,205033787,64,539,0,0,0,0,0,0,"[""74117799"", ""164643454"", ""102679360"", ""195558974"", ""158428439"", ""12329772"", ""173605646"", ""154049018"", ""202169422"", ""82846737""]"
none_subset,4,213968069,127491303,64,43,0,0,0,0,0,1,"[""195841911"", ""136053941"", ""177968315"", ""126295674"", ""103614032"", ""174916841"", ""163956163"", ""165717472"", ""111165071"", ""98469115""]"
none_subset,4,193510383,166148334,43,28,0,0,0,0,1,1,"[""156158359"", ""166734753"", ""165834610"", ""213416756"", ""193581474"", ""210446525"", ""201910129"", ""208096405"", ""165846121"", ""202628040""]"
none_subset,4,74378955,76860540,43,1016,0,0,0,0,0,0,"[""171888747"", ""71896649"", ""133220748"", ""163664846"", ""146413132"", ""201006052"", ""78343862"", ""35117971"", ""60265144"", ""18294635""]"
none_subset,4,187671417,159726047,37,848,0,0,0,0,0,0,"[""157674411"", ""101192063"", ""21423746"", ""102688777"", ""23924949"", ""100774234"", ""51981897"", ""150433252"", ""161091370"", ""160156715""]"
none_subset,4,216626967,200018099,57,43,0,0,0,0,0,1,"[""124988423"", ""161386817"", ""131597737"", ""164182166"", ""65575319"", ""86194826"", ""180470536"", ""159139067"", ""113082402"", ""171903975""]"
none_subset,4,178731218,138045329,38,312,0,0,0,0,0,0,"[""177206358"", ""189303189"", ""191080128"", ""50164634"", ""160036934"", ""209064279"", ""152486295"", ""118242163"", ""196923114"", ""66416188""]"
none_subset,4,212652729,97006048,64,81,0,0,0,0,0,0,"[""131215451"", ""138322181"", ""46094230"", ""123694415"", ""155867691"", ""151134804"", ""25588585"", ""63404553"", ""144339648"", ""193870914""]"
none_subset,4,216781914,183401482,38,68,0,0,0,0,0,0,"[""146217898"", ""194853957"", ""153901522"", ""193133447"", ""208862181"", ""138353042"", ""178462865"", ""151333626"", ""138617508"", ""143049584""]"
none_subset,4,215548177,191201429,64,69,0,0,0,0,0,0,"[""112210141"", ""203723833"", ""187557702"", ""207538350"", ""154049018"", ""173159881"", ""152762249"", ""198499830"", ""63935560"", ""73065988""]"
none_subset,4,49112420,55870666,38,30,0,0,0,0,1,1,"[""113999751"", ""79742438"", ""188363290"", ""163870082"", ""350786"", ""71896485"", ""101312348"", ""120618466"", ""28399802"", ""26133933""]"
none_subset,4,112229833,90046103,62,1183,0,0,0,0,0,0,"[""211690905"", ""180292453"", ""173119325"", ""132110473"", ""181250275"", ""122507339"", ""97811642"", ""173383036"", ""56951341"", ""215161236""]"
none_subset,4,222798019,204666596,37,1325,0,0,0,0,0,0,"[""207913496"", ""174852305"", ""106674292"", ""140706897"", ""198930981"", ""137979982"", ""99092830"", ""140749191"", ""204790995"", ""154513499""]"
none_subset,4,162212011,137979982,37,151,0,0,0,0,0,0,"[""190113798"", ""146272807"", ""125097939"", ""78795109"", ""173645815"", ""158117230"", ""126554078"", ""159574917"", ""156094427"", ""17206468""]"
none_subset,4,222729775,85051125,64,2763,0,0,0,0,0,0,"[""173115999"", ""157187324"", ""177500405"", ""136053941"", ""206494628"", ""173622745"", ""205896464"", ""206429682"", ""193084026"", ""165875890""]"
none_subset,4,192372732,146869722,43,1430,0,0,0,0,0,0,"[""202367676"", ""196554944"", ""179054743"", ""27781370"", ""101892709"", ""153591399"", ""170809412"", ""166329703"", ""133220748"", ""78684229""]"
none_subset,4,217514040,199435154,64,457,0,0,0,0,0,0,"[""172741180"", ""121442493"", ""96822403"", ""79121811"", ""72224328"", ""161824377"", ""108526378"", ""211216257"", ""136440686"", ""154044867""]"
none_subset,4,224966092,186693429,62,501,0,0,0,0,0,0,"[""72010081"", ""94106347"", ""211069026"", ""106048307"", ""62333104"", ""143139548"", ""154406041"", ""52848243"", ""52919918"", ""186936582""]"
none_subset,4,189612365,159428920,64,272,0,0,0,0,0,0,"[""101586852"", ""131561726"", ""209791442"", ""91922866"", ""173526297"", ""214883521"", ""76676235"", ""95477523"", ""153331707"", ""194771243""]"
none_subset,4,191377667,134898435,57,1955,0,0,0,0,0,0,"[""65120912"", ""17825658"", ""214410443"", ""54653008"", ""160209667"", ""128122761"", ""138202869"", ""47987945"", ""84818159"", ""82247874""]"
none_subset,4,206769854,159356640,38,100,0,0,0,0,0,0,"[""171705376"", ""128235238"", ""171618124"", ""194567057"", ""163127755"", ""183611043"", ""155436166"", ""102106304"", ""112929576"", ""65188291""]"
none_subset,4,220929088,112058073,46,367,0,0,0,0,0,0,"[""212546063"", ""208224187"", ""144032873"", ""170637462"", ""108060129"", ""93024322"", ""162796958"", ""108479850"", ""206367601"", ""120963350""]"
none_subset,4,179538606,151497086,37,1776,0,0,0,0,0,0,"[""150612100"", ""197393743"", ""161147605"", ""194551250"", ""189064377"", ""127087324"", ""133932837"", ""183552543"", ""58893791"", ""91090509""]"
none_subset,4,221038829,196683792,37,95,0,0,0,0,0,0,"[""192913849"", ""133761960"", ""122241592"", ""163655065"", ""201258368"", ""204420256"", ""187021020"", ""161133997"", ""201520095"", ""195292057""]"
none_subset,4,165586635,134534067,4,165,0,0,0,0,0,0,"[""139110120"", ""130284203"", ""136900812"", ""53882418"", ""179477049"", ""196926090"", ""132213065"", ""210301282"", ""78628063"", ""13566772""]"
none_subset,4,195848103,162286261,38,387,0,0,0,0,0,0,"[""170400945"", ""181358523"", ""204985593"", ""176455982"", ""185863262"", ""158493521"", ""213020081"", ""119096193"", ""181203442"", ""145151055""]"
none_subset,4,220912443,207073486,37,483,0,0,0,0,0,0,"[""192918531"", ""210287080"", ""201913256"", ""171338279"", ""135332295"", ""202022086"", ""122713998"", ""209481700"", ""199923008"", ""198276617""]"
none_subset,4,193820333,166578765,57,199,0,0,0,0,0,0,"[""122408162"", ""125339147"", ""200462582"", ""211640040"", ""138406659"", ""194409455"", ""99228573"", ""128512946"", ""211844405"", ""201144087""]"
none_subset,4,150808157,92919228,37,28,0,0,0,0,1,1,"[""144990749"", ""200025016"", ""140336042"", ""192597928"", ""159931625"", ""188679659"", ""164351701"", ""166280219"", ""103057199"", ""161091370""]"
none_subset,4,212483794,191516840,62,202,0,0,0,0,0,0,"[""104016143"", ""110870208"", ""153895442"", ""119150891"", ""210871676"", ""24867932"", ""190693769"", ""144819719"", ""73356588"", ""200033535""]"
none_subset,4,222586905,200625253,38,195,0,0,0,0,0,0,"[""167154238"", ""207911331"", ""122177579"", ""94347039"", ""167983168"", ""73148680"", ""145768091"", ""67127804"", ""128168264"", ""71461721""]"
none_subset,4,224919765,130431142,38,795,0,0,0,0,0,0,"[""157993089"", ""81577148"", ""151069586"", ""212067848"", ""192992682"", ""154762222"", ""158101671"", ""90207738"", ""195119395"", ""201553356""]"
none_subset,4,202447850,174772759,4,173,0,0,0,0,0,0,"[""126589900"", ""202029081"", ""210498460"", ""211037756"", ""210709127"", ""199379442"", ""140968055"", ""188285916"", ""212819052"", ""213963033""]"
none_subset,4,215976635,192786942,4,1918,0,0,0,0,0,0,"[""190789377"", ""192473388"", ""149247164"", ""195213429"", ""190079873"", ""191462142"", ""187320580"", ""201469264"", ""200589462"", ""159567986""]"
none_subset,4,82194778,79107019,4,1294,0,0,0,0,0,0,"[""143852845"", ""116662369"", ""137001312"", ""140998592"", ""93696567"", ""143548483"", ""174891772"", ""190067899"", ""142451414"", ""121025812""]"
none_subset,4,224387999,184189116,64,12,0,0,0,0,1,1,"[""195841911"", ""136053941"", ""102619257"", ""126295674"", ""177968315"", ""174916841"", ""98469115"", ""163956163"", ""103614032"", ""165717472""]"
none_subset,4,213309114,193765182,43,370,0,0,0,0,0,0,"[""201905433"", ""182399428"", ""201535486"", ""213483404"", ""137241438"", ""202626349"", ""200883540"", ""192996306"", ""185360446"", ""184091403""]"
none_subset,4,223661874,212936458,46,584,0,0,0,0,0,0,"[""140412713"", ""186533909"", ""205019069"", ""174515021"", ""64629457"", ""200727306"", ""173634775"", ""204540006"", ""133738518"", ""77518021""]"
none_subset,4,212537205,179805334,4,16,0,0,0,0,1,1,"[""179812166"", ""135451052"", ""190218932"", ""151681239"", ""189902060"", ""203620126"", ""56795758"", ""193566719"", ""209397578"", ""154272346""]"
none_subset,4,151244613,101842282,46,668,0,0,0,0,0,0,"[""136064669"", ""99908438"", ""130151286"", ""87925672"", ""172604491"", ""174769835"", ""168997060"", ""203456171"", ""134691092"", ""54576315""]"
none_subset,4,45722807,50828732,43,28,0,0,0,0,1,1,"[""215014856"", ""129262032"", ""98638580"", ""202541799"", ""212781685"", ""109124875"", ""204268653"", ""97506344"", ""107227181"", ""205731190""]"
none_subset,4,224929777,195586695,37,333,0,0,0,0,0,0,"[""28242894"", ""70970519"", ""177385023"", ""200220844"", ""183710535"", ""173621712"", ""211515544"", ""31015477"", ""164126632"", ""204242033""]"
none_subset,4,206216646,181913855,37,495,0,0,0,0,0,0,"[""202328948"", ""199340755"", ""213318077"", ""186828726"", ""207544886"", ""197844035"", ""209161669"", ""192323302"", ""202325397"", ""209551298""]"
none_subset,4,181717793,152170362,37,39,0,0,0,0,0,1,"[""195296935"", ""214708320"", ""133173167"", ""188912090"", ""206587185"", ""200441050"", ""191911000"", ""192387012"", ""148500212"", ""201561139""]"
none_subset,4,200991937,173243692,46,431,0,0,0,0,0,0,"[""184407267"", ""184975322"", ""201024429"", ""142707487"", ""205019069"", ""186512278"", ""143758782"", ""68647858"", ""176659851"", ""182222562""]"
none_subset,4,222049533,207671783,62,1146,0,0,0,0,0,0,"[""150122632"", ""187978938"", ""172190870"", ""15942056"", ""140069180"", ""164086518"", ""149386623"", ""210941490"", ""58086605"", ""180256255""]"
none_subset,4,204109889,167786912,46,9,0,0,0,1,1,1,"[""86091554"", ""174586724"", ""204813635"", ""176131148"", ""165789966"", ""127285945"", ""193467718"", ""171073715"", ""167786912"", ""202794672""]"
none_subset,4,168882604,142990642,37,654,0,0,0,0,0,0,"[""210226726"", ""206864139"", ""181022161"", ""189777046"", ""201649016"", ""157945105"", ""187502080"", ""197728159"", ""175852737"", ""182640683""]"
none_subset,4,221069980,203082308,38,1127,0,0,0,0,0,0,"[""135581008"", ""200389144"", ""207656146"", ""134199596"", ""145151055"", ""167491323"", ""158782357"", ""169526603"", ""133753057"", ""130328247""]"
none_subset,4,182527539,148427041,46,999,0,0,0,0,0,0,"[""142436010"", ""212208758"", ""133461188"", ""209924661"", ""164627162"", ""172197706"", ""107277769"", ""142626177"", ""76370473"", ""205395255""]"
none_subset,4,212383124,187865140,62,213,0,0,0,0,0,0,"[""122377328"", ""95885283"", ""199605491"", ""67056893"", ""127682307"", ""123163861"", ""187064730"", ""13653122"", ""188330319"", ""89597505""]"
none_subset,4,68999413,66312499,57,205,0,0,0,0,0,0,"[""211785457"", ""201144087"", ""208595279"", ""68798250"", ""197740362"", ""207070552"", ""12178696"", ""138406659"", ""203042119"", ""179662298""]"
none_subset,4,217259695,197313086,64,1744,0,0,0,0,0,0,"[""152312239"", ""187944465"", ""105879570"", ""132818593"", ""127488045"", ""148740236"", ""63297294"", ""127490493"", ""101224348"", ""60124479""]"
none_subset,4,215906332,195670135,37,95,0,0,0,0,0,0,"[""58893791"", ""5322119"", ""188967908"", ""183023489"", ""161632409"", ""150887352"", ""158117230"", ""184518066"", ""101318206"", ""21114364""]"
none_subset,4,188376502,154513499,37,203,0,0,0,0,0,0,"[""25189123"", ""174852305"", ""183978577"", ""190113798"", ""147751334"", ""156560834"", ""212776036"", ""182254392"", ""161390704"", ""113068731""]"
none_subset,4,212475067,188036287,38,1266,0,0,0,0,0,0,"[""161174151"", ""139197933"", ""180386955"", ""159333154"", ""188626794"", ""100749834"", ""204880845"", ""193252013"", ""192654276"", ""127751166""]"
none_subset,4,62096161,68173330,4,7,0,0,0,1,1,1,"[""153417658"", ""170613385"", ""180866990"", ""129269545"", ""113628354"", ""164449645"", ""68173330"", ""50337874"", ""207623765"", ""75870943""]"
none_subset,4,224554459,166524884,4,35,0,0,0,0,0,1,"[""206285668"", ""164949793"", ""112475075"", ""210519490"", ""59475488"", ""141337241"", ""161593927"", ""210497898"", ""90951087"", ""53882418""]"
none_subset,4,189951179,161430444,4,559,0,0,0,0,0,0,"[""88932849"", ""194291179"", ""142381741"", ""177402240"", ""141212383"", ""126810749"", ""191461282"", ""169964492"", ""117660981"", ""144513042""]"
none_subset,4,215842891,184297463,37,1286,0,0,0,0,0,0,"[""179319840"", ""185952538"", ""148800689"", ""214961917"", ""110465452"", ""149221878"", ""209045757"", ""184960603"", ""193704109"", ""170879853""]"
none_subset,4,214739235,195720861,46,52,0,0,0,0,0,0,"[""178405632"", ""205545277"", ""129461367"", ""214290787"", ""172966334"", ""173540309"", ""209170192"", ""213307342"", ""177962710"", ""212730825""]"
none_subset,4,206072652,181715447,4,25,0,0,0,0,1,1,"[""194814735"", ""183252412"", ""186779159"", ""210958855"", ""199777290"", ""186900944"", ""164284194"", ""19226881"", ""207064032"", ""128402566""]"
none_subset,4,206177259,179647447,64,1252,0,0,0,0,0,0,"[""138322181"", ""123694415"", ""46094230"", ""63474547"", ""146848980"", ""187716249"", ""176790633"", ""19607163"", ""194767716"", ""123687478""]"
none_subset,4,142290622,76024222,43,2,0,1,1,1,1,1,"[""163223965"", ""76024222"", ""138924839"", ""151833757"", ""190691284"", ""182840886"", ""163580763"", ""146073359"", ""111061767"", ""168992911""]"
none_subset,4,202412222,158080441,46,1872,0,0,0,0,0,0,"[""140827649"", ""194862890"", ""68978046"", ""181905212"", ""99453113"", ""156626186"", ""193512680"", ""197949897"", ""127408911"", ""141321618""]"
none_subset,4,163715496,81019320,62,525,0,0,0,0,0,0,"[""161511273"", ""166907143"", ""39996426"", ""186936582"", ""143261727"", ""122174001"", ""62333104"", ""168785007"", ""211877317"", ""134702240""]"
none_subset,4,198298853,116967483,37,58,0,0,0,0,0,0,"[""152140191"", ""214702437"", ""151941209"", ""200025016"", ""32618321"", ""106674292"", ""191525669"", ""126929630"", ""190555289"", ""192597928""]"
none_subset,4,201629648,177326361,4,48,0,0,0,0,0,1,"[""214169457"", ""167852505"", ""206636227"", ""187942970"", ""193807530"", ""205530255"", ""167623478"", ""208698322"", ""192952375"", ""207725707""]"
none_subset,4,224806921,169256692,64,745,0,0,0,0,0,0,"[""105144259"", ""164633014"", ""152603802"", ""180165679"", ""209711556"", ""181059548"", ""122391520"", ""201892870"", ""67998486"", ""189988059""]"
none_subset,4,210987562,166294055,57,1883,0,0,0,0,0,0,"[""110306995"", ""128122761"", ""180417908"", ""143608153"", ""95852966"", ""132769262"", ""135517724"", ""112749539"", ""122789892"", ""198668676""]"
none_subset,4,188274572,139817083,57,1128,0,0,0,0,0,0,"[""213401068"", ""52362364"", ""181449391"", ""214819488"", ""114118888"", ""130444806"", ""68798250"", ""104640917"", ""210478881"", ""203721811""]"
none_subset,4,195309530,167146845,62,32,0,0,0,0,0,1,"[""192577715"", ""204100209"", ""165119271"", ""58086605"", ""134905481"", ""129898062"", ""130642042"", ""180324136"", ""156885677"", ""135449877""]"
none_subset,4,106261779,95323314,38,65,0,0,0,0,0,0,"[""113999751"", ""171949747"", ""164429352"", ""150241983"", ""214394715"", ""189593063"", ""140048877"", ""127539785"", ""179876069"", ""102676974""]"
none_subset,4,155364037,133136953,38,105,0,0,0,0,0,0,"[""145871617"", ""203342635"", ""149562058"", ""124508627"", ""139494203"", ""150167398"", ""130421231"", ""198969641"", ""66553240"", ""158118726""]"
none_subset,4,39846875,32581466,43,97,0,0,0,0,0,0,"[""215513285"", ""201006052"", ""139853041"", ""161628577"", ""99275271"", ""147179804"", ""15015983"", ""125981589"", ""6516822"", ""74321183""]"
none_subset,4,5836907,1483768,38,1251,0,0,0,0,0,0,"[""207694901"", ""129585105"", ""135874550"", ""213591035"", ""206197845"", ""137850254"", ""204913338"", ""73044615"", ""132694650"", ""136801089""]"
none_subset,4,76698719,76775257,43,1312,0,0,0,0,0,0,"[""15648138"", ""188272758"", ""98747334"", ""75083855"", ""166708862"", ""6704113"", ""126470047"", ""203886811"", ""200220026"", ""166706405""]"
none_subset,4,47496112,49076043,43,1465,0,0,0,0,0,0,"[""120188232"", ""167353972"", ""89731710"", ""143371562"", ""182081124"", ""132568100"", ""133220748"", ""153591399"", ""215382114"", ""185196782""]"
none_subset,4,58616771,53254163,38,677,0,0,0,0,0,0,"[""167983168"", ""113999751"", ""73148680"", ""154112907"", ""206869723"", ""85120764"", ""100946794"", ""156424467"", ""164429352"", ""92430066""]"
none_subset,4,174209940,143084610,37,758,0,0,0,0,0,0,"[""166280219"", ""156898538"", ""212047029"", ""126929630"", ""155926657"", ""194918694"", ""170049514"", ""164351701"", ""152140191"", ""150433252""]"
none_subset,4,150928717,115857968,43,101,0,0,0,0,0,0,"[""153090870"", ""116750362"", ""144080652"", ""180465465"", ""127047625"", ""148264493"", ""126702260"", ""106164509"", ""204449585"", ""147828168""]"
none_subset,4,173281141,136363959,64,1777,0,0,0,0,0,0,"[""152212755"", ""193870914"", ""209176271"", ""189971087"", ""150390573"", ""110653495"", ""81451898"", ""130601909"", ""79233838"", ""149002642""]"
none_subset,4,156725012,5564013,38,197,0,0,0,0,0,0,"[""110664117"", ""127539785"", ""8550716"", ""214394715"", ""150241983"", ""189593063"", ""140048877"", ""191338884"", ""61517646"", ""95395941""]"
none_subset,4,222977381,163780128,46,340,0,0,0,0,0,0,"[""209744189"", ""146029150"", ""65618657"", ""180976440"", ""207529569"", ""174837469"", ""167525245"", ""140208813"", ""165953966"", ""15445184""]"
none_subset,4,163575137,127477193,46,131,0,0,0,0,0,0,"[""213234426"", ""53826389"", ""81754384"", ""207308677"", ""76370473"", ""107277769"", ""136715816"", ""108645014"", ""52432861"", ""109281699""]"
none_subset,4,134372610,117771611,4,40,0,0,0,0,0,1,"[""202362364"", ""143852845"", ""143548483"", ""153991203"", ""144264277"", ""167643231"", ""148365289"", ""130299986"", ""149759096"", ""140998592""]"
none_subset,4,203992258,192580997,62,2313,0,0,0,0,0,0,"[""104210649"", ""105604280"", ""2463151"", ""52020678"", ""172913028"", ""74220777"", ""24433447"", ""129878189"", ""204880318"", ""113925741""]"
none_subset,4,163776589,138439398,4,2418,0,0,0,0,0,0,"[""126604867"", ""179804262"", ""98834359"", ""146027073"", ""100007550"", ""87832508"", ""126889201"", ""118938903"", ""180063242"", ""113622434""]"
none_subset,4,217168708,196563012,37,36,0,0,0,0,0,1,"[""209172941"", ""208532302"", ""187423310"", ""193656232"", ""193491703"", ""184952787"", ""196714939"", ""149483145"", ""148800689"", ""191538851""]"
none_subset,4,188984952,157205433,4,146,0,0,0,0,0,0,"[""181715447"", ""202362364"", ""190495475"", ""192424356"", ""183252412"", ""195513078"", ""184281117"", ""117471262"", ""186779159"", ""188468725""]"
none_subset,4,194857246,159254584,64,9,0,0,0,1,1,1,"[""53453982"", ""129093190"", ""201298322"", ""156476311"", ""92189436"", ""181063353"", ""128217933"", ""201449249"", ""159254584"", ""99916433""]"
none_subset,4,224484908,212274680,46,655,0,0,0,0,0,0,"[""137150022"", ""211895860"", ""214043725"", ""193206170"", ""167900654"", ""82260371"", ""167464610"", ""162796958"", ""207470239"", ""196561672""]"
none_subset,4,181708189,141913559,64,64,0,0,0,0,0,0,"[""156766484"", ""203403083"", ""194094670"", ""204824313"", ""208439755"", ""160009723"", ""110133798"", ""128085943"", ""105267083"", ""137448907""]"
none_subset,4,218843935,177899370,37,43,0,0,0,0,0,1,"[""185970047"", ""201913249"", ""151708259"", ""175392694"", ""167533619"", ""209002652"", ""162230699"", ""139504256"", ""134950442"", ""187256075""]"
none_subset,4,83167308,81511985,38,386,0,0,0,0,0,0,"[""149982401"", ""174919483"", ""77338935"", ""211890068"", ""193002592"", ""179234058"", ""156629865"", ""173253112"", ""188178632"", ""151407481""]"
none_subset,4,224723678,214513561,46,931,0,0,0,0,0,0,"[""130881127"", ""120963350"", ""77329979"", ""171785060"", ""146207857"", ""171696517"", ""108479850"", ""109811257"", ""212456358"", ""178870249""]"
none_subset,4,126141821,110679107,64,640,0,0,0,0,0,0,"[""103562123"", ""130094229"", ""82808529"", ""197313086"", ""183298074"", ""200859322"", ""141263401"", ""149540426"", ""125561073"", ""168296751""]"
none_subset,4,223819256,212829195,4,36,0,0,0,0,0,1,"[""211170774"", ""212819052"", ""169976903"", ""185133383"", ""180575809"", ""159850846"", ""192874247"", ""195475614"", ""188509360"", ""207985124""]"
none_subset,4,218758658,207872675,4,134,0,0,0,0,0,0,"[""214085481"", ""210498460"", ""202016099"", ""214582809"", ""212819052"", ""140968055"", ""215580343"", ""205463044"", ""203618170"", ""136187384""]"
none_subset,4,204599690,175490651,37,1860,0,0,0,0,0,0,"[""198598972"", ""136186158"", ""150316929"", ""202157886"", ""142113211"", ""103432765"", ""116929460"", ""126447640"", ""180713169"", ""211483573""]"
none_subset,4,118743423,112596322,43,27,0,0,0,0,1,1,"[""204649733"", ""190172562"", ""209546973"", ""183965795"", ""147836645"", ""201752513"", ""66709745"", ""196316257"", ""197891724"", ""197613208""]"
none_subset,4,49273516,51343997,43,2064,0,0,0,0,0,0,"[""182526901"", ""158624345"", ""145855101"", ""138372456"", ""44768555"", ""127006553"", ""167879223"", ""46376130"", ""127979191"", ""78183771""]"
none_subset,4,182214621,144167451,43,418,0,0,0,0,0,0,"[""94195633"", ""99992649"", ""38841821"", ""144080652"", ""192784424"", ""98314945"", ""188810945"", ""127635452"", ""97625037"", ""50216046""]"
none_subset,4,223258716,212264146,64,414,0,0,0,0,0,0,"[""191011510"", ""185087026"", ""163787427"", ""174719538"", ""168823510"", ""210649942"", ""192179303"", ""206235020"", ""201460481"", ""207726882""]"
none_subset,4,211303932,189745855,37,897,0,0,0,0,0,0,"[""178961164"", ""45171964"", ""181408383"", ""169922684"", ""201740861"", ""187043151"", ""147435678"", ""177899370"", ""210858780"", ""211646800""]"
none_subset,4,215184577,12396291,4,3,0,1,1,1,1,1,"[""138975756"", ""181715447"", ""12396291"", ""139852579"", ""156103241"", ""148281605"", ""149759096"", ""122564854"", ""200963901"", ""120663751""]"
none_subset,4,155201106,134544825,46,1228,0,0,0,0,0,0,"[""172374310"", ""165636439"", ""129112756"", ""160039265"", ""163363958"", ""198305976"", ""197859726"", ""161736013"", ""164517856"", ""13940893""]"
none_subset,4,223332381,73148680,38,336,0,0,0,0,0,0,"[""179234058"", ""176638353"", ""44092534"", ""52533378"", ""186767110"", ""155332547"", ""165594878"", ""125918674"", ""182180048"", ""49391991""]"
none_subset,4,159223288,135883318,46,244,0,0,0,0,0,0,"[""143366526"", ""150142821"", ""88672257"", ""151511658"", ""158008511"", ""102024389"", ""108786028"", ""154821670"", ""122229490"", ""148352358""]"
none_subset,4,70900838,73568079,43,2390,0,0,0,0,0,0,"[""193186547"", ""125860815"", ""75839769"", ""55284074"", ""120869286"", ""129748527"", ""75839915"", ""73371698"", ""133582641"", ""155255036""]"
none_subset,4,225331449,214169191,46,8,0,0,0,1,1,1,"[""108645014"", ""35845876"", ""138486785"", ""144208600"", ""58412205"", ""208171217"", ""79694314"", ""214169191"", ""56920439"", ""109281699""]"
none_subset,4,198684180,167339905,46,429,0,0,0,0,0,0,"[""145266309"", ""210288248"", ""169613285"", ""209279100"", ""162996731"", ""207326970"", ""131820664"", ""209721719"", ""174861722"", ""118474813""]"
none_subset,4,214384789,194798510,46,47,0,0,0,0,0,1,"[""210780225"", ""212384469"", ""209980383"", ""195079694"", ""204029234"", ""176341449"", ""187734223"", ""167548901"", ""179347666"", ""182764303""]"
none_subset,4,219818034,205911104,37,599,0,0,0,0,0,0,"[""200278482"", ""197633924"", ""200774626"", ""124434815"", ""203928771"", ""204373346"", ""201742088"", ""193511575"", ""178410842"", ""191504755""]"
none_subset,4,221997901,206210266,57,11,0,0,0,0,1,1,"[""156972409"", ""105111474"", ""166993395"", ""83933046"", ""195891035"", ""134533948"", ""207690322"", ""163533843"", ""202934090"", ""195891127""]"
none_subset,4,186920256,159049004,46,227,0,0,0,0,0,0,"[""211987120"", ""160764333"", ""135652658"", ""78347549"", ""174613608"", ""165691688"", ""168262204"", ""118565908"", ""207379889"", ""79060647""]"
none_subset,4,218056613,202771850,46,99,0,0,0,0,0,0,"[""168075889"", ""163797849"", ""125568463"", ""202999067"", ""201925196"", ""215506263"", ""174504603"", ""211939126"", ""138718760"", ""211122713""]"
none_subset,4,216886230,165487867,43,30,0,0,0,0,1,1,"[""157129302"", ""209666551"", ""194288073"", ""143322462"", ""151971662"", ""188081829"", ""195224828"", ""146783647"", ""171948652"", ""133917164""]"
none_subset,4,218378620,200027218,4,215,0,0,0,0,0,0,"[""205600080"", ""210484477"", ""191316160"", ""191147915"", ""185107867"", ""203542152"", ""191627911"", ""198615413"", ""196161368"", ""180843726""]"
none_subset,4,157719491,126960326,38,2631,0,0,0,0,0,0,"[""149343290"", ""157993089"", ""109616522"", ""167323493"", ""113326418"", ""127669239"", ""181446055"", ""212014102"", ""212067848"", ""214890741""]"
none_subset,4,187662910,154743644,38,64,0,0,0,0,0,0,"[""196742641"", ""168166428"", ""129590481"", ""64731721"", ""113496860"", ""77338935"", ""181819737"", ""211769488"", ""149562058"", ""181805893""]"
none_subset,4,134718293,111167454,46,794,0,0,0,0,0,0,"[""150754478"", ""205395255"", ""212429674"", ""172197706"", ""172082320"", ""162507293"", ""81506359"", ""170458031"", ""210449055"", ""186533601""]"
none_subset,4,213859209,192226046,43,7,0,0,0,1,1,1,"[""209588885"", ""201230840"", ""198558883"", ""209248830"", ""200167896"", ""122714725"", ""192226046"", ""191423965"", ""192741559"", ""177166442""]"
none_subset,4,206162352,168565266,38,1060,0,0,0,0,0,0,"[""156629865"", ""121639115"", ""153191207"", ""98078621"", ""138345880"", ""160779270"", ""102778559"", ""151333626"", ""17545320"", ""166911507""]"
none_subset,4,148055484,125877587,37,943,0,0,0,0,0,0,"[""133924998"", ""202780647"", ""186646910"", ""151546541"", ""207110453"", ""96678439"", ""157252149"", ""167166017"", ""212035633"", ""146962916""]"
none_subset,4,127734101,103445343,38,1612,0,0,0,0,0,0,"[""126942864"", ""211674256"", ""207911331"", ""173253112"", ""198366865"", ""112191198"", ""122177579"", ""212854070"", ""175023670"", ""156424467""]"
none_subset,4,221652856,207844498,38,32,0,0,0,0,0,1,"[""142929788"", ""192511828"", ""207656146"", ""160595220"", ""199056148"", ""137860893"", ""153376624"", ""153333213"", ""207128481"", ""112191198""]"
none_subset,4,163657092,134259470,57,1222,0,0,0,0,0,0,"[""215231413"", ""172564451"", ""213085507"", ""206964493"", ""130568371"", ""211539855"", ""182623124"", ""105063982"", ""207601730"", ""203551296""]"
none_subset,4,181360595,149816343,38,13,0,0,0,0,1,1,"[""67086891"", ""180386955"", ""209803175"", ""155012065"", ""160303868"", ""145998937"", ""96549387"", ""128022775"", ""159910879"", ""118623949""]"
none_subset,4,184230547,92729753,43,76,0,0,0,0,0,0,"[""49526180"", ""204884209"", ""56249203"", ""100344935"", ""99130868"", ""75809532"", ""77959463"", ""86505092"", ""101617365"", ""75960684""]"
none_subset,4,218892881,204377471,62,504,0,0,0,0,0,0,"[""104986019"", ""179107557"", ""121464697"", ""173904346"", ""27805906"", ""141458058"", ""182427525"", ""211215649"", ""84676721"", ""211686780""]"
none_subset,4,222316119,209398208,62,952,0,0,0,0,0,0,"[""86925187"", ""131192536"", ""113542136"", ""134702240"", ""165049336"", ""213337390"", ""63080448"", ""143261727"", ""153654825"", ""106557292""]"
none_subset,4,193210370,160712589,43,162,0,0,0,0,0,0,"[""203338637"", ""123633665"", ""163505137"", ""202567733"", ""204163472"", ""214098104"", ""177067604"", ""170053319"", ""158916391"", ""198313310""]"
none_subset,4,182202041,140052409,43,183,0,0,0,0,0,0,"[""129193322"", ""127006553"", ""182612609"", ""164476094"", ""203668670"", ""192383943"", ""197607322"", ""207792788"", ""203487722"", ""132175560""]"
none_subset,4,134768803,90327774,62,793,0,0,0,0,0,0,"[""113866351"", ""164086518"", ""172190870"", ""187978938"", ""180001774"", ""75207324"", ""162263431"", ""212966939"", ""42940692"", ""45013331""]"
none_subset,4,217563353,199826472,46,297,0,0,0,0,0,0,"[""97623791"", ""84422038"", ""192859823"", ""177204083"", ""73765596"", ""132867538"", ""71898794"", ""38806529"", ""167265746"", ""143366526""]"
none_subset,4,211981529,191647950,37,1227,0,0,0,0,0,0,"[""196563012"", ""116240817"", ""192387012"", ""191931364"", ""119227333"", ""195296935"", ""180546104"", ""187761375"", ""190075252"", ""136371572""]"
none_subset,4,107710992,98812077,46,1621,0,0,0,0,0,0,"[""174861722"", ""162996731"", ""207326970"", ""120233208"", ""186533601"", ""205356898"", ""138969592"", ""138617659"", ""81506359"", ""172199585""]"
none_subset,4,169962620,140742765,38,269,0,0,0,0,0,0,"[""133136953"", ""117957932"", ""37809434"", ""125139020"", ""214890741"", ""350786"", ""112389064"", ""108421334"", ""205428792"", ""110457316""]"
none_subset,4,192278370,153562476,37,59,0,0,0,0,0,0,"[""115215869"", ""14688074"", ""29496516"", ""42842956"", ""127678430"", ""151199532"", ""70624061"", ""173034966"", ""88534873"", ""120040052""]"
none_subset,4,193750891,163718468,38,1225,0,0,0,0,0,0,"[""146723193"", ""166506623"", ""18798683"", ""139134458"", ""193575305"", ""177744065"", ""145408759"", ""125546461"", ""158733811"", ""207948213""]"
none_subset,4,132375474,116488063,4,307,0,0,0,0,0,0,"[""174891772"", ""203890372"", ""205322075"", ""123613267"", ""195516477"", ""149390037"", ""180815842"", ""120540825"", ""140966958"", ""18444702""]"
none_subset,4,167902436,141447890,64,632,0,0,0,0,0,0,"[""210451384"", ""174387123"", ""173661276"", ""182199798"", ""106851845"", ""173159881"", ""204286460"", ""70397289"", ""73275498"", ""63935560""]"
none_subset,4,46775399,39242895,57,635,0,0,0,0,0,0,"[""125339147"", ""122408162"", ""85942447"", ""86771304"", ""206552998"", ""128512946"", ""48586287"", ""186103660"", ""157149837"", ""188870231""]"
none_subset,4,137693931,117946057,64,175,0,0,0,0,0,0,"[""214114704"", ""152109736"", ""143663551"", ""120966979"", ""62313025"", ""75327381"", ""152305563"", ""124274061"", ""131561726"", ""124273952""]"
none_subset,4,214329317,184721384,4,463,0,0,0,0,0,0,"[""191690738"", ""185429569"", ""139418370"", ""136384270"", ""200344150"", ""152542463"", ""155703180"", ""147740083"", ""155908916"", ""201065368""]"
none_subset,4,222121945,206201645,46,59,0,0,0,0,0,0,"[""89431258"", ""78004872"", ""176659851"", ""184407267"", ""145504709"", ""135883318"", ""52439531"", ""111077753"", ""79809742"", ""211870655""]"
none_subset,4,219276469,121108780,46,146,0,0,0,0,0,0,"[""110268464"", ""64234906"", ""174465659"", ""68978046"", ""53760527"", ""188529439"", ""140827649"", ""129089284"", ""134848823"", ""149547737""]"
none_subset,4,174730471,137617785,62,46,0,0,0,0,0,1,"[""176333450"", ""150945055"", ""132110473"", ""125457528"", ""186169702"", ""12231700"", ""122004752"", ""132102628"", ""167732430"", ""183670981""]"
none_subset,4,223350607,189844318,4,11,0,0,0,0,1,1,"[""205405501"", ""201481091"", ""93517902"", ""189945818"", ""191889856"", ""193746035"", ""70897180"", ""165105661"", ""52610271"", ""205789625""]"
none_subset,4,210849177,184994826,4,37,0,0,0,0,0,1,"[""176039610"", ""195717749"", ""149599673"", ""159922963"", ""76515539"", ""213275113"", ""177531279"", ""196352343"", ""184587206"", ""120663751""]"
none_subset,4,198434418,156991106,43,703,0,0,0,0,0,0,"[""127047625"", ""165082890"", ""126702260"", ""153840249"", ""169890454"", ""182892685"", ""100333045"", ""161117276"", ""180465465"", ""180794567""]"
none_subset,4,212436139,192418965,37,18,0,0,0,0,1,1,"[""164415171"", ""132738380"", ""128025445"", ""169494298"", ""114167582"", ""191097659"", ""87364828"", ""204347081"", ""210680484"", ""55796783""]"
none_subset,4,135940202,116675816,38,1085,0,0,0,0,0,0,"[""124833754"", ""147345313"", ""77338935"", ""173253112"", ""85120764"", ""147335135"", ""149292121"", ""153191207"", ""151407481"", ""113999751""]"
none_subset,4,225324347,213542128,62,1111,0,0,0,0,0,0,"[""9716999"", ""186943676"", ""149266652"", ""67056893"", ""127682307"", ""193455135"", ""181719051"", ""61854824"", ""185409558"", ""70189978""]"
none_subset,4,122897043,99984234,64,748,0,0,0,0,0,0,"[""212170326"", ""170931595"", ""153266976"", ""119651772"", ""85051125"", ""103416735"", ""206372980"", ""53527257"", ""210273621"", ""207080740""]"
none_subset,4,213225848,193487145,62,109,0,0,0,0,0,0,"[""197247155"", ""211808810"", ""206841068"", ""170246818"", ""205736250"", ""210489322"", ""108815727"", ""201460182"", ""204555441"", ""160871092""]"
none_subset,4,194731015,132179046,37,48,0,0,0,0,0,1,"[""53074039"", ""142640479"", ""136186158"", ""203680817"", ""170334700"", ""160929058"", ""161194648"", ""201258368"", ""98784541"", ""163655065""]"
none_subset,4,217928932,180001774,62,141,0,0,0,0,0,0,"[""52020678"", ""105604280"", ""2463151"", ""197681506"", ""24433447"", ""56568319"", ""109692351"", ""92980980"", ""167029837"", ""204880318""]"
none_subset,4,190591674,156299022,62,1155,0,0,0,0,0,0,"[""144501764"", ""206301685"", ""15723967"", ""75037502"", ""150919912"", ""61035715"", ""166108651"", ""114374574"", ""125264671"", ""57578588""]"
none_subset,4,194020076,154816685,37,905,0,0,0,0,0,0,"[""160229505"", ""51981897"", ""144803619"", ""156934315"", ""160098809"", ""102688777"", ""21423746"", ""23924949"", ""177594563"", ""117761177""]"
none_subset,4,185433908,157103060,64,21,0,0,0,0,1,1,"[""95788322"", ""192057548"", ""144993665"", ""41031023"", ""144399371"", ""94729022"", ""205489483"", ""136600772"", ""132289907"", ""179411117""]"
none_subset,4,214333334,193747557,4,115,0,0,0,0,0,0,"[""78628063"", ""144873512"", ""193934711"", ""3831714"", ""112475075"", ""175750166"", ""213307240"", ""130284203"", ""59005387"", ""169025616""]"
none_subset,4,220774580,173807681,57,322,0,0,0,0,0,0,"[""191896588"", ""128512946"", ""122408162"", ""113539802"", ""127660482"", ""96728375"", ""125339147"", ""212246650"", ""47486926"", ""186103660""]"
none_subset,4,212592127,192227012,43,316,0,0,0,0,0,0,"[""182399428"", ""157129302"", ""195224828"", ""192825043"", ""178067710"", ""191134295"", ""201535486"", ""199212700"", ""188081829"", ""185108178""]"
none_subset,4,176224761,133870924,62,92,0,0,0,0,0,0,"[""106557292"", ""160329216"", ""94546694"", ""136870941"", ""59483405"", ""210678182"", ""52848243"", ""152815967"", ""188696626"", ""138120106""]"
none_subset,4,60511882,57556019,43,26,0,0,0,0,1,1,"[""68189198"", ""132793063"", ""74957401"", ""101587771"", ""144463129"", ""86885256"", ""98137256"", ""167043645"", ""178272808"", ""200981311""]"
none_subset,4,176736999,148395645,57,32,0,0,0,0,0,1,"[""151450966"", ""121588049"", ""181594395"", ""119144884"", ""205668901"", ""196083775"", ""168542440"", ""160137602"", ""183212516"", ""71947961""]"
none_subset,4,218343977,206869723,38,286,0,0,0,0,0,0,"[""62361505"", ""154880168"", ""162918532"", ""213984936"", ""198468875"", ""52441610"", ""149349102"", ""102778559"", ""73438643"", ""58199619""]"
none_subset,4,196559457,168093078,46,67,0,0,0,0,0,0,"[""179440577"", ""208458622"", ""212013801"", ""211987120"", ""215428176"", ""147341866"", ""159397216"", ""159049004"", ""178086628"", ""205295168""]"
none_subset,4,218455353,203551786,57,213,0,0,0,0,0,0,"[""210472458"", ""186378387"", ""213286264"", ""201084593"", ""194650480"", ""206821512"", ""191527643"", ""212206681"", ""138881270"", ""205233758""]"
none_subset,4,165941570,140069180,62,1472,0,0,0,0,0,0,"[""150251996"", ""182479029"", ""205408409"", ""79930613"", ""120273284"", ""199527738"", ""36786685"", ""188696626"", ""194290546"", ""182512987""]"
none_subset,4,177072822,143701254,57,55,0,0,0,0,0,0,"[""125339147"", ""121902729"", ""85942447"", ""107527374"", ""206493285"", ""206552998"", ""157953377"", ""183993242"", ""206553944"", ""122408162""]"
none_subset,4,209291892,186707401,4,145,0,0,0,0,0,0,"[""215305148"", ""173008557"", ""133632260"", ""179145991"", ""213461075"", ""161281171"", ""171159402"", ""58216709"", ""207099526"", ""86385298""]"
none_subset,4,223884612,208874258,46,446,0,0,0,0,0,0,"[""208719036"", ""171636556"", ""212730825"", ""210856802"", ""201436985"", ""212905783"", ""194733454"", ""210667015"", ""210366645"", ""210373455""]"
none_subset,4,94835568,89522692,57,1022,0,0,0,0,0,0,"[""186103660"", ""46463211"", ""200450069"", ""86771304"", ""122408162"", ""169874437"", ""206553944"", ""163344549"", ""188870231"", ""85942447""]"
none_subset,4,192891376,165467719,4,270,0,0,0,0,0,0,"[""195617414"", ""210469105"", ""158071475"", ""154438637"", ""205446753"", ""135840440"", ""213281189"", ""215274929"", ""201465694"", ""203776159""]"
none_subset,4,217721954,201858021,43,348,0,0,0,0,0,0,"[""59161409"", ""126415167"", ""88408415"", ""104715442"", ""205517780"", ""190069327"", ""116979481"", ""159116232"", ""98800023"", ""197876233""]"
none_subset,4,221359312,208935536,37,904,0,0,0,0,0,0,"[""212752270"", ""174850296"", ""186646910"", ""134610044"", ""155900040"", ""148500212"", ""210646051"", ""214523405"", ""165980002"", ""207110453""]"
none_subset,4,215331446,149874064,62,249,0,0,0,0,0,0,"[""211070786"", ""204577887"", ""172997177"", ""200035811"", ""206841068"", ""212412503"", ""200033285"", ""206664307"", ""189968625"", ""150919912""]"
none_subset,4,139464065,119695215,46,50,0,0,0,0,0,1,"[""79809742"", ""149547737"", ""188529439"", ""68978046"", ""64234906"", ""154698834"", ""194301324"", ""110268464"", ""99309357"", ""140827649""]"
none_subset,4,224134704,141588596,64,368,0,0,0,0,0,0,"[""205920501"", ""162587856"", ""202978110"", ""209576150"", ""78407435"", ""213253358"", ""76907662"", ""202253212"", ""213564938"", ""165902956""]"
none_subset,4,77515366,62510663,38,671,0,0,0,0,0,0,"[""143671272"", ""143848258"", ""161419745"", ""157714512"", ""110457316"", ""182704194"", ""214890741"", ""166302090"", ""159326492"", ""150442928""]"
none_subset,4,210242510,187758639,57,1112,0,0,0,0,0,0,"[""208742570"", ""189762370"", ""203550692"", ""213974972"", ""210498921"", ""179079527"", ""209942989"", ""173789393"", ""205233758"", ""41572607""]"
none_subset,4,52520947,48837235,43,983,0,0,0,0,0,0,"[""76970617"", ""192784424"", ""61372398"", ""127047625"", ""68189198"", ""59547777"", ""84802092"", ""99275271"", ""201259036"", ""4674477""]"
none_subset,4,151596094,130169954,64,1358,0,0,0,0,0,0,"[""120966979"", ""153356810"", ""155183786"", ""203544848"", ""182762792"", ""75327381"", ""167158322"", ""75760627"", ""74162951"", ""62313025""]"
none_subset,4,193213668,158425166,43,93,0,0,0,0,0,0,"[""96300750"", ""57556019"", ""142451013"", ""94325948"", ""67021173"", ""125480188"", ""114167233"", ""133582641"", ""61596907"", ""27430167""]"
none_subset,4,112643081,88781085,4,39,0,0,0,0,0,1,"[""161593927"", ""36482821"", ""78628063"", ""193934711"", ""112475075"", ""64487189"", ""171902128"", ""191889856"", ""165105661"", ""93517902""]"
none_subset,4,225317013,211226206,38,130,0,0,0,0,0,0,"[""119050794"", ""111238191"", ""98526198"", ""186580987"", ""156424467"", ""152717874"", ""25706087"", ""72073541"", ""151758386"", ""188178632""]"
none_subset,4,30572447,32643267,4,77,0,0,0,0,0,0,"[""174891772"", ""203890372"", ""143548483"", ""123613267"", ""155621693"", ""108202978"", ""51992415"", ""129568541"", ""210169790"", ""153162863""]"
none_subset,4,66195263,65467624,62,148,0,0,0,0,0,0,"[""82382971"", ""161635823"", ""106557292"", ""92445171"", ""210678182"", ""52773606"", ""18880304"", ""138120106"", ""57745589"", ""162818813""]"
none_subset,4,84991560,83781980,64,25,0,0,0,0,1,1,"[""144281937"", ""128304968"", ""109320323"", ""131569653"", ""91451711"", ""133870534"", ""201270567"", ""199383617"", ""173622957"", ""157803989""]"
none_subset,4,46524558,48022144,46,743,0,0,0,0,0,0,"[""97623791"", ""192859823"", ""84422038"", ""73765596"", ""15325925"", ""109222096"", ""108322993"", ""37708588"", ""116576279"", ""177204083""]"
none_subset,4,183342833,152655552,64,307,0,0,0,0,0,0,"[""210055173"", ""64566466"", ""200033728"", ""199715478"", ""129288036"", ""106247745"", ""154919593"", ""8645666"", ""121664928"", ""210148884""]"
none_subset,4,181269384,115216411,37,1720,0,0,0,0,0,0,"[""152140191"", ""93714502"", ""158117230"", ""58893791"", ""192597928"", ""152508279"", ""175146389"", ""200025016"", ""76841920"", ""152762226""]"
none_subset,4,91056482,73092635,64,631,0,0,0,0,0,0,"[""127512781"", ""114607994"", ""215220099"", ""206372980"", ""95987224"", ""170931595"", ""174095805"", ""182918494"", ""141263401"", ""60032340""]"
none_subset,4,220391193,205792958,57,11,0,0,0,0,1,1,"[""215562071"", ""210148578"", ""188906002"", ""209164848"", ""207501600"", ""210636826"", ""166538115"", ""189762370"", ""188363722"", ""206066236""]"
none_subset,4,181647504,153601190,37,700,0,0,0,0,0,0,"[""209154292"", ""202328948"", ""181408383"", ""199340755"", ""180221400"", ""207544886"", ""141656944"", ""195296935"", ""190788965"", ""211802210""]"
none_subset,4,179942590,150466997,37,93,0,0,0,0,0,0,"[""58893791"", ""111730268"", ""184518066"", ""57231571"", ""161632409"", ""113199607"", ""183023489"", ""173034966"", ""210586766"", ""144351805""]"
none_subset,4,210824348,169684033,46,228,0,0,0,0,0,0,"[""191705183"", ""99309357"", ""84576505"", ""201966464"", ""162330233"", ""194301324"", ""154244912"", ""186116554"", ""49041759"", ""126662251""]"
none_subset,4,217340355,185411714,37,474,0,0,0,0,0,0,"[""124237457"", ""28242894"", ""186464825"", ""143052602"", ""142113211"", ""210587193"", ""212752270"", ""183710535"", ""173621712"", ""211519251""]"
none_subset,4,204515041,180375963,46,72,0,0,0,0,0,0,"[""210561703"", ""123813852"", ""170566401"", ""149633160"", ""138254448"", ""153467283"", ""213196140"", ""72266723"", ""109790613"", ""209162282""]"
none_subset,4,225217742,214911402,38,161,0,0,0,0,0,0,"[""206039176"", ""171832078"", ""188544896"", ""167193773"", ""31980662"", ""208395385"", ""170938980"", ""162345431"", ""204390915"", ""173785088""]"
none_subset,4,175108320,145872351,57,321,0,0,0,0,0,0,"[""211835809"", ""102975387"", ""209217971"", ""145912634"", ""200675765"", ""204015126"", ""207784265"", ""190891048"", ""207131148"", ""154845037""]"
none_subset,4,75999056,78200756,37,61,0,0,0,0,0,0,"[""14688074"", ""29496516"", ""21114364"", ""45171964"", ""95030361"", ""105224939"", ""187043151"", ""42842956"", ""151199532"", ""115215869""]"
none_subset,4,20364924,18292202,43,127,0,0,0,0,0,0,"[""49833634"", ""91252683"", ""192287850"", ""194521804"", ""159358087"", ""173492161"", ""26809470"", ""163402666"", ""176670642"", ""29596208""]"
none_subset,4,178083941,115348570,4,197,0,0,0,0,0,0,"[""142536914"", ""103936826"", ""173611156"", ""193807530"", ""176734316"", ""158097383"", ""180096072"", ""188781185"", ""184320812"", ""126624504""]"
none_subset,4,186627163,155334274,37,264,0,0,0,0,0,0,"[""149498553"", ""169268977"", ""191370500"", ""136265720"", ""177207521"", ""120893128"", ""187819119"", ""29496516"", ""103348357"", ""38725558""]"
none_subset,4,223640840,70510072,43,33,0,0,0,0,0,1,"[""79844098"", ""140335234"", ""205517780"", ""98800023"", ""88376416"", ""98301531"", ""130556843"", ""208645724"", ""126415167"", ""84074518""]"
none_subset,4,224590952,214485432,4,19,0,0,0,0,1,1,"[""153116755"", ""165510803"", ""193746035"", ""142085087"", ""206800954"", ""105063903"", ""195689049"", ""203305847"", ""206638247"", ""207421525""]"
none_subset,4,185538692,155799399,64,533,0,0,0,0,0,0,"[""213581190"", ""92911620"", ""132289907"", ""169239802"", ""204273384"", ""183987662"", ""79121811"", ""99717427"", ""133623259"", ""194095205""]"
none_subset,4,214686293,194616691,64,1516,0,0,0,0,0,0,"[""195393000"", ""88248087"", ""135156967"", ""155594648"", ""81233351"", ""54502447"", ""215003074"", ""169811379"", ""190167812"", ""142606748""]"
none_subset,4,210390509,188665796,4,911,0,0,0,0,0,0,"[""198615413"", ""191209763"", ""180843726"", ""195510728"", ""190574356"", ""201432635"", ""146764647"", ""191147915"", ""211385428"", ""185107867""]"
none_subset,4,221217825,206707770,62,147,0,0,0,0,0,0,"[""129328061"", ""190955120"", ""64365794"", ""19018996"", ""161141246"", ""189178547"", ""210197649"", ""167732430"", ""209579537"", ""190355590""]"
none_subset,4,182550457,152717874,38,445,0,0,0,0,0,0,"[""161002473"", ""204637998"", ""186173164"", ""147686192"", ""192315877"", ""81511985"", ""77338935"", ""114260093"", ""209064279"", ""183904957""]"
none_subset,4,206226210,145800774,4,53,0,0,0,0,0,0,"[""126889201"", ""113622434"", ""100007550"", ""183642706"", ""156456714"", ""126241663"", ""118938903"", ""87832508"", ""137934343"", ""98834359""]"
none_subset,4,216846155,200497747,57,2461,0,0,0,0,0,0,"[""134898435"", ""203324938"", ""211888991"", ""210580310"", ""133687274"", ""113082402"", ""142907464"", ""215405343"", ""193665572"", ""207262363""]"
none_subset,4,172014008,129527350,4,182,0,0,0,0,0,0,"[""171792193"", ""187964382"", ""29952166"", ""99699218"", ""134721823"", ""174772759"", ""141167432"", ""159734891"", ""211774897"", ""167351572""]"
none_subset,4,208296179,184997997,37,31,0,0,0,0,0,1,"[""190788723"", ""202137970"", ""141656944"", ""209154292"", ""142665464"", ""129693057"", ""191931364"", ""172191290"", ""211802210"", ""190788965""]"
none_subset,4,217618238,188912090,37,2,0,1,1,1,1,1,"[""192456013"", ""188912090"", ""201561139"", ""121097766"", ""191259466"", ""201649016"", ""187502080"", ""183094359"", ""82620936"", ""187324915""]"
none_subset,4,208456944,181755826,37,247,0,0,0,0,0,0,"[""191911000"", ""195296935"", ""142665464"", ""153099679"", ""211094404"", ""194884803"", ""141656944"", ""190788965"", ""211802210"", ""209154292""]"
none_subset,4,223016533,211895860,46,813,0,0,0,0,0,0,"[""212685047"", ""205368126"", ""160255339"", ""207328366"", ""161497124"", ""157752214"", ""207214319"", ""203310461"", ""207820778"", ""173222203""]"
none_subset,4,217669873,199520065,43,312,0,0,0,0,0,0,"[""211355598"", ""182746332"", ""215090391"", ""202227389"", ""209156407"", ""201671217"", ""185851616"", ""198054092"", ""76057400"", ""195756368""]"
none_subset,4,217086778,195170795,43,293,0,0,0,0,0,0,"[""196286515"", ""185851616"", ""202632009"", ""184633847"", ""188577365"", ""198087076"", ""202626349"", ""201905433"", ""195756368"", ""188378226""]"
none_subset,4,73879959,76963567,37,1087,0,0,0,0,0,0,"[""205328844"", ""51749408"", ""16898206"", ""142630827"", ""185048961"", ""147794006"", ""96678439"", ""187812442"", ""141382831"", ""160127507""]"
none_subset,4,176005672,141663938,46,1179,0,0,0,0,0,0,"[""150226253"", ""173222203"", ""179384818"", ""148352358"", ""173799041"", ""187714756"", ""141485098"", ""160815179"", ""135571245"", ""171801408""]"
none_subset,4,218843910,204190038,43,47,0,0,0,0,0,1,"[""194022987"", ""88578062"", ""198322720"", ""210958988"", ""211582481"", ""175374033"", ""170053319"", ""203995902"", ""201213450"", ""143484747""]"
none_subset,4,171956234,145031350,57,7,0,0,0,1,1,1,"[""122751221"", ""141728487"", ""206210266"", ""188514510"", ""57499088"", ""113601078"", ""145031350"", ""46337629"", ""115422067"", ""82247874""]"
none_subset,4,220869576,207833813,4,953,0,0,0,0,0,0,"[""171159402"", ""155908916"", ""190503853"", ""201065368"", ""202571906"", ""151451581"", ""67839146"", ""209665990"", ""162346539"", ""195502889""]"
none_subset,4,211982172,139357935,38,558,0,0,0,0,0,0,"[""149562058"", ""114655712"", ""198969641"", ""145871617"", ""213992866"", ""144183456"", ""126012999"", ""133301327"", ""109654297"", ""147395238""]"
none_subset,4,225233010,214802477,4,68,0,0,0,0,0,0,"[""210550451"", ""206636227"", ""208780104"", ""194160187"", ""210484477"", ""196167891"", ""191627911"", ""193001991"", ""207726716"", ""214275181""]"
none_subset,4,179073322,149484929,64,12,0,0,0,0,1,1,"[""80281524"", ""188599489"", ""103416735"", ""164025251"", ""156692119"", ""12228373"", ""60032340"", ""202708847"", ""159020740"", ""162661871""]"
none_subset,4,171887554,143825464,37,319,0,0,0,0,0,0,"[""212047029"", ""170049514"", ""134610044"", ""184920959"", ""162977839"", ""188679659"", ""165689309"", ""146818815"", ""186298213"", ""211318715""]"
none_subset,4,218059850,202134853,4,110,0,0,0,0,0,0,"[""191437384"", ""169976903"", ""204310309"", ""195475614"", ""165467719"", ""211170774"", ""214740980"", ""186392648"", ""195893708"", ""204701777""]"
none_subset,4,158743654,131992278,4,216,0,0,0,0,0,0,"[""205277943"", ""75870943"", ""170613385"", ""154444351"", ""153417658"", ""104121894"", ""156440021"", ""66199264"", ""109743783"", ""148023845""]"
none_subset,4,154974237,76747946,64,156,0,0,0,0,0,0,"[""109320323"", ""31017779"", ""95788322"", ""113587141"", ""130875563"", ""91451711"", ""184683737"", ""191000780"", ""160001929"", ""126785773""]"
none_subset,4,120798918,108207501,43,418,0,0,0,0,0,0,"[""189847532"", ""141052560"", ""112069335"", ""52112999"", ""203438993"", ""121314084"", ""210570576"", ""202388962"", ""206381313"", ""124759667""]"
none_subset,4,218711794,179610678,46,6,0,0,0,1,1,1,"[""143182122"", ""195996779"", ""28587929"", ""127266574"", ""212530716"", ""179610678"", ""74840350"", ""147047749"", ""145084375"", ""182136657""]"
none_subset,4,209771338,126298952,64,702,0,0,0,0,0,0,"[""131569653"", ""109320323"", ""143450620"", ""82808529"", ""202713543"", ""21707133"", ""139515295"", ""212485762"", ""210923456"", ""83781866""]"
none_subset,4,216811142,187560968,57,1525,0,0,0,0,0,0,"[""172994991"", ""134898435"", ""204720478"", ""196862481"", ""193699814"", ""107527615"", ""194890179"", ""209048371"", ""199479829"", ""211066095""]"
none_subset,4,206217300,181915374,4,68,0,0,0,0,0,0,"[""164130570"", ""165023261"", ""28937335"", ""202002064"", ""31486566"", ""166156715"", ""79486528"", ""166106900"", ""48830519"", ""167074809""]"
none_subset,4,44794439,50008637,46,2013,0,0,0,0,0,0,"[""136576031"", ""196814702"", ""111956915"", ""77329979"", ""33873883"", ""201909624"", ""132957109"", ""213196140"", ""213225779"", ""158102584""]"
none_subset,4,183039122,153035417,64,611,0,0,0,0,0,0,"[""203544848"", ""211228726"", ""150442809"", ""93630964"", ""124508209"", ""204007990"", ""126992314"", ""200485858"", ""205317332"", ""150835628""]"
none_subset,4,217961343,201925196,46,122,0,0,0,0,0,0,"[""144865911"", ""204759997"", ""210738657"", ""204065707"", ""186568176"", ""207061761"", ""203644944"", ""143077183"", ""213805109"", ""197088021""]"
none_subset,4,211893524,190866330,37,641,0,0,0,0,0,0,"[""139778879"", ""156583528"", ""213026576"", ""201295768"", ""191370500"", ""191630630"", ""188240250"", ""141081466"", ""123259140"", ""183978577""]"
none_subset,4,220165510,204544735,46,1116,0,0,0,0,0,0,"[""194497897"", ""116968490"", ""105064166"", ""213225779"", ""212150567"", ""180874783"", ""208286901"", ""197116987"", ""53638527"", ""171226535""]"
none_subset,4,220275954,119210439,64,170,0,0,0,0,0,0,"[""157803989"", ""44092132"", ""92911620"", ""190786565"", ""126785773"", ""154412302"", ""213581190"", ""22329772"", ""183225423"", ""158242795""]"
none_subset,4,221930753,128022852,38,47,0,0,0,0,0,1,"[""48003015"", ""135905491"", ""153191207"", ""170217678"", ""27784922"", ""187955925"", ""130328247"", ""96696628"", ""149982401"", ""188649450""]"
none_subset,4,186748969,155250171,4,792,0,0,0,0,0,0,"[""176039610"", ""177531279"", ""129435163"", ""144251877"", ""164940716"", ""86878993"", ""159922963"", ""199942377"", ""208642632"", ""142506151""]"
none_subset,4,190801262,84270721,38,141,0,0,0,0,0,0,"[""138606216"", ""174358926"", ""104835682"", ""200330435"", ""169053066"", ""204913338"", ""201577544"", ""173812439"", ""203371728"", ""79792389""]"
none_subset,4,45045424,37161164,64,468,0,0,0,0,0,0,"[""174095805"", ""200236773"", ""148497898"", ""187775788"", ""213362681"", ""196347311"", ""85051125"", ""122369604"", ""211406038"", ""127512781""]"
none_subset,4,224591507,214516118,57,984,0,0,0,0,0,0,"[""197765268"", ""130568371"", ""201469289"", ""167696704"", ""101295733"", ""215562071"", ""176831577"", ""203157936"", ""202526079"", ""105063982""]"
none_subset,4,198848081,99645029,62,753,0,0,0,0,0,0,"[""150070859"", ""52773606"", ""127488091"", ""209579537"", ""117835777"", ""165227647"", ""94546694"", ""143139548"", ""32200239"", ""138120106""]"
none_subset,4,208482752,185153627,64,38,0,0,0,0,0,1,"[""81240114"", ""72224328"", ""142231631"", ""85531879"", ""150123553"", ""179411117"", ""143226636"", ""95788322"", ""131413365"", ""132289907""]"
none_subset,4,158174064,139073104,4,121,0,0,0,0,0,0,"[""174891772"", ""143548483"", ""123613267"", ""108202978"", ""203890372"", ""155621693"", ""137001312"", ""184954811"", ""132723593"", ""82704316""]"
none_subset,4,207873651,212293518,37,70,0,0,0,0,0,0,"[""149248013"", ""141976904"", ""195462928"", ""192418965"", ""206787843"", ""164415171"", ""198314449"", ""155943767"", ""155900040"", ""159129159""]"
none_subset,4,215617466,192772030,62,26,0,0,0,0,1,1,"[""116117359"", ""195900799"", ""211947594"", ""121568505"", ""201810908"", ""214414843"", ""32728587"", ""96821830"", ""75511022"", ""182029851""]"
none_subset,4,222741930,173657990,64,385,0,0,0,0,0,0,"[""95788322"", ""130875563"", ""182224096"", ""55373470"", ""191000780"", ""147948598"", ""126992314"", ""200004707"", ""193734151"", ""171371555""]"
none_subset,4,148097853,124876427,62,864,0,0,0,0,0,0,"[""81077749"", ""198734216"", ""178706930"", ""134618566"", ""211638809"", ""14027620"", ""200747175"", ""209844093"", ""1975349"", ""185409558""]"
none_subset,4,198298738,169253567,64,521,0,0,0,0,0,0,"[""148497898"", ""115580201"", ""201058531"", ""156194814"", ""212293169"", ""15213878"", ""147497927"", ""208220087"", ""194941994"", ""170931595""]"
none_subset,4,190470259,152369852,37,348,0,0,0,0,0,0,"[""179751402"", ""152170362"", ""214708320"", ""188083340"", ""204860223"", ""169228866"", ""191911000"", ""134901665"", ""155883238"", ""188679659""]"
none_subset,4,204257545,168960925,4,2488,0,0,0,0,0,0,"[""214521847"", ""150251115"", ""183252412"", ""194814735"", ""186779159"", ""161499533"", ""210958855"", ""155609514"", ""164284194"", ""201461303""]"
none_subset,4,168232305,143219721,46,239,0,0,0,0,0,0,"[""78390422"", ""13940893"", ""210449055"", ""203161766"", ""76396478"", ""84422038"", ""99228098"", ""188974662"", ""82040536"", ""198522018""]"
none_subset,4,192374914,99824538,38,37,0,0,0,0,0,1,"[""48122067"", ""180533985"", ""119063324"", ""111431777"", ""201994268"", ""206437718"", ""166298317"", ""170764066"", ""202119038"", ""181391982""]"
none_subset,4,174229052,125242387,37,98,0,0,0,0,0,0,"[""72951233"", ""43972733"", ""186429778"", ""17206468"", ""192387012"", ""190075252"", ""190113798"", ""191884055"", ""164415171"", ""188375000""]"
none_subset,4,139698211,119953689,43,670,0,0,0,0,0,0,"[""63103158"", ""212847147"", ""102607958"", ""115572095"", ""101683090"", ""56084025"", ""63099395"", ""159816013"", ""165579849"", ""146763071""]"
none_subset,4,113476119,101710549,37,306,0,0,0,0,0,0,"[""145112155"", ""208900697"", ""208576745"", ""126447640"", ""165689309"", ""122748929"", ""185112282"", ""102099500"", ""184920959"", ""167166017""]"
none_subset,4,150517658,104621823,57,58,0,0,0,0,0,0,"[""168026327"", ""186151702"", ""113626263"", ""135805652"", ""205642823"", ""87360821"", ""188573311"", ""99723323"", ""200892019"", ""213085502""]"
none_subset,4,184787612,156401201,4,29,0,0,0,0,1,1,"[""144811459"", ""207935824"", ""180266107"", ""148526912"", ""105605834"", ""86878993"", ""91321970"", ""140664088"", ""165897952"", ""177486457""]"
none_subset,4,192758748,129435163,4,107,0,0,0,0,0,0,"[""119644839"", ""148281605"", ""212372690"", ""153939423"", ""142553971"", ""23408401"", ""122564854"", ""34047790"", ""29952166"", ""213275113""]"
none_subset,4,77980090,79930613,62,2304,0,0,0,0,0,0,"[""181082260"", ""156677885"", ""139116865"", ""70799922"", ""132774570"", ""97595359"", ""203464534"", ""190695823"", ""87773993"", ""150061205""]"
none_subset,4,224368165,200983413,62,182,0,0,0,0,0,0,"[""163318703"", ""163318709"", ""195545920"", ""200812154"", ""75620137"", ""173885386"", ""196070321"", ""87886557"", ""203772593"", ""213194224""]"
none_subset,4,193642629,148004279,37,763,0,0,0,0,0,0,"[""128177539"", ""212047029"", ""170049514"", ""163644147"", ""61710118"", ""204074550"", ""170879853"", ""199918065"", ""146818815"", ""162977839""]"
none_subset,4,209818213,181059548,64,376,0,0,0,0,0,0,"[""97353101"", ""93630964"", ""187406196"", ""179411117"", ""151821517"", ""43675047"", ""78822988"", ""213581190"", ""126182257"", ""144399371""]"
none_subset,4,222281877,210666920,64,46,0,0,0,0,0,1,"[""210649942"", ""163787427"", ""192179303"", ""211889722"", ""185087026"", ""174719538"", ""147671714"", ""197112426"", ""169931960"", ""203992364""]"
none_subset,4,152546236,130642042,62,4,0,0,1,1,1,1,"[""194843976"", ""156885677"", ""46446514"", ""130642042"", ""135449877"", ""146664101"", ""177326283"", ""176645947"", ""84991316"", ""180324136""]"
none_subset,4,225336523,213295278,38,657,0,0,0,0,0,0,"[""95323314"", ""111085092"", ""120618466"", ""200830087"", ""139494203"", ""127539785"", ""114138676"", ""171949747"", ""141000837"", ""14434511""]"
none_subset,4,117415907,106212567,43,338,0,0,0,0,0,0,"[""101275830"", ""51516713"", ""67021173"", ""97205267"", ""54226204"", ""124169369"", ""195829200"", ""156158793"", ""140922487"", ""57556019""]"
none_subset,4,218502916,202570543,4,10,0,0,0,1,1,1,"[""158205918"", ""131936243"", ""196926090"", ""167937435"", ""195480266"", ""134243031"", ""194689928"", ""204466040"", ""184090522"", ""202570543""]"
none_subset,4,161939843,131664368,57,2351,0,0,0,0,0,0,"[""139534989"", ""161339845"", ""209364645"", ""210450439"", ""210313644"", ""102740841"", ""107833046"", ""82721637"", ""193318201"", ""100944857""]"
none_subset,4,12125768,10199751,38,1313,0,0,0,0,0,0,"[""152095341"", ""74162023"", ""157091884"", ""71896485"", ""167154256"", ""186580987"", ""25706087"", ""63839835"", ""107880171"", ""66259210""]"
none_subset,4,192950031,18519591,4,2238,0,0,0,0,0,0,"[""43073275"", ""117471262"", ""63030233"", ""125829483"", ""153111279"", ""152566280"", ""130299986"", ""128194085"", ""143852845"", ""157710674""]"
none_subset,4,188057870,153434097,57,19,0,0,0,0,1,1,"[""209991023"", ""201949837"", ""179662298"", ""86264024"", ""141989435"", ""82721637"", ""142405798"", ""143158282"", ""139818390"", ""138785776""]"
none_subset,4,216778927,200441050,37,403,0,0,0,0,0,0,"[""92919228"", ""169228866"", ""148896266"", ""204860223"", ""123336704"", ""189652520"", ""152555454"", ""125242387"", ""208576745"", ""179751402""]"
none_subset,4,209487514,123925115,43,74,0,0,0,0,0,0,"[""207051663"", ""190069327"", ""201104864"", ""149017403"", ""142550589"", ""85646132"", ""90293525"", ""193876176"", ""180180313"", ""204479993""]"
none_subset,4,143189949,123314603,46,998,0,0,0,0,0,0,"[""114442083"", ""140861260"", ""172509742"", ""177300409"", ""104638861"", ""78490755"", ""160764333"", ""79060647"", ""169229877"", ""99908438""]"
none_subset,4,30542785,32645292,64,349,0,0,0,0,0,0,"[""58475692"", ""106833257"", ""172848022"", ""166141828"", ""27162317"", ""110198506"", ""94673226"", ""142012440"", ""164183551"", ""139771827""]"
none_subset,4,125925327,110540565,4,117,0,0,0,0,0,0,"[""133033147"", ""112726802"", ""198430694"", ""207122616"", ""204678434"", ""199270520"", ""203341087"", ""66199264"", ""115146729"", ""167442242""]"
none_subset,4,221161508,205365317,4,5,0,0,1,1,1,1,"[""187502252"", ""206172053"", ""207568797"", ""190530648"", ""205365317"", ""138439770"", ""105544053"", ""13245417"", ""197857103"", ""214480072""]"
none_subset,4,195093679,167093379,64,2036,0,0,0,0,0,0,"[""214883521"", ""193870914"", ""122395189"", ""124273952"", ""209791442"", ""153331707"", ""201892870"", ""129130295"", ""190789178"", ""170757529""]"
none_subset,4,185207452,150088912,43,98,0,0,0,0,0,0,"[""57750732"", ""126702260"", ""113199180"", ""204884209"", ""89403432"", ""74505132"", ""154110926"", ""76141967"", ""154156370"", ""192502567""]"
none_subset,4,204829216,204576287,57,101,0,0,0,0,0,0,"[""209269586"", ""206515366"", ""209741084"", ""172998313"", ""209644299"", ""211144080"", ""175714996"", ""161339845"", ""135212557"", ""207816334""]"
none_subset,4,217161478,168008625,38,3,0,1,1,1,1,1,"[""213984936"", ""165798838"", ""168008625"", ""186533660"", ""195156235"", ""194365263"", ""160303868"", ""11921513"", ""215127574"", ""8550716""]"
none_subset,4,18109352,11662511,57,739,0,0,0,0,0,0,"[""121902729"", ""78057939"", ""198668676"", ""110871984"", ""211148392"", ""128122761"", ""62330389"", ""84818159"", ""110170047"", ""201926544""]"
none_subset,4,181734587,144976728,37,71,0,0,0,0,0,0,"[""174852305"", ""157140706"", ""190113798"", ""147751334"", ""25189123"", ""17206468"", ""182254392"", ""180546104"", ""32618321"", ""126554078""]"
none_subset,4,182489679,136685850,38,101,0,0,0,0,0,0,"[""178462865"", ""208225541"", ""193133447"", ""156629865"", ""119135437"", ""158650746"", ""78137458"", ""153191207"", ""136439949"", ""116918686""]"
none_subset,4,137577332,117410846,37,292,0,0,0,0,0,0,"[""145502443"", ""110465452"", ""200025016"", ""150887352"", ""159931625"", ""175146389"", ""169510905"", ""124537731"", ""195375302"", ""93714502""]"
none_subset,4,189957316,160247543,64,586,0,0,0,0,0,0,"[""203509707"", ""153356810"", ""192392140"", ""151134804"", ""187887134"", ""174287144"", ""156229052"", ""191281696"", ""193870914"", ""201298322""]"
none_subset,4,117920506,105652021,57,176,0,0,0,0,0,0,"[""186103660"", ""138406659"", ""163344549"", ""206493285"", ""85175186"", ""211640040"", ""200450069"", ""15301011"", ""205371893"", ""90186991""]"
none_subset,4,210306785,188579852,43,5,0,0,1,1,1,1,"[""182870508"", ""138106208"", ""163900593"", ""151392250"", ""188579852"", ""163505137"", ""179105716"", ""167246303"", ""66867545"", ""105076717""]"
none_subset,4,49475784,49499187,4,76,0,0,0,0,0,0,"[""103376883"", ""36482821"", ""161593927"", ""69840720"", ""203515307"", ""184967461"", ""195648794"", ""190871924"", ""148649464"", ""77682387""]"
none_subset,4,221681530,209156407,43,1693,0,0,0,0,0,0,"[""78516965"", ""197607286"", ""193482080"", ""207753535"", ""188398971"", ""144932091"", ""99720576"", ""205605896"", ""124359099"", ""186403472""]"
none_subset,4,196575776,154163322,46,11,0,0,0,0,1,1,"[""79523323"", ""154698834"", ""113591349"", ""165223697"", ""68978046"", ""194862890"", ""140827649"", ""181905212"", ""185043110"", ""79809742""]"
none_subset,4,125407007,103135887,4,31,0,0,0,0,0,1,"[""206172053"", ""138439770"", ""190530648"", ""187502252"", ""207098872"", ""195539587"", ""199019716"", ""207243454"", ""73205799"", ""13245417""]"
none_subset,4,184242165,146542941,43,930,0,0,0,0,0,0,"[""179261540"", ""160542632"", ""198423070"", ""112544549"", ""88426427"", ""171225061"", ""191630482"", ""152263616"", ""178008108"", ""179880350""]"
none_subset,4,171742724,129452500,37,181,0,0,0,0,0,0,"[""107504819"", ""126405590"", ""136884669"", ""174690214"", ""141505308"", ""60946553"", ""144977452"", ""104959023"", ""208464643"", ""183021602""]"
none_subset,4,96219091,89954196,64,412,0,0,0,0,0,0,"[""193870914"", ""63404553"", ""114420335"", ""198417754"", ""193536959"", ""146946453"", ""155183786"", ""138322181"", ""186761660"", ""151134804""]"
none_subset,4,207037382,182362708,4,96,0,0,0,0,0,0,"[""50763598"", ""44858664"", ""50883863"", ""194446742"", ""144251877"", ""174770035"", ""177466971"", ""194377968"", ""156469871"", ""209700200""]"
none_subset,4,108642962,76074145,37,185,0,0,0,0,0,0,"[""197580749"", ""92247640"", ""206382148"", ""152508279"", ""145706391"", ""43972733"", ""146127372"", ""192142184"", ""149260015"", ""147309436""]"
none_subset,4,207959048,184472730,57,386,0,0,0,0,0,0,"[""206408448"", ""196245087"", ""177610534"", ""113103076"", ""176835551"", ""204658040"", ""202358315"", ""156354080"", ""111600891"", ""195801582""]"
none_subset,4,26729282,25189123,37,13,0,0,0,0,1,1,"[""190113798"", ""125097939"", ""107504819"", ""136895908"", ""160539814"", ""60946553"", ""194699966"", ""141505308"", ""196472154"", ""116006958""]"
none_subset,4,58173335,42842956,37,379,0,0,0,0,0,0,"[""101318206"", ""155606960"", ""51981897"", ""127087324"", ""21423746"", ""134150182"", ""200025016"", ""161632409"", ""152140191"", ""161147605""]"
none_subset,4,224417071,181242432,38,120,0,0,0,0,0,0,"[""201030455"", ""164618247"", ""203692617"", ""198984787"", ""161419745"", ""204694707"", ""73863273"", ""206067851"", ""137272079"", ""76978137""]"
none_subset,4,151725079,128872941,43,44,0,0,0,0,0,1,"[""126702260"", ""204449585"", ""161117276"", ""195408710"", ""153840249"", ""97240353"", ""98581026"", ""180794567"", ""100333045"", ""191248601""]"
none_subset,4,207326571,183542149,4,36,0,0,0,0,0,1,"[""192413607"", ""153979554"", ""200860968"", ""200157160"", ""99199501"", ""134534067"", ""177402240"", ""72373127"", ""175750166"", ""183765728""]"
none_subset,4,211025496,18107447,38,15,0,0,0,0,1,1,"[""151607631"", ""151069586"", ""192992682"", ""96535503"", ""171588996"", ""200830087"", ""160458687"", ""203702170"", ""133136953"", ""138757742""]"
none_subset,4,217030599,82795911,38,381,0,0,0,0,0,0,"[""183401482"", ""113999751"", ""186767110"", ""81220432"", ""128168264"", ""62510663"", ""146217898"", ""206869723"", ""158748191"", ""192587307""]"
none_subset,4,188181546,154236997,43,87,0,0,0,0,0,0,"[""196069283"", ""123633665"", ""210778994"", ""158541186"", ""177067604"", ""214098104"", ""97617721"", ""154766461"", ""148294908"", ""154216019""]"
none_subset,4,73874336,76020654,46,546,0,0,0,0,0,0,"[""176834459"", ""129506623"", ""139912235"", ""76493325"", ""201991995"", ""208605842"", ""160523276"", ""151203538"", ""171801408"", ""188865413""]"
none_subset,4,223336105,201484372,43,459,0,0,0,0,0,0,"[""171833857"", ""159358087"", ""198166094"", ""185822792"", ""145112504"", ""75959067"", ""204399429"", ""155438071"", ""49526180"", ""109495604""]"
none_subset,4,172573588,140685496,57,290,0,0,0,0,0,0,"[""109983619"", ""167001981"", ""113655478"", ""187256807"", ""182367509"", ""57896054"", ""130340352"", ""165671006"", ""127626189"", ""200415629""]"
none_subset,4,207694155,175183352,38,973,0,0,0,0,0,0,"[""209921939"", ""184547134"", ""132005414"", ""169136130"", ""66287825"", ""189931109"", ""182369007"", ""213553012"", ""125066164"", ""151217202""]"
none_subset,4,207447521,183684975,38,1543,0,0,0,0,0,0,"[""213565228"", ""206728210"", ""177206358"", ""130737214"", ""70629467"", ""158164261"", ""202126935"", ""208342286"", ""200734713"", ""94794120""]"
none_subset,4,121281492,101816357,62,54,0,0,0,0,0,0,"[""10132068"", ""86925187"", ""186790061"", ""23907922"", ""79930613"", ""178643278"", ""152364935"", ""63601716"", ""39520749"", ""84336599""]"
none_subset,4,146254725,120966979,64,117,0,0,0,0,0,0,"[""124192379"", ""178043240"", ""136401281"", ""103124712"", ""182762792"", ""203544848"", ""179042698"", ""110345942"", ""198417754"", ""124127139""]"
none_subset,4,224706887,213532039,4,50,0,0,0,0,0,1,"[""210303017"", ""195617414"", ""210469105"", ""165742976"", ""133868832"", ""194758869"", ""199478511"", ""203618170"", ""205917654"", ""205446753""]"
none_subset,4,178855451,137171317,46,679,0,0,0,0,0,0,"[""176834459"", ""114442083"", ""151203538"", ""152763272"", ""118684332"", ""45769216"", ""174549866"", ""84439889"", ""172509742"", ""50541291""]"
none_subset,4,217105883,81054083,64,785,0,0,0,0,0,0,"[""129093190"", ""92189436"", ""53453982"", ""128217933"", ""193072604"", ""157803989"", ""147899970"", ""201298322"", ""190786565"", ""146887481""]"
none_subset,4,176809832,145961457,38,87,0,0,0,0,0,0,"[""175183352"", ""189303189"", ""209064279"", ""150167398"", ""183904957"", ""192975911"", ""112613741"", ""118242163"", ""74328058"", ""132991311""]"
none_subset,4,131680025,116100429,46,765,0,0,0,0,0,0,"[""194051265"", ""136576031"", ""213196140"", ""99908438"", ""132957109"", ""172509742"", ""32062492"", ""177872819"", ""77329979"", ""6346575""]"
none_subset,4,70823902,74505132,43,740,0,0,0,0,0,0,"[""133220748"", ""204449585"", ""120188232"", ""78343862"", ""153840249"", ""180465465"", ""175717483"", ""150794676"", ""172946257"", ""126851290""]"
none_subset,4,193646776,165824431,37,1,1,1,1,1,1,1,"[""165824431"", ""73910372"", ""190511714"", ""184297463"", ""33563950"", ""209172335"", ""201742088"", ""200774626"", ""191434197"", ""174101143""]"
none_subset,4,198154959,165953966,46,192,0,0,0,0,0,0,"[""105064166"", ""21000985"", ""160110731"", ""143689220"", ""193559506"", ""92989081"", ""157884203"", ""139649558"", ""165756140"", ""194811856""]"
none_subset,4,210635666,160101192,38,1453,0,0,0,0,0,0,"[""215150803"", ""200830087"", ""38003672"", ""123220669"", ""183569499"", ""202182110"", ""163524272"", ""111085092"", ""18107447"", ""201541368""]"
none_subset,4,207875176,183998344,64,159,0,0,0,0,0,0,"[""194242273"", ""87718318"", ""201344830"", ""94863968"", ""155213340"", ""167094250"", ""193656471"", ""114420335"", ""186122058"", ""192225398""]"
none_subset,4,92271469,31486566,4,125,0,0,0,0,0,0,"[""27693819"", ""119654700"", ""50883863"", ""90931027"", ""72626014"", ""195895955"", ""169697872"", ""152685161"", ""188761133"", ""197294044""]"
none_subset,4,69301721,67476398,43,1691,0,0,0,0,0,0,"[""136615619"", ""132793063"", ""153591399"", ""190817400"", ""144463129"", ""169890454"", ""124512787"", ""204891079"", ""183255762"", ""181162961""]"
none_subset,4,181215991,153410659,4,23,0,0,0,0,1,1,"[""202571906"", ""185360306"", ""205600080"", ""208780104"", ""191316160"", ""151451581"", ""160129846"", ""188074441"", ""186079283"", ""195744792""]"
none_subset,4,214070603,194734082,62,811,0,0,0,0,0,0,"[""212901239"", ""127168363"", ""206927728"", ""131320559"", ""187877499"", ""144501764"", ""144002826"", ""205145270"", ""21766299"", ""192772254""]"
none_subset,4,139917419,114685239,43,337,0,0,0,0,0,0,"[""164550665"", ""162972233"", ""185848749"", ""139778348"", ""102672595"", ""192944095"", ""106212567"", ""158317587"", ""183691121"", ""190006266""]"
none_subset,4,189618304,147755307,64,77,0,0,0,0,0,0,"[""183047062"", ""144073843"", ""32252174"", ""85660594"", ""26914040"", ""73537331"", ""152603802"", ""60260391"", ""210444502"", ""181149251""]"
none_subset,4,223485420,203454842,43,312,0,0,0,0,0,0,"[""95818019"", ""201006052"", ""193992249"", ""185196782"", ""153170090"", ""178833613"", ""111684767"", ""191583920"", ""204449585"", ""215513285""]"
none_subset,4,168169889,78642212,37,499,0,0,0,0,0,0,"[""161194648"", ""103432765"", ""126447640"", ""169799464"", ""160929058"", ""169799265"", ""184899990"", ""183797214"", ""155900040"", ""150316929""]"
none_subset,4,162364932,106343634,43,2315,0,0,0,0,0,0,"[""155678818"", ""67021588"", ""188810945"", ""75839915"", ""141669650"", ""102607958"", ""75839769"", ""207851646"", ""159816013"", ""143317431""]"
none_subset,4,218839915,202818209,4,1614,0,0,0,0,0,0,"[""169697872"", ""126576121"", ""150204940"", ""98834359"", ""180266107"", ""174770035"", ""100007550"", ""42368928"", ""180063242"", ""151009561""]"
none_subset,4,135611244,108051613,64,694,0,0,0,0,0,0,"[""145970325"", ""204286460"", ""206213762"", ""160006498"", ""154338417"", ""215021282"", ""138404501"", ""133169923"", ""168897618"", ""171442385""]"
none_subset,4,174172764,143139548,62,586,0,0,0,0,0,0,"[""125457528"", ""182479029"", ""214110785"", ""72763415"", ""211690905"", ""212334345"", ""132102628"", ""173383036"", ""108780050"", ""148871348""]"
none_subset,4,193288803,165910240,4,1663,0,0,0,0,0,0,"[""190503853"", ""207097865"", ""190079873"", ""195973920"", ""197090565"", ""207143420"", ""151451581"", ""186079283"", ""191316160"", ""190777127""]"
none_subset,4,181708531,150920816,4,10,0,0,0,1,1,1,"[""185880119"", ""194142299"", ""192424356"", ""130299986"", ""160037231"", ""199921056"", ""196849929"", ""157367139"", ""146249483"", ""150920816""]"
none_subset,4,225333666,108214208,46,1216,0,0,0,0,0,0,"[""110268464"", ""194811856"", ""201215254"", ""172518234"", ""139649558"", ""158946684"", ""119695215"", ""201048648"", ""212767225"", ""68978046""]"
none_subset,4,207589915,183295863,43,22,0,0,0,0,1,1,"[""205605896"", ""141417624"", ""147117418"", ""213210833"", ""186403472"", ""87001748"", ""188398971"", ""78516965"", ""207753535"", ""193482080""]"
none_subset,4,175289913,145402193,62,208,0,0,0,0,0,0,"[""106557292"", ""123665712"", ""136886323"", ""63080448"", ""190418447"", ""110202670"", ""73563944"", ""114451811"", ""195842978"", ""86925187""]"
none_subset,4,221725055,204086663,4,13,0,0,0,0,1,1,"[""191301984"", ""208424495"", ""206947052"", ""208055757"", ""186392648"", ""213568542"", ""199379224"", ""204202021"", ""174589045"", ""207985124""]"
none_subset,4,140509426,123537400,43,495,0,0,0,0,0,0,"[""134165279"", ""203191672"", ""158859358"", ""184705867"", ""171866283"", ""151416547"", ""89041795"", ""205947664"", ""129483238"", ""206735419""]"
none_subset,4,143006205,121639115,38,1772,0,0,0,0,0,0,"[""98186259"", ""198984787"", ""89552272"", ""201030455"", ""161419745"", ""122560021"", ""182704194"", ""67490532"", ""193252013"", ""171755799""]"
none_subset,4,173539915,106919910,46,45,0,0,0,0,0,1,"[""135652658"", ""138809171"", ""9347442"", ""7135475"", ""178086628"", ""211533002"", ""111167454"", ""214160095"", ""195780279"", ""170235414""]"
none_subset,4,207681795,183858161,4,2576,0,0,0,0,0,0,"[""158581056"", ""77682387"", ""176599974"", ""153876637"", ""207421525"", ""186775950"", ""122758097"", ""185967985"", ""161615770"", ""215452386""]"
none_subset,4,84666016,79487599,38,424,0,0,0,0,0,0,"[""181391982"", ""206277956"", ""111431777"", ""201994268"", ""82057494"", ""104770507"", ""48122067"", ""100394086"", ""116558662"", ""141804705""]"
none_subset,4,218410318,198339576,57,15,0,0,0,0,1,1,"[""189624094"", ""209164848"", ""211114221"", ""215231413"", ""129832910"", ""182623124"", ""168668833"", ""210472448"", ""198700939"", ""203365566""]"
none_subset,4,222881169,211601112,43,1124,0,0,0,0,0,0,"[""120188232"", ""133220748"", ""182081124"", ""27781370"", ""176978968"", ""194855616"", ""126851290"", ""166329703"", ""185419010"", ""143371562""]"
none_subset,4,30460453,27886169,57,34,0,0,0,0,0,1,"[""201144087"", ""12178696"", ""180470536"", ""85942447"", ""66374860"", ""180417908"", ""15301011"", ""86194826"", ""171903975"", ""113082402""]"
none_subset,4,209663181,187096708,4,478,0,0,0,0,0,0,"[""183252412"", ""186779159"", ""193843184"", ""186930348"", ""183690665"", ""184022783"", ""201461303"", ""190161584"", ""188509360"", ""153928357""]"
none_subset,4,174792946,141087005,38,2069,0,0,0,0,0,0,"[""64731721"", ""118659816"", ""111373874"", ""147242050"", ""70632567"", ""155012065"", ""124411174"", ""209330718"", ""188228397"", ""189460577""]"
none_subset,4,224895620,212906250,62,2086,0,0,0,0,0,0,"[""209579537"", ""156239354"", ""128732740"", ""72010081"", ""128533237"", ""206707770"", ""152444456"", ""59483405"", ""143139548"", ""195044493""]"
none_subset,4,213176528,193006708,62,16,0,0,0,0,1,1,"[""191211417"", ""185606507"", ""124000667"", ""179064472"", ""211070786"", ""196478095"", ""194473155"", ""183508594"", ""192447937"", ""178530215""]"
none_subset,4,206562248,180936569,4,1338,0,0,0,0,0,0,"[""160129846"", ""178139392"", ""188074441"", ""73825216"", ""117471262"", ""192424356"", ""153928357"", ""202571906"", ""189901460"", ""192331154""]"
none_subset,4,66843934,72626014,4,85,0,0,0,0,0,0,"[""99472535"", ""77968334"", ""126889201"", ""70921117"", ""137934343"", ""194377968"", ""44842674"", ""56134226"", ""186220965"", ""201066421""]"
none_subset,4,60088613,61834333,62,663,0,0,0,0,0,0,"[""72763415"", ""125457528"", ""137665706"", ""162263431"", ""70069885"", ""193136181"", ""180001774"", ""137201594"", ""89597505"", ""214190134""]"
none_subset,4,124442497,98571285,64,144,0,0,0,0,0,0,"[""68788331"", ""159354842"", ""150390573"", ""152212755"", ""110653495"", ""70397289"", ""130210660"", ""182760446"", ""188536293"", ""138404501""]"
none_subset,4,190839371,155360700,64,78,0,0,0,0,0,0,"[""80098795"", ""90897593"", ""186122058"", ""147984435"", ""46094230"", ""187708913"", ""97428675"", ""193984019"", ""186850320"", ""114420335""]"
none_subset,4,218856479,201961238,46,321,0,0,0,0,0,0,"[""191070592"", ""211380085"", ""180613841"", ""205635929"", ""187714756"", ""177423877"", ""132534712"", ""137783132"", ""208649860"", ""162330233""]"
none_subset,4,222643927,200883540,43,228,0,0,0,0,0,0,"[""201230840"", ""104021362"", ""122714725"", ""191423965"", ""186513838"", ""157655830"", ""177166442"", ""162160284"", ""177635781"", ""205822080""]"
none_subset,4,62668453,43248546,62,145,0,0,0,0,0,0,"[""192396971"", ""25260455"", ""195015114"", ""190708058"", ""175893857"", ""57861067"", ""132102628"", ""212334345"", ""158763261"", ""74594625""]"
none_subset,4,184230274,151064154,64,530,0,0,0,0,0,0,"[""46094230"", ""80281524"", ""186122058"", ""25588585"", ""168668432"", ""167158322"", ""159020740"", ""60032340"", ""63404553"", ""144339648""]"
none_subset,4,170473770,142088856,57,2624,0,0,0,0,0,0,"[""215562071"", ""213078674"", ""130568371"", ""111557041"", ""165054297"", ""201469289"", ""124368240"", ""101295733"", ""112904586"", ""82248629""]"
none_subset,4,203340424,150950507,37,1,1,1,1,1,1,1,"[""150950507"", ""205328844"", ""51749408"", ""209794141"", ""147309436"", ""143865659"", ""96678439"", ""201505284"", ""182489418"", ""157252149""]"
none_subset,4,199389071,163402666,43,427,0,0,0,0,0,0,"[""75083855"", ""134678718"", ""126470047"", ""15648138"", ""75802625"", ""194500859"", ""122820009"", ""213210833"", ""147117418"", ""164991678""]"
none_subset,4,220589904,125083388,57,1040,0,0,0,0,0,0,"[""160823099"", ""47987945"", ""84818159"", ""110871984"", ""110548220"", ""129568269"", ""211148392"", ""78057939"", ""201926544"", ""36692830""]"
none_subset,4,151568193,130806896,37,291,0,0,0,0,0,0,"[""207913496"", ""213639953"", ""204790995"", ""140706897"", ""157270034"", ""162275547"", ""84416822"", ""195301608"", ""204151797"", ""159020956""]"
none_subset,4,136989307,110288630,43,968,0,0,0,0,0,0,"[""159960194"", ""78271168"", ""126702260"", ""192784424"", ""193103331"", ""135474915"", ""138958806"", ""127671411"", ""121165459"", ""101683090""]"
none_subset,4,218056967,199424998,57,315,0,0,0,0,0,0,"[""202655316"", ""155345748"", ""145955425"", ""193981972"", ""210969230"", ""200193952"", ""210580310"", ""210440269"", ""207134458"", ""202358315""]"
none_subset,4,172591982,132868443,64,382,0,0,0,0,0,0,"[""32252174"", ""155183786"", ""67998486"", ""73923102"", ""143686140"", ""182762792"", ""108096010"", ""179521185"", ""173526297"", ""193536959""]"
none_subset,4,201836453,172313882,57,123,0,0,0,0,0,0,"[""179056181"", ""14421433"", ""166577199"", ""203796300"", ""102144770"", ""138876045"", ""187256807"", ""203551296"", ""103317928"", ""57896054""]"
none_subset,4,68003263,73501307,62,325,0,0,0,0,0,0,"[""106557292"", ""94546694"", ""152815967"", ""110202670"", ""97195771"", ""123665712"", ""82871684"", ""210678182"", ""98255078"", ""188189839""]"
none_subset,4,211109558,184383180,43,248,0,0,0,0,0,0,"[""163286400"", ""157682449"", ""149017403"", ""112624655"", ""178871976"", ""204821849"", ""157995027"", ""202516482"", ""172028249"", ""192578315""]"
none_subset,4,212622062,147554849,64,112,0,0,0,0,0,0,"[""160006498"", ""84069250"", ""188442124"", ""114231099"", ""156281163"", ""128617251"", ""189932460"", ""155116255"", ""183213131"", ""47318174""]"
none_subset,4,222260160,180280221,57,40,0,0,0,0,0,1,"[""210193690"", ""198496404"", ""195410736"", ""210561069"", ""179747268"", ""211386571"", ""211475673"", ""211144080"", ""210840925"", ""180952132""]"
none_subset,4,77174414,75061598,62,864,0,0,0,0,0,0,"[""25260455"", ""140609707"", ""32645477"", ""172904337"", ""108092106"", ""190708058"", ""119625316"", ""140687112"", ""154422217"", ""200582902""]"
none_subset,4,168909992,67839146,4,761,0,0,0,0,0,0,"[""98834359"", ""100007550"", ""146628629"", ""87832508"", ""151519381"", ""113622434"", ""200691824"", ""187230625"", ""55380045"", ""156661425""]"
none_subset,4,175122358,143506887,46,557,0,0,0,0,0,0,"[""211987120"", ""179440577"", ""215428176"", ""208458622"", ""210582711"", ""212013801"", ""204484014"", ""208503568"", ""204919891"", ""209947567""]"
none_subset,4,189874544,159723912,38,618,0,0,0,0,0,0,"[""127571400"", ""193054363"", ""156263699"", ""122514493"", ""171890242"", ""148230390"", ""161128754"", ""182664472"", ""83459172"", ""126884451""]"
none_subset,4,171071618,129522432,46,1011,0,0,0,0,0,0,"[""127761298"", ""138718760"", ""170560461"", ""140861260"", ""175049394"", ""131931084"", ""135930767"", ""160764333"", ""74936221"", ""99580799""]"
none_subset,4,191924106,157289534,43,21,0,0,0,0,1,1,"[""127321663"", ""18269900"", ""207021897"", ""188561727"", ""214285576"", ""186549940"", ""5568612"", ""114163759"", ""162612749"", ""198489911""]"
none_subset,4,206362413,172681042,46,2625,0,0,0,0,0,0,"[""211267103"", ""77995654"", ""169485140"", ""104127006"", ""203281173"", ""207585798"", ""210288248"", ""168027657"", ""174530579"", ""79988383""]"
none_subset,4,201633160,161849641,43,24,0,0,0,0,1,1,"[""203668670"", ""162612749"", ""118255723"", ""148801479"", ""199268133"", ""151666642"", ""50642607"", ""203487722"", ""64515020"", ""82996098""]"
none_subset,4,95542639,84315130,64,437,0,0,0,0,0,0,"[""203544848"", ""201421429"", ""80281524"", ""147554849"", ""79234720"", ""159020740"", ""109321941"", ""128617251"", ""105652723"", ""183213131""]"
none_subset,4,214369799,195227005,64,527,0,0,0,0,0,0,"[""143686140"", ""189988059"", ""67792301"", ""158075100"", ""132691040"", ""190411702"", ""124461680"", ""111626622"", ""151140876"", ""149793006""]"
none_subset,4,174471635,145768091,38,207,0,0,0,0,0,0,"[""127539785"", ""110664117"", ""214394715"", ""189593063"", ""191338884"", ""150241983"", ""140048877"", ""154112907"", ""75182035"", ""179876069""]"
none_subset,4,135257569,112322089,43,46,0,0,0,0,0,1,"[""163505137"", ""201334790"", ""171140458"", ""124643121"", ""154237024"", ""86466727"", ""204664629"", ""183255762"", ""171665125"", ""128249636""]"
none_subset,4,130636449,114160813,4,708,0,0,0,0,0,0,"[""27693819"", ""207097865"", ""176566249"", ""209124215"", ""190777127"", ""73205799"", ""190079873"", ""78155271"", ""182361800"", ""181054833""]"
none_subset,4,15177212,7603895,38,1680,0,0,0,0,0,0,"[""133136953"", ""203702170"", ""171588996"", ""151607631"", ""89532322"", ""79372963"", ""108421334"", ""37809434"", ""55870666"", ""350786""]"
none_subset,4,52603642,31883136,4,341,0,0,0,0,0,0,"[""100007550"", ""157040034"", ""151009561"", ""185905613"", ""87832508"", ""133755220"", ""154444351"", ""189401835"", ""181278700"", ""118938903""]"
none_subset,4,181183071,145455711,62,1982,0,0,0,0,0,0,"[""208335318"", ""172331495"", ""20863003"", ""198271640"", ""65823014"", ""195501951"", ""112033521"", ""150060889"", ""74242439"", ""199527738""]"
none_subset,4,142920094,124997135,46,2018,0,0,0,0,0,0,"[""194795218"", ""194933430"", ""84381800"", ""197859726"", ""105318716"", ""205037941"", ""158174177"", ""84550918"", ""168865619"", ""212809187""]"
none_subset,4,221966322,210148578,57,4,0,0,1,1,1,1,"[""210472448"", ""206066236"", ""189762370"", ""210148578"", ""203585740"", ""200031767"", ""209164848"", ""129142528"", ""188906002"", ""143756747""]"
none_subset,4,210311625,188128198,64,49,0,0,0,0,0,1,"[""187708913"", ""181619566"", ""90897593"", ""60032340"", ""194941994"", ""80281524"", ""128607088"", ""56995363"", ""115621700"", ""19607163""]"
none_subset,4,208642516,181658560,4,357,0,0,0,0,0,0,"[""117471262"", ""190161584"", ""160129846"", ""178139392"", ""153928357"", ""191909632"", ""188074441"", ""191214295"", ""200963901"", ""182794391""]"
none_subset,4,210355887,159111889,4,74,0,0,0,0,0,0,"[""139852579"", ""184587206"", ""120663751"", ""148281605"", ""150679730"", ""12396291"", ""138975756"", ""149095048"", ""149599673"", ""122594682""]"
none_subset,4,195643138,153364732,38,2256,0,0,0,0,0,0,"[""156645031"", ""139423553"", ""149292121"", ""145768091"", ""67490532"", ""183401482"", ""104506104"", ""171909035"", ""171949747"", ""128168264""]"
none_subset,4,218562162,203803641,37,496,0,0,0,0,0,0,"[""123971162"", ""175852737"", ""208141913"", ""195908286"", ""209154292"", ""201649016"", ""186811713"", ""202227327"", ""182640683"", ""213318077""]"
none_subset,4,193209414,150433252,37,1113,0,0,0,0,0,0,"[""17206468"", ""153562476"", ""159931342"", ""125097939"", ""78795109"", ""186429778"", ""202778075"", ""163474582"", ""190113798"", ""88534873""]"
none_subset,4,215148607,192456013,37,23,0,0,0,0,1,1,"[""191538851"", ""201649016"", ""186811713"", ""199287233"", ""193730114"", ""190070434"", ""206302770"", ""209154292"", ""213637743"", ""211802210""]"
none_subset,4,82009373,82732179,38,359,0,0,0,0,0,0,"[""128745438"", ""48122067"", ""201994268"", ""170764066"", ""52880307"", ""172844872"", ""180533985"", ""196412654"", ""165078139"", ""154434048""]"
none_subset,4,225168942,203537664,4,1,1,1,1,1,1,1,"[""203537664"", ""168012970"", ""211027940"", ""184090522"", ""17083624"", ""105240256"", ""158205918"", ""134498953"", ""202372205"", ""182903930""]"
none_subset,4,110842833,100829470,64,541,0,0,0,0,0,0,"[""209726301"", ""193656471"", ""191790077"", ""128617251"", ""91130206"", ""191930990"", ""207795709"", ""211861347"", ""193738837"", ""129348881""]"
none_subset,4,201091097,171087357,38,354,0,0,0,0,0,0,"[""145871617"", ""147913145"", ""112658377"", ""112389064"", ""117957932"", ""130421231"", ""149562058"", ""148360645"", ""115216449"", ""125139020""]"
none_subset,4,180275335,126534292,43,1138,0,0,0,0,0,0,"[""188409353"", ""200253605"", ""182726743"", ""197580291"", ""148142665"", ""197634421"", ""87755269"", ""139853041"", ""122715243"", ""191134295""]"
none_subset,4,207552622,183766098,43,37,0,0,0,0,0,1,"[""188577365"", ""201905433"", ""196286515"", ""180157887"", ""192493949"", ""210561607"", ""207323334"", ""185851616"", ""202632009"", ""192741559""]"
none_subset,4,215096062,194235169,57,65,0,0,0,0,0,0,"[""41397459"", ""120012296"", ""207389160"", ""195463073"", ""180192975"", ""77758551"", ""180305305"", ""202980559"", ""90594496"", ""112917444""]"
none_subset,4,212439645,206673825,46,67,0,0,0,0,0,0,"[""172696525"", ""162507293"", ""81506359"", ""163043438"", ""172082320"", ""212429674"", ""138623154"", ""203677273"", ""110594662"", ""53547017""]"
none_subset,4,221703068,173447641,64,17,0,0,0,0,1,1,"[""200974603"", ""209697377"", ""169353292"", ""201240967"", ""211171973"", ""211309611"", ""171898096"", ""56833135"", ""209768449"", ""199877052""]"
none_subset,4,176526310,143605523,57,180,0,0,0,0,0,0,"[""125339147"", ""200462582"", ""200450069"", ""128512946"", ""122408162"", ""205371893"", ""113539802"", ""99228573"", ""86771304"", ""95852954""]"
none_subset,4,189188950,160181087,37,1432,0,0,0,0,0,0,"[""23924949"", ""143946320"", ""169268977"", ""183777475"", ""121116115"", ""117410846"", ""192387012"", ""126554078"", ""148592059"", ""152140191""]"
none_subset,4,225328238,214733871,4,158,0,0,0,0,0,0,"[""190229699"", ""186900944"", ""210965026"", ""91474084"", ""193843184"", ""202485351"", ""69179728"", ""188882555"", ""200860968"", ""44331632""]"
none_subset,4,168011617,139490116,43,2583,0,0,0,0,0,0,"[""210940174"", ""132793063"", ""193313194"", ""143989763"", ""196291255"", ""151416547"", ""121864251"", ""70425482"", ""136615619"", ""144482097""]"
none_subset,4,215899991,168105869,38,993,0,0,0,0,0,0,"[""23348079"", ""154107984"", ""8550716"", ""146217898"", ""122392168"", ""101699801"", ""155332547"", ""100758724"", ""102778559"", ""188963004""]"
none_subset,4,187060472,118284407,64,19,0,0,0,0,1,1,"[""204824313"", ""179201033"", ""194094670"", ""60032340"", ""149715107"", ""109321941"", ""162661871"", ""114607994"", ""62550428"", ""138800320""]"
none_subset,4,199521963,173374144,4,739,0,0,0,0,0,0,"[""209607188"", ""165467719"", ""213275113"", ""142553971"", ""98076075"", ""76515539"", ""23408401"", ""30017242"", ""198070526"", ""114633318""]"
none_subset,4,141423267,120893128,37,8,0,0,0,1,1,1,"[""149498553"", ""161632409"", ""58893791"", ""66740441"", ""29496516"", ""173034966"", ""183023489"", ""120893128"", ""152762226"", ""109130798""]"
none_subset,4,190661639,163146833,37,511,0,0,0,0,0,0,"[""127087324"", ""149498553"", ""159707679"", ""183251892"", ""99494874"", ""210502009"", ""102688777"", ""21423746"", ""151941209"", ""183552543""]"
none_subset,4,181361798,143875665,43,113,0,0,0,0,0,0,"[""171948652"", ""132451666"", ""193581474"", ""144751910"", ""158538239"", ""183225705"", ""210221001"", ""210037205"", ""201736764"", ""150459085""]"
none_subset,4,224077867,206921287,46,1137,0,0,0,0,0,0,"[""202553191"", ""136320022"", ""161007649"", ""174610357"", ""109531052"", ""109632736"", ""170987455"", ""205184298"", ""211028341"", ""166651253""]"
none_subset,4,152683770,127047625,43,603,0,0,0,0,0,0,"[""101275830"", ""146898856"", ""87877269"", ""214850326"", ""140922487"", ""130448492"", ""51516713"", ""97205267"", ""68189198"", ""94325948""]"
none_subset,4,216016642,170416318,64,407,0,0,0,0,0,0,"[""193134463"", ""159354842"", ""110653495"", ""110345942"", ""62091212"", ""165423791"", ""195252134"", ""162186284"", ""54856875"", ""120186615""]"
none_subset,4,60102779,64725135,62,235,0,0,0,0,0,0,"[""145492438"", ""147831197"", ""4357432"", ""81266882"", ""212966939"", ""70069885"", ""45997741"", ""15723967"", ""53450905"", ""114526627""]"
none_subset,4,213455053,190308923,64,1707,0,0,0,0,0,0,"[""193870914"", ""122395189"", ""116370931"", ""209791442"", ""191305321"", ""198047155"", ""170912580"", ""209176271"", ""79233838"", ""162186284""]"
none_subset,4,192031219,143134097,37,1499,0,0,0,0,0,0,"[""191892681"", ""153610553"", ""154120842"", ""198314449"", ""146869816"", ""107567745"", ""92919228"", ""206564103"", ""178052969"", ""204420256""]"
none_subset,4,222675305,211141745,46,35,0,0,0,0,0,1,"[""210498678"", ""209482743"", ""207227762"", ""171636556"", ""201436985"", ""210856802"", ""212261718"", ""212730825"", ""208719036"", ""208956852""]"
none_subset,4,223970896,201593808,46,205,0,0,0,0,0,0,"[""130390168"", ""162783785"", ""195661570"", ""31480171"", ""209175470"", ""207173393"", ""167116086"", ""173106990"", ""132033042"", ""113117731""]"
none_subset,4,191904523,87987044,43,304,0,0,0,0,0,0,"[""160058303"", ""164285938"", ""177067604"", ""154216019"", ""210570556"", ""136644867"", ""154766461"", ""123633665"", ""77936758"", ""179054743""]"
none_subset,4,220147780,204264183,43,2,0,1,1,1,1,1,"[""205021454"", ""204264183"", ""199927468"", ""132072123"", ""204361588"", ""52880574"", ""166301530"", ""199822165"", ""205346867"", ""209622362""]"
none_subset,4,207294174,124648849,64,621,0,0,0,0,0,0,"[""151526168"", ""161612772"", ""208220087"", ""191437806"", ""148497898"", ""68685146"", ""53527257"", ""174095805"", ""71813245"", ""160493101""]"
none_subset,4,61090990,64528586,38,476,0,0,0,0,0,0,"[""215127574"", ""211427284"", ""111639650"", ""186533660"", ""195156235"", ""156904280"", ""168008625"", ""165798838"", ""126776975"", ""149389681""]"
none_subset,4,222031920,210169790,4,2,0,1,1,1,1,1,"[""75386523"", ""210169790"", ""164949793"", ""169433916"", ""90951087"", ""171026892"", ""166377219"", ""82267423"", ""111047550"", ""88061241""]"
none_subset,4,200281730,146978431,43,19,0,0,0,0,1,1,"[""66867545"", ""182870508"", ""179105716"", ""100215754"", ""197607286"", ""197613208"", ""194562683"", ""40866643"", ""195408710"", ""66709739""]"
none_subset,4,188545297,159881542,57,1,1,1,1,1,1,1,"[""159881542"", ""27828345"", ""51949929"", ""195801582"", ""120012296"", ""195463073"", ""41397459"", ""207389160"", ""117615208"", ""152213594""]"
none_subset,4,225336220,213493571,37,867,0,0,0,0,0,0,"[""158117230"", ""188967908"", ""156094427"", ""120893128"", ""152762226"", ""29496516"", ""201751423"", ""185636932"", ""180932797"", ""202547182""]"
none_subset,4,222464033,209731990,57,41,0,0,0,0,0,1,"[""209726587"", ""210472458"", ""201084593"", ""210148547"", ""205233758"", ""184846697"", ""208607371"", ""202119079"", ""203550692"", ""212895565""]"
none_subset,4,173202397,143762098,4,167,0,0,0,0,0,0,"[""152566280"", ""130299986"", ""160037231"", ""153111279"", ""150920816"", ""125829483"", ""196176687"", ""153991203"", ""115442302"", ""117471262""]"
none_subset,4,200110560,139423553,38,1299,0,0,0,0,0,0,"[""165955684"", ""138465835"", ""98477697"", ""176883176"", ""133939663"", ""151607631"", ""179244626"", ""74273124"", ""193393909"", ""185682289""]"
none_subset,4,222576969,205486444,4,200,0,0,0,0,0,0,"[""184322806"", ""211858811"", ""203466268"", ""201066059"", ""210550451"", ""196026500"", ""215237393"", ""211170774"", ""188406861"", ""198087841""]"
none_subset,4,201861045,163827058,43,347,0,0,0,0,0,0,"[""141417624"", ""70425482"", ""136615619"", ""144482097"", ""147117418"", ""151416547"", ""144463129"", ""75462011"", ""113309612"", ""208265800""]"
none_subset,4,143066951,123461456,4,410,0,0,0,0,0,0,"[""143852845"", ""77770612"", ""117771611"", ""103497899"", ""154203183"", ""191561303"", ""184721384"", ""180940683"", ""143548483"", ""137001312""]"
none_subset,4,222295119,210698206,46,21,0,0,0,0,1,1,"[""139629122"", ""83762138"", ""201469244"", ""138107923"", ""170637462"", ""134421881"", ""209162282"", ""109562038"", ""144208600"", ""142607225""]"
none_subset,4,127107551,81216321,46,61,0,0,0,0,0,0,"[""213234426"", ""81754384"", ""153467283"", ""138254448"", ""108645014"", ""207308677"", ""209924661"", ""79694314"", ""52432861"", ""45375287""]"
none_subset,4,206629394,181731983,46,12,0,0,0,0,1,1,"[""170987455"", ""162441399"", ""210498678"", ""174610357"", ""109531052"", ""161007649"", ""78566379"", ""202553191"", ""101322569"", ""211028341""]"
none_subset,4,217316035,201461478,37,794,0,0,0,0,0,0,"[""210226726"", ""205300777"", ""82620936"", ""210502009"", ""116930061"", ""116929460"", ""113148033"", ""194374377"", ""201576605"", ""196862128""]"
none_subset,4,184697794,156295124,37,1266,0,0,0,0,0,0,"[""153205116"", ""166075041"", ""121116115"", ""170049514"", ""212047029"", ""119637829"", ""176184502"", ""147794006"", ""16898206"", ""187812442""]"
none_subset,4,217902820,202548043,64,259,0,0,0,0,0,0,"[""121322111"", ""211959757"", ""166840834"", ""168668432"", ""186122058"", ""192550031"", ""199310873"", ""194031832"", ""165038599"", ""211882934""]"
none_subset,4,186431322,155610275,46,53,0,0,0,0,0,0,"[""155017018"", ""170915583"", ""193559506"", ""193636178"", ""197454401"", ""131951922"", ""180804264"", ""192342929"", ""193467718"", ""214989922""]"
none_subset,4,224935909,46549636,38,373,0,0,0,0,0,0,"[""186767110"", ""192587307"", ""163758025"", ""46449031"", ""177165475"", ""188214883"", ""177027866"", ""156424467"", ""44097793"", ""81220432""]"
none_subset,4,184281490,155589050,38,180,0,0,0,0,0,0,"[""139494203"", ""151180760"", ""120618466"", ""196304269"", ""158118726"", ""95323314"", ""145871617"", ""161495460"", ""163524272"", ""169063398""]"
none_subset,4,223929742,213067554,37,101,0,0,0,0,0,0,"[""123971162"", ""190070434"", ""191257187"", ""206299844"", ""206302770"", ""201649016"", ""193730114"", ""195908286"", ""131800445"", ""180787570""]"
none_subset,4,224919001,83383823,43,386,0,0,0,0,0,0,"[""104265595"", ""67063550"", ""66867545"", ""37520314"", ""138106208"", ""121261536"", ""124359099"", ""48032933"", ""68949275"", ""188398971""]"
none_subset,4,118506459,105678196,46,2045,0,0,0,0,0,0,"[""168366663"", ""71210763"", ""164719903"", ""209621390"", ""162264344"", ""137353337"", ""204632637"", ""204650950"", ""208811097"", ""203171500""]"
none_subset,4,222787137,211475169,37,163,0,0,0,0,0,0,"[""213318077"", ""212381569"", ""185998993"", ""107367982"", ""171761243"", ""123971162"", ""212381571"", ""191131185"", ""203446133"", ""134528240""]"
none_subset,4,213433089,192191594,38,106,0,0,0,0,0,0,"[""172110259"", ""161064776"", ""192884067"", ""11921513"", ""156294997"", ""113456040"", ""157714512"", ""193949384"", ""127107925"", ""67086891""]"
none_subset,4,220446731,198850848,46,71,0,0,0,0,0,0,"[""204627117"", ""77408378"", ""200878445"", ""187611963"", ""174586724"", ""206506200"", ""210993003"", ""194951479"", ""209744189"", ""138830136""]"
none_subset,4,209401024,136186158,37,1,1,1,1,1,1,1,"[""136186158"", ""150316929"", ""202157886"", ""201258368"", ""177317879"", ""169799265"", ""171803364"", ""143065905"", ""85275000"", ""142113211""]"
none_subset,4,108059103,96678496,38,153,0,0,0,0,0,0,"[""122139403"", ""18107447"", ""203702170"", ""155589050"", ""200830087"", ""12905940"", ""52512643"", ""31197704"", ""92914026"", ""14434511""]"
none_subset,4,83516850,73863273,38,1561,0,0,0,0,0,0,"[""124508627"", ""212854070"", ""8550716"", ""128022767"", ""66259210"", ""71056351"", ""23348079"", ""193466853"", ""74162023"", ""139494203""]"
none_subset,4,224702986,214641639,4,79,0,0,0,0,0,0,"[""214275181"", ""202016099"", ""212682868"", ""215580343"", ""205463044"", ""206285188"", ""212819052"", ""210871478"", ""214085481"", ""140447135""]"
none_subset,4,155484371,129167787,64,296,0,0,0,0,0,0,"[""131215451"", ""196328856"", ""146630451"", ""149002642"", ""110653495"", ""191629980"", ""61063233"", ""150129745"", ""164643454"", ""160741998""]"
none_subset,4,220720641,179105589,62,844,0,0,0,0,0,0,"[""159227409"", ""124884051"", ""195510107"", ""159161171"", ""67539912"", ""212906250"", ""76275548"", ""210543459"", ""105231780"", ""210301365""]"
none_subset,4,222632500,208037651,37,2454,0,0,0,0,0,0,"[""213471023"", ""146527115"", ""137062195"", ""141241455"", ""209118001"", ""167814691"", ""89171973"", ""191294127"", ""139290462"", ""98865638""]"
none_subset,4,223968502,210489322,62,42,0,0,0,0,0,1,"[""204577887"", ""211070786"", ""200033285"", ""212412503"", ""206841068"", ""183508594"", ""141693897"", ""172997177"", ""184849912"", ""150919912""]"
none_subset,4,98995962,88914492,37,2025,0,0,0,0,0,0,"[""210586766"", ""150887352"", ""57231571"", ""121642534"", ""113199607"", ""161632409"", ""173034966"", ""68382382"", ""133686967"", ""111730268""]"
none_subset,4,62872358,68354175,37,219,0,0,0,0,0,0,"[""161680150"", ""200686928"", ""101192063"", ""150433252"", ""156046454"", ""200733855"", ""102688777"", ""142665464"", ""157674411"", ""182513421""]"
none_subset,4,219731644,201910129,43,128,0,0,0,0,0,0,"[""189168111"", ""188378226"", ""182399428"", ""185108178"", ""200611512"", ""196161702"", ""214348389"", ""182445092"", ""136136174"", ""183691121""]"
none_subset,4,217607857,172851480,46,72,0,0,0,0,0,0,"[""144964708"", ""79166546"", ""78094109"", ""187714756"", ""182136657"", ""180829317"", ""203778148"", ""190224714"", ""210468796"", ""162020306""]"
none_subset,4,178761303,138296370,43,279,0,0,0,0,0,0,"[""46154800"", ""133220748"", ""140307868"", ""196397416"", ""120188232"", ""106212567"", ""80700126"", ""199412521"", ""144761192"", ""188747951""]"
none_subset,4,225101426,214129979,37,1411,0,0,0,0,0,0,"[""212715570"", ""205773422"", ""214087269"", ""210562159"", ""207956028"", ""197844035"", ""203928771"", ""203276996"", ""207035998"", ""203721801""]"
none_subset,4,166732634,138803213,64,51,0,0,0,0,0,0,"[""167980707"", ""156885595"", ""109321941"", ""194131488"", ""161963780"", ""204189526"", ""128826000"", ""212527990"", ""124110006"", ""192237530""]"
none_subset,4,193972506,175993606,43,1128,0,0,0,0,0,0,"[""195408710"", ""191248601"", ""128872941"", ""153840249"", ""204449585"", ""119675310"", ""111684767"", ""209546973"", ""127254122"", ""180465465""]"
none_subset,4,219517654,205395738,46,1143,0,0,0,0,0,0,"[""76020654"", ""179347666"", ""187734223"", ""110716703"", ""210780225"", ""116218020"", ""214351472"", ""195079694"", ""210856802"", ""202582565""]"
none_subset,4,222394753,82751027,64,1900,0,0,0,0,0,0,"[""202708847"", ""207152337"", ""166840834"", ""166141828"", ""165038599"", ""106833257"", ""60124479"", ""212264146"", ""156759658"", ""155576109""]"
none_subset,4,178708960,618472,4,337,0,0,0,0,0,0,"[""12396291"", ""138975756"", ""120663751"", ""50883863"", ""93696567"", ""142451414"", ""156103241"", ""204909089"", ""173965616"", ""156469871""]"
none_subset,4,221937448,208605842,46,5,0,0,1,1,1,1,"[""182764303"", ""188865413"", ""39277627"", ""168398292"", ""208605842"", ""209980383"", ""129240074"", ""116218020"", ""180455338"", ""111715361""]"
none_subset,4,59681831,65390256,37,1056,0,0,0,0,0,0,"[""137062195"", ""142113211"", ""185266696"", ""174850296"", ""28242894"", ""183729389"", ""153551614"", ""124237457"", ""210587193"", ""148551230""]"
none_subset,4,216161063,199021905,4,26,0,0,0,0,1,1,"[""196161368"", ""180843726"", ""213127345"", ""145435299"", ""152685161"", ""207143420"", ""210643102"", ""65093674"", ""119654700"", ""215198902""]"
none_subset,4,141503276,124722032,38,1418,0,0,0,0,0,0,"[""121564255"", ""181227444"", ""121639115"", ""141801572"", ""8550716"", ""123190192"", ""23348079"", ""49391991"", ""57745679"", ""151333626""]"
none_subset,4,200818359,153477691,46,304,0,0,0,0,0,0,"[""53849507"", ""78524182"", ""194301324"", ""124310282"", ""113000796"", ""99309357"", ""159004698"", ""183767116"", ""48793171"", ""130514762""]"
none_subset,4,188197866,159649299,4,88,0,0,0,0,0,0,"[""143852845"", ""158175855"", ""184009379"", ""181699642"", ""88932849"", ""190067899"", ""141212383"", ""126810749"", ""173529593"", ""191461282""]"
none_subset,4,213366824,193025476,57,44,0,0,0,0,0,1,"[""152187673"", ""149427907"", ""214125411"", ""177626941"", ""50936577"", ""202725978"", ""203388288"", ""200450069"", ""157953377"", ""112042068""]"
none_subset,4,221913179,203738355,4,21,0,0,0,0,1,1,"[""199751511"", ""173611156"", ""203537664"", ""214992562"", ""158205918"", ""188781185"", ""214480072"", ""131936243"", ""183400970"", ""156841339""]"
none_subset,4,203066647,173799041,46,12,0,0,0,0,1,1,"[""171801408"", ""161172541"", ""190115727"", ""205368126"", ""173222203"", ""210448824"", ""204029234"", ""150226253"", ""206419210"", ""148163576""]"
none_subset,4,224558267,213573078,4,199,0,0,0,0,0,0,"[""211385428"", ""210643102"", ""145435299"", ""196161368"", ""163340296"", ""195510728"", ""207099785"", ""177056777"", ""213127345"", ""215485045""]"
none_subset,4,191575863,163533043,38,2049,0,0,0,0,0,0,"[""172844872"", ""207707019"", ""157691544"", ""209744579"", ""112758593"", ""157025597"", ""149343290"", ""192992682"", ""180533985"", ""155161158""]"
none_subset,4,152866845,122408162,57,15,0,0,0,0,1,1,"[""125339147"", ""114861890"", ""184690297"", ""199101101"", ""98039533"", ""206552998"", ""134702798"", ""169874437"", ""141989435"", ""86264024""]"
none_subset,4,188395873,140840605,4,50,0,0,0,0,0,1,"[""153991203"", ""171447530"", ""200963858"", ""132723593"", ""129568541"", ""152566280"", ""130299986"", ""202362364"", ""143548483"", ""150920816""]"
none_subset,4,151503385,103784764,57,62,0,0,0,0,0,0,"[""211785457"", ""197740362"", ""213401068"", ""138406659"", ""179662298"", ""190635064"", ""207070552"", ""131667486"", ""207769586"", ""201144087""]"
none_subset,4,208927127,185848749,43,993,0,0,0,0,0,0,"[""24907697"", ""67021173"", ""57556019"", ""140922487"", ""96300750"", ""73201099"", ""102691911"", ""62487581"", ""51516713"", ""87909441""]"
none_subset,4,205461532,140573064,37,325,0,0,0,0,0,0,"[""192554825"", ""213471023"", ""129519764"", ""141241455"", ""176184502"", ""105071457"", ""197580749"", ""43972733"", ""154182019"", ""165920027""]"
none_subset,4,224112754,212305293,64,144,0,0,0,0,0,0,"[""98740806"", ""146444401"", ""161824377"", ""96822403"", ""148153000"", ""177539508"", ""173246608"", ""193944748"", ""138016010"", ""187557702""]"
none_subset,4,119398235,105775833,46,21,0,0,0,0,1,1,"[""201215254"", ""133674182"", ""187611963"", ""129089284"", ""117093898"", ""177591787"", ""165953966"", ""140208813"", ""158946684"", ""85427391""]"
none_subset,4,207366484,124198714,64,3,0,1,1,1,1,1,"[""154897158"", ""16060214"", ""124198714"", ""193072604"", ""63993803"", ""123687478"", ""105912376"", ""188820923"", ""192425958"", ""189099049""]"
none_subset,4,225109049,214562863,46,528,0,0,0,0,0,0,"[""206921287"", ""169485140"", ""194733810"", ""138179744"", ""45375287"", ""143280766"", ""123341476"", ""130443128"", ""99228098"", ""215475381""]"
none_subset,4,220934470,174610207,62,436,0,0,0,0,0,0,"[""183670981"", ""122507339"", ""132110473"", ""167732430"", ""211690905"", ""180292453"", ""144314189"", ""57509321"", ""73423883"", ""189178547""]"
none_subset,4,185519268,155947615,37,1476,0,0,0,0,0,0,"[""182444653"", ""157140706"", ""178462679"", ""152140191"", ""194551250"", ""153205005"", ""32618321"", ""156884960"", ""128177539"", ""165637927""]"
none_subset,4,165565061,141108116,46,94,0,0,0,0,0,0,"[""192689229"", ""199457581"", ""161497124"", ""172912744"", ""164665349"", ""141371013"", ""39277627"", ""179861117"", ""157752214"", ""77995654""]"
none_subset,4,57082730,63027674,4,35,0,0,0,0,0,1,"[""117660981"", ""154359018"", ""167643231"", ""173965616"", ""75263094"", ""75828042"", ""156370579"", ""12396291"", ""157367139"", ""156633369""]"
none_subset,4,211683892,191211417,62,481,0,0,0,0,0,0,"[""194289010"", ""117006578"", ""62925716"", ""145492438"", ""187207232"", ""100460340"", ""65823014"", ""67833941"", ""182866713"", ""150060889""]"
none_subset,4,139717823,75771817,43,1244,0,0,0,0,0,0,"[""63099395"", ""61372398"", ""143371562"", ""84802092"", ""192784424"", ""120188232"", ""112929002"", ""4674477"", ""15015983"", ""147384208""]"
none_subset,4,210091083,187766426,43,87,0,0,0,0,0,0,"[""184091403"", ""194288073"", ""201671217"", ""188582346"", ""137241438"", ""197224556"", ""213483404"", ""185360446"", ""168115086"", ""209666551""]"
none_subset,4,215295632,194286674,64,146,0,0,0,0,0,0,"[""191320922"", ""135996572"", ""187914316"", ""63965447"", ""205937076"", ""206213762"", ""152209914"", ""96535844"", ""169811379"", ""154338417""]"
none_subset,4,220364834,206968122,43,72,0,0,0,0,0,0,"[""196286515"", ""202632009"", ""185851616"", ""201440672"", ""180428174"", ""214348389"", ""183766098"", ""198087076"", ""144304634"", ""197580291""]"
none_subset,4,219900526,180136836,64,1223,0,0,0,0,0,0,"[""128304968"", ""181874277"", ""191606915"", ""199383617"", ""202169422"", ""61171911"", ""81233438"", ""174340250"", ""144281937"", ""82846737""]"
none_subset,4,194649797,156951759,46,67,0,0,0,0,0,0,"[""74767597"", ""200400926"", ""113999669"", ""156554598"", ""110900877"", ""179653927"", ""193559506"", ""120932240"", ""147425773"", ""205315794""]"
none_subset,4,69538746,74156335,46,846,0,0,0,0,0,0,"[""191705183"", ""161736013"", ""146811180"", ""49041759"", ""186116554"", ""118566996"", ""32186937"", ""204270051"", ""120660699"", ""201966464""]"
none_subset,4,193132494,138376766,4,946,0,0,0,0,0,0,"[""187964382"", ""181068928"", ""181306942"", ""129430743"", ""98076075"", ""103984598"", ""199478511"", ""159850846"", ""209174117"", ""193059683""]"
none_subset,4,225048593,215009156,4,295,0,0,0,0,0,0,"[""146144877"", ""210497898"", ""162721825"", ""112914230"", ""204210360"", ""205469263"", ""203033142"", ""203934220"", ""59475488"", ""201224926""]"
none_subset,4,129581033,114171070,37,203,0,0,0,0,0,0,"[""141241455"", ""213471023"", ""137062195"", ""98865638"", ""182387619"", ""146527115"", ""214996997"", ""209543868"", ""134046020"", ""170091134""]"
none_subset,4,218321305,201512197,46,143,0,0,0,0,0,0,"[""104767223"", ""109762523"", ""201405465"", ""65618657"", ""114654675"", ""204237929"", ""206843208"", ""159536710"", ""207380544"", ""209941947""]"
none_subset,4,206985091,171139802,46,262,0,0,0,0,0,0,"[""207515067"", ""205235605"", ""209156183"", ""211141745"", ""210366645"", ""210667015"", ""212084332"", ""201436985"", ""212306388"", ""210373455""]"
none_subset,4,221838599,209862942,43,147,0,0,0,0,0,0,"[""201213450"", ""210822887"", ""211582481"", ""194022987"", ""187215484"", ""186350594"", ""168830681"", ""143484747"", ""210958988"", ""136773099""]"
none_subset,4,200321888,151940220,43,41,0,0,0,0,0,1,"[""101683090"", ""54249020"", ""135474915"", ""135449802"", ""212847147"", ""56084025"", ""162142216"", ""102607958"", ""210446525"", ""4674477""]"
none_subset,4,215535939,188697817,57,20,0,0,0,0,1,1,"[""201185749"", ""172994991"", ""210136489"", ""214160653"", ""213478012"", ""204720478"", ""193699814"", ""211902767"", ""211403185"", ""206056996""]"
none_subset,4,207266546,153385111,43,1003,0,0,0,0,0,0,"[""164173391"", ""75839915"", ""86931045"", ""156158793"", ""89809066"", ""73371698"", ""166329703"", ""89602786"", ""133582641"", ""90011446""]"
none_subset,4,97952986,78148654,64,32,0,0,0,0,0,1,"[""129093190"", ""194941994"", ""208915255"", ""127196288"", ""69248477"", ""173246608"", ""193756438"", ""214336133"", ""166289001"", ""88397191""]"
none_subset,4,207322234,170790096,46,41,0,0,0,0,0,1,"[""156263625"", ""143689220"", ""154821670"", ""139912235"", ""84439889"", ""113055852"", ""111614660"", ""79601929"", ""114535587"", ""209941947""]"
none_subset,4,174006241,145006416,43,282,0,0,0,0,0,0,"[""190069327"", ""207051663"", ""149017403"", ""204479993"", ""215014856"", ""129262032"", ""75993405"", ""137771001"", ""167068838"", ""156395019""]"
none_subset,4,224882520,214818077,64,140,0,0,0,0,0,0,"[""74256345"", ""193757766"", ""105854775"", ""208465437"", ""154324585"", ""75157723"", ""81233351"", ""207726104"", ""179784406"", ""86356781""]"
none_subset,4,134515714,115022799,62,549,0,0,0,0,0,0,"[""127682307"", ""97811642"", ""27329790"", ""101101788"", ""179030233"", ""72763415"", ""157102968"", ""173119325"", ""188105464"", ""52152330""]"
none_subset,4,219832830,202547061,46,73,0,0,0,0,0,0,"[""167424905"", ""102764457"", ""208099409"", ""87562356"", ""203534611"", ""79988383"", ""194733810"", ""123341476"", ""206921287"", ""49032725""]"
none_subset,4,85335053,81210703,64,71,0,0,0,0,0,0,"[""60032340"", ""170931595"", ""126848368"", ""173622957"", ""109707327"", ""133870534"", ""167679113"", ""145459533"", ""188038298"", ""123687478""]"
none_subset,4,156462074,127285945,46,2352,0,0,0,0,0,0,"[""109663807"", ""172608877"", ""172433080"", ""212057657"", ""133461188"", ""179855914"", ""183034895"", ""172385400"", ""211636539"", ""197882875""]"
none_subset,4,57704442,78094109,46,91,0,0,0,0,0,0,"[""140412713"", ""142789905"", ""99309357"", ""150142821"", ""194301324"", ""78004872"", ""180795459"", ""10034854"", ""78696152"", ""154821670""]"
none_subset,4,81096600,78134637,46,102,0,0,0,0,0,0,"[""70517064"", ""172035206"", ""195201064"", ""134902485"", ""160764333"", ""111095231"", ""192805958"", ""78007217"", ""173613495"", ""203329657""]"
none_subset,4,212560078,154255624,64,268,0,0,0,0,0,0,"[""194941994"", ""179201033"", ""154682545"", ""149715107"", ""190043031"", ""94082722"", ""160603185"", ""181671018"", ""62550428"", ""204824313""]"
none_subset,4,205868899,179041576,43,17,0,0,0,0,1,1,"[""64515020"", ""199927468"", ""53878026"", ""194759873"", ""120122284"", ""207690552"", ""207192922"", ""164461764"", ""184481904"", ""52880574""]"
none_subset,4,200338966,172991246,57,168,0,0,0,0,0,0,"[""111557041"", ""172059758"", ""203157936"", ""161339845"", ""100944857"", ""197765268"", ""210559945"", ""209644299"", ""172288940"", ""211144080""]"
none_subset,4,207494992,182640683,37,53,0,0,0,0,0,0,"[""191911000"", ""210502009"", ""153099679"", ""133351365"", ""173640245"", ""206569261"", ""197955172"", ""194408004"", ""204860223"", ""157987350""]"
none_subset,4,221740966,187123822,43,67,0,0,0,0,0,0,"[""166706901"", ""75959067"", ""178678331"", ""127635452"", ""202516482"", ""163402666"", ""85304386"", ""152014829"", ""144167451"", ""204399429""]"
none_subset,4,211281613,188742491,57,1893,0,0,0,0,0,0,"[""172288940"", ""212223973"", ""209741084"", ""175714996"", ""201469289"", ""172017798"", ""210816632"", ""211212706"", ""203157936"", ""74683146""]"
none_subset,4,61811502,62437632,43,517,0,0,0,0,0,0,"[""183856655"", ""153591399"", ""112929002"", ""115216679"", ""117984925"", ""144463129"", ""84802092"", ""63099395"", ""132793063"", ""90953879""]"
none_subset,4,215391887,144646883,64,41,0,0,0,0,0,1,"[""183047062"", ""144073843"", ""32252174"", ""152603802"", ""168633758"", ""161581546"", ""59982269"", ""72527056"", ""105144259"", ""26914040""]"
none_subset,4,216666833,189845371,64,2,0,1,1,1,1,1,"[""141045171"", ""189845371"", ""146950533"", ""183047062"", ""199875184"", ""156400594"", ""185454425"", ""120420310"", ""139178433"", ""152603802""]"
none_subset,4,180386984,147179804,43,1010,0,0,0,0,0,0,"[""195829200"", ""146898856"", ""164354706"", ""68189198"", ""56084025"", ""141708436"", ""181981190"", ""114124021"", ""49931795"", ""87877269""]"
none_subset,4,224586197,211540948,46,143,0,0,0,0,0,0,"[""158946684"", ""193559506"", ""200416651"", ""160110731"", ""155017018"", ""59097004"", ""194811856"", ""192342929"", ""201215254"", ""139649558""]"
none_subset,4,193221613,160400128,62,69,0,0,0,0,0,0,"[""24686208"", ""75068139"", ""18162642"", ""50662129"", ""65248700"", ""56749727"", ""61833524"", ""64014717"", ""128619709"", ""100102954""]"
none_subset,4,218597493,199853407,46,1626,0,0,0,0,0,0,"[""210448824"", ""151203538"", ""130849339"", ""201925196"", ""85083810"", ""118684332"", ""74167812"", ""151511658"", ""77388181"", ""174504603""]"
none_subset,4,192820418,158459700,57,2490,0,0,0,0,0,0,"[""122144532"", ""167001981"", ""140761987"", ""173549637"", ""205026087"", ""201700155"", ""182367509"", ""190487061"", ""171536144"", ""130340352""]"
none_subset,4,207407028,181818594,38,101,0,0,0,0,0,0,"[""193563274"", ""179234058"", ""173253112"", ""63839835"", ""212169244"", ""188178632"", ""138345880"", ""171909035"", ""143177511"", ""156424467""]"
none_subset,4,222261688,207080740,64,627,0,0,0,0,0,0,"[""130875563"", ""206429682"", ""203597416"", ""210720310"", ""102637389"", ""204435589"", ""184451848"", ""202090142"", ""201944222"", ""212458263""]"
none_subset,4,207680631,171694803,46,135,0,0,0,0,0,0,"[""152102459"", ""154698834"", ""186542267"", ""111095231"", ""198454182"", ""191705183"", ""99309357"", ""22408044"", ""149547737"", ""160019718""]"
none_subset,4,222664932,150981082,38,163,0,0,0,0,0,0,"[""128235238"", ""200560256"", ""211267789"", ""202371962"", ""195980472"", ""126960326"", ""171461647"", ""127669129"", ""148774402"", ""72561866""]"
none_subset,4,222564180,211116849,46,53,0,0,0,0,0,0,"[""203829459"", ""208805779"", ""202822668"", ""213805109"", ""200584617"", ""167644413"", ""205239580"", ""204540006"", ""213291067"", ""211131554""]"
none_subset,4,167728890,142870223,38,502,0,0,0,0,0,0,"[""37709032"", ""108421334"", ""155814671"", ""200830087"", ""133136953"", ""95323314"", ""127539785"", ""120618466"", ""165409487"", ""179876069""]"
none_subset,4,191614526,163637661,38,366,0,0,0,0,0,0,"[""121639115"", ""46449031"", ""44097793"", ""98078621"", ""186767110"", ""120726041"", ""121564255"", ""177027866"", ""8550716"", ""49391991""]"
none_subset,4,140595161,120915200,4,109,0,0,0,0,0,0,"[""198809896"", ""197475541"", ""188882555"", ""200691824"", ""200589462"", ""214968505"", ""190079873"", ""139342323"", ""200589143"", ""152685161""]"
none_subset,4,193442459,159536710,46,46,0,0,0,0,0,1,"[""174837469"", ""197415730"", ""209744189"", ""184612826"", ""212786249"", ""184646371"", ""201332278"", ""127947793"", ""7231598"", ""167383627""]"
none_subset,4,186435148,154474714,4,293,0,0,0,0,0,0,"[""190161584"", ""199780246"", ""198070526"", ""206940426"", ""12396291"", ""64864978"", ""138975756"", ""165904972"", ""174770035"", ""182763611""]"
none_subset,4,153151974,75168847,4,2465,0,0,0,0,0,0,"[""204648246"", ""206167938"", ""112972489"", ""66199264"", ""64487189"", ""83596697"", ""165897952"", ""47719129"", ""165105661"", ""93517902""]"
none_subset,4,174531745,134215872,38,33,0,0,0,0,0,1,"[""124441124"", ""167802783"", ""101461920"", ""159911050"", ""188544896"", ""185863262"", ""130168090"", ""207390508"", ""31980662"", ""152236293""]"
none_subset,4,199818563,171636556,46,2,0,1,1,1,1,1,"[""133461188"", ""171636556"", ""210856802"", ""205208810"", ""208719036"", ""212730825"", ""209482743"", ""181020941"", ""170374096"", ""166724206""]"
none_subset,4,198139928,139818390,57,1,1,1,1,1,1,1,"[""139818390"", ""128778844"", ""55753543"", ""171686923"", ""130006774"", ""135509545"", ""188669947"", ""164678159"", ""99472835"", ""210262988""]"
none_subset,4,59207602,63368910,37,39,0,0,0,0,0,1,"[""163424021"", ""140057420"", ""99092830"", ""185145609"", ""147106924"", ""84416822"", ""184071121"", ""213471023"", ""182387619"", ""134046020""]"
none_subset,4,222353403,210780225,46,125,0,0,0,0,0,0,"[""100881714"", ""133461188"", ""210829117"", ""210856802"", ""171636556"", ""205208810"", ""211118858"", ""144431749"", ""210498357"", ""181020941""]"
none_subset,4,121364748,105106630,46,1535,0,0,0,0,0,0,"[""111715361"", ""106915000"", ""170571507"", ""96527698"", ""137142760"", ""121346371"", ""136909437"", ""96829389"", ""131917509"", ""208143888""]"
none_subset,4,178792118,147113232,37,718,0,0,0,0,0,0,"[""53389573"", ""139391729"", ""189073734"", ""92247640"", ""84838254"", ""117410846"", ""192142184"", ""119357902"", ""131943838"", ""144129822""]"
none_subset,4,212300309,192179303,64,38,0,0,0,0,0,1,"[""200505701"", ""196286726"", ""192779268"", ""200026497"", ""162686675"", ""191930990"", ""206276658"", ""205736876"", ""147671714"", ""182199798""]"
none_subset,4,62125622,54115082,38,115,0,0,0,0,0,0,"[""113999751"", ""171949747"", ""179099953"", ""92430066"", ""150241983"", ""127539785"", ""196304269"", ""143150197"", ""14434511"", ""111085092""]"
none_subset,4,194649630,162792725,4,173,0,0,0,0,0,0,"[""198430694"", ""104680991"", ""197680529"", ""171791158"", ""203037592"", ""136900812"", ""202653773"", ""131936243"", ""196926090"", ""204466040""]"
none_subset,4,195219984,168099979,4,47,0,0,0,0,0,1,"[""180843726"", ""177825434"", ""191209763"", ""189302306"", ""185880119"", ""202705628"", ""65093674"", ""213127345"", ""201211887"", ""140966958""]"
none_subset,4,185154036,157383240,4,192,0,0,0,0,0,0,"[""188882555"", ""191509023"", ""88932849"", ""200589462"", ""190079873"", ""141212383"", ""204007557"", ""203829299"", ""142381741"", ""126810749""]"
none_subset,4,212343018,191348108,62,483,0,0,0,0,0,0,"[""165284774"", ""108664006"", ""36007287"", ""185145276"", ""8737650"", ""82677281"", ""141574731"", ""108294691"", ""94546694"", ""50662129""]"
none_subset,4,190726056,153568815,37,155,0,0,0,0,0,0,"[""200025016"", ""188679659"", ""212047029"", ""159931625"", ""129735644"", ""194918694"", ""170049514"", ""126361288"", ""144990749"", ""93714502""]"
none_subset,4,193507395,159604649,4,1660,0,0,0,0,0,0,"[""121025812"", ""152685161"", ""119654700"", ""186220965"", ""201066421"", ""200589143"", ""144995106"", ""180180713"", ""143852845"", ""156370579""]"
none_subset,4,139775877,123347277,62,256,0,0,0,0,0,0,"[""208335318"", ""20863003"", ""123687816"", ""75207324"", ""65823014"", ""52439586"", ""106023112"", ""137665706"", ""114525243"", ""52919918""]"
none_subset,4,165803909,134312075,64,28,0,0,0,0,1,1,"[""63897092"", ""204435589"", ""120256316"", ""195252060"", ""204156522"", ""203497492"", ""213253358"", ""56593545"", ""155789349"", ""61171911""]"
none_subset,4,213336123,41040635,38,58,0,0,0,0,0,0,"[""118659816"", ""209330718"", ""192884067"", ""51821730"", ""147729896"", ""145998937"", ""155012065"", ""115277724"", ""176559079"", ""52533378""]"
none_subset,4,223712641,213066001,62,301,0,0,0,0,0,0,"[""74290204"", ""144002826"", ""209133262"", ""141693897"", ""209151724"", ""211737562"", ""112414551"", ""161652558"", ""194491562"", ""134618566""]"
none_subset,4,188203614,160523276,46,887,0,0,0,0,0,0,"[""150142821"", ""151511658"", ""148352358"", ""80195905"", ""8742737"", ""159384368"", ""201991995"", ""132018635"", ""53500291"", ""13333030""]"
none_subset,4,76691753,32855805,38,1099,0,0,0,0,0,0,"[""192315877"", ""107054492"", ""92430066"", ""109987226"", ""85120764"", ""196304269"", ""110566970"", ""167983168"", ""81511985"", ""200830087""]"
none_subset,4,211609963,188607246,46,1412,0,0,0,0,0,0,"[""174837469"", ""191200569"", ""197415730"", ""209744189"", ""206506200"", ""180519021"", ""158674717"", ""138830136"", ""204980714"", ""213731514""]"
none_subset,4,193188423,160175255,4,592,0,0,0,0,0,0,"[""119900827"", ""126889201"", ""174535187"", ""139418370"", ""156456714"", ""113622434"", ""195973920"", ""141085810"", ""189401835"", ""190503853""]"
none_subset,4,72670371,74242439,62,7,0,0,0,1,1,1,"[""127682307"", ""209556691"", ""52152330"", ""86295030"", ""184405626"", ""27329790"", ""74242439"", ""187064730"", ""136973736"", ""90371836""]"
none_subset,4,220435553,195648794,4,720,0,0,0,0,0,0,"[""199361385"", ""203962091"", ""143683664"", ""197680529"", ""141501244"", ""127548260"", ""139849759"", ""142657666"", ""203037592"", ""75168847""]"
none_subset,4,62630161,9583876,43,39,0,0,0,0,0,1,"[""120597166"", ""121279267"", ""123511609"", ""195408710"", ""37006900"", ""164097777"", ""188032543"", ""57715433"", ""204449585"", ""212213338""]"
none_subset,4,225161170,215382114,43,2195,0,0,0,0,0,0,"[""135901868"", ""208008027"", ""184705867"", ""203477271"", ""166752829"", ""183029564"", ""207898804"", ""164074443"", ""139785717"", ""161790106""]"
none_subset,4,219010785,204190139,43,271,0,0,0,0,0,0,"[""187215484"", ""182445092"", ""202626349"", ""201213450"", ""210822887"", ""194022987"", ""210958988"", ""184633847"", ""182399428"", ""212129667""]"
none_subset,4,195665997,162780539,57,400,0,0,0,0,0,0,"[""85576723"", ""85291605"", ""154877704"", ""191268930"", ""146595840"", ""85728689"", ""198636169"", ""141609226"", ""208914800"", ""206215452""]"
none_subset,4,185700837,152440410,62,67,0,0,0,0,0,0,"[""211900236"", ""166907143"", ""176309620"", ""156239354"", ""57861067"", ""128177020"", ""155547072"", ""127953008"", ""192396971"", ""99734611""]"
none_subset,4,224932348,213559285,46,12,0,0,0,0,1,1,"[""184646371"", ""209744189"", ""171227160"", ""171227152"", ""206220197"", ""174837469"", ""194951479"", ""108971427"", ""190224714"", ""146029150""]"
none_subset,4,214185922,192910467,43,526,0,0,0,0,0,0,"[""171798974"", ""207051663"", ""98638580"", ""194880726"", ""149017403"", ""197429046"", ""212781685"", ""164268294"", ""125529150"", ""183640029""]"
none_subset,4,221111393,208458622,46,88,0,0,0,0,0,0,"[""213805109"", ""212905783"", ""214520103"", ""203644944"", ""211131554"", ""208805779"", ""205239580"", ""167644413"", ""184636221"", ""213482572""]"
none_subset,4,211684073,171142795,57,2317,0,0,0,0,0,0,"[""159050136"", ""145955425"", ""126756828"", ""202358315"", ""97187105"", ""180448567"", ""187720102"", ""207134458"", ""189411035"", ""210440269""]"
none_subset,4,153181442,132560295,4,2505,0,0,0,0,0,0,"[""144513042"", ""117660981"", ""137934343"", ""70921117"", ""186179720"", ""184628720"", ""153876614"", ""65093674"", ""152685161"", ""154928608""]"
none_subset,4,203591953,114525243,62,12,0,0,0,0,1,1,"[""96438960"", ""15723967"", ""78092395"", ""70381552"", ""164296058"", ""123687816"", ""131732657"", ""61035623"", ""102919124"", ""38312606""]"
none_subset,4,63370365,69511407,4,314,0,0,0,0,0,0,"[""144373105"", ""159049760"", ""116057633"", ""145303232"", ""54212504"", ""148526912"", ""172890535"", ""155062344"", ""162653386"", ""195213429""]"
none_subset,4,181332952,140664088,4,826,0,0,0,0,0,0,"[""120663751"", ""150679730"", ""151518049"", ""16847694"", ""184087480"", ""172890535"", ""149095048"", ""184587206"", ""139852579"", ""144373105""]"
none_subset,4,206157282,181822257,46,1071,0,0,0,0,0,0,"[""169081503"", ""214293298"", ""176936176"", ""125568463"", ""171733069"", ""135639820"", ""152716158"", ""146467155"", ""143287077"", ""213021213""]"
none_subset,4,181959599,144304634,43,4,0,0,1,1,1,1,"[""196197826"", ""197580291"", ""211884232"", ""144304634"", ""192287850"", ""195905048"", ""67208060"", ""147419433"", ""190076056"", ""160407494""]"
none_subset,4,51781247,25706087,38,20,0,0,0,0,1,1,"[""179876069"", ""189593063"", ""104042988"", ""128168264"", ""71896485"", ""66259210"", ""45759986"", ""127539785"", ""11921513"", ""214394715""]"
none_subset,4,223264828,202263291,4,146,0,0,0,0,0,0,"[""206800954"", ""105063903"", ""112475075"", ""36482821"", ""50763233"", ""93517902"", ""64487189"", ""195689049"", ""195648794"", ""148649464""]"
none_subset,4,192749905,162391057,37,318,0,0,0,0,0,0,"[""103731169"", ""144990749"", ""160430913"", ""154947799"", ""89630035"", ""147023317"", ""179751402"", ""173227324"", ""155458733"", ""142088614""]"
none_subset,4,208244305,184923239,37,89,0,0,0,0,0,0,"[""182640683"", ""175852737"", ""206942069"", ""187299907"", ""195908286"", ""117685268"", ""211987844"", ""200869738"", ""183693328"", ""208141913""]"
none_subset,4,224877266,58199619,38,16,0,0,0,0,1,1,"[""198468875"", ""174456119"", ""206303400"", ""163646287"", ""204218454"", ""177027866"", ""207390535"", ""107235965"", ""55877012"", ""95406694""]"
none_subset,4,220471236,187760067,57,119,0,0,0,0,0,0,"[""200031767"", ""117433607"", ""175714996"", ""107044402"", ""153835333"", ""111602940"", ""195818826"", ""190378651"", ""179157282"", ""177390672""]"
none_subset,4,224941317,203188239,64,42,0,0,0,0,0,1,"[""169338112"", ""160087743"", ""167537206"", ""127196288"", ""129093190"", ""204981866"", ""161410919"", ""146887481"", ""156476311"", ""161213343""]"
none_subset,4,209775944,169808391,62,143,0,0,0,0,0,0,"[""69002225"", ""136225463"", ""186169702"", ""191201365"", ""97032103"", ""180256255"", ""73356588"", ""187612359"", ""200033535"", ""210301365""]"
none_subset,4,213024345,193298115,37,628,0,0,0,0,0,0,"[""196563012"", ""116240817"", ""100843460"", ""191538851"", ""181408383"", ""204075228"", ""187719393"", ""195296935"", ""98327133"", ""191911000""]"
none_subset,4,213524880,181268534,37,185,0,0,0,0,0,0,"[""29496516"", ""189381669"", ""21114364"", ""103348357"", ""5322119"", ""187819119"", ""119227333"", ""191370500"", ""202222440"", ""105224939""]"
none_subset,4,224002618,161766916,4,18,0,0,0,0,1,1,"[""180266107"", ""192968334"", ""25537887"", ""162407032"", ""76135090"", ""53962226"", ""207935824"", ""174141513"", ""73118528"", ""53541477""]"
none_subset,4,213966596,193487215,62,1314,0,0,0,0,0,0,"[""113547578"", ""32728587"", ""135449877"", ""165119271"", ""192577715"", ""10317873"", ""156885677"", ""76665110"", ""176645947"", ""142923518""]"
none_subset,4,60521530,65802140,37,738,0,0,0,0,0,0,"[""173645815"", ""200025016"", ""192597928"", ""166280219"", ""43972733"", ""93714502"", ""140336042"", ""127873279"", ""121841349"", ""152508279""]"
none_subset,4,224989367,215160595,64,1001,0,0,0,0,0,0,"[""107659439"", ""178908431"", ""127512781"", ""206372980"", ""85051125"", ""195516069"", ""180020484"", ""192425958"", ""183739322"", ""211406038""]"
none_subset,4,224935000,215080686,4,218,0,0,0,0,0,0,"[""205600080"", ""191316160"", ""210484477"", ""183509496"", ""202571906"", ""213160173"", ""194160187"", ""196026500"", ""184022783"", ""185107867""]"
none_subset,4,215554630,181874277,64,3,0,1,1,1,1,1,"[""157803989"", ""132289907"", ""181874277"", ""81240114"", ""149734769"", ""150123553"", ""72224328"", ""167172273"", ""92911620"", ""141447890""]"
none_subset,4,216889570,193584613,37,623,0,0,0,0,0,0,"[""148500212"", ""188912090"", ""187502080"", ""173966675"", ""214708320"", ""206587185"", ""197238711"", ""207698281"", ""201561139"", ""187134525""]"
none_subset,4,217976095,202632009,43,1317,0,0,0,0,0,0,"[""201213450"", ""210822887"", ""211582481"", ""206290556"", ""195590215"", ""187215484"", ""188409353"", ""191134281"", ""180961442"", ""188378226""]"
none_subset,4,221119686,204683450,46,3,0,1,1,1,1,1,"[""201537422"", ""204980714"", ""204683450"", ""198850848"", ""191200569"", ""190450261"", ""208417546"", ""203164041"", ""201332278"", ""201596169""]"
none_subset,4,178976339,95069051,62,29,0,0,0,0,1,1,"[""167352840"", ""64790775"", ""156966802"", ""117835777"", ""133870924"", ""115226483"", ""143139548"", ""104128337"", ""92648178"", ""152115593""]"
none_subset,4,174296396,144706392,64,197,0,0,0,0,0,0,"[""143663551"", ""113436023"", ""145311547"", ""45933851"", ""119491080"", ""14286061"", ""131561726"", ""66459509"", ""150385215"", ""117014804""]"
none_subset,4,162732020,106887245,64,367,0,0,0,0,0,0,"[""54856875"", ""103562123"", ""166109713"", ""173334389"", ""141031821"", ""161612772"", ""149540426"", ""155708697"", ""78359767"", ""156692119""]"
none_subset,4,188292667,134824400,37,82,0,0,0,0,0,0,"[""58893791"", ""196428679"", ""206126959"", ""151941209"", ""152140191"", ""140907909"", ""32618321"", ""137463465"", ""25189123"", ""88534873""]"
none_subset,4,219629690,184405228,37,273,0,0,0,0,0,0,"[""192414071"", ""159838604"", ""169592229"", ""149298273"", ""122713998"", ""201913256"", ""206564103"", ""198276617"", ""115477896"", ""135332295""]"
none_subset,4,192642639,164264613,38,598,0,0,0,0,0,0,"[""209590588"", ""149732635"", ""209921939"", ""20918033"", ""196742641"", ""196280032"", ""182369007"", ""199841905"", ""194797914"", ""166558139""]"
none_subset,4,184601754,157101149,37,187,0,0,0,0,0,0,"[""45171964"", ""116240817"", ""21114364"", ""147820123"", ""136371572"", ""14688074"", ""119227333"", ""182388466"", ""163474582"", ""105224939""]"
none_subset,4,152478006,73836701,46,883,0,0,0,0,0,0,"[""72730720"", ""58540862"", ""197949897"", ""193512680"", ""141321618"", ""165223697"", ""99453113"", ""105064165"", ""211854530"", ""120660699""]"
none_subset,4,221675799,209588885,43,69,0,0,0,0,0,0,"[""185851616"", ""214348389"", ""182399428"", ""201535486"", ""196286515"", ""202626349"", ""184091403"", ""168115086"", ""198087076"", ""201905433""]"
none_subset,4,151258498,129804983,37,549,0,0,0,0,0,0,"[""209794141"", ""99222832"", ""109845272"", ""178993628"", ""188083340"", ""81213674"", ""208307303"", ""194302416"", ""133924998"", ""150426765""]"
none_subset,4,171994800,140336042,37,29,0,0,0,0,1,1,"[""121116115"", ""153205116"", ""16898206"", ""140695602"", ""147143113"", ""93714502"", ""188679659"", ""113459454"", ""200025016"", ""149631379""]"
none_subset,4,76793789,79372963,38,8,0,0,0,1,1,1,"[""200830087"", ""133136953"", ""148700903"", ""151607631"", ""192992682"", ""110457316"", ""169021759"", ""79372963"", ""138757742"", ""148419997""]"
none_subset,4,218107163,201903468,62,429,0,0,0,0,0,0,"[""208719189"", ""185606507"", ""207503734"", ""210489322"", ""174639103"", ""196478095"", ""185851832"", ""121524691"", ""195303938"", ""205736250""]"
none_subset,4,193567991,138809171,46,78,0,0,0,0,0,0,"[""213196140"", ""200419946"", ""108196994"", ""162783785"", ""210561703"", ""142865415"", ""171226535"", ""155058299"", ""173423836"", ""213225779""]"
none_subset,4,60584347,64050779,43,618,0,0,0,0,0,0,"[""102607958"", ""146898856"", ""115645977"", ""159816013"", ""63103158"", ""129748527"", ""192574680"", ""68189198"", ""155678818"", ""151940220""]"
none_subset,4,139695886,103799422,38,206,0,0,0,0,0,0,"[""88485908"", ""157993089"", ""129590481"", ""169064521"", ""115091528"", ""65034285"", ""136444097"", ""192191594"", ""149343290"", ""189460577""]"
none_subset,4,224613468,214052031,62,299,0,0,0,0,0,0,"[""212090087"", ""202743016"", ""190061187"", ""185153563"", ""203439833"", ""50662129"", ""194290546"", ""57769259"", ""110927257"", ""208436202""]"
none_subset,4,177997398,140588027,57,1735,0,0,0,0,0,0,"[""141707543"", ""150231110"", ""148338437"", ""194409455"", ""160823099"", ""169225136"", ""199908579"", ""121902729"", ""149988933"", ""46330390""]"
none_subset,4,153056005,125339147,57,74,0,0,0,0,0,0,"[""110306995"", ""211148392"", ""201926544"", ""47987945"", ""160823099"", ""128122761"", ""184599616"", ""110548220"", ""121902729"", ""165674944""]"
none_subset,4,211216484,189303936,64,696,0,0,0,0,0,0,"[""127488045"", ""63297294"", ""187708913"", ""179015555"", ""131141531"", ""148740236"", ""132818593"", ""93604401"", ""105879570"", ""160008395""]"
none_subset,4,39595977,43972733,37,40,0,0,0,0,0,1,"[""93714502"", ""200025016"", ""129735644"", ""195670135"", ""176184502"", ""159931625"", ""188679659"", ""186713888"", ""166280219"", ""127873279""]"
none_subset,4,117986185,104705407,4,719,0,0,0,0,0,0,"[""119654700"", ""204285378"", ""205322075"", ""82704316"", ""50883863"", ""174891772"", ""121025812"", ""123613267"", ""65093644"", ""120540825""]"
none_subset,4,138252107,119498324,62,678,0,0,0,0,0,0,"[""50662129"", ""99563204"", ""97195771"", ""75068139"", ""74331129"", ""120595575"", ""18162642"", ""57745589"", ""207781571"", ""94546694""]"
none_subset,4,223273152,212299208,62,225,0,0,0,0,0,0,"[""168748685"", ""131293364"", ""61171734"", ""167732430"", ""33588389"", ""189178547"", ""19018996"", ""111773790"", ""114374574"", ""74091865""]"
none_subset,4,114281259,95431648,38,941,0,0,0,0,0,0,"[""190453683"", ""86894062"", ""160101192"", ""158650746"", ""131848218"", ""162400962"", ""106211361"", ""125070283"", ""148428523"", ""167983168""]"
none_subset,4,193899357,165698022,43,1995,0,0,0,0,0,0,"[""210561607"", ""193482080"", ""201192710"", ""188582346"", ""207753535"", ""188398971"", ""183765224"", ""137241438"", ""190077562"", ""185360446""]"
none_subset,4,165710853,72951226,37,283,0,0,0,0,0,0,"[""128710800"", ""214087269"", ""84182599"", ""172213324"", ""200937476"", ""203276996"", ""111516361"", ""175906876"", ""159427663"", ""93923480""]"
none_subset,4,220600511,199866100,37,97,0,0,0,0,0,0,"[""195252247"", ""186780001"", ""191191501"", ""122322363"", ""193007467"", ""169228866"", ""200156006"", ""208935536"", ""167700536"", ""191434197""]"
none_subset,4,225300966,213218151,4,1706,0,0,0,0,0,0,"[""78628063"", ""81723300"", ""126889201"", ""205554097"", ""23408401"", ""204255951"", ""63027674"", ""168181862"", ""67349325"", ""109285514""]"
none_subset,4,104000026,92847015,43,26,0,0,0,0,1,1,"[""201006052"", ""71896649"", ""127415515"", ""215513285"", ""143317431"", ""132121212"", ""163664846"", ""95818019"", ""78343862"", ""125981589""]"
none_subset,4,182345427,126295732,64,411,0,0,0,0,0,0,"[""202708847"", ""162661871"", ""80281524"", ""203544848"", ""179201033"", ""207152337"", ""105652723"", ""60124479"", ""155576109"", ""164025251""]"
none_subset,4,162486343,128431328,38,134,0,0,0,0,0,0,"[""183174003"", ""213380358"", ""197735844"", ""196431383"", ""167575814"", ""144257088"", ""199973345"", ""169283590"", ""83459172"", ""170054565""]"
none_subset,4,224984291,213655844,46,2,0,1,1,1,1,1,"[""205395255"", ""213655844"", ""73921798"", ""208306039"", ""208224187"", ""80538986"", ""172512012"", ""144431749"", ""76658512"", ""150754478""]"
none_subset,4,84314437,78183845,46,402,0,0,0,0,0,0,"[""17698917"", ""78390422"", ""76396478"", ""168815908"", ""13940893"", ""212469100"", ""84422038"", ""201508287"", ""198522018"", ""203062604""]"
none_subset,4,218226410,199136571,43,343,0,0,0,0,0,0,"[""140307868"", ""50216046"", ""76736407"", ""114763824"", ""212847147"", ""199412521"", ""80700126"", ""182369961"", ""178668945"", ""202066381""]"
none_subset,4,49107204,49933218,46,950,0,0,0,0,0,0,"[""83762138"", ""201469244"", ""139629122"", ""208171217"", ""203506552"", ""134421881"", ""109790613"", ""180749192"", ""139114542"", ""134014211""]"
none_subset,4,214344335,163348531,37,345,0,0,0,0,0,0,"[""209045757"", ""167166017"", ""187389375"", ""202780647"", ""209794141"", ""169510905"", ""143946320"", ""186593902"", ""199385964"", ""148896266""]"
none_subset,4,31317843,23408401,4,270,0,0,0,0,0,0,"[""202360528"", ""209018186"", ""176867327"", ""77929117"", ""179812166"", ""144373105"", ""194446742"", ""9766161"", ""197921332"", ""186775950""]"
none_subset,4,224204162,212715570,37,77,0,0,0,0,0,0,"[""183519446"", ""211987844"", ""201572634"", ""210666947"", ""168816718"", ""212216117"", ""164058126"", ""213416559"", ""188568572"", ""157945105""]"
none_subset,4,189373853,130801453,4,422,0,0,0,0,0,0,"[""156440021"", ""112726802"", ""148023845"", ""75870943"", ""164258790"", ""104121894"", ""147048275"", ""205277943"", ""66199264"", ""129525709""]"
none_subset,4,222044678,167888045,62,473,0,0,0,0,0,0,"[""133228837"", ""156489473"", ""212180917"", ""203449670"", ""191604760"", ""205216281"", ""170246818"", ""123145266"", ""163475721"", ""153551332""]"
none_subset,4,208010109,163280205,38,82,0,0,0,0,0,0,"[""178462865"", ""136949110"", ""119096193"", ""159911050"", ""126891166"", ""207390508"", ""150630196"", ""130417987"", ""16689432"", ""130168090""]"
none_subset,4,205419462,160127507,37,571,0,0,0,0,0,0,"[""105274553"", ""23924949"", ""169268977"", ""191060958"", ""194553077"", ""143946320"", ""78200756"", ""153601190"", ""29496516"", ""120040052""]"
none_subset,4,97825776,70629467,38,89,0,0,0,0,0,0,"[""77338935"", ""149562058"", ""103005464"", ""144183456"", ""114260093"", ""192975911"", ""114655712"", ""133301327"", ""85968650"", ""113496860""]"
none_subset,4,222906631,193455135,62,1009,0,0,0,0,0,0,"[""192653562"", ""190955120"", ""143226394"", ""158763261"", ""175893857"", ""109143906"", ""212334345"", ""167750533"", ""195015114"", ""192396971""]"
none_subset,4,220459435,143226636,64,1613,0,0,0,0,0,0,"[""96431966"", ""60124479"", ""12228373"", ""31683521"", ""210873715"", ""80281524"", ""26075068"", ""63861102"", ""202708847"", ""155183786""]"
none_subset,4,51126117,37520314,43,1825,0,0,0,0,0,0,"[""146413132"", ""193982039"", ""143668677"", ""171888747"", ""35117971"", ""59547777"", ""127415515"", ""27781370"", ""71896649"", ""92847015""]"
none_subset,4,94523277,84248620,43,272,0,0,0,0,0,0,"[""120869286"", ""106212567"", ""97617721"", ""158541186"", ""105238183"", ""55284074"", ""170809412"", ""138575092"", ""154632495"", ""191701674""]"
none_subset,4,121083928,108934756,46,260,0,0,0,0,0,0,"[""100881714"", ""61233280"", ""136715816"", ""76658512"", ""144431749"", ""210829117"", ""53826389"", ""207308677"", ""81754384"", ""171907300""]"
none_subset,4,221352273,98882441,43,103,0,0,0,0,0,0,"[""126702260"", ""164097777"", ""123511609"", ""211784042"", ""98581026"", ""183525953"", ""205276629"", ""141162020"", ""97240353"", ""193103331""]"
none_subset,4,175473031,127669129,38,943,0,0,0,0,0,0,"[""19105395"", ""188178632"", ""189745383"", ""173253112"", ""174919483"", ""104404349"", ""171909035"", ""152717874"", ""95420911"", ""144249722""]"
none_subset,4,116625385,103725802,62,287,0,0,0,0,0,0,"[""50662129"", ""94546694"", ""141754702"", ""188189839"", ""152815967"", ""92445171"", ""97195771"", ""82871684"", ""18880304"", ""106557292""]"
none_subset,4,223988089,213483179,4,25,0,0,0,0,1,1,"[""206636227"", ""208780104"", ""191316160"", ""192410120"", ""202705628"", ""193001991"", ""193481695"", ""210484477"", ""201211887"", ""192952375""]"
none_subset,4,219120638,204141781,4,30,0,0,0,0,1,1,"[""206303506"", ""207322592"", ""180063242"", ""191033158"", ""179258061"", ""183642706"", ""210482913"", ""215198902"", ""98834359"", ""186739934""]"
none_subset,4,215082446,203402486,37,43,0,0,0,0,0,1,"[""148500212"", ""210646051"", ""188912090"", ""212381571"", ""208436129"", ""214708320"", ""173966675"", ""206587185"", ""197238711"", ""168569670""]"
none_subset,4,196002134,161849215,38,306,0,0,0,0,0,0,"[""104835682"", ""119904842"", ""174852342"", ""140706495"", ""169977461"", ""133404015"", ""101760897"", ""173812439"", ""128953329"", ""99075342""]"
none_subset,4,208449521,185245568,57,135,0,0,0,0,0,0,"[""188457754"", ""134525592"", ""96446850"", ""213579155"", ""214311059"", ""208325814"", ""208983504"", ""165109337"", ""208504223"", ""185223242""]"
none_subset,4,183171638,145779083,64,192,0,0,0,0,0,0,"[""179201033"", ""62550428"", ""80281524"", ""60032340"", ""149715107"", ""187708913"", ""204824313"", ""181619566"", ""138235993"", ""190043031""]"
none_subset,4,220410698,197891724,43,208,0,0,0,0,0,0,"[""127254122"", ""197613208"", ""164251704"", ""67909736"", ""66709739"", ""195866072"", ""66709745"", ""168131196"", ""100215754"", ""59497573""]"
none_subset,4,221535047,179411117,64,88,0,0,0,0,0,0,"[""181874277"", ""132289907"", ""167172273"", ""98469115"", ""147880315"", ""214122620"", ""157803989"", ""128304968"", ""191000780"", ""183987662""]"
none_subset,4,216601243,200027492,64,14,0,0,0,0,1,1,"[""192779268"", ""196286726"", ""174719538"", ""200505701"", ""183765574"", ""206705882"", ""147671714"", ""173661276"", ""14286061"", ""182199798""]"
none_subset,4,220873388,199918988,37,380,0,0,0,0,0,0,"[""187502080"", ""184920959"", ""212047029"", ""123163900"", ""147794006"", ""153111696"", ""126753800"", ""168678804"", ""211318715"", ""102274756""]"
none_subset,4,217693454,177166442,43,20,0,0,0,0,1,1,"[""122714725"", ""192226046"", ""125552119"", ""191423965"", ""209248830"", ""157655830"", ""161019176"", ""214985972"", ""209588885"", ""138361155""]"
none_subset,4,173520109,99275075,43,26,0,0,0,0,1,1,"[""208008027"", ""207898804"", ""114163759"", ""201971973"", ""215347381"", ""127321663"", ""198489911"", ""168068475"", ""166752829"", ""77390218""]"
none_subset,4,212767210,189061237,64,203,0,0,0,0,0,0,"[""182199798"", ""207331867"", ""68125060"", ""157545455"", ""205632083"", ""148720113"", ""210741382"", ""200505701"", ""203527868"", ""174827740""]"
none_subset,4,91880497,88249240,64,287,0,0,0,0,0,0,"[""160009723"", ""156766484"", ""138798142"", ""70607335"", ""139856523"", ""201542748"", ""97352989"", ""159988781"", ""168661537"", ""65008714""]"
none_subset,4,153313707,122241592,37,73,0,0,0,0,0,0,"[""171803364"", ""186464825"", ""154942150"", ""118848444"", ""156905299"", ""105569391"", ""138622989"", ""136186158"", ""202157886"", ""160929058""]"
none_subset,4,207456721,126618856,43,90,0,0,0,0,0,0,"[""193746203"", ""194880726"", ""164268294"", ""212781685"", ""171112521"", ""168783197"", ""170651164"", ""192942930"", ""204609076"", ""200392561""]"
none_subset,4,161209672,138898252,4,316,0,0,0,0,0,0,"[""51485643"", ""149472153"", ""131127839"", ""101609584"", ""88024994"", ""163708754"", ""49427839"", ""162650154"", ""158225228"", ""22753311""]"
none_subset,4,187312138,148067653,37,549,0,0,0,0,0,0,"[""187043151"", ""29496516"", ""186986472"", ""105224939"", ""123259140"", ""187819119"", ""21114364"", ""71957357"", ""45171964"", ""105274553""]"
none_subset,4,54146503,56795758,4,217,0,0,0,0,0,0,"[""56134226"", ""119900827"", ""179258061"", ""139342323"", ""198809896"", ""65093674"", ""201066421"", ""209670193"", ""77968334"", ""213127345""]"
none_subset,4,210255972,188314835,62,67,0,0,0,0,0,0,"[""32728587"", ""142923518"", ""184570386"", ""129898062"", ""194424066"", ""143843798"", ""195900799"", ""128579095"", ""182029851"", ""120555954""]"
none_subset,4,207031014,150231110,57,77,0,0,0,0,0,0,"[""135046482"", ""205832430"", ""145670007"", ""141707543"", ""149101691"", ""162420684"", ""160823099"", ""129568269"", ""131996709"", ""79035945""]"
none_subset,4,199520065,173406416,57,14,0,0,0,0,1,1,"[""213078674"", ""215562071"", ""214059340"", ""172288940"", ""211475673"", ""209393238"", ""188906002"", ""210636826"", ""195501209"", ""209470103""]"
none_subset,4,215503911,187812442,37,11,0,0,0,0,1,1,"[""198753304"", ""16898206"", ""149631379"", ""121116115"", ""201252808"", ""176706329"", ""188679659"", ""119637829"", ""142288546"", ""199918065""]"
none_subset,4,216752174,12178696,57,1321,0,0,0,0,0,0,"[""192963179"", ""170745002"", ""214125411"", ""158555938"", ""112042068"", ""177626941"", ""202223595"", ""206941235"", ""214191591"", ""138785143""]"
none_subset,4,196206050,103725130,62,1217,0,0,0,0,0,0,"[""164559013"", ""19558627"", ""116117359"", ""167375117"", ""210720075"", ""176607034"", ""52231765"", ""214414843"", ""189473848"", ""158414641""]"
none_subset,4,195732783,167970913,62,3,0,1,1,1,1,1,"[""167296312"", ""157926065"", ""167970913"", ""57509321"", ""79050446"", ""204033047"", ""191519026"", ""206185867"", ""186145130"", ""147492641""]"
none_subset,4,219385996,204738388,64,33,0,0,0,0,0,1,"[""204824313"", ""208915255"", ""149715107"", ""179201033"", ""184002672"", ""138800320"", ""117481999"", ""166289001"", ""156194814"", ""62550428""]"
none_subset,4,164141610,140447135,4,173,0,0,0,0,0,0,"[""193951937"", ""181206759"", ""108202978"", ""142085087"", ""215675334"", ""191591466"", ""131039184"", ""76519929"", ""197712619"", ""47487946""]"
none_subset,4,207144471,179312045,43,39,0,0,0,0,0,1,"[""123492526"", ""147531803"", ""176722009"", ""38569436"", ""160407494"", ""120594115"", ""67208060"", ""157995027"", ""91477618"", ""26638732""]"
none_subset,4,218707519,194193597,37,2635,0,0,0,0,0,0,"[""156884960"", ""121116115"", ""189268503"", ""152140191"", ""119637829"", ""166075041"", ""170049514"", ""193719358"", ""153205116"", ""212047029""]"
none_subset,4,184643244,136188138,43,319,0,0,0,0,0,0,"[""157995027"", ""157682449"", ""70531248"", ""163286400"", ""178871976"", ""191493447"", ""202516482"", ""144167451"", ""127203559"", ""166786389""]"
none_subset,4,190676291,129735644,37,4,0,0,1,1,1,1,"[""188679659"", ""200025016"", ""159931625"", ""129735644"", ""126361288"", ""143805569"", ""144990749"", ""198753304"", ""163644147"", ""211746985""]"
none_subset,4,220483436,203171809,46,195,0,0,0,0,0,0,"[""212168388"", ""209050134"", ""98678440"", ""179347666"", ""208143888"", ""167424905"", ""179861117"", ""102764457"", ""76061645"", ""105129945""]"
none_subset,4,143144936,113922393,43,45,0,0,0,0,0,1,"[""187123822"", ""159116232"", ""100976417"", ""196601703"", ""163402666"", ""147531803"", ""76024222"", ""171225061"", ""116979481"", ""98747334""]"
none_subset,4,148639615,127456600,64,432,0,0,0,0,0,0,"[""121260031"", ""138322181"", ""155183786"", ""194941994"", ""199244662"", ""151134804"", ""68685146"", ""203509707"", ""130509385"", ""46094230""]"
none_subset,4,198739700,143853422,46,167,0,0,0,0,0,0,"[""156263625"", ""139649558"", ""156554598"", ""143689220"", ""59097004"", ""155017018"", ""160110731"", ""127947793"", ""193559506"", ""193874948""]"
none_subset,4,178363367,76515539,4,475,0,0,0,0,0,0,"[""126889201"", ""179804262"", ""70921117"", ""151009561"", ""121025812"", ""126241663"", ""201514296"", ""144513042"", ""116662369"", ""185787629""]"
none_subset,4,221497820,205217800,37,2506,0,0,0,0,0,0,"[""186828726"", ""192617496"", ""173640245"", ""195908286"", ""213318077"", ""204138156"", ""172689752"", ""173966675"", ""190070434"", ""195744990""]"
none_subset,4,212427235,192331154,4,5,0,0,1,1,1,1,"[""160129846"", ""160260159"", ""195513078"", ""201357350"", ""192331154"", ""72373127"", ""196470181"", ""192877167"", ""192331065"", ""189901460""]"
none_subset,4,225330143,209736185,37,172,0,0,0,0,0,0,"[""203730564"", ""210478382"", ""195014964"", ""190569345"", ""203803337"", ""211165397"", ""201660893"", ""209585249"", ""190866330"", ""194731784""]"
none_subset,4,149653684,129743423,46,602,0,0,0,0,0,0,"[""104586565"", ""128991595"", ""127761298"", ""173788835"", ""119145716"", ""201961238"", ""86336122"", ""205657343"", ""183939554"", ""119093613""]"
none_subset,4,222741617,189469136,62,388,0,0,0,0,0,0,"[""145797588"", ""69165087"", ""203208937"", ""150458051"", ""212334345"", ""109144733"", ""143227017"", ""143226394"", ""190955120"", ""124265654""]"
none_subset,4,213530281,132708440,4,342,0,0,0,0,0,0,"[""195717749"", ""79486528"", ""149909385"", ""163608455"", ""177531279"", ""123881493"", ""153876614"", ""159922963"", ""184994826"", ""117660981""]"
none_subset,4,221051112,158758245,46,533,0,0,0,0,0,0,"[""208805779"", ""208458622"", ""204919891"", ""214251597"", ""204899704"", ""159049004"", ""198204190"", ""202137925"", ""179440577"", ""210856802""]"
none_subset,4,191124002,152338035,64,330,0,0,0,0,0,0,"[""147880315"", ""165717472"", ""92304326"", ""174916841"", ""77671900"", ""69227080"", ""182224096"", ""213913118"", ""149734769"", ""112902032""]"
none_subset,4,131711339,111176115,38,532,0,0,0,0,0,0,"[""192884067"", ""215127574"", ""157714512"", ""211427284"", ""127107925"", ""145998937"", ""207422358"", ""41147018"", ""173793300"", ""192191594""]"
none_subset,4,218053735,202872734,46,66,0,0,0,0,0,0,"[""210738657"", ""204065707"", ""204759997"", ""133738518"", ""208062801"", ""143077183"", ""141613878"", ""211809590"", ""205239580"", ""213805109""]"
none_subset,4,209953485,170224824,37,445,0,0,0,0,0,0,"[""140057420"", ""201505284"", ""185411714"", ""172603509"", ""127604459"", ""141014415"", ""182489418"", ""105418570"", ""151546541"", ""164221751""]"
none_subset,4,123145704,104800968,62,2876,0,0,0,0,0,0,"[""156814814"", ""194491562"", ""60239293"", ""77177472"", ""211638809"", ""135226686"", ""15723967"", ""148891602"", ""125173216"", ""195484367""]"
none_subset,4,220591624,189374146,43,429,0,0,0,0,0,0,"[""197833947"", ""209388269"", ""188409353"", ""201852288"", ""196161576"", ""182583580"", ""202626349"", ""212129667"", ""195224828"", ""198087076""]"
none_subset,4,207886052,180281437,57,1312,0,0,0,0,0,0,"[""193303170"", ""195530341"", ""210440269"", ""172994991"", ""195530334"", ""187950832"", ""193741544"", ""209144105"", ""210636826"", ""201814707""]"
none_subset,4,146729202,126538280,46,92,0,0,0,0,0,0,"[""167967668"", ""207326970"", ""163911793"", ""53547017"", ""138788694"", ""210175793"", ""169673924"", ""163309329"", ""206453483"", ""81506359""]"
none_subset,4,182901850,152170362,37,410,0,0,0,0,0,0,"[""100774234"", ""190075252"", ""139391729"", ""142665464"", ""192387012"", ""84838254"", ""173645815"", ""185048961"", ""213042728"", ""195054374""]"
none_subset,4,85386587,79117002,64,558,0,0,0,0,0,0,"[""115621700"", ""171025610"", ""126387688"", ""115077619"", ""132097649"", ""187716249"", ""151366408"", ""169253567"", ""202433384"", ""119000250""]"
none_subset,4,220108881,173970730,64,999,0,0,0,0,0,0,"[""173661276"", ""143663551"", ""78458855"", ""14286061"", ""119491080"", ""14352417"", ""105898966"", ""121255930"", ""66459509"", ""183765574""]"
none_subset,4,136231774,118321491,46,261,0,0,0,0,0,0,"[""154821670"", ""142537342"", ""194301324"", ""143689220"", ""102024389"", ""137569131"", ""77518021"", ""180795459"", ""140412713"", ""183939554""]"
none_subset,4,218076458,202391654,43,514,0,0,0,0,0,0,"[""188378226"", ""183765224"", ""189266294"", ""182399428"", ""183691121"", ""178668945"", ""182902299"", ""206290556"", ""207048259"", ""210822887""]"
none_subset,4,151457040,131972279,38,341,0,0,0,0,0,0,"[""136949110"", ""158574234"", ""162345431"", ""100690598"", ""165274768"", ""97582200"", ""204913338"", ""207694901"", ""200931885"", ""159012629""]"
none_subset,4,94771580,90931027,4,11,0,0,0,0,1,1,"[""181915374"", ""131992278"", ""148086167"", ""27693819"", ""190480175"", ""213979278"", ""165023261"", ""154474714"", ""169697872"", ""72626014""]"
none_subset,4,195834261,152715274,43,278,0,0,0,0,0,0,"[""174164151"", ""210321299"", ""207051663"", ""105854316"", ""132315079"", ""79676853"", ""183640029"", ""164527202"", ""144974351"", ""209759690""]"
none_subset,4,225335264,213936097,38,20,0,0,0,0,1,1,"[""133136953"", ""37809434"", ""179876069"", ""108421334"", ""127751166"", ""167323493"", ""114055239"", ""149343290"", ""37709032"", ""191903812""]"
none_subset,4,217442424,194999634,37,1131,0,0,0,0,0,0,"[""33563950"", ""193680819"", ""168115320"", ""206587185"", ""187324915"", ""192456013"", ""160232517"", ""173640245"", ""206298198"", ""204860223""]"
none_subset,4,170306265,132521306,62,1780,0,0,0,0,0,0,"[""36007287"", ""205145270"", ""48466258"", ""172899019"", ""160614049"", ""122201530"", ""157866131"", ""8737650"", ""72221818"", ""172191347""]"
none_subset,4,225100806,194420087,38,9,0,0,0,1,1,1,"[""206506072"", ""145720442"", ""207390535"", ""190160674"", ""207390508"", ""163280205"", ""130417987"", ""200521385"", ""194420087"", ""153901522""]"
none_subset,4,151560675,130163312,43,45,0,0,0,0,0,1,"[""183029564"", ""175827163"", ""147117418"", ""207753535"", ""127000704"", ""204884209"", ""151416547"", ""194521804"", ""184038758"", ""186403472""]"
none_subset,4,171987040,118260233,57,19,0,0,0,0,1,1,"[""190632146"", ""78545033"", ""142032570"", ""143684931"", ""204632527"", ""202770273"", ""163252829"", ""168045888"", ""140102042"", ""202246336""]"
none_subset,4,202153214,123069558,4,63,0,0,0,0,0,0,"[""158546701"", ""73118528"", ""185596367"", ""211469837"", ""208950650"", ""200694810"", ""200198172"", ""163772112"", ""191183275"", ""207568797""]"
none_subset,4,78072053,59483816,64,100,0,0,0,0,0,0,"[""179015555"", ""157803989"", ""138115654"", ""103416735"", ""88397191"", ""181619566"", ""212293169"", ""133870534"", ""91451711"", ""168899904""]"
none_subset,4,207493523,182899766,38,157,0,0,0,0,0,0,"[""205170862"", ""206821652"", ""194478821"", ""102106304"", ""190110099"", ""208445626"", ""101964968"", ""138045329"", ""135581008"", ""180039610""]"
none_subset,4,187751524,117977369,62,351,0,0,0,0,0,0,"[""185057131"", ""201053460"", ""165969228"", ""126297909"", ""75068139"", ""191710575"", ""212838708"", ""187835589"", ""119760694"", ""156225790""]"
none_subset,4,224353790,176867327,4,15,0,0,0,0,1,1,"[""198070526"", ""103376883"", ""178109092"", ""188802396"", ""207098068"", ""182263629"", ""149095048"", ""107717290"", ""98076075"", ""77682387""]"
none_subset,4,224963732,63150406,4,144,0,0,0,0,0,0,"[""101609584"", ""199834780"", ""187964382"", ""98076075"", ""167351572"", ""22859510"", ""112914230"", ""23408401"", ""110512138"", ""167564443""]"
none_subset,4,188363890,157022245,37,81,0,0,0,0,0,0,"[""188679659"", ""93714502"", ""183923787"", ""201252808"", ""138291906"", ""152102790"", ""200025016"", ""126929630"", ""187812442"", ""212047029""]"
none_subset,4,111391777,80592176,43,2443,0,0,0,0,0,0,"[""112544549"", ""160407494"", ""176722009"", ""119119405"", ""147531803"", ""184777155"", ""38569436"", ""199487526"", ""109574039"", ""177908348""]"
none_subset,4,185861316,157034330,43,1447,0,0,0,0,0,0,"[""193238141"", ""138589509"", ""171665125"", ""55355667"", ""178073804"", ""121165459"", ""73371698"", ""215052803"", ""127263729"", ""210455532""]"
none_subset,4,199220900,172517595,46,23,0,0,0,0,1,1,"[""211774611"", ""86091554"", ""200878445"", ""77408378"", ""163538004"", ""209824689"", ""162270850"", ""79678760"", ""58540862"", ""197949897""]"
none_subset,4,194601945,167254572,57,403,0,0,0,0,0,0,"[""204632527"", ""202770273"", ""205338582"", ""182256012"", ""126962839"", ""78545033"", ""209502529"", ""118260233"", ""185584299"", ""211940844""]"
none_subset,4,209766875,129198704,62,636,0,0,0,0,0,0,"[""139116865"", ""146833356"", ""202517117"", ""124421602"", ""127953008"", ""213830821"", ""206062280"", ""196345674"", ""155977860"", ""129328061""]"
none_subset,4,116160094,86336122,46,378,0,0,0,0,0,0,"[""206579192"", ""146029150"", ""101304130"", ""142789905"", ""156263625"", ""167337155"", ""167383627"", ""77518021"", ""84439889"", ""51224844""]"
none_subset,4,147717089,108862398,64,1,1,1,1,1,1,1,"[""108862398"", ""111165071"", ""200497374"", ""139515295"", ""131569653"", ""7771724"", ""148413683"", ""143662194"", ""189365972"", ""96029631""]"
none_subset,4,186626837,158545727,4,116,0,0,0,0,0,0,"[""192786300"", ""184476437"", ""174176796"", ""146180479"", ""141186510"", ""191509023"", ""195520748"", ""120205229"", ""188806596"", ""103497899""]"
none_subset,4,119314301,106027581,38,5,0,0,1,1,1,1,"[""8550716"", ""76978137"", ""98186259"", ""98791025"", ""106027581"", ""192721742"", ""198984787"", ""83087072"", ""119050794"", ""168804724""]"
none_subset,4,204757422,175989090,38,2454,0,0,0,0,0,0,"[""155422545"", ""79794775"", ""169977461"", ""180406128"", ""91942518"", ""127507638"", ""166308838"", ""172923145"", ""136043837"", ""101964968""]"
none_subset,4,219332289,205051314,38,18,0,0,0,0,1,1,"[""149816343"", ""67086891"", ""118659816"", ""160303868"", ""145998937"", ""180386955"", ""155012065"", ""181443633"", ""147242050"", ""145782832""]"
none_subset,4,186986097,133869230,62,1289,0,0,0,0,0,0,"[""162429356"", ""132102628"", ""185125027"", ""150558575"", ""69165087"", ""60498626"", ""122004752"", ""207296131"", ""188657346"", ""93485203""]"
none_subset,4,224030595,213046127,37,27,0,0,0,0,1,1,"[""164058126"", ""206129800"", ""209000043"", ""183519446"", ""204077513"", ""150765445"", ""212216117"", ""168816718"", ""197238711"", ""214532522""]"
none_subset,4,223060529,211190408,46,68,0,0,0,0,0,0,"[""183049052"", ""136909437"", ""204219042"", ""179347666"", ""174705087"", ""105169863"", ""167548901"", ""179861117"", ""204376393"", ""172684450""]"
none_subset,4,225333086,214293298,46,400,0,0,0,0,0,0,"[""177962710"", ""204899704"", ""205545277"", ""173540309"", ""210448956"", ""214251597"", ""129461367"", ""178405632"", ""208805779"", ""208458622""]"
none_subset,4,223202492,212168854,43,13,0,0,0,0,1,1,"[""183029564"", ""176475069"", ""204884209"", ""171833857"", ""176670642"", ""185822792"", ""145698725"", ""184136574"", ""136943547"", ""89403432""]"
none_subset,4,102160839,96260659,57,834,0,0,0,0,0,0,"[""83357296"", ""57914854"", ""195891082"", ""178336767"", ""175877174"", ""135805652"", ""211835809"", ""66485491"", ""97187105"", ""164963618""]"
none_subset,4,206290777,118125733,37,286,0,0,0,0,0,0,"[""192913849"", ""150765445"", ""187021020"", ""143874999"", ""201258368"", ""136186158"", ""163655065"", ""161133997"", ""195715759"", ""215287161""]"
none_subset,4,205775114,168366363,4,68,0,0,0,0,0,0,"[""167104684"", ""141130959"", ""144264277"", ""207942600"", ""143872793"", ""158607543"", ""179140612"", ""128402566"", ""124893597"", ""76695262""]"
none_subset,4,213047715,192139123,37,969,0,0,0,0,0,0,"[""153367008"", ""213639953"", ""209587702"", ""182207000"", ""146393296"", ""162275547"", ""173432313"", ""174772190"", ""190251047"", ""91173744""]"
none_subset,4,207498692,142735207,64,1204,0,0,0,0,0,0,"[""160008395"", ""119643934"", ""80098795"", ""153356810"", ""153330413"", ""151051885"", ""187708913"", ""124198714"", ""16060214"", ""179015555""]"
none_subset,4,208946500,161751974,62,374,0,0,0,0,0,0,"[""176309620"", ""106557292"", ""63080448"", ""165049336"", ""210678182"", ""123665712"", ""143261727"", ""152815967"", ""82227003"", ""210228776""]"
none_subset,4,33617843,36111005,46,31,0,0,0,0,0,1,"[""138953275"", ""203343668"", ""139114542"", ""131488301"", ""171785060"", ""109562038"", ""144208600"", ""120963350"", ""141722116"", ""110540035""]"
none_subset,4,193642806,139649558,46,17,0,0,0,0,1,1,"[""167383627"", ""154894208"", ""200400926"", ""184612826"", ""193206170"", ""205315794"", ""156554598"", ""134691092"", ""213237768"", ""193874948""]"
none_subset,4,192026550,119096193,38,5,0,0,1,1,1,1,"[""190160674"", ""158493521"", ""204985593"", ""178462865"", ""119096193"", ""145720442"", ""150630196"", ""208225541"", ""130417987"", ""206506072""]"
none_subset,4,179279562,148395469,38,256,0,0,0,0,0,0,"[""171949747"", ""79372963"", ""202182110"", ""201541368"", ""127539785"", ""148419997"", ""192992682"", ""116226486"", ""165409487"", ""159268049""]"
none_subset,4,208649877,184547134,38,730,0,0,0,0,0,0,"[""38003672"", ""123821164"", ""18107447"", ""193054363"", ""158102628"", ""148428740"", ""181880655"", ""200830087"", ""174539147"", ""156263699""]"
none_subset,4,222409288,206947052,4,41,0,0,0,0,0,1,"[""205530255"", ""164258790"", ""212277102"", ""206235969"", ""138626625"", ""113199812"", ""209043508"", ""211469837"", ""154473913"", ""204124240""]"
none_subset,4,192463695,164467222,43,79,0,0,0,0,0,0,"[""171948652"", ""201006052"", ""183856655"", ""148635203"", ""204570694"", ""117448343"", ""140307868"", ""182659497"", ""201736764"", ""190335273""]"
none_subset,4,24131087,23370473,64,1514,0,0,0,0,0,0,"[""80281524"", ""187708913"", ""46094230"", ""63474547"", ""181619566"", ""90897593"", ""155183786"", ""19607163"", ""56995363"", ""60032340""]"
none_subset,4,219575931,204090999,57,1771,0,0,0,0,0,0,"[""98039533"", ""121902729"", ""183993242"", ""165637321"", ""170453821"", ""141989435"", ""82173375"", ""158555938"", ""192963179"", ""55674605""]"
none_subset,4,195871684,167314927,62,2392,0,0,0,0,0,0,"[""125457528"", ""143932676"", ""174963383"", ""194290546"", ""70069885"", ""76575420"", ""167750533"", ""66010243"", ""61171420"", ""96606456""]"
none_subset,4,196322778,76668217,64,32,0,0,0,0,0,1,"[""165717472"", ""98469115"", ""174916841"", ""153275921"", ""126295674"", ""163956163"", ""206142030"", ""135170809"", ""111495627"", ""149283050""]"
none_subset,4,216142657,191096738,4,46,0,0,0,0,0,1,"[""143852845"", ""171447530"", ""201582207"", ""136474102"", ""197860156"", ""156471159"", ""120263120"", ""152566280"", ""112540745"", ""172852183""]"
none_subset,4,82006848,78523755,64,48,0,0,0,0,0,1,"[""82808529"", ""44132236"", ""83781866"", ""74256345"", ""118462041"", ""75157723"", ""155708697"", ""205920501"", ""130094229"", ""143450620""]"
none_subset,4,217905927,201535486,43,189,0,0,0,0,0,0,"[""156158359"", ""197613208"", ""192529072"", ""208096405"", ""164251704"", ""166148334"", ""208864917"", ""168131196"", ""162605137"", ""211667378""]"
none_subset,4,208390545,59625040,46,877,0,0,0,0,0,0,"[""200860795"", ""209764015"", ""212469100"", ""201508287"", ""204316129"", ""141781507"", ""173365679"", ""131042947"", ""168442343"", ""213571883""]"
none_subset,4,179369744,73560534,38,1143,0,0,0,0,0,0,"[""156424467"", ""49391991"", ""121639115"", ""186767110"", ""177165475"", ""179234058"", ""191371664"", ""193563274"", ""81220432"", ""163758025""]"
none_subset,4,101140480,94325281,64,857,0,0,0,0,0,0,"[""202708847"", ""96431966"", ""155183786"", ""67998486"", ""210444502"", ""32252174"", ""82453175"", ""152603802"", ""60046348"", ""31683521""]"
none_subset,4,89674009,81691027,38,26,0,0,0,0,1,1,"[""155422545"", ""81626812"", ""85968650"", ""200285040"", ""199035650"", ""169820470"", ""112388659"", ""113745991"", ""200850313"", ""78137458""]"
none_subset,4,142761922,125568463,46,1163,0,0,0,0,0,0,"[""150142821"", ""211380085"", ""70517064"", ""206995470"", ""170790096"", ""208035235"", ""77527113"", ""129338201"", ""12880586"", ""169435001""]"
none_subset,4,33678576,15001776,64,606,0,0,0,0,0,0,"[""138322181"", ""155183786"", ""63474547"", ""60032340"", ""196347311"", ""121260031"", ""46094230"", ""107055611"", ""115621700"", ""25588585""]"
none_subset,4,179476917,141606114,4,264,0,0,0,0,0,0,"[""138975756"", ""12396291"", ""149759096"", ""187964382"", ""122594682"", ""148281605"", ""156103241"", ""122564854"", ""116057633"", ""181715447""]"
none_subset,4,223946239,213414254,4,134,0,0,0,0,0,0,"[""188321672"", ""191147915"", ""207726716"", ""189899644"", ""187535990"", ""212129395"", ""183858161"", ""191627911"", ""194722275"", ""198615413""]"
none_subset,4,174118254,143065905,37,3,0,1,1,1,1,1,"[""142113211"", ""140618489"", ""143065905"", ""173621712"", ""70970519"", ""142508806"", ""188646002"", ""183268600"", ""174850296"", ""28242894""]"
none_subset,4,183117973,115290940,37,1165,0,0,0,0,0,0,"[""190113798"", ""114167582"", ""141505308"", ""186429778"", ""149248013"", ""164415171"", ""137589893"", ""201003118"", ""17206468"", ""147751334""]"
none_subset,4,175413260,130737214,38,687,0,0,0,0,0,0,"[""184191073"", ""105149146"", ""147380841"", ""160036934"", ""135619578"", ""140979774"", ""187319038"", ""109987226"", ""128085075"", ""212304490""]"
none_subset,4,209482859,181736422,38,186,0,0,0,0,0,0,"[""153387624"", ""180386955"", ""128168264"", ""212088933"", ""149343290"", ""145999061"", ""102676974"", ""189593063"", ""138613562"", ""196744965""]"
none_subset,4,221003754,206800954,4,1589,0,0,0,0,0,0,"[""177860593"", ""184476437"", ""192786300"", ""156251697"", ""184753068"", ""163036343"", ""176720818"", ""185275943"", ""213617512"", ""190075149""]"
none_subset,4,118883001,105063982,57,241,0,0,0,0,0,0,"[""202526079"", ""210683531"", ""204632529"", ""196654350"", ""172059758"", ""149224940"", ""154877704"", ""209502529"", ""211940844"", ""205338620""]"
none_subset,4,218366315,140803712,46,773,0,0,0,0,0,0,"[""176659851"", ""180795459"", ""111077753"", ""78696152"", ""169970147"", ""178975230"", ""167856948"", ""78004872"", ""86246820"", ""97623791""]"
none_subset,4,209894344,167892996,57,507,0,0,0,0,0,0,"[""97187105"", ""124098501"", ""111084475"", ""52718700"", ""124415280"", ""47987945"", ""134533921"", ""180302528"", ""166094087"", ""150670825""]"
none_subset,4,207061491,168928025,62,874,0,0,0,0,0,0,"[""151308081"", ""99563204"", ""132104523"", ""170213166"", ""194230601"", ""148682248"", ""181798024"", ""214511493"", ""83142233"", ""163620157""]"
none_subset,4,201593798,161790106,43,14,0,0,0,0,1,1,"[""166706405"", ""121507083"", ""197902347"", ""166708862"", ""209145709"", ""158859358"", ""213020277"", ""210940174"", ""158868087"", ""184705867""]"
none_subset,4,225306237,215138112,64,387,0,0,0,0,0,0,"[""211889722"", ""174719538"", ""207726882"", ""176590943"", ""196286726"", ""184550395"", ""200030150"", ""210649942"", ""150570854"", ""197268810""]"
none_subset,4,143777051,114526627,62,1909,0,0,0,0,0,0,"[""192396971"", ""205608634"", ""195015114"", ""119396258"", ""205254156"", ""73563944"", ""57861067"", ""146789147"", ""52192033"", ""179155211""]"
none_subset,4,217014070,150945016,37,995,0,0,0,0,0,0,"[""45171964"", ""187043151"", ""178961164"", ""75561865"", ""147435678"", ""193825569"", ""204920168"", ""139778879"", ""154409188"", ""70310902""]"
none_subset,4,180094400,149056162,37,362,0,0,0,0,0,0,"[""53389573"", ""213471023"", ""144129822"", ""202778075"", ""98865638"", ""193030442"", ""84838254"", ""156094427"", ""209543868"", ""194094966""]"
none_subset,4,207560852,183472917,62,403,0,0,0,0,0,0,"[""191313815"", ""192772205"", ""172997177"", ""206841068"", ""197247155"", ""210489322"", ""179064472"", ""214078993"", ""191982155"", ""204577887""]"
none_subset,4,184775118,154364197,64,2111,0,0,0,0,0,0,"[""194941994"", ""121260031"", ""146444401"", ""56995363"", ""188128198"", ""101169098"", ""130509385"", ""101323481"", ""194767716"", ""184410319""]"
none_subset,4,223690184,207948213,38,1,1,1,1,1,1,1,"[""207948213"", ""127507638"", ""126409844"", ""139871095"", ""63443950"", ""199402447"", ""172773467"", ""78540845"", ""180907201"", ""180406128""]"
none_subset,4,214828736,195583647,37,1453,0,0,0,0,0,0,"[""209034394"", ""211987844"", ""209002652"", ""180243968"", ""211389654"", ""211380775"", ""185970047"", ""162230699"", ""145639775"", ""204161065""]"
none_subset,4,191627223,164099332,62,2079,0,0,0,0,0,0,"[""45997741"", ""117006578"", ""101066716"", ""178964015"", ""165955561"", ""145492438"", ""148891602"", ""156503039"", ""182866713"", ""160610901""]"
none_subset,4,197554152,170263816,62,551,0,0,0,0,0,0,"[""162263431"", ""113866351"", ""42940692"", ""75207324"", ""45013331"", ""74242439"", ""114525243"", ""164086518"", ""123687816"", ""117006578""]"
none_subset,4,166510036,138606216,38,33,0,0,0,0,0,1,"[""203371728"", ""143671272"", ""211454407"", ""160111603"", ""104770507"", ""198984787"", ""164618247"", ""206918840"", ""46729593"", ""182704194""]"
none_subset,4,224499261,212715570,37,15,0,0,0,0,1,1,"[""209172335"", ""204077513"", ""188192294"", ""210562159"", ""210666947"", ""173981806"", ""195744990"", ""213318077"", ""197844035"", ""173966675""]"
none_subset,4,201827405,165105661,4,153,0,0,0,0,0,0,"[""123881493"", ""44858664"", ""112972489"", ""165897952"", ""202002064"", ""193566719"", ""193831253"", ""154474714"", ""79486528"", ""156469871""]"
none_subset,4,216775171,200451540,37,1,1,1,1,1,1,1,"[""200451540"", ""205430382"", ""212715570"", ""172288418"", ""177427251"", ""179242738"", ""179758158"", ""180243965"", ""210467440"", ""203721801""]"
none_subset,4,210702617,185394378,46,30,0,0,0,0,1,1,"[""78390422"", ""13940893"", ""76396478"", ""201508287"", ""198522018"", ""82040536"", ""214023065"", ""214806915"", ""84422038"", ""17698917""]"
none_subset,4,187312110,156634898,37,1123,0,0,0,0,0,0,"[""208576745"", ""212047029"", ""188679659"", ""195462928"", ""204992307"", ""185112282"", ""214708320"", ""126929630"", ""152102790"", ""170049514""]"
none_subset,4,199742206,157864488,46,70,0,0,0,0,0,0,"[""105064166"", ""160110731"", ""157884203"", ""193559506"", ""143770600"", ""169636588"", ""214464211"", ""158054071"", ""158806989"", ""57800452""]"
none_subset,4,196365631,167676599,57,1087,0,0,0,0,0,0,"[""143993691"", ""103674969"", ""167495362"", ""112917444"", ""113035980"", ""143096525"", ""176767835"", ""85888656"", ""196626617"", ""180073794""]"
none_subset,4,181812252,156940916,37,27,0,0,0,0,1,1,"[""164430683"", ""174852305"", ""141976904"", ""187712911"", ""136884669"", ""147751334"", ""157140706"", ""113068731"", ""101532006"", ""151305355""]"
none_subset,4,218337644,143874999,37,22,0,0,0,0,1,1,"[""149406187"", ""168021556"", ""164055285"", ""149204589"", ""80795762"", ""173524493"", ""75770971"", ""131492520"", ""192913849"", ""163475905""]"
none_subset,4,144726662,190355590,62,1179,0,0,0,0,0,0,"[""48004410"", ""70069885"", ""124381580"", ""189107795"", ""188696626"", ""117835777"", ""207100364"", ""165227647"", ""97195771"", ""212966939""]"
none_subset,4,143700091,86486091,43,27,0,0,0,0,1,1,"[""38196926"", ""183751849"", ""153867752"", ""177472789"", ""119064343"", ""70843932"", ""197584084"", ""173279591"", ""188690647"", ""188378226""]"
none_subset,4,34396324,33876194,38,917,0,0,0,0,0,0,"[""76490987"", ""149982401"", ""167154238"", ""150792406"", ""95323314"", ""114055239"", ""196304269"", ""79372963"", ""207244739"", ""155589050""]"
none_subset,4,165802679,138538000,57,230,0,0,0,0,0,0,"[""174340588"", ""194873205"", ""201730719"", ""203365566"", ""113810132"", ""182623124"", ""179858380"", ""11662511"", ""211768590"", ""215562071""]"
none_subset,4,220573897,202329514,46,259,0,0,0,0,0,0,"[""165704043"", ""129506623"", ""205628361"", ""191898655"", ""176834459"", ""169636588"", ""172509742"", ""118684332"", ""213237291"", ""128991595""]"
none_subset,4,217689516,201024429,46,553,0,0,0,0,0,0,"[""21000985"", ""156263625"", ""168398015"", ""206204582"", ""146688494"", ""181935054"", ""213130291"", ""112985650"", ""194051265"", ""200400926""]"
none_subset,4,216403684,188213435,46,52,0,0,0,0,0,0,"[""134507475"", ""171801408"", ""179861117"", ""182764303"", ""129506623"", ""169229877"", ""76061645"", ""155260589"", ""180455338"", ""211382509""]"
none_subset,4,212699570,191197833,57,10,0,0,0,1,1,1,"[""163533843"", ""122751221"", ""44099846"", ""141728487"", ""145031350"", ""188514510"", ""162086507"", ""140685496"", ""136653363"", ""191197833""]"
none_subset,4,207300178,181324249,38,321,0,0,0,0,0,0,"[""113398847"", ""132680001"", ""177027866"", ""206303400"", ""55877012"", ""97407644"", ""37745250"", ""111431777"", ""192721742"", ""98884535""]"
none_subset,4,209930337,170725190,4,496,0,0,0,0,0,0,"[""119654700"", ""152685161"", ""204285378"", ""186220965"", ""121025812"", ""137001312"", ""65093644"", ""205322075"", ""200589143"", ""50883863""]"
none_subset,4,201722982,145042950,62,497,0,0,0,0,0,0,"[""99563204"", ""134905481"", ""76665110"", ""91550082"", ""97684562"", ""55234377"", ""207781571"", ""204830740"", ""212838708"", ""100102954""]"
none_subset,4,84237445,58379904,64,559,0,0,0,0,0,0,"[""141045171"", ""112056185"", ""17386508"", ""183047062"", ""120420310"", ""185454425"", ""112345894"", ""185413694"", ""67998486"", ""210444502""]"
none_subset,4,148404099,120181686,37,37,0,0,0,0,0,1,"[""29496516"", ""213026576"", ""115215869"", ""42842956"", ""188967908"", ""183122776"", ""103348357"", ""70624061"", ""118291817"", ""185636932""]"
none_subset,4,165463652,136057001,62,32,0,0,0,0,0,1,"[""139296753"", ""199438255"", ""199714786"", ""181798024"", ""96744852"", ""194230601"", ""173119325"", ""144314189"", ""153432818"", ""204435102""]"
none_subset,4,128434761,113148033,37,1638,0,0,0,0,0,0,"[""152140191"", ""192597928"", ""32618321"", ""190113798"", ""158117230"", ""93714502"", ""151941209"", ""200025016"", ""58893791"", ""130025536""]"
none_subset,4,222955728,208750964,57,141,0,0,0,0,0,0,"[""141728487"", ""91035907"", ""47987945"", ""136653363"", ""212108240"", ""164248569"", ""122751221"", ""188514510"", ""64014597"", ""155647098""]"
none_subset,4,205399887,171828064,37,626,0,0,0,0,0,0,"[""124537731"", ""145502443"", ""148800689"", ""110465452"", ""136371572"", ""150887352"", ""209736403"", ""202331502"", ""195375302"", ""209045757""]"
none_subset,4,154200016,119703959,46,1334,0,0,0,0,0,0,"[""158008511"", ""127761298"", ""138718760"", ""143366526"", ""133779076"", ""178317980"", ""128991595"", ""131931084"", ""73765596"", ""151511658""]"
none_subset,4,217258793,201437730,46,801,0,0,0,0,0,0,"[""175661430"", ""213129976"", ""156109827"", ""214520103"", ""209924155"", ""202771850"", ""210310500"", ""177381146"", ""205463159"", ""207134724""]"
none_subset,4,196274175,165770420,4,914,0,0,0,0,0,0,"[""171791158"", ""201526042"", ""130284203"", ""210434827"", ""106188623"", ""138308946"", ""157939590"", ""107153632"", ""159676437"", ""207942600""]"
none_subset,4,225228664,213581190,64,15,0,0,0,0,1,1,"[""81240114"", ""132289907"", ""123189996"", ""141447890"", ""179411117"", ""150123553"", ""92189436"", ""156476311"", ""191710817"", ""173458489""]"
none_subset,4,110145801,87001748,43,217,0,0,0,0,0,0,"[""67063550"", ""124359099"", ""194952332"", ""81706080"", ""205822080"", ""162160284"", ""68949275"", ""211526829"", ""181065510"", ""104021362""]"
none_subset,4,184208582,153459958,4,587,0,0,0,0,0,0,"[""148023845"", ""153417658"", ""50337874"", ""147048275"", ""104186703"", ""113628354"", ""135800924"", ""202372205"", ""186500017"", ""75870943""]"
none_subset,4,165752538,120041482,62,7,0,0,0,1,1,1,"[""212906250"", ""210301365"", ""159227409"", ""186169702"", ""213770244"", ""160586788"", ""120041482"", ""124265654"", ""105231780"", ""150458051""]"
none_subset,4,163874536,135684313,64,23,0,0,0,0,1,1,"[""63897092"", ""131569653"", ""61171911"", ""60291031"", ""113587141"", ""200497374"", ""184683737"", ""154504845"", ""164719263"", ""158680148""]"
none_subset,4,203940995,156161422,57,1638,0,0,0,0,0,0,"[""144992451"", ""126989970"", ""204163092"", ""143993149"", ""193957464"", ""185622297"", ""70325466"", ""161319979"", ""211497441"", ""65120893""]"
none_subset,4,139110313,61947978,4,2315,0,0,0,0,0,0,"[""138975756"", ""12396291"", ""100087840"", ""77682387"", ""142451414"", ""204147907"", ""206940426"", ""176867327"", ""198070526"", ""147422442""]"
none_subset,4,225314337,215634830,4,109,0,0,0,0,0,0,"[""140966958"", ""65093644"", ""189302306"", ""180843726"", ""65093674"", ""119654700"", ""144498775"", ""22766945"", ""152685161"", ""213979278""]"
none_subset,4,144806003,124551267,64,302,0,0,0,0,0,0,"[""81240114"", ""72224328"", ""85531879"", ""213581190"", ""121442493"", ""204273384"", ""92911620"", ""79121811"", ""143226451"", ""142231631""]"
none_subset,4,209283968,165285962,43,490,0,0,0,0,0,0,"[""188032543"", ""185121060"", ""185196782"", ""195408710"", ""128872941"", ""204449585"", ""116267659"", ""170689754"", ""209546973"", ""146783647""]"
none_subset,4,216753232,200055457,4,33,0,0,0,0,0,1,"[""165785804"", ""190777107"", ""206276218"", ""187502252"", ""208445219"", ""158546701"", ""185596367"", ""183741193"", ""185362507"", ""108788103""]"
none_subset,4,224362475,158173439,37,425,0,0,0,0,0,0,"[""134528240"", ""148515955"", ""172689752"", ""105969122"", ""187502080"", ""206146010"", ""153111696"", ""107367982"", ""209640657"", ""171761243""]"
none_subset,4,178569882,147820123,37,1547,0,0,0,0,0,0,"[""33066220"", ""100774234"", ""21423746"", ""102688777"", ""185048961"", ""51981897"", ""168678804"", ""81981879"", ""22012794"", ""126753800""]"
none_subset,4,209604337,180575809,4,26,0,0,0,0,1,1,"[""195596465"", ""211170774"", ""192874247"", ""195078992"", ""166004506"", ""203746928"", ""196026500"", ""190121568"", ""168959530"", ""184322806""]"
none_subset,4,219992524,164025251,64,789,0,0,0,0,0,0,"[""181619566"", ""60032340"", ""187708913"", ""80281524"", ""123687478"", ""124198714"", ""154897158"", ""103416735"", ""90897593"", ""187716249""]"
none_subset,4,198508821,123613267,4,69,0,0,0,0,0,0,"[""187964382"", ""143548483"", ""202167018"", ""63027674"", ""202362364"", ""149759096"", ""159734891"", ""122564854"", ""143872793"", ""129568541""]"
none_subset,4,148636912,122818220,43,432,0,0,0,0,0,0,"[""38841821"", ""188468452"", ""114763824"", ""75839769"", ""50216046"", ""189516243"", ""129748527"", ""159816013"", ""159852934"", ""182659497""]"
none_subset,4,204825101,169992252,4,2382,0,0,0,0,0,0,"[""138966111"", ""179532049"", ""43073275"", ""195502889"", ""137276271"", ""146180479"", ""194465314"", ""143762098"", ""199183086"", ""179909533""]"
none_subset,4,57431745,56593545,64,302,0,0,0,0,0,0,"[""107795593"", ""77539256"", ""62604823"", ""193135598"", ""200859322"", ""188599489"", ""67144823"", ""91903824"", ""109641421"", ""167354299""]"
none_subset,4,194697388,132953502,46,710,0,0,0,0,0,0,"[""180804264"", ""165704043"", ""204631912"", ""213672603"", ""197454401"", ""170915583"", ""156554598"", ""83202485"", ""77203173"", ""169782796""]"
none_subset,4,189028515,146801519,57,328,0,0,0,0,0,0,"[""145955425"", ""141122844"", ""109311521"", ""109313850"", ""199848959"", ""125334350"", ""188457754"", ""207233667"", ""162112292"", ""134168597""]"
none_subset,4,223909363,193541472,46,409,0,0,0,0,0,0,"[""77388181"", ""64629457"", ""127997699"", ""44366670"", ""165123892"", ""209140494"", ""206587012"", ""211403494"", ""141600638"", ""191328220""]"
none_subset,4,138495758,95030361,37,566,0,0,0,0,0,0,"[""93714502"", ""152140191"", ""152508279"", ""192597928"", ""153205116"", ""195670135"", ""200025016"", ""151437967"", ""175146389"", ""186713888""]"
none_subset,4,179447751,138028240,38,90,0,0,0,0,0,0,"[""127571400"", ""117957932"", ""200665837"", ""83459172"", ""167575814"", ""153394371"", ""204637998"", ""179558506"", ""113712890"", ""185835448""]"
none_subset,4,127852537,81626812,38,16,0,0,0,0,1,1,"[""94347039"", ""161002473"", ""128080279"", ""207911331"", ""197196790"", ""169820470"", ""102166943"", ""70118559"", ""193325020"", ""116675816""]"
none_subset,4,212440905,192424356,4,5,0,0,1,1,1,1,"[""190574356"", ""181099732"", ""191147915"", ""146764647"", ""192424356"", ""193021423"", ""205600080"", ""192877167"", ""191316160"", ""126810749""]"
none_subset,4,157670348,132803751,64,6,0,0,0,1,1,1,"[""203544848"", ""153356810"", ""62313025"", ""211228726"", ""120966979"", ""132803751"", ""124508209"", ""182762792"", ""167158322"", ""106003200""]"
none_subset,4,191985062,164550665,43,1443,0,0,0,0,0,0,"[""197613208"", ""186549940"", ""156158359"", ""145672403"", ""158387518"", ""203668670"", ""144475989"", ""132072123"", ""35003932"", ""161849641""]"
none_subset,4,225336634,48071159,37,220,0,0,0,0,0,0,"[""60946553"", ""145639775"", ""61285818"", ""150778048"", ""209109785"", ""120181686"", ""80808834"", ""211415830"", ""107504819"", ""44375205""]"
none_subset,4,217323822,191689967,43,24,0,0,0,0,1,1,"[""170439536"", ""147535992"", ""140052409"", ""207549172"", ""112406996"", ""203668670"", ""186034089"", ""194343309"", ""128927470"", ""204018856""]"
none_subset,4,225164440,210724091,4,55,0,0,0,0,0,0,"[""181079699"", ""188613028"", ""210361777"", ""213465461"", ""207726716"", ""198052564"", ""213319159"", ""138891074"", ""214275181"", ""213963033""]"
none_subset,4,216502332,140995261,43,139,0,0,0,0,0,0,"[""180987149"", ""186726793"", ""194855616"", ""121590178"", ""190193667"", ""120188232"", ""145947056"", ""172848378"", ""76380885"", ""71789204""]"
none_subset,4,200789230,174884757,46,252,0,0,0,0,0,0,"[""129461367"", ""123813852"", ""167346986"", ""208171217"", ""7135475"", ""146845946"", ""155058299"", ""131950511"", ""138809171"", ""109790613""]"
none_subset,4,45683167,52432861,46,671,0,0,0,0,0,0,"[""171696517"", ""82615761"", ""200400926"", ""171309326"", ""205315794"", ""31105163"", ""162796958"", ""165953966"", ""30916684"", ""147425773""]"
none_subset,4,219224895,204919891,46,1,1,1,1,1,1,1,"[""204919891"", ""200735701"", ""206477450"", ""181935054"", ""207964729"", ""204757175"", ""179440577"", ""209947619"", ""211987120"", ""168398015""]"
none_subset,4,223224568,213006920,46,519,0,0,0,0,0,0,"[""164627162"", ""166648954"", ""170881830"", ""58097180"", ""172197706"", ""195389065"", ""207326970"", ""58412205"", ""211987120"", ""135652658""]"
none_subset,4,127083376,117996544,57,101,0,0,0,0,0,0,"[""213471870"", ""209164848"", ""167483506"", ""206066236"", ""203796300"", ""124368240"", ""211680698"", ""200031767"", ""187256807"", ""129142528""]"
none_subset,4,216446649,208397174,4,491,0,0,0,0,0,0,"[""209268749"", ""83392880"", ""195078992"", ""190121568"", ""210721272"", ""201765058"", ""172989914"", ""211037756"", ""156855089"", ""210498460""]"
none_subset,4,194056816,156424467,38,298,0,0,0,0,0,0,"[""206506072"", ""207390535"", ""49778371"", ""163280205"", ""194420087"", ""162768145"", ""130168090"", ""67142038"", ""145720442"", ""121564255""]"
none_subset,4,209768067,185690306,43,145,0,0,0,0,0,0,"[""187498153"", ""179312045"", ""132568100"", ""112929002"", ""199701148"", ""93370908"", ""101275830"", ""146898856"", ""63103166"", ""62437632""]"
none_subset,4,161378081,138066138,37,1197,0,0,0,0,0,0,"[""126361288"", ""165637927"", ""113459454"", ""182444653"", ""200025016"", ""163644147"", ""178462679"", ""201252808"", ""170879853"", ""159931625""]"
none_subset,4,199991961,120391248,46,185,0,0,0,0,0,0,"[""166648954"", ""142607225"", ""109562038"", ""202089470"", ""144208600"", ""206602271"", ""208171217"", ""83762138"", ""139114542"", ""134421881""]"
none_subset,4,36386504,39048064,37,115,0,0,0,0,0,0,"[""152762226"", ""152140191"", ""158117230"", ""192597928"", ""101318206"", ""93714502"", ""214702437"", ""165637927"", ""171828064"", ""32618321""]"
none_subset,4,197952774,165792749,64,670,0,0,0,0,0,0,"[""131215451"", ""123694415"", ""144339648"", ""212042373"", ""159354842"", ""195252134"", ""110679107"", ""94863968"", ""122642468"", ""110653495""]"
none_subset,4,122096182,87877269,43,18,0,0,0,0,1,1,"[""144744853"", ""186662243"", ""193020832"", ""158317596"", ""63371049"", ""120002560"", ""133241822"", ""63103166"", ""154791746"", ""62437632""]"
none_subset,4,22886682,21359328,64,354,0,0,0,0,0,0,"[""110653495"", ""176790633"", ""188912158"", ""155183786"", ""138322181"", ""103189720"", ""198417754"", ""186761660"", ""149002642"", ""124192379""]"
none_subset,4,61407787,67349325,4,279,0,0,0,0,0,0,"[""186220965"", ""99472535"", ""183725729"", ""144995106"", ""137934343"", ""70921117"", ""183642706"", ""194377968"", ""201066421"", ""100007550""]"
none_subset,4,212437081,143484940,46,812,0,0,0,0,0,0,"[""158946684"", ""16339902"", ""139649558"", ""174665100"", ""201215254"", ""133674182"", ""113654919"", ""172374310"", ""194811856"", ""110268464""]"
none_subset,4,182850287,143852845,4,348,0,0,0,0,0,0,"[""23408401"", ""184587206"", ""149599673"", ""187964382"", ""149095048"", ""141488485"", ""148281605"", ""98076075"", ""122564854"", ""12396291""]"
none_subset,4,221042154,204510866,64,967,0,0,0,0,0,0,"[""131413365"", ""92309560"", ""150385215"", ""78458855"", ""145311547"", ""209368038"", ""16466362"", ""143663551"", ""101323481"", ""26424932""]"
none_subset,4,223103015,178722271,46,257,0,0,0,0,0,0,"[""208712486"", ""205235605"", ""214729100"", ""213127076"", ""207544514"", ""153459843"", ""204919891"", ""215292694"", ""116100429"", ""212261718""]"
none_subset,4,174489681,144526487,62,92,0,0,0,0,0,0,"[""204830740"", ""75068139"", ""176890524"", ""149483143"", ""119124932"", ""168009154"", ""146789147"", ""97684562"", ""207274549"", ""100102954""]"
none_subset,4,218666287,144917714,62,108,0,0,0,0,0,0,"[""176309620"", ""192396971"", ""143261727"", ""211900236"", ""57861067"", ""179233833"", ""127953008"", ""94106347"", ""134702240"", ""101422214""]"
none_subset,4,221192154,207699341,38,1928,0,0,0,0,0,0,"[""204880845"", ""157657051"", ""194792551"", ""182866917"", ""23769172"", ""188544896"", ""194365263"", ""118623949"", ""170400945"", ""170938980""]"
none_subset,4,144941476,126821762,38,967,0,0,0,0,0,0,"[""74626779"", ""169063398"", ""133274826"", ""180347138"", ""107054492"", ""88908742"", ""99753126"", ""106812535"", ""127571400"", ""213985758""]"
none_subset,4,213619452,191768974,38,619,0,0,0,0,0,0,"[""124833754"", ""64397678"", ""164678834"", ""68188580"", ""179234058"", ""96846772"", ""142870223"", ""56367133"", ""73148680"", ""95431648""]"
none_subset,4,214827627,189572218,43,25,0,0,0,0,1,1,"[""205822080"", ""211891549"", ""162160284"", ""67063550"", ""200167896"", ""173923821"", ""68949275"", ""157655830"", ""194952332"", ""209588885""]"
none_subset,4,219328727,140979774,38,9,0,0,0,1,1,1,"[""176883176"", ""38003672"", ""200830087"", ""192992682"", ""180386955"", ""183569499"", ""199367174"", ""173180866"", ""140979774"", ""172317716""]"
none_subset,4,223530663,212392746,4,12,0,0,0,0,1,1,"[""209124215"", ""190777127"", ""190079873"", ""181054833"", ""159567986"", ""176566249"", ""208530280"", ""194212862"", ""191246700"", ""187320580""]"
none_subset,4,198057881,165738313,46,751,0,0,0,0,0,0,"[""124997135"", ""79809742"", ""106915000"", ""183767116"", ""147354525"", ""179533802"", ""205007406"", ""149465021"", ""181810712"", ""137783132""]"
none_subset,4,217562623,201534233,37,403,0,0,0,0,0,0,"[""202358108"", ""209154292"", ""208210254"", ""191257187"", ""192870188"", ""199476373"", ""56675511"", ""194958352"", ""156606418"", ""180787570""]"
none_subset,4,191273457,154513499,37,167,0,0,0,0,0,0,"[""191097659"", ""78795109"", ""137589893"", ""119064031"", ""204790995"", ""190113798"", ""107504819"", ""52649296"", ""186429778"", ""55814406""]"
none_subset,4,157925005,137046920,46,1705,0,0,0,0,0,0,"[""174530579"", ""13940893"", ""207429949"", ""213571883"", ""109632736"", ""172344554"", ""82753953"", ""163712975"", ""168612179"", ""198213747""]"
none_subset,4,218360635,124963799,64,1084,0,0,0,0,0,0,"[""146444401"", ""128607088"", ""19607163"", ""146630451"", ""46094230"", ""138322181"", ""176380655"", ""194767716"", ""147984435"", ""94645332""]"
none_subset,4,217204674,201230405,37,1159,0,0,0,0,0,0,"[""212715570"", ""197633924"", ""160068637"", ""149838464"", ""203928771"", ""201742088"", ""184297463"", ""190511714"", ""173981806"", ""200278482""]"
none_subset,4,195377967,124845859,38,310,0,0,0,0,0,0,"[""151180760"", ""118347950"", ""102676974"", ""107054492"", ""141000837"", ""196304269"", ""192315877"", ""75182035"", ""62710943"", ""118389997""]"
none_subset,4,210339024,185121060,43,28,0,0,0,0,1,1,"[""209666551"", ""194288073"", ""212033090"", ""200208585"", ""123511609"", ""201671217"", ""178271380"", ""183691121"", ""146783647"", ""189266294""]"
none_subset,4,25591321,25531112,46,246,0,0,0,0,0,0,"[""212690484"", ""139629122"", ""77308664"", ""85070500"", ""166648954"", ""114169237"", ""155058299"", ""132957109"", ""78347549"", ""110969671""]"
none_subset,4,220977104,207585798,46,117,0,0,0,0,0,0,"[""125568463"", ""138718760"", ""150742725"", ""105455033"", ""74936221"", ""214293298"", ""172696525"", ""141231449"", ""213021213"", ""127505414""]"
none_subset,4,206971453,176333956,57,2496,0,0,0,0,0,0,"[""202358315"", ""180448563"", ""213406997"", ""187950832"", ""197135877"", ""209144105"", ""145955425"", ""88233542"", ""170340056"", ""168399753""]"
none_subset,4,85173153,82721637,57,223,0,0,0,0,0,0,"[""207806007"", ""127515333"", ""139534989"", ""123063081"", ""49533219"", ""107669124"", ""165530822"", ""96925080"", ""205639658"", ""77804647""]"
none_subset,4,193746263,162672578,62,1664,0,0,0,0,0,0,"[""154758359"", ""211808810"", ""126216841"", ""184146697"", ""212180917"", ""116947577"", ""143226394"", ""156225790"", ""143227017"", ""91022274""]"
none_subset,4,215212259,178271380,43,532,0,0,0,0,0,0,"[""210561607"", ""98569973"", ""132352792"", ""183691121"", ""209333848"", ""188081829"", ""164793357"", ""141872568"", ""194288467"", ""178668945""]"
none_subset,4,212427666,189544617,38,75,0,0,0,0,0,0,"[""191903812"", ""113999751"", ""203228550"", ""148419997"", ""172317716"", ""102676974"", ""164429352"", ""177945691"", ""127751166"", ""180386955""]"
none_subset,4,194717003,155463873,46,750,0,0,0,0,0,0,"[""211268424"", ""96527698"", ""204237929"", ""206843208"", ""104767223"", ""139939742"", ""152763272"", ""98678440"", ""195577148"", ""167280596""]"
none_subset,4,158897718,140582477,4,36,0,0,0,0,0,1,"[""164258790"", ""205390513"", ""138626625"", ""113199812"", ""206276218"", ""197428008"", ""209043508"", ""208445219"", ""165785804"", ""206235969""]"
none_subset,4,219295081,178678331,43,336,0,0,0,0,0,0,"[""156395019"", ""171798974"", ""59161409"", ""207051663"", ""190069327"", ""146657144"", ""51679199"", ""39026970"", ""167068838"", ""108781858""]"
none_subset,4,76927414,71340112,64,667,0,0,0,0,0,0,"[""155183786"", ""63404553"", ""125019219"", ""193536959"", ""151134804"", ""120966979"", ""173526297"", ""143663551"", ""122395189"", ""211889089""]"
none_subset,4,215201357,173499684,37,870,0,0,0,0,0,0,"[""209172941"", ""208532302"", ""124776037"", ""151808122"", ""156134296"", ""193656232"", ""99494874"", ""148896266"", ""196469804"", ""170224824""]"
none_subset,4,192010385,163370879,43,8,0,0,0,1,1,1,"[""183407909"", ""213020277"", ""165548600"", ""166272408"", ""209145709"", ""204045985"", ""214098104"", ""163370879"", ""209858049"", ""201771356""]"
none_subset,4,222003684,199643627,37,886,0,0,0,0,0,0,"[""183710535"", ""212752270"", ""124237457"", ""197344850"", ""174850296"", ""200918008"", ""185266696"", ""143134097"", ""28242894"", ""214523405""]"
none_subset,4,123221830,105229312,62,88,0,0,0,0,0,0,"[""15723967"", ""203401813"", ""144501764"", ""206927728"", ""20131116"", ""213006434"", ""184519587"", ""207503734"", ""127168363"", ""144002826""]"
none_subset,4,41777667,20451062,62,746,0,0,0,0,0,0,"[""15942056"", ""115226483"", ""124381580"", ""172190870"", ""197129044"", ""203397613"", ""187978938"", ""179203933"", ""58086605"", ""56305255""]"
none_subset,4,214609708,194378841,43,269,0,0,0,0,0,0,"[""188577365"", ""185851616"", ""188081829"", ""182399428"", ""192493949"", ""201535486"", ""209666551"", ""201905433"", ""188582346"", ""191134295""]"
none_subset,4,201631636,164249239,57,2525,0,0,0,0,0,0,"[""200107430"", ""140102042"", ""15346485"", ""191366717"", ""151871480"", ""196862956"", ""163863157"", ""171903975"", ""107527615"", ""201175338""]"
none_subset,4,222303816,157210468,64,195,0,0,0,0,0,0,"[""157803989"", ""190786565"", ""121442493"", ""166184401"", ""44092132"", ""149715107"", ""193072604"", ""138800320"", ""183225423"", ""22329772""]"
none_subset,4,225196896,207062213,4,631,0,0,0,0,0,0,"[""214893406"", ""207568797"", ""53886144"", ""191815855"", ""159924658"", ""187502252"", ""207680766"", ""206938701"", ""214480072"", ""5532949""]"
none_subset,4,176526689,141186510,4,92,0,0,0,0,0,0,"[""94286928"", ""141989738"", ""88932849"", ""189148609"", ""159570716"", ""142381741"", ""144683728"", ""158097383"", ""181699642"", ""146628629""]"
none_subset,4,134158719,111626622,64,24,0,0,0,0,1,1,"[""183047062"", ""112345894"", ""152603802"", ""155021743"", ""144073843"", ""105144259"", ""141045171"", ""60521239"", ""48108527"", ""210444502""]"
none_subset,4,185738290,156445649,43,229,0,0,0,0,0,0,"[""100215754"", ""138585496"", ""208096405"", ""168131196"", ""197613208"", ""164251704"", ""205576818"", ""120122284"", ""129711936"", ""156158359""]"
none_subset,4,78929622,62551746,43,36,0,0,0,0,0,1,"[""163286400"", ""126937971"", ""129262032"", ""119543305"", ""178678331"", ""112624655"", ""152014829"", ""167483448"", ""75993405"", ""113535350""]"
none_subset,4,220638795,189820722,62,774,0,0,0,0,0,0,"[""201968923"", ""195842978"", ""190409559"", ""91022274"", ""210681202"", ""134702240"", ""79614353"", ""213194224"", ""96917986"", ""141126912""]"
none_subset,4,181417674,150636236,37,1491,0,0,0,0,0,0,"[""131581832"", ""65802140"", ""46870157"", ""186429778"", ""183553498"", ""143680520"", ""125089746"", ""109284654"", ""201734577"", ""107202977""]"
none_subset,4,217955716,202541424,62,488,0,0,0,0,0,0,"[""211808810"", ""207609626"", ""212090087"", ""211070786"", ""136291796"", ""207242661"", ""204556096"", ""189767660"", ""212180917"", ""213971984""]"
none_subset,4,197274778,162094120,38,1609,0,0,0,0,0,0,"[""110664117"", ""200830087"", ""140048877"", ""31197704"", ""124750735"", ""214394715"", ""148428740"", ""213205324"", ""108033709"", ""127669143""]"
none_subset,4,223991031,164143533,43,169,0,0,0,0,0,0,"[""197613208"", ""156295009"", ""195408710"", ""186549940"", ""190801453"", ""156158359"", ""145672403"", ""200611512"", ""161849641"", ""140052409""]"
none_subset,4,189551059,147982801,64,198,0,0,0,0,0,0,"[""201421429"", ""60032340"", ""80281524"", ""63474547"", ""97354544"", ""56995363"", ""128826000"", ""171025610"", ""79234720"", ""181619566""]"
none_subset,4,220092240,206534835,46,135,0,0,0,0,0,0,"[""215506263"", ""212905783"", ""214290787"", ""172966334"", ""212380449"", ""211122713"", ""205545277"", ""170958662"", ""203332786"", ""178405632""]"
none_subset,4,222081085,208014228,62,138,0,0,0,0,0,0,"[""57861067"", ""124432701"", ""127502123"", ""192396971"", ""96917986"", ""118353922"", ""127953008"", ""194298838"", ""190708058"", ""116117359""]"
none_subset,4,208005240,182135095,38,1154,0,0,0,0,0,0,"[""190550107"", ""110457316"", ""202829895"", ""106812535"", ""79742438"", ""88908742"", ""154762222"", ""24448141"", ""166172629"", ""60873658""]"
none_subset,4,212749359,190252763,62,20,0,0,0,0,1,1,"[""154758359"", ""161141246"", ""189178547"", ""212180917"", ""143227017"", ""170246818"", ""156225790"", ""213858912"", ""187915383"", ""210197649""]"
none_subset,4,207603778,179859426,64,883,0,0,0,0,0,0,"[""143966670"", ""192057548"", ""147553253"", ""192498685"", ""200432002"", ""122150463"", ""187330722"", ""109661801"", ""212760622"", ""204273384""]"
none_subset,4,180700824,147782228,43,242,0,0,0,0,0,0,"[""182870508"", ""163505137"", ""163900593"", ""66867545"", ""201334790"", ""154237024"", ""179105716"", ""186098084"", ""153525929"", ""48032933""]"
none_subset,4,162078852,137561394,46,1455,0,0,0,0,0,0,"[""153467283"", ""58408382"", ""105064165"", ""72730720"", ""79804197"", ""58540862"", ""169706178"", ""201270244"", ""102715451"", ""171578170""]"
none_subset,4,154751535,120400439,62,167,0,0,0,0,0,0,"[""214173290"", ""45997741"", ""22079020"", ""204830740"", ""187005682"", ""63887170"", ""92445171"", ""146533271"", ""186756267"", ""138113883""]"
none_subset,4,205385440,180183536,43,53,0,0,0,0,0,0,"[""149017403"", ""204821849"", ""163286400"", ""212781685"", ""200157421"", ""153557023"", ""192578315"", ""166706901"", ""109124875"", ""157700498""]"
none_subset,4,217428024,188814328,37,74,0,0,0,0,0,0,"[""154803527"", ""179751402"", ""204860223"", ""188375000"", ""169228866"", ""182513421"", ""153099679"", ""133351365"", ""206636427"", ""142665464""]"
none_subset,4,207648209,177493371,38,68,0,0,0,0,0,0,"[""187847040"", ""100712745"", ""169751133"", ""42815985"", ""174192462"", ""213422465"", ""201098742"", ""207796941"", ""135581008"", ""177493383""]"
none_subset,4,220367642,183947428,43,745,0,0,0,0,0,0,"[""151416547"", ""132793063"", ""136615619"", ""16074591"", ""144482097"", ""141417624"", ""187498153"", ""119499591"", ""100947091"", ""190817400""]"
none_subset,4,78456224,56925731,64,8,0,0,0,1,1,1,"[""183047062"", ""144073843"", ""152603802"", ""105144259"", ""48108527"", ""32252174"", ""26914040"", ""56925731"", ""209711556"", ""155021743""]"
none_subset,4,153218715,76074145,37,185,0,0,0,0,0,0,"[""197580749"", ""92247640"", ""206382148"", ""152508279"", ""145706391"", ""43972733"", ""146127372"", ""192142184"", ""149260015"", ""147309436""]"
none_subset,4,225333160,214752682,57,8,0,0,0,1,1,1,"[""191366717"", ""140102042"", ""204761139"", ""200107430"", ""190632146"", ""156972409"", ""142032570"", ""214752682"", ""203550692"", ""212919594""]"
none_subset,4,194805577,153660098,38,24,0,0,0,0,1,1,"[""52441610"", ""192721742"", ""8550716"", ""120726041"", ""213984936"", ""123190192"", ""102778559"", ""162918532"", ""177027866"", ""5564013""]"
none_subset,4,224455436,212356952,37,19,0,0,0,0,1,1,"[""208864789"", ""212907091"", ""207956028"", ""207035998"", ""201695307"", ""208210254"", ""182642957"", ""191257187"", ""204373346"", ""213548440""]"
none_subset,4,223887952,211269773,46,184,0,0,0,0,0,0,"[""144431749"", ""78566379"", ""136320022"", ""205395255"", ""76658512"", ""211028341"", ""174610357"", ""80538986"", ""194052484"", ""205184298""]"
none_subset,4,212848340,193024332,62,288,0,0,0,0,0,0,"[""161141246"", ""204721492"", ""190355590"", ""168270119"", ""200035811"", ""201062295"", ""187839762"", ""210197649"", ""171189946"", ""211070786""]"
none_subset,4,194817964,167658682,4,249,0,0,0,0,0,0,"[""162346539"", ""206172053"", ""207099526"", ""214480072"", ""155908916"", ""207099729"", ""177857518"", ""207568797"", ""195539587"", ""105544053""]"
none_subset,4,158748278,122229490,46,255,0,0,0,0,0,0,"[""173222203"", ""202077303"", ""160523276"", ""160815179"", ""116218020"", ""161172541"", ""186724430"", ""168398292"", ""161497124"", ""141061297""]"
none_subset,4,225333131,169909145,4,25,0,0,0,0,1,1,"[""53541477"", ""25537887"", ""133033147"", ""104121894"", ""202002064"", ""189959076"", ""120416128"", ""211167678"", ""141658555"", ""53962226""]"
none_subset,4,224932968,153434097,57,10,0,0,0,1,1,1,"[""173370077"", ""146595840"", ""209801964"", ""123741380"", ""211144254"", ""206215452"", ""208568786"", ""189194901"", ""166225948"", ""153434097""]"
none_subset,4,218941839,111095986,43,279,0,0,0,0,0,0,"[""100344935"", ""83075724"", ""202388962"", ""77959463"", ""150869116"", ""75809532"", ""89224299"", ""141726609"", ""203438993"", ""160640846""]"
none_subset,4,224032864,207683325,64,30,0,0,0,0,1,1,"[""166184401"", ""208915255"", ""121442493"", ""99425109"", ""178000493"", ""173246608"", ""108386270"", ""160842974"", ""157313823"", ""198307794""]"
none_subset,4,223758143,195474760,43,121,0,0,0,0,0,0,"[""188032543"", ""185121060"", ""185196782"", ""57715433"", ""204449585"", ""170689754"", ""122164817"", ""120597166"", ""147179804"", ""205287113""]"
none_subset,4,206563348,182388466,37,852,0,0,0,0,0,0,"[""77985083"", ""202900420"", ""194193597"", ""207430484"", ""209849639"", ""204006241"", ""128710800"", ""159427663"", ""141493643"", ""207409548""]"
none_subset,4,194783674,134991704,64,29,0,0,0,0,1,1,"[""74256345"", ""75157723"", ""156966555"", ""179210556"", ""191614451"", ""96320844"", ""86356781"", ""62987671"", ""139856523"", ""19148525""]"
none_subset,4,206513862,182294617,4,440,0,0,0,0,0,0,"[""43073275"", ""128194085"", ""192314331"", ""180567795"", ""125829483"", ""215393606"", ""72045166"", ""200980947"", ""153928357"", ""195846870""]"
none_subset,4,209369722,186220965,4,619,0,0,0,0,0,0,"[""179145991"", ""174535187"", ""171159402"", ""155908916"", ""203910236"", ""145094055"", ""193026353"", ""133632260"", ""176819214"", ""207097865""]"
none_subset,4,221006448,187395162,46,1052,0,0,0,0,0,0,"[""165636439"", ""130390168"", ""167116086"", ""209175470"", ""77867923"", ""144736392"", ""111095231"", ""164400164"", ""129112756"", ""162330233""]"
none_subset,4,127399801,112914230,4,1117,0,0,0,0,0,0,"[""187502252"", ""206172053"", ""195539587"", ""190530648"", ""197294044"", ""191246700"", ""73205799"", ""207099729"", ""203339357"", ""202888371""]"
none_subset,4,221143173,208600442,37,2260,0,0,0,0,0,0,"[""211519251"", ""201258368"", ""163475905"", ""161133997"", ""53074039"", ""155900040"", ""108420147"", ""170334700"", ""201561139"", ""136186158""]"
none_subset,4,198211585,169494298,37,297,0,0,0,0,0,0,"[""195292057"", ""169799265"", ""201561139"", ""165980002"", ""132747199"", ""181590682"", ""204420256"", ""173966675"", ""85275000"", ""178452409""]"
none_subset,4,194098459,130951250,43,174,0,0,0,0,0,0,"[""113898898"", ""101956556"", ""16113826"", ""189791365"", ""126187915"", ""184024262"", ""119064343"", ""206389196"", ""18269900"", ""77390218""]"
none_subset,4,219201730,203280734,46,813,0,0,0,0,0,0,"[""179440577"", ""174861722"", ""210582711"", ""204484014"", ""211987120"", ""215428176"", ""209947567"", ""209168311"", ""211021581"", ""165691688""]"
none_subset,4,190777900,158784072,37,303,0,0,0,0,0,0,"[""29496516"", ""120893128"", ""21114364"", ""158117230"", ""149498553"", ""171828064"", ""169268977"", ""186986472"", ""183023489"", ""136461731""]"
none_subset,4,198092424,168805608,64,186,0,0,0,0,0,0,"[""115629895"", ""210516871"", ""207537844"", ""143939537"", ""188619722"", ""96322019"", ""69227080"", ""77671900"", ""153271284"", ""98469115""]"
none_subset,4,206286757,171004770,43,5,0,0,1,1,1,1,"[""170053319"", ""160058303"", ""164285938"", ""188230609"", ""171004770"", ""213139647"", ""177067604"", ""191175133"", ""197247575"", ""202567733""]"
none_subset,4,205564196,167863303,38,1092,0,0,0,0,0,0,"[""205112185"", ""69350726"", ""213205324"", ""190269757"", ""200852686"", ""201553356"", ""126427416"", ""203377427"", ""110664117"", ""207664747""]"
none_subset,4,192985777,157240824,43,23,0,0,0,0,1,1,"[""212781685"", ""164268294"", ""149017403"", ""107227181"", ""201104864"", ""200157421"", ""194880726"", ""98638580"", ""155909920"", ""202632673""]"
none_subset,4,51409958,57715433,43,1032,0,0,0,0,0,0,"[""183856655"", ""143989763"", ""193313194"", ""151416547"", ""164870997"", ""69088872"", ""132793063"", ""181353898"", ""167043645"", ""204265427""]"
none_subset,4,161879676,133182836,46,708,0,0,0,0,0,0,"[""130514762"", ""116259633"", ""119145716"", ""191792029"", ""163401902"", ""201961238"", ""183939549"", ""128991595"", ""211752694"", ""149547737""]"
none_subset,4,107486473,50306957,46,1912,0,0,0,0,0,0,"[""154821670"", ""190358880"", ""89928081"", ""149547737"", ""158102584"", ""108196994"", ""116259633"", ""162224700"", ""99309357"", ""78524182""]"
none_subset,4,225334015,215052803,43,1375,0,0,0,0,0,0,"[""147117418"", ""141417624"", ""193482080"", ""210534170"", ""205605896"", ""127000704"", ""186403472"", ""180095819"", ""89403432"", ""169890454""]"
none_subset,4,223412488,184599616,57,317,0,0,0,0,0,0,"[""85175186"", ""138406659"", ""209092004"", ""112408569"", ""15301011"", ""194409455"", ""113539802"", ""206553898"", ""200450069"", ""163344549""]"
none_subset,4,216739658,149349102,38,11,0,0,0,0,1,1,"[""163280205"", ""177027866"", ""198468875"", ""101699801"", ""121564255"", ""163646287"", ""202271579"", ""151333626"", ""122392168"", ""121639115""]"
none_subset,4,207027464,100333045,43,238,0,0,0,0,0,0,"[""67909736"", ""127254122"", ""59497573"", ""125638272"", ""68154365"", ""57715433"", ""191583920"", ""128872941"", ""60265144"", ""163664846""]"
none_subset,4,158465263,113201214,62,296,0,0,0,0,0,0,"[""210275902"", ""198209451"", ""56821138"", ""73410413"", ""200944201"", ""94242464"", ""119457798"", ""162634986"", ""196284726"", ""195497516""]"
none_subset,4,212472298,192473388,4,30,0,0,0,0,1,1,"[""160129846"", ""153928357"", ""73825216"", ""190789377"", ""189901460"", ""186930348"", ""190161584"", ""192331154"", ""188074441"", ""192424356""]"
none_subset,4,23874528,18962742,38,198,0,0,0,0,0,0,"[""179234058"", ""156424467"", ""98526198"", ""119050794"", ""44097793"", ""193563274"", ""66259210"", ""98078621"", ""121639115"", ""25706087""]"
none_subset,4,222518800,209726301,64,52,0,0,0,0,0,0,"[""200969900"", ""106833257"", ""195426035"", ""207826820"", ""201860541"", ""173492513"", ""209768449"", ""167161374"", ""212527992"", ""192237530""]"
none_subset,4,219225797,202843919,62,106,0,0,0,0,0,0,"[""105231780"", ""124884051"", ""50552393"", ""184570386"", ""203449670"", ""110895997"", ""205751825"", ""15445290"", ""128589400"", ""116973316""]"
none_subset,4,189554580,159931625,37,123,0,0,0,0,0,0,"[""139391729"", ""51749408"", ""23924949"", ""92247640"", ""89464961"", ""117410846"", ""143946320"", ""53389573"", ""96028215"", ""198753304""]"
none_subset,4,224421445,214290787,46,31,0,0,0,0,0,1,"[""208805779"", ""208458622"", ""204899704"", ""212905783"", ""167644413"", ""144865911"", ""202872734"", ""214251597"", ""211063696"", ""172827091""]"
none_subset,4,200718784,166296209,37,1394,0,0,0,0,0,0,"[""199857856"", ""211646800"", ""177207521"", ""178410842"", ""210858780"", ""191600925"", ""156583528"", ""201295768"", ""156858638"", ""103348357""]"
none_subset,4,194752033,166083961,4,1573,0,0,0,0,0,0,"[""187964382"", ""122594682"", ""164940716"", ""190621677"", ""23408401"", ""171946204"", ""159734891"", ""178109092"", ""181306942"", ""208642632""]"
none_subset,4,137437216,119531432,62,13,0,0,0,0,1,1,"[""150070859"", ""137144214"", ""64365794"", ""117835777"", ""152444456"", ""127488091"", ""143139548"", ""32200239"", ""177494592"", ""209579537""]"
none_subset,4,212533988,152110846,37,45,0,0,0,0,0,1,"[""116929460"", ""103432765"", ""122714440"", ""169799464"", ""211483573"", ""180713169"", ""101679570"", ""141305284"", ""46870157"", ""110655675""]"
none_subset,4,117485448,105762137,4,99,0,0,0,0,0,0,"[""189945818"", ""88781085"", ""123481544"", ""64578501"", ""142456567"", ""191493353"", ""193934711"", ""178240944"", ""181690465"", ""206126527""]"
none_subset,4,195747171,146962552,62,1356,0,0,0,0,0,0,"[""159227409"", ""67539912"", ""195510107"", ""194424066"", ""120041482"", ""15445290"", ""160586788"", ""191677362"", ""186169702"", ""110895997""]"
none_subset,4,210524748,85531879,64,27,0,0,0,0,1,1,"[""132289907"", ""144399371"", ""179411117"", ""181874277"", ""141447890"", ""99717427"", ""81240114"", ""72224328"", ""64620490"", ""144770140""]"
none_subset,4,222944492,211288019,43,106,0,0,0,0,0,0,"[""113199180"", ""176475069"", ""158391463"", ""89403432"", ""126702260"", ""18292202"", ""193917385"", ""26809470"", ""177260407"", ""165664636""]"
none_subset,4,174812963,184753068,4,488,0,0,0,0,0,0,"[""201469264"", ""149247164"", ""183534248"", ""192473388"", ""143929940"", ""147740083"", ""63004444"", ""187540651"", ""185071400"", ""181909843""]"
none_subset,4,206110934,142456567,4,1,1,1,1,1,1,1,"[""142456567"", ""78628063"", ""64578501"", ""192836046"", ""112475075"", ""193934711"", ""64487189"", ""189945818"", ""88781085"", ""131110163""]"
none_subset,4,215537450,191143369,43,190,0,0,0,0,0,0,"[""203338637"", ""198313310"", ""177591827"", ""180987149"", ""200893142"", ""118456882"", ""144341534"", ""154215969"", ""136644867"", ""190193667""]"
none_subset,4,185718600,145100939,37,234,0,0,0,0,0,0,"[""212047029"", ""162977839"", ""170049514"", ""123163900"", ""147794006"", ""211318715"", ""156176895"", ""188679659"", ""185112282"", ""214708320""]"
none_subset,4,220611333,143255863,43,71,0,0,0,0,0,0,"[""139778348"", ""200893142"", ""198313310"", ""158737000"", ""179054743"", ""207021897"", ""177067604"", ""177591827"", ""127321663"", ""114685239""]"
none_subset,4,48157832,53760527,46,80,0,0,0,0,0,0,"[""140827649"", ""64234906"", ""105148782"", ""171694803"", ""113591349"", ""68978046"", ""194862890"", ""203665704"", ""127619503"", ""126605515""]"
none_subset,4,219280378,203565055,37,198,0,0,0,0,0,0,"[""181590682"", ""143874999"", ""168816718"", ""204077513"", ""150765445"", ""206404092"", ""201741807"", ""197238711"", ""215631921"", ""207536937""]"
none_subset,4,223382066,212267410,64,72,0,0,0,0,0,0,"[""183013744"", ""195252307"", ""195529634"", ""206705882"", ""192779268"", ""144706392"", ""66111020"", ""214208964"", ""157103060"", ""109438369""]"
none_subset,4,161110919,132405642,37,834,0,0,0,0,0,0,"[""107202977"", ""149248013"", ""199866100"", ""204790375"", ""145706391"", ""154947799"", ""126929630"", ""148592059"", ""191884055"", ""124354943""]"
none_subset,4,99910872,93265631,38,452,0,0,0,0,0,0,"[""104386568"", ""206865806"", ""171072811"", ""64731721"", ""171909035"", ""152299073"", ""156481100"", ""34947118"", ""111373874"", ""158784944""]"
none_subset,4,174486128,143996100,43,533,0,0,0,0,0,0,"[""98301531"", ""104715442"", ""79676853"", ""116979481"", ""126415167"", ""205517780"", ""173407949"", ""196729212"", ""190843616"", ""163141517""]"
none_subset,4,119806942,107498666,64,381,0,0,0,0,0,0,"[""78359767"", ""183047062"", ""141045171"", ""189988059"", ""74866278"", ""177080791"", ""112345894"", ""209711556"", ""158075100"", ""12598461""]"
none_subset,4,52887730,52014335,62,877,0,0,0,0,0,0,"[""59483405"", ""160329216"", ""135330582"", ""30078134"", ""52773606"", ""136870941"", ""210681202"", ""168785007"", ""143139548"", ""138120106""]"
none_subset,4,178854662,141417624,43,530,0,0,0,0,0,0,"[""162124393"", ""120188232"", ""80700126"", ""121013474"", ""184170758"", ""206941043"", ""116267659"", ""76024109"", ""121165459"", ""189290034""]"
none_subset,4,15268100,12969939,38,260,0,0,0,0,0,0,"[""71896485"", ""76490987"", ""66259210"", ""25706087"", ""93265631"", ""186767110"", ""68188580"", ""74162023"", ""167154238"", ""151180760""]"
none_subset,4,212645423,132121212,43,466,0,0,0,0,0,0,"[""194288073"", ""185360446"", ""182902299"", ""165285962"", ""201671217"", ""182399428"", ""195224828"", ""209666551"", ""113451129"", ""207732639""]"
none_subset,4,217571743,184920959,37,124,0,0,0,0,0,0,"[""92247640"", ""141241455"", ""99092830"", ""182489418"", ""192554825"", ""205328844"", ""147309436"", ""213471023"", ""188918346"", ""192163385""]"
none_subset,4,198279219,45997741,62,4,0,0,1,1,1,1,"[""193705208"", ""152444456"", ""194803893"", ""45997741"", ""203397613"", ""146789147"", ""52992112"", ""206434730"", ""128732740"", ""147831197""]"
none_subset,4,15443903,13798988,4,517,0,0,0,0,0,0,"[""154359018"", ""153417658"", ""88932849"", ""129269545"", ""180866990"", ""148365289"", ""150107268"", ""192741039"", ""147751136"", ""141212383""]"
none_subset,4,134645605,110234143,4,767,0,0,0,0,0,0,"[""181909843"", ""149247164"", ""156103241"", ""196676247"", ""181278700"", ""201469264"", ""146861531"", ""183534248"", ""146030654"", ""143929940""]"
none_subset,4,225182896,164582063,43,5,0,0,1,1,1,1,"[""118470473"", ""105076717"", ""173923821"", ""178682090"", ""164582063"", ""202468279"", ""72421330"", ""186606199"", ""86466727"", ""211550266""]"
none_subset,4,164760091,101504605,62,1516,0,0,0,0,0,0,"[""148066008"", ""210941490"", ""209556691"", ""136973736"", ""200620813"", ""187064730"", ""165226777"", ""147431302"", ""73570160"", ""205137345""]"
none_subset,4,223507024,156381928,37,1477,0,0,0,0,0,0,"[""21114364"", ""76841920"", ""88534873"", ""120893128"", ""14688074"", ""119227333"", ""29496516"", ""10976521"", ""150887352"", ""163474582""]"
none_subset,4,121980260,105912376,64,17,0,0,0,0,1,1,"[""179015555"", ""157803989"", ""128304968"", ""91451711"", ""153330413"", ""152368057"", ""133870534"", ""88397191"", ""16060214"", ""152189504""]"
none_subset,4,37616128,37809434,38,23,0,0,0,0,1,1,"[""112389064"", ""130421231"", ""117957932"", ""145871617"", ""149562058"", ""148360645"", ""114055239"", ""108421334"", ""70118559"", ""153150323""]"
none_subset,4,221666962,171006297,37,395,0,0,0,0,0,0,"[""197580749"", ""142630827"", ""208900697"", ""163365579"", ""199385964"", ""192365434"", ""167166017"", ""146127372"", ""147000537"", ""206382148""]"
none_subset,4,221195998,204315261,46,134,0,0,0,0,0,0,"[""77388181"", ""175661430"", ""156109827"", ""114654675"", ""200727306"", ""178808064"", ""123314603"", ""77518021"", ""191328220"", ""189285981""]"
none_subset,4,155700296,134950427,37,291,0,0,0,0,0,0,"[""139778879"", ""191630630"", ""156583528"", ""201295768"", ""188240250"", ""191370500"", ""213026576"", ""123259140"", ""141081466"", ""187443642""]"
none_subset,4,219384426,177423877,46,33,0,0,0,0,0,1,"[""176659851"", ""178975230"", ""132867538"", ""208649860"", ""192859823"", ""12880586"", ""114654675"", ""182222562"", ""170790096"", ""174366632""]"
none_subset,4,52591203,60048301,46,14,0,0,0,0,1,1,"[""203343668"", ""166204499"", ""209744189"", ""213513527"", ""164912617"", ""207470239"", ""82252188"", ""210837002"", ""61233280"", ""174837469""]"
none_subset,4,194720200,133465924,37,222,0,0,0,0,0,0,"[""133932837"", ""165315733"", ""120514294"", ""136895908"", ""25189123"", ""150612100"", ""155714315"", ""58893791"", ""202547182"", ""50495635""]"
none_subset,4,184703642,154097129,43,109,0,0,0,0,0,0,"[""76158891"", ""116962789"", ""200893142"", ""215052803"", ""114685239"", ""55355667"", ""67606658"", ""197584084"", ""177591827"", ""192039114""]"
none_subset,4,22540247,17218907,62,913,0,0,0,0,0,0,"[""45997741"", ""15942056"", ""145492438"", ""45013331"", ""187207232"", ""85137253"", ""78481865"", ""115226483"", ""70069885"", ""117006578""]"
none_subset,4,75524063,72221818,62,554,0,0,0,0,0,0,"[""182479029"", ""211690905"", ""180292453"", ""125457528"", ""214110785"", ""167732430"", ""132110473"", ""56951341"", ""215161236"", ""196129983""]"
none_subset,4,207611409,182081124,43,630,0,0,0,0,0,0,"[""146898856"", ""101275830"", ""140922487"", ""122777054"", ""130448492"", ""87877269"", ""141708436"", ""62437632"", ""213093649"", ""164354706""]"
none_subset,4,224366749,164627162,46,9,0,0,0,1,1,1,"[""150754478"", ""163309329"", ""212429674"", ""81506359"", ""172082320"", ""203677273"", ""205395255"", ""162507293"", ""164627162"", ""172197706""]"
none_subset,4,161997543,133742166,57,184,0,0,0,0,0,0,"[""173370077"", ""146595840"", ""166225948"", ""209801964"", ""171686923"", ""205399595"", ""208568786"", ""57673806"", ""153434097"", ""189194901""]"
none_subset,4,87189453,31739440,57,105,0,0,0,0,0,0,"[""166225948"", ""55753543"", ""57673806"", ""173370077"", ""171686923"", ""203970549"", ""99472835"", ""128230073"", ""207301406"", ""209801964""]"
none_subset,4,222925096,206088529,64,9,0,0,0,1,1,1,"[""172848022"", ""35312252"", ""60124479"", ""58475692"", ""108117280"", ""8326062"", ""140855645"", ""59824769"", ""206088529"", ""142012440""]"
none_subset,4,215536084,176499539,57,780,0,0,0,0,0,0,"[""125339147"", ""131667486"", ""86771304"", ""209092004"", ""122408162"", ""128512946"", ""82721637"", ""204417143"", ""203970534"", ""207070552""]"
none_subset,4,194778493,48830519,4,15,0,0,0,0,1,1,"[""185515008"", ""211167678"", ""73118528"", ""79387876"", ""202002064"", ""193007590"", ""53541477"", ""177913898"", ""164756819"", ""45403148""]"
none_subset,4,174379685,114163759,43,2,0,1,1,1,1,1,"[""127321663"", ""114163759"", ""207021897"", ""198489911"", ""18269900"", ""188561727"", ""207898804"", ""44768555"", ""129585321"", ""118436830""]"
none_subset,4,67038814,50495635,37,59,0,0,0,0,0,0,"[""110655675"", ""116929460"", ""143161006"", ""101679570"", ""211483573"", ""180713169"", ""169770537"", ""152110846"", ""189064377"", ""141305284""]"
none_subset,4,218345110,176831577,57,1557,0,0,0,0,0,0,"[""63293833"", ""31931980"", ""71702477"", ""76371725"", ""166294055"", ""151872768"", ""38003133"", ""149427907"", ""188702606"", ""202725978""]"
none_subset,4,219470659,203497492,64,63,0,0,0,0,0,0,"[""162587856"", ""179216205"", ""205920501"", ""76907662"", ""204435589"", ""191305287"", ""209576150"", ""202978110"", ""213253358"", ""78407435""]"
none_subset,4,195024859,157002145,64,14,0,0,0,0,1,1,"[""192779268"", ""147671714"", ""208628985"", ""211889722"", ""196368507"", ""174719538"", ""88249240"", ""210635321"", ""210298620"", ""188619722""]"
none_subset,4,190170779,120932240,46,29,0,0,0,0,1,1,"[""136064669"", ""129380311"", ""130151286"", ""207470239"", ""80535119"", ""168997060"", ""162796958"", ""171696517"", ""171309326"", ""134691092""]"
none_subset,4,172736970,71742122,57,53,0,0,0,0,0,0,"[""87015571"", ""189624094"", ""168668833"", ""205804941"", ""75603507"", ""182623124"", ""70341779"", ""169841163"", ""183085861"", ""129142528""]"
none_subset,4,220347923,169443962,4,173,0,0,0,0,0,0,"[""70897180"", ""207566657"", ""105063903"", ""116474962"", ""49427839"", ""190480175"", ""196185031"", ""186229725"", ""165105661"", ""112475075""]"
none_subset,4,179957135,138995768,57,1389,0,0,0,0,0,0,"[""156161422"", ""213406997"", ""148098437"", ""172994991"", ""84967169"", ""55626655"", ""77876788"", ""173730616"", ""142314656"", ""147860027""]"
none_subset,4,133175234,137515745,43,514,0,0,0,0,0,0,"[""154766461"", ""196069283"", ""196562630"", ""109890234"", ""84248620"", ""35117971"", ""43872203"", ""146413132"", ""35616285"", ""171888747""]"
none_subset,4,211188780,173529593,4,1319,0,0,0,0,0,0,"[""155908916"", ""191690738"", ""119900827"", ""102233014"", ""147828982"", ""139418370"", ""150456310"", ""214896797"", ""163349092"", ""171159402""]"
none_subset,4,220588390,207413130,4,255,0,0,0,0,0,0,"[""205600080"", ""201657691"", ""213160173"", ""182904703"", ""203466268"", ""180575809"", ""192331154"", ""185133383"", ""207985124"", ""195830492""]"
none_subset,4,214980138,178112615,37,36,0,0,0,0,0,1,"[""209128550"", ""188568572"", ""206298544"", ""209161669"", ""206864139"", ""168616321"", ""164058126"", ""194731784"", ""188962071"", ""206412545""]"
none_subset,4,174184013,144305873,64,191,0,0,0,0,0,0,"[""93630964"", ""41031023"", ""178700962"", ""97353101"", ""152305563"", ""203921886"", ""126992314"", ""161581546"", ""190954873"", ""95788322""]"
none_subset,4,223294295,190533052,64,174,0,0,0,0,0,0,"[""146444401"", ""194941994"", ""63993803"", ""116857348"", ""148153000"", ""201298322"", ""16060214"", ""154897158"", ""124198714"", ""201970343""]"
none_subset,4,154270445,128589400,62,1028,0,0,0,0,0,0,"[""188361417"", ""178800267"", ""172904337"", ""47074430"", ""154207517"", ""205608634"", ""186840970"", ""199825694"", ""195994978"", ""194932553""]"
none_subset,4,194962176,167846611,4,287,0,0,0,0,0,0,"[""213963033"", ""199379442"", ""214275181"", ""210309601"", ""140447135"", ""205463044"", ""126589900"", ""210709127"", ""212023025"", ""198052564""]"
none_subset,4,142475315,122639965,46,397,0,0,0,0,0,0,"[""99309357"", ""162330233"", ""180613841"", ""132534712"", ""140412713"", ""187714756"", ""102024389"", ""84576505"", ""194301324"", ""82040536""]"
none_subset,4,209210321,181408383,37,1,1,1,1,1,1,1,"[""181408383"", ""202030579"", ""169922684"", ""183270553"", ""202222318"", ""177899370"", ""178961164"", ""178410842"", ""198478244"", ""206278149""]"
none_subset,4,224767285,162605137,43,56,0,0,0,0,0,0,"[""160598030"", ""130556843"", ""168943005"", ""98301531"", ""100215754"", ""207289652"", ""84074518"", ""205517780"", ""198125462"", ""127486066""]"
none_subset,4,198827199,170711878,38,609,0,0,0,0,0,0,"[""133935928"", ""203545957"", ""173053311"", ""133691689"", ""213799552"", ""139178008"", ""167519616"", ""75267159"", ""202076969"", ""207864369""]"
none_subset,4,224053734,201823220,37,201,0,0,0,0,0,0,"[""195073454"", ""201572634"", ""211987844"", ""146524904"", ""210025924"", ""209034394"", ""177838111"", ""117685268"", ""204161065"", ""183519446""]"
none_subset,4,163763539,133301327,38,692,0,0,0,0,0,0,"[""158733811"", ""18798683"", ""177744065"", ""145408759"", ""209121892"", ""146723193"", ""81128902"", ""144257088"", ""125546461"", ""193575305""]"
none_subset,4,199964527,123167911,64,1759,0,0,0,0,0,0,"[""214350941"", ""200043378"", ""209149616"", ""49185786"", ""73276751"", ""121428593"", ""184189116"", ""92992619"", ""195841911"", ""128898155""]"
none_subset,4,156864623,110602938,64,438,0,0,0,0,0,0,"[""154049018"", ""112210141"", ""168805608"", ""112615204"", ""161391861"", ""133192411"", ""156718510"", ""73065988"", ""173159881"", ""121428593""]"
none_subset,4,120080094,106471808,62,300,0,0,0,0,0,0,"[""145492438"", ""148891602"", ""166108651"", ""208335318"", ""58593242"", ""45997741"", ""165955561"", ""52919918"", ""67833941"", ""106023112""]"
none_subset,4,207399071,177381146,46,651,0,0,0,0,0,0,"[""210667015"", ""175485760"", ""194733454"", ""213912195"", ""210373455"", ""208719036"", ""203622715"", ""209175273"", ""207214319"", ""141663938""]"
none_subset,4,182005354,7575539,46,958,0,0,0,0,0,0,"[""169602941"", ""71898634"", ""102458654"", ""53654857"", ""205395255"", ""180541695"", ""169485140"", ""129879441"", ""121587868"", ""150754478""]"
none_subset,4,147928605,89574390,57,207,0,0,0,0,0,0,"[""160823099"", ""204657954"", ""207122534"", ""165674944"", ""129568269"", ""78057939"", ""174010829"", ""199908579"", ""205832430"", ""112580587""]"
none_subset,4,219738889,193806850,4,382,0,0,0,0,0,0,"[""174535187"", ""102233014"", ""139418370"", ""119900827"", ""50763598"", ""163349092"", ""160501086"", ""98834359"", ""179145991"", ""186775950""]"
none_subset,4,221960992,199718807,46,491,0,0,0,0,0,0,"[""171974189"", ""162330233"", ""93317617"", ""192440420"", ""172080468"", ""84576505"", ""140412713"", ""179803138"", ""49041759"", ""205007406""]"
none_subset,4,219468209,205311074,4,55,0,0,0,0,0,0,"[""198023565"", ""213221072"", ""213532039"", ""206533621"", ""177128650"", ""123480831"", ""210169790"", ""211428834"", ""138966111"", ""186674454""]"
none_subset,4,207211685,178831771,46,31,0,0,0,0,0,1,"[""150142821"", ""211752694"", ""139504923"", ""132188413"", ""111095231"", ""175460408"", ""148352358"", ""130256763"", ""208035235"", ""160304046""]"
none_subset,4,165223251,140762187,64,720,0,0,0,0,0,0,"[""194941994"", ""188802952"", ""128217933"", ""147899970"", ""201298322"", ""129803266"", ""181671018"", ""160603185"", ""32972743"", ""187887134""]"
none_subset,4,220706937,205275326,38,123,0,0,0,0,0,0,"[""213567992"", ""207584606"", ""149533051"", ""205802345"", ""206343268"", ""171074464"", ""108003168"", ""116889881"", ""193932504"", ""165798857""]"
none_subset,4,195422256,129450808,38,306,0,0,0,0,0,0,"[""186767110"", ""71896485"", ""66259210"", ""189593063"", ""25706087"", ""127539785"", ""74162023"", ""113999751"", ""154112907"", ""62510663""]"
none_subset,4,181280255,149540936,4,1137,0,0,0,0,0,0,"[""141186510"", ""143852845"", ""184721384"", ""197860156"", ""146180479"", ""154203183"", ""117771611"", ""144264277"", ""120263120"", ""181699642""]"
none_subset,4,204177482,175772166,37,222,0,0,0,0,0,0,"[""126753800"", ""89454786"", ""115216705"", ""151497086"", ""200024420"", ""195886526"", ""119926476"", ""106767200"", ""180869206"", ""187502080""]"
none_subset,4,221254086,76275548,62,4,0,0,1,1,1,1,"[""124884051"", ""105231780"", ""195518176"", ""76275548"", ""15445290"", ""116973316"", ""110895997"", ""212906250"", ""184570386"", ""67539912""]"
none_subset,4,220147185,185601973,46,44,0,0,0,0,0,1,"[""205315794"", ""180804264"", ""156263625"", ""115892096"", ""165704043"", ""205021705"", ""197876190"", ""154894208"", ""169636588"", ""213237291""]"
none_subset,4,222499635,206938701,4,229,0,0,0,0,0,0,"[""190777107"", ""113199812"", ""193807530"", ""179735008"", ""158546701"", ""205025057"", ""125970295"", ""180096072"", ""126204466"", ""142536914""]"
none_subset,4,225105045,179784665,4,79,0,0,0,0,0,0,"[""183400970"", ""178240944"", ""169388531"", ""206289183"", ""214341619"", ""181690465"", ""191493353"", ""205789625"", ""199841117"", ""107438445""]"
none_subset,4,194633079,152192864,38,1913,0,0,0,0,0,0,"[""182333897"", ""200169056"", ""108645662"", ""113999751"", ""62510663"", ""126600062"", ""92430066"", ""163524272"", ""155589050"", ""171949747""]"
none_subset,4,133771422,124110006,64,60,0,0,0,0,0,0,"[""60032340"", ""56995363"", ""149715107"", ""204824313"", ""97650176"", ""116394697"", ""115621700"", ""138800320"", ""123750767"", ""194941994""]"
none_subset,4,217721609,204158311,43,362,0,0,0,0,0,0,"[""206290556"", ""189283285"", ""210822887"", ""195590215"", ""97096238"", ""202216480"", ""109221510"", ""178850565"", ""124898415"", ""143611276""]"
none_subset,4,156283957,134055274,37,26,0,0,0,0,1,1,"[""144974780"", ""40964362"", ""187443642"", ""123259140"", ""191600925"", ""156583528"", ""93720497"", ""145639775"", ""141081466"", ""108765924""]"
none_subset,4,189497829,161417907,4,1033,0,0,0,0,0,0,"[""142536914"", ""160484751"", ""193807530"", ""214480072"", ""197294044"", ""122581991"", ""197341708"", ""180096072"", ""184320812"", ""211850911""]"
none_subset,4,214768274,180005065,4,14,0,0,0,0,1,1,"[""197428008"", ""156834256"", ""103936826"", ""188781185"", ""203829299"", ""134828860"", ""125311774"", ""200030203"", ""182893664"", ""154444351""]"
none_subset,4,92672519,81862127,62,458,0,0,0,0,0,0,"[""125457528"", ""205254156"", ""167750533"", ""136598057"", ""63297817"", ""179155211"", ""199419129"", ""212334345"", ""89506987"", ""100032891""]"
none_subset,4,120758894,107906676,38,876,0,0,0,0,0,0,"[""171072811"", ""194014911"", ""147395901"", ""180533985"", ""48122067"", ""156481100"", ""196599979"", ""139117589"", ""73148680"", ""128745438""]"
none_subset,4,202131990,171568733,64,1399,0,0,0,0,0,0,"[""130875563"", ""215138112"", ""210720310"", ""211309611"", ""83286491"", ""199462684"", ""56833135"", ""103274645"", ""169622540"", ""31017779""]"
none_subset,4,208255378,164620061,64,685,0,0,0,0,0,0,"[""147984435"", ""103189720"", ""201421429"", ""144339648"", ""94645332"", ""80098795"", ""19607163"", ""93604401"", ""176380655"", ""187708913""]"
none_subset,4,143701533,124776037,37,55,0,0,0,0,0,0,"[""212776036"", ""143084610"", ""75817384"", ""159020956"", ""140164328"", ""182207000"", ""157158070"", ""127620302"", ""157270034"", ""151207249""]"
none_subset,4,147489845,126856500,38,56,0,0,0,0,0,0,"[""202119038"", ""192511828"", ""79792389"", ""206277956"", ""132024150"", ""201305488"", ""110187337"", ""177904480"", ""111757856"", ""131932311""]"
none_subset,4,181871424,152108923,4,162,0,0,0,0,0,0,"[""98076075"", ""193059683"", ""190621677"", ""46857523"", ""165797585"", ""23408401"", ""202190653"", ""122594682"", ""137958387"", ""181306942""]"
none_subset,4,215405883,167356434,62,537,0,0,0,0,0,0,"[""122174001"", ""99734611"", ""19558627"", ""134702240"", ""128177020"", ""96917986"", ""131192536"", ""79702732"", ""184129119"", ""176309620""]"
none_subset,4,82748621,75642384,46,14,0,0,0,0,1,1,"[""52439531"", ""93317617"", ""154163322"", ""201966464"", ""49041759"", ""162330233"", ""99309357"", ""66211329"", ""126662251"", ""79809742""]"
none_subset,4,133015212,112540745,4,10,0,0,0,1,1,1,"[""103497899"", ""143852845"", ""144264277"", ""197860156"", ""191695096"", ""148365289"", ""156471159"", ""117771611"", ""141186510"", ""112540745""]"
none_subset,4,188556983,157457665,64,1956,0,0,0,0,0,0,"[""203544848"", ""122391520"", ""211228726"", ""190954873"", ""142119938"", ""120675251"", ""154913615"", ""151140876"", ""153594881"", ""120027170""]"
none_subset,4,174837067,126753800,37,246,0,0,0,0,0,0,"[""198753304"", ""188679659"", ""185112282"", ""16898206"", ""202780647"", ""159931625"", ""129735644"", ""212047029"", ""170049514"", ""200025016""]"
none_subset,4,222693065,130516684,38,232,0,0,0,0,0,0,"[""172844872"", ""202119038"", ""128745438"", ""139117589"", ""159013209"", ""48122067"", ""70662551"", ""57288486"", ""206437660"", ""210930251""]"
none_subset,4,99601084,83819346,38,613,0,0,0,0,0,0,"[""169063398"", ""164922568"", ""145871617"", ""141000837"", ""102676974"", ""196304269"", ""111085092"", ""200830087"", ""161495460"", ""163524272""]"
none_subset,4,157715047,101329146,38,598,0,0,0,0,0,0,"[""167863303"", ""187015482"", ""192468068"", ""168008625"", ""165832126"", ""195156235"", ""136204876"", ""186533660"", ""6679232"", ""109035411""]"
none_subset,4,26976717,26203195,4,1295,0,0,0,0,0,0,"[""123881493"", ""156469871"", ""159922963"", ""107528202"", ""50883863"", ""153876614"", ""76515539"", ""120663751"", ""195717749"", ""176039610""]"
none_subset,4,185758286,144044758,46,536,0,0,0,0,0,0,"[""107095516"", ""114654675"", ""132867538"", ""127997699"", ""205657343"", ""109762523"", ""84439889"", ""135571245"", ""184894786"", ""94769507""]"
none_subset,4,185071093,157010792,37,661,0,0,0,0,0,0,"[""158117230"", ""152140191"", ""152762226"", ""192597928"", ""126554078"", ""93714502"", ""29496516"", ""42842956"", ""88534873"", ""120893128""]"
none_subset,4,180410610,149637816,38,268,0,0,0,0,0,0,"[""109987226"", ""124833754"", ""204224738"", ""203422514"", ""91690080"", ""112929576"", ""147686192"", ""199347203"", ""188709100"", ""178025991""]"
none_subset,4,190543446,155621797,4,37,0,0,0,0,0,1,"[""140966958"", ""72626014"", ""119654700"", ""195516477"", ""189302306"", ""213127345"", ""65093644"", ""206598790"", ""180843726"", ""93467050""]"
none_subset,4,194783535,112615204,64,50,0,0,0,0,0,1,"[""154049018"", ""65008714"", ""195558974"", ""73065988"", ""200883111"", ""154046140"", ""74256345"", ""76747946"", ""208465437"", ""115629895""]"
none_subset,4,209480438,187021020,37,795,0,0,0,0,0,0,"[""208576745"", ""210646051"", ""195462928"", ""212035633"", ""155900040"", ""133924998"", ""204992307"", ""96678439"", ""173181064"", ""185112282""]"
none_subset,4,217504200,201814913,64,10,0,0,0,1,1,1,"[""207826820"", ""207475739"", ""196286888"", ""20371087"", ""119651772"", ""153533707"", ""186937016"", ""213788530"", ""49215114"", ""201814913""]"
none_subset,4,44412937,30017242,4,2185,0,0,0,0,0,0,"[""155621797"", ""121025812"", ""154727199"", ""210482913"", ""126241663"", ""71990231"", ""126889201"", ""189190706"", ""205322075"", ""140966958""]"
none_subset,4,223556550,212168388,46,10,0,0,0,1,1,1,"[""209050134"", ""74840350"", ""205586250"", ""193685035"", ""212530716"", ""105129945"", ""179533802"", ""76061645"", ""105775833"", ""212168388""]"
none_subset,4,199370902,159384368,46,1415,0,0,0,0,0,0,"[""184646371"", ""127947793"", ""103251721"", ""204650950"", ""190450261"", ""201332278"", ""197415730"", ""212786249"", ""77062785"", ""103441022""]"
none_subset,4,222943071,211704000,4,302,0,0,0,0,0,0,"[""191246700"", ""215305148"", ""86385298"", ""207097865"", ""162346539"", ""198281595"", ""151978785"", ""213696130"", ""207099526"", ""82830352""]"
none_subset,4,216267579,151817180,46,39,0,0,0,0,0,1,"[""167786912"", ""167383627"", ""190450261"", ""134691092"", ""204650950"", ""184612826"", ""127947793"", ""103251721"", ""186888123"", ""191200569""]"
none_subset,4,182699351,111176154,38,334,0,0,0,0,0,0,"[""196304269"", ""120618466"", ""192992682"", ""151180760"", ""75182035"", ""74617293"", ""28399802"", ""200830087"", ""154762222"", ""113999751""]"
none_subset,4,140033472,122407287,38,1274,0,0,0,0,0,0,"[""157714512"", ""179000829"", ""127107925"", ""41147018"", ""198703958"", ""207422358"", ""129455316"", ""192884067"", ""172935259"", ""126213900""]"
none_subset,4,133324109,117436576,43,1914,0,0,0,0,0,0,"[""136611640"", ""42219137"", ""132745959"", ""104733638"", ""173981660"", ""156158793"", ""127459019"", ""197808353"", ""135871857"", ""198296892""]"
none_subset,4,174213950,142506151,4,11,0,0,0,0,1,1,"[""133755220"", ""158607543"", ""54212504"", ""180940683"", ""145698626"", ""144251877"", ""86774130"", ""191561303"", ""137001312"", ""167104684""]"
none_subset,4,223812273,207942600,4,49,0,0,0,0,0,1,"[""119644839"", ""116057633"", ""158607543"", ""159049760"", ""153939423"", ""146345148"", ""148281605"", ""167104684"", ""128511706"", ""151356635""]"
none_subset,4,204104398,165151245,46,459,0,0,0,0,0,0,"[""78004872"", ""52439531"", ""78696152"", ""145504709"", ""89431258"", ""99309357"", ""211870655"", ""162330233"", ""86246820"", ""111077753""]"
none_subset,4,181095947,151971662,43,548,0,0,0,0,0,0,"[""146898856"", ""97625037"", ""50216046"", ""151940220"", ""164354706"", ""212847147"", ""91892385"", ""68219566"", ""121414926"", ""38841821""]"
none_subset,4,224899119,192651386,43,3,0,1,1,1,1,1,"[""84074518"", ""156395019"", ""192651386"", ""183716498"", ""157809653"", ""204803959"", ""130556843"", ""39026970"", ""171798974"", ""140335234""]"
none_subset,4,183967688,155670027,38,588,0,0,0,0,0,0,"[""99753126"", ""169063398"", ""190122858"", ""116766569"", ""133274826"", ""109987226"", ""74626779"", ""91690080"", ""127571400"", ""209239234""]"
none_subset,4,184280318,132671829,38,956,0,0,0,0,0,0,"[""180386955"", ""136204876"", ""145998937"", ""128022775"", ""105898974"", ""118623949"", ""211427284"", ""160303868"", ""67086891"", ""209803175""]"
none_subset,4,216271458,196562630,43,1226,0,0,0,0,0,0,"[""170689754"", ""125361053"", ""190006266"", ""151315223"", ""188032543"", ""141669650"", ""210446525"", ""192366567"", ""162972233"", ""202655131""]"
none_subset,4,49152496,53953930,4,77,0,0,0,0,0,0,"[""171159402"", ""201065368"", ""173008557"", ""171876720"", ""126042350"", ""179145991"", ""96998136"", ""145646315"", ""208901976"", ""84024207""]"
none_subset,4,66288978,69002225,62,1454,0,0,0,0,0,0,"[""143139548"", ""135330582"", ""161511273"", ""39996426"", ""211069026"", ""59483405"", ""190767280"", ""164761085"", ""133870924"", ""72010081""]"
none_subset,4,220840372,207954191,57,341,0,0,0,0,0,0,"[""215562071"", ""213078674"", ""214059340"", ""172288940"", ""206964179"", ""130568371"", ""209236810"", ""157692544"", ""196645302"", ""209082310""]"
none_subset,4,147306031,128106423,64,1136,0,0,0,0,0,0,"[""137043393"", ""194116859"", ""167158322"", ""124273952"", ""181214144"", ""153356810"", ""74162951"", ""193536959"", ""167980707"", ""186122058""]"
none_subset,4,225316557,181446055,38,32,0,0,0,0,0,1,"[""192191594"", ""157714512"", ""214890741"", ""140979774"", ""174772308"", ""143848258"", ""211427284"", ""174632713"", ""157993089"", ""153347093""]"
none_subset,4,174525131,136554419,46,688,0,0,0,0,0,0,"[""31288854"", ""181935054"", ""194051265"", ""171198166"", ""21000985"", ""200735701"", ""51692336"", ""210880528"", ""201461152"", ""130390168""]"
none_subset,4,195885815,167310374,37,12,0,0,0,0,1,1,"[""207481345"", ""191148698"", ""164055285"", ""191027835"", ""192913849"", ""173579713"", ""149406187"", ""187021020"", ""141505308"", ""212776036""]"
none_subset,4,209210877,170072626,37,678,0,0,0,0,0,0,"[""188857439"", ""149722373"", ""188814328"", ""210698150"", ""215506448"", ""157252149"", ""176882095"", ""144801260"", ""206515039"", ""171761243""]"
none_subset,4,175741247,141574731,62,355,0,0,0,0,0,0,"[""137144214"", ""135330582"", ""188696626"", ""32200239"", ""117835777"", ""137566298"", ""200537553"", ""147831197"", ""212966939"", ""161511273""]"
none_subset,4,225332772,205095267,37,1889,0,0,0,0,0,0,"[""131581832"", ""201561139"", ""187324915"", ""212196373"", ""82620936"", ""166969289"", ""152992564"", ""183094359"", ""162391837"", ""82961419""]"
none_subset,4,207958562,129288036,64,224,0,0,0,0,0,0,"[""206133696"", ""212092681"", ""195536773"", ""215003074"", ""196286726"", ""200027492"", ""191930990"", ""192611577"", ""165258851"", ""200505701""]"
none_subset,4,208462466,174719538,64,5,0,0,1,1,1,1,"[""192779268"", ""211889722"", ""188619722"", ""210148884"", ""174719538"", ""183515676"", ""118939213"", ""147671714"", ""200033728"", ""169931960""]"
none_subset,4,218350216,203413072,57,553,0,0,0,0,0,0,"[""210609885"", ""209942989"", ""213974986"", ""179079527"", ""210498921"", ""203550692"", ""187760067"", ""173789393"", ""213974972"", ""208742570""]"
none_subset,4,184428330,141440077,4,12,0,0,0,0,1,1,"[""16813724"", ""45403148"", ""185515008"", ""73118528"", ""202002064"", ""177913898"", ""53541477"", ""192968334"", ""79387876"", ""9924656""]"
none_subset,4,201856004,167537206,64,43,0,0,0,0,0,1,"[""194941994"", ""160603185"", ""127196288"", ""188802952"", ""129093190"", ""128217933"", ""181671018"", ""193756438"", ""100752496"", ""166289001""]"
none_subset,4,215855432,169976903,4,609,0,0,0,0,0,0,"[""198615413"", ""211385428"", ""195510728"", ""205144961"", ""201432635"", ""183730691"", ""213053357"", ""213229652"", ""194722275"", ""185107867""]"
none_subset,4,211501789,190817084,43,112,0,0,0,0,0,0,"[""201671217"", ""168115086"", ""185851616"", ""190234147"", ""185360446"", ""184091403"", ""212129667"", ""201905433"", ""192529072"", ""207732639""]"
none_subset,4,175837973,147413615,62,341,0,0,0,0,0,0,"[""32645477"", ""172904337"", ""113659126"", ""80991195"", ""152364935"", ""146276364"", ""23907922"", ""86925187"", ""100144178"", ""53450931""]"
none_subset,4,204725838,161757069,37,428,0,0,0,0,0,0,"[""206569261"", ""201649016"", ""211802210"", ""191538851"", ""210502009"", ""192456013"", ""190788965"", ""195908286"", ""116930061"", ""175852737""]"
none_subset,4,197606699,145071351,43,1358,0,0,0,0,0,0,"[""199973560"", ""130951250"", ""204986935"", ""50828732"", ""199927468"", ""197902347"", ""202074012"", ""139086592"", ""205731190"", ""6704113""]"
none_subset,4,206736488,190493223,37,1234,0,0,0,0,0,0,"[""145502443"", ""124537731"", ""153610553"", ""110465452"", ""202331502"", ""214037923"", ""194655381"", ""148800689"", ""61710118"", ""157140706""]"
none_subset,4,197959137,158555938,57,2,0,1,1,1,1,1,"[""202223595"", ""158555938"", ""200462582"", ""203970534"", ""209092004"", ""207899750"", ""99228573"", ""134898435"", ""207769496"", ""206545534""]"
none_subset,4,216898820,200589462,4,462,0,0,0,0,0,0,"[""162058011"", ""187535990"", ""156855089"", ""195596465"", ""215580451"", ""190161584"", ""201461303"", ""158986768"", ""188021776"", ""99109493""]"
none_subset,4,176239974,140616698,64,380,0,0,0,0,0,0,"[""187887134"", ""151134804"", ""194941994"", ""203509707"", ""46094230"", ""147984435"", ""121260031"", ""80098795"", ""131618099"", ""201298322""]"
none_subset,4,157988855,136552233,64,2284,0,0,0,0,0,0,"[""167354299"", ""194767716"", ""146444401"", ""200859322"", ""154897158"", ""118462041"", ""20739628"", ""145930227"", ""70939079"", ""19628845""]"
none_subset,4,161185024,112700405,62,360,0,0,0,0,0,0,"[""187198512"", ""96381369"", ""100144178"", ""32645477"", ""112339725"", ""193455135"", ""60969101"", ""172904337"", ""186943676"", ""195229377""]"
none_subset,4,214846555,195919621,37,87,0,0,0,0,0,0,"[""181408383"", ""191538851"", ""207544886"", ""202030579"", ""186811713"", ""197844035"", ""190070434"", ""201649016"", ""209855515"", ""209154292""]"
none_subset,4,182932307,154018041,43,139,0,0,0,0,0,0,"[""90011446"", ""114685682"", ""114685239"", ""144399603"", ""173279591"", ""177472789"", ""125047033"", ""203523440"", ""148055631"", ""211382244""]"
none_subset,4,223890242,213307240,4,5,0,0,1,1,1,1,"[""187535990"", ""142553971"", ""158986768"", ""162058011"", ""213307240"", ""214019748"", ""195510728"", ""213275113"", ""211389849"", ""186392648""]"
none_subset,4,126143600,102679360,64,13,0,0,0,0,1,1,"[""131569653"", ""143450620"", ""167354299"", ""96029631"", ""212485762"", ""146365324"", ""139515295"", ""164643454"", ""7771724"", ""82808529""]"
none_subset,4,221471597,201385646,38,39,0,0,0,0,0,1,"[""165274768"", ""204985593"", ""176455982"", ""102711373"", ""167193773"", ""200412630"", ""138116862"", ""136949110"", ""200389144"", ""185863262""]"
none_subset,4,173298299,124122804,38,245,0,0,0,0,0,0,"[""202119038"", ""108693433"", ""132680001"", ""141804705"", ""111431777"", ""206277956"", ""48122067"", ""159013209"", ""177616565"", ""165228799""]"
none_subset,4,218520406,203736902,62,412,0,0,0,0,0,0,"[""189754029"", ""103668310"", ""110663965"", ""132521306"", ""181082260"", ""163318703"", ""51439459"", ""85051086"", ""123217124"", ""201968923""]"
none_subset,4,224142522,204338788,37,38,0,0,0,0,0,1,"[""169799265"", ""127482058"", ""191027835"", ""136186158"", ""164126632"", ""53074039"", ""150316929"", ""142640479"", ""201067865"", ""198598972""]"
none_subset,4,202410361,174578139,43,1594,0,0,0,0,0,0,"[""153591399"", ""204891079"", ""155406631"", ""41756235"", ""120575071"", ""158276305"", ""151416547"", ""86540011"", ""189841221"", ""186726793""]"
none_subset,4,161146600,138785143,57,177,0,0,0,0,0,0,"[""210636826"", ""198700939"", ""172994991"", ""193303170"", ""212916655"", ""210440269"", ""206056996"", ""187950832"", ""211954295"", ""195530334""]"
none_subset,4,222069475,170340278,62,126,0,0,0,0,0,0,"[""128177020"", ""19558627"", ""79702732"", ""184223858"", ""202517117"", ""210566449"", ""181082260"", ""152708416"", ""127953008"", ""139116865""]"
none_subset,4,194411661,163223965,43,223,0,0,0,0,0,0,"[""111061767"", ""76024222"", ""138924839"", ""204821849"", ""192942930"", ""116979481"", ""118952445"", ""88426427"", ""175839074"", ""113125737""]"
none_subset,4,224932591,191606915,64,103,0,0,0,0,0,0,"[""209149604"", ""191614451"", ""167537206"", ""152293696"", ""201578875"", ""96320844"", ""202169422"", ""82846737"", ""173458489"", ""154324585""]"
none_subset,4,210415489,183542149,4,36,0,0,0,0,0,1,"[""192413607"", ""153979554"", ""200860968"", ""200157160"", ""99199501"", ""134534067"", ""177402240"", ""72373127"", ""175750166"", ""183765728""]"
none_subset,4,15571882,13426070,38,364,0,0,0,0,0,0,"[""18107447"", ""200830087"", ""38003672"", ""215150803"", ""183569499"", ""123821164"", ""200700536"", ""209239234"", ""199367174"", ""133136953""]"
none_subset,4,98110577,25513745,4,111,0,0,0,0,0,0,"[""78628063"", ""116474962"", ""171902128"", ""112475075"", ""161643758"", ""193934711"", ""3831714"", ""91829997"", ""194290947"", ""189821495""]"
none_subset,4,215808683,193202852,38,3,0,1,1,1,1,1,"[""179119989"", ""209921939"", ""193202852"", ""23769172"", ""170400945"", ""196915199"", ""205170862"", ""209925991"", ""190110099"", ""134145256""]"
none_subset,4,157938763,131128383,64,123,0,0,0,0,0,0,"[""115629895"", ""200883111"", ""154046140"", ""69227080"", ""211216257"", ""154049018"", ""108526378"", ""168805608"", ""188619722"", ""200110600""]"
none_subset,4,195879054,164721000,64,844,0,0,0,0,0,0,"[""167740456"", ""128607088"", ""202169422"", ""99745919"", ""108538492"", ""151366408"", ""152293696"", ""208682751"", ""100752496"", ""191281696""]"
none_subset,4,223876308,209808536,38,440,0,0,0,0,0,0,"[""177493383"", ""93923477"", ""174760342"", ""100712745"", ""69722104"", ""120501914"", ""189745383"", ""69118085"", ""174166201"", ""68644542""]"
none_subset,4,214132806,193403705,43,500,0,0,0,0,0,0,"[""207549172"", ""182870508"", ""66867545"", ""197607286"", ""186549940"", ""194562683"", ""197607322"", ""57957728"", ""146978431"", ""164476094""]"
none_subset,4,52664700,60411182,62,2224,0,0,0,0,0,0,"[""104016143"", ""203766686"", ""119150891"", ""119067436"", ""128594783"", ""57144448"", ""188860992"", ""166012487"", ""87886557"", ""44103941""]"
none_subset,4,200266803,114685239,43,2756,0,0,0,0,0,0,"[""76510127"", ""144744853"", ""87001748"", ""68949275"", ""203191672"", ""115851281"", ""137017957"", ""129483238"", ""118255723"", ""104265595""]"
none_subset,4,217984127,194136520,46,4,0,0,1,1,1,1,"[""168220730"", ""209824689"", ""194138608"", ""194136520"", ""214806915"", ""215006086"", ""198607370"", ""190907433"", ""116109332"", ""127609272""]"
none_subset,4,98474414,70434629,38,108,0,0,0,0,0,0,"[""211267789"", ""128235238"", ""208142272"", ""210816014"", ""172773467"", ""213380358"", ""202565372"", ""207707222"", ""139822644"", ""200560256""]"
none_subset,4,203033874,175785148,62,215,0,0,0,0,0,0,"[""204577887"", ""203908924"", ""212180917"", ""200033285"", ""211070786"", ""191211417"", ""125264671"", ""212901239"", ""154758359"", ""179248067""]"
none_subset,4,208098642,184209950,57,319,0,0,0,0,0,0,"[""208786775"", ""15022157"", ""211568673"", ""199479829"", ""196862481"", ""163863157"", ""209092004"", ""204091701"", ""171331353"", ""107527615""]"
none_subset,4,173574562,143597501,38,1005,0,0,0,0,0,0,"[""111639650"", ""204880845"", ""126776975"", ""157657051"", ""100749834"", ""176738509"", ""192654276"", ""194370723"", ""182866917"", ""169004224""]"
none_subset,4,90053851,87387447,64,7,0,0,0,1,1,1,"[""147451743"", ""199704764"", ""167643333"", ""156925615"", ""154364693"", ""56376408"", ""87387447"", ""139118223"", ""166095870"", ""197129998""]"
none_subset,4,161837918,127669239,38,49,0,0,0,0,0,1,"[""157993089"", ""214890741"", ""151069586"", ""176883176"", ""169064521"", ""158100308"", ""96535503"", ""102368805"", ""192992682"", ""159864740""]"
none_subset,4,177388849,149611213,46,1971,0,0,0,0,0,0,"[""173222203"", ""77995654"", ""129447301"", ""45769216"", ""39277627"", ""79988383"", ""160523276"", ""65246565"", ""170393915"", ""180749212""]"
none_subset,4,184500825,156456714,4,34,0,0,0,0,0,1,"[""150456310"", ""102233014"", ""147828982"", ""163349092"", ""139418370"", ""119900827"", ""202877780"", ""191690738"", ""150577652"", ""98834359""]"
none_subset,4,222767943,209217971,57,862,0,0,0,0,0,0,"[""147735917"", ""57896054"", ""206372915"", ""109983619"", ""165671006"", ""184248734"", ""193568914"", ""200415629"", ""207176758"", ""132000121""]"
none_subset,4,215241629,192731605,43,106,0,0,0,0,0,0,"[""210822887"", ""189297376"", ""187215484"", ""211582481"", ""206290556"", ""201213450"", ""182399428"", ""182445092"", ""213483404"", ""207732639""]"
none_subset,4,183100470,99417938,64,358,0,0,0,0,0,0,"[""159992550"", ""144073843"", ""200767454"", ""183047062"", ""8645666"", ""151937269"", ""202708847"", ""161581546"", ""189845371"", ""139178433""]"
none_subset,4,179107092,144454199,62,836,0,0,0,0,0,0,"[""161511273"", ""135330582"", ""137144214"", ""143139548"", ""39996426"", ""168785007"", ""190767280"", ""69863959"", ""136870941"", ""152444456""]"
none_subset,4,208304805,109143906,62,587,0,0,0,0,0,0,"[""156814814"", ""208220353"", ""132448455"", ""199605491"", ""122377328"", ""193487145"", ""12231700"", ""172047615"", ""190061187"", ""95885283""]"
none_subset,4,187084437,157264118,38,445,0,0,0,0,0,0,"[""126393314"", ""180023471"", ""31197704"", ""123821164"", ""148428740"", ""100758724"", ""44504337"", ""154112696"", ""105651656"", ""154107984""]"
none_subset,4,182829203,121637221,57,2153,0,0,0,0,0,0,"[""175877174"", ""202358315"", ""97187105"", ""197135877"", ""195801582"", ""128942017"", ""79860798"", ""121596250"", ""181271800"", ""145955425""]"
none_subset,4,222069124,145729982,43,159,0,0,0,0,0,0,"[""67021173"", ""116683386"", ""74375092"", ""40402254"", ""104957798"", ""154102515"", ""170809412"", ""125480188"", ""27430167"", ""142451013""]"
none_subset,4,103400294,94729022,64,1796,0,0,0,0,0,0,"[""148153000"", ""128217933"", ""208915255"", ""194941994"", ""92189436"", ""119643934"", ""121442493"", ""129093190"", ""187887134"", ""153356810""]"
none_subset,4,224914581,176953865,64,74,0,0,0,0,0,0,"[""195393000"", ""44495615"", ""169811379"", ""73275498"", ""194106443"", ""205134381"", ""126904794"", ""124191185"", ""135996572"", ""205937076""]"
none_subset,4,214666513,195619020,37,86,0,0,0,0,0,0,"[""201913249"", ""181022161"", ""205943306"", ""196323233"", ""151708259"", ""179758158"", ""184292036"", ""202222318"", ""169922684"", ""187256075""]"
none_subset,4,222321400,182166699,57,297,0,0,0,0,0,0,"[""173370077"", ""209801964"", ""166225948"", ""153434097"", ""189194901"", ""85728689"", ""172859305"", ""123741380"", ""143158282"", ""147873420""]"
none_subset,4,216944551,159359494,43,135,0,0,0,0,0,0,"[""215090391"", ""180442618"", ""211355598"", ""202227389"", ""159971774"", ""178271380"", ""171291776"", ""212033090"", ""153040976"", ""194288073""]"
none_subset,4,210707828,152227829,62,1566,0,0,0,0,0,0,"[""182479029"", ""72763415"", ""137617785"", ""56951341"", ""214110785"", ""191802528"", ""193245188"", ""186145130"", ""200278691"", ""60498626""]"
none_subset,4,180014956,142418825,38,231,0,0,0,0,0,0,"[""181781147"", ""195666912"", ""143671381"", ""161419745"", ""192708667"", ""73914237"", ""204880845"", ""126393314"", ""211021392"", ""181340196""]"
none_subset,4,215076463,163758025,38,83,0,0,0,0,0,0,"[""121028401"", ""163280205"", ""193133447"", ""122392168"", ""194420087"", ""186976770"", ""207390535"", ""206506072"", ""101699801"", ""162629010""]"
none_subset,4,205252925,169789662,46,307,0,0,0,0,0,0,"[""131545810"", ""52955195"", ""48680779"", ""203171500"", ""205769669"", ""192689229"", ""196161712"", ""143484748"", ""113497361"", ""79988383""]"
none_subset,4,183925854,153105815,46,3,0,1,1,1,1,1,"[""158946684"", ""193559506"", ""153105815"", ""59097004"", ""117093898"", ""62458353"", ""160110731"", ""201215254"", ""140208813"", ""139649558""]"
none_subset,4,224020111,198002699,46,147,0,0,0,0,0,0,"[""174610357"", ""211028341"", ""203534611"", ""170987455"", ""109531052"", ""136320022"", ""202547061"", ""76658512"", ""125545946"", ""209335327""]"
none_subset,4,187296862,158205918,4,386,0,0,0,0,0,0,"[""205530255"", ""45403148"", ""185596367"", ""113199812"", ""141440077"", ""138626625"", ""73118528"", ""162407032"", ""156834256"", ""108788103""]"
none_subset,4,220810360,138163284,64,108,0,0,0,0,0,0,"[""67998486"", ""143686140"", ""67792301"", ""183047062"", ""48108527"", ""105144259"", ""111626622"", ""155021743"", ""140676990"", ""189988059""]"
none_subset,4,223818925,199451041,4,1077,0,0,0,0,0,0,"[""191889856"", ""197928464"", ""199942377"", ""149540936"", ""176713159"", ""168021014"", ""164310767"", ""184967461"", ""194647981"", ""203515307""]"
none_subset,4,222921695,135905491,38,326,0,0,0,0,0,0,"[""103005464"", ""150167398"", ""74328058"", ""169820470"", ""142598311"", ""196068182"", ""198969641"", ""200715695"", ""149562058"", ""200085691""]"
none_subset,4,216187678,198809896,4,259,0,0,0,0,0,0,"[""208780104"", ""202571906"", ""191316160"", ""215305148"", ""207097865"", ""185360306"", ""155908916"", ""194160187"", ""205600080"", ""195744792""]"
none_subset,4,208818858,184790742,64,215,0,0,0,0,0,0,"[""160006498"", ""188442124"", ""187029541"", ""162686675"", ""211861347"", ""84069250"", ""187914316"", ""121322111"", ""135996572"", ""169811379""]"
none_subset,4,219722612,159255378,4,181,0,0,0,0,0,0,"[""169715410"", ""144811459"", ""73118528"", ""190228386"", ""207935824"", ""200198172"", ""211664992"", ""162407032"", ""180266107"", ""206016133""]"
none_subset,4,174150733,143077183,46,1022,0,0,0,0,0,0,"[""174549866"", ""134541468"", ""208811097"", ""151511658"", ""154821670"", ""101304130"", ""142789905"", ""143484748"", ""57427713"", ""129427671""]"
none_subset,4,208472831,174516474,37,243,0,0,0,0,0,0,"[""121097766"", ""192227530"", ""201561139"", ""203829614"", ""134610044"", ""196469804"", ""85275000"", ""170544975"", ""193608318"", ""179900455""]"
none_subset,4,225331879,211781657,46,1131,0,0,0,0,0,0,"[""210856802"", ""171636556"", ""212730825"", ""210498678"", ""100881714"", ""78183845"", ""205463159"", ""208719036"", ""144431749"", ""214290787""]"
none_subset,4,182892098,152196065,57,378,0,0,0,0,0,0,"[""180417908"", ""153865654"", ""12178696"", ""211640040"", ""138406659"", ""201144087"", ""174010829"", ""206493285"", ""194409455"", ""211785457""]"
none_subset,4,191191397,161679651,37,362,0,0,0,0,0,0,"[""188912090"", ""191259466"", ""34493321"", ""193679263"", ""204657562"", ""148752102"", ""180843184"", ""153568815"", ""187812442"", ""208900697""]"
none_subset,4,51157154,56376408,64,126,0,0,0,0,0,0,"[""115271433"", ""86007149"", ""108051613"", ""106887245"", ""160024731"", ""88248087"", ""190459684"", ""99746700"", ""111358319"", ""148683481""]"
none_subset,4,213506298,194022328,4,546,0,0,0,0,0,0,"[""215305148"", ""195744792"", ""133632260"", ""191246700"", ""209124215"", ""207097865"", ""153410659"", ""182581077"", ""183509496"", ""159511008""]"
none_subset,4,185600450,118284407,64,364,0,0,0,0,0,0,"[""202708847"", ""203544848"", ""165038599"", ""80281524"", ""82453175"", ""159020740"", ""147554849"", ""105652723"", ""208493068"", ""32245008""]"
none_subset,4,180909269,115463757,37,614,0,0,0,0,0,0,"[""93714502"", ""154182019"", ""103057199"", ""186713888"", ""152140191"", ""23924949"", ""168553107"", ""37024390"", ""195670135"", ""21423746""]"
none_subset,4,201721125,136423579,62,29,0,0,0,0,1,1,"[""134917876"", ""120041482"", ""160586788"", ""161194868"", ""109144733"", ""136225463"", ""80656120"", ""124265654"", ""155653139"", ""210301365""]"
none_subset,4,115556942,103936826,4,53,0,0,0,0,0,0,"[""105240256"", ""146357422"", ""199751511"", ""173611156"", ""210272731"", ""203537664"", ""164258790"", ""182903930"", ""203738355"", ""211027940""]"
none_subset,4,194887665,167548901,46,219,0,0,0,0,0,0,"[""172604491"", ""193206170"", ""167383627"", ""174100562"", ""206935328"", ""160255339"", ""194750109"", ""213237291"", ""203343668"", ""203310461""]"
none_subset,4,138219661,119900827,4,5,0,0,1,1,1,1,"[""86385298"", ""176566249"", ""191225749"", ""102233014"", ""119900827"", ""133632260"", ""179569445"", ""209124215"", ""145646315"", ""171159402""]"
none_subset,4,212540852,192319538,43,282,0,0,0,0,0,0,"[""150459085"", ""157129302"", ""146783647"", ""153040976"", ""201915238"", ""199212700"", ""215513285"", ""146616250"", ""125908093"", ""190770204""]"
none_subset,4,176555063,135810804,57,349,0,0,0,0,0,0,"[""200193952"", ""172994991"", ""199425070"", ""141122844"", ""209942989"", ""210498921"", ""187720102"", ""132446211"", ""210399533"", ""214349938""]"
none_subset,4,225173739,208033167,64,134,0,0,0,0,0,0,"[""69885765"", ""179740887"", ""193944748"", ""121442493"", ""98740806"", ""166184401"", ""203188239"", ""178000493"", ""212261336"", ""173246608""]"
none_subset,4,158468307,129585105,38,2,0,1,1,1,1,1,"[""82057494"", ""129585105"", ""207314698"", ""73789534"", ""209719272"", ""206990464"", ""158733811"", ""118583542"", ""202877317"", ""158767731""]"
none_subset,4,186450742,147354525,46,136,0,0,0,0,0,0,"[""201991995"", ""165738313"", ""146029150"", ""207529569"", ""108971427"", ""182136657"", ""147047749"", ""176659851"", ""78094109"", ""145084375""]"
none_subset,4,181047857,152412516,57,935,0,0,0,0,0,0,"[""39472658"", ""85942447"", ""49660194"", ""121902729"", ""206552998"", ""83088208"", ""143608153"", ""211148392"", ""72917901"", ""201926544""]"
none_subset,4,91443112,85213040,43,1431,0,0,0,0,0,0,"[""187717589"", ""211549610"", ""133220748"", ""179115971"", ""179054743"", ""76380885"", ""127263729"", ""188032543"", ""188690647"", ""139778348""]"
none_subset,4,119539452,106502277,43,1018,0,0,0,0,0,0,"[""185121060"", ""210446525"", ""188032543"", ""141669650"", ""64251949"", ""182081124"", ""201236975"", ""188687228"", ""178668945"", ""170689754""]"
none_subset,4,191907572,158126671,64,1,1,1,1,1,1,1,"[""158126671"", ""154046140"", ""188236622"", ""72224328"", ""212572450"", ""145930227"", ""154049018"", ""45933851"", ""101323481"", ""115629895""]"
none_subset,4,218261275,173939203,38,194,0,0,0,0,0,0,"[""82057494"", ""145417944"", ""171461647"", ""204165631"", ""146847513"", ""74153327"", ""110187337"", ""98740967"", ""197273368"", ""79223401""]"
none_subset,4,159177944,138639851,46,206,0,0,0,0,0,0,"[""160764333"", ""138617659"", ""113055815"", ""172681042"", ""174613608"", ""115209508"", ""135652658"", ""165299984"", ""131931084"", ""140861260""]"
none_subset,4,207369823,175349512,38,984,0,0,0,0,0,0,"[""98186259"", ""171755799"", ""181242432"", ""188649450"", ""55877012"", ""198984787"", ""203692617"", ""177027866"", ""186976770"", ""102778559""]"
none_subset,4,224642974,213296555,46,915,0,0,0,0,0,0,"[""188997673"", ""162783785"", ""201909624"", ""136576031"", ""116968490"", ""146207857"", ""214780678"", ""165223697"", ""137815967"", ""120660699""]"
none_subset,4,153329728,132795249,43,127,0,0,0,0,0,0,"[""136611640"", ""198322720"", ""120869286"", ""192528335"", ""178668945"", ""46154800"", ""158538239"", ""185210795"", ""137231986"", ""200879611""]"
none_subset,4,224929989,146515707,38,230,0,0,0,0,0,0,"[""207390535"", ""107235965"", ""132325249"", ""44557915"", ""204218454"", ""171248361"", ""121756181"", ""206303400"", ""58199619"", ""95406694""]"
none_subset,4,221098190,195854271,57,19,0,0,0,0,1,1,"[""190632146"", ""201084593"", ""207501690"", ""171157628"", ""206849327"", ""138365679"", ""210643015"", ""211587933"", ""161609848"", ""179899121""]"
none_subset,4,155831788,132325249,38,1684,0,0,0,0,0,0,"[""149343290"", ""189593063"", ""209258995"", ""133136953"", ""192596276"", ""192992682"", ""69350726"", ""179876069"", ""127539785"", ""127751166""]"
none_subset,4,126845448,112937104,4,254,0,0,0,0,0,0,"[""139418370"", ""141085810"", ""201065368"", ""115483149"", ""94319899"", ""171818167"", ""155703180"", ""208901976"", ""192402919"", ""186775950""]"
none_subset,4,179361545,106038218,64,653,0,0,0,0,0,0,"[""195841911"", ""102619257"", ""136053941"", ""177968315"", ""158126671"", ""126295674"", ""163956163"", ""103614032"", ""154049018"", ""174916841""]"
none_subset,4,139449822,117334028,38,1178,0,0,0,0,0,0,"[""133136953"", ""200830087"", ""112389064"", ""125139020"", ""155814671"", ""92914026"", ""179876069"", ""37809434"", ""108421334"", ""203702170""]"
none_subset,4,221096484,205170862,38,127,0,0,0,0,0,0,"[""101461920"", ""199402447"", ""201872814"", ""113652490"", ""31980662"", ""81584170"", ""185863262"", ""200931885"", ""207705451"", ""148861478""]"
none_subset,4,194053252,144803619,37,170,0,0,0,0,0,0,"[""21423746"", ""127087324"", ""149631379"", ""161147605"", ""155606960"", ""152140191"", ""171828064"", ""183023489"", ""160098809"", ""147143113""]"
none_subset,4,193744363,162888304,4,241,0,0,0,0,0,0,"[""203890372"", ""174891772"", ""182183775"", ""155621693"", ""146131577"", ""97922019"", ""191630851"", ""82704316"", ""117771611"", ""195082708""]"
none_subset,4,56881494,59824769,64,83,0,0,0,0,0,0,"[""80281524"", ""103416735"", ""53527257"", ""181619566"", ""187708913"", ""188599489"", ""79734724"", ""90897593"", ""87964225"", ""63474547""]"
none_subset,4,213465163,187705042,62,875,0,0,0,0,0,0,"[""15942056"", ""72763415"", ""172190870"", ""45013331"", ""187978938"", ""162263431"", ""69716297"", ""164086518"", ""113866351"", ""58086605""]"
none_subset,4,208699858,179210556,64,4,0,0,1,1,1,1,"[""193944748"", ""203188239"", ""208376832"", ""179210556"", ""86356781"", ""173458489"", ""100728693"", ""197079216"", ""154324585"", ""69885765""]"
none_subset,4,195833750,123189996,64,105,0,0,0,0,0,0,"[""213581190"", ""179740887"", ""122150463"", ""143226451"", ""128085943"", ""204273384"", ""129359241"", ""147899970"", ""202018618"", ""69885765""]"
none_subset,4,181207777,144454199,62,592,0,0,0,0,0,0,"[""191074130"", ""62333104"", ""182512987"", ""198039882"", ""144395926"", ""137144214"", ""148732654"", ""190767280"", ""69863959"", ""64365794""]"
none_subset,4,211604132,188799739,4,883,0,0,0,0,0,0,"[""157346101"", ""186775950"", ""203305847"", ""208901976"", ""139418370"", ""163708754"", ""122758097"", ""176867327"", ""209018186"", ""171818167""]"
none_subset,4,218617140,203875366,57,1853,0,0,0,0,0,0,"[""175969122"", ""113047535"", ""120677881"", ""187983195"", ""138875951"", ""113764919"", ""81024498"", ""160599228"", ""55659299"", ""145912634""]"
none_subset,4,217487255,196511259,64,921,0,0,0,0,0,0,"[""194941994"", ""129093190"", ""208915255"", ""166289001"", ""127196288"", ""193756438"", ""53453982"", ""128217933"", ""214336133"", ""160603185""]"
none_subset,4,217577782,191677362,62,1788,0,0,0,0,0,0,"[""191074130"", ""185851832"", ""190355590"", ""137144214"", ""69863959"", ""160036757"", ""80901718"", ""115226483"", ""211043861"", ""62110369""]"
none_subset,4,203358632,174101198,37,958,0,0,0,0,0,0,"[""50546747"", ""209034394"", ""163345294"", ""145639775"", ""90697118"", ""169246157"", ""132196508"", ""210611540"", ""193268783"", ""187840316""]"
none_subset,4,121248621,108713383,46,236,0,0,0,0,0,0,"[""194081652"", ""153467283"", ""87562356"", ""105064165"", ""208099409"", ""35369060"", ""81754384"", ""32481392"", ""213234426"", ""167424905""]"
none_subset,4,76000782,53594227,57,2,0,1,1,1,1,1,"[""58773802"", ""53594227"", ""85942447"", ""100527593"", ""175340511"", ""14439949"", ""88411977"", ""184690297"", ""99443492"", ""183993242""]"
none_subset,4,191982239,161813766,38,335,0,0,0,0,0,0,"[""137272079"", ""161419745"", ""182704194"", ""193857539"", ""143671272"", ""122560021"", ""140979774"", ""193252013"", ""166302090"", ""187319038""]"
none_subset,4,216739051,200370854,37,19,0,0,0,0,1,1,"[""211571619"", ""210025924"", ""180837553"", ""193730114"", ""201913249"", ""195073454"", ""210307849"", ""187443642"", ""151708259"", ""196806221""]"
none_subset,4,192931748,163620157,62,126,0,0,0,0,0,0,"[""142923518"", ""32728587"", ""177811848"", ""143843798"", ""210424203"", ""129898062"", ""194805526"", ""148423515"", ""113547578"", ""165119271""]"
none_subset,4,224192708,212429237,64,19,0,0,0,0,1,1,"[""195841911"", ""136053941"", ""156077786"", ""102619257"", ""200043378"", ""177968315"", ""209149616"", ""14286061"", ""98469115"", ""163956163""]"
none_subset,4,222889034,211582481,43,5,0,0,1,1,1,1,"[""201213450"", ""168830681"", ""210822887"", ""186350594"", ""211582481"", ""194022987"", ""156536547"", ""136773099"", ""184024262"", ""187215484""]"
none_subset,4,210329706,184254034,64,23,0,0,0,0,1,1,"[""150570854"", ""174719538"", ""207726882"", ""182426229"", ""157103060"", ""196368507"", ""169931960"", ""136600772"", ""211889722"", ""144399371""]"
none_subset,4,98720243,82453175,64,874,0,0,0,0,0,0,"[""168668432"", ""186122058"", ""163082716"", ""160006498"", ""147667682"", ""129288036"", ""78458855"", ""159020740"", ""184399585"", ""155116255""]"
none_subset,4,191920165,151312076,38,72,0,0,0,0,0,0,"[""109987226"", ""91690080"", ""126884451"", ""127571400"", ""190122858"", ""135619578"", ""180487810"", ""184191073"", ""204224738"", ""204637998""]"
none_subset,4,193516549,141087936,37,1820,0,0,0,0,0,0,"[""21114364"", ""202222440"", ""181408383"", ""119227333"", ""45171964"", ""98327133"", ""154409188"", ""116240817"", ""29496516"", ""14688074""]"
none_subset,4,215181467,196352343,4,665,0,0,0,0,0,0,"[""199780246"", ""191147915"", ""126810749"", ""141212383"", ""187602417"", ""160037231"", ""50948393"", ""190574356"", ""146764647"", ""181099732""]"
none_subset,4,213470302,193563274,38,820,0,0,0,0,0,0,"[""201835961"", ""150241983"", ""204880845"", ""154107984"", ""180023471"", ""35304652"", ""126393314"", ""116226486"", ""44504337"", ""157657051""]"
none_subset,4,217382278,205030690,46,18,0,0,0,0,1,1,"[""158946684"", ""193559506"", ""139649558"", ""62458353"", ""100503293"", ""201215254"", ""160110731"", ""133674182"", ""117093898"", ""153503851""]"
none_subset,4,187772901,152337991,64,47,0,0,0,0,0,1,"[""94863968"", ""94645332"", ""206213762"", ""63935560"", ""173159881"", ""156281163"", ""70397289"", ""79233838"", ""174387123"", ""133169923""]"
none_subset,4,214506218,194775259,64,447,0,0,0,0,0,0,"[""91451711"", ""160001929"", ""128304968"", ""31017779"", ""181874277"", ""109320323"", ""131569653"", ""61171911"", ""154504845"", ""199383617""]"
none_subset,4,223760928,210450450,57,44,0,0,0,0,0,1,"[""205639658"", ""209364645"", ""177390672"", ""194275459"", ""193469879"", ""146715052"", ""199377736"", ""207806007"", ""215562071"", ""211668933""]"
none_subset,4,174683528,86091554,46,38,0,0,0,0,0,1,"[""174665100"", ""162153442"", ""176647062"", ""145094112"", ""172250706"", ""180829317"", ""194132989"", ""175609249"", ""156045025"", ""208431287""]"
none_subset,4,220595838,192805958,46,563,0,0,0,0,0,0,"[""84576505"", ""191705183"", ""32186937"", ""111095231"", ""183140735"", ""139504923"", ""203329657"", ""93317617"", ""201966464"", ""211752694""]"
none_subset,4,194436636,126011300,38,223,0,0,0,0,0,0,"[""82057494"", ""158733811"", ""107906676"", ""209719272"", ""67559588"", ""158767731"", ""73789534"", ""54324303"", ""158291880"", ""169186989""]"
none_subset,4,133292443,112902032,64,2036,0,0,0,0,0,0,"[""169622540"", ""56593545"", ""166489955"", ""76425768"", ""211171973"", ""213253358"", ""186937016"", ""213429313"", ""208979760"", ""200451748""]"
none_subset,4,95295742,55355667,43,905,0,0,0,0,0,0,"[""197607286"", ""205605896"", ""78516965"", ""186403472"", ""188398971"", ""141417624"", ""99720576"", ""207753535"", ""193482080"", ""154180471""]"
none_subset,4,207550436,179000829,38,2,0,1,1,1,1,1,"[""100750564"", ""179000829"", ""129594031"", ""129590481"", ""160556153"", ""205787294"", ""165942764"", ""112758593"", ""213648542"", ""115091528""]"
none_subset,4,168234043,105284015,64,5,0,0,1,1,1,1,"[""173175226"", ""214883675"", ""197129998"", ""211029466"", ""105284015"", ""99419773"", ""112432197"", ""204532336"", ""137648602"", ""154364693""]"
none_subset,4,206867388,181331283,43,1927,0,0,0,0,0,0,"[""202367676"", ""191701553"", ""178850565"", ""200253605"", ""147077009"", ""84756708"", ""144102192"", ""172403975"", ""35117971"", ""76860540""]"
none_subset,4,154993550,127087324,37,316,0,0,0,0,0,0,"[""145112155"", ""142288546"", ""16898206"", ""175772166"", ""119637829"", ""122748929"", ""184920959"", ""153205116"", ""187812442"", ""157022245""]"
none_subset,4,215105169,196286726,64,1,1,1,1,1,1,1,"[""196286726"", ""147671714"", ""192779268"", ""206276658"", ""200026497"", ""174719538"", ""169931960"", ""195529634"", ""191930990"", ""200505701""]"
none_subset,4,221268804,179735008,4,86,0,0,0,0,0,0,"[""73118528"", ""45403148"", ""156401201"", ""211664992"", ""206016133"", ""206279065"", ""12867445"", ""197046560"", ""164495014"", ""209260365""]"
none_subset,4,191892692,164374132,43,42,0,0,0,0,0,1,"[""79676853"", ""98301531"", ""165688631"", ""165627910"", ""126415167"", ""163141517"", ""167697776"", ""107634006"", ""193746203"", ""200392561""]"
none_subset,4,190066343,162413549,37,35,0,0,0,0,0,1,"[""207698281"", ""195296935"", ""169228866"", ""154947799"", ""179751402"", ""154731935"", ""196563012"", ""195583647"", ""107872662"", ""188375000""]"
none_subset,4,172680642,130299986,4,6,0,0,0,1,1,1,"[""171447530"", ""202362364"", ""136474102"", ""138966111"", ""200963858"", ""130299986"", ""153991203"", ""144264277"", ""191695096"", ""117771611""]"
none_subset,4,124652082,111507227,46,506,0,0,0,0,0,0,"[""150142821"", ""70517064"", ""151511658"", ""148352358"", ""143366526"", ""142789905"", ""130256763"", ""64629457"", ""132188413"", ""88672257""]"
none_subset,4,211314847,179041527,46,170,0,0,0,0,0,0,"[""120932240"", ""200400926"", ""205315794"", ""139649558"", ""140208813"", ""165953966"", ""82615761"", ""187829464"", ""151344613"", ""156554598""]"
none_subset,4,216976389,193787837,64,879,0,0,0,0,0,0,"[""76676235"", ""200043378"", ""66459509"", ""14286061"", ""184076586"", ""187503442"", ""213362149"", ""198087057"", ""188679044"", ""67029925""]"
none_subset,4,157899270,122844194,46,1089,0,0,0,0,0,0,"[""48680779"", ""121587868"", ""105137217"", ""135173671"", ""138326639"", ""210836993"", ""105064165"", ""73921798"", ""79988383"", ""162319258""]"
none_subset,4,31876020,35001266,46,145,0,0,0,0,0,0,"[""50497846"", ""79523323"", ""194051265"", ""26599574"", ""51692336"", ""19664212"", ""183767116"", ""16435346"", ""79596435"", ""188997673""]"
none_subset,4,136392754,104135674,64,182,0,0,0,0,0,0,"[""149715107"", ""119643934"", ""128217933"", ""194941994"", ""153356810"", ""157803989"", ""190786565"", ""60032340"", ""192392140"", ""138800320""]"
none_subset,4,174050717,146272807,37,155,0,0,0,0,0,0,"[""213471023"", ""197344850"", ""163424021"", ""146527115"", ""189934851"", ""140706897"", ""84416822"", ""190251047"", ""153367008"", ""57914905""]"
none_subset,4,85517234,16200082,4,442,0,0,0,0,0,0,"[""163349092"", ""99318165"", ""147828982"", ""149144744"", ""173008557"", ""203305847"", ""102233014"", ""209715606"", ""159659843"", ""163708754""]"
none_subset,4,60621521,66001771,38,18,0,0,0,0,1,1,"[""12850729"", ""83459172"", ""178111049"", ""162038910"", ""182664472"", ""213761986"", ""126884451"", ""184915247"", ""151931969"", ""172923145""]"
none_subset,4,195598730,168407756,62,204,0,0,0,0,0,0,"[""204435102"", ""116947577"", ""143989434"", ""199714786"", ""204527959"", ""184552723"", ""128619709"", ""208722933"", ""114162936"", ""80550172""]"
none_subset,4,194696531,165507559,4,126,0,0,0,0,0,0,"[""177860593"", ""164310767"", ""158097383"", ""176720818"", ""184753068"", ""205041976"", ""151519381"", ""201178798"", ""148096344"", ""199361385""]"
none_subset,4,172009441,143567150,57,310,0,0,0,0,0,0,"[""110306995"", ""100527593"", ""183993242"", ""86061978"", ""107527374"", ""131732559"", ""199897240"", ""121902729"", ""22891994"", ""154152362""]"
none_subset,4,106371568,81712775,62,1712,0,0,0,0,0,0,"[""56568319"", ""15942056"", ""60700827"", ""115226483"", ""56305255"", ""186756267"", ""157692294"", ""197129044"", ""167352840"", ""203397613""]"
none_subset,4,221354881,208956211,62,1669,0,0,0,0,0,0,"[""161511273"", ""194803893"", ""39996426"", ""211069026"", ""53450905"", ""135330582"", ""143139548"", ""186936582"", ""168785007"", ""143261727""]"
none_subset,4,140630550,105605834,4,472,0,0,0,0,0,0,"[""171050004"", ""161417907"", ""90543409"", ""185642095"", ""78628063"", ""209397578"", ""185275943"", ""132101224"", ""156469871"", ""184994826""]"
none_subset,4,205970803,181306942,4,11,0,0,0,0,1,1,"[""187964382"", ""98076075"", ""23408401"", ""210721272"", ""141488485"", ""122564854"", ""209607188"", ""199834780"", ""167351572"", ""142553971""]"
none_subset,4,175938816,147988293,37,132,0,0,0,0,0,0,"[""181408383"", ""213471023"", ""180221400"", ""157806065"", ""201740861"", ""146527115"", ""194958352"", ""94966858"", ""45171964"", ""98327133""]"
none_subset,4,81153449,13469891,4,271,0,0,0,0,0,0,"[""141488485"", ""138975756"", ""98076075"", ""139852579"", ""151518049"", ""122594682"", ""181715447"", ""12396291"", ""120663751"", ""149759096""]"
none_subset,4,220204771,206235969,4,58,0,0,0,0,0,0,"[""73118528"", ""169715410"", ""161086623"", ""16813724"", ""206007161"", ""208324043"", ""206016133"", ""45403148"", ""200198172"", ""185596367""]"
none_subset,4,219877685,204948467,38,98,0,0,0,0,0,0,"[""174919483"", ""39903440"", ""32654945"", ""19105395"", ""189745383"", ""188178632"", ""36621623"", ""95420911"", ""98078621"", ""80603993""]"
none_subset,4,19274693,16684342,57,736,0,0,0,0,0,0,"[""203796300"", ""215562071"", ""113047535"", ""209164848"", ""165671006"", ""180561579"", ""211403510"", ""159343304"", ""203551296"", ""166538115""]"
none_subset,4,225328512,196270392,4,203,0,0,0,0,0,0,"[""152685161"", ""179258061"", ""210643102"", ""189202376"", ""146027073"", ""121025812"", ""207143420"", ""179804262"", ""180180713"", ""119654700""]"
none_subset,4,182525884,176722009,43,11,0,0,0,0,1,1,"[""120544015"", ""177473145"", ""160407494"", ""147419433"", ""49526180"", ""123492526"", ""145906971"", ""125934100"", ""214876955"", ""172028249""]"
none_subset,4,221015126,204675075,57,33,0,0,0,0,0,1,"[""173370077"", ""209801964"", ""193883899"", ""189194901"", ""153434097"", ""171686923"", ""166225948"", ""206215452"", ""207769474"", ""159577045""]"
none_subset,4,181083347,128431328,38,693,0,0,0,0,0,0,"[""202829895"", ""192992682"", ""154762222"", ""177325365"", ""75182035"", ""160458687"", ""190550107"", ""110457316"", ""106812535"", ""108645662""]"
none_subset,4,220376806,125977774,57,2326,0,0,0,0,0,0,"[""111084475"", ""190730924"", ""55747400"", ""152200569"", ""171919749"", ""173235697"", ""193540632"", ""213470961"", ""164639309"", ""118458266""]"
none_subset,4,218730195,181873326,46,708,0,0,0,0,0,0,"[""201270244"", ""153467283"", ""109790613"", ""109623726"", ""170987455"", ""82944002"", ""131950511"", ""79694314"", ""203786560"", ""138254448""]"
none_subset,4,124558600,83782511,38,342,0,0,0,0,0,0,"[""190453683"", ""156629865"", ""166911507"", ""167491323"", ""153191207"", ""16689432"", ""27784922"", ""121639115"", ""178462865"", ""162400962""]"
none_subset,4,115160424,76158891,43,206,0,0,0,0,0,0,"[""162630675"", ""60496830"", ""96300750"", ""171665125"", ""113004095"", ""154102515"", ""133220748"", ""184649249"", ""133582641"", ""170809412""]"
none_subset,4,156442038,50164634,38,180,0,0,0,0,0,0,"[""181226544"", ""112389064"", ""200085691"", ""169820470"", ""115216449"", ""142598311"", ""55254920"", ""138438188"", ""189799383"", ""147913145""]"
none_subset,4,208885105,182587351,57,59,0,0,0,0,0,0,"[""157953377"", ""196935602"", ""152187673"", ""202725978"", ""202626135"", ""206553944"", ""188870231"", ""203388288"", ""177316731"", ""149427907""]"
none_subset,4,186052675,156103241,4,405,0,0,0,0,0,0,"[""152566280"", ""141186510"", ""143852845"", ""184721384"", ""146180479"", ""157103009"", ""153991203"", ""191561303"", ""120263120"", ""144067777""]"
none_subset,4,157308666,133864561,64,293,0,0,0,0,0,0,"[""53527257"", ""177536477"", ""174095805"", ""97354544"", ""60032340"", ""188599489"", ""170931595"", ""161612772"", ""79734724"", ""182918494""]"
none_subset,4,212978518,144463129,43,189,0,0,0,0,0,0,"[""120188232"", ""204449585"", ""143371562"", ""193103331"", ""61372398"", ""98581026"", ""133220748"", ""185196782"", ""89731710"", ""167353972""]"
none_subset,4,47560532,52512643,38,487,0,0,0,0,0,0,"[""206517908"", ""153128858"", ""158600836"", ""123255496"", ""148365593"", ""128168264"", ""192920732"", ""189593063"", ""77338935"", ""173253112""]"
none_subset,4,185082634,155606960,37,467,0,0,0,0,0,0,"[""198753304"", ""200025016"", ""127873279"", ""209794141"", ""92247640"", ""188083340"", ""106674292"", ""159931625"", ""131943838"", ""121841349""]"
none_subset,4,134065570,100947091,43,169,0,0,0,0,0,0,"[""6516822"", ""50306912"", ""63103166"", ""181162961"", ""187498153"", ""205605896"", ""43472863"", ""4674477"", ""169714550"", ""141417624""]"
none_subset,4,72439450,72700486,62,404,0,0,0,0,0,0,"[""188657346"", ""133836024"", ""61171387"", ""148891602"", ""190955120"", ""201461957"", ""140609707"", ""95504070"", ""125173216"", ""155253745""]"
none_subset,4,85698837,84941218,62,2,0,1,1,1,1,1,"[""104016143"", ""84941218"", ""44103941"", ""119150891"", ""57144448"", ""127482214"", ""204700493"", ""203766686"", ""190693769"", ""123214623""]"
none_subset,4,213505891,193656232,37,66,0,0,0,0,0,0,"[""206302770"", ""199287233"", ""191538851"", ""209172941"", ""208532302"", ""193730114"", ""187423310"", ""182193027"", ""193491703"", ""194957772""]"
none_subset,4,69331974,52649296,37,572,0,0,0,0,0,0,"[""43972733"", ""17206468"", ""92247640"", ""173645815"", ""96028215"", ""213471023"", ""144029506"", ""184320957"", ""69152666"", ""78795109""]"
none_subset,4,97843020,93501781,37,2274,0,0,0,0,0,0,"[""157798849"", ""208576745"", ""92919228"", ""193608318"", ""186646910"", ""150261210"", ""210646051"", ""170049514"", ""203829614"", ""162977839""]"
none_subset,4,200593852,152312239,64,39,0,0,0,0,0,1,"[""179015555"", ""148413683"", ""67144823"", ""131569653"", ""18136094"", ""93476336"", ""133614550"", ""103416735"", ""91451711"", ""126460114""]"
none_subset,4,221454647,204823121,46,720,0,0,0,0,0,0,"[""204759997"", ""116838538"", ""203577878"", ""213296616"", ""205019069"", ""173634775"", ""208062801"", ""213130291"", ""215124824"", ""203915067""]"
none_subset,4,216238065,180956690,64,150,0,0,0,0,0,0,"[""195841911"", ""136053941"", ""103614032"", ""126295674"", ""177968315"", ""157187324"", ""174916841"", ""163956163"", ""191638507"", ""102619257""]"
none_subset,4,147848657,129086390,38,1426,0,0,0,0,0,0,"[""148395469"", ""104042988"", ""140030159"", ""212854070"", ""199278829"", ""114138676"", ""164264613"", ""174530040"", ""111085092"", ""191338884""]"
none_subset,4,217952408,202627342,62,592,0,0,0,0,0,0,"[""212180917"", ""187833512"", ""104004010"", ""189178547"", ""205247044"", ""206509724"", ""200036900"", ""154758359"", ""131599218"", ""203908924""]"
none_subset,4,76659313,77257734,46,69,0,0,0,0,0,0,"[""215475381"", ""121587868"", ""102458654"", ""45769216"", ""105137217"", ""53654857"", ""131545810"", ""173222203"", ""71898634"", ""188889120""]"
none_subset,4,189913394,160406750,43,106,0,0,0,0,0,0,"[""164991678"", ""75802625"", ""126470047"", ""194759873"", ""76510127"", ""111728510"", ""6704113"", ""204382923"", ""178363726"", ""212363809""]"
none_subset,4,35243095,34453687,38,138,0,0,0,0,0,0,"[""92914026"", ""52512643"", ""200830087"", ""112389064"", ""37809434"", ""38003672"", ""108421334"", ""155589050"", ""155814671"", ""133136953""]"
none_subset,4,134450676,64629457,46,1323,0,0,0,0,0,0,"[""111956915"", ""47486707"", ""120660699"", ""205628361"", ""52086900"", ""89928081"", ""120932240"", ""213225779"", ""190358880"", ""17938872""]"
none_subset,4,207163746,177737543,37,4,0,0,1,1,1,1,"[""148800689"", ""148896266"", ""209045757"", ""177737543"", ""110465452"", ""157140706"", ""170224824"", ""124537731"", ""136371572"", ""170879853""]"
none_subset,4,171351361,143608153,57,595,0,0,0,0,0,0,"[""197301758"", ""165054297"", ""164548003"", ""194873205"", ""11662511"", ""201730719"", ""174340588"", ""132769262"", ""172859269"", ""54576465""]"
none_subset,4,64390285,68213151,38,345,0,0,0,0,0,0,"[""77338935"", ""53171694"", ""114055239"", ""76490987"", ""149982401"", ""114260093"", ""155589050"", ""135777951"", ""60873658"", ""350786""]"
none_subset,4,200499340,167351572,4,4,0,0,1,1,1,1,"[""150679730"", ""75828042"", ""167643231"", ""167351572"", ""12396291"", ""148281605"", ""34047790"", ""123469638"", ""156855089"", ""149759096""]"
none_subset,4,183860837,155838266,38,61,0,0,0,0,0,0,"[""209590588"", ""175183352"", ""190110099"", ""196068182"", ""194797914"", ""103005464"", ""113496860"", ""150167398"", ""189303189"", ""199841905""]"
none_subset,4,213450480,178173689,46,97,0,0,0,0,0,0,"[""111715361"", ""157105476"", ""106915000"", ""201991995"", ""137783132"", ""102529512"", ""147354525"", ""179533802"", ""13333030"", ""176659851""]"
none_subset,4,124702096,108440631,64,386,0,0,0,0,0,0,"[""43675047"", ""203391872"", ""147880315"", ""192429012"", ""113436023"", ""182762792"", ""178043240"", ""98469115"", ""133319690"", ""31384056""]"
none_subset,4,147810407,80344615,62,1614,0,0,0,0,0,0,"[""61834333"", ""192716019"", ""201461957"", ""73906788"", ""118002181"", ""122507339"", ""69970349"", ""122377328"", ""190955120"", ""200030259""]"
none_subset,4,225163898,204637407,38,643,0,0,0,0,0,0,"[""165798838"", ""213984936"", ""168008625"", ""160303868"", ""123190192"", ""213020081"", ""191622817"", ""130417987"", ""194365263"", ""174456119""]"
none_subset,4,217208046,179347666,46,1,1,1,1,1,1,1,"[""179347666"", ""187734223"", ""176341449"", ""204029234"", ""168398292"", ""214519972"", ""195079694"", ""210780225"", ""76020654"", ""110172598""]"
none_subset,4,197034210,163608455,4,434,0,0,0,0,0,0,"[""148281605"", ""116057633"", ""153939423"", ""149759096"", ""122564854"", ""141488485"", ""187964382"", ""119644839"", ""182060832"", ""195751544""]"
none_subset,4,213037133,193030442,37,599,0,0,0,0,0,0,"[""177207521"", ""45171964"", ""190806276"", ""147435678"", ""210858780"", ""211646800"", ""178961164"", ""156858638"", ""206278149"", ""178410842""]"
none_subset,4,223705533,213056096,62,764,0,0,0,0,0,0,"[""145797588"", ""190355590"", ""73410413"", ""198734216"", ""128533237"", ""79175068"", ""106048307"", ""190708058"", ""112414551"", ""209844093""]"
none_subset,4,180525625,82639586,43,275,0,0,0,0,0,0,"[""150794676"", ""71896649"", ""171888747"", ""128872941"", ""60265144"", ""123511609"", ""204449585"", ""205276629"", ""125638272"", ""78343862""]"
none_subset,4,223037861,210691152,62,545,0,0,0,0,0,0,"[""160329216"", ""56512192"", ""57547838"", ""174905326"", ""150940601"", ""156283424"", ""71700919"", ""146533271"", ""208742016"", ""214159302""]"
none_subset,4,189539217,43581078,57,336,0,0,0,0,0,0,"[""98039533"", ""99228573"", ""125339147"", ""158555938"", ""200462582"", ""121902729"", ""134702798"", ""165637321"", ""196495234"", ""184690297""]"
none_subset,4,21841595,44098015,38,1323,0,0,0,0,0,0,"[""67490532"", ""171949747"", ""104042988"", ""116226486"", ""164264613"", ""167154238"", ""95323314"", ""207664747"", ""74617293"", ""79372963""]"
none_subset,4,215740887,197097621,43,801,0,0,0,0,0,0,"[""141811973"", ""124359099"", ""179105716"", ""67063550"", ""146978431"", ""66867545"", ""81706080"", ""159786759"", ""151392250"", ""182870508""]"
none_subset,4,210303616,185756838,37,1270,0,0,0,0,0,0,"[""87364828"", ""212782587"", ""157139216"", ""133774120"", ""78795109"", ""184272506"", ""144029506"", ""186429778"", ""163424021"", ""173499684""]"
none_subset,4,223165031,161029905,62,597,0,0,0,0,0,0,"[""39730875"", ""68090031"", ""97218462"", ""154192089"", ""186145130"", ""45161831"", ""84455640"", ""122185080"", ""105604280"", ""141261014""]"
none_subset,4,201857060,169967722,62,1603,0,0,0,0,0,0,"[""207274549"", ""201064532"", ""22079020"", ""213827571"", ""76665110"", ""134126353"", ""144418893"", ""171847859"", ""114125893"", ""107753232""]"
none_subset,4,89181788,81266882,62,46,0,0,0,0,0,1,"[""45997741"", ""78481865"", ""117006578"", ""96688945"", ""178964015"", ""145492438"", ""85137253"", ""15942056"", ""42940692"", ""187207232""]"
none_subset,4,219448422,202152397,38,86,0,0,0,0,0,0,"[""207390535"", ""58199619"", ""204218454"", ""145720442"", ""207390508"", ""130168090"", ""67142038"", ""49778371"", ""194245127"", ""159911050""]"
none_subset,4,58920217,60767330,43,9,0,0,0,1,1,1,"[""38196926"", ""178850565"", ""190193667"", ""41463542"", ""145947056"", ""183751849"", ""109286694"", ""124514494"", ""60767330"", ""177472789""]"
none_subset,4,221276479,208805779,46,9,0,0,0,1,1,1,"[""63397399"", ""142707487"", ""207061761"", ""200389859"", ""179633525"", ""212600322"", ""213482572"", ""209924155"", ""208805779"", ""204759997""]"
none_subset,4,201964535,172998313,57,1243,0,0,0,0,0,0,"[""47987945"", ""212108240"", ""91035907"", ""164248569"", ""98712789"", ""171896766"", ""84850725"", ""108201708"", ""64014597"", ""155647098""]"
none_subset,4,201969054,173877373,62,1573,0,0,0,0,0,0,"[""106557292"", ""57745589"", ""10132068"", ""142832546"", ""152815967"", ""123665712"", ""98255078"", ""86925187"", ""182502040"", ""94546694""]"
none_subset,4,154293114,114815546,57,533,0,0,0,0,0,0,"[""139534989"", ""143158282"", ""85728689"", ""39242895"", ""44101662"", ""211350813"", ""82721637"", ""159881542"", ""80105708"", ""139818390""]"
none_subset,4,191360540,133220748,43,18,0,0,0,0,1,1,"[""98314945"", ""157711341"", ""188810945"", ""127635452"", ""46314417"", ""191072085"", ""123925115"", ""144628962"", ""86370719"", ""83385070""]"
none_subset,4,223856625,212782587,37,651,0,0,0,0,0,0,"[""168816718"", ""206404092"", ""213298601"", ""188192294"", ""209172335"", ""193468790"", ""107872662"", ""212542886"", ""197844035"", ""209161669""]"
none_subset,4,199923996,160066387,38,120,0,0,0,0,0,0,"[""149343290"", ""215127574"", ""211427284"", ""207422358"", ""117484080"", ""195156235"", ""136388822"", ""126776975"", ""128022775"", ""168091953""]"
none_subset,4,217544148,183710535,37,5,0,0,1,1,1,1,"[""197344850"", ""207605603"", ""124237457"", ""211519251"", ""183710535"", ""143134097"", ""212752270"", ""194850161"", ""212621102"", ""158417007""]"
none_subset,4,35317728,31028406,4,822,0,0,0,0,0,0,"[""56134226"", ""201066421"", ""99472535"", ""206303506"", ""50883863"", ""214045806"", ""77968334"", ""170244713"", ""198809896"", ""204285378""]"
none_subset,4,217512610,181843286,4,496,0,0,0,0,0,0,"[""100007550"", ""133755220"", ""113622434"", ""86774130"", ""158175855"", ""94286928"", ""202877780"", ""118938903"", ""126889201"", ""151009561""]"
none_subset,4,181370150,152291947,57,155,0,0,0,0,0,0,"[""182790464"", ""196626617"", ""63834125"", ""102488247"", ""207784265"", ""210344942"", ""127946988"", ""206490564"", ""29270498"", ""21487414""]"
none_subset,4,144685928,125932469,64,1213,0,0,0,0,0,0,"[""174387123"", ""63935560"", ""173159881"", ""62581454"", ""73275498"", ""194687988"", ""126296430"", ""143362090"", ""206213762"", ""203527868""]"
none_subset,4,194726158,157006363,64,395,0,0,0,0,0,0,"[""163529947"", ""136053941"", ""49185786"", ""121428593"", ""151589612"", ""102619257"", ""154049018"", ""165875890"", ""195841911"", ""193757766""]"
none_subset,4,188692131,159862301,4,350,0,0,0,0,0,0,"[""190079873"", ""190777127"", ""197090565"", ""209124215"", ""200589462"", ""197294044"", ""176566249"", ""207097865"", ""207143420"", ""159567986""]"
none_subset,4,221548139,209179234,46,310,0,0,0,0,0,0,"[""179347666"", ""171636556"", ""210856802"", ""187734223"", ""194798510"", ""210780225"", ""205043973"", ""176341449"", ""214351472"", ""208719036""]"
none_subset,4,176065254,141090046,62,278,0,0,0,0,0,0,"[""188696626"", ""143139548"", ""199527738"", ""209579537"", ""127488091"", ""52919918"", ""150070859"", ""153978341"", ""117835777"", ""137566298""]"
none_subset,4,113331906,94672340,37,101,0,0,0,0,0,0,"[""157140706"", ""153205005"", ""193407642"", ""184692781"", ""178462679"", ""110465452"", ""93714502"", ""150438835"", ""152140191"", ""182444653""]"
none_subset,4,165686883,141303246,64,534,0,0,0,0,0,0,"[""195426035"", ""207826820"", ""209768449"", ""211171973"", ""213788530"", ""20371087"", ""167849719"", ""153434885"", ""208979760"", ""212528042""]"
none_subset,4,224418779,214230613,57,1354,0,0,0,0,0,0,"[""203550692"", ""189762370"", ""179079527"", ""210472448"", ""210399533"", ""199425070"", ""210636826"", ""163829914"", ""166538115"", ""188363722""]"
none_subset,4,202626417,177317879,37,461,0,0,0,0,0,0,"[""183710535"", ""164221751"", ""200530408"", ""143052602"", ""211519251"", ""197344850"", ""209527018"", ""160185355"", ""200918008"", ""168566294""]"
none_subset,4,184033948,149470081,4,82,0,0,0,0,0,0,"[""192786300"", ""184476437"", ""88932849"", ""191509023"", ""120205229"", ""174176796"", ""192331065"", ""194291179"", ""158097383"", ""88532160""]"
none_subset,4,222534391,126819828,38,667,0,0,0,0,0,0,"[""108033709"", ""206303400"", ""127669143"", ""193669795"", ""184981026"", ""126393314"", ""189310837"", ""204880845"", ""109270817"", ""154112696""]"
none_subset,4,169301911,106040147,4,60,0,0,0,0,0,0,"[""193934711"", ""209176316"", ""116474962"", ""180862612"", ""199434730"", ""132746271"", ""36482821"", ""141337241"", ""181206759"", ""213683350""]"
none_subset,4,187345336,153870688,46,1822,0,0,0,0,0,0,"[""165953966"", ""214464211"", ""85427391"", ""205315794"", ""31105163"", ""147425773"", ""196783083"", ""207645526"", ""177591787"", ""16339902""]"
none_subset,4,126584715,111743235,4,43,0,0,0,0,0,1,"[""204256104"", ""210497898"", ""162721825"", ""209176316"", ""203033142"", ""213281189"", ""153116755"", ""204210360"", ""203934220"", ""206407599""]"
none_subset,4,197783848,162250029,37,1459,0,0,0,0,0,0,"[""195908286"", ""173640245"", ""187502080"", ""210502009"", ""148515955"", ""153111696"", ""172689752"", ""206942069"", ""182640683"", ""131172661""]"
none_subset,4,221251715,208742868,37,228,0,0,0,0,0,0,"[""201067865"", ""204454005"", ""195292057"", ""208199932"", ""132867062"", ""133761960"", ""168157454"", ""181590682"", ""201520095"", ""192569315""]"
none_subset,4,207328005,158280890,43,52,0,0,0,0,0,0,"[""15648138"", ""188272758"", ""215014856"", ""165954042"", ""185822792"", ""13333510"", ""129949845"", ""204884209"", ""198166094"", ""109495604""]"
none_subset,4,211257088,185847475,37,360,0,0,0,0,0,0,"[""128177539"", ""170879853"", ""199777326"", ""182444653"", ""204531217"", ""160237764"", ""157140706"", ""150438835"", ""179319840"", ""61710118""]"
none_subset,4,216227252,198999126,64,14,0,0,0,0,1,1,"[""196286726"", ""200026497"", ""183765574"", ""206276658"", ""192179303"", ""206235020"", ""212267410"", ""174719538"", ""193910077"", ""195536773""]"
none_subset,4,214970683,136484034,4,858,0,0,0,0,0,0,"[""122594682"", ""187964382"", ""144251877"", ""164940716"", ""157710674"", ""145698626"", ""181843286"", ""77682387"", ""54212504"", ""202167018""]"
none_subset,4,224878895,200035360,43,217,0,0,0,0,0,0,"[""171798974"", ""79844098"", ""98301531"", ""156395019"", ""215496241"", ""194880726"", ""190677683"", ""206610853"", ""164268294"", ""132315079""]"
none_subset,4,152366523,121116115,37,662,0,0,0,0,0,0,"[""122241592"", ""188877213"", ""49608053"", ""145112155"", ""148230413"", ""204420256"", ""163655065"", ""196225304"", ""164454930"", ""122748929""]"
none_subset,4,177866630,145736222,37,367,0,0,0,0,0,0,"[""88534873"", ""119227333"", ""29496516"", ""45171964"", ""120040052"", ""42842956"", ""187043151"", ""94966858"", ""157628611"", ""76841920""]"
none_subset,4,212095843,189516921,43,874,0,0,0,0,0,0,"[""109574039"", ""112544549"", ""163269973"", ""99234253"", ""88426427"", ""202111236"", ""197431598"", ""196601703"", ""191701840"", ""59458719""]"
none_subset,4,159081446,134761869,43,199,0,0,0,0,0,0,"[""184693526"", ""180428174"", ""202632009"", ""192287850"", ""206283952"", ""201440672"", ""197580291"", ""211884232"", ""201904386"", ""211355598""]"
none_subset,4,168179573,142569884,64,313,0,0,0,0,0,0,"[""120420310"", ""168661537"", ""185454425"", ""160009723"", ""168192238"", ""65487267"", ""139856523"", ""58379904"", ""112345894"", ""141913559""]"
none_subset,4,193854778,165548600,43,12,0,0,0,0,1,1,"[""183407909"", ""204176913"", ""214098104"", ""213020277"", ""158916391"", ""207656544"", ""200905407"", ""203338637"", ""204045985"", ""155951189""]"
none_subset,4,221268275,207931525,46,10,0,0,0,1,1,1,"[""213655844"", ""108971427"", ""208306039"", ""136992761"", ""171846733"", ""208188298"", ""206672410"", ""208247963"", ""201537422"", ""207931525""]"
none_subset,4,125144208,104268306,46,13,0,0,0,0,1,1,"[""209744189"", ""184646371"", ""174837469"", ""104767223"", ""180976440"", ""165953966"", ""212786249"", ""146029150"", ""167280596"", ""159536710""]"
none_subset,4,186180647,138795070,62,785,0,0,0,0,0,0,"[""212906250"", ""127069226"", ""134917876"", ""124884051"", ""146878510"", ""201461957"", ""210301365"", ""186169702"", ""213770244"", ""179977293""]"
none_subset,4,7346181,37006900,43,575,0,0,0,0,0,0,"[""188409353"", ""197580291"", ""119445851"", ""93371252"", ""84756708"", ""179127750"", ""123537400"", ""115302143"", ""211884232"", ""120544015""]"
none_subset,4,195280394,158680010,38,11,0,0,0,0,1,1,"[""109987226"", ""126884451"", ""87832627"", ""124833754"", ""204224738"", ""141723125"", ""192570569"", ""92430066"", ""170217630"", ""186173164""]"
none_subset,4,211264671,167464610,46,36,0,0,0,0,0,1,"[""208493172"", ""184612826"", ""197415730"", ""212786249"", ""184646371"", ""127947793"", ""193074174"", ""174837469"", ""167383627"", ""204650950""]"
none_subset,4,195620594,165223697,46,180,0,0,0,0,0,0,"[""79809742"", ""64234906"", ""158946684"", ""16339902"", ""188529439"", ""180795459"", ""140827649"", ""133674182"", ""194301324"", ""113591349""]"
none_subset,4,216008670,188800913,38,2034,0,0,0,0,0,0,"[""70216012"", ""141804705"", ""202208117"", ""206277956"", ""111431777"", ""213805230"", ""85905858"", ""180106883"", ""191702105"", ""159848607""]"
none_subset,4,224906126,196565460,43,1584,0,0,0,0,0,0,"[""171798974"", ""132315079"", ""207051663"", ""183640029"", ""208345597"", ""197429046"", ""85646132"", ""156395019"", ""164268294"", ""137771001""]"
none_subset,4,190824992,148452080,57,1178,0,0,0,0,0,0,"[""163533843"", ""44099846"", ""140685496"", ""162086507"", ""136653363"", ""122751221"", ""123694727"", ""191197833"", ""177611876"", ""145031350""]"
none_subset,4,205395368,164761085,62,163,0,0,0,0,0,0,"[""191201365"", ""153723208"", ""69002225"", ""180256255"", ""198884189"", ""58086605"", ""136225463"", ""213066001"", ""149461258"", ""188793389""]"
none_subset,4,207230561,159213527,38,248,0,0,0,0,0,0,"[""200830087"", ""125139020"", ""176883176"", ""169063398"", ""102676974"", ""161495460"", ""183569499"", ""151069586"", ""37709032"", ""123220669""]"
none_subset,4,169344730,137286819,43,40,0,0,0,0,0,1,"[""63103166"", ""197607286"", ""63583179"", ""205605896"", ""50306912"", ""151392250"", ""137382410"", ""194068460"", ""181162961"", ""164991678""]"
none_subset,4,212217041,191982155,62,19,0,0,0,0,1,1,"[""209939770"", ""194290716"", ""213866096"", ""211737562"", ""203439933"", ""190458412"", ""207489645"", ""141693897"", ""187865140"", ""124000667""]"
none_subset,4,220264809,206756006,37,2,0,1,1,1,1,1,"[""117685268"", ""206756006"", ""187299907"", ""173244017"", ""167520346"", ""105162490"", ""153421932"", ""189777046"", ""211987844"", ""182640683""]"
none_subset,4,119232478,9224574,62,2729,0,0,0,0,0,0,"[""141458058"", ""133693018"", ""129878189"", ""179107557"", ""135784548"", ""2463151"", ""92980980"", ""211215649"", ""52020678"", ""56951341""]"
none_subset,4,193883081,163535148,62,44,0,0,0,0,0,1,"[""144501764"", ""36007287"", ""180644383"", ""176814216"", ""21766299"", ""204026908"", ""213659099"", ""168371800"", ""120682854"", ""15723967""]"
none_subset,4,223326518,201875621,4,11,0,0,0,0,1,1,"[""190777127"", ""190079873"", ""159567986"", ""213696130"", ""176566249"", ""153499291"", ""191462142"", ""194212862"", ""187320580"", ""190789377""]"
none_subset,4,219332667,205048222,43,551,0,0,0,0,0,0,"[""148282226"", ""171019509"", ""210561607"", ""202626349"", ""210037205"", ""210446456"", ""188577365"", ""201535486"", ""192741559"", ""213416756""]"
none_subset,4,216204119,149198464,4,458,0,0,0,0,0,0,"[""187502252"", ""141337241"", ""61021963"", ""210497898"", ""203934220"", ""138439770"", ""205469263"", ""171860963"", ""103135887"", ""105063903""]"
none_subset,4,168036996,134861718,38,177,0,0,0,0,0,0,"[""177744065"", ""158733811"", ""209121892"", ""207314698"", ""108386607"", ""192389960"", ""18798683"", ""146723193"", ""125546707"", ""183174003""]"
none_subset,4,215182228,195801582,57,146,0,0,0,0,0,0,"[""145955425"", ""175877174"", ""97187105"", ""161814467"", ""17116273"", ""174340950"", ""57914854"", ""132304565"", ""126756828"", ""79860798""]"
none_subset,4,184869928,154364197,64,1140,0,0,0,0,0,0,"[""194941994"", ""187887134"", ""201298322"", ""181671018"", ""108538492"", ""128217933"", ""146444401"", ""115621700"", ""60032340"", ""56995363""]"
none_subset,4,211845820,170393915,46,831,0,0,0,0,0,0,"[""208712486"", ""213293208"", ""170255404"", ""193685035"", ""70629074"", ""211141745"", ""207544514"", ""177107115"", ""133168724"", ""175485760""]"
none_subset,4,199206475,154762222,38,353,0,0,0,0,0,0,"[""154635759"", ""159356640"", ""110457316"", ""117334028"", ""180487810"", ""184996375"", ""109987226"", ""106812535"", ""66416188"", ""190179906""]"
none_subset,4,54951171,62110369,62,738,0,0,0,0,0,0,"[""2463151"", ""81832914"", ""132774570"", ""129878189"", ""197681506"", ""126310925"", ""186593972"", ""140179990"", ""83327144"", ""44553273""]"
none_subset,4,194783595,167624487,64,1013,0,0,0,0,0,0,"[""173458489"", ""192498685"", ""208628985"", ""128085943"", ""210298620"", ""69885765"", ""147553253"", ""143226451"", ""179740887"", ""203188239""]"
none_subset,4,207494915,183693328,37,39,0,0,0,0,0,1,"[""191911000"", ""187543270"", ""191538851"", ""197955172"", ""207544886"", ""192617496"", ""194408004"", ""211802210"", ""199918988"", ""206569261""]"
none_subset,4,207334719,174772202,64,117,0,0,0,0,0,0,"[""22329772"", ""81240114"", ""150123553"", ""141447890"", ""72224328"", ""167388732"", ""154412302"", ""156476311"", ""142231631"", ""157803989""]"
none_subset,4,198593026,161617191,46,423,0,0,0,0,0,0,"[""212730825"", ""209156183"", ""170881830"", ""211336503"", ""207870356"", ""210856802"", ""171636556"", ""208719036"", ""210498678"", ""208409948""]"
none_subset,4,223874078,140746194,64,259,0,0,0,0,0,0,"[""58475692"", ""119000250"", ""156692119"", ""191437806"", ""177599185"", ""161612772"", ""35312252"", ""174095805"", ""17386508"", ""188599489""]"
none_subset,4,182033302,151437967,37,32,0,0,0,0,0,1,"[""158117230"", ""152140191"", ""192597928"", ""126554078"", ""152762226"", ""32618321"", ""58893791"", ""120893128"", ""171828064"", ""151941209""]"
none_subset,4,223773313,205195417,37,65,0,0,0,0,0,0,"[""169799464"", ""209616065"", ""82258130"", ""171338279"", ""178052969"", ""21872654"", ""116929460"", ""135332295"", ""105586047"", ""203680817""]"
none_subset,4,221942746,209979540,46,977,0,0,0,0,0,0,"[""182916957"", ""173365679"", ""186078356"", ""180829317"", ""148554329"", ""162153442"", ""194132989"", ""172250706"", ""203062604"", ""160147246""]"
none_subset,4,60596054,65008175,64,149,0,0,0,0,0,0,"[""120966979"", ""193536959"", ""124274061"", ""76676235"", ""151134804"", ""80098795"", ""46094230"", ""151373996"", ""111173960"", ""167158322""]"
none_subset,4,216604580,198930981,37,492,0,0,0,0,0,0,"[""206412545"", ""201740861"", ""181408383"", ""138858879"", ""87364828"", ""188568572"", ""144029506"", ""168616321"", ""200441050"", ""209128550""]"
none_subset,4,200783260,88789964,64,1147,0,0,0,0,0,0,"[""155183786"", ""201421429"", ""186850320"", ""63474547"", ""188599489"", ""140676990"", ""63861102"", ""176790633"", ""141777886"", ""80281524""]"
none_subset,4,177010985,149005960,38,34,0,0,0,0,0,1,"[""78137458"", ""167491323"", ""155422545"", ""85421632"", ""156629865"", ""27784922"", ""99026554"", ""156271106"", ""85274599"", ""153789770""]"
none_subset,4,162226613,133224863,46,1289,0,0,0,0,0,0,"[""194951479"", ""171227152"", ""171227160"", ""160147246"", ""176031304"", ""190224714"", ""127266574"", ""171846733"", ""102548981"", ""174837469""]"
none_subset,4,215210530,196287148,64,705,0,0,0,0,0,0,"[""144305873"", ""119491080"", ""101574803"", ""163082716"", ""109148705"", ""58928846"", ""195252307"", ""160143625"", ""158075100"", ""124461680""]"
none_subset,4,126834698,108625125,37,27,0,0,0,0,1,1,"[""204827377"", ""211099685"", ""169592229"", ""142640479"", ""175906876"", ""189469469"", ""80669323"", ""201991698"", ""178395406"", ""85363083""]"
none_subset,4,223664240,209433778,46,15,0,0,0,0,1,1,"[""203677273"", ""212429674"", ""150754478"", ""186533601"", ""81506359"", ""132671791"", ""172082320"", ""162507293"", ""172197706"", ""106839909""]"
none_subset,4,167894328,128181955,46,53,0,0,0,0,0,0,"[""143366526"", ""113869306"", ""182222562"", ""167265746"", ""37708588"", ""78004872"", ""108786028"", ""70517064"", ""73765596"", ""208649860""]"
none_subset,4,208038615,172316851,37,329,0,0,0,0,0,0,"[""197393743"", ""150612100"", ""127087324"", ""194551250"", ""189064377"", ""161147605"", ""183552543"", ""165315733"", ""133932837"", ""173613850""]"
none_subset,4,224878166,212636118,4,122,0,0,0,0,0,0,"[""195246738"", ""215306387"", ""210189669"", ""207202974"", ""211654053"", ""213677286"", ""200841671"", ""204544559"", ""201481091"", ""161606528""]"
none_subset,4,214613191,150122632,62,26,0,0,0,0,1,1,"[""111966078"", ""64790775"", ""182000351"", ""211547329"", ""135330582"", ""32936165"", ""81832914"", ""197519887"", ""131432619"", ""79994734""]"
none_subset,4,213188929,173181064,37,720,0,0,0,0,0,0,"[""209172335"", ""193680819"", ""187324915"", ""206298198"", ""168115320"", ""184297463"", ""206587185"", ""195744990"", ""73910372"", ""196101708""]"
none_subset,4,143277145,65062243,64,351,0,0,0,0,0,0,"[""94645332"", ""135996572"", ""63965447"", ""19607163"", ""144339648"", ""47318174"", ""154338417"", ""73275498"", ""152209914"", ""156281163""]"
none_subset,4,216319600,194231584,43,574,0,0,0,0,0,0,"[""76024222"", ""75959067"", ""127635452"", ""160802034"", ""75839769"", ""160295191"", ""152014829"", ""143425476"", ""112624655"", ""181167814""]"
none_subset,4,194957860,160303569,43,63,0,0,0,0,0,0,"[""150782213"", ""193045333"", ""167246303"", ""151392250"", ""197607286"", ""75775580"", ""179105716"", ""100215754"", ""182870508"", ""207289652""]"
none_subset,4,208604290,181306942,4,668,0,0,0,0,0,0,"[""180575809"", ""207985124"", ""188285916"", ""212819052"", ""210498460"", ""211037756"", ""210871478"", ""185133383"", ""202029081"", ""183648059""]"
none_subset,4,223869041,213307342,46,11,0,0,0,0,1,1,"[""214290787"", ""173540309"", ""204899704"", ""213683775"", ""177962710"", ""178405632"", ""211047288"", ""129461367"", ""172966334"", ""207323221""]"
none_subset,4,224498977,201906627,43,849,0,0,0,0,0,0,"[""201213450"", ""168830681"", ""194022987"", ""187215484"", ""211582481"", ""136773099"", ""156536547"", ""198322720"", ""210822887"", ""202567733""]"
none_subset,4,224935109,184761054,64,2064,0,0,0,0,0,0,"[""150385215"", ""111173960"", ""16466362"", ""70262578"", ""78458855"", ""173661276"", ""186122058"", ""76676235"", ""188610188"", ""211889089""]"
none_subset,4,124879150,105418570,37,215,0,0,0,0,0,0,"[""170879853"", ""153610553"", ""209045757"", ""128177539"", ""211944194"", ""178981277"", ""202331502"", ""110465452"", ""181342961"", ""194655381""]"
none_subset,4,211961630,182728661,62,56,0,0,0,0,0,0,"[""143226394"", ""204435102"", ""192653562"", ""158763261"", ""173975128"", ""143227017"", ""144314189"", ""147492641"", ""154758359"", ""146801635""]"
none_subset,4,222690388,211327541,64,543,0,0,0,0,0,0,"[""67164744"", ""111705025"", ""210649942"", ""163787427"", ""191011510"", ""168823510"", ""201460481"", ""76668217"", ""207726882"", ""211889722""]"
none_subset,4,224251481,194722209,46,642,0,0,0,0,0,0,"[""78566379"", ""144431749"", ""170987455"", ""199253164"", ""208224187"", ""168791195"", ""211336503"", ""206453483"", ""167967668"", ""201469244""]"
none_subset,4,142470631,124638694,57,1403,0,0,0,0,0,0,"[""121902729"", ""107527374"", ""125339147"", ""211148392"", ""78057939"", ""169225136"", ""201926544"", ""199101101"", ""183993242"", ""199908579""]"
none_subset,4,175232048,157140706,37,1,1,1,1,1,1,1,"[""157140706"", ""156884960"", ""214037923"", ""128177539"", ""178462679"", ""194297564"", ""102282269"", ""165582044"", ""153205005"", ""154028714""]"
none_subset,4,127186712,113084668,4,751,0,0,0,0,0,0,"[""186779159"", ""132213065"", ""184281117"", ""195513078"", ""169025616"", ""206285668"", ""210519490"", ""213125259"", ""80560830"", ""155609199""]"
none_subset,4,209957211,178800069,62,230,0,0,0,0,0,0,"[""192716019"", ""69970349"", ""61834333"", ""56951341"", ""132110473"", ""214110785"", ""150945055"", ""12231700"", ""201461957"", ""57509321""]"
none_subset,4,210798328,188468393,4,36,0,0,0,0,0,1,"[""212392746"", ""159567986"", ""185360306"", ""152351954"", ""213696130"", ""187320580"", ""205600080"", ""192473388"", ""190789377"", ""151451581""]"
none_subset,4,189869518,156347163,37,483,0,0,0,0,0,0,"[""138858879"", ""190075252"", ""142665464"", ""184320957"", ""200441050"", ""157945105"", ""197108559"", ""154409188"", ""191931364"", ""213042728""]"
none_subset,4,225047812,215242567,37,60,0,0,0,0,0,0,"[""202227327"", ""213318077"", ""123971162"", ""157945105"", ""189777046"", ""208141913"", ""171761243"", ""187299907"", ""184923239"", ""80032224""]"
none_subset,4,120657273,50173628,62,9,0,0,0,1,1,1,"[""95725553"", ""129878189"", ""2463151"", ""83327144"", ""155669593"", ""89542780"", ""81832914"", ""186593972"", ""50173628"", ""197681506""]"
none_subset,4,174927070,141272135,38,855,0,0,0,0,0,0,"[""214394715"", ""189593063"", ""213984936"", ""110664117"", ""8550716"", ""191338884"", ""179876069"", ""158600836"", ""183401482"", ""47432873""]"
none_subset,4,222653684,209467848,38,320,0,0,0,0,0,0,"[""193054363"", ""170648468"", ""38003672"", ""200830087"", ""156263699"", ""123821164"", ""18107447"", ""140979774"", ""171890242"", ""203967736""]"
none_subset,4,220422267,187775788,64,89,0,0,0,0,0,0,"[""186850320"", ""201421429"", ""183213131"", ""188599489"", ""53527257"", ""63474547"", ""149506115"", ""174095805"", ""161612772"", ""119000250""]"
none_subset,4,216928250,94645332,64,5,0,0,1,1,1,1,"[""193870914"", ""147984435"", ""44749628"", ""191629980"", ""94645332"", ""112033542"", ""151177544"", ""103189720"", ""167094250"", ""144339648""]"
none_subset,4,155441384,132150429,62,796,0,0,0,0,0,0,"[""194803893"", ""45997741"", ""52992112"", ""179203933"", ""203397613"", ""11159327"", ""78481865"", ""63916792"", ""96688945"", ""4357432""]"
none_subset,4,219678336,198241765,4,130,0,0,0,0,0,0,"[""123419520"", ""187964382"", ""181715447"", ""149759096"", ""122564854"", ""202362364"", ""138975756"", ""148281605"", ""207177061"", ""186934020""]"
none_subset,4,180204688,95395941,38,386,0,0,0,0,0,0,"[""153901522"", ""121639115"", ""162400962"", ""178462865"", ""163280205"", ""207390508"", ""128049462"", ""138353042"", ""151333626"", ""206506072""]"
none_subset,4,135398673,78885056,46,1783,0,0,0,0,0,0,"[""129427671"", ""129506623"", ""146029150"", ""193094327"", ""127547793"", ""164421502"", ""42527558"", ""176131148"", ""174689944"", ""121689381""]"
none_subset,4,201687814,169636588,46,68,0,0,0,0,0,0,"[""96527698"", ""209050134"", ""209744189"", ""82252188"", ""114943400"", ""174837469"", ""60048301"", ""105775833"", ""104767223"", ""210837002""]"
none_subset,4,80542758,71742122,57,760,0,0,0,0,0,0,"[""173370077"", ""146595840"", ""154877704"", ""209801964"", ""154865872"", ""166225948"", ""193349740"", ""203970549"", ""204675075"", ""189194901""]"
none_subset,4,222255174,210643200,57,1882,0,0,0,0,0,0,"[""172994991"", ""193699814"", ""204720478"", ""214160653"", ""210136489"", ""175665700"", ""213478012"", ""196862481"", ""211902767"", ""200908206""]"
none_subset,4,96030685,90697118,37,1390,0,0,0,0,0,0,"[""148500212"", ""212381571"", ""212381569"", ""168569670"", ""173181064"", ""210646051"", ""188912090"", ""203402486"", ""200576630"", ""184739794""]"
none_subset,4,217281475,200915401,37,1242,0,0,0,0,0,0,"[""119227333"", ""195375302"", ""136371572"", ""145502443"", ""154674968"", ""124537731"", ""116240817"", ""148800689"", ""110465452"", ""171333475""]"
none_subset,4,175103083,118806862,37,2347,0,0,0,0,0,0,"[""81213674"", ""140575799"", ""213471023"", ""92247640"", ""147379276"", ""169494298"", ""99222832"", ""208307303"", ""107202977"", ""205214483""]"
none_subset,4,209154363,167166017,37,139,0,0,0,0,0,0,"[""209794141"", ""185048961"", ""40661702"", ""188083340"", ""89464961"", ""190180587"", ""151424214"", ""205328844"", ""195462262"", ""187389375""]"
none_subset,4,174710752,141212383,4,32,0,0,0,0,0,1,"[""105607313"", ""70921117"", ""126241663"", ""146649572"", ""165356710"", ""113622434"", ""189401835"", ""152542463"", ""126889201"", ""185787629""]"
none_subset,4,200915701,153503851,46,27,0,0,0,0,1,1,"[""127947793"", ""184646371"", ""165953966"", ""187611963"", ""193074174"", ""197415730"", ""212786249"", ""139649558"", ""205037505"", ""184612826""]"
none_subset,4,218454988,196325559,57,171,0,0,0,0,0,0,"[""182367509"", ""203703634"", ""209991023"", ""171536144"", ""133448263"", ""188014203"", ""207615117"", ""171450864"", ""140761987"", ""208038695""]"
none_subset,4,223792085,208982043,37,138,0,0,0,0,0,0,"[""194896028"", ""149828994"", ""208671848"", ""208828602"", ""208199932"", ""200530408"", ""192386281"", ""168675802"", ""201380275"", ""200918008""]"
none_subset,4,95525779,86777177,38,70,0,0,0,0,0,0,"[""31980662"", ""101461920"", ""159911050"", ""130168090"", ""208225541"", ""200931885"", ""136949110"", ""185863262"", ""124441124"", ""119096193""]"
none_subset,4,215148695,196324694,43,209,0,0,0,0,0,0,"[""198087076"", ""185851616"", ""207732639"", ""197224556"", ""209286657"", ""184633847"", ""210822887"", ""201905433"", ""189297376"", ""195224828""]"
none_subset,4,182539254,150438835,37,449,0,0,0,0,0,0,"[""174852305"", ""209587702"", ""124776037"", ""204151797"", ""25189123"", ""157158070"", ""151305355"", ""136574012"", ""182207000"", ""176300467""]"
none_subset,4,225314663,210129227,64,12,0,0,0,0,1,1,"[""149622839"", ""105284015"", ""112432197"", ""65008207"", ""164098406"", ""204532336"", ""138404501"", ""165423791"", ""211029466"", ""203597419""]"
none_subset,4,194262233,148439290,43,177,0,0,0,0,0,0,"[""212781685"", ""197514276"", ""168783197"", ""108684069"", ""193746203"", ""194880726"", ""164268294"", ""155909920"", ""208309750"", ""171112521""]"
none_subset,4,95000984,78359767,64,141,0,0,0,0,0,0,"[""139515295"", ""131569653"", ""108862398"", ""7771724"", ""186146209"", ""96029631"", ""146365324"", ""143450620"", ""111165071"", ""82808529""]"
none_subset,4,178060032,150107268,4,269,0,0,0,0,0,0,"[""202362364"", ""144264277"", ""181715447"", ""119898461"", ""199777290"", ""98844359"", ""167643231"", ""149759096"", ""148281605"", ""164284194""]"
none_subset,4,222785384,207529569,46,633,0,0,0,0,0,0,"[""213129976"", ""213247950"", ""170255404"", ""208712486"", ""210724130"", ""177432966"", ""207544514"", ""213475469"", ""204100293"", ""179633525""]"
none_subset,4,219228520,193491703,37,3,0,1,1,1,1,1,"[""209349722"", ""182193027"", ""193491703"", ""190070434"", ""191538851"", ""202022086"", ""194588561"", ""172689752"", ""199287233"", ""180787570""]"
none_subset,4,208469974,185360446,43,152,0,0,0,0,0,0,"[""139778348"", ""179054743"", ""109286694"", ""123511609"", ""192774637"", ""196397416"", ""206290556"", ""189266294"", ""210822887"", ""202216480""]"
none_subset,4,207687218,169890454,43,20,0,0,0,0,1,1,"[""186403472"", ""141417624"", ""147117418"", ""193482080"", ""188398971"", ""205605896"", ""210534170"", ""178810275"", ""180095819"", ""78516965""]"
none_subset,4,187085249,156841339,4,1098,0,0,0,0,0,0,"[""86774130"", ""153876637"", ""187098404"", ""154031903"", ""160037231"", ""94286928"", ""115442302"", ""44842674"", ""156370579"", ""158175855""]"
none_subset,4,29852074,30972148,43,108,0,0,0,0,0,0,"[""83550407"", ""199700611"", ""184481904"", ""145996061"", ""64515020"", ""126470047"", ""122820009"", ""203191672"", ""53878026"", ""120122284""]"
none_subset,4,207191991,124399272,62,1147,0,0,0,0,0,0,"[""199493591"", ""156733813"", ""194448826"", ""183534059"", ""58086605"", ""188860992"", ""183910851"", ""172600056"", ""163124219"", ""169808391""]"
none_subset,4,185189200,157035510,38,31,0,0,0,0,0,1,"[""182704194"", ""206210657"", ""143671272"", ""188626794"", ""211454407"", ""201030455"", ""166302090"", ""193857539"", ""40757273"", ""150478263""]"
none_subset,4,223882932,176396453,46,322,0,0,0,0,0,0,"[""203644119"", ""204919891"", ""208458622"", ""208805779"", ""204757175"", ""176672668"", ""210643352"", ""210734819"", ""204484014"", ""149224518""]"
none_subset,4,220807832,99174752,64,1130,0,0,0,0,0,0,"[""78359767"", ""185413694"", ""141045171"", ""83781866"", ""44132236"", ""186423211"", ""90790862"", ""74117799"", ""136803611"", ""166109713""]"
none_subset,4,225335115,196698453,38,148,0,0,0,0,0,0,"[""211902383"", ""42815985"", ""208270472"", ""203567193"", ""191029182"", ""186215206"", ""204925548"", ""207326334"", ""65034285"", ""195804500""]"
none_subset,4,195971685,169081503,46,129,0,0,0,0,0,0,"[""208719036"", ""209175273"", ""194733454"", ""212905783"", ""201436985"", ""210373455"", ""211063696"", ""204899704"", ""201742113"", ""210667015""]"
none_subset,4,128204755,106926227,46,3,0,1,1,1,1,1,"[""194716332"", ""168442343"", ""106926227"", ""174515021"", ""201508287"", ""191974228"", ""173646354"", ""209764015"", ""163363958"", ""99228098""]"
none_subset,4,174004057,142635185,46,138,0,0,0,0,0,0,"[""213196140"", ""136576031"", ""205769669"", ""172110796"", ""99908438"", ""109811257"", ""77329979"", ""132957109"", ""177872819"", ""180874783""]"
none_subset,4,223429434,204078169,46,133,0,0,0,0,0,0,"[""172250706"", ""176659851"", ""200727306"", ""184975322"", ""180829317"", ""176647062"", ""208649860"", ""194132989"", ""186533909"", ""78696152""]"
none_subset,4,221948109,153275921,64,328,0,0,0,0,0,0,"[""157803989"", ""190786565"", ""44092132"", ""126785773"", ""112311130"", ""183225423"", ""92911620"", ""204273384"", ""22329772"", ""205033787""]"
none_subset,4,214328047,194242626,4,376,0,0,0,0,0,0,"[""182060832"", ""210616697"", ""213275113"", ""141167432"", ""137958387"", ""23408401"", ""215580451"", ""98076075"", ""166191209"", ""209607188""]"
none_subset,4,203762263,178080778,57,1345,0,0,0,0,0,0,"[""199513063"", ""96446850"", ""208627519"", ""204657954"", ""204648878"", ""205019471"", ""143161125"", ""214374260"", ""193884377"", ""208636529""]"
none_subset,4,200911062,164571288,4,644,0,0,0,0,0,0,"[""193589374"", ""206167938"", ""163812085"", ""199379224"", ""30383831"", ""214498383"", ""164634484"", ""79387876"", ""204466040"", ""164258790""]"
none_subset,4,210735259,186512278,46,32,0,0,0,0,0,1,"[""142707487"", ""205019069"", ""76538488"", ""93122967"", ""207061761"", ""97623791"", ""200389859"", ""15325925"", ""209924155"", ""63397399""]"
none_subset,4,194649531,165995609,37,142,0,0,0,0,0,0,"[""156094427"", ""193030442"", ""200915401"", ""173645815"", ""206528763"", ""200025016"", ""79730026"", ""188742562"", ""127507850"", ""76963567""]"
none_subset,4,167949293,135674502,38,1551,0,0,0,0,0,0,"[""99562870"", ""129594031"", ""203712106"", ""85372024"", ""203991000"", ""100750564"", ""179000829"", ""127107925"", ""157077276"", ""159326492""]"
none_subset,4,171344131,143096525,57,753,0,0,0,0,0,0,"[""209586509"", ""146715052"", ""207806450"", ""175850879"", ""201336486"", ""31739440"", ""152811727"", ""99472835"", ""193349740"", ""107051025""]"
none_subset,4,196637664,45966001,43,1868,0,0,0,0,0,0,"[""164097777"", ""165082890"", ""127047625"", ""204449585"", ""180465465"", ""126702260"", ""98581026"", ""153840249"", ""99275271"", ""170809158""]"
none_subset,4,225326952,198139864,62,182,0,0,0,0,0,0,"[""200033535"", ""110870208"", ""190693769"", ""24867932"", ""153895442"", ""44103941"", ""97032103"", ""144134962"", ""180256255"", ""144819719""]"
none_subset,4,197650209,169967354,4,152,0,0,0,0,0,0,"[""184436383"", ""154240"", ""175750166"", ""206167938"", ""159924734"", ""193589374"", ""204648246"", ""205277943"", ""204466040"", ""153979554""]"
none_subset,4,114776816,103872312,4,1245,0,0,0,0,0,0,"[""144373105"", ""176867327"", ""149095048"", ""9766161"", ""199942377"", ""198070526"", ""190621677"", ""172890535"", ""180350779"", ""50847980""]"
none_subset,4,153488882,20198247,4,63,0,0,0,0,0,0,"[""9766161"", ""156103241"", ""138975756"", ""191909632"", ""190789377"", ""70056842"", ""201469264"", ""117471262"", ""153499291"", ""193189431""]"
none_subset,4,222443107,208241166,64,72,0,0,0,0,0,0,"[""149506115"", ""53527257"", ""186850320"", ""148740236"", ""105879570"", ""90897593"", ""21359328"", ""59824769"", ""193323207"", ""161612772""]"
none_subset,4,212698798,192825178,62,750,0,0,0,0,0,0,"[""160871092"", ""202627342"", ""156503039"", ""182866713"", ""194927268"", ""213066001"", ""193966259"", ""92982052"", ""196543115"", ""162164137""]"
none_subset,4,184393126,156860646,4,90,0,0,0,0,0,0,"[""192331154"", ""200963901"", ""204482650"", ""190161584"", ""191214295"", ""186930348"", ""162058011"", ""191695909"", ""139852579"", ""210721272""]"
none_subset,4,224076827,213286264,57,25,0,0,0,0,1,1,"[""210472458"", ""178369063"", ""205233758"", ""214349938"", ""107527615"", ""186378387"", ""201175338"", ""173797071"", ""201084593"", ""180448567""]"
none_subset,4,211116359,165284774,62,2086,0,0,0,0,0,0,"[""210941490"", ""180623952"", ""158203951"", ""210871676"", ""148066008"", ""180256255"", ""210326667"", ""140069180"", ""73356588"", ""187978938""]"
none_subset,4,206904353,179818880,64,472,0,0,0,0,0,0,"[""207152337"", ""82453175"", ""202708847"", ""155021743"", ""190240397"", ""136552233"", ""155183786"", ""32245008"", ""152603802"", ""67792301""]"
none_subset,4,167925637,116634389,57,119,0,0,0,0,0,0,"[""208568786"", ""206792330"", ""204813168"", ""153434097"", ""143158282"", ""85576723"", ""139534989"", ""179268470"", ""126599979"", ""36440382""]"
none_subset,4,185145011,156633369,4,2157,0,0,0,0,0,0,"[""209208627"", ""189844318"", ""100655375"", ""173611156"", ""200691824"", ""197475541"", ""176720818"", ""122581991"", ""124951123"", ""202888371""]"
none_subset,4,176916608,145798285,37,2295,0,0,0,0,0,0,"[""192387012"", ""190113798"", ""88534873"", ""119227333"", ""183978577"", ""186429778"", ""182254392"", ""192597928"", ""125089746"", ""17206468""]"
none_subset,4,214580866,191434197,37,82,0,0,0,0,0,0,"[""192323302"", ""201740861"", ""180221400"", ""141656944"", ""206412545"", ""181408383"", ""202137970"", ""200441050"", ""188414894"", ""209161669""]"
none_subset,4,209479356,186085070,37,360,0,0,0,0,0,0,"[""126554078"", ""29496516"", ""121116115"", ""158117230"", ""96028215"", ""101351593"", ""152140191"", ""115215869"", ""42842956"", ""152762226""]"
none_subset,4,134963021,121718146,62,581,0,0,0,0,0,0,"[""94546694"", ""127488091"", ""188696626"", ""106557292"", ""153978341"", ""209579537"", ""189107795"", ""199527738"", ""165227647"", ""136870941""]"
none_subset,4,222568289,192944634,4,424,0,0,0,0,0,0,"[""161499533"", ""90951087"", ""194814735"", ""203890372"", ""211473289"", ""202362364"", ""76695262"", ""214521847"", ""143548483"", ""174421677""]"
none_subset,4,218567685,201115645,64,635,0,0,0,0,0,0,"[""183765574"", ""212267410"", ""192779268"", ""192179303"", ""174719538"", ""60869518"", ""211669271"", ""206235020"", ""195252307"", ""193910077""]"
none_subset,4,154526261,129427678,46,808,0,0,0,0,0,0,"[""214464211"", ""158281753"", ""183722605"", ""213672603"", ""198984808"", ""158806989"", ""178722271"", ""85427391"", ""206204582"", ""205315794""]"
none_subset,4,224030054,203391866,62,199,0,0,0,0,0,0,"[""95885283"", ""196543115"", ""208220353"", ""168348573"", ""185409558"", ""162164137"", ""132448455"", ""199605491"", ""193487145"", ""156814814""]"
none_subset,4,198392187,159570716,4,36,0,0,0,0,0,1,"[""141186510"", ""147751136"", ""141714724"", ""184721384"", ""156471159"", ""164931551"", ""191561303"", ""186220965"", ""120263120"", ""144995106""]"
none_subset,4,209599559,147451743,64,46,0,0,0,0,0,1,"[""134312075"", ""141045171"", ""108773457"", ""74866278"", ""185413694"", ""56833135"", ""126589451"", ""78359767"", ""90790862"", ""112345894""]"
none_subset,4,222006355,201071539,46,407,0,0,0,0,0,0,"[""167383627"", ""193206170"", ""127947793"", ""193074174"", ""187611963"", ""193874948"", ""197415730"", ""167786912"", ""184612826"", ""154894208""]"
none_subset,4,189299726,145015125,43,34,0,0,0,0,0,1,"[""145996061"", ""83550407"", ""197607286"", ""138106208"", ""67063550"", ""120122284"", ""168040178"", ""164476094"", ""124359099"", ""183295863""]"
none_subset,4,197046535,159477810,38,189,0,0,0,0,0,0,"[""192510359"", ""200481961"", ""185056887"", ""114889567"", ""159326492"", ""186169057"", ""199297939"", ""122560021"", ""182704194"", ""167323493""]"
none_subset,4,191817046,102161764,38,2784,0,0,0,0,0,0,"[""192191594"", ""149343290"", ""89532322"", ""214890741"", ""192992682"", ""107054492"", ""129594031"", ""109616522"", ""192884067"", ""145998937""]"
none_subset,4,185023801,152992564,37,1238,0,0,0,0,0,0,"[""202137970"", ""195296935"", ""133173167"", ""141656944"", ""190788723"", ""197955172"", ""191931364"", ""201649016"", ""153099679"", ""192456013""]"
none_subset,4,219276802,204648246,4,1347,0,0,0,0,0,0,"[""200589462"", ""203829299"", ""192582014"", ""190079873"", ""190777127"", ""126204466"", ""104293117"", ""126107165"", ""125970295"", ""186370381""]"
none_subset,4,173164315,146168593,4,112,0,0,0,0,0,0,"[""140425447"", ""205356216"", ""210361777"", ""135241098"", ""136900812"", ""167937435"", ""195833987"", ""195846870"", ""166614186"", ""179140612""]"
none_subset,4,218627424,201030455,38,7,0,0,0,1,1,1,"[""198984787"", ""89552272"", ""98186259"", ""203692617"", ""164618247"", ""161419745"", ""201030455"", ""142911344"", ""76978137"", ""194792335""]"
none_subset,4,122672542,94863968,64,23,0,0,0,0,1,1,"[""94645332"", ""144339648"", ""103189720"", ""176380655"", ""147984435"", ""123694415"", ""193870914"", ""19607163"", ""138322181"", ""162186284""]"
none_subset,4,225235909,194952332,43,3,0,1,1,1,1,1,"[""67063550"", ""81706080"", ""194952332"", ""146978431"", ""124359099"", ""211526829"", ""66867545"", ""138106208"", ""141811973"", ""181065510""]"
none_subset,4,112922721,101192063,37,109,0,0,0,0,0,0,"[""58893791"", ""66495486"", ""196428679"", ""29496516"", ""21114364"", ""192387012"", ""119227333"", ""158117230"", ""101351593"", ""115215869""]"
none_subset,4,219452231,187611963,46,8,0,0,0,1,1,1,"[""165953966"", ""127947793"", ""196783083"", ""197415730"", ""139649558"", ""155017018"", ""184646371"", ""187611963"", ""177591787"", ""133674182""]"
none_subset,4,143688336,126369594,4,156,0,0,0,0,0,0,"[""148281605"", ""151356635"", ""120663751"", ""163852424"", ""156382700"", ""158607543"", ""114164900"", ""119415258"", ""184587206"", ""149599673""]"
none_subset,4,208912799,163911793,46,2304,0,0,0,0,0,0,"[""208493172"", ""177591787"", ""167464610"", ""194854155"", ""196643554"", ""174586724"", ""184612826"", ""193074174"", ""193206170"", ""124608125""]"
none_subset,4,210140554,182640683,37,407,0,0,0,0,0,0,"[""45171964"", ""178961164"", ""187819119"", ""147435678"", ""187043151"", ""210858780"", ""105224939"", ""206278149"", ""29496516"", ""202222440""]"
none_subset,4,220122384,203668670,43,2,0,1,1,1,1,1,"[""120122284"", ""203668670"", ""186549940"", ""64515020"", ""166301530"", ""136185385"", ""179041576"", ""143497982"", ""145672403"", ""207016056""]"
none_subset,4,194621053,163919581,46,34,0,0,0,0,0,1,"[""173222203"", ""173799041"", ""188865413"", ""145084375"", ""209980383"", ""158080441"", ""202077303"", ""184357726"", ""137171317"", ""189549167""]"
none_subset,4,223369637,209045757,37,168,0,0,0,0,0,0,"[""192414071"", ""159838604"", ""171829404"", ""153610553"", ""214883789"", ""214961917"", ""193704109"", ""185047939"", ""138625062"", ""180305054""]"
none_subset,4,115307321,99231086,37,350,0,0,0,0,0,0,"[""214708320"", ""134610044"", ""208900697"", ""166075041"", ""129519764"", ""192365434"", ""211318715"", ""194266651"", ""152910319"", ""142630827""]"
none_subset,4,78053428,77802747,62,2423,0,0,0,0,0,0,"[""213659099"", ""134970871"", ""24054844"", ""8737650"", ""17141885"", ""36007287"", ""82677281"", ""163535148"", ""164437495"", ""165939029""]"
none_subset,4,222736054,205216250,62,1559,0,0,0,0,0,0,"[""134618566"", ""185409558"", ""22547515"", ""81077749"", ""70189978"", ""144733620"", ""198734216"", ""94930933"", ""178706930"", ""95885283""]"
none_subset,4,126031465,111852877,64,130,0,0,0,0,0,0,"[""146444401"", ""154897158"", ""156772383"", ""19628845"", ""16060214"", ""19607163"", ""169440237"", ""124198714"", ""38645667"", ""63993803""]"
none_subset,4,216331040,196742641,38,36,0,0,0,0,0,1,"[""190110099"", ""94326279"", ""203456374"", ""196068182"", ""109357355"", ""149732635"", ""142598311"", ""189303189"", ""206821652"", ""139391862""]"
none_subset,4,205777823,167495362,57,894,0,0,0,0,0,0,"[""166582282"", ""177152495"", ""102488247"", ""207131148"", ""80664100"", ""211090698"", ""209149314"", ""210786872"", ""195751744"", ""209217971""]"
none_subset,4,181301193,151450966,57,1058,0,0,0,0,0,0,"[""125339147"", ""194409455"", ""201144087"", ""128512946"", ""179662298"", ""122408162"", ""197740362"", ""65038796"", ""52958427"", ""204417143""]"
none_subset,4,224681805,80946678,4,13,0,0,0,0,1,1,"[""203037592"", ""167564443"", ""197680529"", ""212022302"", ""213939970"", ""136900812"", ""174680568"", ""172870419"", ""186674454"", ""200081999""]"
none_subset,4,156424434,131281412,37,586,0,0,0,0,0,0,"[""139391729"", ""193030442"", ""192142184"", ""66837732"", ""84838254"", ""119357902"", ""90418462"", ""115215957"", ""89062584"", ""139290462""]"
none_subset,4,222620417,211216257,64,821,0,0,0,0,0,0,"[""155708697"", ""185413694"", ""83781866"", ""78359767"", ""166109713"", ""167354299"", ""149540426"", ""82808529"", ""90790862"", ""186423211""]"
none_subset,4,191117935,159158518,43,283,0,0,0,0,0,0,"[""206290556"", ""187215484"", ""210822887"", ""182583580"", ""210958988"", ""184633847"", ""184344653"", ""198078019"", ""201213450"", ""151971832""]"
none_subset,4,215247659,196168994,46,695,0,0,0,0,0,0,"[""19664212"", ""108196994"", ""110268464"", ""188997673"", ""89928081"", ""194051265"", ""79676978"", ""100128872"", ""187829464"", ""50497846""]"
none_subset,4,194723853,159848649,43,1530,0,0,0,0,0,0,"[""120765596"", ""207541405"", ""198054821"", ""154142943"", ""100333045"", ""31477346"", ""139462778"", ""141669650"", ""126415167"", ""65700153""]"
none_subset,4,197950777,169059871,64,281,0,0,0,0,0,0,"[""102637389"", ""128304968"", ""204325611"", ""91451711"", ""175119989"", ""141983245"", ""189365972"", ""62963928"", ""199383617"", ""156476311""]"
none_subset,4,218227123,203190117,46,68,0,0,0,0,0,0,"[""208224187"", ""78566379"", ""150754478"", ""144431749"", ""213699346"", ""168791195"", ""100946720"", ""211336503"", ""214377421"", ""212730825""]"
none_subset,4,175204296,147698835,37,1474,0,0,0,0,0,0,"[""142665464"", ""195054374"", ""182513421"", ""184320957"", ""190234617"", ""103731169"", ""154409188"", ""190075252"", ""192387012"", ""179751402""]"
none_subset,4,156645730,99567115,37,924,0,0,0,0,0,0,"[""42842956"", ""188967908"", ""14688074"", ""125097939"", ""29496516"", ""115215869"", ""88534873"", ""158117230"", ""25189123"", ""181774091""]"
none_subset,4,221050667,208224412,57,162,0,0,0,0,0,0,"[""207501690"", ""195614608"", ""210816632"", ""172017798"", ""211088598"", ""194985647"", ""201836899"", ""148672945"", ""179083943"", ""101295733""]"
none_subset,4,222422842,210451253,37,2,0,1,1,1,1,1,"[""145639775"", ""210451253"", ""200451540"", ""130515422"", ""211987844"", ""76586668"", ""201572634"", ""211415830"", ""134055274"", ""204161065""]"
none_subset,4,78573689,79742438,38,615,0,0,0,0,0,0,"[""16689432"", ""102812596"", ""166911507"", ""190453683"", ""126891166"", ""178462865"", ""162400962"", ""167491323"", ""171909035"", ""156271106""]"
none_subset,4,58990237,29790518,4,675,0,0,0,0,0,0,"[""193831253"", ""123881493"", ""193566719"", ""200875902"", ""79486528"", ""149472153"", ""161643758"", ""167074809"", ""177531279"", ""107717290""]"
none_subset,4,184568811,156295009,43,47,0,0,0,0,0,1,"[""63371049"", ""195240617"", ""120002560"", ""162972233"", ""143942304"", ""181265072"", ""179105716"", ""85892413"", ""128872941"", ""127254122""]"
none_subset,4,162978629,132033042,46,1632,0,0,0,0,0,0,"[""134691092"", ""82615761"", ""200400926"", ""120932240"", ""205315794"", ""167383627"", ""139649558"", ""158079920"", ""214302406"", ""156554598""]"
none_subset,4,212699656,169890733,46,257,0,0,0,0,0,0,"[""149547737"", ""197454401"", ""156554598"", ""132605956"", ""160762858"", ""174465659"", ""193559506"", ""139649558"", ""140110070"", ""110353210""]"
none_subset,4,222300782,210709127,4,5,0,0,1,1,1,1,"[""198052564"", ""210871478"", ""126589900"", ""199379442"", ""210709127"", ""213963033"", ""198023565"", ""207985124"", ""214275181"", ""205356216""]"
none_subset,4,222071704,209721719,46,1156,0,0,0,0,0,0,"[""210308295"", ""138971583"", ""127609272"", ""163919581"", ""205368126"", ""209621390"", ""168220730"", ""207328366"", ""104127006"", ""105318716""]"
none_subset,4,194860010,166190328,46,102,0,0,0,0,0,0,"[""104767223"", ""152531642"", ""211268424"", ""206843208"", ""185601973"", ""159536710"", ""152763272"", ""169636588"", ""157864488"", ""94769507""]"
none_subset,4,205377132,180844785,43,35,0,0,0,0,0,1,"[""178271380"", ""173758947"", ""182902299"", ""206730740"", ""152989526"", ""84735538"", ""165285962"", ""121279267"", ""189266294"", ""159971774""]"
none_subset,4,142846279,124608125,46,195,0,0,0,0,0,0,"[""139649558"", ""201215254"", ""16339902"", ""165953966"", ""85427391"", ""133674182"", ""158946684"", ""177591787"", ""117093898"", ""214430451""]"
none_subset,4,193734416,162124393,43,58,0,0,0,0,0,0,"[""144482097"", ""70425482"", ""121864251"", ""136615619"", ""16074591"", ""159111252"", ""141417624"", ""75462011"", ""151416547"", ""194500859""]"
none_subset,4,35285379,38719112,43,292,0,0,0,0,0,0,"[""186549940"", ""203668670"", ""143497982"", ""207549172"", ""120122284"", ""136185385"", ""164476094"", ""197607322"", ""128927470"", ""207016056""]"
none_subset,4,87945809,78696152,46,191,0,0,0,0,0,0,"[""172250706"", ""194132989"", ""168815908"", ""168442343"", ""141781507"", ""204314440"", ""78390422"", ""131042947"", ""106926227"", ""194716332""]"
none_subset,4,123142914,107528202,4,1026,0,0,0,0,0,0,"[""62971785"", ""206213620"", ""213461075"", ""74691545"", ""106574616"", ""181068928"", ""203620126"", ""163772112"", ""144990362"", ""46147970""]"
none_subset,4,164454108,95790673,64,358,0,0,0,0,0,0,"[""151589612"", ""65008306"", ""136053941"", ""14565960"", ""124963799"", ""65008311"", ""206880666"", ""103614032"", ""39329217"", ""110653495""]"
none_subset,4,193158719,164661248,4,483,0,0,0,0,0,0,"[""122564854"", ""202362364"", ""182060832"", ""204482650"", ""149759096"", ""116057633"", ""187964382"", ""16847694"", ""200963901"", ""99699218""]"
none_subset,4,189108091,158986246,57,450,0,0,0,0,0,0,"[""173797071"", ""183349552"", ""135046482"", ""201175338"", ""107527615"", ""151871480"", ""178369063"", ""140102042"", ""193946761"", ""153321595""]"
none_subset,4,208314235,182590419,62,1189,0,0,0,0,0,0,"[""2463151"", ""24433447"", ""129878189"", ""105604280"", ""180366851"", ""56568319"", ""135784548"", ""197681506"", ""92980980"", ""193136181""]"
none_subset,4,171464736,145094112,46,7,0,0,0,1,1,1,"[""197859726"", ""207664468"", ""203171500"", ""206120139"", ""78631092"", ""212809187"", ""145094112"", ""214023065"", ""163363958"", ""204632637""]"
none_subset,4,212429460,176131148,46,225,0,0,0,0,0,0,"[""205315794"", ""156263625"", ""167383627"", ""154894208"", ""200400926"", ""206204582"", ""193874948"", ""178722271"", ""139649558"", ""184612826""]"
none_subset,4,206367580,180126691,62,1495,0,0,0,0,0,0,"[""44103941"", ""84941218"", ""127482214"", ""119457798"", ""57144448"", ""119150891"", ""104016143"", ""204700493"", ""147953100"", ""87886557""]"
none_subset,4,225108929,212708245,37,289,0,0,0,0,0,0,"[""136614813"", ""131057179"", ""53074039"", ""170334700"", ""176290644"", ""100857813"", ""181542391"", ""194999634"", ""160929058"", ""179547907""]"
none_subset,4,219709897,202039069,43,57,0,0,0,0,0,0,"[""194288073"", ""201671217"", ""211355598"", ""184091403"", ""178271380"", ""212033090"", ""209666551"", ""173758947"", ""206730740"", ""215090391""]"
none_subset,4,120028133,101696867,43,437,0,0,0,0,0,0,"[""101732318"", ""207753535"", ""166272408"", ""184705867"", ""189791365"", ""168830681"", ""192268643"", ""183295863"", ""210940174"", ""83995528""]"
none_subset,4,134666130,113496973,64,860,0,0,0,0,0,0,"[""168668432"", ""156281163"", ""159354842"", ""62091212"", ""58507091"", ""144339648"", ""186761660"", ""159020740"", ""63404553"", ""183213131""]"
none_subset,4,214415568,144932091,43,178,0,0,0,0,0,0,"[""126470047"", ""213080586"", ""53018260"", ""203886811"", ""105774118"", ""75802625"", ""75083855"", ""194759873"", ""164991678"", ""128075998""]"
none_subset,4,206367329,167525245,46,1674,0,0,0,0,0,0,"[""188974662"", ""37708588"", ""152716158"", ""158008511"", ""134902485"", ""108786028"", ""169081503"", ""132184095"", ""143366526"", ""200814907""]"
none_subset,4,222044042,205545277,46,37,0,0,0,0,0,1,"[""212730825"", ""210175793"", ""209156183"", ""211336503"", ""168791195"", ""141722116"", ""138953275"", ""170881830"", ""213978791"", ""208171217""]"
none_subset,4,218211133,113542136,62,3,0,1,1,1,1,1,"[""22547515"", ""25260455"", ""113542136"", ""119625316"", ""32645477"", ""200582902"", ""172904337"", ""156564557"", ""80991195"", ""74290204""]"
none_subset,4,72934225,8324549,43,2293,0,0,0,0,0,0,"[""146898856"", ""192784424"", ""63099395"", ""112929002"", ""84802092"", ""50216046"", ""68189198"", ""99992649"", ""114763824"", ""4674477""]"
none_subset,4,221403783,186647118,37,371,0,0,0,0,0,0,"[""100819191"", ""127087324"", ""204628236"", ""168712812"", ""149498553"", ""142799340"", ""146996413"", ""210936933"", ""169770537"", ""194030924""]"
none_subset,4,59451952,27162317,64,487,0,0,0,0,0,0,"[""80281524"", ""53527257"", ""188599489"", ""103416735"", ""79734724"", ""63474547"", ""151526168"", ""181619566"", ""186850320"", ""183213131""]"
none_subset,4,65481113,56967833,43,530,0,0,0,0,0,0,"[""163402666"", ""201484372"", ""118952445"", ""144167451"", ""163223965"", ""170082435"", ""99218293"", ""126937971"", ""105854316"", ""212781685""]"
none_subset,4,148115874,127946988,57,76,0,0,0,0,0,0,"[""152187673"", ""132769262"", ""199762687"", ""172859269"", ""177316731"", ""182790464"", ""149427907"", ""51300213"", ""101799122"", ""202725978""]"
none_subset,4,114171691,103676177,4,27,0,0,0,0,1,1,"[""126042350"", ""198909677"", ""166880259"", ""171876720"", ""62971785"", ""197102258"", ""172943291"", ""194644230"", ""74573249"", ""46147970""]"
none_subset,4,218740346,203796300,57,324,0,0,0,0,0,0,"[""213078674"", ""195614608"", ""191366717"", ""215562071"", ""165031640"", ""203904751"", ""204828392"", ""189762370"", ""207501690"", ""203550692""]"
none_subset,4,156463248,133945472,64,46,0,0,0,0,0,1,"[""146365324"", ""143450620"", ""207446541"", ""122273058"", ""167354299"", ""164643454"", ""139515295"", ""131569653"", ""118462041"", ""186423211""]"
none_subset,4,174497388,118684332,46,3,0,1,1,1,1,1,"[""114442083"", ""172509742"", ""118684332"", ""213237291"", ""199954459"", ""6346575"", ""188607246"", ""129702111"", ""177300409"", ""213226745""]"
none_subset,4,200633853,153429397,46,230,0,0,0,0,0,0,"[""79523323"", ""188997673"", ""31480171"", ""194051265"", ""183767116"", ""213196140"", ""162783785"", ""51692336"", ""26599574"", ""75717953""]"
none_subset,4,224648107,180243968,37,79,0,0,0,0,0,0,"[""117685268"", ""209034394"", ""146524904"", ""211987844"", ""145639775"", ""105162490"", ""201572634"", ""177838111"", ""201913249"", ""210025924""]"
none_subset,4,146987378,114095793,38,1173,0,0,0,0,0,0,"[""180533985"", ""151839331"", ""60707501"", ""100749834"", ""157714512"", ""48122067"", ""130516684"", ""69350726"", ""170764066"", ""166298317""]"
none_subset,4,63414595,66064117,37,93,0,0,0,0,0,0,"[""29496516"", ""53410176"", ""105224939"", ""21114364"", ""45171964"", ""71957357"", ""14688074"", ""139778879"", ""187043151"", ""204633870""]"
none_subset,4,206561203,177758562,57,2338,0,0,0,0,0,0,"[""213078674"", ""215562071"", ""213502972"", ""214059340"", ""171298197"", ""209144105"", ""213085501"", ""210193690"", ""198496404"", ""211242840""]"
none_subset,4,215076467,196176687,4,134,0,0,0,0,0,0,"[""190495475"", ""193843184"", ""192331154"", ""196862937"", ""190161584"", ""192424356"", ""190574356"", ""153928357"", ""201454668"", ""206940426""]"
none_subset,4,192505330,158737000,43,1809,0,0,0,0,0,0,"[""50216046"", ""192784424"", ""146898856"", ""38841821"", ""99992649"", ""160295191"", ""123492526"", ""145112504"", ""144939868"", ""91477618""]"
none_subset,4,81575274,77395625,37,263,0,0,0,0,0,0,"[""58893791"", ""188967908"", ""183122776"", ""109130798"", ""184518066"", ""202547182"", ""133932837"", ""111085513"", ""158117230"", ""204165195""]"
none_subset,4,224931522,202222440,37,2802,0,0,0,0,0,0,"[""131581832"", ""201561139"", ""187324915"", ""212196373"", ""82620936"", ""166969289"", ""152992564"", ""183094359"", ""162391837"", ""82961419""]"
none_subset,4,223744284,204065707,46,1657,0,0,0,0,0,0,"[""167424905"", ""211774611"", ""102764457"", ""197949897"", ""105064165"", ""210836993"", ""87562356"", ""172685140"", ""163538004"", ""74840350""]"
none_subset,4,137503904,120852733,4,174,0,0,0,0,0,0,"[""12396291"", ""138975756"", ""181715447"", ""93696567"", ""122564854"", ""202362364"", ""117471262"", ""192424356"", ""190161584"", ""190495475""]"
none_subset,4,58738507,63874499,62,1569,0,0,0,0,0,0,"[""100144178"", ""86857938"", ""127682307"", ""67056893"", ""53450905"", ""187198512"", ""137201594"", ""48622006"", ""162263431"", ""69121381""]"
none_subset,4,182463231,135449877,62,1,1,1,1,1,1,1,"[""135449877"", ""76665110"", ""176645947"", ""165119271"", ""192577715"", ""195935444"", ""156885677"", ""180167452"", ""134905481"", ""204830740""]"
none_subset,4,223150160,211861394,62,165,0,0,0,0,0,0,"[""211070786"", ""204577887"", ""200033285"", ""211808810"", ""172997177"", ""212412503"", ""206841068"", ""206664307"", ""185606507"", ""121524691""]"
none_subset,4,215706482,197749060,57,239,0,0,0,0,0,0,"[""209465166"", ""187760067"", ""210498921"", ""132207298"", ""209465126"", ""209173908"", ""213974986"", ""205792958"", ""208101032"", ""189624094""]"
none_subset,4,93265539,88157034,37,42,0,0,0,0,0,1,"[""177094485"", ""194551250"", ""183552543"", ""120514294"", ""166075041"", ""133932837"", ""127087324"", ""156884960"", ""173613850"", ""143764294""]"
none_subset,4,213568136,171846733,46,401,0,0,0,0,0,0,"[""205031717"", ""208708242"", ""100882487"", ""211870655"", ""195464981"", ""155950947"", ""132699103"", ""143758782"", ""159989114"", ""203778148""]"
none_subset,4,216009257,193863080,62,11,0,0,0,0,1,1,"[""122004752"", ""211690905"", ""182479029"", ""109740115"", ""95641166"", ""180292453"", ""60093528"", ""167732430"", ""141274480"", ""150945055""]"
none_subset,4,224303341,207753535,43,2371,0,0,0,0,0,0,"[""78343862"", ""98581026"", ""59547777"", ""24058906"", ""91110398"", ""60265144"", ""47578647"", ""67021173"", ""125638272"", ""61372398""]"
none_subset,4,224902411,210573149,4,182,0,0,0,0,0,0,"[""206636227"", ""207819636"", ""183690665"", ""198087841"", ""212682868"", ""167623478"", ""210484477"", ""203466268"", ""194160187"", ""180843726""]"
none_subset,4,222775590,191591466,4,133,0,0,0,0,0,0,"[""183018658"", ""201959887"", ""206374757"", ""198070526"", ""202360528"", ""200468822"", ""148382740"", ""194758869"", ""149909385"", ""93127365""]"
none_subset,4,221524461,203173810,46,779,0,0,0,0,0,0,"[""176761183"", ""141583383"", ""174610357"", ""207380596"", ""211028341"", ""134493849"", ""170987455"", ""209174682"", ""81216321"", ""172346073""]"
none_subset,4,208839124,182575686,4,360,0,0,0,0,0,0,"[""197475541"", ""205789625"", ""177949545"", ""105762137"", ""168012970"", ""200691824"", ""189945818"", ""187408602"", ""169388531"", ""205405501""]"
none_subset,4,213044579,193010516,64,1,1,1,1,1,1,1,"[""193010516"", ""199704764"", ""160442766"", ""157545455"", ""154364693"", ""192611577"", ""197129998"", ""166095870"", ""167643333"", ""210741382""]"
none_subset,4,213620432,194289010,62,12,0,0,0,0,1,1,"[""160586788"", ""206964681"", ""160610901"", ""186169702"", ""190955120"", ""201461957"", ""160871092"", ""156503039"", ""194380124"", ""147662184""]"
none_subset,4,216313910,199469789,43,143,0,0,0,0,0,0,"[""201213450"", ""210822887"", ""187215484"", ""184633847"", ""194022987"", ""198087076"", ""203417954"", ""211582481"", ""186350594"", ""191629352""]"
none_subset,4,171114203,143386642,37,116,0,0,0,0,0,0,"[""145639775"", ""203527914"", ""60946553"", ""209034394"", ""101905613"", ""79464358"", ""204161065"", ""132869646"", ""167310374"", ""193268783""]"
none_subset,4,136207895,114573844,4,283,0,0,0,0,0,0,"[""145583009"", ""117771611"", ""191695096"", ""180567795"", ""88061241"", ""185262753"", ""103497899"", ""157205433"", ""138966111"", ""130299986""]"
none_subset,4,179696580,145696871,37,1429,0,0,0,0,0,0,"[""126554078"", ""147751334"", ""171828064"", ""194553077"", ""121116115"", ""114167582"", ""189275863"", ""110765869"", ""194533002"", ""143141169""]"
none_subset,4,174146464,134507863,43,1004,0,0,0,0,0,0,"[""202388962"", ""203438993"", ""98137256"", ""101275830"", ""195754430"", ""170078458"", ""52112999"", ""213093649"", ""204057759"", ""160081132""]"
none_subset,4,222424665,210872833,57,1217,0,0,0,0,0,0,"[""172935950"", ""168542440"", ""191497108"", ""208772517"", ""177145864"", ""206408448"", ""156161422"", ""199513063"", ""74442206"", ""213406997""]"
none_subset,4,187546279,157092256,4,21,0,0,0,0,1,1,"[""113199812"", ""185596367"", ""190777107"", ""141440077"", ""165785804"", ""154473913"", ""156834256"", ""182893664"", ""45403148"", ""205530255""]"
none_subset,4,222676347,206933046,46,267,0,0,0,0,0,0,"[""204899704"", ""205545277"", ""173540309"", ""177962710"", ""129461367"", ""208458622"", ""141013834"", ""176936173"", ""213683775"", ""195720861""]"
none_subset,4,157005142,115668354,37,334,0,0,0,0,0,0,"[""205328844"", ""51749408"", ""196070660"", ""156347163"", ""190788723"", ""185048961"", ""133173167"", ""156046454"", ""139391729"", ""142136896""]"
none_subset,4,215615257,188378620,64,288,0,0,0,0,0,0,"[""78359767"", ""83781866"", ""78407435"", ""74117799"", ""90790862"", ""134312075"", ""166109713"", ""185413694"", ""205920501"", ""75157723""]"
none_subset,4,194695906,158536496,38,812,0,0,0,0,0,0,"[""128168264"", ""62510663"", ""25706087"", ""104042988"", ""113999751"", ""73148680"", ""186767110"", ""71896485"", ""136444097"", ""145768091""]"
none_subset,4,203432482,169554913,37,363,0,0,0,0,0,0,"[""198753304"", ""122748929"", ""209794141"", ""209030923"", ""194302416"", ""140688222"", ""145706391"", ""206382148"", ""90418462"", ""208576745""]"
none_subset,4,123321721,101119653,43,279,0,0,0,0,0,0,"[""207656544"", ""103982740"", ""212952645"", ""144764622"", ""207021897"", ""54786988"", ""140993217"", ""204358109"", ""114163759"", ""198489911""]"
none_subset,4,210174249,188362913,38,368,0,0,0,0,0,0,"[""66287825"", ""209921939"", ""20918033"", ""209590588"", ""125066164"", ""45579165"", ""201541368"", ""151108044"", ""159835737"", ""182369007""]"
none_subset,4,171136752,143395225,62,301,0,0,0,0,0,0,"[""94546694"", ""99563204"", ""106557292"", ""57745589"", ""124381580"", ""153978341"", ""97195771"", ""189107795"", ""141754702"", ""152815967""]"
none_subset,4,191817060,153434097,57,2316,0,0,0,0,0,0,"[""199513063"", ""132769262"", ""194409455"", ""180417908"", ""211888991"", ""200287721"", ""135517724"", ""211844405"", ""145955425"", ""172961532""]"
none_subset,4,17919319,16824274,46,800,0,0,0,0,0,0,"[""16339902"", ""133674182"", ""105064166"", ""62458353"", ""158946684"", ""214464211"", ""85427391"", ""205586250"", ""156263625"", ""87079597""]"
none_subset,4,198846780,116370931,64,854,0,0,0,0,0,0,"[""210451384"", ""173661276"", ""183013744"", ""63926364"", ""188610188"", ""66111020"", ""121255930"", ""191054297"", ""200026497"", ""214208964""]"
none_subset,4,205542152,137027698,43,556,0,0,0,0,0,0,"[""39026970"", ""156395019"", ""165954042"", ""207051663"", ""204884209"", ""150311477"", ""137771001"", ""57750732"", ""149017403"", ""215014856""]"
none_subset,4,213895353,187545617,37,642,0,0,0,0,0,0,"[""93714502"", ""157022245"", ""103057199"", ""153205116"", ""126447640"", ""147023317"", ""146818815"", ""171828064"", ""192597928"", ""110655675""]"
none_subset,4,138735048,111956915,46,802,0,0,0,0,0,0,"[""193559506"", ""164205217"", ""160110731"", ""139649558"", ""143689220"", ""157884203"", ""105064166"", ""209163866"", ""140208813"", ""205030690""]"
none_subset,4,220388911,50337874,4,423,0,0,0,0,0,0,"[""152350533"", ""76695262"", ""146168593"", ""203965703"", ""145084686"", ""90951087"", ""187133003"", ""144264277"", ""179140612"", ""112540745""]"
none_subset,4,142819550,123163900,37,574,0,0,0,0,0,0,"[""166280219"", ""81340320"", ""192597928"", ""126929630"", ""152140191"", ""151941209"", ""183923787"", ""209208662"", ""127873279"", ""192387012""]"
none_subset,4,176254517,147824545,64,1749,0,0,0,0,0,0,"[""200859322"", ""131569653"", ""95857401"", ""185413694"", ""66094270"", ""79117002"", ""179835610"", ""158680148"", ""184683737"", ""70939079""]"
none_subset,4,206097907,175934053,37,1211,0,0,0,0,0,0,"[""198753304"", ""154316487"", ""196774938"", ""188618147"", ""209794141"", ""190555289"", ""191525669"", ""186443492"", ""126929630"", ""189822829""]"
none_subset,4,56711007,58216709,4,104,0,0,0,0,0,0,"[""154878022"", ""215274929"", ""84024207"", ""159364641"", ""212786536"", ""157610724"", ""210303017"", ""202029081"", ""91314033"", ""101189812""]"
none_subset,4,206210724,84800476,4,791,0,0,0,0,0,0,"[""210301282"", ""201829388"", ""208055757"", ""191301984"", ""196926090"", ""142555200"", ""149460710"", ""164634484"", ""206345303"", ""164258790""]"
none_subset,4,149191479,128399228,38,709,0,0,0,0,0,0,"[""171588996"", ""180386955"", ""38003672"", ""192992682"", ""203702170"", ""151607631"", ""55870666"", ""204880845"", ""182866917"", ""157657051""]"
none_subset,4,220047744,103930898,64,1854,0,0,0,0,0,0,"[""131215451"", ""79234720"", ""122642468"", ""25588585"", ""63404553"", ""17491424"", ""149831959"", ""97354544"", ""123694415"", ""138803213""]"
none_subset,4,194785620,165237646,43,158,0,0,0,0,0,0,"[""168783197"", ""194880726"", ""108684069"", ""190372173"", ""153567645"", ""145672403"", ""139961406"", ""171798974"", ""182050443"", ""183640029""]"
none_subset,4,218749582,200169558,46,2669,0,0,0,0,0,0,"[""173278868"", ""17698917"", ""78390422"", ""206120139"", ""163683734"", ""180613841"", ""76396478"", ""174530579"", ""201508287"", ""198522018""]"
none_subset,4,165838982,127997699,46,106,0,0,0,0,0,0,"[""138718760"", ""138384198"", ""200814907"", ""134902485"", ""89045186"", ""110570748"", ""211300023"", ""102645480"", ""74167812"", ""135639820""]"
none_subset,4,224920334,200087166,4,416,0,0,0,0,0,0,"[""133755220"", ""113622434"", ""191561303"", ""100007550"", ""180940683"", ""141714724"", ""184721384"", ""140694614"", ""149621622"", ""144251877""]"
none_subset,4,205468200,178716548,4,1863,0,0,0,0,0,0,"[""117771611"", ""137677513"", ""202167018"", ""77682387"", ""140664871"", ""191096738"", ""143548483"", ""72044288"", ""185556523"", ""174891772""]"
none_subset,4,215148558,194797723,38,249,0,0,0,0,0,0,"[""68644542"", ""192920732"", ""196068182"", ""203456374"", ""190110099"", ""184915247"", ""200592659"", ""113496860"", ""209590588"", ""36621623""]"
none_subset,4,124923191,109509000,38,2493,0,0,0,0,0,0,"[""157714512"", ""192884067"", ""207422358"", ""111639650"", ""127107925"", ""211427284"", ""215127574"", ""168091953"", ""192191594"", ""173793300""]"
none_subset,4,215578096,190043031,64,19,0,0,0,0,1,1,"[""62550428"", ""80281524"", ""179201033"", ""181619566"", ""188820923"", ""187708913"", ""124198714"", ""214583586"", ""193072604"", ""212305293""]"
none_subset,4,75789381,77710495,43,479,0,0,0,0,0,0,"[""116979481"", ""88426427"", ""88577920"", ""49195232"", ""99565563"", ""173407949"", ""203438993"", ""138011937"", ""169219606"", ""114195278""]"
none_subset,4,203230137,137020533,62,1250,0,0,0,0,0,0,"[""190955120"", ""200808917"", ""52773606"", ""167732430"", ""73906788"", ""167029837"", ""146789147"", ""129328061"", ""157692294"", ""188209487""]"
none_subset,4,46116158,52577956,62,11,0,0,0,0,1,1,"[""144049941"", ""141261014"", ""39730875"", ""127069226"", ""39278122"", ""210154412"", ""119067436"", ""207747618"", ""48459419"", ""107118512""]"
none_subset,4,177136537,149390857,4,534,0,0,0,0,0,0,"[""64864978"", ""140966958"", ""165904972"", ""156370579"", ""93467050"", ""199780246"", ""203555810"", ""100087840"", ""50948393"", ""191209763""]"
none_subset,4,221669084,193072604,64,2394,0,0,0,0,0,0,"[""139178433"", ""73537331"", ""85660594"", ""161581546"", ""200004707"", ""200767454"", ""126992314"", ""121756376"", ""181149251"", ""72527056""]"
none_subset,4,212041382,191701817,37,162,0,0,0,0,0,0,"[""181408383"", ""201742088"", ""196563012"", ""191434197"", ""169228866"", ""64645018"", ""116240817"", ""98327133"", ""149483145"", ""166041429""]"
none_subset,4,219471274,197859726,46,101,0,0,0,0,0,0,"[""120660699"", ""52086900"", ""113497361"", ""213225779"", ""197949897"", ""143484748"", ""116070573"", ""208074451"", ""72730720"", ""77408378""]"
none_subset,4,128080603,113230194,46,23,0,0,0,0,1,1,"[""83646259"", ""29622301"", ""202089470"", ""202089453"", ""162796958"", ""109562038"", ""170637462"", ""203456171"", ""171696517"", ""98989836""]"
none_subset,4,186907914,156087601,43,631,0,0,0,0,0,0,"[""98581026"", ""204449585"", ""153840249"", ""128872941"", ""180465465"", ""125638272"", ""57715433"", ""195408710"", ""137780242"", ""167353972""]"
none_subset,4,203265984,104638861,46,2,0,1,1,1,1,1,"[""81506359"", ""104638861"", ""172681042"", ""208905537"", ""205356898"", ""147819790"", ""78490755"", ""209971517"", ""110594662"", ""206905678""]"
none_subset,4,168179706,140057420,37,39,0,0,0,0,0,1,"[""146527115"", ""201505284"", ""185411714"", ""182489418"", ""51138626"", ""137062195"", ""127604459"", ""195113899"", ""164221751"", ""141241455""]"
none_subset,4,225219059,215377527,46,705,0,0,0,0,0,0,"[""212118911"", ""203778148"", ""204540006"", ""145210755"", ""191974228"", ""186078356"", ""172080468"", ""182916957"", ""186533909"", ""174515021""]"
none_subset,4,190303380,143805569,37,23,0,0,0,0,1,1,"[""103057199"", ""93714502"", ""146818815"", ""39048064"", ""186713888"", ""194155044"", ""152140191"", ""176184502"", ""61710118"", ""149631379""]"
none_subset,4,59639212,58507091,64,139,0,0,0,0,0,0,"[""48108527"", ""107088593"", ""143686140"", ""5273113"", ""150507317"", ""189988059"", ""67792301"", ""183047062"", ""25042695"", ""60869518""]"
none_subset,4,194672002,165611039,38,1447,0,0,0,0,0,0,"[""198468875"", ""121564255"", ""177027866"", ""163280205"", ""163646287"", ""202271579"", ""120726041"", ""174456119"", ""102778559"", ""123190192""]"
none_subset,4,198979809,209736403,37,908,0,0,0,0,0,0,"[""210502009"", ""116967483"", ""102688777"", ""163644147"", ""151941209"", ""143805569"", ""162977839"", ""148515955"", ""195054374"", ""149242602""]"
none_subset,4,20008520,18136094,64,14,0,0,0,0,1,1,"[""103416735"", ""179015555"", ""67144823"", ""174183108"", ""181619566"", ""138115654"", ""116380815"", ""93476336"", ""131141531"", ""157803989""]"
none_subset,4,221245643,206967157,46,255,0,0,0,0,0,0,"[""70629074"", ""168398015"", ""206204582"", ""215002844"", ""211762574"", ""181935054"", ""211540948"", ""203819517"", ""214729100"", ""112985650""]"
none_subset,4,164872875,135720410,4,204,0,0,0,0,0,0,"[""210309601"", ""126589900"", ""164194074"", ""141475879"", ""203618170"", ""214085481"", ""202029081"", ""214582809"", ""211901995"", ""140968055""]"
none_subset,4,215142560,106188623,4,34,0,0,0,0,0,1,"[""158607543"", ""167104684"", ""148281605"", ""159734891"", ""149759096"", ""154708788"", ""141130959"", ""171029402"", ""116057633"", ""202362364""]"
none_subset,4,224121102,213467226,46,363,0,0,0,0,0,0,"[""78566379"", ""159369178"", ""161007649"", ""80538986"", ""211028341"", ""109531052"", ""144431749"", ""141583383"", ""208224187"", ""108060129""]"
none_subset,4,224931869,139398347,43,299,0,0,0,0,0,0,"[""171665125"", ""176978968"", ""211382244"", ""154237024"", ""192954070"", ""183703868"", ""189281341"", ""189165560"", ""158107027"", ""128249636""]"
none_subset,4,138153661,118659816,38,164,0,0,0,0,0,0,"[""193563274"", ""179234058"", ""156424467"", ""191371664"", ""111238191"", ""98526198"", ""186767110"", ""193002592"", ""97083478"", ""163758025""]"
none_subset,4,225280861,215580451,4,51,0,0,0,0,0,0,"[""193481695"", ""191147915"", ""183858161"", ""168908364"", ""203746928"", ""191462142"", ""187257731"", ""189899644"", ""194722275"", ""168959530""]"
none_subset,4,211607484,191030106,37,242,0,0,0,0,0,0,"[""181408383"", ""45171964"", ""178961164"", ""201740861"", ""206412545"", ""157806065"", ""202222318"", ""87450438"", ""206278149"", ""154409188""]"
none_subset,4,214872752,188240250,37,195,0,0,0,0,0,0,"[""202778075"", ""103348357"", ""67501636"", ""178961164"", ""210417882"", ""159657746"", ""41045266"", ""187043151"", ""159726047"", ""194561255""]"
none_subset,4,221635544,209508182,38,197,0,0,0,0,0,0,"[""208393437"", ""141324463"", ""213565228"", ""165832126"", ""177206358"", ""149533051"", ""136445502"", ""159655041"", ""138015580"", ""114622271""]"
none_subset,4,224935803,191574147,43,2951,0,0,0,0,0,0,"[""185196782"", ""172946257"", ""60265144"", ""204449585"", ""178833613"", ""191577900"", ""215513285"", ""153170090"", ""150794676"", ""139780746""]"
none_subset,4,184494990,155791307,38,635,0,0,0,0,0,0,"[""200830087"", ""132005414"", ""138465835"", ""202182110"", ""75182035"", ""158453764"", ""213553012"", ""193393909"", ""102676974"", ""161495460""]"
none_subset,4,223224423,211792770,46,313,0,0,0,0,0,0,"[""212905783"", ""167644413"", ""213805109"", ""146467155"", ""206587012"", ""205239580"", ""201925196"", ""168124994"", ""176936176"", ""170958662""]"
none_subset,4,195193571,118558747,62,115,0,0,0,0,0,0,"[""156487231"", ""112033521"", ""113866351"", ""72569113"", ""106024110"", ""210326667"", ""172190870"", ""114525243"", ""123687816"", ""187978938""]"
none_subset,4,190923476,161414922,64,152,0,0,0,0,0,0,"[""131141531"", ""60032340"", ""171025610"", ""79234720"", ""63474547"", ""97354544"", ""153356810"", ""138803213"", ""179015555"", ""125561073""]"
none_subset,4,220419002,185423354,62,649,0,0,0,0,0,0,"[""208252625"", ""191313815"", ""191982155"", ""209163264"", ""192522899"", ""179248067"", ""201240617"", ""193006708"", ""179064472"", ""176461236""]"
none_subset,4,209600686,186417621,64,284,0,0,0,0,0,0,"[""103189720"", ""201421429"", ""144339648"", ""209790439"", ""183213131"", ""147984435"", ""181705179"", ""74162951"", ""63404553"", ""186122058""]"
none_subset,4,200589311,169485140,46,165,0,0,0,0,0,0,"[""79804197"", ""58408382"", ""171578170"", ""208099409"", ""105064165"", ""197949897"", ""153467283"", ""158101824"", ""162270850"", ""102764457""]"
none_subset,4,183620915,176740233,43,99,0,0,0,0,0,0,"[""29596208"", ""130448492"", ""120544015"", ""214876955"", ""177473145"", ""49526180"", ""145906971"", ""182355269"", ""192247862"", ""146898856""]"
none_subset,4,189803385,161290599,38,14,0,0,0,0,1,1,"[""77338935"", ""87832627"", ""149982401"", ""124833754"", ""204224738"", ""109987226"", ""126884451"", ""183915016"", ""125506764"", ""122139403""]"
none_subset,4,175625019,146495081,64,244,0,0,0,0,0,0,"[""211980241"", ""132092603"", ""157333918"", ""58379904"", ""65008714"", ""65487267"", ""95779860"", ""202658571"", ""179767835"", ""179210556""]"
none_subset,4,224707840,211170368,37,148,0,0,0,0,0,0,"[""147947722"", ""183552543"", ""161390704"", ""150612100"", ""174852305"", ""133932837"", ""160237764"", ""170879853"", ""165637927"", ""113459454""]"
none_subset,4,218859422,198349568,38,859,0,0,0,0,0,0,"[""154635759"", ""171909035"", ""104404349"", ""139423553"", ""148051499"", ""136444097"", ""214716995"", ""172684452"", ""64397678"", ""184996375""]"
none_subset,4,178864787,139821056,4,2019,0,0,0,0,0,0,"[""99472535"", ""201066421"", ""126889201"", ""100007550"", ""204285378"", ""170244713"", ""155106827"", ""156901917"", ""179804262"", ""22766945""]"
none_subset,4,159196095,137589971,38,919,0,0,0,0,0,0,"[""186767110"", ""188214883"", ""49391991"", ""125918674"", ""92183743"", ""107880171"", ""114917954"", ""155332547"", ""74162023"", ""177165475""]"
none_subset,4,174481946,135983837,64,1015,0,0,0,0,0,0,"[""181874277"", ""98469115"", ""111165071"", ""148413683"", ""213107525"", ""87246800"", ""195841911"", ""158126671"", ""103614032"", ""139261502""]"
none_subset,4,188815807,160741998,64,38,0,0,0,0,0,1,"[""149506115"", ""103189720"", ""147984435"", ""19607163"", ""63965447"", ""123694415"", ""185723367"", ""94645332"", ""196328856"", ""201421429""]"
none_subset,4,225059708,156966555,64,34,0,0,0,0,0,1,"[""74256345"", ""154324585"", ""207726104"", ""208465437"", ""193757766"", ""86356781"", ""75157723"", ""179784406"", ""141938100"", ""136038725""]"
none_subset,4,223811539,213229652,4,10,0,0,0,1,1,1,"[""198962743"", ""185851022"", ""212457708"", ""208055757"", ""187535990"", ""211608400"", ""196161368"", ""198087841"", ""210309601"", ""213229652""]"
none_subset,4,218503876,199802363,4,845,0,0,0,0,0,0,"[""188468725"", ""210958855"", ""160260159"", ""193843184"", ""183828133"", ""186900944"", ""138966111"", ""190594964"", ""183252412"", ""160129846""]"
none_subset,4,86819271,73207881,38,657,0,0,0,0,0,0,"[""207390535"", ""202112251"", ""207390508"", ""206303400"", ""171248361"", ""149349102"", ""204218454"", ""154880168"", ""204985593"", ""162918532""]"
none_subset,4,108034580,99234253,43,280,0,0,0,0,0,0,"[""125529016"", ""163980868"", ""191363897"", ""118484592"", ""158317596"", ""207851646"", ""153170041"", ""193020832"", ""198700213"", ""159816013""]"
none_subset,4,220766464,180748130,4,114,0,0,0,0,0,0,"[""96998136"", ""62971785"", ""202598239"", ""74691545"", ""126042350"", ""213461075"", ""102201495"", ""161281171"", ""195526680"", ""32014424""]"
none_subset,4,177244963,141989738,4,33,0,0,0,0,0,1,"[""100007550"", ""173259969"", ""113622434"", ""144995106"", ""183642706"", ""189148609"", ""201066421"", ""144683728"", ""183725729"", ""94286928""]"
none_subset,4,54600790,60869518,64,858,0,0,0,0,0,0,"[""155183786"", ""196347311"", ""127422260"", ""138322181"", ""75760627"", ""204754543"", ""131215451"", ""114420335"", ""74738666"", ""20153108""]"
none_subset,4,189883702,156772383,64,901,0,0,0,0,0,0,"[""143656150"", ""96029631"", ""179216205"", ""128304968"", ""133945472"", ""164643454"", ""191606915"", ""91451711"", ""146365324"", ""108862398""]"
none_subset,4,222647320,173858556,4,1397,0,0,0,0,0,0,"[""112914230"", ""207064032"", ""199802363"", ""201224926"", ""6658108"", ""134362005"", ""211473289"", ""213125259"", ""69097292"", ""136187384""]"
none_subset,4,55766439,57450040,37,322,0,0,0,0,0,0,"[""192597928"", ""152140191"", ""152762226"", ""158117230"", ""58893791"", ""192387012"", ""101318206"", ""93714502"", ""140336042"", ""200025016""]"
none_subset,4,219166202,46376130,43,2,0,1,1,1,1,1,"[""205947664"", ""46376130"", ""182612609"", ""111074216"", ""89360655"", ""158868087"", ""82996098"", ""127006553"", ""203191672"", ""207792788""]"
none_subset,4,206154287,180219456,37,230,0,0,0,0,0,0,"[""146272807"", ""151964729"", ""183122776"", ""190113798"", ""133774120"", ""113557409"", ""132837482"", ""103348357"", ""182875637"", ""88534873""]"
none_subset,4,218578178,203829614,37,3,0,1,1,1,1,1,"[""201561139"", ""170544975"", ""203829614"", ""201276299"", ""196714939"", ""202782009"", ""192227530"", ""207544886"", ""195014964"", ""183094359""]"
none_subset,4,214672236,193517327,57,305,0,0,0,0,0,0,"[""131996709"", ""207122534"", ""129568269"", ""60736435"", ""160823099"", ""135046482"", ""40488723"", ""149988933"", ""78057939"", ""199908579""]"
none_subset,4,223831619,211890068,38,164,0,0,0,0,0,0,"[""8550716"", ""61517646"", ""186767110"", ""192587307"", ""188362913"", ""192721742"", ""150241983"", ""192443349"", ""113999751"", ""160779270""]"
none_subset,4,207026097,174693297,37,1286,0,0,0,0,0,0,"[""119227333"", ""120893128"", ""76841920"", ""147820123"", ""146013472"", ""201751423"", ""170750019"", ""88534873"", ""136371572"", ""198424789""]"
none_subset,4,225052795,211664992,4,34,0,0,0,0,0,1,"[""73118528"", ""135553147"", ""165023261"", ""45403148"", ""164936492"", ""174141513"", ""100750573"", ""193007590"", ""156401201"", ""141440077""]"
none_subset,4,222713645,203487722,43,51,0,0,0,0,0,0,"[""186549940"", ""164476094"", ""197607322"", ""203668670"", ""120122284"", ""35003932"", ""90198681"", ""143497982"", ""79396448"", ""136185385""]"
none_subset,4,222415662,199473731,57,582,0,0,0,0,0,0,"[""204417143"", ""206545534"", ""207769586"", ""201144087"", ""196862956"", ""208033509"", ""131667486"", ""138406659"", ""160016419"", ""194409455""]"
none_subset,4,180823466,127322167,38,749,0,0,0,0,0,0,"[""139423553"", ""76490987"", ""149982401"", ""85120764"", ""147345313"", ""113999751"", ""147335135"", ""94336615"", ""124833754"", ""192315877""]"
none_subset,4,120776482,85372384,57,88,0,0,0,0,0,0,"[""47987945"", ""164248569"", ""185549618"", ""212108240"", ""171896766"", ""124098501"", ""81719707"", ""146244116"", ""197416724"", ""83990657""]"
none_subset,4,78736115,48004410,62,193,0,0,0,0,0,0,"[""70381552"", ""212503126"", ""212966939"", ""187877499"", ""15723967"", ""178892018"", ""131732657"", ""80344615"", ""131432619"", ""90932662""]"
none_subset,4,197566809,171039103,37,110,0,0,0,0,0,0,"[""134616563"", ""159427663"", ""212715570"", ""203721801"", ""141739385"", ""210082244"", ""108027894"", ""125546857"", ""206497590"", ""194261766""]"
none_subset,4,196560587,121588049,57,65,0,0,0,0,0,0,"[""159881542"", ""112833560"", ""75645675"", ""177626941"", ""77758551"", ""214125411"", ""14439949"", ""27828345"", ""83458535"", ""141089456""]"
none_subset,4,191989168,149271505,38,461,0,0,0,0,0,0,"[""154112907"", ""167983168"", ""102676974"", ""62710943"", ""111085092"", ""148428523"", ""192793555"", ""107054492"", ""92430066"", ""206869723""]"
none_subset,4,220756944,207623765,4,1578,0,0,0,0,0,0,"[""191316160"", ""194160187"", ""205600080"", ""202571906"", ""190503853"", ""201904090"", ""208780104"", ""186079283"", ""202705628"", ""197090565""]"
none_subset,4,222970732,211768590,57,466,0,0,0,0,0,0,"[""163533843"", ""191197833"", ""208742570"", ""145031350"", ""141728487"", ""200034808"", ""207373637"", ""192913890"", ""134533948"", ""212108240""]"
none_subset,4,205703486,168521754,4,891,0,0,0,0,0,0,"[""138439770"", ""187502252"", ""205469263"", ""73706611"", ""103135887"", ""125970295"", ""191687910"", ""128197551"", ""190530648"", ""188799739""]"
none_subset,4,41178274,57231571,37,1486,0,0,0,0,0,0,"[""51749408"", ""139391729"", ""185048961"", ""33066220"", ""37024390"", ""121116115"", ""147794006"", ""187812442"", ""16898206"", ""147143113""]"
none_subset,4,151923040,130295558,64,272,0,0,0,0,0,0,"[""80281524"", ""201421429"", ""187708913"", ""46094230"", ""188599489"", ""131141531"", ""25588585"", ""60032340"", ""181619566"", ""103189720""]"
none_subset,4,211406975,165689945,43,158,0,0,0,0,0,0,"[""164285938"", ""160058303"", ""180961442"", ""179054743"", ""139778348"", ""177067604"", ""196069283"", ""198078019"", ""89809066"", ""148294908""]"
none_subset,4,225332179,209312269,62,1275,0,0,0,0,0,0,"[""15723967"", ""70069885"", ""145492438"", ""75207324"", ""65823014"", ""208335318"", ""120605363"", ""44501361"", ""67833941"", ""212966939""]"
none_subset,4,210265450,165354631,46,1609,0,0,0,0,0,0,"[""84422038"", ""213054921"", ""209251399"", ""97623791"", ""108322993"", ""63397399"", ""143287077"", ""76538488"", ""202771850"", ""187582783""]"
none_subset,4,224587798,138353042,38,39,0,0,0,0,0,1,"[""206506072"", ""194853957"", ""193133447"", ""130168090"", ""162629010"", ""159911050"", ""162221630"", ""130417987"", ""194346900"", ""208225541""]"
none_subset,4,218641593,191313815,62,204,0,0,0,0,0,0,"[""189968625"", ""204721492"", ""207430576"", ""204577887"", ""179850932"", ""212901239"", ""200006687"", ""208969796"", ""211070786"", ""64365794""]"
none_subset,4,63582428,61415611,38,1622,0,0,0,0,0,0,"[""120618466"", ""76490987"", ""114055239"", ""139494203"", ""71896485"", ""151180760"", ""66259210"", ""113999751"", ""28399802"", ""350786""]"
none_subset,4,225109827,214482135,4,419,0,0,0,0,0,0,"[""206636227"", ""194160187"", ""210550451"", ""183509496"", ""182581077"", ""191316160"", ""196167891"", ""208780104"", ""196026500"", ""210484477""]"
none_subset,4,37267022,18308585,4,25,0,0,0,0,1,1,"[""149909385"", ""50883863"", ""117660981"", ""194377968"", ""153876614"", ""151009561"", ""144251877"", ""178305613"", ""54212504"", ""156469871""]"
none_subset,4,96544155,77929117,4,32,0,0,0,0,0,1,"[""133755220"", ""113622434"", ""158175855"", ""42043129"", ""202877780"", ""160501086"", ""144251877"", ""156471159"", ""191561303"", ""141085810""]"
none_subset,4,170402856,139528880,57,226,0,0,0,0,0,0,"[""183993242"", ""100527593"", ""122166847"", ""126989970"", ""203393348"", ""111600891"", ""44191816"", ""165637321"", ""163116154"", ""83591058""]"
none_subset,4,222568867,211063696,46,5,0,0,1,1,1,1,"[""214290787"", ""208719036"", ""180426325"", ""212730825"", ""211063696"", ""214251597"", ""172966334"", ""208458622"", ""203332786"", ""201436985""]"
none_subset,4,221242787,189821495,4,918,0,0,0,0,0,0,"[""93696567"", ""201061935"", ""155609514"", ""204909089"", ""190067899"", ""214521847"", ""138975756"", ""44688477"", ""201765058"", ""156103241""]"
none_subset,4,211096041,190075149,4,542,0,0,0,0,0,0,"[""198052564"", ""180575809"", ""210709127"", ""207095845"", ""199379442"", ""201066059"", ""188285916"", ""213319159"", ""140968055"", ""213221072""]"
none_subset,4,108131747,44202832,46,178,0,0,0,0,0,0,"[""118565908"", ""93122967"", ""103963518"", ""16824274"", ""167116086"", ""130390168"", ""201461152"", ""210880528"", ""26599574"", ""200586148""]"
none_subset,4,162232999,136320022,46,44,0,0,0,0,0,1,"[""109632736"", ""130621296"", ""76658512"", ""194052484"", ""167076699"", ""121995083"", ""210308295"", ""207429949"", ""171164335"", ""204316129""]"
none_subset,4,13682631,9583876,43,68,0,0,0,0,0,0,"[""125638272"", ""164097777"", ""37006900"", ""130810261"", ""127254122"", ""76296759"", ""98581026"", ""6516822"", ""57715433"", ""195408710""]"
none_subset,4,219666357,191554056,4,204,0,0,0,0,0,0,"[""27693819"", ""146781680"", ""190777127"", ""188602972"", ""182361800"", ""187600900"", ""190079873"", ""200589462"", ""183755478"", ""176566249""]"
none_subset,4,213567134,189737626,37,124,0,0,0,0,0,0,"[""191241938"", ""212271042"", ""203730564"", ""212172992"", ""201660893"", ""209128550"", ""194731784"", ""193995538"", ""206298544"", ""184818286""]"
none_subset,4,184043607,74618421,43,46,0,0,0,0,0,1,"[""54226204"", ""96300750"", ""133582641"", ""125480188"", ""178073804"", ""124169369"", ""138296370"", ""156158793"", ""133220748"", ""171665125""]"
none_subset,4,172414888,136207634,57,1516,0,0,0,0,0,0,"[""187256807"", ""165530822"", ""162086507"", ""153835333"", ""200415629"", ""123063081"", ""176713188"", ""109983619"", ""112758500"", ""127626189""]"
none_subset,4,177318197,149582480,4,9,0,0,0,1,1,1,"[""162058011"", ""191695909"", ""190161584"", ""200963901"", ""191214295"", ""139852579"", ""204482650"", ""192331154"", ""149582480"", ""159111889""]"
none_subset,4,212339777,190906052,37,381,0,0,0,0,0,0,"[""29496516"", ""136461731"", ""100819191"", ""105274553"", ""120893128"", ""186986472"", ""120041856"", ""133932837"", ""144080332"", ""108765924""]"
none_subset,4,206145125,167802783,38,1156,0,0,0,0,0,0,"[""203507733"", ""163127755"", ""166308838"", ""136043837"", ""80627012"", ""29927100"", ""101964968"", ""170217678"", ""79792389"", ""135905491""]"
none_subset,4,178886952,151010427,4,104,0,0,0,0,0,0,"[""98076075"", ""210721272"", ""134911017"", ""159850846"", ""209607188"", ""156855089"", ""139852579"", ""142553971"", ""141488485"", ""122594682""]"
none_subset,4,221817837,209852269,4,143,0,0,0,0,0,0,"[""205600080"", ""191316160"", ""183509496"", ""195830492"", ""202571906"", ""213160173"", ""210484477"", ""201657691"", ""203466268"", ""182904703""]"
none_subset,4,223048993,211832428,4,218,0,0,0,0,0,0,"[""181054833"", ""50763598"", ""133632260"", ""191225749"", ""195819596"", ""208530280"", ""179145991"", ""209124215"", ""193577910"", ""148331489""]"
none_subset,4,208991679,186079431,37,172,0,0,0,0,0,0,"[""209154292"", ""197633924"", ""201742088"", ""200278482"", ""186811713"", ""191504755"", ""200774626"", ""160068637"", ""190070434"", ""197844035""]"
none_subset,4,141898377,106878932,43,143,0,0,0,0,0,0,"[""126121357"", ""73201099"", ""192574680"", ""90011446"", ""135474915"", ""179115971"", ""138958806"", ""182081124"", ""102691911"", ""60674498""]"
none_subset,4,197127690,170091134,37,461,0,0,0,0,0,0,"[""85275000"", ""170544975"", ""212752270"", ""142288515"", ""199996758"", ""192227530"", ""169799265"", ""195698956"", ""192569315"", ""206895628""]"
none_subset,4,208419078,156490946,43,57,0,0,0,0,0,0,"[""141417624"", ""147117418"", ""205605896"", ""186403472"", ""213210833"", ""136615619"", ""127000704"", ""144482097"", ""194500859"", ""208265800""]"
none_subset,4,225018841,119926476,37,1639,0,0,0,0,0,0,"[""163655065"", ""122241592"", ""201258368"", ""210549110"", ""160929058"", ""170334700"", ""142640479"", ""161133997"", ""138622989"", ""154942150""]"
none_subset,4,165596897,137389127,64,1085,0,0,0,0,0,0,"[""168355301"", ""185454425"", ""141045171"", ""210923456"", ""156400594"", ""56833135"", ""185413694"", ""202712497"", ""120420310"", ""112056185""]"
none_subset,4,99158135,78794453,4,460,0,0,0,0,0,0,"[""149095048"", ""198070526"", ""172890535"", ""138975756"", ""154031903"", ""176867327"", ""151518049"", ""144373105"", ""188173628"", ""142451414""]"
none_subset,4,215595321,197344850,37,11,0,0,0,0,1,1,"[""79219323"", ""207605603"", ""190251047"", ""125867554"", ""209736185"", ""75817384"", ""157139216"", ""153367008"", ""174772190"", ""189787964""]"
none_subset,4,187656447,159139067,57,969,0,0,0,0,0,0,"[""128512946"", ""122408162"", ""125339147"", ""121588049"", ""140761987"", ""15301011"", ""194409455"", ""127670415"", ""206553944"", ""85942447""]"
none_subset,4,225288325,215600148,4,824,0,0,0,0,0,0,"[""198615413"", ""194160187"", ""194722275"", ""211858811"", ""198087841"", ""180843726"", ""207819636"", ""210550451"", ""191505143"", ""206636227""]"
none_subset,4,225337078,213493571,37,1302,0,0,0,0,0,0,"[""64645018"", ""103348357"", ""155458733"", ""178551362"", ""186986472"", ""191571560"", ""173703044"", ""186539685"", ""145790575"", ""173227324""]"
none_subset,4,138244807,119810553,4,92,0,0,0,0,0,0,"[""191461282"", ""154359018"", ""129269545"", ""144264277"", ""148365289"", ""183438126"", ""157103009"", ""188580686"", ""184009379"", ""156382700""]"
none_subset,4,213283231,165204223,4,157,0,0,0,0,0,0,"[""190777107"", ""113199812"", ""164936492"", ""156401201"", ""138626625"", ""45403148"", ""114925208"", ""108788103"", ""141440077"", ""73118528""]"
none_subset,4,125907639,104715442,43,79,0,0,0,0,0,0,"[""100215754"", ""126415167"", ""160598030"", ""207289652"", ""127486066"", ""197613208"", ""130556843"", ""59458719"", ""194761453"", ""212829910""]"
none_subset,4,154132197,126361288,37,873,0,0,0,0,0,0,"[""43972733"", ""72951233"", ""76037021"", ""107504819"", ""17206468"", ""78795109"", ""213471023"", ""144129822"", ""126405590"", ""81213674""]"
none_subset,4,200051522,173661276,64,24,0,0,0,0,1,1,"[""192779268"", ""195252307"", ""198087057"", ""119491080"", ""210148884"", ""208747261"", ""114822134"", ""95992904"", ""144305873"", ""200033728""]"
none_subset,4,137156791,110050766,37,312,0,0,0,0,0,0,"[""188967908"", ""181774091"", ""183122776"", ""179102026"", ""108972219"", ""213026576"", ""71957357"", ""163100520"", ""8855059"", ""181836831""]"
none_subset,4,208951682,134610044,37,1315,0,0,0,0,0,0,"[""14688074"", ""101351593"", ""96028215"", ""163474582"", ""66064117"", ""95030361"", ""115215869"", ""66495486"", ""43972733"", ""45171964""]"
none_subset,4,221947933,177496099,64,24,0,0,0,0,1,1,"[""195227005"", ""208220087"", ""71813245"", ""213362681"", ""162052544"", ""172848022"", ""201882684"", ""142012440"", ""161612772"", ""114420335""]"
none_subset,4,221280470,208171217,46,535,0,0,0,0,0,0,"[""205100337"", ""171164335"", ""207429949"", ""82753953"", ""209279100"", ""109632736"", ""177368586"", ""109531052"", ""103702743"", ""130621296""]"
none_subset,4,195907696,163513925,4,167,0,0,0,0,0,0,"[""190079873"", ""187600900"", ""190777127"", ""148331489"", ""181054833"", ""197090565"", ""200589462"", ""146781680"", ""209124215"", ""182361800""]"
none_subset,4,192387814,157519336,4,373,0,0,0,0,0,0,"[""171876720"", ""191300394"", ""56795758"", ""135451052"", ""209715606"", ""191564735"", ""209018186"", ""214896797"", ""147828982"", ""139418370""]"
none_subset,4,223289169,211247046,38,519,0,0,0,0,0,0,"[""149533051"", ""78529743"", ""208393437"", ""209921939"", ""141324463"", ""40757273"", ""213565228"", ""206728210"", ""177867333"", ""212545495""]"
none_subset,4,209346461,186900944,4,38,0,0,0,0,0,1,"[""76695262"", ""202362364"", ""72045166"", ""145583009"", ""161499533"", ""195846870"", ""211473289"", ""146168593"", ""194814735"", ""179140612""]"
none_subset,4,139981254,120640755,64,770,0,0,0,0,0,0,"[""171357717"", ""75216844"", ""87387447"", ""181352764"", ""147451743"", ""197129998"", ""156925615"", ""210055173"", ""156766484"", ""199704764""]"
none_subset,4,182806205,151978785,4,36,0,0,0,0,0,1,"[""183255480"", ""133632260"", ""173008557"", ""209124215"", ""191690738"", ""191225749"", ""179145991"", ""171159402"", ""145646315"", ""86385298""]"
none_subset,4,217278792,201460481,64,47,0,0,0,0,0,1,"[""192779268"", ""195252307"", ""183765574"", ""174719538"", ""157103060"", ""198087057"", ""114337642"", ""175191129"", ""66459509"", ""196286726""]"
none_subset,4,186655930,154156370,43,784,0,0,0,0,0,0,"[""163664846"", ""37006900"", ""67909736"", ""139780746"", ""159971774"", ""78565510"", ""140231935"", ""91110398"", ""59497573"", ""98357729""]"
none_subset,4,162912896,129248142,46,547,0,0,0,0,0,0,"[""184612826"", ""193874948"", ""155017018"", ""127947793"", ""208493172"", ""154894208"", ""197454401"", ""156554598"", ""124608125"", ""196643554""]"
none_subset,4,213352279,153459843,46,230,0,0,0,0,0,0,"[""139649558"", ""200400926"", ""74767597"", ""192342929"", ""193559506"", ""197454401"", ""155017018"", ""205315794"", ""156554598"", ""209163866""]"
none_subset,4,203207980,178106114,37,162,0,0,0,0,0,0,"[""117685268"", ""187299907"", ""175351696"", ""191030106"", ""208141913"", ""200869738"", ""209154292"", ""207956028"", ""207035998"", ""215242567""]"
none_subset,4,161852871,89221384,64,647,0,0,0,0,0,0,"[""171442385"", ""114607994"", ""91130206"", ""149715107"", ""201421429"", ""214583586"", ""154682545"", ""151064154"", ""128826000"", ""207795709""]"
none_subset,4,176716107,148055243,46,96,0,0,0,0,0,0,"[""209744189"", ""174837469"", ""189549167"", ""180976440"", ""197415730"", ""213559285"", ""7231598"", ""212786249"", ""184646371"", ""195577148""]"
none_subset,4,217259739,199287233,37,6,0,0,0,1,1,1,"[""187324915"", ""209172941"", ""191538851"", ""190070434"", ""202782009"", ""199287233"", ""182193027"", ""121097766"", ""186811713"", ""192456013""]"
none_subset,4,56814961,24867932,62,525,0,0,0,0,0,0,"[""167750528"", ""136225463"", ""181641667"", ""165970114"", ""141783929"", ""128579095"", ""187304707"", ""187570461"", ""58086605"", ""167146845""]"
none_subset,4,199732465,168726781,46,998,0,0,0,0,0,0,"[""205037505"", ""206303291"", ""195152908"", ""177432966"", ""193685035"", ""70629074"", ""190230714"", ""133168724"", ""7231598"", ""206220197""]"
none_subset,4,123506354,100296077,37,1116,0,0,0,0,0,0,"[""98865638"", ""193030442"", ""206528763"", ""156094427"", ""162391057"", ""76963567"", ""213378567"", ""115668354"", ""100748286"", ""145330672""]"
none_subset,4,211049728,174478709,46,282,0,0,0,0,0,0,"[""204845369"", ""213247950"", ""144865911"", ""179633525"", ""197088021"", ""176341449"", ""204065707"", ""162792464"", ""203644944"", ""174549866""]"
none_subset,4,217215152,201018364,62,354,0,0,0,0,0,0,"[""185851832"", ""150919912"", ""206301685"", ""183508594"", ""144002826"", ""125264671"", ""206927728"", ""204577887"", ""212901239"", ""141693897""]"
none_subset,4,215896966,198159546,37,285,0,0,0,0,0,0,"[""206298544"", ""188568572"", ""164058126"", ""183697536"", ""209128550"", ""194731784"", ""183519446"", ""193995538"", ""209161669"", ""209000043""]"
none_subset,4,224816259,166840834,64,510,0,0,0,0,0,0,"[""183047062"", ""144073843"", ""141045171"", ""152603802"", ""32252174"", ""112345894"", ""32842438"", ""60521239"", ""189845371"", ""26914040""]"
none_subset,4,168758608,141126912,62,92,0,0,0,0,0,0,"[""146789147"", ""94546694"", ""28665915"", ""134377605"", ""150940601"", ""160329216"", ""138120106"", ""106557292"", ""52773606"", ""18880304""]"
none_subset,4,224917919,214056529,37,1719,0,0,0,0,0,0,"[""212864198"", ""165980002"", ""214409508"", ""199315941"", ""118125733"", ""207930554"", ""141163031"", ""212752270"", ""208864789"", ""207605603""]"
none_subset,4,69007206,70183038,62,790,0,0,0,0,0,0,"[""32645477"", ""70037834"", ""75037502"", ""80991195"", ""25260455"", ""167961448"", ""74290204"", ""136127901"", ""209151724"", ""194491562""]"
none_subset,4,20104654,13940893,46,26,0,0,0,0,1,1,"[""124510956"", ""22408044"", ""198454182"", ""126200509"", ""50497846"", ""126605515"", ""130390168"", ""188974662"", ""111095231"", ""79523323""]"
none_subset,4,206830390,182794391,4,16,0,0,0,0,1,1,"[""160129846"", ""190594964"", ""153928357"", ""189901460"", ""160260159"", ""190495475"", ""73825216"", ""192424356"", ""192331154"", ""158545727""]"
none_subset,4,209598704,185409558,62,4,0,0,1,1,1,1,"[""94930933"", ""200747175"", ""134618566"", ""185409558"", ""198734216"", ""194491562"", ""112414551"", ""211861394"", ""139408556"", ""202396048""]"
none_subset,4,129248924,113340443,37,705,0,0,0,0,0,0,"[""150887352"", ""136371572"", ""124537731"", ""119227333"", ""206126959"", ""146013472"", ""198424789"", ""145502443"", ""183285169"", ""196428679""]"
none_subset,4,224103839,213731514,46,451,0,0,0,0,0,0,"[""205235605"", ""208712486"", ""210373455"", ""180188915"", ""212306388"", ""210582711"", ""210734819"", ""208458622"", ""210667015"", ""204484014""]"
none_subset,4,107731383,36293036,62,44,0,0,0,0,0,1,"[""134618566"", ""112339725"", ""22547515"", ""172904337"", ""113994482"", ""193455135"", ""32645477"", ""81077749"", ""113904136"", ""195229377""]"
none_subset,4,128516859,113125737,43,1176,0,0,0,0,0,0,"[""173492161"", ""90293525"", ""171833857"", ""113849955"", ""201259036"", ""143996100"", ""184136574"", ""201353088"", ""162034746"", ""191072085""]"
none_subset,4,65457383,67086891,38,32,0,0,0,0,0,1,"[""192884067"", ""118659816"", ""209330718"", ""193949384"", ""180386955"", ""145998937"", ""114646293"", ""128022775"", ""52533378"", ""211427284""]"
none_subset,4,222687545,209791442,64,21,0,0,0,0,1,1,"[""173526297"", ""193536959"", ""99174752"", ""143686140"", ""122395189"", ""176297212"", ""111626622"", ""131561726"", ""170912580"", ""182762792""]"
none_subset,4,215426148,174366632,46,229,0,0,0,0,0,0,"[""150142821"", ""154821670"", ""151511658"", ""142789905"", ""116259633"", ""99309357"", ""194301324"", ""148352358"", ""144423993"", ""124310282""]"
none_subset,4,195198725,157734464,43,182,0,0,0,0,0,0,"[""205822080"", ""72421330"", ""105076717"", ""173923821"", ""178730785"", ""103363896"", ""77511038"", ""153586175"", ""186606199"", ""144008610""]"
none_subset,4,221797141,209764015,46,31,0,0,0,0,0,1,"[""206477450"", ""208805779"", ""202872734"", ""144865911"", ""213291067"", ""213805109"", ""204759997"", ""194132989"", ""186568176"", ""210734819""]"
none_subset,4,164421576,110656577,62,387,0,0,0,0,0,0,"[""87886557"", ""123217124"", ""122862208"", ""84941218"", ""57144448"", ""149971080"", ""128177020"", ""163318703"", ""211547329"", ""139116865""]"
none_subset,4,214610820,194634429,43,2,0,1,1,1,1,1,"[""190779684"", ""194634429"", ""173279591"", ""177473145"", ""90011446"", ""144399603"", ""116753996"", ""151954619"", ""89479859"", ""179364053""]"
none_subset,4,202695254,164665349,46,83,0,0,0,0,0,0,"[""169636588"", ""164912617"", ""120963350"", ""205315794"", ""82615761"", ""165704043"", ""213237291"", ""213226745"", ""152531642"", ""207470239""]"
none_subset,4,181784321,139778879,37,2771,0,0,0,0,0,0,"[""160929058"", ""103432765"", ""210549110"", ""161194648"", ""143161006"", ""142640479"", ""203680817"", ""170334700"", ""98784541"", ""176290644""]"
none_subset,4,214768210,195814903,4,234,0,0,0,0,0,0,"[""96998136"", ""145646315"", ""195744792"", ""173008557"", ""78396407"", ""201065368"", ""208901976"", ""172884595"", ""202598239"", ""58216709""]"
none_subset,4,189115160,160966785,43,24,0,0,0,0,1,1,"[""208096405"", ""138585496"", ""102424723"", ""66709739"", ""209546973"", ""137780242"", ""66709745"", ""60157409"", ""195408710"", ""197613208""]"
none_subset,4,207497813,183755478,4,27,0,0,0,0,1,1,"[""205600080"", ""183509496"", ""202571906"", ""185360306"", ""215237393"", ""188074441"", ""201657691"", ""213160173"", ""196026500"", ""203466268""]"
none_subset,4,221733830,199758501,4,213,0,0,0,0,0,0,"[""202002064"", ""126762069"", ""164526532"", ""133033147"", ""203341087"", ""115146729"", ""25537887"", ""112475075"", ""200384605"", ""112972489""]"
none_subset,4,216275972,179585446,4,158,0,0,0,0,0,0,"[""157092256"", ""207935824"", ""150204940"", ""162407032"", ""105605834"", ""154444351"", ""154039318"", ""141440077"", ""180266107"", ""190228386""]"
none_subset,4,224927820,179577326,46,595,0,0,0,0,0,0,"[""102024389"", ""153967122"", ""214112052"", ""154821670"", ""142789905"", ""150142821"", ""99309357"", ""194301324"", ""191070592"", ""172785490""]"
none_subset,4,216448407,95187471,64,5,0,0,1,1,1,1,"[""187914316"", ""152209914"", ""94645332"", ""135996572"", ""95187471"", ""203217424"", ""44495615"", ""156281163"", ""94863968"", ""128603026""]"
none_subset,4,211139345,190121568,4,315,0,0,0,0,0,0,"[""123419520"", ""160129846"", ""202362364"", ""153928357"", ""200963858"", ""171447530"", ""190495475"", ""138966111"", ""160260159"", ""190594964""]"
none_subset,4,118300572,106278665,62,162,0,0,0,0,0,0,"[""146789147"", ""73563944"", ""18880304"", ""82382971"", ""50662129"", ""119124932"", ""106557292"", ""24686208"", ""204830740"", ""205254156""]"
none_subset,4,220403410,204662722,37,32,0,0,0,0,0,1,"[""163250787"", ""164882856"", ""119064031"", ""126406153"", ""204006241"", ""143030980"", ""196225304"", ""122241592"", ""200164411"", ""99194481""]"
none_subset,4,161875428,127609272,46,178,0,0,0,0,0,0,"[""102458654"", ""210836993"", ""215475381"", ""105137217"", ""71898634"", ""197949897"", ""133780489"", ""58408382"", ""201507987"", ""79804197""]"
none_subset,4,207671145,184022783,4,33,0,0,0,0,0,1,"[""205600080"", ""185360306"", ""195830492"", ""213160173"", ""183509496"", ""202571906"", ""201657691"", ""212373864"", ""153410659"", ""191246700""]"
none_subset,4,81609711,83075724,43,121,0,0,0,0,0,0,"[""57750732"", ""101519990"", ""201690715"", ""113199180"", ""74505132"", ""58799552"", ""96930178"", ""73260900"", ""154110926"", ""203178329""]"
none_subset,4,212432648,154897370,64,167,0,0,0,0,0,0,"[""93630964"", ""161581546"", ""153356810"", ""126992314"", ""167158322"", ""152305563"", ""151821517"", ""211228726"", ""137043393"", ""130603525""]"
none_subset,4,128168688,112134542,4,290,0,0,0,0,0,0,"[""181553937"", ""185967985"", ""202360528"", ""207414127"", ""179812166"", ""144857372"", ""174649936"", ""209018186"", ""93013033"", ""180954842""]"
none_subset,4,211110878,189462815,38,1327,0,0,0,0,0,0,"[""118426597"", ""192570569"", ""111489526"", ""100946794"", ""82429869"", ""175023670"", ""148600150"", ""186173164"", ""192315877"", ""128745438""]"
none_subset,4,180123229,145112155,37,41,0,0,0,0,0,1,"[""209172335"", ""193680819"", ""187324915"", ""184297463"", ""173966675"", ""201561139"", ""173640245"", ""191544375"", ""202157886"", ""188876971""]"
none_subset,4,220812780,179760906,46,6,0,0,0,1,1,1,"[""79166546"", ""187714756"", ""203778148"", ""150142821"", ""211380085"", ""179760906"", ""182917310"", ""78094109"", ""201991995"", ""78516486""]"
none_subset,4,210886906,160003240,62,1493,0,0,0,0,0,0,"[""190955120"", ""186169702"", ""203208937"", ""115226483"", ""73906788"", ""125457528"", ""69002225"", ""199605491"", ""15942056"", ""201461957""]"
none_subset,4,213124666,162936044,43,43,0,0,0,0,0,1,"[""84756708"", ""179127750"", ""91110398"", ""154544914"", ""78565510"", ""77932206"", ""193020832"", ""175312707"", ""51516713"", ""67294136""]"
none_subset,4,224135440,190789178,64,49,0,0,0,0,0,1,"[""203544848"", ""82453175"", ""202708847"", ""106833257"", ""136552233"", ""211228726"", ""192891016"", ""207152337"", ""142119938"", ""136116320""]"
none_subset,4,210408988,162425061,57,241,0,0,0,0,0,0,"[""211835809"", ""114134647"", ""207173802"", ""207784265"", ""101389209"", ""113601078"", ""57914854"", ""123225028"", ""154845037"", ""57499091""]"
none_subset,4,210701847,189202972,37,195,0,0,0,0,0,0,"[""121097766"", ""164351701"", ""209172941"", ""210502009"", ""128098941"", ""194957772"", ""194408004"", ""212047029"", ""191911000"", ""200733855""]"
none_subset,4,217226096,198430312,46,721,0,0,0,0,0,0,"[""213395330"", ""207870356"", ""147341866"", ""204381150"", ""108645014"", ""172385784"", ""170987455"", ""213174015"", ""172346073"", ""102057588""]"
none_subset,4,158212683,172065222,43,52,0,0,0,0,0,0,"[""186403472"", ""141417624"", ""147117418"", ""78516965"", ""205605896"", ""210534170"", ""193482080"", ""183295863"", ""207753535"", ""122820009""]"
none_subset,4,137703589,120122284,43,8,0,0,0,1,1,1,"[""83550407"", ""90198681"", ""164476094"", ""211890870"", ""168040178"", ""197607322"", ""145996061"", ""120122284"", ""186549940"", ""103510499""]"
none_subset,4,117119445,102488247,57,156,0,0,0,0,0,0,"[""85942447"", ""175340511"", ""99443492"", ""58773802"", ""53594227"", ""152197992"", ""157953377"", ""100527593"", ""32645815"", ""48586287""]"
none_subset,4,175628347,146565542,46,1270,0,0,0,0,0,0,"[""116820479"", ""131820392"", ""206685083"", ""126190470"", ""134902485"", ""110570748"", ""172127274"", ""126396079"", ""176936176"", ""103963518""]"
none_subset,4,149922319,115277724,38,1676,0,0,0,0,0,0,"[""76490987"", ""120618466"", ""189593063"", ""71896485"", ""197196790"", ""183239354"", ""150396233"", ""167154238"", ""132266859"", ""74617293""]"
none_subset,4,215644814,193644515,38,1511,0,0,0,0,0,0,"[""116918686"", ""78137458"", ""96718826"", ""151931969"", ""172020969"", ""112540467"", ""179081123"", ""94834577"", ""48003015"", ""152236293""]"
none_subset,4,221837061,194862890,46,14,0,0,0,0,1,1,"[""179610678"", ""72266723"", ""179533802"", ""68978046"", ""205007406"", ""162330233"", ""181905212"", ""84576505"", ""126522124"", ""202121759""]"
none_subset,4,209706435,187423310,37,148,0,0,0,0,0,0,"[""201649016"", ""187543270"", ""173966675"", ""210502009"", ""192456013"", ""75362158"", ""206569261"", ""207544886"", ""183094359"", ""187134525""]"
none_subset,4,218343341,203417954,43,553,0,0,0,0,0,0,"[""207753535"", ""183295863"", ""78516965"", ""83550407"", ""199920218"", ""145996061"", ""122820009"", ""134678718"", ""190077562"", ""205562168""]"
none_subset,4,170276055,143253664,4,1439,0,0,0,0,0,0,"[""203339357"", ""202888371"", ""195539587"", ""192582014"", ""209208627"", ""188882555"", ""197090565"", ""197294044"", ""200589462"", ""187408602""]"
none_subset,4,211959947,191630851,4,210,0,0,0,0,0,0,"[""181715447"", ""192331154"", ""204482650"", ""195513078"", ""195751544"", ""141488485"", ""193413498"", ""168959530"", ""162058011"", ""34047790""]"
none_subset,4,224484261,214298768,4,184,0,0,0,0,0,0,"[""189899644"", ""212129395"", ""167623478"", ""210109068"", ""180843726"", ""207819636"", ""163340296"", ""194722275"", ""210643102"", ""207791923""]"
none_subset,4,223747116,203589761,38,2351,0,0,0,0,0,0,"[""44557915"", ""171248361"", ""176455982"", ""183226957"", ""204985593"", ""107235965"", ""202234864"", ""5564013"", ""52441610"", ""213984936""]"
none_subset,4,194640606,155955578,62,954,0,0,0,0,0,0,"[""45161831"", ""122185080"", ""141261014"", ""66824965"", ""39730875"", ""74220777"", ""211179238"", ""183577698"", ""110663965"", ""105604280""]"
