run_tag,seed,set_id,target_item_id,target_item_fg,rank,hit@1,hit@3,hit@5,hit@10,hit@30,hit@50,top10_ids
none_subset,1,171638917,143094107,46,193,0,0,0,0,0,0,"[""131018578"", ""118565908"", ""161736013"", ""93122967"", ""140861260"", ""207379889"", ""204544735"", ""83646259"", ""208099584"", ""150742725""]"
none_subset,1,208805759,172213324,37,227,0,0,0,0,0,0,"[""174857211"", ""213471023"", ""146527115"", ""96256428"", ""181014160"", ""141241455"", ""210782160"", ""160185355"", ""209543868"", ""202278643""]"
none_subset,1,17682761,16847694,4,277,0,0,0,0,0,0,"[""12396291"", ""159922963"", ""176039610"", ""177531279"", ""22766945"", ""144373105"", ""76515539"", ""19130713"", ""162653386"", ""9766161""]"
none_subset,1,206425236,182182628,62,452,0,0,0,0,0,0,"[""110858132"", ""205736250"", ""74279773"", ""194289010"", ""191516840"", ""165955561"", ""187006840"", ""168009154"", ""121524691"", ""162715321""]"
none_subset,1,96522071,63831737,62,978,0,0,0,0,0,0,"[""203208937"", ""15942056"", ""149461258"", ""172600056"", ""97032103"", ""17146321"", ""180623952"", ""210871676"", ""91170827"", ""156966648""]"
none_subset,1,223685706,211215649,62,80,0,0,0,0,0,0,"[""204577887"", ""200006687"", ""195542403"", ""207430576"", ""138087303"", ""215517289"", ""195520149"", ""173404869"", ""158181494"", ""203289300""]"
none_subset,1,147517821,95204606,43,202,0,0,0,0,0,0,"[""143371562"", ""13118738"", ""141162020"", ""183525953"", ""98581026"", ""204449585"", ""127047625"", ""180465465"", ""100333045"", ""169803317""]"
none_subset,1,224898695,211310787,43,48,0,0,0,0,0,1,"[""201409854"", ""108684069"", ""182050443"", ""145672403"", ""185311632"", ""178409476"", ""198489911"", ""191711172"", ""207898804"", ""208008027""]"
none_subset,1,179865492,149982827,43,285,0,0,0,0,0,0,"[""202025930"", ""120597166"", ""13118738"", ""171859659"", ""6516822"", ""67909736"", ""93370896"", ""199520065"", ""191583920"", ""119675310""]"
none_subset,1,194623623,167483448,43,164,0,0,0,0,0,0,"[""164268294"", ""109124875"", ""204268653"", ""197429046"", ""201704588"", ""194880726"", ""98638580"", ""168068475"", ""145546533"", ""124834146""]"
none_subset,1,64901197,21114364,37,3,0,1,1,1,1,1,"[""45171964"", ""116240817"", ""21114364"", ""105224939"", ""94966858"", ""14688074"", ""105274553"", ""41705192"", ""66495486"", ""98327133""]"
none_subset,1,48390120,53902698,57,696,0,0,0,0,0,0,"[""183004571"", ""53369429"", ""119749183"", ""214410443"", ""65120912"", ""103801352"", ""206024190"", ""85942447"", ""86194826"", ""122408162""]"
none_subset,1,185836801,158101824,46,24,0,0,0,0,1,1,"[""158115780"", ""208099409"", ""167424905"", ""121587868"", ""215475381"", ""205769669"", ""58408382"", ""206921287"", ""168394424"", ""138969017""]"
none_subset,1,187310061,145798245,38,1817,0,0,0,0,0,0,"[""31197704"", ""12905940"", ""10199751"", ""45579165"", ""45766945"", ""6679232"", ""74273124"", ""151108044"", ""17181391"", ""20918033""]"
none_subset,1,104313212,96852581,38,607,0,0,0,0,0,0,"[""16689432"", ""145151055"", ""152236293"", ""113288938"", ""199402447"", ""85274599"", ""114131241"", ""77371641"", ""81584170"", ""109712270""]"
none_subset,1,187766683,138627636,38,461,0,0,0,0,0,0,"[""151407481"", ""181132638"", ""181736422"", ""88485908"", ""189643684"", ""128168264"", ""126762749"", ""189643687"", ""118659816"", ""147242050""]"
none_subset,1,121522189,108702236,37,173,0,0,0,0,0,0,"[""178545557"", ""195642071"", ""106674292"", ""126361288"", ""168964563"", ""70391605"", ""197580749"", ""90201092"", ""189822829"", ""65584321""]"
none_subset,1,204087433,151140876,64,81,0,0,0,0,0,0,"[""164183551"", ""152603802"", ""17386508"", ""166141828"", ""185451532"", ""96431966"", ""105928549"", ""79130254"", ""106833257"", ""110198506""]"
none_subset,1,224082376,211118858,46,96,0,0,0,0,0,0,"[""133461188"", ""132894879"", ""208224187"", ""142436010"", ""78566379"", ""100881714"", ""205395255"", ""206379759"", ""141682649"", ""181020941""]"
none_subset,1,222150050,212009781,46,1162,0,0,0,0,0,0,"[""170958662"", ""212905783"", ""172966334"", ""203644944"", ""178405632"", ""168124994"", ""167644413"", ""211131554"", ""205239580"", ""172827091""]"
none_subset,1,190301469,142721484,64,1358,0,0,0,0,0,0,"[""201341623"", ""211475437"", ""12228373"", ""152312239"", ""60124479"", ""59824769"", ""127490493"", ""187944465"", ""127488045"", ""105879570""]"
none_subset,1,176118406,126107165,4,22,0,0,0,0,1,1,"[""209397578"", ""189844318"", ""142890835"", ""188323012"", ""185967985"", ""151681239"", ""124951123"", ""176819214"", ""156841339"", ""121769201""]"
none_subset,1,195103529,156583528,37,231,0,0,0,0,0,0,"[""120040052"", ""131581832"", ""23924949"", ""47579439"", ""33534621"", ""151688576"", ""81690283"", ""78200756"", ""53410176"", ""164141851""]"
none_subset,1,125632866,106707342,46,786,0,0,0,0,0,0,"[""146029150"", ""172250706"", ""140437226"", ""147047749"", ""180829317"", ""171227152"", ""190224714"", ""207529569"", ""169711662"", ""78094109""]"
none_subset,1,205169662,176761183,46,117,0,0,0,0,0,0,"[""133461188"", ""142436010"", ""181020941"", ""108934756"", ""107277769"", ""170374096"", ""210829117"", ""206453483"", ""76370473"", ""209924661""]"
none_subset,1,216362905,199422479,4,34,0,0,0,0,0,1,"[""167623478"", ""207726716"", ""206636227"", ""165051058"", ""186979962"", ""203829299"", ""208698322"", ""209043508"", ""205025057"", ""188468393""]"
none_subset,1,218660454,201505284,37,64,0,0,0,0,0,0,"[""213471023"", ""141241455"", ""188918346"", ""209543868"", ""167814691"", ""89171973"", ""137062195"", ""69814974"", ""192163385"", ""180221400""]"
none_subset,1,212773280,66287825,38,57,0,0,0,0,0,0,"[""179244626"", ""140979774"", ""31197704"", ""148428740"", ""169021759"", ""74273124"", ""18107447"", ""183569499"", ""123821164"", ""180023471""]"
none_subset,1,206924747,120111663,37,445,0,0,0,0,0,0,"[""141382831"", ""129112777"", ""152910319"", ""16898206"", ""160293528"", ""212263607"", ""119637829"", ""195715759"", ""184920959"", ""162372195""]"
none_subset,1,225321183,165942764,38,102,0,0,0,0,0,0,"[""159326492"", ""183272380"", ""127107925"", ""213648542"", ""84080355"", ""207326334"", ""169186989"", ""107256101"", ""166298317"", ""112738147""]"
none_subset,1,168804719,143552622,38,740,0,0,0,0,0,0,"[""191737393"", ""36621623"", ""155797305"", ""167345837"", ""39903440"", ""62494905"", ""124508627"", ""204806709"", ""182862963"", ""205481720""]"
none_subset,1,220290280,103551862,38,50,0,0,0,0,0,1,"[""52441610"", ""122407287"", ""163646287"", ""205623617"", ""5564013"", ""8550716"", ""198468875"", ""192721742"", ""34147341"", ""181227444""]"
none_subset,1,223264855,210449055,46,21,0,0,0,0,1,1,"[""202371479"", ""141231449"", ""174504603"", ""150950478"", ""208021339"", ""158008511"", ""125568463"", ""132184095"", ""188974662"", ""213021213""]"
none_subset,1,162360608,125993794,46,123,0,0,0,0,0,0,"[""172684450"", ""153488356"", ""76061645"", ""214750241"", ""82252188"", ""96527698"", ""104767223"", ""201512197"", ""167280596"", ""152531642""]"
none_subset,1,216831984,189625872,43,467,0,0,0,0,0,0,"[""202632009"", ""184056715"", ""202626349"", ""203424512"", ""195756368"", ""210037205"", ""190076056"", ""201535486"", ""144304634"", ""192996306""]"
none_subset,1,204045918,177005001,64,527,0,0,0,0,0,0,"[""113744993"", ""104389677"", ""173334389"", ""8326062"", ""143656811"", ""205058205"", ""162052544"", ""213362681"", ""168247151"", ""63861102""]"
none_subset,1,217726865,201428570,37,389,0,0,0,0,0,0,"[""203829614"", ""140618489"", ""201276299"", ""85275000"", ""193608318"", ""192227530"", ""143065905"", ""194297564"", ""198598972"", ""128177539""]"
none_subset,1,87463593,85383706,62,777,0,0,0,0,0,0,"[""163921015"", ""204737909"", ""79777747"", ""89381373"", ""92929398"", ""125139076"", ""104128337"", ""10132068"", ""57612738"", ""97195771""]"
none_subset,1,214117863,192935597,37,1985,0,0,0,0,0,0,"[""183978577"", ""184515969"", ""170350787"", ""118291817"", ""152762226"", ""51981897"", ""192597928"", ""81340320"", ""158117230"", ""126929630""]"
none_subset,1,224936983,213071251,4,1507,0,0,0,0,0,0,"[""144373105"", ""164940716"", ""170267536"", ""173055109"", ""172890535"", ""190621677"", ""159922963"", ""16847694"", ""9766161"", ""197921332""]"
none_subset,1,93603097,60362710,43,27,0,0,0,0,1,1,"[""67363507"", ""35616285"", ""136644867"", ""18118516"", ""192268643"", ""144710651"", ""158792208"", ""101956556"", ""197867680"", ""134636146""]"
none_subset,1,187597152,159511688,43,565,0,0,0,0,0,0,"[""128075960"", ""171112521"", ""192085655"", ""145672403"", ""125536521"", ""159118897"", ""108684069"", ""193746203"", ""117436576"", ""127619450""]"
none_subset,1,190851843,159310869,62,408,0,0,0,0,0,0,"[""128579095"", ""178836137"", ""176645947"", ""177811848"", ""207182070"", ""151308081"", ""113547578"", ""187570461"", ""105871225"", ""207007802""]"
none_subset,1,196105523,142410249,46,19,0,0,0,0,1,1,"[""192338677"", ""204813635"", ""152527976"", ""215006086"", ""204563408"", ""163363958"", ""209824689"", ""194782765"", ""93926902"", ""172671263""]"
none_subset,1,136725851,119103678,64,497,0,0,0,0,0,0,"[""182509717"", ""179987053"", ""112902032"", ""127488797"", ""179200790"", ""157380435"", ""92304326"", ""65008306"", ""77671900"", ""107218617""]"
none_subset,1,112847004,76325050,62,5,0,0,1,1,1,1,"[""61834333"", ""60093528"", ""138202773"", ""193706706"", ""76325050"", ""57509321"", ""190440971"", ""167732430"", ""122507339"", ""127465305""]"
none_subset,1,223800617,204625446,57,1696,0,0,0,0,0,0,"[""201949837"", ""210559945"", ""211386571"", ""209470103"", ""166538115"", ""211212706"", ""209465126"", ""195751744"", ""195225413"", ""212600489""]"
none_subset,1,207634709,173641656,4,304,0,0,0,0,0,0,"[""207566657"", ""56998165"", ""116474962"", ""186229725"", ""161593927"", ""162319116"", ""171902128"", ""207098068"", ""195532670"", ""3831714""]"
none_subset,1,143194372,105903674,62,143,0,0,0,0,0,0,"[""100144178"", ""25260455"", ""194932553"", ""19560737"", ""188189839"", ""86925187"", ""190708058"", ""96821830"", ""74594625"", ""68305694""]"
none_subset,1,223653635,137387134,38,475,0,0,0,0,0,0,"[""161849435"", ""159165448"", ""123704552"", ""69350726"", ""173793300"", ""121564255"", ""96549387"", ""180271965"", ""192587307"", ""168749475""]"
none_subset,1,200657214,172403921,64,299,0,0,0,0,0,0,"[""116423938"", ""59483816"", ""148693800"", ""167679113"", ""163237725"", ""207683325"", ""211109264"", ""156194814"", ""71717443"", ""157122738""]"
none_subset,1,216779292,190972176,37,437,0,0,0,0,0,0,"[""131961169"", ""187324915"", ""209172941"", ""100843460"", ""196469804"", ""125242387"", ""187735798"", ""194408004"", ""191911000"", ""193485768""]"
none_subset,1,182035821,128546016,46,233,0,0,0,0,0,0,"[""209924661"", ""205395255"", ""137553795"", ""53654857"", ""197720233"", ""169602941"", ""138969017"", ""135605303"", ""77257734"", ""180541695""]"
none_subset,1,194866551,212675214,4,1209,0,0,0,0,0,0,"[""183365296"", ""196120491"", ""131037236"", ""209144226"", ""211253445"", ""190147486"", ""215009156"", ""167846611"", ""206288267"", ""207098068""]"
none_subset,1,225322419,170619898,46,31,0,0,0,0,0,1,"[""162507293"", ""138617659"", ""172082320"", ""163043438"", ""135648799"", ""212429674"", ""110594662"", ""113055815"", ""172681042"", ""81506359""]"
none_subset,1,201591559,165125789,37,890,0,0,0,0,0,0,"[""174854812"", ""156534483"", ""90697118"", ""158649481"", ""103484710"", ""105071457"", ""127604459"", ""174822665"", ""200567894"", ""201475694""]"
none_subset,1,141072966,123492526,43,229,0,0,0,0,0,0,"[""70081273"", ""104255136"", ""140470954"", ""202111236"", ""60424871"", ""210978962"", ""175839074"", ""76024222"", ""182485141"", ""146073359""]"
none_subset,1,224977889,179987053,64,559,0,0,0,0,0,0,"[""49185786"", ""173622745"", ""156077786"", ""203723833"", ""163529947"", ""147992646"", ""195326763"", ""106066941"", ""5009200"", ""195841911""]"
none_subset,1,156172606,127505414,46,131,0,0,0,0,0,0,"[""150742725"", ""211154268"", ""118565908"", ""205615810"", ""160764333"", ""114169237"", ""125312196"", ""204384271"", ""180541695"", ""93122967""]"
none_subset,1,215424098,197090565,4,4,0,0,1,1,1,1,"[""195510728"", ""196161368"", ""171567687"", ""197090565"", ""188357647"", ""180074203"", ""198087841"", ""188605425"", ""180843726"", ""215485045""]"
none_subset,1,216241505,178492296,64,1023,0,0,0,0,0,0,"[""151937589"", ""127617798"", ""96322019"", ""190101231"", ""162037337"", ""160009723"", ""214177607"", ""200250551"", ""63897092"", ""161391861""]"
none_subset,1,219075657,210332530,64,434,0,0,0,0,0,0,"[""167740456"", ""148414231"", ""156679320"", ""194941994"", ""175932906"", ""147982801"", ""80281524"", ""123687478"", ""85881610"", ""25588585""]"
none_subset,1,170744268,140986770,37,431,0,0,0,0,0,0,"[""101318206"", ""177094485"", ""113199607"", ""194551250"", ""197603112"", ""134824400"", ""143766198"", ""192307803"", ""143975932"", ""158649481""]"
none_subset,1,185559036,145311547,64,13,0,0,0,0,1,1,"[""134786446"", ""121442493"", ""92309560"", ""181955550"", ""85531879"", ""132868443"", ""212572450"", ""43675047"", ""121260031"", ""172741180""]"
none_subset,1,191927841,164310767,4,1360,0,0,0,0,0,0,"[""194142299"", ""215198902"", ""179962753"", ""185880119"", ""198809896"", ""200589143"", ""93467050"", ""142381741"", ""144995106"", ""183725729""]"
none_subset,1,186439481,147379276,37,1593,0,0,0,0,0,0,"[""157628611"", ""182254392"", ""126554078"", ""17206468"", ""76841920"", ""200025016"", ""172603509"", ""207799963"", ""211863626"", ""190113798""]"
none_subset,1,195896697,168959530,4,180,0,0,0,0,0,0,"[""196267387"", ""190789377"", ""194508039"", ""162058011"", ""150893629"", ""196849929"", ""199422802"", ""210192785"", ""198314550"", ""208780104""]"
none_subset,1,180511197,143567150,57,36,0,0,0,0,0,1,"[""172961532"", ""114652398"", ""165685416"", ""205430219"", ""196935602"", ""100527593"", ""139945593"", ""188870231"", ""49145437"", ""63237169""]"
none_subset,1,216339481,124479122,38,499,0,0,0,0,0,0,"[""189495326"", ""205465606"", ""14429541"", ""203319354"", ""169004224"", ""202963903"", ""124122804"", ""205112185"", ""145636746"", ""193532212""]"
none_subset,1,212459275,190214362,37,9,0,0,0,1,1,1,"[""165582044"", ""187712911"", ""147947722"", ""102282269"", ""159816408"", ""109707567"", ""113225323"", ""164430683"", ""190214362"", ""212776036""]"
none_subset,1,178893444,124226339,38,49,0,0,0,0,0,1,"[""135212492"", ""132013003"", ""192554802"", ""153572480"", ""99824538"", ""9780698"", ""203767651"", ""167929413"", ""68720344"", ""58573176""]"
none_subset,1,216028097,148857953,4,212,0,0,0,0,0,0,"[""176566249"", ""27693819"", ""182361800"", ""147422442"", ""183255480"", ""191690738"", ""200087166"", ""192473388"", ""194212862"", ""200344150""]"
none_subset,1,217965214,194692490,64,440,0,0,0,0,0,0,"[""209791442"", ""76676235"", ""95477523"", ""213362149"", ""66459509"", ""198087057"", ""211873793"", ""188610188"", ""200003654"", ""150385215""]"
none_subset,1,194611756,157987350,37,444,0,0,0,0,0,0,"[""192617496"", ""173640245"", ""213416559"", ""212381569"", ""208174544"", ""182640683"", ""208141913"", ""146846685"", ""171761243"", ""183693328""]"
none_subset,1,216668373,177013550,57,543,0,0,0,0,0,0,"[""209465166"", ""198176008"", ""209083980"", ""195658816"", ""166795160"", ""204394071"", ""132207298"", ""210965226"", ""195501199"", ""191511773""]"
none_subset,1,208341500,177536477,64,77,0,0,0,0,0,0,"[""149831959"", ""110653495"", ""183213131"", ""150470372"", ""123694415"", ""186761660"", ""193134463"", ""63965447"", ""79234720"", ""149506115""]"
none_subset,1,210276311,165627910,43,191,0,0,0,0,0,0,"[""192942930"", ""111061767"", ""193746203"", ""79676853"", ""143190396"", ""154011793"", ""76024222"", ""158146260"", ""170651164"", ""107634006""]"
none_subset,1,194447304,167133568,4,32,0,0,0,0,0,1,"[""186934020"", ""161499533"", ""206285668"", ""204210360"", ""202119489"", ""150251115"", ""203890372"", ""112914230"", ""203884835"", ""152350533""]"
none_subset,1,151770127,132184275,4,931,0,0,0,0,0,0,"[""167623478"", ""189899644"", ""165051058"", ""39175557"", ""187942970"", ""200026065"", ""212639315"", ""209043508"", ""211887023"", ""192952375""]"
none_subset,1,195984013,114925208,4,62,0,0,0,0,0,0,"[""157092256"", ""154444351"", ""141440077"", ""153417658"", ""103872312"", ""150204940"", ""140664088"", ""200206633"", ""104872974"", ""105605834""]"
none_subset,1,203521288,178501633,4,59,0,0,0,0,0,0,"[""83232103"", ""191516714"", ""206012998"", ""102246788"", ""193059683"", ""46857523"", ""173717084"", ""135190327"", ""195596465"", ""165467719""]"
none_subset,1,190187950,156774428,37,664,0,0,0,0,0,0,"[""194193597"", ""126406153"", ""201003118"", ""99194481"", ""164882856"", ""200164411"", ""162736140"", ""209030923"", ""175906876"", ""163250787""]"
none_subset,1,222464020,210880528,46,8,0,0,0,1,1,1,"[""209191190"", ""209947619"", ""214251597"", ""204919891"", ""212905783"", ""208805779"", ""210499137"", ""210880528"", ""172827091"", ""211987120""]"
none_subset,1,132565555,113657337,4,1059,0,0,0,0,0,0,"[""143548483"", ""117771611"", ""174891772"", ""129568541"", ""189645323"", ""153991203"", ""51992415"", ""123613267"", ""132723593"", ""138966111""]"
none_subset,1,207099433,169647353,38,73,0,0,0,0,0,0,"[""165942764"", ""138021512"", ""52533378"", ""209330718"", ""199927975"", ""214115231"", ""198703958"", ""115277724"", ""147242050"", ""118632225""]"
none_subset,1,118032060,106413750,57,396,0,0,0,0,0,0,"[""209096131"", ""149224940"", ""211856859"", ""211940844"", ""212788032"", ""173685075"", ""183982826"", ""85332654"", ""202770273"", ""204632527""]"
none_subset,1,140028642,122514493,38,31,0,0,0,0,0,1,"[""154107984"", ""182664472"", ""99912896"", ""105651656"", ""181340196"", ""126393314"", ""44504337"", ""180023471"", ""188963004"", ""137025491""]"
none_subset,1,211747663,189684704,43,255,0,0,0,0,0,0,"[""198423070"", ""196316257"", ""197891724"", ""197613208"", ""135871857"", ""160966785"", ""208096405"", ""152103320"", ""209546973"", ""188369365""]"
none_subset,1,208853510,2440794,4,183,0,0,0,0,0,0,"[""27693819"", ""197294044"", ""194212862"", ""182361800"", ""190777127"", ""151875588"", ""190079873"", ""104293117"", ""200589462"", ""16813724""]"
none_subset,1,119939603,77390218,43,99,0,0,0,0,0,0,"[""101732318"", ""189791365"", ""204045985"", ""8324549"", ""184705867"", ""166272408"", ""184024262"", ""183295863"", ""192268643"", ""158868087""]"
none_subset,1,224144877,212214175,64,1528,0,0,0,0,0,0,"[""157210468"", ""146848980"", ""192632345"", ""79071973"", ""146444401"", ""85881610"", ""68685146"", ""196347311"", ""151177544"", ""19607163""]"
none_subset,1,220795932,207846338,37,202,0,0,0,0,0,0,"[""191241938"", ""98327133"", ""212172992"", ""153367008"", ""144029506"", ""196133478"", ""209585249"", ""212406255"", ""209736185"", ""120040052""]"
none_subset,1,207732448,184091403,43,13,0,0,0,0,1,1,"[""192741559"", ""214348389"", ""201535486"", ""195756368"", ""192226046"", ""201905433"", ""194244577"", ""201230840"", ""143671449"", ""202626349""]"
none_subset,1,225336822,205907099,62,147,0,0,0,0,0,0,"[""192607518"", ""200271479"", ""127489206"", ""73906788"", ""118002181"", ""190955120"", ""140662974"", ""192458679"", ""201461957"", ""169222138""]"
none_subset,1,167882378,142219785,46,192,0,0,0,0,0,0,"[""109987121"", ""215475381"", ""194733810"", ""194136520"", ""102458654"", ""134160126"", ""88450497"", ""123341476"", ""52993669"", ""197949897""]"
none_subset,1,29106775,27258379,64,927,0,0,0,0,0,0,"[""171025610"", ""157000160"", ""138115654"", ""27162317"", ""135683575"", ""119643934"", ""132793502"", ""179668314"", ""190543618"", ""187887134""]"
none_subset,1,168893665,139920243,4,1599,0,0,0,0,0,0,"[""98076075"", ""159922963"", ""23408401"", ""177531279"", ""176039610"", ""164940716"", ""144373105"", ""86878993"", ""129435163"", ""181306942""]"
none_subset,1,214253510,188912158,64,274,0,0,0,0,0,0,"[""211669271"", ""183611195"", ""210901215"", ""212267410"", ""192779268"", ""204826807"", ""200026497"", ""194200854"", ""187944465"", ""192179303""]"
none_subset,1,193591886,160455987,43,83,0,0,0,0,0,0,"[""210273616"", ""201690715"", ""166344121"", ""107185884"", ""183640029"", ""132315079"", ""204884209"", ""57750732"", ""75535529"", ""172320968""]"
none_subset,1,118161724,100748302,37,26,0,0,0,0,1,1,"[""81213674"", ""208944506"", ""169494298"", ""107504819"", ""78795109"", ""76037021"", ""154888352"", ""157139216"", ""127620302"", ""70662462""]"
none_subset,1,215011895,196161702,43,520,0,0,0,0,0,0,"[""184091403"", ""209666551"", ""201905433"", ""188577365"", ""120597166"", ""195756368"", ""182637030"", ""182445092"", ""201671217"", ""192825043""]"
none_subset,1,225316332,176647062,46,412,0,0,0,0,0,0,"[""78570599"", ""75379104"", ""127485588"", ""104330915"", ""199589936"", ""108786028"", ""71898794"", ""214682235"", ""110700672"", ""190912236""]"
none_subset,1,154511030,133334651,43,51,0,0,0,0,0,0,"[""67063550"", ""124359099"", ""182746332"", ""192741559"", ""169778182"", ""81706080"", ""204361588"", ""201910129"", ""209156407"", ""125200893""]"
none_subset,1,186598628,151356635,4,83,0,0,0,0,0,0,"[""72045166"", ""119898461"", ""202362364"", ""76695262"", ""99699218"", ""148281605"", ""167643231"", ""199777290"", ""156382700"", ""144264277""]"
none_subset,1,209211793,182918494,64,170,0,0,0,0,0,0,"[""148414231"", ""159020740"", ""80281524"", ""186850320"", ""156692119"", ""31683521"", ""182509717"", ""60124479"", ""58475692"", ""164025251""]"
none_subset,1,166776423,142659992,64,354,0,0,0,0,0,0,"[""212527992"", ""106833257"", ""185230388"", ""208214699"", ""109908915"", ""164183551"", ""202708847"", ""105928549"", ""3654098"", ""179440048""]"
none_subset,1,224931544,214491007,4,108,0,0,0,0,0,0,"[""173008557"", ""147828982"", ""161844864"", ""155908916"", ""138898252"", ""201906192"", ""80097875"", ""184538683"", ""102233014"", ""163349092""]"
none_subset,1,206806312,182744806,4,102,0,0,0,0,0,0,"[""212086988"", ""213568542"", ""214275181"", ""210273576"", ""191505143"", ""169992252"", ""173459316"", ""173641827"", ""207819636"", ""108843981""]"
none_subset,1,24220610,22753311,4,142,0,0,0,0,0,0,"[""73118528"", ""9924656"", ""25537887"", ""207935824"", ""146976388"", ""164756819"", ""190228386"", ""66047393"", ""76135090"", ""182893664""]"
none_subset,1,133160779,112758500,57,341,0,0,0,0,0,0,"[""128244723"", ""143146395"", ""137629837"", ""134017381"", ""209330430"", ""206515366"", ""207586868"", ""200808497"", ""196325559"", ""150809308""]"
none_subset,1,193221797,165852923,43,30,0,0,0,0,1,1,"[""127635452"", ""201690715"", ""178871976"", ""57750732"", ""31477346"", ""163286400"", ""111723538"", ""123648588"", ""127203559"", ""136870511""]"
none_subset,1,177455706,144724265,57,199,0,0,0,0,0,0,"[""53902698"", ""200792281"", ""160074466"", ""194409455"", ""201949837"", ""177152495"", ""125977774"", ""205451286"", ""149204965"", ""79402696""]"
none_subset,1,224446136,212848933,46,1064,0,0,0,0,0,0,"[""197720233"", ""138326639"", ""202547061"", ""105064165"", ""211871274"", ""136715816"", ""211658085"", ""199253164"", ""206874130"", ""125545946""]"
none_subset,1,135791676,115841291,4,468,0,0,0,0,0,0,"[""188948651"", ""179909533"", ""86502666"", ""94319899"", ""115442302"", ""200206633"", ""144873888"", ""112871050"", ""145646315"", ""167254533""]"
none_subset,1,123883757,101956556,43,10,0,0,0,1,1,1,"[""202367676"", ""142700536"", ""144710651"", ""146413132"", ""196069283"", ""192774637"", ""145130578"", ""76296759"", ""196562630"", ""101956556""]"
none_subset,1,150059292,95211839,38,653,0,0,0,0,0,0,"[""97083478"", ""192721742"", ""157091884"", ""103551862"", ""188363290"", ""156424467"", ""117565422"", ""118383153"", ""186580987"", ""122407287""]"
none_subset,1,222911786,194208208,64,52,0,0,0,0,0,0,"[""73923102"", ""95477509"", ""194651505"", ""178700962"", ""76441204"", ""108096010"", ""182762792"", ""200123633"", ""128106423"", ""132691040""]"
none_subset,1,169390186,141820768,46,1204,0,0,0,0,0,0,"[""206204582"", ""133168724"", ""211762574"", ""207544514"", ""178722271"", ""207544587"", ""205315794"", ""137965076"", ""198984808"", ""197876190""]"
none_subset,1,106211796,98301531,43,31,0,0,0,0,0,1,"[""193045333"", ""100215754"", ""174103954"", ""169778182"", ""194761453"", ""88376416"", ""160598030"", ""145708285"", ""130556843"", ""192564854""]"
none_subset,1,207822121,168368413,37,1472,0,0,0,0,0,0,"[""143161006"", ""201869799"", ""161194648"", ""105586047"", ""39048064"", ""110655675"", ""174037381"", ""212047029"", ""192312279"", ""121642534""]"
none_subset,1,173952741,137448907,64,6,0,0,0,1,1,1,"[""128085943"", ""160842974"", ""132328232"", ""126182257"", ""210298620"", ""137448907"", ""122175441"", ""109908915"", ""151630608"", ""208439755""]"
none_subset,1,132397105,115405939,38,30,0,0,0,0,1,1,"[""350786"", ""126816860"", ""114055239"", ""150005617"", ""25899558"", ""205428792"", ""70118559"", ""176682595"", ""88908742"", ""77338935""]"
none_subset,1,187845660,157944770,38,1390,0,0,0,0,0,0,"[""113999751"", ""130075591"", ""140048877"", ""174530040"", ""127539785"", ""28399802"", ""140610901"", ""174755222"", ""191338884"", ""177325365""]"
none_subset,1,73239570,76736407,43,124,0,0,0,0,0,0,"[""205287113"", ""13748467"", ""74830022"", ""60674498"", ""140852862"", ""54164127"", ""132568100"", ""57715433"", ""81062645"", ""164864495""]"
none_subset,1,112714474,47487946,4,132,0,0,0,0,0,0,"[""142085087"", ""134514910"", ""62845465"", ""142456567"", ""202360528"", ""93127365"", ""88781085"", ""181206759"", ""90543409"", ""176334578""]"
none_subset,1,41177759,35986236,62,1204,0,0,0,0,0,0,"[""121052246"", ""142832546"", ""205954355"", ""138319800"", ""114525243"", ""150251996"", ""133902877"", ""163921015"", ""106934942"", ""38312606""]"
none_subset,1,215955530,196599979,38,662,0,0,0,0,0,0,"[""192468068"", ""70243236"", ""102259203"", ""186215206"", ""156160419"", ""179448345"", ""145624721"", ""196742641"", ""208643724"", ""109035411""]"
none_subset,1,161642740,31677187,57,388,0,0,0,0,0,0,"[""53934345"", ""110563932"", ""22981052"", ""134704180"", ""70631789"", ""99531049"", ""211430629"", ""153152780"", ""112749539"", ""60780873""]"
none_subset,1,181662774,136435762,64,303,0,0,0,0,0,0,"[""146630451"", ""187986270"", ""152368817"", ""128607088"", ""136385009"", ""187708913"", ""192954488"", ""153356810"", ""132097649"", ""214177512""]"
none_subset,1,194698210,161492615,62,650,0,0,0,0,0,0,"[""155955578"", ""203439833"", ""208436202"", ""149610279"", ""154677877"", ""184405626"", ""75068139"", ""123858078"", ""200372143"", ""50662129""]"
none_subset,1,224551342,210587193,37,851,0,0,0,0,0,0,"[""146869816"", ""202101807"", ""202857509"", ""61710118"", ""144537637"", ""140526387"", ""153610553"", ""138625062"", ""158435107"", ""149216805""]"
none_subset,1,219551975,123336352,4,139,0,0,0,0,0,0,"[""145646315"", ""58216709"", ""179569445"", ""215305148"", ""195744792"", ""172884595"", ""138898252"", ""171159402"", ""159511008"", ""185360306""]"
none_subset,1,171938037,142067377,57,76,0,0,0,0,0,0,"[""109045133"", ""201562377"", ""128908900"", ""175850879"", ""166225948"", ""191662985"", ""171686923"", ""99472835"", ""207301406"", ""207541431""]"
none_subset,1,176837709,144751910,43,133,0,0,0,0,0,0,"[""204158311"", ""182659497"", ""167164193"", ""139853041"", ""122715243"", ""102607958"", ""81376188"", ""118484592"", ""123492526"", ""207851646""]"
none_subset,1,214259253,193951937,4,20,0,0,0,0,1,1,"[""214085481"", ""211901995"", ""164194074"", ""188665796"", ""96054821"", ""151010427"", ""207534566"", ""135783987"", ""133966108"", ""135720410""]"
none_subset,1,211203351,190161584,4,328,0,0,0,0,0,0,"[""185880119"", ""177056777"", ""193369779"", ""195510728"", ""179962753"", ""163340296"", ""146764647"", ""197090565"", ""191316160"", ""193021423""]"
none_subset,1,222583311,208856053,46,11,0,0,0,0,1,1,"[""210836917"", ""148055243"", ""187591614"", ""173832017"", ""203677273"", ""172604491"", ""190230714"", ""201647833"", ""209744189"", ""159203778""]"
none_subset,1,216702719,94195633,43,437,0,0,0,0,0,0,"[""148294908"", ""196069283"", ""77390218"", ""202216480"", ""192774637"", ""166329703"", ""177067604"", ""203338637"", ""123633665"", ""187717589""]"
none_subset,1,80321582,75263094,4,31,0,0,0,0,0,1,"[""194022496"", ""161159839"", ""173965616"", ""19861371"", ""192741039"", ""191209763"", ""71990231"", ""22766945"", ""100087840"", ""213979278""]"
none_subset,1,219184191,154897282,64,8,0,0,0,1,1,1,"[""146444401"", ""133214115"", ""152368817"", ""208682751"", ""151366408"", ""128607088"", ""146896479"", ""154897282"", ""173605646"", ""19607163""]"
none_subset,1,183176780,110198506,64,12,0,0,0,0,1,1,"[""166141828"", ""185451532"", ""106833257"", ""210923456"", ""112056185"", ""164183551"", ""96431966"", ""185454425"", ""211987351"", ""148445574""]"
none_subset,1,171056375,144654385,57,1124,0,0,0,0,0,0,"[""181569834"", ""163920861"", ""179462185"", ""214268689"", ""135810804"", ""200018099"", ""208325822"", ""12178696"", ""141707543"", ""208325828""]"
none_subset,1,211145215,65008311,64,268,0,0,0,0,0,0,"[""131569653"", ""83781980"", ""152189504"", ""95857401"", ""70939079"", ""189365972"", ""174340250"", ""96029631"", ""138968477"", ""173622957""]"
none_subset,1,143335274,124948775,64,129,0,0,0,0,0,0,"[""186850320"", ""63861102"", ""58475692"", ""140676990"", ""201421429"", ""104389677"", ""151526168"", ""172848022"", ""155183786"", ""208220087""]"
none_subset,1,210317700,167242346,43,76,0,0,0,0,0,0,"[""147117418"", ""178810275"", ""210446436"", ""181955635"", ""193482080"", ""119499591"", ""176475069"", ""186403472"", ""202233335"", ""151416547""]"
none_subset,1,125302687,110172598,46,9,0,0,0,1,1,1,"[""14803919"", ""76358493"", ""160982012"", ""201742113"", ""111118568"", ""213381319"", ""109663807"", ""208805613"", ""110172598"", ""170374096""]"
none_subset,1,197712540,167148116,62,656,0,0,0,0,0,0,"[""51213351"", ""211318916"", ""32263557"", ""100338720"", ""195540973"", ""6204449"", ""83142233"", ""191516840"", ""201053460"", ""119760694""]"
none_subset,1,181405760,150670825,57,85,0,0,0,0,0,0,"[""122751221"", ""115422067"", ""57499088"", ""113601078"", ""145872351"", ""195347666"", ""82247874"", ""141728487"", ""77978056"", ""116672568""]"
none_subset,1,195131888,162230699,37,479,0,0,0,0,0,0,"[""153367008"", ""93720497"", ""150173254"", ""146393296"", ""120036086"", ""144974780"", ""71957357"", ""53410176"", ""130515422"", ""184071121""]"
none_subset,1,222357683,210741382,64,33,0,0,0,0,0,1,"[""199186089"", ""211669271"", ""199310873"", ""196287148"", ""212092681"", ""192179303"", ""200505701"", ""191946769"", ""197322277"", ""212267410""]"
none_subset,1,225334106,194687988,64,2,0,1,1,1,1,1,"[""126904794"", ""194687988"", ""178918657"", ""206213762"", ""143362090"", ""160006498"", ""215021282"", ""152337991"", ""91835393"", ""173784548""]"
none_subset,1,217966035,188236265,43,303,0,0,0,0,0,0,"[""202626349"", ""210037205"", ""192996306"", ""203424512"", ""185851616"", ""195224828"", ""180428174"", ""182399428"", ""212129667"", ""203348372""]"
none_subset,1,183894489,155062344,4,41,0,0,0,0,0,1,"[""193729388"", ""190789377"", ""194142299"", ""178139392"", ""125616982"", ""191909632"", ""193413498"", ""191216846"", ""182361800"", ""117471262""]"
none_subset,1,205157486,178025991,38,151,0,0,0,0,0,0,"[""131987856"", ""156927480"", ""37709032"", ""55254920"", ""83459172"", ""207100353"", ""155947772"", ""154435792"", ""183859423"", ""177589338""]"
none_subset,1,218060720,202888371,4,53,0,0,0,0,0,0,"[""195539587"", ""151875588"", ""189844318"", ""207143420"", ""197294044"", ""105240256"", ""190777127"", ""196842418"", ""187502252"", ""207099729""]"
none_subset,1,224066335,209924661,46,1,1,1,1,1,1,1,"[""209924661"", ""138969017"", ""210829117"", ""61233280"", ""212208758"", ""133461188"", ""76370473"", ""100881714"", ""199253164"", ""81754384""]"
none_subset,1,216604034,200072530,4,547,0,0,0,0,0,0,"[""191216846"", ""190594964"", ""194142299"", ""196167891"", ""210958855"", ""196026500"", ""191630851"", ""191627911"", ""160129846"", ""192424356""]"
none_subset,1,218016737,159848607,38,905,0,0,0,0,0,0,"[""159013209"", ""139117589"", ""206918840"", ""177904480"", ""106027581"", ""198984787"", ""124226339"", ""48122067"", ""166298317"", ""58573176""]"
none_subset,1,177566239,141237052,57,1990,0,0,0,0,0,0,"[""153321595"", ""173797071"", ""212895565"", ""152200569"", ""180302528"", ""178369063"", ""209125579"", ""203550692"", ""107527615"", ""130403648""]"
none_subset,1,191371158,163870082,38,660,0,0,0,0,0,0,"[""91690080"", ""180347138"", ""109987226"", ""79742438"", ""122849837"", ""176796563"", ""147686192"", ""204224738"", ""167575814"", ""192315877""]"
none_subset,1,216909918,188573311,57,754,0,0,0,0,0,0,"[""153321595"", ""121588049"", ""134702798"", ""181594395"", ""119144884"", ""157221850"", ""132146813"", ""207589156"", ""110518281"", ""186634062""]"
none_subset,1,125376573,111118568,46,2,0,1,1,1,1,1,"[""174623464"", ""111118568"", ""180749212"", ""213744352"", ""106830010"", ""161497124"", ""205368126"", ""160547557"", ""77995654"", ""129447301""]"
none_subset,1,211984624,191257698,43,1806,0,0,0,0,0,0,"[""163505137"", ""48040967"", ""204664629"", ""183407909"", ""178682090"", ""160058303"", ""164285938"", ""186098084"", ""206707474"", ""188230609""]"
none_subset,1,221392704,184422473,64,2,0,1,1,1,1,1,"[""121706760"", ""184422473"", ""198307794"", ""151630608"", ""157122738"", ""116423938"", ""100293557"", ""178000493"", ""108386270"", ""145779083""]"
none_subset,1,136745457,33852949,43,32,0,0,0,0,0,1,"[""143989763"", ""106625864"", ""16074591"", ""193313194"", ""210940174"", ""118255723"", ""183295863"", ""104265595"", ""188398971"", ""144482097""]"
none_subset,1,220737012,181958298,64,560,0,0,0,0,0,0,"[""179015555"", ""116380815"", ""133870534"", ""152368057"", ""103416735"", ""152189504"", ""143752488"", ""198088605"", ""183642716"", ""138115654""]"
none_subset,1,221849722,209933189,64,35,0,0,0,0,0,1,"[""171898096"", ""126589451"", ""56376408"", ""153434885"", ""112345894"", ""179440048"", ""137644883"", ""167643333"", ""211309611"", ""106833257""]"
none_subset,1,217724128,188901420,43,1900,0,0,0,0,0,0,"[""201671217"", ""209666551"", ""201905433"", ""184091403"", ""194288073"", ""213483404"", ""207732639"", ""185360446"", ""137241438"", ""198054092""]"
none_subset,1,165441643,140335234,43,40,0,0,0,0,0,1,"[""148487136"", ""84074518"", ""211539337"", ""98800023"", ""130556843"", ""98301531"", ""208645724"", ""158387518"", ""79844098"", ""129711936""]"
none_subset,1,225238925,207720671,4,692,0,0,0,0,0,0,"[""182581077"", ""207097865"", ""194142299"", ""181054833"", ""206636227"", ""194160187"", ""197090565"", ""200589462"", ""192410120"", ""200026065""]"
none_subset,1,180492830,139771827,64,1305,0,0,0,0,0,0,"[""153356810"", ""188679044"", ""115988300"", ""66909154"", ""76676235"", ""120966979"", ""181214144"", ""187330722"", ""151134804"", ""137043393""]"
none_subset,1,204939461,176953234,43,740,0,0,0,0,0,0,"[""7448774"", ""139780746"", ""143916804"", ""140231935"", ""59547777"", ""173758947"", ""107331925"", ""163664846"", ""199520065"", ""200579130""]"
none_subset,1,182802597,152102790,37,423,0,0,0,0,0,0,"[""213471023"", ""163474582"", ""120040052"", ""14688074"", ""152508279"", ""113644569"", ""96028215"", ""129519764"", ""172603509"", ""78795109""]"
none_subset,1,211080371,190061959,57,131,0,0,0,0,0,0,"[""207134458"", ""202223376"", ""202655316"", ""186151702"", ""211768637"", ""174257554"", ""195330826"", ""193981972"", ""209640231"", ""202358315""]"
none_subset,1,219228373,193632638,4,484,0,0,0,0,0,0,"[""169715410"", ""206007161"", ""206506678"", ""206016133"", ""211664992"", ""139821075"", ""190228386"", ""191183275"", ""123069558"", ""73118528""]"
none_subset,1,215904390,197656203,37,1060,0,0,0,0,0,0,"[""144899760"", ""25189123"", ""208944506"", ""113068731"", ""185905678"", ""106674292"", ""89720897"", ""207846338"", ""174690214"", ""17206468""]"
none_subset,1,60853867,58109729,64,35,0,0,0,0,0,1,"[""35251424"", ""119531435"", ""214758060"", ""211475437"", ""197041759"", ""148979593"", ""193135598"", ""174340250"", ""131654306"", ""103416735""]"
none_subset,1,216258569,199310873,64,29,0,0,0,0,1,1,"[""198087057"", ""213362149"", ""148743441"", ""208747261"", ""195252307"", ""202548043"", ""188379837"", ""195197898"", ""119491080"", ""14286061""]"
none_subset,1,208697129,156534875,57,522,0,0,0,0,0,0,"[""170340056"", ""142078023"", ""82074015"", ""157037775"", ""99750205"", ""140724590"", ""100527593"", ""103100336"", ""138727053"", ""209587784""]"
none_subset,1,221332807,204074548,37,10,0,0,0,1,1,1,"[""186270944"", ""164430683"", ""208199932"", ""202170903"", ""151940120"", ""156966536"", ""213850673"", ""142288515"", ""209132129"", ""204074548""]"
none_subset,1,158468230,137553795,46,433,0,0,0,0,0,0,"[""194491667"", ""194136520"", ""142410249"", ""194933430"", ""195996779"", ""211441313"", ""199522143"", ""195309442"", ""194138608"", ""115290677""]"
none_subset,1,154712745,120183732,4,1213,0,0,0,0,0,0,"[""76515539"", ""107717290"", ""213275113"", ""166106900"", ""22753311"", ""206012998"", ""202190653"", ""162653386"", ""86878993"", ""199834780""]"
none_subset,1,195774572,147879067,4,323,0,0,0,0,0,0,"[""211664992"", ""197357069"", ""205025057"", ""195078342"", ""213084008"", ""144046125"", ""200198172"", ""179585446"", ""139479783"", ""123069558""]"
none_subset,1,59898931,62581454,64,44,0,0,0,0,0,1,"[""211959757"", ""70397289"", ""156281163"", ""184399585"", ""146928282"", ""127927081"", ""155116255"", ""156686105"", ""143663551"", ""211882934""]"
none_subset,1,155749420,122781311,64,472,0,0,0,0,0,0,"[""202527449"", ""208560031"", ""171898096"", ""88248087"", ""19148525"", ""213697817"", ""136210244"", ""212225448"", ""174340250"", ""212458263""]"
none_subset,1,47011899,40866643,43,1,1,1,1,1,1,1,"[""40866643"", ""186702404"", ""200611512"", ""189625872"", ""162972233"", ""196383606"", ""198423070"", ""123170607"", ""191701840"", ""160542632""]"
none_subset,1,220696295,177473283,38,465,0,0,0,0,0,0,"[""63839835"", ""151407481"", ""25706087"", ""81220432"", ""66259210"", ""93265631"", ""188362913"", ""208718442"", ""61517646"", ""214151471""]"
none_subset,1,194762119,166095870,64,84,0,0,0,0,0,0,"[""114231099"", ""99419773"", ""84069250"", ""155116255"", ""152209904"", ""197129998"", ""171357717"", ""160006498"", ""94996847"", ""152337991""]"
none_subset,1,190084968,175993606,43,357,0,0,0,0,0,0,"[""160542632"", ""140754805"", ""186702404"", ""190049158"", ""158885545"", ""183279101"", ""135871857"", ""81376188"", ""181981190"", ""152958042""]"
none_subset,1,217507926,201534877,43,176,0,0,0,0,0,0,"[""136136174"", ""210797098"", ""188378226"", ""196286515"", ""178382077"", ""213430450"", ""198017996"", ""189547099"", ""157207065"", ""170439536""]"
none_subset,1,187617614,159982314,64,120,0,0,0,0,0,0,"[""191710817"", ""167388732"", ""182426229"", ""99916433"", ""206294617"", ""142231631"", ""85531879"", ""12224624"", ""133623259"", ""81240114""]"
none_subset,1,223179145,190160674,38,48,0,0,0,0,0,1,"[""178462865"", ""119135437"", ""158493521"", ""194853957"", ""16689432"", ""57745679"", ""72340257"", ""190453683"", ""210619922"", ""158650746""]"
none_subset,1,220373799,206798127,64,413,0,0,0,0,0,0,"[""154046140"", ""200883111"", ""154049018"", ""213107525"", ""158126671"", ""145930227"", ""153271284"", ""161391861"", ""197129848"", ""200250551""]"
none_subset,1,223637559,212901239,62,127,0,0,0,0,0,0,"[""204577887"", ""211070786"", ""213858912"", ""193453139"", ""214685308"", ""201240617"", ""212090087"", ""198039882"", ""191604760"", ""196478095""]"
none_subset,1,19986897,10714728,64,41,0,0,0,0,0,1,"[""31683521"", ""113850105"", ""107088593"", ""143686140"", ""58475692"", ""22233025"", ""138273912"", ""67998486"", ""149253481"", ""60124479""]"
none_subset,1,63969546,67127804,38,299,0,0,0,0,0,0,"[""69350726"", ""58573176"", ""89552272"", ""145629363"", ""186580987"", ""111184822"", ""209258995"", ""147395901"", ""145998937"", ""149343290""]"
none_subset,1,221395948,195898137,64,71,0,0,0,0,0,0,"[""74162951"", ""143686140"", ""130295558"", ""125019219"", ""82453175"", ""147667682"", ""122401626"", ""63404553"", ""75760627"", ""149828506""]"
none_subset,1,198661128,155560065,62,698,0,0,0,0,0,0,"[""186141115"", ""79802279"", ""84455640"", ""207091282"", ""113925741"", ""52577956"", ""132774570"", ""138729090"", ""172407071"", ""170918707""]"
none_subset,1,199354315,173166016,46,787,0,0,0,0,0,0,"[""144044758"", ""202085297"", ""204616029"", ""180749212"", ""209067761"", ""88450497"", ""173222203"", ""195079694"", ""174705087"", ""160547557""]"
none_subset,1,204929841,67115226,64,594,0,0,0,0,0,0,"[""151821517"", ""126992314"", ""93630964"", ""161581546"", ""203403083"", ""106247745"", ""121756376"", ""193734151"", ""182224096"", ""121664928""]"
none_subset,1,199541886,172059519,57,166,0,0,0,0,0,0,"[""196245087"", ""149204965"", ""186151702"", ""191244076"", ""86238073"", ""128942017"", ""17116273"", ""177610534"", ""62696356"", ""205642823""]"
none_subset,1,120091890,104119068,38,428,0,0,0,0,0,0,"[""8550716"", ""110664117"", ""61517646"", ""179876069"", ""158600836"", ""214394715"", ""117565422"", ""150241983"", ""188362913"", ""213205324""]"
none_subset,1,219449591,203022989,46,709,0,0,0,0,0,0,"[""212530716"", ""143182122"", ""193512680"", ""102764457"", ""171578170"", ""199073995"", ""179533802"", ""205168224"", ""157471709"", ""190224714""]"
none_subset,1,209514176,119015902,64,49,0,0,0,0,0,1,"[""146444401"", ""156679320"", ""211987676"", ""124648849"", ""34963044"", ""188128198"", ""85881610"", ""187986274"", ""123687478"", ""194941994""]"
none_subset,1,222606760,211170774,4,4,0,0,1,1,1,1,"[""195596465"", ""187219867"", ""102246788"", ""211170774"", ""192874247"", ""213292202"", ""159850846"", ""196558620"", ""185851022"", ""209268749""]"
none_subset,1,214779256,192255903,37,29,0,0,0,0,1,1,"[""213471023"", ""191137542"", ""215022412"", ""190316113"", ""201734577"", ""144029506"", ""191097656"", ""206412545"", ""94966858"", ""195296935""]"
none_subset,1,63429749,67999092,43,83,0,0,0,0,0,0,"[""188690647"", ""61394763"", ""44768555"", ""201647231"", ""167879223"", ""99689774"", ""203411518"", ""178850565"", ""129585321"", ""201999245""]"
none_subset,1,223262607,212118908,62,164,0,0,0,0,0,0,"[""178530215"", ""191982155"", ""141461627"", ""194031762"", ""209163264"", ""208938354"", ""191313815"", ""198384646"", ""206927728"", ""185886914""]"
none_subset,1,223062012,19300541,64,77,0,0,0,0,0,0,"[""210923456"", ""200016831"", ""164183551"", ""105928549"", ""76051036"", ""156400594"", ""175798105"", ""185413694"", ""148445574"", ""102928739""]"
none_subset,1,220432170,207152337,64,712,0,0,0,0,0,0,"[""144657143"", ""201033612"", ""152012529"", ""101586852"", ""169742657"", ""192891016"", ""200030150"", ""161391861"", ""160548233"", ""162550857""]"
none_subset,1,153737395,111074216,43,615,0,0,0,0,0,0,"[""55350013"", ""183640029"", ""166344121"", ""154676816"", ""139961406"", ""75960684"", ""99130868"", ""141726609"", ""101617365"", ""210978962""]"
none_subset,1,194696163,167520346,37,125,0,0,0,0,0,0,"[""117685268"", ""192323302"", ""200869738"", ""136980007"", ""213379343"", ""138383384"", ""115463757"", ""193401439"", ""189777046"", ""80032224""]"
none_subset,1,200983608,172966334,46,6,0,0,0,1,1,1,"[""206673825"", ""205545277"", ""215506263"", ""202166206"", ""211122713"", ""172966334"", ""204958677"", ""212905783"", ""176936173"", ""176936176""]"
none_subset,1,189277523,155652617,37,684,0,0,0,0,0,0,"[""192163385"", ""121206303"", ""92247640"", ""195740726"", ""114171070"", ""51749408"", ""117410846"", ""19283629"", ""115668354"", ""188918346""]"
none_subset,1,183819308,75267159,38,172,0,0,0,0,0,0,"[""156470070"", ""179000829"", ""134908634"", ""203991000"", ""192510359"", ""136280716"", ""169186989"", ""203712106"", ""213648542"", ""159326492""]"
none_subset,1,210681464,75207324,62,183,0,0,0,0,0,0,"[""73570160"", ""165226777"", ""127682307"", ""210326667"", ""123163861"", ""145496839"", ""213858568"", ""205137345"", ""187064730"", ""210017823""]"
none_subset,1,186491148,158909023,43,701,0,0,0,0,0,0,"[""192942930"", ""128075960"", ""170651164"", ""139961406"", ""193746203"", ""111061767"", ""121114555"", ""205682935"", ""190535337"", ""210836910""]"
none_subset,1,154201548,133490841,38,1179,0,0,0,0,0,0,"[""74273124"", ""45579165"", ""184109870"", ""66287825"", ""12905940"", ""31197704"", ""6679232"", ""120957343"", ""45766945"", ""207100353""]"
none_subset,1,195131076,156352803,62,1928,0,0,0,0,0,0,"[""149971080"", ""136965396"", ""134618566"", ""200747175"", ""209151724"", ""208252625"", ""183000607"", ""213858912"", ""197008246"", ""197595797""]"
none_subset,1,216519335,191134281,43,204,0,0,0,0,0,0,"[""189984269"", ""209862942"", ""120673072"", ""143611276"", ""65032628"", ""143840744"", ""104343956"", ""198078019"", ""18118516"", ""72644649""]"
none_subset,1,41044823,44855147,46,44,0,0,0,0,0,1,"[""123314603"", ""137142760"", ""181810712"", ""201991995"", ""70517064"", ""145585718"", ""188405182"", ""202329514"", ""151511658"", ""113503537""]"
none_subset,1,219470687,194555128,38,910,0,0,0,0,0,0,"[""74254168"", ""190049907"", ""207100353"", ""194239845"", ""37709032"", ""193054363"", ""149637319"", ""133136953"", ""212014102"", ""126267299""]"
none_subset,1,166718305,130215350,37,440,0,0,0,0,0,0,"[""188918346"", ""23924949"", ""69814974"", ""77617528"", ""51749408"", ""172603509"", ""139391729"", ""19283629"", ""96028215"", ""205328844""]"
none_subset,1,204251465,178340158,46,2601,0,0,0,0,0,0,"[""135605303"", ""138326639"", ""167776566"", ""125545946"", ""169485140"", ""169602941"", ""71828722"", ""203313787"", ""79988383"", ""197720233""]"
none_subset,1,81931046,44331632,4,2350,0,0,0,0,0,0,"[""81303195"", ""50750891"", ""205405501"", ""171902128"", ""209208627"", ""192717783"", ""142456567"", ""177466971"", ""114282417"", ""209665990""]"
none_subset,1,131319203,113130959,46,368,0,0,0,0,0,0,"[""78094109"", ""176647062"", ""12880586"", ""202480156"", ""182917310"", ""172250706"", ""144964708"", ""79166546"", ""180829317"", ""159989114""]"
none_subset,1,219931559,163474582,37,19,0,0,0,0,1,1,"[""139391729"", ""113199607"", ""125547800"", ""79631849"", ""144072581"", ""193030442"", ""37024390"", ""190555289"", ""117410846"", ""53389573""]"
none_subset,1,165243285,115621700,64,120,0,0,0,0,0,0,"[""125561073"", ""138803213"", ""181619566"", ""82429709"", ""109707327"", ""126848368"", ""195516069"", ""126298952"", ""60032340"", ""170931595""]"
none_subset,1,178539683,148170791,64,77,0,0,0,0,0,0,"[""152603802"", ""112345894"", ""105144259"", ""144073843"", ""111626622"", ""32842438"", ""70627695"", ""164183551"", ""67792301"", ""192550031""]"
none_subset,1,222658414,207485550,46,32,0,0,0,0,0,1,"[""105148782"", ""62458353"", ""140827649"", ""64234906"", ""158946684"", ""141876515"", ""198454182"", ""100503293"", ""157916182"", ""204630509""]"
none_subset,1,217352658,206437660,38,9,0,0,0,1,1,1,"[""159013209"", ""139117589"", ""210930251"", ""79223401"", ""100928327"", ""48122067"", ""172497242"", ""130875451"", ""206437660"", ""177904480""]"
none_subset,1,103718127,96028215,37,15,0,0,0,0,1,1,"[""152508279"", ""92247640"", ""136371572"", ""51138626"", ""121841349"", ""184320957"", ""131943838"", ""208575799"", ""76841920"", ""192387012""]"
none_subset,1,162456671,138969017,46,394,0,0,0,0,0,0,"[""215475381"", ""158115780"", ""138179744"", ""129879441"", ""186116554"", ""123341476"", ""66211329"", ""133780489"", ""165073004"", ""199718807""]"
none_subset,1,216674479,198492434,43,1787,0,0,0,0,0,0,"[""157289534"", ""46376130"", ""170198428"", ""45170082"", ""207792788"", ""162612749"", ""109929805"", ""102284553"", ""192383943"", ""208158106""]"
none_subset,1,139603810,111705025,64,354,0,0,0,0,0,0,"[""211980241"", ""124531646"", ""158680148"", ""109320323"", ""95788322"", ""156694576"", ""210923456"", ""91451711"", ""170141541"", ""154504845""]"
none_subset,1,221098990,208436202,62,4,0,0,1,1,1,1,"[""212118908"", ""193966259"", ""205216281"", ""208436202"", ""210570006"", ""203449670"", ""203439833"", ""197247155"", ""200166708"", ""12983284""]"
none_subset,1,211110760,190110099,38,358,0,0,0,0,0,0,"[""202818877"", ""166558139"", ""6679232"", ""98477697"", ""68256896"", ""20918033"", ""182369007"", ""66287825"", ""196915199"", ""213992866""]"
none_subset,1,180857019,123694454,62,1255,0,0,0,0,0,0,"[""91322924"", ""155721266"", ""72763415"", ""191802528"", ""137665706"", ""181005573"", ""161492615"", ""152017732"", ""148871348"", ""113590470""]"
none_subset,1,219859647,195568098,38,292,0,0,0,0,0,0,"[""138359325"", ""98186259"", ""168804724"", ""210930251"", ""100928327"", ""146798535"", ""191063391"", ""70662551"", ""156481100"", ""186580987""]"
none_subset,1,198986504,172642297,4,311,0,0,0,0,0,0,"[""129527350"", ""205356216"", ""19226881"", ""213125259"", ""210958855"", ""210871478"", ""190594964"", ""179532049"", ""199777290"", ""159093227""]"
none_subset,1,30856844,29076426,57,596,0,0,0,0,0,0,"[""111600891"", ""23266957"", ""75778769"", ""178650612"", ""173028003"", ""72504192"", ""65120893"", ""171245380"", ""142314656"", ""191244076""]"
none_subset,1,165345006,112030355,4,647,0,0,0,0,0,0,"[""208958120"", ""214085481"", ""205244315"", ""211858811"", ""202016099"", ""215580343"", ""143547772"", ""212819052"", ""133966108"", ""177635652""]"
none_subset,1,182336608,152542463,4,124,0,0,0,0,0,0,"[""191461282"", ""158175855"", ""16847694"", ""181672704"", ""154359018"", ""152028023"", ""157367139"", ""160037231"", ""178305613"", ""133755220""]"
none_subset,1,186098484,136188138,43,135,0,0,0,0,0,0,"[""156395019"", ""160598030"", ""39026970"", ""113199180"", ""137771001"", ""57750732"", ""100262049"", ""100333045"", ""192564854"", ""89403432""]"
none_subset,1,179980581,151344613,46,459,0,0,0,0,0,0,"[""59914246"", ""52439531"", ""126613385"", ""192440420"", ""192263637"", ""193541472"", ""110353210"", ""79809742"", ""188529439"", ""75642384""]"
none_subset,1,211355631,184293865,37,1990,0,0,0,0,0,0,"[""195296935"", ""191911000"", ""210226726"", ""187719393"", ""131961169"", ""215022412"", ""188994423"", ""211802210"", ""190788965"", ""195583647""]"
none_subset,1,161242216,132026257,37,944,0,0,0,0,0,0,"[""105298093"", ""147698835"", ""169257920"", ""30218348"", ""57231571"", ""137036263"", ""167092117"", ""116929460"", ""152569501"", ""50482792""]"
none_subset,1,190560020,142502266,43,1769,0,0,0,0,0,0,"[""74830022"", ""164793357"", ""15015983"", ""138958806"", ""205287113"", ""140852862"", ""207597374"", ""141669650"", ""138777843"", ""192574680""]"
none_subset,1,69113424,60246968,57,343,0,0,0,0,0,0,"[""121588049"", ""139482893"", ""132146813"", ""120014593"", ""39081418"", ""159050136"", ""46330390"", ""181594395"", ""163023182"", ""175340511""]"
none_subset,1,185411772,156513351,37,599,0,0,0,0,0,0,"[""213471023"", ""141241455"", ""192163385"", ""209543868"", ""209118001"", ""174160467"", ""137062195"", ""188918346"", ""134046020"", ""126767199""]"
none_subset,1,202861496,177515764,57,28,0,0,0,0,1,1,"[""209082310"", ""212470393"", ""210440269"", ""195530341"", ""173433055"", ""211155533"", ""209393238"", ""207501600"", ""211212706"", ""180561579""]"
none_subset,1,176803150,143477720,57,254,0,0,0,0,0,0,"[""183993242"", ""37599926"", ""115438401"", ""59115303"", ""121902729"", ""114861890"", ""152213594"", ""199897240"", ""165637321"", ""136519761""]"
none_subset,1,150385859,123931108,37,185,0,0,0,0,0,0,"[""126929630"", ""133924998"", ""166280219"", ""98128705"", ""138291906"", ""200025016"", ""121841349"", ""155926657"", ""165637927"", ""214708320""]"
none_subset,1,216868287,192721742,38,417,0,0,0,0,0,0,"[""99824538"", ""192992682"", ""70662551"", ""165832126"", ""90207738"", ""80604101"", ""153387624"", ""79223401"", ""188800913"", ""194509803""]"
none_subset,1,174350883,132691040,64,492,0,0,0,0,0,0,"[""31683521"", ""136714774"", ""48108527"", ""101224348"", ""107088593"", ""133538807"", ""63861102"", ""95730598"", ""124381822"", ""179521185""]"
none_subset,1,185800330,154928608,4,48,0,0,0,0,0,1,"[""154267881"", ""146961197"", ""137934343"", ""213979278"", ""65093674"", ""56134226"", ""215198902"", ""44858664"", ""77968334"", ""156456714""]"
none_subset,1,223830881,212907091,37,233,0,0,0,0,0,0,"[""173981806"", ""209172335"", ""33563950"", ""156905299"", ""190511714"", ""184297463"", ""212356952"", ""193680819"", ""134616563"", ""118848444""]"
none_subset,1,175129233,148649464,4,725,0,0,0,0,0,0,"[""22766945"", ""213979278"", ""19130713"", ""146961197"", ""88119764"", ""188761133"", ""174770035"", ""77968334"", ""192757426"", ""123881493""]"
none_subset,1,166787151,141175087,4,108,0,0,0,0,0,0,"[""173055109"", ""16847694"", ""164940716"", ""170267536"", ""156633369"", ""144373105"", ""122564854"", ""187964382"", ""122594682"", ""116799517""]"
none_subset,1,178702003,145336514,37,133,0,0,0,0,0,0,"[""150612100"", ""194551250"", ""193943543"", ""110655675"", ""101318206"", ""127087324"", ""161632409"", ""188445122"", ""201869799"", ""189064377""]"
none_subset,1,223621349,211355598,43,2862,0,0,0,0,0,0,"[""44768555"", ""167879223"", ""203411518"", ""212952645"", ""159900716"", ""201647231"", ""182010866"", ""74204224"", ""99689774"", ""110104374""]"
none_subset,1,132618727,115580201,64,333,0,0,0,0,0,0,"[""10208777"", ""190167812"", ""119011216"", ""212293169"", ""211861347"", ""204732209"", ""119531435"", ""100918535"", ""190174399"", ""190043031""]"
none_subset,1,215754265,193134463,64,288,0,0,0,0,0,0,"[""115988300"", ""153356810"", ""201421429"", ""215372928"", ""176873473"", ""138115654"", ""116380815"", ""119643934"", ""151637598"", ""147984435""]"
none_subset,1,215206264,183024716,38,250,0,0,0,0,0,0,"[""19105395"", ""189745383"", ""188178632"", ""167340132"", ""123302549"", ""174760342"", ""93923477"", ""120501914"", ""152717874"", ""167877470""]"
none_subset,1,54901010,62313025,64,691,0,0,0,0,0,0,"[""148414231"", ""80281524"", ""156194814"", ""83985248"", ""179201033"", ""60032340"", ""138803213"", ""154092208"", ""125561073"", ""151526168""]"
none_subset,1,207186479,182569606,64,873,0,0,0,0,0,0,"[""132119758"", ""92304326"", ""77671900"", ""112902032"", ""179200790"", ""135599268"", ""146495081"", ""94325271"", ""144366134"", ""127488797""]"
none_subset,1,217527501,201852288,43,81,0,0,0,0,0,0,"[""201905433"", ""201671217"", ""207732639"", ""137241438"", ""209666551"", ""184091403"", ""213483404"", ""209286657"", ""132795249"", ""200173512""]"
none_subset,1,95134984,91338793,64,148,0,0,0,0,0,0,"[""152603802"", ""144073843"", ""111626622"", ""70627695"", ""48108527"", ""110198506"", ""67792301"", ""112345894"", ""105144259"", ""198240527""]"
none_subset,1,222248279,132097649,64,179,0,0,0,0,0,0,"[""148414231"", ""125561073"", ""138803213"", ""60032340"", ""194094670"", ""80281524"", ""118284407"", ""125668173"", ""103416735"", ""204824313""]"
none_subset,1,224932111,213377880,37,2088,0,0,0,0,0,0,"[""160553641"", ""185756838"", ""170992936"", ""215320383"", ""166772714"", ""195379499"", ""205465612"", ""161417702"", ""204161065"", ""209241153""]"
none_subset,1,200099867,171331353,57,47,0,0,0,0,0,1,"[""107527615"", ""191497108"", ""134898435"", ""145618732"", ""207769474"", ""151871480"", ""199479829"", ""204632529"", ""196946701"", ""209125579""]"
none_subset,1,28890480,29496516,37,44,0,0,0,0,0,1,"[""95030361"", ""21114364"", ""105224939"", ""5322119"", ""187819119"", ""14688074"", ""45171964"", ""66740441"", ""145609273"", ""18153773""]"
none_subset,1,188485991,129428290,57,1671,0,0,0,0,0,0,"[""183993242"", ""165637321"", ""107527374"", ""110306995"", ""121902729"", ""199897240"", ""31932356"", ""114861890"", ""100527593"", ""139191535""]"
none_subset,1,223990067,213503390,46,84,0,0,0,0,0,0,"[""201436985"", ""212730825"", ""105346807"", ""195720861"", ""160673739"", ""171636556"", ""177962710"", ""166724206"", ""78183845"", ""211336503""]"
none_subset,1,220766414,204899704,46,42,0,0,0,0,0,1,"[""194798510"", ""187734223"", ""211677891"", ""213247950"", ""210780225"", ""110716703"", ""179347666"", ""212384469"", ""194733454"", ""214519972""]"
none_subset,1,105428378,101799122,57,694,0,0,0,0,0,0,"[""110306995"", ""100527593"", ""31932356"", ""115438401"", ""121902729"", ""88411977"", ""211148392"", ""40488723"", ""39472658"", ""89413526""]"
none_subset,1,221415344,206210969,38,149,0,0,0,0,0,0,"[""204880845"", ""201835961"", ""169004224"", ""194370723"", ""171180851"", ""192509185"", ""193532212"", ""187386200"", ""100749834"", ""157657051""]"
none_subset,1,174122963,115645977,43,79,0,0,0,0,0,0,"[""102607958"", ""155678818"", ""39344788"", ""77335627"", ""106320447"", ""75839915"", ""121314084"", ""74845533"", ""75839769"", ""159816013""]"
none_subset,1,180994473,153013889,43,43,0,0,0,0,0,1,"[""181955635"", ""52845485"", ""151416547"", ""184038758"", ""159111252"", ""70425482"", ""33852949"", ""200981311"", ""204207508"", ""178810275""]"
none_subset,1,219023019,201216088,37,139,0,0,0,0,0,0,"[""104577943"", ""213851108"", ""186698452"", ""188452877"", ""89454786"", ""168964563"", ""191494230"", ""163348531"", ""163151507"", ""199643627""]"
none_subset,1,148926185,126213900,38,979,0,0,0,0,0,0,"[""128022775"", ""180386955"", ""209330718"", ""113999751"", ""149343290"", ""213391406"", ""69350726"", ""173181931"", ""130075591"", ""176971005""]"
none_subset,1,225186543,209306349,64,54,0,0,0,0,0,0,"[""153434885"", ""214502849"", ""78417008"", ""166989328"", ""207331867"", ""56376408"", ""167643333"", ""165258851"", ""169392034"", ""157006363""]"
none_subset,1,194448536,162425061,57,390,0,0,0,0,0,0,"[""198779965"", ""193318201"", ""201562377"", ""207541431"", ""170342538"", ""208224412"", ""52498980"", ""86699063"", ""128908900"", ""139818390""]"
none_subset,1,110404311,101244088,46,315,0,0,0,0,0,0,"[""169711662"", ""206201645"", ""75379104"", ""190912236"", ""183484544"", ""127485588"", ""71898794"", ""155950947"", ""102529512"", ""211870655""]"
none_subset,1,213287532,188810102,62,9,0,0,0,1,1,1,"[""213827571"", ""124465535"", ""193710073"", ""130616161"", ""146533271"", ""150946670"", ""141918937"", ""79994734"", ""188810102"", ""32936165""]"
none_subset,1,209411379,186938336,64,676,0,0,0,0,0,0,"[""196368507"", ""192179303"", ""196287148"", ""183515676"", ""108267343"", ""135599268"", ""192779268"", ""60869518"", ""211889722"", ""184550395""]"
none_subset,1,213286958,185138279,43,11,0,0,0,0,1,1,"[""160598030"", ""125536521"", ""195866072"", ""166344121"", ""139391726"", ""50463859"", ""156395019"", ""167068838"", ""125529150"", ""171798974""]"
none_subset,1,152709066,131869463,62,68,0,0,0,0,0,0,"[""200271479"", ""124884051"", ""167656283"", ""161194868"", ""173119325"", ""144314189"", ""169222138"", ""205216281"", ""192607518"", ""110895997""]"
none_subset,1,157276690,134021529,46,810,0,0,0,0,0,0,"[""12880586"", ""78570599"", ""79146025"", ""127485588"", ""77527113"", ""190912236"", ""110700672"", ""205233162"", ""178831771"", ""183484544""]"
none_subset,1,182936009,151046652,57,1356,0,0,0,0,0,0,"[""84085908"", ""139818390"", ""164678159"", ""46330390"", ""130444806"", ""37599926"", ""188257821"", ""82721637"", ""192325921"", ""159881542""]"
none_subset,1,146826278,101892709,43,276,0,0,0,0,0,0,"[""172848378"", ""180987149"", ""204891079"", ""124514494"", ""116962789"", ""177591827"", ""147992742"", ""176670642"", ""120575071"", ""186726793""]"
none_subset,1,219724252,198719196,4,1352,0,0,0,0,0,0,"[""52380679"", ""181278700"", ""152542463"", ""184320812"", ""157040034"", ""115841291"", ""155811314"", ""181909843"", ""149247164"", ""208093396""]"
none_subset,1,205945839,96363827,38,607,0,0,0,0,0,0,"[""11921513"", ""113456040"", ""124508627"", ""66259210"", ""185259124"", ""28421314"", ""69350726"", ""179876069"", ""25706087"", ""202987035""]"
none_subset,1,191508297,162694671,37,7,0,0,0,1,1,1,"[""146869816"", ""138625062"", ""149216805"", ""177244193"", ""143255745"", ""82258130"", ""162694671"", ""193704109"", ""61710118"", ""154120842""]"
none_subset,1,174344547,145130578,43,1660,0,0,0,0,0,0,"[""73260900"", ""183029564"", ""181955635"", ""184038758"", ""144463129"", ""61372398"", ""194521791"", ""113199180"", ""176475069"", ""157809653""]"
none_subset,1,179853491,142381741,4,23,0,0,0,0,1,1,"[""165324074"", ""173259969"", ""183642706"", ""154203183"", ""159570716"", ""188565273"", ""189148609"", ""103872312"", ""183725729"", ""156901917""]"
none_subset,1,224307001,214059340,57,41,0,0,0,0,0,1,"[""195530341"", ""211155533"", ""202655316"", ""209082310"", ""201206057"", ""180818083"", ""195658816"", ""195531799"", ""211301569"", ""195530334""]"
none_subset,1,131744929,109194953,4,224,0,0,0,0,0,0,"[""187502252"", ""205365317"", ""207568797"", ""13245417"", ""197294044"", ""206172053"", ""190530648"", ""197341708"", ""161281171"", ""151978785""]"
none_subset,1,194577455,160559989,43,37,0,0,0,0,0,1,"[""193746203"", ""207051663"", ""204268653"", ""192942930"", ""200392561"", ""169814243"", ""139391726"", ""79676853"", ""183640029"", ""197514276""]"
none_subset,1,223281383,211309611,64,255,0,0,0,0,0,0,"[""86754048"", ""153896185"", ""148445574"", ""148722381"", ""206290461"", ""113744993"", ""109614914"", ""138536618"", ""102928739"", ""168355301""]"
none_subset,1,81025493,78954752,4,932,0,0,0,0,0,0,"[""187502252"", ""158546701"", ""206172053"", ""205365317"", ""13245417"", ""125970295"", ""190530648"", ""211850911"", ""208445219"", ""214893406""]"
none_subset,1,209724916,131953748,46,17,0,0,0,0,1,1,"[""59097004"", ""127947793"", ""81549989"", ""205315794"", ""167786912"", ""154894212"", ""167383627"", ""134691092"", ""154894208"", ""167464610""]"
none_subset,1,166799764,141153033,4,1195,0,0,0,0,0,0,"[""156103241"", ""177849963"", ""190067899"", ""140998592"", ""148365289"", ""143852845"", ""142451414"", ""72044288"", ""143929940"", ""181715447""]"
none_subset,1,217143516,199067357,4,520,0,0,0,0,0,0,"[""88532160"", ""124951123"", ""142657666"", ""123481544"", ""55380045"", ""62845465"", ""192786300"", ""75168847"", ""184476437"", ""202360528""]"
none_subset,1,215629653,191815855,4,983,0,0,0,0,0,0,"[""163772112"", ""197455821"", ""199844936"", ""90122873"", ""48830519"", ""164756819"", ""177913898"", ""148086167"", ""185362507"", ""73118528""]"
none_subset,1,221840866,207035411,46,143,0,0,0,0,0,0,"[""180299995"", ""207127154"", ""204484014"", ""198221243"", ""210734819"", ""184502757"", ""209764015"", ""214343067"", ""203644119"", ""211047288""]"
none_subset,1,223496408,204100209,62,2,0,1,1,1,1,1,"[""67295737"", ""204100209"", ""161194868"", ""62502393"", ""134905481"", ""194230029"", ""107347698"", ""330143"", ""201108158"", ""105231780""]"
none_subset,1,151221306,131867164,57,119,0,0,0,0,0,0,"[""105791090"", ""77876788"", ""113103076"", ""157581181"", ""115258367"", ""23266957"", ""139528880"", ""72504192"", ""80467448"", ""168418714""]"
none_subset,1,223907782,204531248,62,218,0,0,0,0,0,0,"[""178981280"", ""210452869"", ""209556691"", ""211873711"", ""213866096"", ""188646127"", ""172899019"", ""208938354"", ""142493256"", ""185886914""]"
none_subset,1,210576586,188709100,38,1020,0,0,0,0,0,0,"[""182369007"", ""209921939"", ""66287825"", ""184547134"", ""169136130"", ""209590588"", ""20918033"", ""6679232"", ""177206358"", ""189931109""]"
none_subset,1,182446210,153170090,43,1188,0,0,0,0,0,0,"[""115857968"", ""139391726"", ""185138279"", ""167068838"", ""192559614"", ""183640029"", ""125536521"", ""156455477"", ""97820261"", ""132315079""]"
none_subset,1,171268684,141590566,62,105,0,0,0,0,0,0,"[""200271479"", ""127489206"", ""61834333"", ""201461957"", ""169027396"", ""192607518"", ""167732430"", ""203728936"", ""169222138"", ""190955120""]"
none_subset,1,201550239,171788248,57,967,0,0,0,0,0,0,"[""181010781"", ""205695720"", ""193469879"", ""211029106"", ""170280653"", ""201061562"", ""213078674"", ""139707932"", ""209172044"", ""171298197""]"
none_subset,1,58459746,65096709,62,92,0,0,0,0,0,0,"[""79777747"", ""10132068"", ""136870941"", ""67894406"", ""63080448"", ""152815967"", ""98255078"", ""146276364"", ""52848243"", ""163921015""]"
none_subset,1,191502224,160114101,38,23,0,0,0,0,1,1,"[""66334917"", ""159333154"", ""180386955"", ""161174151"", ""193949384"", ""17181391"", ""49779273"", ""134912948"", ""191629943"", ""84269497""]"
none_subset,1,215786893,196347311,64,58,0,0,0,0,0,0,"[""191629980"", ""112033542"", ""162490169"", ""187033175"", ""167094250"", ""162665168"", ""186417621"", ""147984435"", ""183213131"", ""124948775""]"
none_subset,1,176901511,151937589,64,8,0,0,0,1,1,1,"[""182224096"", ""127617798"", ""126182257"", ""151821517"", ""205317332"", ""167172273"", ""93630964"", ""151937589"", ""149734769"", ""43675047""]"
none_subset,1,220693395,207534566,4,98,0,0,0,0,0,0,"[""182903930"", ""184090522"", ""213568542"", ""194689928"", ""207819636"", ""214341619"", ""138891074"", ""206281257"", ""172984196"", ""57016975""]"
none_subset,1,26646043,20739628,64,15,0,0,0,0,1,1,"[""75327381"", ""186850320"", ""127488045"", ""63297294"", ""63861102"", ""192632345"", ""74162951"", ""140676990"", ""103416735"", ""162665168""]"
none_subset,1,166363190,122642468,64,1650,0,0,0,0,0,0,"[""134786446"", ""156281163"", ""201706439"", ""156718510"", ""70262578"", ""174387123"", ""208376832"", ""193944748"", ""94191912"", ""150385215""]"
none_subset,1,180913838,145507220,4,138,0,0,0,0,0,0,"[""159111889"", ""153223626"", ""193651160"", ""199780246"", ""158986768"", ""156855089"", ""190871924"", ""201061935"", ""199422802"", ""184087480""]"
none_subset,1,221849552,184639387,64,172,0,0,0,0,0,0,"[""103416735"", ""195516069"", ""116866288"", ""181619566"", ""147497927"", ""114607994"", ""156194814"", ""95987224"", ""97403292"", ""135983837""]"
none_subset,1,129643095,111866530,57,225,0,0,0,0,0,0,"[""113601078"", ""166910126"", ""174118568"", ""133682860"", ""57499088"", ""161172251"", ""46337629"", ""138989873"", ""11488289"", ""145872351""]"
none_subset,1,123692026,65832173,64,59,0,0,0,0,0,0,"[""146885295"", ""74256345"", ""193757766"", ""105854775"", ""94191912"", ""193944748"", ""207726104"", ""65008714"", ""143362090"", ""208465437""]"
none_subset,1,47095992,70310902,37,43,0,0,0,0,0,1,"[""187819119"", ""105224939"", ""95030361"", ""53410176"", ""5322119"", ""120040052"", ""145609273"", ""71957357"", ""127678430"", ""21114364""]"
none_subset,1,212545186,194446742,4,43,0,0,0,0,0,1,"[""143929940"", ""156103241"", ""149247164"", ""120663751"", ""119106930"", ""200963901"", ""191461282"", ""182557210"", ""144373105"", ""153223626""]"
none_subset,1,20049595,18153773,37,54,0,0,0,0,0,0,"[""120040052"", ""163474582"", ""53410176"", ""14688074"", ""105224939"", ""95030361"", ""126574209"", ""115215869"", ""5322119"", ""21114364""]"
none_subset,1,211951900,191630426,64,208,0,0,0,0,0,0,"[""211669271"", ""196287148"", ""192779268"", ""200505701"", ""187138250"", ""183515676"", ""176590943"", ""211889722"", ""184550395"", ""192179303""]"
none_subset,1,193988041,163314736,43,2218,0,0,0,0,0,0,"[""130496317"", ""122696306"", ""157681161"", ""201273436"", ""153540939"", ""122454074"", ""198710349"", ""193482080"", ""147535992"", ""137382410""]"
none_subset,1,189018141,157268947,43,800,0,0,0,0,0,0,"[""182217673"", ""147137741"", ""207851646"", ""191363897"", ""195240617"", ""189490489"", ""74845533"", ""172946257"", ""81376188"", ""144064285""]"
none_subset,1,198536720,168688083,64,687,0,0,0,0,0,0,"[""191320922"", ""63832007"", ""63965447"", ""187707055"", ""194286674"", ""89221384"", ""211228466"", ""205198053"", ""171180641"", ""65453441""]"
none_subset,1,39420718,42815985,38,1708,0,0,0,0,0,0,"[""69350726"", ""203377427"", ""186580987"", ""193949384"", ""96549387"", ""180271965"", ""114646293"", ""156461111"", ""63839835"", ""123704552""]"
none_subset,1,101593746,88532160,4,1,1,1,1,1,1,1,"[""88532160"", ""191461282"", ""184476437"", ""112871050"", ""192786300"", ""140998592"", ""148365289"", ""173529593"", ""200206633"", ""29389753""]"
none_subset,1,210240448,188473910,57,236,0,0,0,0,0,0,"[""207134458"", ""202358315"", ""200053839"", ""180448563"", ""189411035"", ""195801582"", ""213406997"", ""209587784"", ""197135877"", ""198496404""]"
none_subset,1,59269594,64181476,62,886,0,0,0,0,0,0,"[""63654449"", ""166108651"", ""79388828"", ""15723967"", ""60239293"", ""208335318"", ""86857938"", ""9716999"", ""112700405"", ""60025698""]"
none_subset,1,185808450,157995027,43,574,0,0,0,0,0,0,"[""127047625"", ""165082890"", ""204449585"", ""126702260"", ""144080652"", ""59547777"", ""76970617"", ""127415515"", ""102607626"", ""159960194""]"
none_subset,1,168013738,132434051,46,257,0,0,0,0,0,0,"[""33873883"", ""164953659"", ""137815967"", ""136576031"", ""194722209"", ""137814996"", ""99908438"", ""194793794"", ""32062492"", ""158102584""]"
none_subset,1,217270369,200715240,46,64,0,0,0,0,0,0,"[""124510956"", ""66211329"", ""147295915"", ""149465021"", ""133182836"", ""111095231"", ""201966464"", ""126662251"", ""116838538"", ""144423993""]"
none_subset,1,223547310,203973211,37,11,0,0,0,0,1,1,"[""157628611"", ""165207478"", ""132405642"", ""190113798"", ""17206468"", ""156943771"", ""170350787"", ""182254392"", ""147751334"", ""174852305""]"
none_subset,1,212318389,142667925,43,159,0,0,0,0,0,0,"[""123511609"", ""192944095"", ""207048259"", ""159359494"", ""158838914"", ""187717589"", ""209666551"", ""146251569"", ""188081829"", ""202655131""]"
none_subset,1,177324952,148973040,37,2038,0,0,0,0,0,0,"[""143680520"", ""12185913"", ""146533593"", ""93396423"", ""143065524"", ""187944548"", ""80669323"", ""46870157"", ""187576908"", ""173034966""]"
none_subset,1,211611744,186868435,37,568,0,0,0,0,0,0,"[""195296935"", ""191911000"", ""206636427"", ""133351365"", ""153099679"", ""195583647"", ""194831266"", ""190316113"", ""187543270"", ""191036451""]"
none_subset,1,218795412,202803035,38,27,0,0,0,0,1,1,"[""37809434"", ""212304490"", ""197681087"", ""92914026"", ""109987226"", ""163524272"", ""169064521"", ""122849837"", ""150792406"", ""154090124""]"
none_subset,1,219400531,143663688,38,352,0,0,0,0,0,0,"[""66334917"", ""183569499"", ""159333154"", ""180386955"", ""172317716"", ""182237895"", ""161174151"", ""185682289"", ""163524272"", ""123220669""]"
none_subset,1,217376647,201569008,4,20,0,0,0,0,1,1,"[""105240256"", ""212639315"", ""39175557"", ""205390513"", ""207143420"", ""146357422"", ""209043508"", ""203829299"", ""162282416"", ""206281257""]"
none_subset,1,216088799,144351805,37,219,0,0,0,0,0,0,"[""188240250"", ""213026576"", ""136718556"", ""149676779"", ""142799340"", ""175085613"", ""156583528"", ""170597831"", ""18153773"", ""183578088""]"
none_subset,1,208352440,185108178,43,25,0,0,0,0,1,1,"[""201905433"", ""182445092"", ""207732639"", ""213483404"", ""209666551"", ""182902299"", ""198087076"", ""189266294"", ""184091403"", ""183765224""]"
none_subset,1,211237385,96072901,62,543,0,0,0,0,0,0,"[""120190873"", ""131656170"", ""191802528"", ""179123782"", ""98660234"", ""188646127"", ""143395225"", ""183577698"", ""142832546"", ""123665712""]"
none_subset,1,165671697,139178056,57,208,0,0,0,0,0,0,"[""208607384"", ""210965226"", ""209173908"", ""188061782"", ""204394071"", ""211675843"", ""190887402"", ""209465166"", ""209149314"", ""187760067""]"
none_subset,1,44295729,44381000,43,586,0,0,0,0,0,0,"[""112544549"", ""199487526"", ""109622560"", ""202111236"", ""83075724"", ""198125462"", ""119119405"", ""185344932"", ""147531803"", ""59458719""]"
none_subset,1,180514026,151224480,38,57,0,0,0,0,0,0,"[""204880845"", ""193532212"", ""170938980"", ""205018667"", ""206039176"", ""203526643"", ""211398537"", ""99816295"", ""100749834"", ""171180851""]"
none_subset,1,179459421,138975756,4,83,0,0,0,0,0,0,"[""183438126"", ""148365289"", ""144264277"", ""177849963"", ""173529593"", ""140998592"", ""156103241"", ""143852845"", ""119898461"", ""184009379""]"
none_subset,1,69911500,74842038,64,736,0,0,0,0,0,0,"[""69227080"", ""165717472"", ""135170809"", ""191000780"", ""179835610"", ""174916841"", ""149734769"", ""181529530"", ""126295674"", ""77671900""]"
none_subset,1,216283732,194756089,64,839,0,0,0,0,0,0,"[""199186089"", ""212267410"", ""211669271"", ""192179303"", ""197322277"", ""211115970"", ""174009353"", ""211307371"", ""194200854"", ""190059523""]"
none_subset,1,106124042,96300750,43,718,0,0,0,0,0,0,"[""76380885"", ""189984269"", ""115215817"", ""118456882"", ""18294635"", ""166319032"", ""190193667"", ""153525929"", ""177591827"", ""115216679""]"
none_subset,1,63723636,53962226,4,507,0,0,0,0,0,0,"[""66047393"", ""71990231"", ""200206633"", ""142451414"", ""12396291"", ""164526532"", ""123881493"", ""156103241"", ""207935824"", ""23408401""]"
none_subset,1,217030405,193323154,4,46,0,0,0,0,0,1,"[""197461829"", ""197090565"", ""187535990"", ""191147915"", ""195510728"", ""192877167"", ""187257731"", ""188605425"", ""183858161"", ""196161368""]"
none_subset,1,146272626,121017497,4,1705,0,0,0,0,0,0,"[""195470202"", ""119898461"", ""177849963"", ""72045166"", ""171029402"", ""144264277"", ""213071251"", ""143222301"", ""146168593"", ""173529593""]"
none_subset,1,63169454,61171734,62,549,0,0,0,0,0,0,"[""61171338"", ""156814814"", ""60239293"", ""166108651"", ""135226686"", ""136127901"", ""61833524"", ""178964015"", ""57578588"", ""61172453""]"
none_subset,1,139951358,118360748,38,1222,0,0,0,0,0,0,"[""110457316"", ""139135653"", ""171929830"", ""106812535"", ""120618466"", ""132266859"", ""148419997"", ""127693960"", ""98969149"", ""200625253""]"
none_subset,1,219099215,195408710,43,117,0,0,0,0,0,0,"[""134298306"", ""160710926"", ""204449585"", ""209546973"", ""204649733"", ""197252415"", ""191583920"", ""186925656"", ""197961838"", ""146783647""]"
none_subset,1,108373299,100087840,4,159,0,0,0,0,0,0,"[""126889201"", ""200206633"", ""113622434"", ""174770035"", ""158175855"", ""116488063"", ""116662369"", ""179804262"", ""93467050"", ""164931551""]"
none_subset,1,145393950,125541158,64,1104,0,0,0,0,0,0,"[""116088383"", ""46094230"", ""148414231"", ""169220249"", ""80281524"", ""120966979"", ""113850105"", ""97428675"", ""115988300"", ""172741180""]"
none_subset,1,194603701,164074443,43,2336,0,0,0,0,0,0,"[""204268653"", ""109124875"", ""180180313"", ""97820261"", ""85646132"", ""191493447"", ""156455477"", ""207051663"", ""149017403"", ""145546533""]"
none_subset,1,135137342,61171387,62,37,0,0,0,0,0,1,"[""122973055"", ""149740192"", ""118018270"", ""141261014"", ""66824965"", ""55182694"", ""212299208"", ""169993933"", ""68090031"", ""45161831""]"
none_subset,1,205922590,191564735,4,43,0,0,0,0,0,1,"[""174865960"", ""139073104"", ""181851794"", ""204906643"", ""209791493"", ""165588930"", ""161216205"", ""126128930"", ""76519929"", ""185967985""]"
none_subset,1,69176883,69796700,4,22,0,0,0,0,1,1,"[""200439718"", ""210573149"", ""182903930"", ""17083624"", ""181646106"", ""206289183"", ""207099785"", ""103246617"", ""187408602"", ""184090522""]"
none_subset,1,199757507,173646354,46,1559,0,0,0,0,0,0,"[""213326669"", ""198984808"", ""213127076"", ""215124824"", ""35001266"", ""211540948"", ""207645526"", ""206204582"", ""192027708"", ""171722133""]"
none_subset,1,212099690,190540665,37,132,0,0,0,0,0,0,"[""182254392"", ""158117230"", ""70624061"", ""188967908"", ""100015328"", ""123258872"", ""66495486"", ""190113798"", ""157628611"", ""171828064""]"
none_subset,1,211019075,189967410,37,1,1,1,1,1,1,1,"[""189967410"", ""189777046"", ""196559300"", ""186835952"", ""191030106"", ""184519995"", ""184323784"", ""210226726"", ""197728159"", ""202227327""]"
none_subset,1,219975561,203817887,46,287,0,0,0,0,0,0,"[""202822668"", ""214640950"", ""160147246"", ""213377993"", ""194132989"", ""108971427"", ""145210755"", ""202480156"", ""204823121"", ""215377527""]"
none_subset,1,123402692,108294591,64,264,0,0,0,0,0,0,"[""128607088"", ""181619566"", ""152189504"", ""146444401"", ""133214115"", ""82429709"", ""152368817"", ""154897282"", ""194767716"", ""151366408""]"
none_subset,1,198083039,151498509,38,13,0,0,0,0,1,1,"[""85372024"", ""130325190"", ""118583542"", ""129585105"", ""148816929"", ""5126262"", ""99562870"", ""200673130"", ""61415611"", ""141877395""]"
none_subset,1,214611919,195148065,57,1014,0,0,0,0,0,0,"[""191815433"", ""200018099"", ""198176008"", ""193981972"", ""135799952"", ""200193952"", ""188788926"", ""109313850"", ""202655316"", ""141122844""]"
none_subset,1,220092492,206938315,46,1008,0,0,0,0,0,0,"[""209744189"", ""174837469"", ""213559285"", ""206220197"", ""190450261"", ""7231598"", ""197415730"", ""211017543"", ""201332278"", ""193128703""]"
none_subset,1,138853852,77040385,64,641,0,0,0,0,0,0,"[""136116320"", ""152603802"", ""145779626"", ""179440048"", ""112345894"", ""192891016"", ""163128971"", ""117496536"", ""176569937"", ""136552233""]"
none_subset,1,221257783,102422840,38,2436,0,0,0,0,0,0,"[""72092510"", ""170281060"", ""117957932"", ""94336615"", ""350786"", ""158128742"", ""12969939"", ""156614334"", ""171096184"", ""189799383""]"
none_subset,1,176907998,108104818,43,425,0,0,0,0,0,0,"[""83385070"", ""178871976"", ""163402666"", ""75960684"", ""199487526"", ""76024222"", ""101617365"", ""211030648"", ""146898856"", ""98638263""]"
none_subset,1,224931381,196746909,43,1968,0,0,0,0,0,0,"[""215496241"", ""156395019"", ""148487136"", ""211539337"", ""84074518"", ""204268653"", ""98800023"", ""195866072"", ""207051663"", ""160598030""]"
none_subset,1,136719291,117265279,37,338,0,0,0,0,0,0,"[""172603509"", ""92247640"", ""51138626"", ""213471023"", ""140057420"", ""10976521"", ""146527115"", ""205214483"", ""189073734"", ""139391729""]"
none_subset,1,223055449,208225541,38,55,0,0,0,0,0,0,"[""67142038"", ""149755002"", ""55637037"", ""194245127"", ""130168090"", ""102891416"", ""123190192"", ""204092180"", ""145720442"", ""204985593""]"
none_subset,1,16895311,15445184,46,72,0,0,0,0,0,0,"[""209744189"", ""201332278"", ""206220197"", ""174837469"", ""206506200"", ""190230714"", ""7231598"", ""213559285"", ""197415730"", ""177432966""]"
none_subset,1,224021715,168493218,57,2368,0,0,0,0,0,0,"[""59034220"", ""98410961"", ""90186991"", ""143567150"", ""126159710"", ""112580587"", ""110109390"", ""190313329"", ""196800603"", ""75553676""]"
none_subset,1,124640008,98638263,43,134,0,0,0,0,0,0,"[""183640029"", ""166344121"", ""193746203"", ""128075960"", ""139961406"", ""164268294"", ""126618856"", ""53650526"", ""139391726"", ""151787283""]"
none_subset,1,219249665,165902956,64,65,0,0,0,0,0,0,"[""19607163"", ""208682751"", ""152368817"", ""133318270"", ""133214115"", ""146896479"", ""151366408"", ""162672027"", ""173605646"", ""55563124""]"
none_subset,1,171424229,144131536,46,1377,0,0,0,0,0,0,"[""213724398"", ""209931361"", ""124457377"", ""130256763"", ""162330233"", ""169684033"", ""142789905"", ""78004872"", ""59914246"", ""194301324""]"
none_subset,1,217127611,198819588,43,43,0,0,0,0,0,1,"[""169770541"", ""160782052"", ""147992742"", ""192247862"", ""159848649"", ""198492434"", ""173279591"", ""174102502"", ""185696449"", ""178425205""]"
none_subset,1,165813773,146365324,64,448,0,0,0,0,0,0,"[""56593545"", ""205058205"", ""190759249"", ""213253358"", ""206056992"", ""155708697"", ""108117280"", ""148683481"", ""93476336"", ""213429313""]"
none_subset,1,200042536,172870419,4,4,0,0,1,1,1,1,"[""207141467"", ""164648915"", ""141337241"", ""172870419"", ""136900812"", ""143683664"", ""65412208"", ""185524151"", ""78836369"", ""169841826""]"
none_subset,1,197097038,158261628,4,104,0,0,0,0,0,0,"[""56998165"", ""207566657"", ""171902128"", ""161593927"", ""191889856"", ""187499375"", ""116474962"", ""186229725"", ""142456567"", ""169443962""]"
none_subset,1,216778873,183915016,38,257,0,0,0,0,0,0,"[""209590588"", ""196742641"", ""145961457"", ""130737214"", ""209921939"", ""200085691"", ""169136130"", ""138045329"", ""194797914"", ""189303189""]"
none_subset,1,218953973,203666766,37,595,0,0,0,0,0,0,"[""212381569"", ""104577943"", ""163151507"", ""211380913"", ""192617496"", ""207110453"", ""208935536"", ""168115320"", ""213851108"", ""199925635""]"
none_subset,1,206688771,182583580,43,218,0,0,0,0,0,0,"[""201905433"", ""201671217"", ""207732639"", ""196690377"", ""184091403"", ""137241438"", ""206283952"", ""213483404"", ""210561607"", ""190234147""]"
none_subset,1,204369196,154791746,43,634,0,0,0,0,0,0,"[""164354706"", ""181981190"", ""114124021"", ""168991783"", ""91544773"", ""101762103"", ""157034330"", ""169787470"", ""207909652"", ""129633706""]"
none_subset,1,129079358,113744993,64,17,0,0,0,0,1,1,"[""78822097"", ""205058205"", ""176571185"", ""81594152"", ""153266976"", ""190759249"", ""156593966"", ""213158029"", ""93476336"", ""153559519""]"
none_subset,1,195208231,121864251,43,27,0,0,0,0,1,1,"[""190077562"", ""103363896"", ""140101579"", ""178730785"", ""174475381"", ""200715227"", ""139515611"", ""178363726"", ""199715257"", ""200981311""]"
none_subset,1,58269182,46694167,37,39,0,0,0,0,0,1,"[""73172650"", ""93714502"", ""146127372"", ""200025016"", ""152508279"", ""155926657"", ""37024390"", ""161091370"", ""152140191"", ""152102790""]"
none_subset,1,221615782,140437226,46,106,0,0,0,0,0,0,"[""127266574"", ""116109332"", ""73921798"", ""125554765"", ""190907433"", ""204683450"", ""197720233"", ""215006086"", ""48680779"", ""162067565""]"
none_subset,1,184464529,156023834,38,1292,0,0,0,0,0,0,"[""113999751"", ""73148680"", ""94336615"", ""132450430"", ""95678151"", ""85120764"", ""124833754"", ""160779270"", ""187955925"", ""151407481""]"
none_subset,1,109798719,99109493,4,154,0,0,0,0,0,0,"[""66047393"", ""164526532"", ""134171322"", ""36678759"", ""119415258"", ""156103241"", ""194111133"", ""204202021"", ""76135090"", ""51294207""]"
none_subset,1,223348848,206905678,46,15,0,0,0,0,1,1,"[""110594662"", ""212429674"", ""150754478"", ""13414842"", ""132671791"", ""171063505"", ""195780279"", ""138570829"", ""126538280"", ""81506359""]"
none_subset,1,210749575,189374784,64,188,0,0,0,0,0,0,"[""183013744"", ""212267410"", ""173661276"", ""188286775"", ""206276658"", ""123768518"", ""186093978"", ""187033175"", ""200026497"", ""114337642""]"
none_subset,1,65200525,70921117,4,44,0,0,0,0,0,1,"[""156103241"", ""172890535"", ""142451414"", ""151009561"", ""144373105"", ""143929940"", ""200206633"", ""3191876"", ""149095048"", ""144873888""]"
none_subset,1,225318762,211306464,64,2009,0,0,0,0,0,0,"[""165423791"", ""193870914"", ""195080854"", ""195252134"", ""131416996"", ""64615383"", ""199685872"", ""195738495"", ""186761660"", ""157334779""]"
none_subset,1,183310877,144208600,46,240,0,0,0,0,0,0,"[""136576031"", ""78347549"", ""194793794"", ""32062492"", ""135652658"", ""28355710"", ""188997673"", ""168262204"", ""170906364"", ""137815967""]"
none_subset,1,201356709,145440025,64,678,0,0,0,0,0,0,"[""199819866"", ""153775178"", ""191948412"", ""214336133"", ""179201033"", ""172933499"", ""194785114"", ""79297519"", ""203804179"", ""158815187""]"
none_subset,1,176378686,134848823,46,53,0,0,0,0,0,0,"[""64234906"", ""178111525"", ""140827649"", ""212364902"", ""87079597"", ""140110070"", ""181905212"", ""119695215"", ""113591349"", ""105148782""]"
none_subset,1,222940894,209989262,57,54,0,0,0,0,0,0,"[""209958566"", ""167879790"", ""187256807"", ""196086555"", ""129142528"", ""74475396"", ""180561579"", ""134370082"", ""195891035"", ""213471870""]"
none_subset,1,88533605,83379850,4,61,0,0,0,0,0,0,"[""164194074"", ""199834780"", ""167351572"", ""98055438"", ""31282948"", ""22753311"", ""167564443"", ""170653654"", ""138056332"", ""166908180""]"
none_subset,1,220934101,193423957,46,123,0,0,0,0,0,0,"[""174586724"", ""147425773"", ""178779098"", ""204980714"", ""154894212"", ""106800463"", ""214717862"", ""174837469"", ""167786912"", ""138830136""]"
none_subset,1,224885410,214210070,64,954,0,0,0,0,0,0,"[""96320844"", ""204981866"", ""136347027"", ""167537206"", ""191614451"", ""82846737"", ""202527449"", ""202506442"", ""173458489"", ""214169517""]"
none_subset,1,159315367,132450430,38,313,0,0,0,0,0,0,"[""202371962"", ""174166201"", ""209454122"", ""174192462"", ""163838256"", ""195980472"", ""213422465"", ""200560256"", ""173474790"", ""139822644""]"
none_subset,1,210632346,189168111,43,341,0,0,0,0,0,0,"[""206290556"", ""214991554"", ""142700536"", ""193572221"", ""76296759"", ""148294908"", ""82639586"", ""101892709"", ""65148519"", ""206389196""]"
none_subset,1,222206783,190313329,57,496,0,0,0,0,0,0,"[""187760067"", ""209149314"", ""209942989"", ""200034808"", ""57896054"", ""183669341"", ""208607384"", ""200038101"", ""191511773"", ""206372915""]"
none_subset,1,210714977,103646076,37,1307,0,0,0,0,0,0,"[""103057199"", ""146818815"", ""126447640"", ""157022245"", ""162977839"", ""188679659"", ""182444653"", ""212047029"", ""147143113"", ""153113645""]"
none_subset,1,188824063,150442809,64,1125,0,0,0,0,0,0,"[""145779083"", ""117481999"", ""160686884"", ""114607994"", ""162295780"", ""201276045"", ""110133798"", ""127512781"", ""149715107"", ""215220099""]"
none_subset,1,223702130,213054200,64,134,0,0,0,0,0,0,"[""192179303"", ""192779268"", ""212267410"", ""144366134"", ""147671714"", ""200026497"", ""187016162"", ""188619722"", ""193910077"", ""209301044""]"
none_subset,1,215742496,197844035,37,93,0,0,0,0,0,0,"[""187719393"", ""193730114"", ""190070434"", ""187409312"", ""191538851"", ""192870188"", ""202782009"", ""201649016"", ""210226726"", ""213637743""]"
none_subset,1,209844304,183939554,46,1211,0,0,0,0,0,0,"[""172681042"", ""172082320"", ""150742725"", ""162507293"", ""138623154"", ""157417143"", ""125568463"", ""170619898"", ""135648799"", ""202166206""]"
none_subset,1,216185310,51303658,57,581,0,0,0,0,0,0,"[""99228573"", ""98039533"", ""134702798"", ""204145490"", ""138785776"", ""110109390"", ""86771304"", ""90186991"", ""122408162"", ""163344549""]"
none_subset,1,208473328,152102790,37,746,0,0,0,0,0,0,"[""169799265"", ""85275000"", ""204420256"", ""198598972"", ""136186158"", ""188646002"", ""183268600"", ""214883789"", ""164126632"", ""70970519""]"
none_subset,1,207495470,155647098,57,211,0,0,0,0,0,0,"[""211844405"", ""206493285"", ""204657962"", ""49660194"", ""22981052"", ""206568246"", ""138785776"", ""85942447"", ""204658040"", ""152590581""]"
none_subset,1,205232685,129483238,43,1,1,1,1,1,1,1,"[""129483238"", ""202468279"", ""72421330"", ""164582063"", ""153586175"", ""105076717"", ""196291255"", ""158859358"", ""75648342"", ""201664817""]"
none_subset,1,182353397,155017018,46,28,0,0,0,0,1,1,"[""193559506"", ""213672603"", ""205315794"", ""139649558"", ""196783083"", ""188805088"", ""179653927"", ""197454401"", ""156263625"", ""210348218""]"
none_subset,1,70030827,70970519,37,2000,0,0,0,0,0,0,"[""23924949"", ""139391729"", ""144072581"", ""120040052"", ""163474582"", ""37024390"", ""66740441"", ""101351593"", ""21423746"", ""164141851""]"
none_subset,1,210025236,188021776,4,24,0,0,0,0,1,1,"[""159111889"", ""199422802"", ""156855089"", ""153223626"", ""199780246"", ""191695909"", ""201461303"", ""158986768"", ""190161584"", ""123469638""]"
none_subset,1,216985572,200413923,4,690,0,0,0,0,0,0,"[""193007590"", ""25537887"", ""192968334"", ""165023261"", ""169909169"", ""22753311"", ""200384605"", ""146976388"", ""202190653"", ""163608455""]"
none_subset,1,204910325,175836915,43,1662,0,0,0,0,0,0,"[""198320674"", ""210037205"", ""184091403"", ""203448395"", ""215210708"", ""198054092"", ""202039069"", ""202227389"", ""139260993"", ""214983787""]"
none_subset,1,164432507,140756132,4,852,0,0,0,0,0,0,"[""185880119"", ""177056777"", ""163340296"", ""210484477"", ""179962753"", ""180843726"", ""168819498"", ""196161368"", ""168099979"", ""193369779""]"
none_subset,1,222268445,196324749,4,738,0,0,0,0,0,0,"[""198808044"", ""45403148"", ""9924656"", ""163772112"", ""161086623"", ""206276218"", ""214304902"", ""185362507"", ""79387876"", ""100750573""]"
none_subset,1,193224830,160586788,62,4,0,0,1,1,1,1,"[""200271479"", ""167656283"", ""205216281"", ""160586788"", ""108815727"", ""167732430"", ""124265654"", ""127489206"", ""169027396"", ""190955120""]"
none_subset,1,224218006,188646002,37,19,0,0,0,0,1,1,"[""142288515"", ""209132129"", ""127482058"", ""205365116"", ""202170903"", ""148500212"", ""207605603"", ""194850161"", ""172915750"", ""204454005""]"
none_subset,1,23506643,21760251,4,163,0,0,0,0,0,0,"[""27693819"", ""213979278"", ""195895955"", ""22766945"", ""169747228"", ""133070539"", ""65093644"", ""170244713"", ""213127345"", ""182581077""]"
none_subset,1,224398136,187714756,46,1414,0,0,0,0,0,0,"[""165803311"", ""100910403"", ""209828476"", ""47199408"", ""204237929"", ""133321026"", ""157884203"", ""164205217"", ""157916182"", ""114654675""]"
none_subset,1,216056265,171166574,38,12,0,0,0,0,1,1,"[""194014911"", ""79223401"", ""121483840"", ""186580987"", ""145629363"", ""58573176"", ""159013209"", ""106027581"", ""48122067"", ""210930251""]"
none_subset,1,206987839,182903930,4,37,0,0,0,0,0,1,"[""167937435"", ""78836369"", ""184090522"", ""208946996"", ""195480266"", ""206281257"", ""133410542"", ""181079699"", ""131936243"", ""110540565""]"
none_subset,1,145812135,7945877,43,1570,0,0,0,0,0,0,"[""201690715"", ""188272758"", ""208265800"", ""62551746"", ""204207508"", ""157734464"", ""58737494"", ""89041795"", ""70425482"", ""126522242""]"
none_subset,1,223553977,211083413,46,93,0,0,0,0,0,0,"[""170235414"", ""195780279"", ""126538280"", ""138809171"", ""138570829"", ""171063505"", ""13414842"", ""53547017"", ""146845946"", ""141003470""]"
none_subset,1,219201325,204860223,37,199,0,0,0,0,0,0,"[""189202972"", ""191131185"", ""191259466"", ""200576630"", ""188912090"", ""201649016"", ""151497086"", ""202227327"", ""106359564"", ""206293466""]"
none_subset,1,172611375,138324707,4,123,0,0,0,0,0,0,"[""210926865"", ""191561303"", ""159570716"", ""141085810"", ""42043129"", ""202605544"", ""77770612"", ""157710674"", ""185262753"", ""86774130""]"
none_subset,1,64702019,66613547,62,60,0,0,0,0,0,0,"[""125457528"", ""63297817"", ""179155211"", ""61171420"", ""123684467"", ""61833524"", ""22073170"", ""154898137"", ""210430932"", ""76575420""]"
none_subset,1,215237282,187005682,62,109,0,0,0,0,0,0,"[""207078341"", ""162672578"", ""15942056"", ""135157671"", ""79798298"", ""137409732"", ""57769851"", ""155993255"", ""10317873"", ""207274549""]"
none_subset,1,215263347,127485588,46,171,0,0,0,0,0,0,"[""188974662"", ""116576279"", ""160764333"", ""132184095"", ""15325925"", ""158008511"", ""203161766"", ""37708588"", ""152716158"", ""169081503""]"
none_subset,1,212297360,188733787,43,50,0,0,0,0,0,1,"[""197891724"", ""208096405"", ""197613208"", ""135871857"", ""183279101"", ""198423070"", ""42219137"", ""209546973"", ""178276896"", ""192317105""]"
none_subset,1,128704422,108044927,57,2150,0,0,0,0,0,0,"[""171021122"", ""210204860"", ""196654350"", ""79470201"", ""202526079"", ""82248629"", ""159923285"", ""151872768"", ""172059758"", ""211608674""]"
none_subset,1,172799934,145955425,57,85,0,0,0,0,0,0,"[""189411035"", ""209164856"", ""180448567"", ""117927111"", ""207134458"", ""202358315"", ""130769831"", ""200053839"", ""71619080"", ""213406997""]"
none_subset,1,184395268,153686086,38,743,0,0,0,0,0,0,"[""192439696"", ""184981026"", ""194792551"", ""97917446"", ""186355376"", ""204985593"", ""207390508"", ""140979774"", ""204375245"", ""123190192""]"
none_subset,1,206664220,166795160,57,1115,0,0,0,0,0,0,"[""206821512"", ""179899121"", ""201084593"", ""173797071"", ""209066709"", ""140041163"", ""209768742"", ""179083953"", ""148452080"", ""208224412""]"
none_subset,1,215184570,142502113,43,260,0,0,0,0,0,0,"[""130448492"", ""123492526"", ""99992649"", ""127635452"", ""146898856"", ""181167814"", ""132707717"", ""164354706"", ""178425205"", ""167164193""]"
none_subset,1,214770999,191097659,37,193,0,0,0,0,0,0,"[""201003118"", ""132738380"", ""114167582"", ""148343657"", ""108625125"", ""206411822"", ""164882856"", ""196303408"", ""152555454"", ""139571763""]"
none_subset,1,223962647,212423754,43,938,0,0,0,0,0,0,"[""125047033"", ""164173391"", ""146988920"", ""169200092"", ""178819152"", ""190193667"", ""89809066"", ""161006735"", ""130045016"", ""85815673""]"
none_subset,1,222059057,210299128,64,82,0,0,0,0,0,0,"[""210923456"", ""158680148"", ""134302572"", ""63897092"", ""76425768"", ""200452257"", ""93856044"", ""211980241"", ""177629176"", ""113587141""]"
none_subset,1,210362338,187442156,43,102,0,0,0,0,0,0,"[""186513838"", ""192576430"", ""139057092"", ""147531803"", ""167246303"", ""185799642"", ""191701840"", ""67208060"", ""194068460"", ""186702404""]"
none_subset,1,198033903,169968522,62,683,0,0,0,0,0,0,"[""139296753"", ""55538884"", ""192607518"", ""190676894"", ""161635823"", ""70799922"", ""153551332"", ""170213166"", ""214844651"", ""153432818""]"
none_subset,1,198278659,161464530,64,1054,0,0,0,0,0,0,"[""152195416"", ""162550857"", ""142119938"", ""195080854"", ""170416318"", ""193134463"", ""195252134"", ""201926731"", ""212371417"", ""103124712""]"
none_subset,1,164817254,139849759,4,304,0,0,0,0,0,0,"[""208901976"", ""199478511"", ""178871266"", ""78396407"", ""58216709"", ""53835713"", ""213491115"", ""143083752"", ""111001294"", ""60532395""]"
none_subset,1,85489405,81233351,64,549,0,0,0,0,0,0,"[""136038725"", ""193944748"", ""208376832"", ""86356781"", ""65008714"", ""168661537"", ""105956443"", ""168805608"", ""198499830"", ""179210556""]"
none_subset,1,222151841,210480490,37,36,0,0,0,0,0,1,"[""213471023"", ""209543868"", ""141241455"", ""137062195"", ""146527115"", ""89171973"", ""134046020"", ""57914905"", ""192163385"", ""167814691""]"
none_subset,1,218452915,202712497,64,466,0,0,0,0,0,0,"[""99174684"", ""131569653"", ""167354299"", ""152189504"", ""96029631"", ""83781980"", ""174340250"", ""115792264"", ""102679360"", ""174183108""]"
none_subset,1,222844357,194951054,57,1867,0,0,0,0,0,0,"[""211144254"", ""210566036"", ""210559925"", ""128244723"", ""153135209"", ""130377760"", ""211155533"", ""212175738"", ""211933589"", ""205639687""]"
none_subset,1,222844359,206895628,37,142,0,0,0,0,0,0,"[""208828602"", ""208671848"", ""214023214"", ""161417702"", ""200237857"", ""151207249"", ""157270034"", ""60964945"", ""156966536"", ""192511179""]"
none_subset,1,222405069,139302940,43,1256,0,0,0,0,0,0,"[""210940174"", ""193313194"", ""134578964"", ""213210833"", ""203578589"", ""121507083"", ""200715227"", ""207753535"", ""121864251"", ""160105387""]"
none_subset,1,212802909,192392140,64,388,0,0,0,0,0,0,"[""173526297"", ""162799044"", ""156077786"", ""169742657"", ""193870914"", ""150987586"", ""99862014"", ""178043240"", ""191305321"", ""125019219""]"
none_subset,1,165227043,95406694,38,6,0,0,0,1,1,1,"[""137025491"", ""58199619"", ""121550726"", ""92748634"", ""95395941"", ""95406694"", ""123502593"", ""121756181"", ""181340196"", ""206303400""]"
none_subset,1,223226814,22684085,64,1147,0,0,0,0,0,0,"[""169622540"", ""159273484"", ""163921484"", ""130269008"", ""207028000"", ""201882684"", ""208979760"", ""126298952"", ""100362069"", ""195426035""]"
none_subset,1,133071331,116922022,38,946,0,0,0,0,0,0,"[""213205324"", ""45766945"", ""110664117"", ""214394715"", ""179876069"", ""129362879"", ""151108044"", ""206517908"", ""153128858"", ""213984936""]"
none_subset,1,189952562,162391837,37,80,0,0,0,0,0,0,"[""23924949"", ""123163900"", ""202872941"", ""116930061"", ""126753800"", ""206864139"", ""192387012"", ""78706018"", ""210502009"", ""189202972""]"
none_subset,1,184595672,154888352,37,72,0,0,0,0,0,0,"[""186429778"", ""204499099"", ""164415171"", ""101532006"", ""192387012"", ""17206468"", ""190113798"", ""150904300"", ""55814406"", ""166149565""]"
none_subset,1,202354730,177124581,37,288,0,0,0,0,0,0,"[""33563950"", ""184297463"", ""173981806"", ""209172335"", ""193680819"", ""138622989"", ""190511714"", ""118848444"", ""174101143"", ""211128975""]"
none_subset,1,15900255,13589626,38,634,0,0,0,0,0,0,"[""133136953"", ""12905940"", ""37709032"", ""108421334"", ""99753126"", ""79372963"", ""207100353"", ""37809434"", ""185682289"", ""74254168""]"
none_subset,1,218004661,202749231,62,116,0,0,0,0,0,0,"[""210452869"", ""195303938"", ""193681633"", ""191653901"", ""160871092"", ""208719189"", ""65043149"", ""194289010"", ""194380124"", ""82385738""]"
none_subset,1,224061146,179319840,37,2414,0,0,0,0,0,0,"[""96256428"", ""213471023"", ""21114364"", ""150108945"", ""14688074"", ""8855059"", ""141914395"", ""172603509"", ""88534873"", ""153562476""]"
none_subset,1,195311808,159203778,46,461,0,0,0,0,0,0,"[""59097004"", ""194854155"", ""21000985"", ""205315794"", ""193559506"", ""139649558"", ""16339902"", ""154894212"", ""110900877"", ""206729201""]"
none_subset,1,218739786,173622538,64,33,0,0,0,0,0,1,"[""164465699"", ""149622839"", ""190654638"", ""203597419"", ""194031832"", ""183737495"", ""174151402"", ""164098406"", ""112432197"", ""127444518""]"
none_subset,1,203549050,175661430,46,80,0,0,0,0,0,0,"[""194132989"", ""173138479"", ""168815908"", ""172250706"", ""186078356"", ""101304130"", ""210468796"", ""200555275"", ""182916957"", ""173365679""]"
none_subset,1,193647253,166289001,64,910,0,0,0,0,0,0,"[""46094230"", ""121260031"", ""125457410"", ""176297212"", ""129130295"", ""105898966"", ""145311547"", ""203509707"", ""151134804"", ""25588585""]"
none_subset,1,195734140,121706760,64,26,0,0,0,0,1,1,"[""201276045"", ""128085943"", ""160686884"", ""100293557"", ""108386270"", ""161590575"", ""137448907"", ""146237289"", ""179767835"", ""107753045""]"
none_subset,1,205647203,181206759,4,119,0,0,0,0,0,0,"[""88781085"", ""55380045"", ""205789625"", ""169388531"", ""197475541"", ""80237634"", ""20719982"", ""199841117"", ""123481544"", ""164210053""]"
none_subset,1,209177663,184196068,37,782,0,0,0,0,0,0,"[""154732137"", ""169494298"", ""127604369"", ""201003118"", ""202390862"", ""55796783"", ""133924998"", ""132738380"", ""107202977"", ""154731935""]"
none_subset,1,113428442,102099500,37,76,0,0,0,0,0,0,"[""203800537"", ""16898206"", ""174850296"", ""179609391"", ""163365579"", ""51749408"", ""200845356"", ""133217200"", ""199385964"", ""138383384""]"
none_subset,1,224930658,167116086,46,248,0,0,0,0,0,0,"[""66211329"", ""132188413"", ""150142821"", ""111095231"", ""139504923"", ""138620481"", ""154244912"", ""183140735"", ""191705183"", ""201966464""]"
none_subset,1,180106194,148861478,38,2541,0,0,0,0,0,0,"[""212801979"", ""194567057"", ""155788187"", ""117334028"", ""125547696"", ""173618946"", ""155436166"", ""139135653"", ""138015580"", ""150442928""]"
none_subset,1,145366343,121013474,43,2633,0,0,0,0,0,0,"[""127635452"", ""181167814"", ""163402666"", ""163286400"", ""75959067"", ""163095786"", ""86505092"", ""202516482"", ""178871976"", ""113849955""]"
none_subset,1,179017277,144305873,64,819,0,0,0,0,0,0,"[""58475692"", ""185451532"", ""148414231"", ""63861102"", ""32245008"", ""82453175"", ""140676990"", ""151526168"", ""80281524"", ""164183551""]"
none_subset,1,208003567,155951189,43,84,0,0,0,0,0,0,"[""98114179"", ""200905407"", ""197902347"", ""136644867"", ""206400055"", ""187566736"", ""195659383"", ""175374033"", ""168830681"", ""67476398""]"
none_subset,1,218058960,202778075,37,380,0,0,0,0,0,0,"[""194731784"", ""213471023"", ""180221400"", ""191241938"", ""202325397"", ""209128550"", ""197344850"", ""209551298"", ""207544886"", ""57914905""]"
none_subset,1,71659685,73410413,62,155,0,0,0,0,0,0,"[""113290454"", ""174255891"", ""178530215"", ""181675858"", ""149971080"", ""113904136"", ""200747175"", ""200582902"", ""209163264"", ""134618566""]"
none_subset,1,193323565,161573660,64,2170,0,0,0,0,0,0,"[""134786446"", ""113850105"", ""164183551"", ""110198506"", ""142569884"", ""106833162"", ""136116320"", ""111626622"", ""180165679"", ""105144259""]"
none_subset,1,154348207,123825839,57,24,0,0,0,0,1,1,"[""57596469"", ""77520117"", ""171077145"", ""171021122"", ""51146959"", ""79470201"", ""146957178"", ""204352313"", ""171021120"", ""109587179""]"
none_subset,1,214551350,181553937,4,25,0,0,0,0,1,1,"[""192331065"", ""142890835"", ""75168847"", ""149540936"", ""156841339"", ""124951123"", ""192786300"", ""195513078"", ""88532160"", ""188323012""]"
none_subset,1,191446814,160553641,37,623,0,0,0,0,0,0,"[""176300467"", ""207846338"", ""113225323"", ""102282269"", ""208464643"", ""174690214"", ""147947722"", ""190646486"", ""159816408"", ""187712911""]"
none_subset,1,225161820,202394756,43,567,0,0,0,0,0,0,"[""71803254"", ""35671043"", ""202025930"", ""45966001"", ""188398971"", ""151563609"", ""181162961"", ""186403472"", ""194288467"", ""99720576""]"
none_subset,1,206083414,164648915,4,151,0,0,0,0,0,0,"[""205789625"", ""197475541"", ""169388531"", ""176720818"", ""88781085"", ""156892251"", ""199841117"", ""55380045"", ""153069902"", ""187230625""]"
none_subset,1,200716470,172461894,46,400,0,0,0,0,0,0,"[""208224187"", ""209924661"", ""205395255"", ""99417894"", ""108060129"", ""212208758"", ""142436010"", ""208306039"", ""100881714"", ""163309329""]"
none_subset,1,193219579,161417907,4,296,0,0,0,0,0,0,"[""150252011"", ""151356635"", ""146345148"", ""172890535"", ""142506151"", ""119106930"", ""163852424"", ""119415258"", ""86878993"", ""114164900""]"
none_subset,1,220471446,191884089,57,2412,0,0,0,0,0,0,"[""146957178"", ""116672568"", ""33719673"", ""83357296"", ""77481636"", ""207173802"", ""171245380"", ""196626617"", ""191244076"", ""107227151""]"
none_subset,1,176050835,76371718,57,1165,0,0,0,0,0,0,"[""80105708"", ""151005079"", ""141089456"", ""77758551"", ""211940844"", ""106094533"", ""157221850"", ""53902698"", ""63834125"", ""140413696""]"
none_subset,1,195995650,144433706,43,406,0,0,0,0,0,0,"[""204268653"", ""215496241"", ""145550705"", ""156395019"", ""125529150"", ""85646132"", ""188380361"", ""39026970"", ""204803959"", ""145546533""]"
none_subset,1,164892127,56920439,46,20,0,0,0,0,1,1,"[""214169191"", ""210829117"", ""125993794"", ""211118858"", ""58097180"", ""53826389"", ""181020941"", ""107277769"", ""142436010"", ""210822934""]"
none_subset,1,175210528,143843798,62,121,0,0,0,0,0,0,"[""130642042"", ""134905481"", ""207007802"", ""204100209"", ""176645947"", ""81927050"", ""101504605"", ""91550082"", ""151308081"", ""193241960""]"
none_subset,1,173173417,105144259,64,5,0,0,1,1,1,1,"[""152603802"", ""112345894"", ""164183551"", ""136116320"", ""105144259"", ""106833257"", ""105928549"", ""96431966"", ""168633758"", ""136552233""]"
none_subset,1,67356369,70700474,38,1221,0,0,0,0,0,0,"[""350786"", ""72092510"", ""170281060"", ""37709032"", ""191903812"", ""181343427"", ""113999751"", ""99753126"", ""214394715"", ""12905940""]"
none_subset,1,213950863,194734151,4,1,1,1,1,1,1,1,"[""194734151"", ""20198247"", ""119644839"", ""122965096"", ""153939423"", ""123419520"", ""193413498"", ""122564854"", ""199777290"", ""116057633""]"
none_subset,1,210440719,183268600,37,56,0,0,0,0,0,0,"[""167076559"", ""128177539"", ""151940120"", ""214961917"", ""186270944"", ""204074550"", ""192414071"", ""214037923"", ""210630521"", ""179319840""]"
none_subset,1,209764098,187230625,4,1424,0,0,0,0,0,0,"[""198070526"", ""190289813"", ""208397174"", ""202242865"", ""200494913"", ""180074203"", ""195596465"", ""180843726"", ""188802396"", ""194022496""]"
none_subset,1,200550901,153434885,64,256,0,0,0,0,0,0,"[""180661165"", ""59824769"", ""201341623"", ""31566174"", ""60124479"", ""165258851"", ""212170326"", ""99419597"", ""71813245"", ""118709353""]"
none_subset,1,200049166,158107027,43,9,0,0,0,1,1,1,"[""77511038"", ""71806238"", ""178682090"", ""15144714"", ""118470473"", ""105076717"", ""166319032"", ""205822080"", ""158107027"", ""67063550""]"
none_subset,1,211103855,188323012,4,53,0,0,0,0,0,0,"[""209855726"", ""182575686"", ""193577910"", ""200468822"", ""212618414"", ""211832428"", ""167074809"", ""202360528"", ""181851794"", ""189229576""]"
none_subset,1,221521390,209286799,37,11,0,0,0,0,1,1,"[""187543270"", ""193730114"", ""195744990"", ""212216117"", ""210226726"", ""190070434"", ""213416559"", ""211802210"", ""210666947"", ""186828113""]"
none_subset,1,48110954,30916684,46,39,0,0,0,0,0,1,"[""94769507"", ""114654675"", ""140803712"", ""100910403"", ""155710762"", ""165803311"", ""205657343"", ""128057799"", ""107095516"", ""192859823""]"
none_subset,1,196614011,169468665,4,787,0,0,0,0,0,0,"[""107170817"", ""123148492"", ""210957829"", ""149055885"", ""126589900"", ""153162863"", ""205498846"", ""196847555"", ""143762098"", ""77747581""]"
none_subset,1,194727534,163163335,46,1027,0,0,0,0,0,0,"[""207470239"", ""208866550"", ""120963350"", ""134691092"", ""172604491"", ""136064669"", ""173832017"", ""145673466"", ""99908438"", ""162796958""]"
none_subset,1,199355812,171218749,37,87,0,0,0,0,0,0,"[""127586489"", ""146527115"", ""141014415"", ""126903280"", ""158435107"", ""164221751"", ""164698393"", ""151240773"", ""191700438"", ""141241455""]"
none_subset,1,176053122,147223868,64,356,0,0,0,0,0,0,"[""164183551"", ""152603802"", ""112345894"", ""105144259"", ""183047062"", ""105928549"", ""144073843"", ""109614914"", ""146228800"", ""200016831""]"
none_subset,1,219126120,174852488,46,9,0,0,0,1,1,1,"[""76658512"", ""172966334"", ""78566379"", ""144431749"", ""172989891"", ""211047288"", ""205395255"", ""201436985"", ""174852488"", ""178405632""]"
none_subset,1,171617902,150919901,37,14,0,0,0,0,1,1,"[""33534621"", ""156934315"", ""81981879"", ""78706018"", ""136980007"", ""171006297"", ""68354175"", ""173244017"", ""189777046"", ""143138392""]"
none_subset,1,212109450,191710817,64,6,0,0,0,1,1,1,"[""133623259"", ""167388732"", ""98960696"", ""85531879"", ""172741180"", ""191710817"", ""99916433"", ""181063353"", ""81240114"", ""72224328""]"
none_subset,1,220650923,203685400,62,105,0,0,0,0,0,0,"[""184558097"", ""140748898"", ""174160548"", ""191519026"", ""204130130"", ""202067101"", ""197510996"", ""192772778"", ""204033047"", ""203289300""]"
none_subset,1,215776763,184075689,64,742,0,0,0,0,0,0,"[""193722885"", ""204754543"", ""201421429"", ""155183786"", ""148414231"", ""46094230"", ""79234720"", ""140676990"", ""211967324"", ""171025610""]"
none_subset,1,200887910,175026491,4,16,0,0,0,0,1,1,"[""183689008"", ""168908364"", ""211887023"", ""189899644"", ""165051058"", ""122965096"", ""201428236"", ""214802477"", ""167852505"", ""210550451""]"
none_subset,1,140609862,114371520,43,69,0,0,0,0,0,0,"[""204449585"", ""188690647"", ""93370896"", ""123511609"", ""205276629"", ""97217214"", ""115572095"", ""120597166"", ""161117276"", ""123492526""]"
none_subset,1,216324411,180225691,64,135,0,0,0,0,0,0,"[""184581147"", ""111626622"", ""149772224"", ""192779268"", ""114822134"", ""195544569"", ""206705882"", ""128898155"", ""200505701"", ""193943664""]"
none_subset,1,185965825,143179563,37,427,0,0,0,0,0,0,"[""41705192"", ""187423310"", ""100843460"", ""136371572"", ""150887352"", ""131961169"", ""208532302"", ""116240817"", ""180546104"", ""151601836""]"
none_subset,1,148156280,126190470,46,485,0,0,0,0,0,0,"[""106146754"", ""113055815"", ""210902832"", ""77308664"", ""195201064"", ""138809171"", ""125249806"", ""170235414"", ""195780279"", ""138617659""]"
none_subset,1,218825862,164502051,43,1,1,1,1,1,1,1,"[""164502051"", ""202169801"", ""192741559"", ""202628040"", ""7945877"", ""192825043"", ""193581474"", ""209248830"", ""143671449"", ""103370780""]"
none_subset,1,217537085,195917241,43,185,0,0,0,0,0,0,"[""214348389"", ""192741559"", ""201905433"", ""207323334"", ""201535486"", ""195756368"", ""179526244"", ""137241438"", ""166734753"", ""192825043""]"
none_subset,1,164792352,129112756,46,16,0,0,0,0,1,1,"[""71367321"", ""109829293"", ""162647828"", ""125408092"", ""31480171"", ""131406447"", ""48707996"", ""105465833"", ""161736013"", ""201909624""]"
none_subset,1,224885065,214553497,4,287,0,0,0,0,0,0,"[""179145991"", ""169556971"", ""151978785"", ""214491007"", ""215305148"", ""193746035"", ""133632260"", ""173641656"", ""193621657"", ""204544559""]"
none_subset,1,174460622,98844359,4,53,0,0,0,0,0,0,"[""80737939"", ""72045166"", ""128402566"", ""76695262"", ""157103009"", ""81195353"", ""109285514"", ""75191226"", ""114573844"", ""99699218""]"
none_subset,1,198689470,167904329,46,243,0,0,0,0,0,0,"[""135544380"", ""159369178"", ""49032725"", ""158328008"", ""163712975"", ""206453483"", ""194722209"", ""49933218"", ""132622200"", ""101322569""]"
none_subset,1,136619257,116919077,38,343,0,0,0,0,0,0,"[""120604620"", ""34147341"", ""208718442"", ""214151471"", ""19375583"", ""123365461"", ""8550716"", ""198468875"", ""46549636"", ""5564013""]"
none_subset,1,220911687,207511006,46,308,0,0,0,0,0,0,"[""110268464"", ""213672603"", ""136554419"", ""193559506"", ""110900877"", ""179041527"", ""208019321"", ""174465659"", ""129089284"", ""212764266""]"
none_subset,1,206215905,193971301,46,19,0,0,0,0,1,1,"[""85179633"", ""174074948"", ""205132600"", ""209175273"", ""209168311"", ""140861260"", ""205132358"", ""32925561"", ""210667015"", ""145266309""]"
none_subset,1,147835919,109553539,57,944,0,0,0,0,0,0,"[""197740362"", ""183255175"", ""196325559"", ""204417143"", ""207070552"", ""205016601"", ""144992451"", ""203970534"", ""81384167"", ""213401068""]"
none_subset,1,217014172,199183086,4,330,0,0,0,0,0,0,"[""205600080"", ""201657691"", ""182904703"", ""202571906"", ""195830492"", ""197090565"", ""183509496"", ""185360306"", ""191316160"", ""208780104""]"
none_subset,1,221604106,47210633,46,78,0,0,0,0,0,0,"[""187591614"", ""210836917"", ""208224187"", ""203164041"", ""203677273"", ""208306039"", ""203118933"", ""172512012"", ""173832017"", ""213655844""]"
none_subset,1,225307361,167076720,4,1635,0,0,0,0,0,0,"[""137934343"", ""214045806"", ""56134226"", ""155106827"", ""215198902"", ""146961197"", ""201066421"", ""77968334"", ""139342323"", ""183642706""]"
none_subset,1,175812917,143083752,4,1,1,1,1,1,1,1,"[""143083752"", ""201707698"", ""179525824"", ""155062344"", ""69511407"", ""144907575"", ""147422442"", ""208901976"", ""145303232"", ""146861531""]"
none_subset,1,114303774,103124712,64,628,0,0,0,0,0,0,"[""73276751"", ""127488797"", ""184189116"", ""156665200"", ""177500405"", ""127491303"", ""195536621"", ""168877434"", ""176460348"", ""168818090""]"
none_subset,1,202509146,169250822,4,207,0,0,0,0,0,0,"[""157610724"", ""77747581"", ""138439398"", ""202029081"", ""136900812"", ""107641044"", ""76958785"", ""112914230"", ""170901415"", ""141475879""]"
none_subset,1,224965621,153434097,57,64,0,0,0,0,0,0,"[""183982826"", ""199762687"", ""149224940"", ""208914800"", ""202223595"", ""206210457"", ""207892807"", ""197765268"", ""205338620"", ""212788032""]"
none_subset,1,204840247,176456204,4,1264,0,0,0,0,0,0,"[""57016975"", ""181570938"", ""83596697"", ""193589374"", ""65412208"", ""203537664"", ""143683664"", ""164648915"", ""105240256"", ""204466040""]"
none_subset,1,117933765,105129945,46,2202,0,0,0,0,0,0,"[""201405341"", ""205586250"", ""138889660"", ""115212834"", ""79146025"", ""173619098"", ""178808064"", ""165803311"", ""160673739"", ""104767223""]"
none_subset,1,211029286,188032543,43,500,0,0,0,0,0,0,"[""88539862"", ""201355888"", ""160542632"", ""132745959"", ""186702404"", ""58433890"", ""162142216"", ""135449802"", ""142502266"", ""135871857""]"
none_subset,1,184332298,128148041,57,107,0,0,0,0,0,0,"[""153865654"", ""138406659"", ""180417908"", ""131667486"", ""211640040"", ""203042119"", ""174010829"", ""127110256"", ""206568246"", ""211785457""]"
none_subset,1,172405255,137739430,43,160,0,0,0,0,0,0,"[""208008027"", ""98638580"", ""204803959"", ""176475069"", ""146832585"", ""166186965"", ""178361669"", ""108684069"", ""183716498"", ""183640029""]"
none_subset,1,129628659,112300488,62,849,0,0,0,0,0,0,"[""163318709"", ""7191392"", ""173885386"", ""104616387"", ""110543616"", ""199881295"", ""206185867"", ""75620137"", ""207318555"", ""204033047""]"
none_subset,1,191015798,157712872,43,48,0,0,0,0,0,1,"[""174826827"", ""98569973"", ""212213338"", ""185121060"", ""206529525"", ""182637030"", ""147179804"", ""209333848"", ""182659353"", ""158643707""]"
none_subset,1,151650613,129074795,37,1049,0,0,0,0,0,0,"[""152204663"", ""27356144"", ""105298093"", ""103348357"", ""160376991"", ""174101198"", ""211646800"", ""177988004"", ""167419234"", ""44375205""]"
none_subset,1,217331110,200733855,37,50,0,0,0,0,0,1,"[""210502009"", ""186828113"", ""173640245"", ""208141913"", ""209286799"", ""194408004"", ""116930061"", ""206942069"", ""174101148"", ""195908286""]"
none_subset,1,222261498,194697374,64,1534,0,0,0,0,0,0,"[""213253358"", ""155708697"", ""81957796"", ""173980655"", ""206056992"", ""93476336"", ""205058205"", ""162587856"", ""173334389"", ""165902956""]"
none_subset,1,171262250,134980017,38,1109,0,0,0,0,0,0,"[""36621623"", ""140030159"", ""133009681"", ""123259370"", ""160066097"", ""141368646"", ""148708621"", ""124508627"", ""63839835"", ""165753540""]"
none_subset,1,184540324,155460756,4,2077,0,0,0,0,0,0,"[""212639315"", ""165051058"", ""191307999"", ""196842418"", ""187942970"", ""190777107"", ""195539587"", ""198808044"", ""167852505"", ""207099729""]"
none_subset,1,218794085,181542391,37,59,0,0,0,0,0,0,"[""166149565"", ""192913849"", ""163655065"", ""149204589"", ""150707511"", ""201520095"", ""206662632"", ""161133997"", ""212293518"", ""191027835""]"
none_subset,1,184956157,157367139,4,103,0,0,0,0,0,0,"[""144373105"", ""170267536"", ""115483149"", ""63004444"", ""16847694"", ""152028023"", ""63030233"", ""145303232"", ""206841622"", ""179525824""]"
none_subset,1,175342849,125536521,43,6,0,0,0,1,1,1,"[""138107182"", ""166344121"", ""167623966"", ""186549940"", ""205915561"", ""125536521"", ""190372173"", ""44768555"", ""195866072"", ""197607322""]"
none_subset,1,121771536,46560698,57,2514,0,0,0,0,0,0,"[""171245380"", ""174577939"", ""170340056"", ""82074015"", ""74583787"", ""55659299"", ""210054785"", ""145895301"", ""33713680"", ""99750205""]"
none_subset,1,200570966,110053800,57,1206,0,0,0,0,0,0,"[""212461400"", ""211044486"", ""207541431"", ""208224412"", ""211144254"", ""211144150"", ""175850879"", ""212175738"", ""190479114"", ""194650480""]"
none_subset,1,221513750,203597419,64,678,0,0,0,0,0,0,"[""124434930"", ""215029097"", ""180956690"", ""206880666"", ""176873473"", ""130269008"", ""124963799"", ""151589612"", ""81054083"", ""65008306""]"
none_subset,1,142673438,100854450,38,1630,0,0,0,0,0,0,"[""209330718"", ""128022775"", ""138021512"", ""173181931"", ""52533378"", ""173793300"", ""214115231"", ""123704552"", ""168749475"", ""135835902""]"
none_subset,1,201772249,176689628,4,207,0,0,0,0,0,0,"[""126589900"", ""88525097"", ""210469105"", ""157610724"", ""202029081"", ""178330529"", ""213532039"", ""212786536"", ""211428834"", ""168697069""]"
none_subset,1,195569513,158417007,37,494,0,0,0,0,0,0,"[""132179046"", ""159427663"", ""209057260"", ""163475905"", ""186464825"", ""164535707"", ""131057179"", ""186871959"", ""154092717"", ""204006241""]"
none_subset,1,114045368,77678538,64,90,0,0,0,0,0,0,"[""156692119"", ""80745282"", ""148414231"", ""79130254"", ""149484929"", ""148979593"", ""185451532"", ""118138755"", ""96431966"", ""212527992""]"
none_subset,1,219729199,189984269,43,95,0,0,0,0,0,0,"[""176475069"", ""135684446"", ""203477271"", ""116962789"", ""127321663"", ""194595951"", ""166752829"", ""183029564"", ""99275075"", ""215371526""]"
none_subset,1,78453154,79994734,62,77,0,0,0,0,0,0,"[""212966939"", ""11666277"", ""60189912"", ""44501361"", ""113866351"", ""70069885"", ""63916792"", ""75207324"", ""160036757"", ""80344615""]"
none_subset,1,205309599,160068637,37,1199,0,0,0,0,0,0,"[""169257920"", ""210082244"", ""188966245"", ""141241455"", ""211215773"", ""185411714"", ""196431210"", ""206528763"", ""202781695"", ""137062195""]"
none_subset,1,215803527,121260031,64,88,0,0,0,0,0,0,"[""66459509"", ""95477523"", ""65959521"", ""150385215"", ""210451384"", ""162799044"", ""76676235"", ""181441566"", ""200043378"", ""14286061""]"
none_subset,1,222161193,127768087,4,202,0,0,0,0,0,0,"[""85958586"", ""195621034"", ""211850911"", ""194734151"", ""215222519"", ""179735008"", ""214959519"", ""211887023"", ""138439770"", ""140756132""]"
none_subset,1,161392807,94016043,62,1232,0,0,0,0,0,0,"[""172899019"", ""172843229"", ""188216765"", ""210452869"", ""212090087"", ""178530215"", ""206927728"", ""149874064"", ""207462449"", ""191211417""]"
none_subset,1,155741367,134502106,57,794,0,0,0,0,0,0,"[""125339147"", ""121902729"", ""49660194"", ""85942447"", ""98039533"", ""31932356"", ""136281016"", ""86771304"", ""127670415"", ""99228573""]"
none_subset,1,220807537,204659845,57,112,0,0,0,0,0,0,"[""15301011"", ""211844405"", ""134702798"", ""169347129"", ""165685416"", ""158555938"", ""215271103"", ""108271130"", ""191497108"", ""152187673""]"
none_subset,1,56997833,61128649,62,815,0,0,0,0,0,0,"[""194843976"", ""176645947"", ""207007802"", ""130642042"", ""32728587"", ""172695759"", ""148844442"", ""105871225"", ""182029851"", ""199438255""]"
none_subset,1,220381743,205089575,62,1114,0,0,0,0,0,0,"[""212966939"", ""161511273"", ""104128337"", ""113866351"", ""188810102"", ""7496107"", ""117835777"", ""120579969"", ""59198875"", ""32200239""]"
none_subset,1,61236714,59245151,43,85,0,0,0,0,0,0,"[""59547777"", ""102607626"", ""164097777"", ""7448774"", ""139780746"", ""132121212"", ""71896649"", ""127415515"", ""165579849"", ""24058906""]"
none_subset,1,207455362,183689008,4,136,0,0,0,0,0,0,"[""197090565"", ""187257731"", ""200026065"", ""208780104"", ""194160187"", ""191316160"", ""193481695"", ""210550451"", ""168908364"", ""182904703""]"
none_subset,1,168341646,130621262,38,95,0,0,0,0,0,0,"[""133136953"", ""350786"", ""74626779"", ""108421334"", ""25899558"", ""192191594"", ""109616522"", ""37809434"", ""99753126"", ""205428792""]"
none_subset,1,218576676,200806157,46,301,0,0,0,0,0,0,"[""156263625"", ""205315794"", ""206204582"", ""21000985"", ""160019718"", ""131953748"", ""110900877"", ""193559506"", ""111614660"", ""178722271""]"
none_subset,1,124317114,109323350,57,1120,0,0,0,0,0,0,"[""210262988"", ""97495251"", ""130006774"", ""200990628"", ""67793414"", ""37599926"", ""189194901"", ""188669947"", ""128908900"", ""207301406""]"
none_subset,1,216420739,198700939,57,189,0,0,0,0,0,0,"[""187760067"", ""211047562"", ""178968629"", ""198727322"", ""175993260"", ""209740307"", ""209173908"", ""207954191"", ""183669341"", ""160933293""]"
none_subset,1,205170167,180083904,62,1736,0,0,0,0,0,0,"[""94016043"", ""177811848"", ""154677877"", ""72314516"", ""113547578"", ""213827571"", ""212528029"", ""17068485"", ""199493591"", ""165119231""]"
none_subset,1,220045550,101312348,38,47,0,0,0,0,0,1,"[""56367133"", ""73525493"", ""171909035"", ""206865806"", ""156424467"", ""179234058"", ""113999751"", ""85120764"", ""93265631"", ""60638606""]"
none_subset,1,174047840,135451052,4,92,0,0,0,0,0,0,"[""172943291"", ""194643860"", ""145619366"", ""198909677"", ""192906971"", ""171818167"", ""163349092"", ""197859740"", ""80097875"", ""126042350""]"
none_subset,1,180512284,115629895,64,865,0,0,0,0,0,0,"[""92307658"", ""8645666"", ""213913118"", ""158075100"", ""136401281"", ""159022081"", ""181214144"", ""80804414"", ""162037337"", ""127617798""]"
none_subset,1,176245799,145782832,38,20,0,0,0,0,1,1,"[""93923477"", ""69722104"", ""181551206"", ""120501914"", ""155422545"", ""85274599"", ""189745383"", ""28528703"", ""188178632"", ""109267269""]"
none_subset,1,214546595,195055828,37,302,0,0,0,0,0,0,"[""187719393"", ""100843460"", ""187423310"", ""190261540"", ""196563012"", ""192870188"", ""209855515"", ""198478244"", ""98327133"", ""187409312""]"
none_subset,1,57177961,60838304,43,948,0,0,0,0,0,0,"[""127635452"", ""119543305"", ""31477346"", ""58467420"", ""163286400"", ""85304386"", ""178871976"", ""136870511"", ""59161409"", ""123925115""]"
none_subset,1,172933460,63641982,64,303,0,0,0,0,0,0,"[""58475692"", ""164025251"", ""27162317"", ""12228373"", ""201882684"", ""159273484"", ""182382634"", ""171025610"", ""151526168"", ""94673226""]"
none_subset,1,170199834,129359241,64,74,0,0,0,0,0,0,"[""188806182"", ""145311547"", ""154598927"", ""64620490"", ""174772202"", ""45933851"", ""42887451"", ""168179093"", ""179836152"", ""178821617""]"
none_subset,1,223672720,197363388,43,43,0,0,0,0,0,1,"[""153525929"", ""198423070"", ""179105716"", ""193064532"", ""179814481"", ""196383606"", ""98073803"", ""141811973"", ""191248601"", ""208096405""]"
none_subset,1,224815424,126550195,64,35,0,0,0,0,0,1,"[""95477509"", ""177080791"", ""74842038"", ""202548043"", ""201926731"", ""119491080"", ""178700962"", ""126357584"", ""73923102"", ""200030150""]"
none_subset,1,207612822,176670740,37,99,0,0,0,0,0,0,"[""123971162"", ""199340755"", ""188994423"", ""193730114"", ""213318077"", ""182640683"", ""195919621"", ""213416559"", ""202030579"", ""187299907""]"
none_subset,1,163945645,191529007,62,556,0,0,0,0,0,0,"[""194843976"", ""212697335"", ""123694454"", ""106557292"", ""160693723"", ""191872666"", ""211318916"", ""156442595"", ""210228776"", ""190676894""]"
none_subset,1,180060816,144264277,4,1215,0,0,0,0,0,0,"[""195502889"", ""155908916"", ""199488345"", ""154636066"", ""193026353"", ""94319899"", ""139418370"", ""102041783"", ""171818167"", ""184538683""]"
none_subset,1,195375510,162200226,37,208,0,0,0,0,0,0,"[""141241455"", ""192163385"", ""213471023"", ""182489418"", ""188918346"", ""209543868"", ""205328844"", ""172603509"", ""134046020"", ""174160467""]"
none_subset,1,225243021,214643235,4,310,0,0,0,0,0,0,"[""180843726"", ""210484477"", ""191316160"", ""168099979"", ""201211887"", ""210550451"", ""203466268"", ""196026500"", ""182581077"", ""196161368""]"
none_subset,1,106834933,91942518,38,127,0,0,0,0,0,0,"[""137662431"", ""213040734"", ""180784190"", ""131003027"", ""164421767"", ""208325890"", ""161792498"", ""172956265"", ""73438643"", ""181340196""]"
none_subset,1,211646926,181045567,4,1100,0,0,0,0,0,0,"[""146861531"", ""155703180"", ""185429569"", ""192875206"", ""192402919"", ""184320812"", ""139418370"", ""191690738"", ""142536914"", ""153844775""]"
none_subset,1,210605564,186646910,37,15,0,0,0,0,1,1,"[""69814974"", ""119051792"", ""166930108"", ""187409312"", ""206293466"", ""192227530"", ""212406255"", ""201276299"", ""192870188"", ""98327133""]"
none_subset,1,224918550,214968505,4,131,0,0,0,0,0,0,"[""146249483"", ""177825434"", ""168819498"", ""157383240"", ""198351115"", ""201211887"", ""202605544"", ""185880119"", ""177056777"", ""146538750""]"
none_subset,1,198480847,171775539,46,214,0,0,0,0,0,0,"[""173222203"", ""213744352"", ""174705087"", ""158080441"", ""76061645"", ""106830010"", ""158778091"", ""180749212"", ""209067761"", ""141061297""]"
none_subset,1,79745214,81812584,64,2273,0,0,0,0,0,0,"[""193084026"", ""181529530"", ""126295674"", ""127488797"", ""65008306"", ""209149616"", ""156077786"", ""195841911"", ""177968315"", ""184412814""]"
none_subset,1,48794483,75554045,38,355,0,0,0,0,0,0,"[""82057494"", ""169186989"", ""145417944"", ""136280716"", ""110415230"", ""202877317"", ""134908634"", ""184324660"", ""109379943"", ""177904480""]"
none_subset,1,167721852,138308946,4,493,0,0,0,0,0,0,"[""138887241"", ""169992252"", ""136386916"", ""169281042"", ""69097292"", ""197046560"", ""204202021"", ""135783987"", ""134171322"", ""170990011""]"
none_subset,1,155450786,132289907,64,450,0,0,0,0,0,0,"[""188619722"", ""192779268"", ""209301044"", ""147671714"", ""158126671"", ""115629895"", ""126209163"", ""138968477"", ""154046140"", ""120036834""]"
none_subset,1,223592381,207755116,37,15,0,0,0,0,1,1,"[""153551614"", ""142630827"", ""185411714"", ""74069259"", ""193366611"", ""206530848"", ""184083591"", ""174122871"", ""196390119"", ""19283629""]"
none_subset,1,128891295,113764919,57,1239,0,0,0,0,0,0,"[""65120912"", ""74980800"", ""62330389"", ""165674944"", ""160823099"", ""113655478"", ""86791172"", ""193568914"", ""152590581"", ""159460873""]"
none_subset,1,217777998,201905433,43,310,0,0,0,0,0,0,"[""164527202"", ""201668961"", ""211667378"", ""193585048"", ""170082435"", ""208345597"", ""162384225"", ""214509021"", ""204609076"", ""185897088""]"
none_subset,1,211481710,190789377,4,57,0,0,0,0,0,0,"[""192331154"", ""191216846"", ""190594964"", ""189901460"", ""160129846"", ""190161584"", ""192424356"", ""73825216"", ""199780246"", ""192316575""]"
none_subset,1,224668128,214336951,43,414,0,0,0,0,0,0,"[""186606199"", ""207690552"", ""178363726"", ""207192922"", ""98747334"", ""200981311"", ""75083855"", ""139515611"", ""153965768"", ""203886811""]"
none_subset,1,201662927,176402227,4,5,0,0,1,1,1,1,"[""214341619"", ""201591292"", ""184090522"", ""177338367"", ""176402227"", ""177558432"", ""195480266"", ""206289183"", ""180277966"", ""192581557""]"
none_subset,1,215705728,79130254,64,89,0,0,0,0,0,0,"[""212527992"", ""121706760"", ""208214699"", ""136116320"", ""142556394"", ""163128971"", ""157122738"", ""187276264"", ""162661871"", ""179440048""]"
none_subset,1,207269457,109562038,46,116,0,0,0,0,0,0,"[""195720861"", ""166724206"", ""210822934"", ""167339905"", ""58097180"", ""160673739"", ""176672668"", ""207870356"", ""105346807"", ""141722116""]"
none_subset,1,203378996,177115567,64,205,0,0,0,0,0,0,"[""213477902"", ""71717443"", ""167161374"", ""138536618"", ""153896185"", ""196219732"", ""211109264"", ""142659992"", ""188981957"", ""182382634""]"
none_subset,1,170514974,135092085,64,653,0,0,0,0,0,0,"[""188806182"", ""201033612"", ""181091864"", ""45933851"", ""174772202"", ""206798127"", ""12224624"", ""168179093"", ""145311547"", ""203921886""]"
none_subset,1,213853352,191305287,64,640,0,0,0,0,0,0,"[""210923456"", ""158680148"", ""98518695"", ""103274645"", ""210516871"", ""211980241"", ""31017779"", ""99417938"", ""109320323"", ""95788322""]"
none_subset,1,161660267,137935033,43,228,0,0,0,0,0,0,"[""196746909"", ""75777764"", ""213956523"", ""163980868"", ""205133651"", ""191701553"", ""136611640"", ""204570694"", ""207851646"", ""129743380""]"
none_subset,1,205652281,115405939,38,275,0,0,0,0,0,0,"[""125496543"", ""81511985"", ""86894062"", ""56367133"", ""161002473"", ""87901219"", ""104610572"", ""128168264"", ""133301327"", ""188948528""]"
none_subset,1,213799986,154324585,64,262,0,0,0,0,0,0,"[""203188239"", ""73065988"", ""168661537"", ""161213343"", ""181955550"", ""173458489"", ""96822403"", ""69885765"", ""207683325"", ""136347027""]"
none_subset,1,202508544,174770035,4,900,0,0,0,0,0,0,"[""168099979"", ""169985505"", ""212372690"", ""210616697"", ""183692559"", ""149055885"", ""183765728"", ""214521847"", ""183670529"", ""200860968""]"
none_subset,1,224242506,213870777,4,8,0,0,0,1,1,1,"[""58216709"", ""211428834"", ""204701777"", ""200027218"", ""136187384"", ""212373864"", ""210974244"", ""213870777"", ""195751201"", ""205217227""]"
none_subset,1,205929679,180795487,46,229,0,0,0,0,0,0,"[""185043110"", ""140827649"", ""204630509"", ""106349059"", ""154698834"", ""158946684"", ""79523323"", ""212767225"", ""113654919"", ""165151245""]"
none_subset,1,176134296,148457347,4,208,0,0,0,0,0,0,"[""168532419"", ""162653386"", ""86878993"", ""113779353"", ""172890535"", ""129435163"", ""50847980"", ""157752611"", ""181909843"", ""123881493""]"
none_subset,1,215164166,191705183,46,121,0,0,0,0,0,0,"[""181810712"", ""209140494"", ""113000796"", ""164400164"", ""140412713"", ""186116554"", ""142789905"", ""183321047"", ""192437637"", ""173820001""]"
none_subset,1,209594529,187225097,4,214,0,0,0,0,0,0,"[""182361800"", ""199333962"", ""176819214"", ""192473388"", ""73205799"", ""181054833"", ""200589462"", ""209124215"", ""176566249"", ""194142299""]"
none_subset,1,194785559,166812865,64,548,0,0,0,0,0,0,"[""146444401"", ""192632345"", ""147984435"", ""133214115"", ""168711759"", ""85881610"", ""153330413"", ""157210468"", ""19607163"", ""181619566""]"
none_subset,1,194818892,161497124,46,3,0,1,1,1,1,1,"[""205368126"", ""174623464"", ""161497124"", ""199457581"", ""39277627"", ""111118568"", ""211382509"", ""77995654"", ""201742113"", ""209980383""]"
none_subset,1,209422927,176978968,43,19,0,0,0,0,1,1,"[""204570694"", ""183703868"", ""117984925"", ""191701553"", ""120188232"", ""153591399"", ""134461446"", ""133220748"", ""196397416"", ""180987262""]"
none_subset,1,209385137,181057790,64,1315,0,0,0,0,0,0,"[""195529634"", ""119531435"", ""47134269"", ""176571185"", ""204125965"", ""211475437"", ""187944465"", ""143752488"", ""165687007"", ""179015555""]"
none_subset,1,193926930,119064343,43,4,0,0,1,1,1,1,"[""144710651"", ""67606658"", ""145947056"", ""119064343"", ""190193667"", ""189984269"", ""197584084"", ""70843932"", ""76380885"", ""61394763""]"
none_subset,1,124522237,100809776,46,162,0,0,0,0,0,0,"[""78390422"", ""201508287"", ""168442343"", ""172250706"", ""203778148"", ""172671263"", ""194132989"", ""168815908"", ""205233162"", ""210468796""]"
none_subset,1,117909099,104680991,4,85,0,0,0,0,0,0,"[""200796353"", ""202290969"", ""168222985"", ""21060681"", ""194734151"", ""193059683"", ""164495014"", ""209180066"", ""129815138"", ""6658108""]"
none_subset,1,222892332,172547115,46,447,0,0,0,0,0,0,"[""212905783"", ""208719036"", ""201436985"", ""210667015"", ""204899704"", ""213683775"", ""210373455"", ""214251597"", ""172966334"", ""208458622""]"
none_subset,1,223690993,208584357,38,46,0,0,0,0,0,1,"[""137025491"", ""170938980"", ""194365263"", ""58199619"", ""181340196"", ""121756181"", ""92748634"", ""73438643"", ""123502593"", ""180784190""]"
none_subset,1,216068584,28421314,38,413,0,0,0,0,0,0,"[""69350726"", ""116226486"", ""182866917"", ""66334917"", ""214394715"", ""110664117"", ""199885692"", ""209258995"", ""192596276"", ""47432873""]"
none_subset,1,190170843,149389681,38,64,0,0,0,0,0,0,"[""107256101"", ""41147018"", ""211015168"", ""142398566"", ""172935259"", ""84080355"", ""171108508"", ""127669239"", ""202987035"", ""183272380""]"
none_subset,1,117081899,100690598,38,38,0,0,0,0,0,1,"[""205018667"", ""207694901"", ""151647004"", ""135792591"", ""173785088"", ""158574234"", ""162345431"", ""192131446"", ""204375245"", ""206039176""]"
none_subset,1,210583888,188696626,62,112,0,0,0,0,0,0,"[""187207232"", ""162715321"", ""62985633"", ""152444456"", ""192825178"", ""143133964"", ""160036757"", ""207100364"", ""70069885"", ""212503126""]"
none_subset,1,196081246,162009040,43,571,0,0,0,0,0,0,"[""128872941"", ""204449585"", ""125638272"", ""119675310"", ""127254122"", ""170523305"", ""178276896"", ""191583920"", ""215382114"", ""145130578""]"
none_subset,1,182521870,115864237,64,492,0,0,0,0,0,0,"[""143656811"", ""149253481"", ""208234215"", ""20536325"", ""156846975"", ""160597636"", ""105898966"", ""184076586"", ""140676990"", ""193536959""]"
none_subset,1,181876499,103017168,46,898,0,0,0,0,0,0,"[""112985650"", ""214729100"", ""167383627"", ""206299484"", ""208099584"", ""203644944"", ""208431676"", ""172482321"", ""209947619"", ""140978820""]"
none_subset,1,201650625,86380155,37,176,0,0,0,0,0,0,"[""148596814"", ""162164654"", ""101467414"", ""65390256"", ""195396146"", ""173034966"", ""206497590"", ""149838464"", ""183578088"", ""170110241""]"
none_subset,1,194797571,165829832,46,1854,0,0,0,0,0,0,"[""156554598"", ""165704043"", ""210348218"", ""120932240"", ""119703959"", ""213672603"", ""82615761"", ""214430451"", ""205315794"", ""193467718""]"
none_subset,1,161979809,124110006,64,939,0,0,0,0,0,0,"[""102651632"", ""202596735"", ""196219732"", ""167161374"", ""130875563"", ""161590575"", ""215138112"", ""169622540"", ""122024341"", ""210720310""]"
none_subset,1,225320701,209631907,46,288,0,0,0,0,0,0,"[""102458654"", ""215475381"", ""204638926"", ""194733810"", ""109987121"", ""123341476"", ""197949897"", ""194136520"", ""39277627"", ""180749212""]"
none_subset,1,208048114,179803138,46,401,0,0,0,0,0,0,"[""66211329"", ""130514762"", ""154244912"", ""150142821"", ""78524182"", ""116259633"", ""183140735"", ""191705183"", ""138620481"", ""191792029""]"
none_subset,1,217747016,200331414,46,75,0,0,0,0,0,0,"[""105148782"", ""156626186"", ""64234906"", ""178111525"", ""126522124"", ""179041527"", ""181905212"", ""113591349"", ""119695215"", ""146925504""]"
none_subset,1,220095257,194465314,4,532,0,0,0,0,0,0,"[""144995106"", ""156471159"", ""194142299"", ""194898252"", ""200589143"", ""173259969"", ""183725729"", ""207050878"", ""154928608"", ""201066421""]"
none_subset,1,161307230,127751465,37,96,0,0,0,0,0,0,"[""206528763"", ""188131021"", ""169257920"", ""126769378"", ""133686967"", ""183797214"", ""139290462"", ""185266696"", ""156634898"", ""127604459""]"
none_subset,1,155302456,108320509,46,1827,0,0,0,0,0,0,"[""212456358"", ""138901705"", ""172940777"", ""210482648"", ""213174015"", ""162796958"", ""120963350"", ""212434023"", ""160007768"", ""46410175""]"
none_subset,1,222071826,210310500,46,31,0,0,0,0,0,1,"[""210417568"", ""212905836"", ""212384469"", ""210856802"", ""213247950"", ""179347666"", ""171636556"", ""207544587"", ""211677891"", ""209191190""]"
none_subset,1,140138854,119093613,46,1,1,1,1,1,1,1,"[""119093613"", ""80195905"", ""102529512"", ""128181955"", ""133182836"", ""183484544"", ""151511658"", ""15325925"", ""169711662"", ""144423993""]"
none_subset,1,224948603,193793367,64,7,0,0,0,1,1,1,"[""195536621"", ""126295674"", ""135170809"", ""69227080"", ""165717472"", ""212429237"", ""193793367"", ""127491303"", ""181529530"", ""177968315""]"
none_subset,1,195295522,132751926,43,239,0,0,0,0,0,0,"[""98114179"", ""194184168"", ""140993217"", ""198313310"", ""195659383"", ""207021897"", ""208098135"", ""185311632"", ""18269900"", ""77390218""]"
none_subset,1,216305480,199422802,4,1,1,1,1,1,1,1,"[""199422802"", ""159111889"", ""153223626"", ""199780246"", ""199921056"", ""187280517"", ""192316575"", ""123469638"", ""177326361"", ""194508039""]"
none_subset,1,135081167,112930320,4,98,0,0,0,0,0,0,"[""156901917"", ""194446742"", ""113622434"", ""144995106"", ""209961670"", ""56134226"", ""42368928"", ""182361800"", ""137934343"", ""194898252""]"
none_subset,1,211700245,189799383,38,1814,0,0,0,0,0,0,"[""144261984"", ""161174151"", ""128022775"", ""69350726"", ""192654276"", ""169004224"", ""171180851"", ""168091953"", ""111639650"", ""117484080""]"
none_subset,1,225327396,209208662,37,51,0,0,0,0,0,0,"[""146962916"", ""133924998"", ""117786165"", ""203721792"", ""188083340"", ""154316487"", ""168359992"", ""152102790"", ""126361288"", ""136855478""]"
none_subset,1,207497237,148800689,37,16,0,0,0,0,1,1,"[""209172941"", ""208532302"", ""137567904"", ""186646910"", ""187423310"", ""184952787"", ""151601836"", ""192227530"", ""193485768"", ""149483145""]"
none_subset,1,183537865,152727959,37,99,0,0,0,0,0,0,"[""94966858"", ""45171964"", ""144029506"", ""14688074"", ""153720008"", ""206412545"", ""192387012"", ""187043151"", ""157628611"", ""153601190""]"
none_subset,1,181613499,152639237,46,308,0,0,0,0,0,0,"[""79086260"", ""213021213"", ""202999067"", ""152716158"", ""150742725"", ""104330915"", ""78570599"", ""157417143"", ""108786028"", ""214293298""]"
none_subset,1,222590160,202552531,64,614,0,0,0,0,0,0,"[""186937016"", ""119651772"", ""206003254"", ""196286888"", ""191011510"", ""185087026"", ""209269315"", ""163787427"", ""56593545"", ""168712424""]"
none_subset,1,211345994,178305613,4,208,0,0,0,0,0,0,"[""165955611"", ""213053357"", ""177056777"", ""204007557"", ""211385428"", ""201432635"", ""212317993"", ""191493353"", ""210240441"", ""205144961""]"
none_subset,1,224751423,214758060,64,38,0,0,0,0,0,1,"[""126953299"", ""169353292"", ""205920501"", ""56833135"", ""144281937"", ""202253212"", ""174340250"", ""56593545"", ""213253358"", ""162587856""]"
none_subset,1,180288071,147531803,43,50,0,0,0,0,0,1,"[""163980868"", ""197891724"", ""207851646"", ""83385070"", ""153170041"", ""148202513"", ""118484592"", ""129211206"", ""147137741"", ""81376188""]"
none_subset,1,213770937,194478821,38,193,0,0,0,0,0,0,"[""145798245"", ""151342069"", ""186432633"", ""181203442"", ""205170862"", ""133906753"", ""205051314"", ""149816343"", ""138045329"", ""180260568""]"
none_subset,1,199143075,151630608,64,872,0,0,0,0,0,0,"[""183047062"", ""164183551"", ""112345894"", ""109614914"", ""203638583"", ""148445574"", ""144993193"", ""168633758"", ""153490486"", ""105928549""]"
none_subset,1,127293138,102741176,37,393,0,0,0,0,0,0,"[""168964563"", ""104989552"", ""195462928"", ""196774938"", ""155851122"", ""106674292"", ""154120842"", ""199925635"", ""212197427"", ""117786165""]"
none_subset,1,159187996,127512781,64,158,0,0,0,0,0,0,"[""129093190"", ""167740456"", ""181619566"", ""194941994"", ""100752496"", ""188802952"", ""190786565"", ""62550428"", ""60032340"", ""149715107""]"
none_subset,1,41839803,66009090,64,316,0,0,0,0,0,0,"[""190167812"", ""99419597"", ""93476336"", ""77539256"", ""103416735"", ""105879570"", ""115792264"", ""207446541"", ""20739628"", ""164251039""]"
none_subset,1,197586002,170310110,57,2159,0,0,0,0,0,0,"[""201816125"", ""208427757"", ""201201466"", ""194650480"", ""183322220"", ""202643099"", ""210566036"", ""213299500"", ""211144150"", ""200848821""]"
none_subset,1,220845685,165756140,46,540,0,0,0,0,0,0,"[""82753953"", ""206400304"", ""210232040"", ""210308295"", ""171164335"", ""204632637"", ""201559196"", ""209621390"", ""179454167"", ""179848489""]"
none_subset,1,144723417,126898247,37,602,0,0,0,0,0,0,"[""213471023"", ""141241455"", ""89171973"", ""209543868"", ""57914905"", ""96256428"", ""137062195"", ""146527115"", ""134046020"", ""192163385""]"
none_subset,1,221140475,161194868,62,1,1,1,1,1,1,1,"[""161194868"", ""110895997"", ""67295737"", ""124884051"", ""159454787"", ""28993845"", ""128589400"", ""148423515"", ""204100209"", ""141590566""]"
none_subset,1,215133517,173279591,43,1,1,1,1,1,1,1,"[""173279591"", ""194667319"", ""177472789"", ""134999759"", ""177473145"", ""65700153"", ""185696449"", ""125934100"", ""180919412"", ""208558873""]"
none_subset,1,118955952,96112528,62,161,0,0,0,0,0,0,"[""150777456"", ""185851832"", ""53764247"", ""46908126"", ""145948811"", ""208719189"", ""213575980"", ""198384646"", ""178530215"", ""143915983""]"
none_subset,1,161520335,121775976,37,149,0,0,0,0,0,0,"[""213026576"", ""70624061"", ""123258872"", ""115215869"", ""160376991"", ""40240729"", ""103348357"", ""185636932"", ""45171964"", ""118806862""]"
none_subset,1,215206177,183901246,57,670,0,0,0,0,0,0,"[""75620161"", ""194300354"", ""160960703"", ""157149837"", ""172878744"", ""208138641"", ""44099851"", ""77251172"", ""103801352"", ""106293506""]"
none_subset,1,187691330,154904834,38,248,0,0,0,0,0,0,"[""192191594"", ""199927975"", ""128022775"", ""107256101"", ""211427284"", ""41147018"", ""145998937"", ""179448345"", ""157714512"", ""169647353""]"
none_subset,1,225332725,214896797,4,17,0,0,0,0,1,1,"[""173641656"", ""207568797"", ""159659843"", ""138230611"", ""74691545"", ""205365317"", ""169556971"", ""126042350"", ""180096072"", ""159364641""]"
none_subset,1,174712116,139342323,4,972,0,0,0,0,0,0,"[""191564735"", ""137677513"", ""161593927"", ""185556523"", ""149264383"", ""193746035"", ""192906971"", ""56998165"", ""160192032"", ""191889856""]"
none_subset,1,87804149,85130633,57,332,0,0,0,0,0,0,"[""209291153"", ""87485702"", ""203498000"", ""171298197"", ""200869212"", ""205695720"", ""211088598"", ""169082227"", ""138365679"", ""210672605""]"
none_subset,1,195850285,136445502,38,3,0,1,1,1,1,1,"[""194792335"", ""61530422"", ""136445502"", ""193857539"", ""208393437"", ""169336593"", ""125505087"", ""109389723"", ""161419745"", ""100982924""]"
none_subset,1,37254924,41145233,43,599,0,0,0,0,0,0,"[""120630424"", ""192287850"", ""75959067"", ""130771188"", ""86505092"", ""163095786"", ""197580291"", ""181167814"", ""130448492"", ""49833634""]"
none_subset,1,177089730,143848258,38,13,0,0,0,0,1,1,"[""76978137"", ""194792335"", ""157035510"", ""198984787"", ""211454407"", ""193857539"", ""132680001"", ""98186259"", ""188326498"", ""168804724""]"
none_subset,1,142279373,116393868,46,1032,0,0,0,0,0,0,"[""123341476"", ""208143888"", ""111715361"", ""71898634"", ""105129945"", ""52955195"", ""92873779"", ""53654857"", ""48680779"", ""121346371""]"
none_subset,1,166547112,131943838,37,193,0,0,0,0,0,0,"[""156898538"", ""116967483"", ""166280219"", ""200025016"", ""126929630"", ""65584321"", ""209208662"", ""170049514"", ""199866100"", ""106674292""]"
none_subset,1,217687223,52992112,62,63,0,0,0,0,0,0,"[""15942056"", ""45997741"", ""193710073"", ""115226483"", ""133870924"", ""70250999"", ""190186845"", ""119531432"", ""145569722"", ""117835777""]"
none_subset,1,222413500,210871676,62,237,0,0,0,0,0,0,"[""153723208"", ""121524691"", ""124000667"", ""192447937"", ""213066001"", ""194590921"", ""188191658"", ""172997177"", ""196286784"", ""208956211""]"
none_subset,1,209967205,169591737,4,125,0,0,0,0,0,0,"[""149095048"", ""9766161"", ""172890535"", ""151518049"", ""120663751"", ""76515539"", ""184587206"", ""144373105"", ""193831253"", ""164940716""]"
none_subset,1,186680627,155875698,57,456,0,0,0,0,0,0,"[""214410624"", ""211902751"", ""59261305"", ""214819488"", ""188014203"", ""16056068"", ""79527310"", ""137798201"", ""113047535"", ""159239702""]"
none_subset,1,207494441,183750892,4,35,0,0,0,0,0,1,"[""201090511"", ""201461303"", ""193879806"", ""192331154"", ""196026500"", ""190161584"", ""210484477"", ""191147915"", ""188605425"", ""201657691""]"
none_subset,1,186903115,100680008,38,358,0,0,0,0,0,0,"[""121550726"", ""31197704"", ""165036594"", ""92748634"", ""95395941"", ""73438643"", ""154107984"", ""194261092"", ""23348079"", ""212456523""]"
none_subset,1,113317297,100882487,46,104,0,0,0,0,0,0,"[""78094109"", ""147047749"", ""172250706"", ""180829317"", ""146029150"", ""182136657"", ""212781522"", ""140437226"", ""103250951"", ""106349059""]"
none_subset,1,204024681,158075100,64,22,0,0,0,0,1,1,"[""164183551"", ""183047062"", ""112345894"", ""168633758"", ""105144259"", ""153490486"", ""151475614"", ""105928549"", ""180165679"", ""109614914""]"
none_subset,1,212904755,150577652,4,466,0,0,0,0,0,0,"[""191461282"", ""45909356"", ""158175855"", ""143852845"", ""180924550"", ""144264277"", ""181699642"", ""191509023"", ""156471159"", ""179909533""]"
none_subset,1,224986751,214961917,37,2038,0,0,0,0,0,0,"[""173499684"", ""174772190"", ""204151797"", ""200237857"", ""207799963"", ""140706897"", ""157139216"", ""207913496"", ""198930981"", ""162275547""]"
none_subset,1,170918900,135776258,43,527,0,0,0,0,0,0,"[""144399603"", ""111985578"", ""130448492"", ""192247862"", ""178425205"", ""160295191"", ""213139647"", ""199547133"", ""136346634"", ""181167814""]"
none_subset,1,134673711,98741685,38,1025,0,0,0,0,0,0,"[""146723193"", ""123652552"", ""193575305"", ""139134458"", ""179018718"", ""199347203"", ""207948213"", ""142598311"", ""160593509"", ""190110099""]"
none_subset,1,219248296,151333626,38,170,0,0,0,0,0,0,"[""67142038"", ""204092180"", ""149755002"", ""130168090"", ""194346900"", ""158493521"", ""55637037"", ""194245127"", ""149579144"", ""123190192""]"
none_subset,1,209157409,181045567,4,18,0,0,0,0,1,1,"[""200087166"", ""194212862"", ""206288930"", ""168532419"", ""187540651"", ""112930320"", ""182361800"", ""176566249"", ""79131324"", ""197455821""]"
none_subset,1,184280693,156251697,4,1430,0,0,0,0,0,0,"[""153939423"", ""119106930"", ""119644839"", ""114164900"", ""150679730"", ""200963901"", ""122564854"", ""148281605"", ""149759096"", ""150252011""]"
none_subset,1,207680174,181683776,4,256,0,0,0,0,0,0,"[""149095048"", ""193831253"", ""172890535"", ""50847980"", ""162653386"", ""9766161"", ""179812166"", ""144373105"", ""180350779"", ""76515539""]"
none_subset,1,111155748,99862014,64,1839,0,0,0,0,0,0,"[""80281524"", ""181619566"", ""60032340"", ""188820923"", ""144358079"", ""169220249"", ""194941994"", ""167740456"", ""190043031"", ""156194814""]"
none_subset,1,93917220,63699736,38,327,0,0,0,0,0,0,"[""103134592"", ""125547696"", ""104386568"", ""153285645"", ""126942864"", ""203491291"", ""155788187"", ""29779319"", ""158784944"", ""160132129""]"
none_subset,1,146255762,81332784,46,593,0,0,0,0,0,0,"[""210902832"", ""138809171"", ""138570829"", ""77308664"", ""110594662"", ""136999435"", ""160673739"", ""13414842"", ""126538280"", ""208171217""]"
none_subset,1,142940456,124330451,38,461,0,0,0,0,0,0,"[""199347203"", ""190110099"", ""186449527"", ""166464949"", ""189348629"", ""88878302"", ""199035650"", ""118242163"", ""74328058"", ""191973875""]"
none_subset,1,42688693,17141705,62,426,0,0,0,0,0,0,"[""32384255"", ""145569722"", ""135330582"", ""134163515"", ""76756819"", ""194707540"", ""117835777"", ""161511273"", ""72936314"", ""157472228""]"
none_subset,1,182878818,146962695,43,1015,0,0,0,0,0,0,"[""162791674"", ""7945877"", ""121314084"", ""193581474"", ""196601703"", ""138011937"", ""198423070"", ""188369365"", ""130015811"", ""208096405""]"
none_subset,1,63113161,69904249,38,1643,0,0,0,0,0,0,"[""13386454"", ""122407287"", ""117565422"", ""68304286"", ""14434511"", ""55870666"", ""148428740"", ""124750735"", ""28399802"", ""110664117""]"
none_subset,1,191742216,160129846,4,147,0,0,0,0,0,0,"[""207322592"", ""141186510"", ""144683728"", ""185880119"", ""195502889"", ""202705628"", ""189148609"", ""201066421"", ""154203183"", ""188565273""]"
none_subset,1,186945430,148682248,62,1688,0,0,0,0,0,0,"[""212966939"", ""113866351"", ""48622006"", ""65096709"", ""48004410"", ""75207324"", ""46137767"", ""85137253"", ""63916792"", ""60189912""]"
none_subset,1,168756817,142537342,46,224,0,0,0,0,0,0,"[""128782682"", ""133779076"", ""190912236"", ""132867538"", ""78570599"", ""179384818"", ""160537607"", ""183484544"", ""75379104"", ""104586565""]"
none_subset,1,216158444,190316507,37,160,0,0,0,0,0,0,"[""203730564"", ""203837820"", ""184818286"", ""201660893"", ""209128550"", ""193995538"", ""190569345"", ""208742868"", ""151808122"", ""211165397""]"
none_subset,1,189801807,161417702,37,1285,0,0,0,0,0,0,"[""105071457"", ""190555289"", ""178545557"", ""90201092"", ""206382148"", ""122687023"", ""158103752"", ""203489688"", ""123348735"", ""66708197""]"
none_subset,1,210174308,188363722,57,218,0,0,0,0,0,0,"[""201084593"", ""179051816"", ""135799952"", ""209726587"", ""203550692"", ""202119079"", ""206821512"", ""191366717"", ""202934090"", ""173797071""]"
none_subset,1,77232181,78627576,38,748,0,0,0,0,0,0,"[""205529136"", ""118583542"", ""18798683"", ""142545716"", ""213273339"", ""150425433"", ""203545957"", ""112233798"", ""141877395"", ""200673130""]"
none_subset,1,65445301,60424871,43,468,0,0,0,0,0,0,"[""163402666"", ""157995027"", ""75960684"", ""132442481"", ""157682449"", ""127635452"", ""178871976"", ""176675797"", ""210978962"", ""162384225""]"
none_subset,1,200314721,165590843,4,158,0,0,0,0,0,0,"[""175972809"", ""209335746"", ""164270841"", ""180862612"", ""116474962"", ""154438637"", ""199434730"", ""203776159"", ""172234841"", ""207566657""]"
none_subset,1,220444471,185912167,38,218,0,0,0,0,0,0,"[""192721742"", ""106027581"", ""119050794"", ""186580987"", ""210930251"", ""165594878"", ""188563326"", ""8550716"", ""186767110"", ""103551862""]"
none_subset,1,212615904,184071121,37,22,0,0,0,0,1,1,"[""164430683"", ""94672340"", ""156440997"", ""165582044"", ""205679951"", ""187712911"", ""109707567"", ""159816408"", ""151207249"", ""212776036""]"
none_subset,1,30383073,28656005,46,145,0,0,0,0,0,0,"[""135652658"", ""32127644"", ""138617659"", ""113055815"", ""126538280"", ""106146754"", ""195780279"", ""162996731"", ""170235414"", ""195389065""]"
none_subset,1,194714542,159200395,37,275,0,0,0,0,0,0,"[""133932837"", ""183978577"", ""42842956"", ""153052637"", ""188967908"", ""213026576"", ""152762226"", ""91090509"", ""188742562"", ""208464643""]"
none_subset,1,188912224,160058303,43,67,0,0,0,0,0,0,"[""198078019"", ""91124875"", ""142700536"", ""113898898"", ""129951806"", ""101956556"", ""18118516"", ""180961442"", ""124898415"", ""143611276""]"
none_subset,1,209501131,182010866,43,11,0,0,0,0,1,1,"[""44768555"", ""167879223"", ""127321663"", ""74204224"", ""145855101"", ""118436830"", ""152645436"", ""18269900"", ""189313113"", ""127979191""]"
none_subset,1,225329898,191805410,46,161,0,0,0,0,0,0,"[""71898794"", ""167265746"", ""97623791"", ""167856948"", ""183484544"", ""75379104"", ""169711662"", ""155950947"", ""12880586"", ""206201645""]"
none_subset,1,112958959,99222832,37,301,0,0,0,0,0,0,"[""159129159"", ""201003118"", ""200164411"", ""92919228"", ""85363083"", ""89714653"", ""149248013"", ""155883238"", ""206411822"", ""194860062""]"
none_subset,1,19734916,7496107,62,804,0,0,0,0,0,0,"[""178530215"", ""210957793"", ""210452869"", ""203886140"", ""77242261"", ""193455135"", ""161006191"", ""206927728"", ""103593430"", ""172899019""]"
none_subset,1,147796710,105081789,64,219,0,0,0,0,0,0,"[""126295674"", ""191000780"", ""132289907"", ""41031023"", ""78822988"", ""98469115"", ""43675047"", ""72224328"", ""206798127"", ""184412814""]"
none_subset,1,183931082,116857348,64,49,0,0,0,0,0,1,"[""146444401"", ""151366408"", ""128607088"", ""181619566"", ""133214115"", ""19607163"", ""152368817"", ""100752496"", ""167740456"", ""208682751""]"
none_subset,1,182877168,151964729,37,992,0,0,0,0,0,0,"[""93983706"", ""152508279"", ""184320957"", ""51138626"", ""154732137"", ""92247640"", ""107202977"", ""89630035"", ""155458733"", ""169228866""]"
none_subset,1,68668633,74117799,64,2243,0,0,0,0,0,0,"[""132328232"", ""208376832"", ""156718510"", ""147553253"", ""168661537"", ""181955550"", ""70262578"", ""69885765"", ""134786446"", ""207683325""]"
none_subset,1,180590735,151400588,38,648,0,0,0,0,0,0,"[""156470070"", ""213448007"", ""160076768"", ""111489526"", ""176961182"", ""155788187"", ""127753885"", ""73432323"", ""195568098"", ""76211714""]"
none_subset,1,223878241,203489048,43,99,0,0,0,0,0,0,"[""126632799"", ""124759667"", ""102049448"", ""100453266"", ""162204782"", ""202169801"", ""99989757"", ""112069335"", ""65223002"", ""84316516""]"
none_subset,1,72312635,43476772,64,28,0,0,0,0,1,1,"[""69248477"", ""156194814"", ""190043031"", ""173246608"", ""94082722"", ""178000493"", ""179201033"", ""190786565"", ""167740456"", ""121442493""]"
none_subset,1,216670544,200173512,43,59,0,0,0,0,0,0,"[""203417954"", ""191629352"", ""194022987"", ""198078019"", ""187215484"", ""209862942"", ""156536547"", ""136773099"", ""184633847"", ""139302940""]"
none_subset,1,79772428,72670018,62,1776,0,0,0,0,0,0,"[""70250999"", ""119531432"", ""135330582"", ""15942056"", ""167352840"", ""152115593"", ""55406350"", ""117835777"", ""190186845"", ""156966802""]"
none_subset,1,189014795,156066426,43,9,0,0,0,1,1,1,"[""210940174"", ""86466727"", ""196291255"", ""209858049"", ""71491553"", ""213210833"", ""198092139"", ""139796131"", ""156066426"", ""194500859""]"
none_subset,1,196576597,167833938,57,995,0,0,0,0,0,0,"[""152199865"", ""82186270"", ""66276958"", ""122759785"", ""125334350"", ""22981052"", ""190145892"", ""203709549"", ""152196065"", ""94052290""]"
none_subset,1,42436354,48307499,37,379,0,0,0,0,0,0,"[""51749408"", ""16898206"", ""203800537"", ""33066220"", ""132606216"", ""138383384"", ""23924949"", ""163365579"", ""125547800"", ""102274756""]"
none_subset,1,210977349,189901460,4,530,0,0,0,0,0,0,"[""192410120"", ""200110527"", ""192752207"", ""179705270"", ""201066421"", ""210821150"", ""96215020"", ""102233014"", ""207322592"", ""213981943""]"
none_subset,1,133539481,116918686,38,830,0,0,0,0,0,0,"[""167575814"", ""138796357"", ""163815969"", ""107235735"", ""81511985"", ""197159783"", ""169283590"", ""204637998"", ""177615389"", ""103799422""]"
none_subset,1,194518674,155647098,57,1245,0,0,0,0,0,0,"[""149427907"", ""63293833"", ""53902698"", ""176835551"", ""204648894"", ""80105708"", ""179670037"", ""151872768"", ""214171273"", ""202626135""]"
none_subset,1,175295469,143875665,43,1320,0,0,0,0,0,0,"[""146898856"", ""130448492"", ""101617365"", ""99130868"", ""209552250"", ""160407494"", ""163095786"", ""181167814"", ""207129670"", ""56249203""]"
none_subset,1,206040429,135449945,62,364,0,0,0,0,0,0,"[""119531432"", ""70250999"", ""113925741"", ""143133964"", ""105067970"", ""162672578"", ""168442721"", ""78481865"", ""131293364"", ""152115593""]"
none_subset,1,134957970,112046908,38,362,0,0,0,0,0,0,"[""73438643"", ""92748634"", ""154107984"", ""188963004"", ""163646287"", ""121550726"", ""67142038"", ""194245127"", ""151856683"", ""58199619""]"
none_subset,1,42375630,46481554,46,130,0,0,0,0,0,0,"[""188997673"", ""19664212"", ""174096017"", ""194793794"", ""16435346"", ""50497846"", ""76058535"", ""32199561"", ""137814996"", ""136576031""]"
none_subset,1,135329967,116929460,37,1,1,1,1,1,1,1,"[""116929460"", ""23924949"", ""142990642"", ""142630827"", ""152741672"", ""139290462"", ""161680150"", ""193679263"", ""82620936"", ""186793836""]"
none_subset,1,207552768,183764775,4,39,0,0,0,0,0,1,"[""210484477"", ""197090565"", ""191316160"", ""205600080"", ""188605425"", ""195510728"", ""180843726"", ""196026500"", ""210550451"", ""196161368""]"
none_subset,1,223911113,213295875,62,193,0,0,0,0,0,0,"[""208719189"", ""192447937"", ""196478095"", ""178530215"", ""211070786"", ""210452869"", ""121524691"", ""204577887"", ""194031762"", ""199766725""]"
none_subset,1,171901450,134701518,57,797,0,0,0,0,0,0,"[""168411289"", ""131116925"", ""193349740"", ""139367767"", ""109045133"", ""171245380"", ""167495362"", ""207206235"", ""165671190"", ""113035980""]"
none_subset,1,94318126,79219323,37,71,0,0,0,0,0,0,"[""191849051"", ""176300467"", ""146734205"", ""141914395"", ""185905678"", ""151207249"", ""160476275"", ""143826001"", ""204542705"", ""161417702""]"
none_subset,1,66674874,71990231,4,231,0,0,0,0,0,0,"[""140998592"", ""177849963"", ""72044288"", ""156103241"", ""167254533"", ""77437367"", ""112871050"", ""63030233"", ""107170817"", ""148365289""]"
none_subset,1,197036077,146304930,57,73,0,0,0,0,0,0,"[""162086507"", ""122144532"", ""44099846"", ""174908800"", ""16684342"", ""122286186"", ""84446338"", ""109983619"", ""212867260"", ""113655478""]"
none_subset,1,207669242,183225705,43,600,0,0,0,0,0,0,"[""203995902"", ""202216480"", ""192528335"", ""163838965"", ""146847455"", ""175374033"", ""186244397"", ""178819152"", ""89809066"", ""96854864""]"
none_subset,1,180751434,150129745,64,335,0,0,0,0,0,0,"[""121260031"", ""97428675"", ""80098795"", ""46094230"", ""151373996"", ""115988300"", ""213433847"", ""203509707"", ""173661276"", ""188610188""]"
none_subset,1,221126045,201704588,43,22,0,0,0,0,1,1,"[""193746203"", ""108684069"", ""183640029"", ""192942930"", ""166344121"", ""164268294"", ""139391726"", ""170651164"", ""125529150"", ""97506344""]"
none_subset,1,223230808,212216117,37,29,0,0,0,0,1,1,"[""206298198"", ""209386603"", ""201561139"", ""196683792"", ""209172335"", ""186464825"", ""173966675"", ""196469804"", ""210226726"", ""201660893""]"
none_subset,1,177789215,145698626,4,124,0,0,0,0,0,0,"[""144373105"", ""122594682"", ""159922963"", ""149095048"", ""172890535"", ""190621677"", ""164940716"", ""98076075"", ""76515539"", ""176039610""]"
none_subset,1,222158033,209156180,37,248,0,0,0,0,0,0,"[""153052637"", ""162492521"", ""60946553"", ""133932837"", ""158689026"", ""110228146"", ""143826001"", ""120040052"", ""162164654"", ""97834862""]"
none_subset,1,192119956,149266469,37,999,0,0,0,0,0,0,"[""140526387"", ""149216805"", ""88914492"", ""200733855"", ""156534483"", ""169612327"", ""143975932"", ""144803619"", ""199200887"", ""126794514""]"
none_subset,1,121225892,105854316,43,14,0,0,0,0,1,1,"[""136296407"", ""207958000"", ""113535350"", ""113125737"", ""107227181"", ""163223965"", ""129262032"", ""167483448"", ""107193923"", ""143190396""]"
none_subset,1,179492657,148382065,43,359,0,0,0,0,0,0,"[""202025930"", ""200208585"", ""45966001"", ""202343187"", ""153555711"", ""120597166"", ""192944095"", ""208096405"", ""195408710"", ""207048259""]"
none_subset,1,224149841,213430450,43,37,0,0,0,0,0,1,"[""145855101"", ""44768555"", ""127321663"", ""201647231"", ""129585321"", ""204623611"", ""167261762"", ""198489911"", ""113148533"", ""136434782""]"
none_subset,1,197596838,159701581,37,1122,0,0,0,0,0,0,"[""206967323"", ""203837820"", ""209000043"", ""70632915"", ""99567115"", ""105540540"", ""188550286"", ""194962417"", ""207986094"", ""206129800""]"
none_subset,1,221943904,206506072,38,901,0,0,0,0,0,0,"[""181340196"", ""44557915"", ""204985593"", ""211069820"", ""176455982"", ""151805156"", ""5564013"", ""58199619"", ""204218454"", ""34102224""]"
none_subset,1,185015935,150778048,37,622,0,0,0,0,0,0,"[""182254392"", ""204920168"", ""70624061"", ""160990803"", ""116240817"", ""196428679"", ""151964729"", ""98327133"", ""45171964"", ""100015328""]"
none_subset,1,214248010,195057440,62,1834,0,0,0,0,0,0,"[""191201365"", ""204377471"", ""136225463"", ""187612359"", ""134917876"", ""205736250"", ""154719095"", ""58086605"", ""15942056"", ""69002225""]"
none_subset,1,156067516,81576657,62,43,0,0,0,0,0,1,"[""136965396"", ""209151724"", ""209252153"", ""112339725"", ""189021318"", ""197595797"", ""197683619"", ""134618566"", ""127168363"", ""106048307""]"
none_subset,1,128825916,106268905,43,103,0,0,0,0,0,0,"[""83550407"", ""53018260"", ""145996061"", ""199700611"", ""126470047"", ""194759873"", ""213210833"", ""53878026"", ""164461764"", ""197607286""]"
none_subset,1,223217989,198209727,64,470,0,0,0,0,0,0,"[""65008306"", ""212429237"", ""132289907"", ""174916841"", ""124963799"", ""180956690"", ""126295674"", ""141983245"", ""41031023"", ""165717472""]"
none_subset,1,225332788,205095267,37,1776,0,0,0,0,0,0,"[""82961419"", ""131581832"", ""194670256"", ""82620936"", ""207481345"", ""151688576"", ""212776036"", ""193679263"", ""136896781"", ""158689026""]"
none_subset,1,221285969,23574939,57,2674,0,0,0,0,0,0,"[""145037371"", ""168391401"", ""128908900"", ""153434097"", ""213874481"", ""189194901"", ""203970549"", ""175716368"", ""207301406"", ""55674605""]"
none_subset,1,187728126,143773318,38,1406,0,0,0,0,0,0,"[""103799422"", ""180347138"", ""167575814"", ""149166152"", ""107235735"", ""169063398"", ""135619578"", ""105149146"", ""206905310"", ""91690080""]"
none_subset,1,158852994,136540208,46,342,0,0,0,0,0,0,"[""178111525"", ""211854530"", ""137379383"", ""171229131"", ""210962988"", ""210128394"", ""209824689"", ""194862890"", ""145094112"", ""156626186""]"
none_subset,1,209913415,168442721,62,625,0,0,0,0,0,0,"[""99563204"", ""156442595"", ""91550082"", ""97195771"", ""113199085"", ""134905481"", ""204100209"", ""97684562"", ""149483143"", ""194707540""]"
none_subset,1,199877634,146180479,4,566,0,0,0,0,0,0,"[""211385428"", ""163340296"", ""196270392"", ""177056777"", ""191033158"", ""215198902"", ""168819498"", ""207791923"", ""210643102"", ""213127345""]"
none_subset,1,167765054,138066138,37,1476,0,0,0,0,0,0,"[""170091134"", ""183959592"", ""204167684"", ""177547926"", ""189120927"", ""197344850"", ""140057420"", ""167814691"", ""178112615"", ""205567450""]"
none_subset,1,221305283,194840920,4,601,0,0,0,0,0,0,"[""169281042"", ""114908572"", ""108342269"", ""120416128"", ""135783987"", ""134171322"", ""108788103"", ""213679625"", ""135553147"", ""9924656""]"
none_subset,1,207655443,162346539,4,516,0,0,0,0,0,0,"[""53882418"", ""59005387"", ""65412208"", ""139110120"", ""157761913"", ""164648915"", ""165698897"", ""206281257"", ""166646423"", ""171902128""]"
none_subset,1,224728941,177872819,46,710,0,0,0,0,0,0,"[""205315794"", ""193559506"", ""110900877"", ""188805088"", ""139649558"", ""156263625"", ""59097004"", ""192342929"", ""156554598"", ""131953748""]"
none_subset,1,164312178,139504923,46,498,0,0,0,0,0,0,"[""145094112"", ""171974189"", ""172374310"", ""143484748"", ""128970500"", ""163683734"", ""173365679"", ""109629224"", ""214806915"", ""197859726""]"
none_subset,1,39511867,44749628,64,237,0,0,0,0,0,0,"[""156281163"", ""46094230"", ""70262578"", ""174387123"", ""98571285"", ""131618099"", ""201706439"", ""147667682"", ""123156977"", ""97428675""]"
none_subset,1,221007278,204863011,46,254,0,0,0,0,0,0,"[""138617659"", ""166648954"", ""205356898"", ""207326970"", ""138969592"", ""32127644"", ""147819790"", ""193753464"", ""113055815"", ""173450384""]"
none_subset,1,188340553,126776964,38,847,0,0,0,0,0,0,"[""170448238"", ""103134592"", ""190122858"", ""181288847"", ""204089441"", ""81577148"", ""178132616"", ""164429335"", ""214890741"", ""88485908""]"
none_subset,1,176191491,147433235,43,423,0,0,0,0,0,0,"[""109495604"", ""120544015"", ""163095786"", ""56249203"", ""96286367"", ""86505092"", ""181167814"", ""101617365"", ""198166094"", ""99130868""]"
none_subset,1,225285388,210009094,64,164,0,0,0,0,0,0,"[""184550395"", ""139802525"", ""206294617"", ""182426229"", ""196368507"", ""182375861"", ""207726882"", ""176590943"", ""182911771"", ""196287148""]"
none_subset,1,217256940,95787846,64,217,0,0,0,0,0,0,"[""188679044"", ""133372020"", ""189971087"", ""172741180"", ""161400461"", ""149443907"", ""201298322"", ""98251420"", ""188806182"", ""181063353""]"
none_subset,1,219286194,200007082,4,154,0,0,0,0,0,0,"[""210573149"", ""165324074"", ""52409795"", ""177954352"", ""170613385"", ""195895955"", ""191033158"", ""191498286"", ""201066421"", ""99427859""]"
none_subset,1,225328937,182217673,43,96,0,0,0,0,0,0,"[""127047625"", ""204449585"", ""167353972"", ""144080652"", ""172946257"", ""201082051"", ""111684767"", ""191577900"", ""72343772"", ""165082890""]"
none_subset,1,216776054,195252060,64,284,0,0,0,0,0,0,"[""31566174"", ""210873715"", ""168247151"", ""185087026"", ""119651772"", ""192179303"", ""205736876"", ""193910077"", ""60124479"", ""59824769""]"
none_subset,1,88929888,84904092,57,52,0,0,0,0,0,0,"[""84202088"", ""82248629"", ""202526079"", ""172059758"", ""79470201"", ""196654350"", ""171021120"", ""36469237"", ""135872349"", ""171021122""]"
none_subset,1,215442765,190481856,4,865,0,0,0,0,0,0,"[""207568797"", ""191322819"", ""202048121"", ""74691545"", ""163772112"", ""144990362"", ""101990520"", ""187502252"", ""204157766"", ""125970295""]"
none_subset,1,225059433,215139393,38,275,0,0,0,0,0,0,"[""132694650"", ""205465606"", ""169004224"", ""135834758"", ""203319354"", ""151647004"", ""171180851"", ""205112185"", ""191670247"", ""205018667""]"
none_subset,1,164525297,140610901,38,660,0,0,0,0,0,0,"[""193857539"", ""125505087"", ""136445502"", ""166302090"", ""109389723"", ""212801979"", ""194792335"", ""168951957"", ""188178626"", ""161419745""]"
none_subset,1,152402202,130496317,43,13,0,0,0,0,1,1,"[""138106208"", ""213210833"", ""202127998"", ""75648342"", ""72421330"", ""75802625"", ""145996061"", ""211526829"", ""186606199"", ""137017957""]"
none_subset,1,222866408,169019310,38,377,0,0,0,0,0,0,"[""110664117"", ""159864740"", ""159835737"", ""176679207"", ""127539785"", ""177960404"", ""165955684"", ""150802146"", ""74273124"", ""116226486""]"
none_subset,1,185814053,155908916,4,118,0,0,0,0,0,0,"[""116662369"", ""121025812"", ""200206633"", ""183407008"", ""195502889"", ""145646315"", ""102233014"", ""93467050"", ""180180713"", ""183725729""]"
none_subset,1,198199442,165933677,62,505,0,0,0,0,0,0,"[""149610279"", ""184405626"", ""65043149"", ""191653901"", ""205216250"", ""42940692"", ""195510107"", ""67539912"", ""214034644"", ""155955578""]"
none_subset,1,183922776,54000205,4,169,0,0,0,0,0,0,"[""180266107"", ""144811459"", ""207935824"", ""53541477"", ""165897952"", ""25537887"", ""140770457"", ""192968334"", ""190228386"", ""206506678""]"
none_subset,1,61105325,66742812,43,272,0,0,0,0,0,0,"[""44768555"", ""127321663"", ""145855101"", ""129585321"", ""197607322"", ""138812364"", ""127619450"", ""152645436"", ""214285576"", ""38196926""]"
none_subset,1,187045406,156470070,38,449,0,0,0,0,0,0,"[""150005617"", ""122849837"", ""103134592"", ""91690080"", ""203422514"", ""114026950"", ""78540845"", ""102237977"", ""192443797"", ""168618858""]"
none_subset,1,41623001,47719129,4,461,0,0,0,0,0,0,"[""86878993"", ""184587206"", ""123881493"", ""51294207"", ""76515539"", ""159922963"", ""23408401"", ""176039610"", ""178109092"", ""129435163""]"
none_subset,1,81846769,79676853,43,591,0,0,0,0,0,0,"[""194095773"", ""124759667"", ""179261540"", ""84316516"", ""168714665"", ""88426427"", ""88577920"", ""75959067"", ""104088614"", ""155095646""]"
none_subset,1,203548595,87345780,57,744,0,0,0,0,0,0,"[""75722520"", ""139367767"", ""165671190"", ""177111182"", ""168411289"", ""174577939"", ""167495362"", ""141730928"", ""152213594"", ""27828345""]"
none_subset,1,126281703,108003168,38,185,0,0,0,0,0,0,"[""177904480"", ""170711878"", ""58573176"", ""203712106"", ""213805230"", ""139117589"", ""124226339"", ""162936446"", ""106027581"", ""214844256""]"
none_subset,1,215144932,196368309,64,309,0,0,0,0,0,0,"[""168818090"", ""188679044"", ""188286775"", ""124274061"", ""172741180"", ""154913615"", ""144366134"", ""148743441"", ""16466362"", ""191710817""]"
none_subset,1,213811620,63293833,57,238,0,0,0,0,0,0,"[""149204965"", ""111600891"", ""204648894"", ""178650612"", ""82520729"", ""88411977"", ""89413526"", ""157581181"", ""110730358"", ""191244076""]"
none_subset,1,224184002,212293169,64,41,0,0,0,0,0,1,"[""69248477"", ""121442493"", ""88397191"", ""173246608"", ""167537206"", ""194095205"", ""190786565"", ""191614451"", ""202169422"", ""152293696""]"
none_subset,1,139698862,117866061,37,142,0,0,0,0,0,0,"[""195462928"", ""159129159"", ""155883238"", ""204992307"", ""155851122"", ""154732137"", ""133924998"", ""212035633"", ""92919228"", ""208576745""]"
none_subset,1,222045268,210273576,4,42,0,0,0,0,0,1,"[""131896906"", ""197046560"", ""197461829"", ""31282948"", ""166106900"", ""161086623"", ""54000205"", ""165023261"", ""202190653"", ""204202021""]"
none_subset,1,63275424,65960411,43,1153,0,0,0,0,0,0,"[""161591199"", ""123794534"", ""203489048"", ""156989303"", ""172848378"", ""180987149"", ""120188232"", ""186726793"", ""150977148"", ""118456882""]"
none_subset,1,201091796,171038010,4,1526,0,0,0,0,0,0,"[""133632260"", ""58216709"", ""187096708"", ""198281595"", ""214491007"", ""90931027"", ""67745233"", ""63672717"", ""78155271"", ""186707401""]"
none_subset,1,213506306,194031199,4,510,0,0,0,0,0,0,"[""202571906"", ""172884595"", ""155908916"", ""195744792"", ""58216709"", ""191316160"", ""201657691"", ""145646315"", ""160129846"", ""195830492""]"
none_subset,1,224617222,171025610,64,940,0,0,0,0,0,0,"[""78417008"", ""152337991"", ""73275498"", ""62581454"", ""136416035"", ""65453441"", ""211228466"", ""203217424"", ""191320922"", ""169811379""]"
none_subset,1,142769851,111061767,43,1857,0,0,0,0,0,0,"[""125536521"", ""204884209"", ""201690715"", ""65700153"", ""188394389"", ""111723538"", ""45817946"", ""169520509"", ""177472789"", ""57682967""]"
none_subset,1,218995188,165024808,46,532,0,0,0,0,0,0,"[""106349059"", ""193074174"", ""86091554"", ""174586724"", ""126734285"", ""190843338"", ""193567072"", ""176131148"", ""206745230"", ""185309107""]"
none_subset,1,214405765,74204224,43,38,0,0,0,0,0,1,"[""44768555"", ""162612749"", ""127321663"", ""18269900"", ""129585321"", ""207016056"", ""148801479"", ""182010866"", ""197607322"", ""78183771""]"
none_subset,1,163127963,134221699,38,231,0,0,0,0,0,0,"[""92748634"", ""123190192"", ""194245127"", ""67142038"", ""146515707"", ""197470467"", ""151856683"", ""164470342"", ""150005558"", ""204092180""]"
none_subset,1,134092901,118156059,43,675,0,0,0,0,0,0,"[""144463129"", ""61372398"", ""115216679"", ""112929002"", ""76970617"", ""192784424"", ""181955635"", ""193103331"", ""192600289"", ""159932249""]"
none_subset,1,205692591,82808529,64,1468,0,0,0,0,0,0,"[""112345894"", ""183047062"", ""164183551"", ""168633758"", ""105144259"", ""32842438"", ""33116395"", ""110198506"", ""153490486"", ""152603802""]"
none_subset,1,208366867,183270553,37,83,0,0,0,0,0,0,"[""163621389"", ""196323233"", ""141081466"", ""169766012"", ""166660731"", ""158861355"", ""191232165"", ""183578088"", ""210936933"", ""201913249""]"
none_subset,1,183543814,155947772,38,352,0,0,0,0,0,0,"[""66334917"", ""159333154"", ""182237895"", ""66287825"", ""185682289"", ""160114101"", ""165409487"", ""183569499"", ""161174151"", ""101375863""]"
none_subset,1,132852676,69248477,64,460,0,0,0,0,0,0,"[""193298062"", ""196347311"", ""19492405"", ""127488045"", ""148414231"", ""204754543"", ""63861102"", ""80281524"", ""26075068"", ""148497898""]"
none_subset,1,195382135,166571190,46,573,0,0,0,0,0,0,"[""190912236"", ""143758782"", ""214736658"", ""155950947"", ""160304046"", ""100882487"", ""200715240"", ""195464981"", ""84422038"", ""16280277""]"
none_subset,1,20438195,11666277,62,184,0,0,0,0,0,0,"[""32936165"", ""137566298"", ""182000351"", ""68111638"", ""8737650"", ""137144214"", ""200537553"", ""157472228"", ""135330582"", ""212966939""]"
none_subset,1,188427762,130875451,38,354,0,0,0,0,0,0,"[""183183123"", ""108645662"", ""206905310"", ""145999061"", ""156481100"", ""200479991"", ""151770748"", ""98969149"", ""192992682"", ""115023866""]"
none_subset,1,60824477,58955704,64,391,0,0,0,0,0,0,"[""69885765"", ""198307794"", ""152293696"", ""208376832"", ""178000493"", ""117481999"", ""79121811"", ""194095205"", ""190786565"", ""181955550""]"
none_subset,1,140198057,118242163,38,70,0,0,0,0,0,0,"[""204637998"", ""199347203"", ""167575814"", ""168618858"", ""147686192"", ""197735844"", ""126884451"", ""102368805"", ""91690080"", ""123652552""]"
none_subset,1,184399712,154732137,37,16,0,0,0,0,1,1,"[""190316113"", ""195296935"", ""154731935"", ""197238711"", ""191137542"", ""206636427"", ""191036451"", ""201734577"", ""190075252"", ""209161669""]"
none_subset,1,220020505,138026153,38,55,0,0,0,0,0,0,"[""127107925"", ""167154256"", ""84080355"", ""158784944"", ""193945576"", ""155161158"", ""207326334"", ""133824881"", ""183272380"", ""172844872""]"
none_subset,1,201728666,174586724,46,40,0,0,0,0,0,1,"[""193559506"", ""187611963"", ""206729201"", ""193074174"", ""139649558"", ""165953966"", ""138830136"", ""196783083"", ""158946684"", ""154894212""]"
none_subset,1,29544782,17588522,4,689,0,0,0,0,0,0,"[""194734151"", ""195621034"", ""114925208"", ""159049760"", ""175596949"", ""153939423"", ""21060681"", ""119644839"", ""156401201"", ""211664992""]"
none_subset,1,174272749,143611276,43,574,0,0,0,0,0,0,"[""127321663"", ""125536521"", ""178409476"", ""198017996"", ""215347381"", ""208009091"", ""114163759"", ""138812364"", ""198489911"", ""44768555""]"
none_subset,1,199053162,161334927,57,1914,0,0,0,0,0,0,"[""188457754"", ""212600538"", ""209465166"", ""214311059"", ""208983504"", ""208504223"", ""191511773"", ""198176008"", ""139807185"", ""166795160""]"
none_subset,1,76745510,71210763,46,643,0,0,0,0,0,0,"[""114943400"", ""167525245"", ""210837002"", ""194361633"", ""47270149"", ""105775833"", ""209744189"", ""115290677"", ""51654814"", ""212168388""]"
none_subset,1,199131029,144049941,62,2270,0,0,0,0,0,0,"[""156442595"", ""76665110"", ""82677281"", ""139572019"", ""154358045"", ""185145276"", ""173850609"", ""214511493"", ""211318916"", ""113199085""]"
none_subset,1,187224507,153091037,37,639,0,0,0,0,0,0,"[""203800537"", ""165767706"", ""52435800"", ""89454786"", ""179609391"", ""128174051"", ""138383384"", ""141087936"", ""190452534"", ""191494230""]"
none_subset,1,224740648,154090124,38,290,0,0,0,0,0,0,"[""133136953"", ""151108044"", ""74273124"", ""108421334"", ""184109870"", ""179876069"", ""149732635"", ""12905940"", ""155657846"", ""20918033""]"
none_subset,1,220439487,203377602,62,156,0,0,0,0,0,0,"[""193710073"", ""135157671"", ""207274549"", ""161173189"", ""62985633"", ""207100364"", ""146533271"", ""213328054"", ""118612211"", ""213827571""]"
none_subset,1,219251026,203992364,64,53,0,0,0,0,0,0,"[""136347027"", ""82846737"", ""19548710"", ""174340250"", ""111705025"", ""202506442"", ""200883111"", ""96320844"", ""202527449"", ""120036834""]"
none_subset,1,187508039,136496108,62,1190,0,0,0,0,0,0,"[""97195771"", ""76665110"", ""207100364"", ""94016043"", ""99563204"", ""91550082"", ""185552249"", ""152815967"", ""151308081"", ""156733813""]"
none_subset,1,214067749,181646106,4,112,0,0,0,0,0,0,"[""152685161"", ""154928608"", ""177954352"", ""144995106"", ""137934343"", ""183725729"", ""87832508"", ""156901917"", ""146961197"", ""209670193""]"
none_subset,1,216694304,200271479,62,1,1,1,1,1,1,1,"[""200271479"", ""167732430"", ""150180683"", ""143226394"", ""169222138"", ""79013322"", ""105225664"", ""143227017"", ""210197649"", ""144314189""]"
none_subset,1,201918089,176600488,46,1300,0,0,0,0,0,0,"[""158115780"", ""197949897"", ""215475381"", ""205769669"", ""169485140"", ""163711006"", ""105137217"", ""168394424"", ""170393915"", ""206921287""]"
none_subset,1,47122871,41756235,43,417,0,0,0,0,0,0,"[""180951430"", ""59841256"", ""125480188"", ""189165560"", ""211988888"", ""87153277"", ""194855616"", ""104957798"", ""183703868"", ""151873776""]"
none_subset,1,222892044,211669271,64,366,0,0,0,0,0,0,"[""202253212"", ""172458661"", ""169695317"", ""202978110"", ""202749025"", ""155789483"", ""167849719"", ""183998344"", ""108167158"", ""210009094""]"
none_subset,1,169319496,136515877,43,105,0,0,0,0,0,0,"[""18292202"", ""100215754"", ""100333045"", ""174103954"", ""145008471"", ""156395019"", ""33389792"", ""98301531"", ""71803254"", ""160598030""]"
none_subset,1,125288533,108861780,4,16,0,0,0,0,1,1,"[""161593927"", ""137677513"", ""207566657"", ""162319116"", ""78628063"", ""185556523"", ""112475075"", ""36482821"", ""209648424"", ""131039184""]"
none_subset,1,195356107,167530279,62,19,0,0,0,0,1,1,"[""160586788"", ""133836024"", ""201461957"", ""150945055"", ""95069051"", ""105604280"", ""121464697"", ""180366851"", ""69970349"", ""146878510""]"
none_subset,1,208455419,184515969,37,25,0,0,0,0,1,1,"[""66740441"", ""70624061"", ""152762226"", ""115215869"", ""29496516"", ""185636932"", ""173034966"", ""123258872"", ""149498553"", ""105274553""]"
none_subset,1,208182607,182783107,62,2312,0,0,0,0,0,0,"[""189571937"", ""176333450"", ""157472228"", ""3564226"", ""167352840"", ""153016015"", ""121464697"", ""190306785"", ""134163515"", ""156966802""]"
none_subset,1,214465153,187955925,38,6,0,0,0,1,1,1,"[""182333897"", ""171755799"", ""165753540"", ""147652742"", ""117565422"", ""187955925"", ""67127804"", ""127539785"", ""110664117"", ""150241983""]"
none_subset,1,186760791,155870634,4,1730,0,0,0,0,0,0,"[""152685161"", ""183407008"", ""213127345"", ""215198902"", ""93467050"", ""179962753"", ""189202376"", ""183725729"", ""193369779"", ""180180713""]"
none_subset,1,194665533,157482383,46,112,0,0,0,0,0,0,"[""64234906"", ""119695215"", ""174465659"", ""193512680"", ""87079597"", ""129089284"", ""100503293"", ""193559506"", ""192342929"", ""178111525""]"
none_subset,1,218470994,203493090,4,1133,0,0,0,0,0,0,"[""60532395"", ""114392671"", ""173396239"", ""136187384"", ""194734151"", ""142467745"", ""166377219"", ""122717867"", ""85958586"", ""176681471""]"
none_subset,1,223715437,208996795,62,410,0,0,0,0,0,0,"[""59483405"", ""19558627"", ""155597280"", ""135330582"", ""169216599"", ""30078134"", ""111966078"", ""110998411"", ""143261727"", ""82227003""]"
none_subset,1,69981774,24433447,62,1638,0,0,0,0,0,0,"[""127682307"", ""73570160"", ""86295030"", ""205137345"", ""156814814"", ""63860988"", ""52152330"", ""125173216"", ""60239293"", ""74242439""]"
none_subset,1,220609947,191700438,37,226,0,0,0,0,0,0,"[""192414071"", ""179319840"", ""61710118"", ""192410378"", ""214961917"", ""214037923"", ""151940120"", ""70073223"", ""140618489"", ""153376485""]"
none_subset,1,172785626,140687112,62,764,0,0,0,0,0,0,"[""106557292"", ""210678182"", ""79777747"", ""190767280"", ""67894406"", ""152815967"", ""164559013"", ""136870941"", ""134970871"", ""198498662""]"
none_subset,1,209414180,186937016,64,33,0,0,0,0,0,1,"[""187944465"", ""192179303"", ""152518752"", ""166840834"", ""196287148"", ""192225398"", ""185451532"", ""210110340"", ""204125965"", ""193656471""]"
none_subset,1,182325239,78218137,64,690,0,0,0,0,0,0,"[""182509717"", ""138115654"", ""187986270"", ""179015555"", ""198088605"", ""128607088"", ""136385009"", ""192954488"", ""194094670"", ""153356810""]"
none_subset,1,172259600,140907909,37,459,0,0,0,0,0,0,"[""47579439"", ""115215869"", ""152140191"", ""37024390"", ""21423746"", ""168553107"", ""23924949"", ""33534621"", ""119637829"", ""144072581""]"
none_subset,1,177017394,148559209,43,628,0,0,0,0,0,0,"[""166344121"", ""139391726"", ""210978962"", ""183640029"", ""141726609"", ""151787283"", ""59161409"", ""120765596"", ""53650526"", ""128193638""]"
none_subset,1,218283913,195332849,37,29,0,0,0,0,1,1,"[""164430683"", ""151207249"", ""205465612"", ""208828602"", ""111525161"", ""142288515"", ""162276026"", ""195301608"", ""162275547"", ""148238241""]"
none_subset,1,224935448,200715695,38,120,0,0,0,0,0,0,"[""213422465"", ""155797300"", ""209454122"", ""191737393"", ""86748527"", ""190493115"", ""205481720"", ""182862963"", ""174192462"", ""213040734""]"
none_subset,1,59634381,63004444,4,479,0,0,0,0,0,0,"[""147422442"", ""138975756"", ""144373105"", ""137001312"", ""182361800"", ""201861112"", ""125616982"", ""208530280"", ""27693819"", ""156103241""]"
none_subset,1,223974127,213482572,46,65,0,0,0,0,0,0,"[""200584617"", ""210880528"", ""174884757"", ""199718807"", ""204759997"", ""201461152"", ""204540006"", ""203915067"", ""173421370"", ""97781465""]"
none_subset,1,187675681,111085092,38,784,0,0,0,0,0,0,"[""171755799"", ""145629363"", ""89552272"", ""98186259"", ""168804724"", ""73863273"", ""164618247"", ""198984787"", ""191063391"", ""126819812""]"
none_subset,1,210813984,181699642,4,101,0,0,0,0,0,0,"[""173259969"", ""183642706"", ""189148609"", ""145800774"", ""154636066"", ""209670193"", ""144683728"", ""193858344"", ""144995106"", ""201066421""]"
none_subset,1,123223889,104127006,46,26,0,0,0,0,1,1,"[""158778091"", ""180749212"", ""92873779"", ""52955195"", ""76061645"", ""160547557"", ""131917509"", ""160771991"", ""96833542"", ""141061297""]"
none_subset,1,135523212,116240817,37,30,0,0,0,0,1,1,"[""66495486"", ""65129121"", ""123258872"", ""88534873"", ""188967908"", ""100015328"", ""14688074"", ""158117230"", ""21114364"", ""58893791""]"
none_subset,1,181412969,166272408,43,739,0,0,0,0,0,0,"[""191629352"", ""211582481"", ""196286515"", ""192996306"", ""165698022"", ""202632009"", ""195224828"", ""202626349"", ""203417954"", ""203424512""]"
none_subset,1,195193381,160686884,64,39,0,0,0,0,0,1,"[""193298062"", ""119643934"", ""127512781"", ""47134269"", ""115580201"", ""180020484"", ""201449249"", ""215220099"", ""116423938"", ""112111649""]"
none_subset,1,8242218,6658108,4,338,0,0,0,0,0,0,"[""198808044"", ""9924656"", ""45403148"", ""108342269"", ""206276218"", ""190777107"", ""79387876"", ""205390513"", ""108788103"", ""12178422""]"
none_subset,1,209410188,185723367,64,250,0,0,0,0,0,0,"[""193870914"", ""132746503"", ""193983183"", ""113590277"", ""147984435"", ""123768518"", ""95477523"", ""110345942"", ""173661276"", ""181441566""]"
none_subset,1,179871206,150394632,37,1545,0,0,0,0,0,0,"[""142397694"", ""151240773"", ""128177539"", ""149828994"", ""178992260"", ""183040891"", ""191101572"", ""121834730"", ""204074550"", ""169510905""]"
none_subset,1,163060754,106343904,62,233,0,0,0,0,0,0,"[""143457218"", ""203336355"", ""129877803"", ""153923303"", ""187570461"", ""32263557"", ""165279109"", ""56305255"", ""57547838"", ""133763604""]"
none_subset,1,216062725,172884595,4,58,0,0,0,0,0,0,"[""186827392"", ""193879806"", ""200035295"", ""195830492"", ""187257731"", ""202571906"", ""195524404"", ""160129846"", ""179532049"", ""195538864""]"
none_subset,1,199958816,173824567,46,2725,0,0,0,0,0,0,"[""113055852"", ""178808064"", ""115212834"", ""79146025"", ""137569131"", ""143689220"", ""183939554"", ""135883318"", ""160302868"", ""170790096""]"
none_subset,1,183586159,128098941,37,220,0,0,0,0,0,0,"[""210605188"", ""78940029"", ""117257931"", ""205519279"", ""140164328"", ""100685510"", ""191029008"", ""55796783"", ""163785036"", ""191432109""]"
none_subset,1,139811710,121324439,62,293,0,0,0,0,0,0,"[""128533237"", ""153978341"", ""79175068"", ""154719095"", ""212334345"", ""188439570"", ""58593242"", ""58086605"", ""134163515"", ""136347565""]"
none_subset,1,170237519,117006578,62,14,0,0,0,0,1,1,"[""80344615"", ""147431302"", ""45013331"", ""113866351"", ""42940692"", ""183357497"", ""164086518"", ""187207232"", ""62366035"", ""116333087""]"
none_subset,1,195318248,161147605,37,337,0,0,0,0,0,0,"[""89454786"", ""175772166"", ""203800537"", ""199385964"", ""156260279"", ""173181064"", ""191494230"", ""16898206"", ""176618857"", ""165767706""]"
none_subset,1,206075921,169435001,46,260,0,0,0,0,0,0,"[""165803311"", ""94769507"", ""214989922"", ""201405465"", ""209828476"", ""140803712"", ""205657343"", ""114654675"", ""204237929"", ""155710762""]"
none_subset,1,100867984,91035907,57,142,0,0,0,0,0,0,"[""154843596"", ""117927111"", ""85499926"", ""114134647"", ""204658040"", ""132144591"", ""119144884"", ""139482893"", ""202059060"", ""88924431""]"
none_subset,1,209791876,107331925,43,822,0,0,0,0,0,0,"[""193581474"", ""153525929"", ""127299818"", ""156158359"", ""202025930"", ""184875265"", ""208096405"", ""192825043"", ""165710029"", ""214079589""]"
none_subset,1,224130840,194261583,46,113,0,0,0,0,0,0,"[""136423014"", ""201469244"", ""127477193"", ""202089470"", ""202089453"", ""213174015"", ""9347442"", ""205283945"", ""151502148"", ""203506552""]"
none_subset,1,223420921,212469100,46,141,0,0,0,0,0,0,"[""136320022"", ""171636556"", ""207227762"", ""109531052"", ""209482743"", ""108934756"", ""133461188"", ""210856802"", ""211063696"", ""106627712""]"
none_subset,1,222677275,209124215,4,190,0,0,0,0,0,0,"[""197090565"", ""205600080"", ""182904703"", ""188605425"", ""210550451"", ""203466268"", ""196026500"", ""195510728"", ""191316160"", ""215237393""]"
none_subset,1,140229338,122181220,57,315,0,0,0,0,0,0,"[""46330390"", ""115438401"", ""110306995"", ""128122761"", ""86791172"", ""40488723"", ""100918367"", ""83088208"", ""111475511"", ""65120912""]"
none_subset,1,196267500,142499231,4,9,0,0,0,1,1,1,"[""202167018"", ""197547141"", ""153223626"", ""122594682"", ""184087480"", ""199422802"", ""12396291"", ""93696567"", ""142499231"", ""204826660""]"
none_subset,1,184906862,153113645,37,600,0,0,0,0,0,0,"[""151240773"", ""169510905"", ""137567904"", ""124537731"", ""153610553"", ""126794514"", ""205095267"", ""202857509"", ""202331502"", ""56675511""]"
none_subset,1,204995496,164098406,64,121,0,0,0,0,0,0,"[""121322111"", ""128603026"", ""113496973"", ""61993740"", ""187029541"", ""73275498"", ""151064154"", ""174387123"", ""203217424"", ""211228466""]"
none_subset,1,150224460,124215587,38,48,0,0,0,0,0,1,"[""127753885"", ""156470070"", ""158784944"", ""171072811"", ""127107925"", ""104386568"", ""156836340"", ""155161158"", ""120603737"", ""152299073""]"
none_subset,1,222981811,211809068,4,169,0,0,0,0,0,0,"[""198087841"", ""207985124"", ""212482379"", ""188605425"", ""180575809"", ""210309601"", ""168099979"", ""167846611"", ""205244315"", ""185133383""]"
none_subset,1,119236072,106792362,38,1470,0,0,0,0,0,0,"[""154762222"", ""164678834"", ""79742438"", ""180347138"", ""99753126"", ""26133933"", ""28399802"", ""81511985"", ""108645662"", ""160458687""]"
none_subset,1,78479277,55373470,64,1157,0,0,0,0,0,0,"[""173622957"", ""148267415"", ""140273485"", ""206372980"", ""195516069"", ""178416631"", ""213477902"", ""126298952"", ""84071358"", ""189940274""]"
none_subset,1,213826296,194374377,37,834,0,0,0,0,0,0,"[""185112282"", ""40661702"", ""147143113"", ""89630035"", ""78642212"", ""186179843"", ""168284908"", ""202780647"", ""146962916"", ""187812442""]"
none_subset,1,179398796,143030980,37,106,0,0,0,0,0,0,"[""146533593"", ""143680520"", ""80669323"", ""93396423"", ""143065524"", ""160024398"", ""196891288"", ""64645018"", ""46870157"", ""209030923""]"
none_subset,1,224139233,211667378,43,3,0,1,1,1,1,1,"[""189168111"", ""184996236"", ""211667378"", ""167623966"", ""212033090"", ""189668332"", ""209666551"", ""193585048"", ""90198681"", ""136185385""]"
none_subset,1,88158135,76586668,37,2,0,1,1,1,1,1,"[""79464358"", ""76586668"", ""161417702"", ""104934863"", ""80167867"", ""134055274"", ""191849051"", ""84416822"", ""142626864"", ""198069892""]"
none_subset,1,221359391,202029162,64,2010,0,0,0,0,0,0,"[""96320844"", ""179210556"", ""201276045"", ""209149604"", ""132521925"", ""204981866"", ""173438440"", ""120042887"", ""202527449"", ""162295780""]"
none_subset,1,195794862,124508627,38,2,0,1,1,1,1,1,"[""139494203"", ""124508627"", ""140030159"", ""165753540"", ""159213527"", ""182333897"", ""93265631"", ""147652742"", ""200132048"", ""180179363""]"
none_subset,1,166498224,123480831,4,5,0,0,1,1,1,1,"[""185556523"", ""195846870"", ""210169790"", ""179140612"", ""123480831"", ""138966111"", ""88525097"", ""211473289"", ""76695262"", ""139073104""]"
none_subset,1,113510417,102624613,38,54,0,0,0,0,0,0,"[""209895579"", ""193133447"", ""206925334"", ""202112251"", ""153191207"", ""194853957"", ""27784922"", ""119135437"", ""178462865"", ""170217678""]"
none_subset,1,213563483,190912236,46,14,0,0,0,0,1,1,"[""182917310"", ""78094109"", ""79166546"", ""205031717"", ""143758782"", ""137783132"", ""12880586"", ""202480156"", ""100882487"", ""208811097""]"
none_subset,1,213076500,192410120,4,42,0,0,0,0,0,1,"[""201657691"", ""202571906"", ""182904703"", ""195744792"", ""187257731"", ""195830492"", ""205600080"", ""159567986"", ""208780104"", ""190789377""]"
none_subset,1,207371562,85388350,38,80,0,0,0,0,0,0,"[""158574234"", ""204092180"", ""162391436"", ""130168090"", ""67142038"", ""210599483"", ""149755002"", ""194346900"", ""109712270"", ""149579144""]"
none_subset,1,170799193,142786924,62,1794,0,0,0,0,0,0,"[""178964015"", ""192938069"", ""166108651"", ""119531432"", ""168442721"", ""162672578"", ""209579537"", ""118002181"", ""76690264"", ""211901178""]"
none_subset,1,157935470,137663096,64,973,0,0,0,0,0,0,"[""47134269"", ""119643934"", ""197648445"", ""193298062"", ""98960696"", ""195529634"", ""148693800"", ""179668314"", ""115580201"", ""214208964""]"
none_subset,1,221793800,207709809,64,103,0,0,0,0,0,0,"[""206213762"", ""126904794"", ""194687988"", ""136416035"", ""152337991"", ""70397289"", ""55550671"", ""173159881"", ""62581454"", ""121294809""]"
none_subset,1,163553686,140059192,43,1983,0,0,0,0,0,0,"[""59458719"", ""127486066"", ""60157409"", ""127459019"", ""205517780"", ""118566230"", ""96974114"", ""75771817"", ""127571978"", ""203438993""]"
none_subset,1,79477223,50363701,64,2014,0,0,0,0,0,0,"[""148414231"", ""140676990"", ""58475692"", ""63861102"", ""80281524"", ""201421429"", ""171025610"", ""103416735"", ""151526168"", ""155183786""]"
none_subset,1,62806163,67822220,62,619,0,0,0,0,0,0,"[""178964015"", ""101066716"", ""174963383"", ""166108651"", ""45997741"", ""135632302"", ""15942056"", ""165955561"", ""67833941"", ""60189912""]"
none_subset,1,222707355,210160269,62,113,0,0,0,0,0,0,"[""201108158"", ""133228837"", ""206696431"", ""156885677"", ""81927050"", ""207007802"", ""211318916"", ""202749231"", ""193241960"", ""121568505""]"
none_subset,1,110437116,87886557,62,2,0,1,1,1,1,1,"[""181091254"", ""87886557"", ""141918937"", ""201321273"", ""215078879"", ""195842978"", ""13867381"", ""120273284"", ""32263557"", ""27811914""]"
none_subset,1,80727090,51294207,4,1205,0,0,0,0,0,0,"[""151978785"", ""67745233"", ""119900827"", ""112930320"", ""102233014"", ""201906192"", ""133632260"", ""203910236"", ""200247233"", ""171159402""]"
none_subset,1,147100623,128611931,62,460,0,0,0,0,0,0,"[""194932553"", ""45959409"", ""209844093"", ""52152330"", ""129794244"", ""51264178"", ""172904337"", ""188036547"", ""127120146"", ""200944201""]"
none_subset,1,190773415,153434097,57,526,0,0,0,0,0,0,"[""171078924"", ""215210719"", ""203413072"", ""184945351"", ""206835206"", ""186151702"", ""204186687"", ""182489530"", ""141395308"", ""205019471""]"
none_subset,1,224133090,194938661,4,512,0,0,0,0,0,0,"[""144373105"", ""194446742"", ""210821150"", ""209791493"", ""145698626"", ""115483149"", ""144146785"", ""203390748"", ""145303232"", ""171818167""]"
none_subset,1,221095450,207841001,37,1648,0,0,0,0,0,0,"[""158889960"", ""205300777"", ""210562159"", ""207413817"", ""167798254"", ""188568594"", ""194374377"", ""151617295"", ""207374196"", ""190972176""]"
none_subset,1,208008581,28587929,46,53,0,0,0,0,0,0,"[""212530716"", ""102548981"", ""194132989"", ""146029150"", ""210724130"", ""101304130"", ""213475469"", ""172250706"", ""167525245"", ""204078169""]"
none_subset,1,210415984,188761133,4,91,0,0,0,0,0,0,"[""65093674"", ""146961197"", ""152685161"", ""179962753"", ""213127345"", ""200501890"", ""44842674"", ""154267881"", ""144513042"", ""215198902""]"
none_subset,1,182600643,144143200,37,1262,0,0,0,0,0,0,"[""81213674"", ""126729562"", ""106674292"", ""144129822"", ""213026403"", ""126554078"", ""172603509"", ""141779150"", ""51138626"", ""117410846""]"
none_subset,1,210471413,190358880,46,571,0,0,0,0,0,0,"[""59097004"", ""167383627"", ""194854155"", ""205315794"", ""154894208"", ""193074174"", ""111614660"", ""196783083"", ""193559506"", ""193874948""]"
none_subset,1,135107773,96824128,38,816,0,0,0,0,0,0,"[""191440222"", ""55637037"", ""213205324"", ""158493521"", ""2578071"", ""191338884"", ""189045957"", ""189210574"", ""209347465"", ""198468875""]"
none_subset,1,124840811,110325303,38,801,0,0,0,0,0,0,"[""84270721"", ""212801979"", ""166302090"", ""168951957"", ""174211220"", ""194686975"", ""135581400"", ""191462292"", ""159326492"", ""192510359""]"
none_subset,1,217084111,200875902,4,1219,0,0,0,0,0,0,"[""215198902"", ""190503853"", ""213127345"", ""191033158"", ""201066421"", ""163340296"", ""133070539"", ""206303506"", ""168819498"", ""191498286""]"
none_subset,1,115285017,104128337,62,19,0,0,0,0,1,1,"[""157472228"", ""32936165"", ""182000351"", ""152115593"", ""62995477"", ""137144214"", ""137566298"", ""135330582"", ""117835777"", ""152444456""]"
none_subset,1,194202949,167566947,46,223,0,0,0,0,0,0,"[""195780279"", ""212429674"", ""163043438"", ""110594662"", ""13414842"", ""126538280"", ""162507293"", ""150754478"", ""135652658"", ""206453483""]"
none_subset,1,49482906,56833135,64,2101,0,0,0,0,0,0,"[""95730598"", ""190167812"", ""213158029"", ""202169422"", ""78822097"", ""136714774"", ""204360657"", ""58571964"", ""189002821"", ""156194814""]"
none_subset,1,150814959,102116724,46,110,0,0,0,0,0,0,"[""15325925"", ""80195905"", ""133182836"", ""188974662"", ""70517064"", ""92306012"", ""119093613"", ""200715240"", ""103017168"", ""19256247""]"
none_subset,1,182574603,153205005,37,1556,0,0,0,0,0,0,"[""158117230"", ""88534873"", ""70624061"", ""66495486"", ""100015328"", ""186986472"", ""29496516"", ""94966858"", ""188967908"", ""120893128""]"
none_subset,1,182596207,154443104,64,22,0,0,0,0,1,1,"[""194094670"", ""118284407"", ""204824313"", ""125561073"", ""138803213"", ""123750767"", ""151692008"", ""138800320"", ""153272732"", ""195702681""]"
none_subset,1,175107909,99469226,38,118,0,0,0,0,0,0,"[""37709032"", ""12905940"", ""159835737"", ""151108044"", ""31197704"", ""133136953"", ""185682289"", ""179876069"", ""26955008"", ""214394715""]"
none_subset,1,172386087,144723349,37,82,0,0,0,0,0,0,"[""75561865"", ""64645018"", ""145358205"", ""66495486"", ""196891288"", ""8855059"", ""21114364"", ""157474416"", ""163474582"", ""105224939""]"
none_subset,1,186539771,57596469,57,406,0,0,0,0,0,0,"[""191268930"", ""152187673"", ""63293833"", ""208717293"", ""38003133"", ""166294055"", ""53902698"", ""53787784"", ""203136628"", ""151872768""]"
none_subset,1,224433695,130607036,64,945,0,0,0,0,0,0,"[""151366408"", ""188038298"", ""146444401"", ""34666160"", ""116532185"", ""208682751"", ""201970343"", ""99961916"", ""133214115"", ""100752496""]"
none_subset,1,220875311,206145191,62,542,0,0,0,0,0,0,"[""155977860"", ""95885283"", ""164922555"", ""172997177"", ""94930933"", ""213858912"", ""206679162"", ""208220353"", ""146833356"", ""136127901""]"
none_subset,1,209289778,206437718,38,230,0,0,0,0,0,0,"[""106027581"", ""192721742"", ""121564255"", ""165228799"", ""198468875"", ""138975231"", ""192933104"", ""163646287"", ""46449031"", ""132325249""]"
none_subset,1,211633732,186938801,64,1716,0,0,0,0,0,0,"[""88249240"", ""210635321"", ""187138250"", ""208628985"", ""191948412"", ""132328232"", ""185230388"", ""150442809"", ""183515676"", ""179949768""]"
none_subset,1,192954657,121769331,37,1315,0,0,0,0,0,0,"[""152102790"", ""133924998"", ""189822829"", ""127955533"", ""155926657"", ""200025016"", ""195045046"", ""195462928"", ""199643627"", ""151546541""]"
none_subset,1,211337769,60532395,4,110,0,0,0,0,0,0,"[""206285668"", ""186934020"", ""202119489"", ""161499533"", ""76695262"", ""20198247"", ""112540745"", ""152350533"", ""177849963"", ""117771611""]"
none_subset,1,207359338,180794567,43,177,0,0,0,0,0,0,"[""199520065"", ""202025930"", ""67909736"", ""164251704"", ""168131196"", ""18292202"", ""100215754"", ""72463184"", ""191583920"", ""151145810""]"
none_subset,1,181119347,152594710,38,90,0,0,0,0,0,0,"[""133136953"", ""185682289"", ""207100353"", ""98477697"", ""183569499"", ""99753126"", ""209229490"", ""163524272"", ""37709032"", ""37809434""]"
none_subset,1,192089775,141708436,43,574,0,0,0,0,0,0,"[""136611640"", ""190006266"", ""134679386"", ""198558883"", ""182726743"", ""187225322"", ""59841256"", ""202169801"", ""152958042"", ""160065339""]"
none_subset,1,169202014,115792264,64,131,0,0,0,0,0,0,"[""146365324"", ""200859322"", ""109641421"", ""191497578"", ""196328856"", ""118462041"", ""183642716"", ""184410319"", ""209370105"", ""95857401""]"
none_subset,1,155898722,126525390,62,1096,0,0,0,0,0,0,"[""32936165"", ""143133964"", ""188696626"", ""212966939"", ""103725802"", ""94546694"", ""103763557"", ""190186845"", ""130924897"", ""62985633""]"
none_subset,1,211085207,187320580,4,24,0,0,0,0,1,1,"[""202571906"", ""186827392"", ""160129846"", ""155908916"", ""195830492"", ""153111279"", ""152542463"", ""153928357"", ""192424356"", ""186079283""]"
none_subset,1,111236993,97545603,37,1434,0,0,0,0,0,0,"[""194408004"", ""210502009"", ""173640245"", ""187324915"", ""209172941"", ""209131034"", ""191911000"", ""204860223"", ""186828113"", ""200733855""]"
none_subset,1,85665818,81445491,62,685,0,0,0,0,0,0,"[""112177351"", ""104468361"", ""208722933"", ""154898111"", ""117977369"", ""195994978"", ""192375962"", ""143851124"", ""182728661"", ""23837919""]"
none_subset,1,199996991,170147206,4,35,0,0,0,0,0,1,"[""126894510"", ""188948651"", ""109800208"", ""116204295"", ""86502666"", ""143209364"", ""201065368"", ""82655238"", ""155250171"", ""198666490""]"
none_subset,1,164955237,134994151,37,1568,0,0,0,0,0,0,"[""109707567"", ""156966536"", ""146734205"", ""164430683"", ""176300467"", ""151207249"", ""128097768"", ""147947722"", ""102282269"", ""113068731""]"
none_subset,1,217442847,201658546,43,9,0,0,0,1,1,1,"[""211884232"", ""210561607"", ""193444926"", ""201441807"", ""196286515"", ""201904386"", ""203417954"", ""191134281"", ""201658546"", ""196197826""]"
none_subset,1,172403730,76977277,38,638,0,0,0,0,0,0,"[""23348079"", ""179234058"", ""81220432"", ""97083478"", ""177165475"", ""67355451"", ""200453592"", ""156424467"", ""192587307"", ""72549464""]"
none_subset,1,140287781,123170607,43,356,0,0,0,0,0,0,"[""122715243"", ""147531803"", ""118484592"", ""163269973"", ""184777155"", ""207851646"", ""199487526"", ""139853041"", ""125529016"", ""191363897""]"
none_subset,1,200638032,172191290,37,1095,0,0,0,0,0,0,"[""64708093"", ""149676779"", ""166660731"", ""156465156"", ""168712812"", ""149498553"", ""132869646"", ""129635992"", ""142799340"", ""139568210""]"
none_subset,1,119991899,107659439,64,277,0,0,0,0,0,0,"[""157000160"", ""129803266"", ""181079853"", ""121442493"", ""194835735"", ""129093190"", ""138800320"", ""184002672"", ""183186218"", ""150944561""]"
none_subset,1,198158905,164230111,46,779,0,0,0,0,0,0,"[""206386118"", ""169485140"", ""165073004"", ""194733810"", ""186116554"", ""129879441"", ""215475381"", ""194136520"", ""158115780"", ""147354525""]"
none_subset,1,209598796,186925656,43,819,0,0,0,0,0,0,"[""182659497"", ""193281522"", ""196161576"", ""118484592"", ""192287850"", ""87755269"", ""115940251"", ""117448343"", ""103931815"", ""187766426""]"
none_subset,1,203010575,176571185,64,1228,0,0,0,0,0,0,"[""20536325"", ""184013986"", ""120027170"", ""67115226"", ""169742657"", ""152305563"", ""173526297"", ""147783280"", ""133192411"", ""143656811""]"
none_subset,1,222626912,171227160,46,614,0,0,0,0,0,0,"[""78094109"", ""137783132"", ""143758782"", ""44855147"", ""183484544"", ""205031717"", ""106349059"", ""102529512"", ""211380085"", ""169711662""]"
none_subset,1,61618898,60295246,62,730,0,0,0,0,0,0,"[""58245381"", ""146276364"", ""164102123"", ""61854824"", ""10132068"", ""36293036"", ""161511273"", ""120579969"", ""186936582"", ""19560737""]"
none_subset,1,205174555,122483687,62,819,0,0,0,0,0,0,"[""44501361"", ""75207324"", ""60189912"", ""65096709"", ""4357432"", ""152444456"", ""70381552"", ""176880559"", ""133376389"", ""212966939""]"
none_subset,1,225336989,131581832,37,1048,0,0,0,0,0,0,"[""21423746"", ""93714502"", ""152140191"", ""147143113"", ""119637829"", ""103057199"", ""168553107"", ""113199607"", ""121116115"", ""192597928""]"
none_subset,1,198174415,129949845,43,20,0,0,0,0,1,1,"[""66798140"", ""133643986"", ""120630424"", ""29596208"", ""163095786"", ""130448492"", ""182355269"", ""49833634"", ""198166094"", ""181167814""]"
none_subset,1,184554656,86866783,43,168,0,0,0,0,0,0,"[""189165560"", ""194855616"", ""142505497"", ""126121357"", ""135449802"", ""96300750"", ""190670405"", ""94726399"", ""205985198"", ""135474915""]"
none_subset,1,223713571,173196317,64,2143,0,0,0,0,0,0,"[""78417008"", ""174151402"", ""183737495"", ""192249642"", ""112432197"", ""127444518"", ""207331867"", ""93608052"", ""166989328"", ""56376408""]"
none_subset,1,199746354,169922901,4,312,0,0,0,0,0,0,"[""86878993"", ""156401201"", ""162653386"", ""165023261"", ""25537887"", ""166106900"", ""192968334"", ""48830519"", ""159922963"", ""104629798""]"
none_subset,1,207524726,180961442,43,49,0,0,0,0,0,1,"[""210822887"", ""206290556"", ""180428174"", ""122818220"", ""194022987"", ""187215484"", ""184633847"", ""211582481"", ""209862942"", ""182445092""]"
none_subset,1,224986236,194958352,37,240,0,0,0,0,0,0,"[""193730114"", ""197844035"", ""141656944"", ""160068637"", ""197921134"", ""188962071"", ""117685268"", ""191504755"", ""208174544"", ""192323302""]"
none_subset,1,223299919,212317993,4,37,0,0,0,0,0,1,"[""143547772"", ""195596465"", ""180843726"", ""211858811"", ""211170774"", ""182581077"", ""184322806"", ""168099979"", ""177825434"", ""196026500""]"
none_subset,1,164990518,140488166,4,131,0,0,0,0,0,0,"[""169868864"", ""211663742"", ""142444658"", ""214275181"", ""214085481"", ""202016099"", ""207624491"", ""162217385"", ""143547772"", ""186674454""]"
none_subset,1,154133298,146207857,46,132,0,0,0,0,0,0,"[""136876083"", ""76358493"", ""85179633"", ""166724206"", ""109963356"", ""81216321"", ""174150304"", ""211159708"", ""201742113"", ""208458622""]"
none_subset,1,224478372,211203480,38,108,0,0,0,0,0,0,"[""173053311"", ""194370723"", ""153672609"", ""133973101"", ""205465606"", ""192509185"", ""160985669"", ""157035510"", ""169004224"", ""211308162""]"
none_subset,1,45015704,71089233,64,672,0,0,0,0,0,0,"[""132746503"", ""125019219"", ""151134804"", ""46094230"", ""146630451"", ""116088383"", ""193722885"", ""111242282"", ""25588585"", ""193870914""]"
none_subset,1,223077999,209174509,4,606,0,0,0,0,0,0,"[""201461303"", ""156855089"", ""209268749"", ""207985124"", ""123469638"", ""180575809"", ""190121568"", ""204482650"", ""187280517"", ""185851022""]"
none_subset,1,67459375,72266723,46,526,0,0,0,0,0,0,"[""21000985"", ""106349059"", ""16339902"", ""59097004"", ""194811856"", ""186542267"", ""158946684"", ""79146025"", ""113654919"", ""75781779""]"
none_subset,1,210856081,39020816,57,676,0,0,0,0,0,0,"[""105791090"", ""177610534"", ""209587784"", ""93527943"", ""103100336"", ""200276907"", ""197042183"", ""148098437"", ""213406997"", ""190848556""]"
none_subset,1,186892785,139178433,64,1082,0,0,0,0,0,0,"[""120966979"", ""124508209"", ""148414231"", ""147667682"", ""43675047"", ""182224096"", ""130603525"", ""153356810"", ""152305563"", ""116088383""]"
none_subset,1,101611615,63641979,62,110,0,0,0,0,0,0,"[""148844442"", ""182029851"", ""214414843"", ""210228776"", ""192570656"", ""116117359"", ""128533237"", ""190676894"", ""36293036"", ""154706721""]"
none_subset,1,159166978,135553147,4,11,0,0,0,0,1,1,"[""146976388"", ""182795835"", ""131896906"", ""162407032"", ""206947052"", ""197046560"", ""161086623"", ""211664992"", ""165023261"", ""193007590""]"
none_subset,1,225235285,37219891,64,276,0,0,0,0,0,0,"[""109908915"", ""115462129"", ""124814963"", ""167679113"", ""139111035"", ""125668173"", ""97501013"", ""212759587"", ""115197132"", ""153272732""]"
none_subset,1,197791490,167800204,46,23,0,0,0,0,1,1,"[""209783146"", ""213475469"", ""155463873"", ""60024776"", ""126734285"", ""210724130"", ""174492089"", ""144484944"", ""205748662"", ""194782765""]"
none_subset,1,102418082,80903797,57,580,0,0,0,0,0,0,"[""36469237"", ""171077145"", ""182261998"", ""202526079"", ""196654350"", ""159923285"", ""51146959"", ""135872349"", ""210204860"", ""76371725""]"
none_subset,1,114268368,97820261,43,7,0,0,0,1,1,1,"[""183716498"", ""191493447"", ""183029564"", ""80682255"", ""143996100"", ""194521804"", ""97820261"", ""159960194"", ""194521791"", ""146832585""]"
none_subset,1,202665173,176931775,46,1151,0,0,0,0,0,0,"[""208905537"", ""178779098"", ""173406684"", ""187591614"", ""169673924"", ""173832017"", ""212546063"", ""210836917"", ""213513527"", ""211441287""]"
none_subset,1,111494545,100563053,37,593,0,0,0,0,0,0,"[""192163385"", ""191294127"", ""76037021"", ""213471023"", ""160185355"", ""186793836"", ""78795109"", ""148343657"", ""154888352"", ""69152666""]"
none_subset,1,128208179,109410545,4,143,0,0,0,0,0,0,"[""144264277"", ""98844359"", ""183438126"", ""127548260"", ""173529593"", ""72045166"", ""202362364"", ""159676437"", ""45909356"", ""148365289""]"
none_subset,1,223127056,190228521,43,27,0,0,0,0,1,1,"[""151693658"", ""203448395"", ""204570694"", ""146869722"", ""80700126"", ""54249020"", ""150825286"", ""32986495"", ""75820312"", ""167353972""]"
none_subset,1,199815355,39903440,38,1238,0,0,0,0,0,0,"[""67142038"", ""49778371"", ""149755002"", ""162391436"", ""132325249"", ""102891416"", ""55637037"", ""123190192"", ""70700474"", ""212456523""]"
none_subset,1,182672197,161159839,4,393,0,0,0,0,0,0,"[""99699218"", ""72045166"", ""199777290"", ""200963858"", ""119898461"", ""98844359"", ""128402566"", ""125829483"", ""190091385"", ""164284194""]"
none_subset,1,102786047,89332658,4,85,0,0,0,0,0,0,"[""179909533"", ""103872312"", ""185262753"", ""159570716"", ""86502666"", ""154636066"", ""131549903"", ""115442302"", ""188948651"", ""141714724""]"
none_subset,1,202861919,191600925,37,367,0,0,0,0,0,0,"[""153052637"", ""145639775"", ""188240250"", ""50495635"", ""132869646"", ""211415830"", ""189064377"", ""203527914"", ""213026576"", ""150778048""]"
none_subset,1,219927448,193004529,64,747,0,0,0,0,0,0,"[""215029097"", ""39329217"", ""130269008"", ""65008306"", ""107218617"", ""149270814"", ""211040708"", ""20669856"", ""132595203"", ""182509717""]"
none_subset,1,225166230,193874948,46,99,0,0,0,0,0,0,"[""193559506"", ""62458353"", ""158946684"", ""201141148"", ""192342929"", ""165953966"", ""192027708"", ""210128394"", ""131953748"", ""205586250""]"
none_subset,1,224481256,213026403,37,109,0,0,0,0,0,0,"[""100819191"", ""143863608"", ""212809765"", ""153136383"", ""137592134"", ""120041856"", ""143171406"", ""129635992"", ""49441853"", ""169674639""]"
none_subset,1,220758990,207726716,4,1,1,1,1,1,1,1,"[""207726716"", ""167623478"", ""201569008"", ""189899644"", ""172984196"", ""194689928"", ""57016975"", ""183858161"", ""175026491"", ""203537664""]"
none_subset,1,176026002,139094513,62,1370,0,0,0,0,0,0,"[""138706009"", ""127189565"", ""206988335"", ""138176309"", ""21766299"", ""143787505"", ""140800753"", ""151606693"", ""141706599"", ""164853135""]"
none_subset,1,220209094,206351628,62,36,0,0,0,0,0,1,"[""192447937"", ""208719189"", ""210452869"", ""196478095"", ""210489322"", ""185886914"", ""191313815"", ""206841068"", ""191982155"", ""184849912""]"
none_subset,1,146131699,126937971,43,101,0,0,0,0,0,0,"[""127635452"", ""127203559"", ""159478691"", ""107185884"", ""101617365"", ""99130868"", ""70081273"", ""55350013"", ""96286367"", ""140470954""]"
none_subset,1,68842383,63103166,43,27,0,0,0,0,1,1,"[""194068460"", ""99720576"", ""151392250"", ""115851281"", ""79155317"", ""138106208"", ""193482080"", ""164991678"", ""75648342"", ""185799642""]"
none_subset,1,210482844,180546104,37,360,0,0,0,0,0,0,"[""211863626"", ""155458733"", ""58893791"", ""146791770"", ""89522883"", ""145502443"", ""80627031"", ""202331502"", ""145396971"", ""211368082""]"
none_subset,1,216831546,173645815,37,1491,0,0,0,0,0,0,"[""212112835"", ""132604931"", ""212381571"", ""188912090"", ""173181064"", ""148500212"", ""191494230"", ""189202972"", ""188452877"", ""165767706""]"
none_subset,1,187441994,119644839,4,27,0,0,0,0,1,1,"[""150679730"", ""151356635"", ""91321970"", ""114164900"", ""163852424"", ""75828042"", ""184587206"", ""172890535"", ""159049760"", ""156435626""]"
none_subset,1,196491620,119913706,4,41,0,0,0,0,0,1,"[""53953930"", ""163708754"", ""108861780"", ""174649936"", ""74573249"", ""101609584"", ""107641044"", ""107564311"", ""195003429"", ""192906971""]"
none_subset,1,220704990,205103637,38,256,0,0,0,0,0,0,"[""107256101"", ""207326334"", ""179000829"", ""114095793"", ""183272380"", ""213648542"", ""133824881"", ""169186989"", ""129343388"", ""138026153""]"
none_subset,1,224737531,214583872,62,1300,0,0,0,0,0,0,"[""145498643"", ""172600056"", ""148734435"", ""39330068"", ""17218907"", ""166012487"", ""131859804"", ""118612211"", ""130611320"", ""148739677""]"
none_subset,1,212277464,191640347,38,37,0,0,0,0,0,1,"[""193949384"", ""180271965"", ""203377427"", ""104506104"", ""69350726"", ""81220432"", ""63839835"", ""209330718"", ""188563326"", ""126427416""]"
none_subset,1,221616984,206390086,4,323,0,0,0,0,0,0,"[""182903930"", ""200439718"", ""184090522"", ""214341619"", ""80458410"", ""144889470"", ""181646106"", ""187408602"", ""105762137"", ""197475541""]"
none_subset,1,221470979,99992649,43,100,0,0,0,0,0,0,"[""102607958"", ""155678818"", ""198700213"", ""74845533"", ""183687457"", ""114124021"", ""129748527"", ""75839915"", ""188810945"", ""81135713""]"
none_subset,1,224379588,201747658,64,134,0,0,0,0,0,0,"[""209768449"", ""142659992"", ""156400594"", ""213914636"", ""214310641"", ""159273484"", ""173318781"", ""153434885"", ""189845371"", ""207826820""]"
none_subset,1,225331093,214581587,37,668,0,0,0,0,0,0,"[""164058126"", ""168816718"", ""197238711"", ""207536937"", ""183519446"", ""177838111"", ""190569345"", ""203837820"", ""210025924"", ""211804795""]"
none_subset,1,211473178,188195572,43,1317,0,0,0,0,0,0,"[""190372173"", ""145672403"", ""204467227"", ""198017996"", ""166186965"", ""215217906"", ""108684069"", ""193408178"", ""171112521"", ""166301530""]"
none_subset,1,36092657,16082541,62,517,0,0,0,0,0,0,"[""141274480"", ""132774570"", ""113925741"", ""132521306"", ""167029837"", ""206374335"", ""140662974"", ""194354704"", ""52020678"", ""150061205""]"
none_subset,1,223001463,181988758,37,13,0,0,0,0,1,1,"[""141241455"", ""137062195"", ""209543868"", ""213471023"", ""168016376"", ""89171973"", ""160185355"", ""143052602"", ""174160467"", ""114218195""]"
none_subset,1,106023746,90207738,38,482,0,0,0,0,0,0,"[""156481100"", ""183183123"", ""149261434"", ""33876194"", ""139117589"", ""85905858"", ""58573176"", ""138359325"", ""36930305"", ""143552622""]"
none_subset,1,195768416,168830681,43,1341,0,0,0,0,0,0,"[""184091403"", ""195474760"", ""191974516"", ""198320674"", ""201671217"", ""199136571"", ""143371562"", ""140307868"", ""141162020"", ""188582346""]"
none_subset,1,215293653,191131185,37,56,0,0,0,0,0,0,"[""195296935"", ""213067554"", ""204832839"", ""191911000"", ""209172941"", ""196559300"", ""195014964"", ""207544886"", ""202227327"", ""196469804""]"
none_subset,1,196727000,169363779,43,89,0,0,0,0,0,0,"[""108684069"", ""128075960"", ""145672403"", ""206936272"", ""213430450"", ""136136174"", ""180214878"", ""84782336"", ""204609076"", ""164461764""]"
none_subset,1,211716540,191244076,57,49,0,0,0,0,0,1,"[""171524744"", ""131732559"", ""82520729"", ""121596250"", ""110563932"", ""186151702"", ""17116273"", ""149204965"", ""18125683"", ""33719673""]"
none_subset,1,209299411,160039265,46,50,0,0,0,0,0,1,"[""99228098"", ""197859726"", ""163363958"", ""202811596"", ""143484748"", ""212809187"", ""172374310"", ""207664468"", ""208431287"", ""168442343""]"
none_subset,1,198036682,168536218,57,486,0,0,0,0,0,0,"[""213085518"", ""121596250"", ""171165314"", ""128942017"", ""192913890"", ""177013550"", ""22717893"", ""115422067"", ""178239143"", ""75146663""]"
none_subset,1,119614837,105604280,62,388,0,0,0,0,0,0,"[""120190873"", ""124409511"", ""184223858"", ""127142933"", ""179233833"", ""58202036"", ""137438240"", ""186593972"", ""149611160"", ""19558627""]"
none_subset,1,129835987,112971301,57,351,0,0,0,0,0,0,"[""17825658"", ""138618540"", ""111475511"", ""77142525"", ""153152780"", ""37397887"", ""134704180"", ""12228591"", ""152398818"", ""46330390""]"
none_subset,1,198143042,167740456,64,180,0,0,0,0,0,0,"[""146444401"", ""146630451"", ""192632345"", ""133214115"", ""90897593"", ""147984435"", ""187708913"", ""146848980"", ""191629980"", ""19607163""]"
none_subset,1,212433167,192413607,4,77,0,0,0,0,0,0,"[""165955611"", ""177949545"", ""201432635"", ""214341619"", ""73943138"", ""197475541"", ""213053357"", ""207099785"", ""151335037"", ""182903930""]"
none_subset,1,152837769,132595203,64,1157,0,0,0,0,0,0,"[""56593545"", ""190759249"", ""205058205"", ""85051125"", ""208560031"", ""213158029"", ""78822097"", ""86754048"", ""211475437"", ""207028000""]"
none_subset,1,188548219,157989085,43,14,0,0,0,0,1,1,"[""134507863"", ""168714665"", ""84316516"", ""215585515"", ""178272808"", ""116652853"", ""96529795"", ""121864251"", ""162536514"", ""198166094""]"
none_subset,1,223728006,96029631,64,423,0,0,0,0,0,0,"[""148414231"", ""103416735"", ""114607994"", ""125561073"", ""138803213"", ""95987224"", ""80281524"", ""156194814"", ""181619566"", ""151051885""]"
none_subset,1,84272963,83729071,46,91,0,0,0,0,0,0,"[""169602941"", ""180541695"", ""150742725"", ""169485140"", ""213021213"", ""157417143"", ""138718760"", ""77308664"", ""125568463"", ""164455139""]"
none_subset,1,196987465,176715532,4,215,0,0,0,0,0,0,"[""140770457"", ""192968334"", ""206506678"", ""211664992"", ""207935824"", ""169909145"", ""144811459"", ""211173169"", ""190228386"", ""144046125""]"
none_subset,1,141116855,120205229,4,4,0,0,1,1,1,1,"[""192786300"", ""184476437"", ""153223626"", ""120205229"", ""88532160"", ""192875206"", ""115266425"", ""188323012"", ""191597482"", ""176002373""]"
none_subset,1,224307694,209183284,4,111,0,0,0,0,0,0,"[""212482379"", ""210309601"", ""212819052"", ""202016099"", ""205244315"", ""206345303"", ""215675334"", ""214085481"", ""177635652"", ""206285188""]"
none_subset,1,217204938,201202736,43,35,0,0,0,0,0,1,"[""210273616"", ""210321299"", ""176776603"", ""125536521"", ""89403432"", ""164527202"", ""176475069"", ""45817946"", ""39026970"", ""178361669""]"
none_subset,1,224764295,213740987,37,147,0,0,0,0,0,0,"[""186828113"", ""193730114"", ""190070434"", ""123971162"", ""202227327"", ""208141913"", ""209286799"", ""173640245"", ""206942069"", ""200278482""]"
none_subset,1,223771701,212690484,46,82,0,0,0,0,0,0,"[""210288248"", ""136576031"", ""204544735"", ""161736013"", ""131018578"", ""138718760"", ""114169237"", ""160007768"", ""140861260"", ""207585798""]"
none_subset,1,140862338,122704847,46,14,0,0,0,0,1,1,"[""157916182"", ""178975230"", ""100910403"", ""204237929"", ""170790096"", ""153105815"", ""201405465"", ""137569131"", ""165803311"", ""193559506""]"
none_subset,1,213056534,193369779,4,1,1,1,1,1,1,1,"[""193369779"", ""163340296"", ""215198902"", ""155621797"", ""179962753"", ""177056777"", ""133070539"", ""191316160"", ""190503853"", ""189202376""]"
none_subset,1,220474906,196341965,64,1622,0,0,0,0,0,0,"[""73275498"", ""46094230"", ""173159881"", ""97428675"", ""151373996"", ""191629980"", ""121260031"", ""213433847"", ""63926364"", ""174387123""]"
none_subset,1,220693428,207538350,64,102,0,0,0,0,0,0,"[""136038725"", ""201712054"", ""73065988"", ""96320844"", ""203188239"", ""143226451"", ""86356781"", ""179210556"", ""141938100"", ""79297519""]"
none_subset,1,216735988,200278482,37,159,0,0,0,0,0,0,"[""201649016"", ""193411521"", ""173640245"", ""210666947"", ""187543270"", ""195744990"", ""192456013"", ""213416559"", ""194831266"", ""168115320""]"
none_subset,1,202583639,164265663,46,985,0,0,0,0,0,0,"[""131953748"", ""193559506"", ""110900877"", ""147425773"", ""154894212"", ""74403232"", ""158946684"", ""207645526"", ""30916684"", ""205315794""]"
none_subset,1,62132920,62710943,38,296,0,0,0,0,0,0,"[""81626812"", ""91690080"", ""85120764"", ""204224738"", ""70118559"", ""109987226"", ""126884451"", ""132567182"", ""149166152"", ""72092510""]"
none_subset,1,222276478,88088262,46,50,0,0,0,0,0,1,"[""178808064"", ""183484544"", ""76493325"", ""109762523"", ""190912236"", ""179760906"", ""104767223"", ""161017988"", ""115212834"", ""16280277""]"
none_subset,1,142328598,90967487,43,1167,0,0,0,0,0,0,"[""89809066"", ""115215817"", ""18118516"", ""44662004"", ""60362710"", ""189984269"", ""148294908"", ""155334425"", ""109221510"", ""199412521""]"
none_subset,1,222715908,149731729,64,555,0,0,0,0,0,0,"[""146444401"", ""124198714"", ""189971087"", ""133214115"", ""146630451"", ""34666160"", ""124648849"", ""201298322"", ""154897282"", ""153056599""]"
none_subset,1,222358302,207658724,37,90,0,0,0,0,0,0,"[""107202977"", ""126767199"", ""148752102"", ""162372195"", ""190695285"", ""73172650"", ""164935921"", ""99092830"", ""209794141"", ""96678439""]"
none_subset,1,202039416,156469871,4,143,0,0,0,0,0,0,"[""171902128"", ""104674345"", ""187408602"", ""32220775"", ""81303195"", ""69796700"", ""144889470"", ""197475541"", ""190480175"", ""205789625""]"
none_subset,1,221196688,208626958,64,192,0,0,0,0,0,0,"[""134312075"", ""78359767"", ""185413694"", ""108773457"", ""210923456"", ""61743520"", ""195094992"", ""83781866"", ""155708697"", ""83954010""]"
none_subset,1,85702585,46410175,46,640,0,0,0,0,0,0,"[""142436010"", ""161757619"", ""58097180"", ""79694314"", ""107277769"", ""210393362"", ""164627162"", ""166648954"", ""76370473"", ""81754384""]"
none_subset,1,218171263,145005553,37,227,0,0,0,0,0,0,"[""205465612"", ""83732259"", ""211519251"", ""138622989"", ""207409548"", ""210467392"", ""204006241"", ""164535707"", ""192913849"", ""170992936""]"
none_subset,1,218461841,203631816,57,876,0,0,0,0,0,0,"[""212600538"", ""188457754"", ""208983504"", ""187760067"", ""211047562"", ""183669341"", ""209465166"", ""193981972"", ""208504223"", ""175993260""]"
none_subset,1,216991822,193646222,37,574,0,0,0,0,0,0,"[""164454930"", ""150316929"", ""204420256"", ""193680819"", ""142508806"", ""171803364"", ""201561139"", ""151430077"", ""182362280"", ""195831532""]"
none_subset,1,117366450,105854775,64,23,0,0,0,0,1,1,"[""187707055"", ""126904794"", ""206213762"", ""70397289"", ""136416035"", ""130210660"", ""194687988"", ""160006498"", ""204286460"", ""63935560""]"
none_subset,1,224936466,214708320,37,157,0,0,0,0,0,0,"[""200025016"", ""152102790"", ""93714502"", ""189822829"", ""106674292"", ""152140191"", ""192597928"", ""126929630"", ""155926657"", ""126361288""]"
none_subset,1,199206136,173069545,46,344,0,0,0,0,0,0,"[""172935649"", ""175485760"", ""174726875"", ""208719036"", ""201436985"", ""210310500"", ""212306388"", ""194733454"", ""212084332"", ""210667015""]"
none_subset,1,220225073,159846758,64,1075,0,0,0,0,0,0,"[""181619566"", ""85881610"", ""146444401"", ""133214115"", ""128607088"", ""19607163"", ""152368817"", ""157210468"", ""167740456"", ""192632345""]"
none_subset,1,224909719,199223722,43,66,0,0,0,0,0,0,"[""156395019"", ""145550705"", ""39026970"", ""160598030"", ""100262049"", ""100333045"", ""137771001"", ""183716498"", ""98800023"", ""178361669""]"
none_subset,1,219754120,56998165,4,1,1,1,1,1,1,1,"[""56998165"", ""207566657"", ""57958030"", ""186229725"", ""70897180"", ""171902128"", ""161593927"", ""78663312"", ""180856744"", ""78628063""]"
none_subset,1,222199311,197129998,64,2598,0,0,0,0,0,0,"[""206294617"", ""139802525"", ""191710817"", ""182426229"", ""98960696"", ""182911771"", ""111814939"", ""184254034"", ""199819866"", ""184550395""]"
none_subset,1,178764676,150167398,38,33,0,0,0,0,0,1,"[""195402979"", ""191703078"", ""199841905"", ""200085691"", ""130737214"", ""192975911"", ""209590588"", ""123207683"", ""192920732"", ""77338935""]"
none_subset,1,74861701,75777764,43,795,0,0,0,0,0,0,"[""190193667"", ""123794534"", ""202216480"", ""194855616"", ""180951430"", ""166329703"", ""196069283"", ""109286694"", ""189165560"", ""186244397""]"
none_subset,1,215705047,192928912,64,1248,0,0,0,0,0,0,"[""211959757"", ""192550031"", ""134904906"", ""119011216"", ""121322111"", ""174387123"", ""156718510"", ""156784913"", ""111626622"", ""73417955""]"
none_subset,1,96253433,84850725,57,34,0,0,0,0,0,1,"[""46330390"", ""100527593"", ""110306995"", ""17825658"", ""75146663"", ""153152780"", ""128122761"", ""111475511"", ""110563932"", ""115438401""]"
none_subset,1,78786200,68716648,38,1080,0,0,0,0,0,0,"[""350786"", ""117957932"", ""72092510"", ""133136953"", ""99753126"", ""12905940"", ""37709032"", ""37809434"", ""92914026"", ""108421334""]"
none_subset,1,212764906,178111525,46,173,0,0,0,0,0,0,"[""200735701"", ""210880528"", ""204759997"", ""201461152"", ""181935054"", ""118565908"", ""213130291"", ""209947619"", ""204757175"", ""204919891""]"
none_subset,1,81897011,81506359,46,103,0,0,0,0,0,0,"[""202166206"", ""206673825"", ""157417143"", ""213021213"", ""79441211"", ""202999067"", ""125568463"", ""132673663"", ""214293298"", ""164455139""]"
none_subset,1,81375051,76257409,46,123,0,0,0,0,0,0,"[""174504603"", ""99228098"", ""173211527"", ""134544825"", ""84381800"", ""181041821"", ""128782682"", ""88672257"", ""170556855"", ""131931084""]"
none_subset,1,221098404,206360846,57,2477,0,0,0,0,0,0,"[""196862956"", ""68798250"", ""195606087"", ""185584299"", ""200107430"", ""15346485"", ""183255175"", ""171903975"", ""103023172"", ""195854357""]"
none_subset,1,148154417,127482214,62,1149,0,0,0,0,0,0,"[""152196456"", ""59818909"", ""184547267"", ""213770244"", ""56821138"", ""204455045"", ""214034644"", ""195510107"", ""145496839"", ""191201365""]"
none_subset,1,138331862,120603737,38,1463,0,0,0,0,0,0,"[""93923477"", ""189745383"", ""68644542"", ""174760342"", ""171909035"", ""190384477"", ""113745991"", ""69722104"", ""173253112"", ""133301327""]"
none_subset,1,222687175,179521185,64,17,0,0,0,0,1,1,"[""56995363"", ""148414231"", ""60032340"", ""25588585"", ""53912540"", ""92309560"", ""96431966"", ""121260031"", ""130509385"", ""27162317""]"
none_subset,1,146278045,65453441,64,3,0,1,1,1,1,1,"[""208682751"", ""187707055"", ""65453441"", ""151366408"", ""19607163"", ""19628845"", ""146444401"", ""136416035"", ""176953865"", ""161464530""]"
none_subset,1,210956025,189777046,37,147,0,0,0,0,0,0,"[""191504755"", ""191701817"", ""193411521"", ""189646922"", ""194831266"", ""160068637"", ""212784321"", ""210666947"", ""190240043"", ""194884803""]"
none_subset,1,221277599,206404092,37,337,0,0,0,0,0,0,"[""213416559"", ""213318077"", ""197844035"", ""123971162"", ""210666947"", ""199340755"", ""177124581"", ""207956028"", ""191504755"", ""207035998""]"
none_subset,1,142468301,118290351,38,701,0,0,0,0,0,0,"[""113712890"", ""112758547"", ""178111049"", ""143597501"", ""136373067"", ""188963004"", ""134912948"", ""79865197"", ""213761986"", ""148230390""]"
none_subset,1,63871662,164350669,62,235,0,0,0,0,0,0,"[""210452869"", ""151367273"", ""213202334"", ""204555441"", ""188263596"", ""208719189"", ""207489645"", ""154681792"", ""192447937"", ""87474362""]"
none_subset,1,126841239,112648778,4,188,0,0,0,0,0,0,"[""198909677"", ""172943291"", ""211428834"", ""199067357"", ""143083752"", ""58216709"", ""142538361"", ""193928045"", ""139073104"", ""201707698""]"
none_subset,1,210335925,188608634,62,887,0,0,0,0,0,0,"[""180448591"", ""187248726"", ""121524691"", ""196478095"", ""191211417"", ""184849912"", ""208719189"", ""211070786"", ""212412503"", ""206841068""]"
none_subset,1,112596910,97501013,64,24,0,0,0,0,1,1,"[""194094670"", ""138800320"", ""198307794"", ""145779083"", ""178000493"", ""149715107"", ""204824313"", ""166184401"", ""160842974"", ""162295780""]"
none_subset,1,199748989,172689752,37,704,0,0,0,0,0,0,"[""117786165"", ""155883238"", ""143805569"", ""192154985"", ""102008698"", ""162977839"", ""186174097"", ""203721792"", ""168964563"", ""160430913""]"
none_subset,1,211675955,179876069,38,187,0,0,0,0,0,0,"[""200085691"", ""209921939"", ""151217202"", ""202818877"", ""177867333"", ""145871617"", ""209590588"", ""199841905"", ""191703078"", ""188783492""]"
none_subset,1,52338893,51749408,37,1,1,1,1,1,1,1,"[""51749408"", ""138383384"", ""23924949"", ""142630827"", ""205328844"", ""80328768"", ""80433944"", ""206293466"", ""81981879"", ""33066220""]"
none_subset,1,151846351,125139020,38,401,0,0,0,0,0,0,"[""105651656"", ""181340196"", ""121550726"", ""31197704"", ""12905940"", ""159835737"", ""154107984"", ""74273124"", ""46419069"", ""180784190""]"
none_subset,1,223630919,138971583,46,161,0,0,0,0,0,0,"[""111118568"", ""45769216"", ""77995654"", ""79988383"", ""174623464"", ""173222203"", ""180749212"", ""157752214"", ""129447301"", ""129506623""]"
none_subset,1,78464166,78864979,4,114,0,0,0,0,0,0,"[""168222985"", ""199478511"", ""207316494"", ""144990362"", ""202048121"", ""200796353"", ""215209407"", ""53835713"", ""211774897"", ""208950650""]"
none_subset,1,63497561,64365794,62,448,0,0,0,0,0,0,"[""161751974"", ""188263596"", ""207078341"", ""151426108"", ""72727739"", ""193241960"", ""52231765"", ""181195424"", ""113547578"", ""76665110""]"
none_subset,1,169329752,142832546,62,503,0,0,0,0,0,0,"[""80901718"", ""79777747"", ""10132068"", ""134970871"", ""136870941"", ""213659099"", ""163921015"", ""67894406"", ""120682854"", ""161511273""]"
none_subset,1,213406863,191235079,43,2667,0,0,0,0,0,0,"[""176475069"", ""113199180"", ""146832585"", ""145698725"", ""201259036"", ""73260900"", ""194521791"", ""80682255"", ""201690715"", ""35305004""]"
none_subset,1,217747231,201328927,37,188,0,0,0,0,0,0,"[""194408004"", ""210502009"", ""209172941"", ""187324915"", ""131961169"", ""213067554"", ""191911000"", ""186828113"", ""173640245"", ""209131034""]"
none_subset,1,216056810,205283530,38,159,0,0,0,0,0,0,"[""177867333"", ""150792406"", ""185682289"", ""37809434"", ""37709032"", ""176662747"", ""133136953"", ""145871617"", ""158118726"", ""165409487""]"
none_subset,1,115228040,60103240,43,277,0,0,0,0,0,0,"[""202025930"", ""132568100"", ""162596591"", ""49147135"", ""88264744"", ""169803317"", ""13748467"", ""185121060"", ""206529525"", ""182659353""]"
none_subset,1,224934752,213859538,4,2719,0,0,0,0,0,0,"[""206285668"", ""74840410"", ""76695262"", ""194814735"", ""51992415"", ""202167018"", ""161499533"", ""167564443"", ""203884835"", ""207064032""]"
none_subset,1,224920659,203746928,4,1293,0,0,0,0,0,0,"[""213275113"", ""142553971"", ""76515539"", ""176334578"", ""177531279"", ""213307240"", ""198070526"", ""174770035"", ""154727199"", ""3191876""]"
none_subset,1,219762088,199973345,38,251,0,0,0,0,0,0,"[""133939663"", ""206728210"", ""209921939"", ""146311494"", ""86748527"", ""179246503"", ""182108171"", ""191737393"", ""211114806"", ""208342286""]"
none_subset,1,213506280,193992725,37,409,0,0,0,0,0,0,"[""61710118"", ""212047029"", ""39048064"", ""176116685"", ""170049514"", ""129998409"", ""156260279"", ""162977839"", ""163644147"", ""139307132""]"
none_subset,1,200948847,172308661,4,232,0,0,0,0,0,0,"[""207568797"", ""126042350"", ""205365317"", ""206938701"", ""204210360"", ""18519591"", ""207243454"", ""145725802"", ""13245417"", ""122581991""]"
none_subset,1,223592794,211808810,62,96,0,0,0,0,0,0,"[""136225463"", ""161194868"", ""133228837"", ""110895997"", ""67295737"", ""187612359"", ""167146845"", ""184570386"", ""128589400"", ""330143""]"
none_subset,1,222240838,208431676,46,165,0,0,0,0,0,0,"[""172995592"", ""78566379"", ""212730825"", ""208956852"", ""209174745"", ""214020106"", ""201436985"", ""208874737"", ""174852488"", ""212434559""]"
none_subset,1,188294095,131192536,62,202,0,0,0,0,0,0,"[""163921015"", ""140617470"", ""19560737"", ""140687112"", ""108780050"", ""185125027"", ""86925187"", ""71186483"", ""68305694"", ""180945305""]"
none_subset,1,216777466,200026065,4,15,0,0,0,0,1,1,"[""191216846"", ""194142299"", ""200589462"", ""190079873"", ""193413498"", ""192473388"", ""192316575"", ""190789377"", ""196849929"", ""185880119""]"
none_subset,1,116549437,105006245,4,2459,0,0,0,0,0,0,"[""143548483"", ""184954811"", ""186934020"", ""117771611"", ""112540745"", ""116662369"", ""203890372"", ""177849963"", ""179084035"", ""204909089""]"
none_subset,1,222218561,209759690,43,94,0,0,0,0,0,0,"[""164527202"", ""210273616"", ""174164151"", ""190677683"", ""214509021"", ""201668961"", ""210321299"", ""190372173"", ""185897088"", ""177564619""]"
none_subset,1,209513662,120682854,62,315,0,0,0,0,0,0,"[""156442595"", ""106557292"", ""160693723"", ""212697335"", ""211318916"", ""113199085"", ""190914570"", ""198498662"", ""73563944"", ""120273284""]"
none_subset,1,200275719,83719006,62,2031,0,0,0,0,0,0,"[""188189839"", ""204737909"", ""186790061"", ""213337390"", ""113199085"", ""142832546"", ""126852501"", ""210957793"", ""75061598"", ""74330892""]"
none_subset,1,190685103,156263699,38,355,0,0,0,0,0,0,"[""145871617"", ""158118726"", ""133136953"", ""185682289"", ""37809434"", ""169064521"", ""150792406"", ""167575814"", ""117957932"", ""159174919""]"
none_subset,1,198811297,171174687,43,266,0,0,0,0,0,0,"[""180987262"", ""120188232"", ""148261123"", ""54249020"", ""157950320"", ""182081124"", ""76736407"", ""183703868"", ""194855616"", ""169233442""]"
none_subset,1,113308459,99472535,4,144,0,0,0,0,0,0,"[""65093644"", ""120540825"", ""195895955"", ""93467050"", ""27693819"", ""116662369"", ""18444702"", ""201066421"", ""119654700"", ""198809896""]"
none_subset,1,155246815,133410542,4,293,0,0,0,0,0,0,"[""169922901"", ""201829388"", ""135783987"", ""182795835"", ""194811048"", ""142444658"", ""139296574"", ""164194074"", ""164130570"", ""159276511""]"
none_subset,1,201975649,157072589,4,808,0,0,0,0,0,0,"[""171902128"", ""105240256"", ""209665990"", ""200855615"", ""212215373"", ""189844318"", ""104674345"", ""200243377"", ""187499375"", ""209155449""]"
none_subset,1,215047128,118658701,62,5,0,0,1,1,1,1,"[""120555954"", ""192772030"", ""182029851"", ""188314835"", ""118658701"", ""214600448"", ""151367273"", ""214414843"", ""191045383"", ""209252153""]"
none_subset,1,206022811,148282226,43,546,0,0,0,0,0,0,"[""175879766"", ""123492526"", ""167164193"", ""195791947"", ""147836645"", ""122715243"", ""204158311"", ""150825286"", ""160782052"", ""132707717""]"
none_subset,1,199864614,172433080,46,398,0,0,0,0,0,0,"[""212809187"", ""53654857"", ""204632637"", ""84381800"", ""204723094"", ""158729697"", ""194136520"", ""168220730"", ""171974189"", ""162264344""]"
none_subset,1,220643000,205007406,46,118,0,0,0,0,0,0,"[""123341476"", ""208143888"", ""133780489"", ""210836993"", ""92873779"", ""102764457"", ""179533802"", ""212168388"", ""191191910"", ""193943782""]"
none_subset,1,216743416,200374313,62,7,0,0,0,1,1,1,"[""190456275"", ""211334137"", ""31697018"", ""199182211"", ""88462361"", ""56308061"", ""200374313"", ""25260455"", ""57861067"", ""207959416""]"
none_subset,1,225236562,161174151,38,44,0,0,0,0,0,1,"[""204880845"", ""144261984"", ""194370723"", ""182866917"", ""111639650"", ""100749834"", ""157657051"", ""205018667"", ""169004224"", ""192654276""]"
none_subset,1,202941849,146473396,38,639,0,0,0,0,0,0,"[""198969641"", ""134076999"", ""111300498"", ""125546738"", ""107235735"", ""183239301"", ""164429335"", ""129590481"", ""115405939"", ""159509372""]"
none_subset,1,214912385,193435206,43,98,0,0,0,0,0,0,"[""209666551"", ""192996306"", ""192944095"", ""184996236"", ""159359494"", ""185108178"", ""212408069"", ""207048259"", ""179781175"", ""182726743""]"
none_subset,1,218248280,168911726,62,167,0,0,0,0,0,0,"[""79802279"", ""186141115"", ""207091282"", ""181082260"", ""52577956"", ""140662974"", ""172407071"", ""191304046"", ""99424689"", ""132774570""]"
none_subset,1,224766332,214740980,4,545,0,0,0,0,0,0,"[""214643235"", ""199379442"", ""177338367"", ""213319159"", ""210709127"", ""201066059"", ""192581557"", ""201591292"", ""210871478"", ""177128650""]"
none_subset,1,117069997,102651632,64,983,0,0,0,0,0,0,"[""119011216"", ""177028452"", ""60124479"", ""10208777"", ""58475692"", ""79734724"", ""204732209"", ""80281524"", ""35312252"", ""155577554""]"
none_subset,1,213188680,161792498,38,1996,0,0,0,0,0,0,"[""175815162"", ""56711957"", ""136204876"", ""203567193"", ""127669239"", ""182369007"", ""128022775"", ""102259203"", ""211427284"", ""6679232""]"
none_subset,1,220679820,206905310,38,1168,0,0,0,0,0,0,"[""205465606"", ""161174151"", ""205112185"", ""203987602"", ""185544173"", ""169004224"", ""112758593"", ""100749834"", ""144261984"", ""207930811""]"
none_subset,1,221546219,209268749,4,47,0,0,0,0,0,1,"[""210309601"", ""164194074"", ""202936499"", ""210970095"", ""212457708"", ""211809068"", ""212023025"", ""210543315"", ""207534566"", ""78663312""]"
none_subset,1,174244672,145708285,43,4,0,0,1,1,1,1,"[""49195232"", ""207192922"", ""174103954"", ""145708285"", ""53018260"", ""193045333"", ""128075998"", ""98747334"", ""199927468"", ""69012761""]"
none_subset,1,195486271,162650154,4,2682,0,0,0,0,0,0,"[""215427558"", ""195475614"", ""119644839"", ""193413498"", ""150679730"", ""194508039"", ""20198247"", ""75828042"", ""181715447"", ""199422802""]"
none_subset,1,211414159,190677021,4,280,0,0,0,0,0,0,"[""203466268"", ""182904703"", ""201657691"", ""195744792"", ""193001991"", ""202571906"", ""208780104"", ""205600080"", ""210550451"", ""192410120""]"
none_subset,1,207097731,172004450,37,122,0,0,0,0,0,0,"[""187043151"", ""185636932"", ""155681803"", ""213026576"", ""183578088"", ""151199532"", ""188240250"", ""146033695"", ""150452969"", ""209553393""]"
none_subset,1,197355434,101295733,57,401,0,0,0,0,0,0,"[""151872768"", ""53902698"", ""211497981"", ""57596469"", ""111557041"", ""171866039"", ""82248629"", ""100944857"", ""212808373"", ""176111015""]"
none_subset,1,196705804,159536710,46,11,0,0,0,0,1,1,"[""188865413"", ""76061645"", ""137171317"", ""165803311"", ""212992927"", ""148554569"", ""129240074"", ""209980383"", ""65618657"", ""208605842""]"
none_subset,1,96123213,57499091,57,8,0,0,0,1,1,1,"[""178650612"", ""12228591"", ""211835809"", ""178336767"", ""31677187"", ""75645739"", ""111475511"", ""57499091"", ""178887145"", ""114134647""]"
none_subset,1,194700626,167539255,43,347,0,0,0,0,0,0,"[""193746203"", ""183640029"", ""108684069"", ""164268294"", ""208309750"", ""200392561"", ""166344121"", ""170651164"", ""97506344"", ""190372173""]"
none_subset,1,180198150,144472808,43,505,0,0,0,0,0,0,"[""205985198"", ""194855616"", ""190193667"", ""180951430"", ""150977148"", ""166329703"", ""150578488"", ""186244397"", ""163838965"", ""151873776""]"
none_subset,1,219126828,194850161,37,1973,0,0,0,0,0,0,"[""207799963"", ""190806332"", ""126554078"", ""140164328"", ""180649299"", ""173499684"", ""157628611"", ""140706897"", ""174852305"", ""212172992""]"
none_subset,1,215842137,196239631,46,109,0,0,0,0,0,0,"[""136576031"", ""200419946"", ""53985095"", ""169607427"", ""108196994"", ""167312009"", ""188997673"", ""146207857"", ""194051265"", ""56935126""]"
none_subset,1,83265098,79402696,57,697,0,0,0,0,0,0,"[""176767835"", ""177111182"", ""171245380"", ""139367767"", ""75722520"", ""190891048"", ""135355417"", ""174577939"", ""86637550"", ""204015126""]"
none_subset,1,208515574,171247461,38,23,0,0,0,0,1,1,"[""204092180"", ""92748634"", ""123190192"", ""67142038"", ""163646287"", ""151856683"", ""132325249"", ""112966589"", ""55637037"", ""145720442""]"
none_subset,1,210266375,188509360,4,1537,0,0,0,0,0,0,"[""183858161"", ""194689928"", ""198615413"", ""145435299"", ""202777492"", ""193871241"", ""207819636"", ""211385428"", ""183764775"", ""191147915""]"
none_subset,1,153599918,133357830,4,31,0,0,0,0,0,1,"[""205917654"", ""98076075"", ""193951937"", ""205446753"", ""211901995"", ""108202978"", ""169468665"", ""209607188"", ""181306942"", ""153162863""]"
none_subset,1,216308930,199436569,46,384,0,0,0,0,0,0,"[""194132989"", ""168815908"", ""210724130"", ""172250706"", ""101304130"", ""213475469"", ""174665100"", ""199766372"", ""205019069"", ""186078356""]"
none_subset,1,185521301,148267226,43,836,0,0,0,0,0,0,"[""137780242"", ""191583920"", ""195408710"", ""147937996"", ""173981660"", ""205287113"", ""195240617"", ""202343187"", ""102424723"", ""125638272""]"
none_subset,1,216626064,174101143,37,30,0,0,0,0,1,1,"[""197238711"", ""107872662"", ""207698281"", ""195744990"", ""168816718"", ""212216117"", ""206404092"", ""187324915"", ""209161669"", ""154731935""]"
none_subset,1,201445063,172961532,57,40,0,0,0,0,0,1,"[""58773802"", ""125339147"", ""86146630"", ""152353485"", ""149427907"", ""130640717"", ""139191535"", ""176835491"", ""120017043"", ""205430219""]"
none_subset,1,212406032,192225398,64,41,0,0,0,0,0,1,"[""187944465"", ""195529634"", ""202459993"", ""205736876"", ""152518752"", ""193298062"", ""197648445"", ""188820923"", ""132818593"", ""123523267""]"
none_subset,1,186306982,151305355,37,232,0,0,0,0,0,0,"[""173499684"", ""182254392"", ""212172992"", ""156966536"", ""207799963"", ""173432313"", ""98327133"", ""140164328"", ""17206468"", ""189737626""]"
none_subset,1,222169874,208254357,4,193,0,0,0,0,0,0,"[""126589900"", ""133966108"", ""157610724"", ""202029081"", ""210957829"", ""101189812"", ""213532039"", ""133868832"", ""211318379"", ""142538361""]"
none_subset,1,162236020,112624575,64,103,0,0,0,0,0,0,"[""184790742"", ""120420310"", ""156766484"", ""105956443"", ""105939282"", ""211882934"", ""94191912"", ""138798142"", ""156686105"", ""81557516""]"
none_subset,1,168320824,179660373,57,8,0,0,0,1,1,1,"[""82248629"", ""161021821"", ""79470201"", ""129142528"", ""57596469"", ""171021120"", ""84202088"", ""179660373"", ""171021122"", ""152190986""]"
none_subset,1,218867529,206874130,46,85,0,0,0,0,0,0,"[""186888123"", ""206843208"", ""190450261"", ""103251721"", ""159536710"", ""211017543"", ""180976440"", ""109762523"", ""204650950"", ""104767223""]"
none_subset,1,215513854,191711172,43,34,0,0,0,0,0,1,"[""44768555"", ""201647231"", ""187717589"", ""99689774"", ""167879223"", ""152645436"", ""127979191"", ""189313113"", ""174689753"", ""147836645""]"
none_subset,1,207321461,183535868,37,1335,0,0,0,0,0,0,"[""192870188"", ""208532302"", ""190172991"", ""119051792"", ""156963556"", ""209154292"", ""181463702"", ""156606418"", ""187409312"", ""126447515""]"
none_subset,1,116345342,103729719,43,1289,0,0,0,0,0,0,"[""171159022"", ""119119405"", ""35003932"", ""108422106"", ""183307521"", ""112544549"", ""202111236"", ""193045333"", ""153540939"", ""128075960""]"
none_subset,1,181908159,89431258,46,339,0,0,0,0,0,0,"[""176647062"", ""162153442"", ""156045025"", ""208431287"", ""174665100"", ""101304130"", ""182916957"", ""194132989"", ""160147246"", ""180829317""]"
none_subset,1,224938628,213744352,46,2,0,1,1,1,1,1,"[""129240074"", ""213744352"", ""174623464"", ""39277627"", ""96833542"", ""179347666"", ""129447301"", ""56174657"", ""180749212"", ""192437637""]"
none_subset,1,156330511,127442429,37,292,0,0,0,0,0,0,"[""51981897"", ""73570785"", ""102688777"", ""144803619"", ""126753800"", ""123163900"", ""156934315"", ""163644147"", ""157674411"", ""188742562""]"
none_subset,1,89618330,82109720,62,95,0,0,0,0,0,0,"[""51213351"", ""132104523"", ""55234377"", ""32263557"", ""156442595"", ""119760694"", ""133787241"", ""154506894"", ""204830740"", ""144526487""]"
none_subset,1,186734724,120186615,64,186,0,0,0,0,0,0,"[""57067226"", ""159428920"", ""132746503"", ""204754543"", ""155183786"", ""193536959"", ""140676990"", ""193722885"", ""114420335"", ""193870914""]"
none_subset,1,137663265,121152864,37,1347,0,0,0,0,0,0,"[""145502443"", ""200025016"", ""169510905"", ""51138626"", ""152508279"", ""151240773"", ""202857509"", ""152102790"", ""119443780"", ""125877587""]"
none_subset,1,184932665,153873960,46,51,0,0,0,0,0,0,"[""127997699"", ""138620481"", ""183484544"", ""208035235"", ""191792029"", ""78570599"", ""133795252"", ""149593908"", ""102529512"", ""178808064""]"
none_subset,1,176808962,144873226,38,73,0,0,0,0,0,0,"[""173253112"", ""85274599"", ""181551206"", ""188178632"", ""28528703"", ""171909035"", ""113745991"", ""109267269"", ""96696628"", ""93923477""]"
none_subset,1,40091309,46137767,62,39,0,0,0,0,0,1,"[""101066716"", ""147431302"", ""15942056"", ""70315472"", ""113590470"", ""42940692"", ""72763415"", ""45997741"", ""124381580"", ""22079020""]"
none_subset,1,186263172,157798849,37,793,0,0,0,0,0,0,"[""202170903"", ""183268600"", ""139108982"", ""160538816"", ""142288515"", ""200918008"", ""91173744"", ""195292057"", ""154436028"", ""94672340""]"
none_subset,1,212278606,188191658,62,1516,0,0,0,0,0,0,"[""57612738"", ""208335318"", ""63654449"", ""79388828"", ""123684467"", ""166108651"", ""72221818"", ""60239293"", ""61833524"", ""61172453""]"
none_subset,1,7916680,5126262,38,1162,0,0,0,0,0,0,"[""12905940"", ""206518481"", ""53171694"", ""26955008"", ""158620086"", ""145871617"", ""64360348"", ""99753126"", ""133136953"", ""98477697""]"
none_subset,1,212566660,192314331,4,106,0,0,0,0,0,0,"[""81195353"", ""107688044"", ""204708799"", ""157103009"", ""204468129"", ""52380679"", ""89332658"", ""99699218"", ""178330529"", ""179735008""]"
none_subset,1,171758770,144073843,64,9,0,0,0,1,1,1,"[""152603802"", ""112345894"", ""105144259"", ""164633014"", ""189988059"", ""70627695"", ""136116320"", ""177080791"", ""144073843"", ""145779626""]"
none_subset,1,56944150,58074978,62,1645,0,0,0,0,0,0,"[""73410413"", ""84086538"", ""149971080"", ""134618566"", ""58245381"", ""144733620"", ""16086259"", ""131192536"", ""124123475"", ""119872668""]"
none_subset,1,177136220,149224518,46,267,0,0,0,0,0,0,"[""212690484"", ""75717953"", ""173421370"", ""131629489"", ""133730714"", ""209175470"", ""105074956"", ""53889109"", ""162840624"", ""93122967""]"
none_subset,1,221464984,208901976,4,27,0,0,0,0,1,1,"[""190218932"", ""163708754"", ""107564311"", ""179812166"", ""188323012"", ""195003429"", ""135451052"", ""46147970"", ""157519336"", ""192735606""]"
none_subset,1,211415678,190685714,4,187,0,0,0,0,0,0,"[""146764647"", ""204007557"", ""193879806"", ""191509023"", ""177056777"", ""193021423"", ""192424356"", ""120205229"", ""186827392"", ""165955611""]"
none_subset,1,212123398,153789770,38,38,0,0,0,0,0,1,"[""155422545"", ""116918686"", ""200285040"", ""93923477"", ""181551206"", ""53171694"", ""29779319"", ""137662431"", ""64360348"", ""85274599""]"
none_subset,1,214057362,159356640,38,4,0,0,1,1,1,1,"[""192443797"", ""112658377"", ""205529136"", ""159356640"", ""140998433"", ""117334028"", ""151498509"", ""142190823"", ""145871617"", ""63443950""]"
none_subset,1,225018699,203644944,46,29,0,0,0,0,1,1,"[""141781507"", ""207127154"", ""173365679"", ""200555275"", ""209764015"", ""191974228"", ""198221243"", ""211047288"", ""212469100"", ""211063696""]"
none_subset,1,189614427,161963154,37,276,0,0,0,0,0,0,"[""212776036"", ""82961419"", ""207481345"", ""208464643"", ""210053178"", ""176300467"", ""156884960"", ""191148698"", ""191571552"", ""203837820""]"
none_subset,1,142392731,121824532,64,415,0,0,0,0,0,0,"[""201421429"", ""183213131"", ""187708913"", ""209790439"", ""162665168"", ""149506115"", ""79234720"", ""147984435"", ""63965447"", ""177536477""]"
none_subset,1,223015676,203967736,38,26,0,0,0,0,1,1,"[""170938980"", ""137025491"", ""181340196"", ""91697050"", ""64528586"", ""204880845"", ""205018667"", ""204390915"", ""154107984"", ""167193773""]"
none_subset,1,225055490,201955493,62,544,0,0,0,0,0,0,"[""212901239"", ""138087303"", ""213519745"", ""150777456"", ""189162855"", ""185851832"", ""120889247"", ""168908390"", ""200006687"", ""125452747""]"
none_subset,1,193926677,166513470,4,15,0,0,0,0,1,1,"[""153979554"", ""90543409"", ""83596697"", ""192413607"", ""156841315"", ""138308946"", ""169964492"", ""78836369"", ""177402240"", ""109226779""]"
none_subset,1,127823271,106159013,46,13,0,0,0,0,1,1,"[""205315794"", ""120963350"", ""137150022"", ""147425773"", ""207470239"", ""179653927"", ""30916684"", ""174679814"", ""120932240"", ""82615761""]"
none_subset,1,216006681,191329499,43,67,0,0,0,0,0,0,"[""182217673"", ""88539862"", ""81376188"", ""75704737"", ""139398347"", ""1704333"", ""152103320"", ""72741345"", ""189490489"", ""181227003""]"
none_subset,1,217243654,200894620,43,23,0,0,0,0,1,1,"[""178409476"", ""44768555"", ""125536521"", ""127321663"", ""191711172"", ""152645436"", ""201409854"", ""198017996"", ""189313113"", ""138812364""]"
none_subset,1,182940563,150904300,37,1132,0,0,0,0,0,0,"[""213471023"", ""138858879"", ""201740861"", ""96028215"", ""96256428"", ""57914905"", ""94966858"", ""191931364"", ""172603509"", ""181408383""]"
none_subset,1,187573727,146649572,4,57,0,0,0,0,0,0,"[""193858344"", ""44842674"", ""201066421"", ""113622434"", ""144995106"", ""214045806"", ""200589143"", ""56134226"", ""183642706"", ""144683728""]"
none_subset,1,138080259,65008714,64,31,0,0,0,0,0,1,"[""94191912"", ""174387123"", ""112210141"", ""193944748"", ""1943884"", ""198499830"", ""187557702"", ""100728693"", ""156718510"", ""173159881""]"
none_subset,1,192631686,153052637,37,602,0,0,0,0,0,0,"[""169052319"", ""182444653"", ""152140191"", ""180305054"", ""149221878"", ""204531217"", ""32618321"", ""206126959"", ""110465452"", ""155606960""]"
none_subset,1,221997368,208214699,64,2,0,1,1,1,1,1,"[""187138250"", ""208214699"", ""185230388"", ""142556394"", ""98518695"", ""107753045"", ""214403909"", ""211803930"", ""121706760"", ""88249240""]"
none_subset,1,43275874,36274453,46,3,0,1,1,1,1,1,"[""118565908"", ""181810712"", ""36274453"", ""204759997"", ""164400164"", ""119093613"", ""210880528"", ""201461152"", ""93122967"", ""169684033""]"
none_subset,1,208549473,188974237,38,384,0,0,0,0,0,0,"[""121564255"", ""23348079"", ""62361505"", ""81220432"", ""8550716"", ""213984936"", ""192587307"", ""192443349"", ""188362913"", ""61517646""]"
none_subset,1,201632722,146950826,38,156,0,0,0,0,0,0,"[""113456040"", ""11921513"", ""123704552"", ""202987035"", ""156461111"", ""195156235"", ""139197933"", ""69350726"", ""172110259"", ""211427284""]"
none_subset,1,156160045,132801199,4,20,0,0,0,0,1,1,"[""206947052"", ""209043508"", ""205025057"", ""183465667"", ""158546701"", ""93707137"", ""213414254"", ""204124240"", ""165051058"", ""199379224""]"
none_subset,1,72156364,74091865,62,92,0,0,0,0,0,0,"[""192607518"", ""169222138"", ""203728936"", ""61834333"", ""73906788"", ""167732430"", ""127489206"", ""200271479"", ""118002181"", ""70799922""]"
none_subset,1,223313101,212092681,64,105,0,0,0,0,0,0,"[""207826820"", ""186937016"", ""213788530"", ""196286888"", ""207475739"", ""209768449"", ""195426035"", ""20371087"", ""153266976"", ""201814913""]"
none_subset,1,223233776,212219845,37,113,0,0,0,0,0,0,"[""193730114"", ""190070434"", ""191538851"", ""199287233"", ""187719393"", ""206302770"", ""213637743"", ""209349722"", ""201649016"", ""202782009""]"
none_subset,1,211371620,158157895,62,241,0,0,0,0,0,0,"[""101066716"", ""106024110"", ""72763415"", ""194314823"", ""135632302"", ""113590470"", ""42940692"", ""156487231"", ""147431302"", ""69167066""]"
none_subset,1,126256433,96974114,43,861,0,0,0,0,0,0,"[""137560784"", ""179127750"", ""39344788"", ""77932206"", ""91110398"", ""154544914"", ""51516713"", ""87909441"", ""54164127"", ""37006900""]"
none_subset,1,212358680,179747268,57,508,0,0,0,0,0,0,"[""191815433"", ""188457754"", ""187760067"", ""202655316"", ""212600538"", ""193981972"", ""164929949"", ""211357002"", ""202223376"", ""180448567""]"
none_subset,1,206969260,182904703,4,29,0,0,0,0,1,1,"[""190777127"", ""190079873"", ""187600900"", ""200589462"", ""192473388"", ""126107165"", ""197090565"", ""176566249"", ""192582014"", ""73205799""]"
none_subset,1,219081552,202282525,46,115,0,0,0,0,0,0,"[""147425773"", ""137150022"", ""167900654"", ""213237768"", ""178779098"", ""205315794"", ""167383627"", ""207597334"", ""154894212"", ""74767597""]"
none_subset,1,210487268,179668314,64,590,0,0,0,0,0,0,"[""173246608"", ""129093190"", ""167537206"", ""193756438"", ""178000493"", ""127196288"", ""184002672"", ""190786565"", ""154739583"", ""166184401""]"
none_subset,1,225336145,74450876,64,74,0,0,0,0,0,0,"[""144150605"", ""132289907"", ""179890391"", ""132519466"", ""64620490"", ""181874277"", ""193734151"", ""191000780"", ""85531879"", ""193793367""]"
none_subset,1,175331456,146513683,37,32,0,0,0,0,0,1,"[""151207249"", ""176300467"", ""191148698"", ""173579713"", ""99912403"", ""142304384"", ""191571552"", ""183515849"", ""191365709"", ""162999974""]"
none_subset,1,213944371,194670256,37,427,0,0,0,0,0,0,"[""210226726"", ""210666947"", ""195744990"", ""199340755"", ""160068637"", ""209161669"", ""189646922"", ""202030579"", ""188994423"", ""211802210""]"
none_subset,1,134360438,111735082,62,586,0,0,0,0,0,0,"[""200271479"", ""118002181"", ""61834333"", ""203728936"", ""73906788"", ""194230267"", ""194095435"", ""190955120"", ""150826025"", ""127489206""]"
none_subset,1,187101284,147810982,62,950,0,0,0,0,0,0,"[""211877317"", ""114499733"", ""212972175"", ""67894406"", ""63080448"", ""143261727"", ""82227003"", ""29402179"", ""156801810"", ""106048307""]"
none_subset,1,203507410,173887076,57,1087,0,0,0,0,0,0,"[""210440269"", ""195530341"", ""172994991"", ""175665700"", ""214160653"", ""209640231"", ""213478012"", ""210136489"", ""207134458"", ""213406997""]"
none_subset,1,166673610,121103119,62,1484,0,0,0,0,0,0,"[""211947594"", ""19018996"", ""121568505"", ""33292190"", ""207242661"", ""166506446"", ""206707770"", ""212697335"", ""202749231"", ""190676894""]"
none_subset,1,193152815,165031640,57,27,0,0,0,0,1,1,"[""167696704"", ""185648769"", ""188097035"", ""201622709"", ""190632146"", ""170283614"", ""176973320"", ""163252829"", ""205338582"", ""142032570""]"
none_subset,1,168799431,143547772,4,4,0,0,1,1,1,1,"[""76519929"", ""199896638"", ""194022496"", ""143547772"", ""181851794"", ""9247440"", ""192507369"", ""191209763"", ""195596465"", ""22766945""]"
none_subset,1,210308666,184170758,43,1988,0,0,0,0,0,0,"[""159900716"", ""147836645"", ""196383606"", ""212952645"", ""204018856"", ""186949946"", ""110104374"", ""174689753"", ""127979191"", ""209546973""]"
none_subset,1,125809748,98272991,43,120,0,0,0,0,0,0,"[""105238183"", ""191701553"", ""199412521"", ""18294635"", ""204570694"", ""147472718"", ""132428330"", ""153591399"", ""120869286"", ""207445919""]"
none_subset,1,215481738,119637829,37,23,0,0,0,0,1,1,"[""157022245"", ""103057199"", ""153205116"", ""201252808"", ""156884960"", ""212047029"", ""162095481"", ""153205005"", ""155926657"", ""170049514""]"
none_subset,1,141347617,74290204,62,1639,0,0,0,0,0,0,"[""127682307"", ""66613547"", ""186943676"", ""213858568"", ""52152330"", ""9716999"", ""86857938"", ""86295030"", ""210017823"", ""71186483""]"
none_subset,1,182735542,154615570,46,226,0,0,0,0,0,0,"[""123341476"", ""208143888"", ""121346371"", ""92873779"", ""111715361"", ""105129945"", ""52121794"", ""207308677"", ""52955195"", ""133780489""]"
none_subset,1,84948438,81936846,38,576,0,0,0,0,0,0,"[""121550726"", ""163646287"", ""92748634"", ""5564013"", ""18962742"", ""73438643"", ""58199619"", ""95395941"", ""174456119"", ""113398847""]"
none_subset,1,88430166,74375092,43,242,0,0,0,0,0,0,"[""129913139"", ""191583920"", ""67999092"", ""59547777"", ""195240617"", ""182526901"", ""59420171"", ""12753564"", ""78343862"", ""67909736""]"
none_subset,1,176270924,148352358,46,67,0,0,0,0,0,0,"[""80195905"", ""44855147"", ""70517064"", ""19256247"", ""183484544"", ""188974662"", ""143366526"", ""102529512"", ""190912236"", ""137783132""]"
none_subset,1,207983115,184519995,37,3,0,1,1,1,1,1,"[""163621389"", ""210583467"", ""184519995"", ""196323233"", ""191600925"", ""201913249"", ""169922684"", ""128122165"", ""143138392"", ""159846953""]"
none_subset,1,202143797,175175649,62,159,0,0,0,0,0,0,"[""154706721"", ""209398208"", ""194843976"", ""212697335"", ""140800753"", ""169216599"", ""143685562"", ""151640359"", ""141918937"", ""159310869""]"
none_subset,1,219249066,191590282,43,38,0,0,0,0,0,1,"[""207289652"", ""205517780"", ""100262049"", ""88376416"", ""192564854"", ""127486066"", ""203438993"", ""98073803"", ""145550705"", ""100333045""]"
none_subset,1,143722693,114162936,62,171,0,0,0,0,0,0,"[""99563204"", ""97195771"", ""204737909"", ""101903881"", ""57745589"", ""120595575"", ""50662129"", ""176841734"", ""199527738"", ""72763415""]"
none_subset,1,222014463,202121759,46,832,0,0,0,0,0,0,"[""78570599"", ""88672257"", ""99228098"", ""203329657"", ""128782682"", ""110700672"", ""108154891"", ""132184095"", ""75379104"", ""108786028""]"
none_subset,1,220324774,206942069,37,64,0,0,0,0,0,0,"[""211802210"", ""202328948"", ""201649016"", ""187543270"", ""123971162"", ""186828726"", ""173640245"", ""213416559"", ""208174544"", ""195744990""]"
none_subset,1,214979493,195545920,62,138,0,0,0,0,0,0,"[""79802279"", ""52577956"", ""186141115"", ""207318555"", ""181082260"", ""191304046"", ""99424689"", ""170918707"", ""202517117"", ""207091282""]"
none_subset,1,197174102,158079920,46,19,0,0,0,0,1,1,"[""205315794"", ""120932240"", ""156263625"", ""82615761"", ""134691092"", ""200400926"", ""81549989"", ""213672603"", ""29968635"", ""156554598""]"
none_subset,1,152593815,120566127,43,375,0,0,0,0,0,0,"[""99992649"", ""130448492"", ""46422540"", ""181167814"", ""68189198"", ""146898856"", ""192784424"", ""84802092"", ""76970617"", ""49833634""]"
none_subset,1,190704652,159919899,4,201,0,0,0,0,0,0,"[""147879067"", ""154444351"", ""207935824"", ""181672704"", ""180266107"", ""157367139"", ""196352343"", ""144811459"", ""157092256"", ""117660981""]"
none_subset,1,224353612,83339178,38,1825,0,0,0,0,0,0,"[""350786"", ""147652742"", ""93265631"", ""170281060"", ""8169319"", ""120618466"", ""72092510"", ""64360348"", ""25899558"", ""179876069""]"
none_subset,1,168810096,141477316,43,188,0,0,0,0,0,0,"[""178871976"", ""157700498"", ""157682449"", ""167483448"", ""163402666"", ""113535350"", ""210978962"", ""163286400"", ""75960684"", ""157995027""]"
none_subset,1,174234845,111077753,46,203,0,0,0,0,0,0,"[""201024429"", ""204540006"", ""116838538"", ""162885486"", ""172755597"", ""167121709"", ""143077183"", ""169495520"", ""158137442"", ""200584617""]"
none_subset,1,224964084,214177607,64,612,0,0,0,0,0,0,"[""105854962"", ""107753045"", ""88249240"", ""132328232"", ""208628985"", ""210298620"", ""207683325"", ""128085943"", ""141733590"", ""184422473""]"
none_subset,1,223051299,211888794,43,25,0,0,0,0,1,1,"[""190677683"", ""189668332"", ""189168111"", ""193408178"", ""164527202"", ""175836915"", ""182746332"", ""163551195"", ""180214878"", ""209156407""]"
none_subset,1,211447713,190729057,62,890,0,0,0,0,0,0,"[""188191658"", ""210275902"", ""183755648"", ""94242464"", ""172997177"", ""200035811"", ""124000667"", ""213066001"", ""196478095"", ""192772205""]"
none_subset,1,121895414,109316691,46,86,0,0,0,0,0,0,"[""208905537"", ""120233208"", ""178390731"", ""32294401"", ""173865782"", ""211441313"", ""162996731"", ""115290677"", ""47270149"", ""172512012""]"
none_subset,1,18612263,16900641,46,1095,0,0,0,0,0,0,"[""83646259"", ""205356898"", ""113055815"", ""106146754"", ""136576031"", ""32127644"", ""204544735"", ""138617659"", ""205769669"", ""115067550""]"
none_subset,1,148987859,126187915,43,11,0,0,0,0,1,1,"[""214258455"", ""16113826"", ""210778994"", ""8324549"", ""166272408"", ""154215969"", ""123633665"", ""77936758"", ""158916391"", ""183947428""]"
none_subset,1,192255303,159931342,37,180,0,0,0,0,0,0,"[""120040052"", ""115215869"", ""96256428"", ""14688074"", ""45171964"", ""105224939"", ""21114364"", ""29496516"", ""105274553"", ""163474582""]"
none_subset,1,212166333,53324130,38,13,0,0,0,0,1,1,"[""135581400"", ""194567057"", ""194792335"", ""136445502"", ""212801979"", ""193857539"", ""169336593"", ""208393437"", ""206067851"", ""198111341""]"
none_subset,1,178200938,144995106,4,18,0,0,0,0,1,1,"[""194142299"", ""156471159"", ""154928608"", ""201514296"", ""93467050"", ""191216846"", ""183725729"", ""156370579"", ""70921117"", ""158175855""]"
none_subset,1,41375900,28575466,46,31,0,0,0,0,0,1,"[""147295915"", ""79523323"", ""154698834"", ""19664212"", ""129112756"", ""108196994"", ""183767116"", ""51692336"", ""22408044"", ""144736392""]"
none_subset,1,219197772,123741380,57,70,0,0,0,0,0,0,"[""107833046"", ""201562377"", ""55753543"", ""189194901"", ""128778844"", ""207095476"", ""200990628"", ""193962976"", ""191662985"", ""175850879""]"
none_subset,1,204165479,152716158,46,31,0,0,0,0,0,1,"[""212690484"", ""172035206"", ""118565908"", ""138809171"", ""174613608"", ""171255050"", ""204384271"", ""130984046"", ""106146754"", ""134902485""]"
none_subset,1,195123621,145157871,37,737,0,0,0,0,0,0,"[""115215869"", ""134824400"", ""212809765"", ""177094485"", ""197603112"", ""66740441"", ""156884960"", ""120041856"", ""100819191"", ""194551250""]"
none_subset,1,198657322,169742657,64,1481,0,0,0,0,0,0,"[""162052544"", ""143686140"", ""213433847"", ""146946453"", ""130295558"", ""200123633"", ""138273912"", ""116370931"", ""57067226"", ""149253481""]"
none_subset,1,168167112,136167456,46,242,0,0,0,0,0,0,"[""14803919"", ""213533998"", ""141722116"", ""166724206"", ""213503698"", ""210482648"", ""109892954"", ""174051354"", ""210175793"", ""211336503""]"
none_subset,1,217865263,202190653,4,5,0,0,1,1,1,1,"[""165023261"", ""48830519"", ""163608455"", ""166106900"", ""202190653"", ""164130570"", ""83232103"", ""169909169"", ""192968334"", ""31486566""]"
none_subset,1,178717273,127619503,46,141,0,0,0,0,0,0,"[""191705183"", ""66211329"", ""110400123"", ""186116554"", ""201966464"", ""181547294"", ""75642384"", ""101831595"", ""203329657"", ""149547737""]"
none_subset,1,157200645,104767223,46,14,0,0,0,0,1,1,"[""165803311"", ""209744189"", ""205586250"", ""47199408"", ""195152908"", ""114654675"", ""74187345"", ""167280596"", ""148554569"", ""121183627""]"
none_subset,1,212472649,167019414,43,608,0,0,0,0,0,0,"[""182659497"", ""200879611"", ""182726743"", ""192928288"", ""96854864"", ""181981190"", ""171948652"", ""193281522"", ""183703868"", ""192528335""]"
none_subset,1,180957275,117294409,43,790,0,0,0,0,0,0,"[""167879223"", ""44768555"", ""188690647"", ""119064343"", ""127254122"", ""152645436"", ""35671043"", ""99689774"", ""61394763"", ""197584084""]"
none_subset,1,197644343,170533485,4,1290,0,0,0,0,0,0,"[""191586658"", ""162915784"", ""181206759"", ""119913706"", ""203033142"", ""110795459"", ""107641044"", ""192906971"", ""203618170"", ""209176316""]"
none_subset,1,220083412,188854517,4,465,0,0,0,0,0,0,"[""112914230"", ""195475614"", ""136384117"", ""9247440"", ""202016099"", ""151010427"", ""214085481"", ""150251115"", ""159850846"", ""134911017""]"
none_subset,1,182691252,148133803,64,1554,0,0,0,0,0,0,"[""12329772"", ""209370105"", ""95788322"", ""191497578"", ""164643454"", ""200859322"", ""126387688"", ""196328856"", ""191281696"", ""50637054""]"
none_subset,1,224088320,207903647,38,535,0,0,0,0,0,0,"[""192191594"", ""127669239"", ""128022775"", ""11921513"", ""106807276"", ""202987035"", ""136204876"", ""211427284"", ""173181931"", ""149343290""]"
none_subset,1,207157271,181831554,62,208,0,0,0,0,0,0,"[""131656170"", ""62995477"", ""64790775"", ""104128337"", ""114525243"", ""188810102"", ""130616161"", ""79994734"", ""124465535"", ""138319800""]"
none_subset,1,219549589,205463159,46,33,0,0,0,0,0,1,"[""208805779"", ""204899704"", ""212905783"", ""201405341"", ""212264182"", ""168412771"", ""200584617"", ""169495520"", ""203415759"", ""172989891""]"
none_subset,1,61412758,66544309,64,43,0,0,0,0,0,1,"[""146444401"", ""130509385"", ""169220249"", ""121260031"", ""181619566"", ""144358079"", ""148153000"", ""101169098"", ""25588585"", ""172741180""]"
none_subset,1,225234100,214923237,37,1619,0,0,0,0,0,0,"[""210605188"", ""185145609"", ""198698745"", ""201603265"", ""127604369"", ""55796783"", ""142136896"", ""158106868"", ""176748724"", ""184739794""]"
none_subset,1,200993442,173622745,64,2284,0,0,0,0,0,0,"[""150470372"", ""37617561"", ""183739322"", ""121824532"", ""17491424"", ""79234720"", ""149540426"", ""173334389"", ""122642468"", ""192632345""]"
none_subset,1,216975459,206528763,37,953,0,0,0,0,0,0,"[""126447640"", ""198598972"", ""194297564"", ""140618489"", ""203829614"", ""188646002"", ""143065905"", ""214961917"", ""76425154"", ""85275000""]"
none_subset,1,225336801,188214175,38,95,0,0,0,0,0,0,"[""133136953"", ""74273124"", ""207100353"", ""52549809"", ""148428740"", ""66334917"", ""165955684"", ""31197704"", ""185682289"", ""183569499""]"
none_subset,1,215838281,178821617,64,711,0,0,0,0,0,0,"[""193084026"", ""77671900"", ""179835610"", ""66094270"", ""207537844"", ""124381822"", ""184412814"", ""127488797"", ""106066941"", ""181529530""]"
none_subset,1,194636789,164687853,43,1015,0,0,0,0,0,0,"[""143611276"", ""206290556"", ""189984269"", ""209862942"", ""193572221"", ""115215817"", ""210822887"", ""120673072"", ""72644649"", ""65032628""]"
none_subset,1,222074084,210312086,4,47,0,0,0,0,0,1,"[""195510728"", ""197090565"", ""213053357"", ""201432635"", ""215485045"", ""177056777"", ""177338367"", ""192331065"", ""188605425"", ""205600080""]"
none_subset,1,220528235,207323221,46,1273,0,0,0,0,0,0,"[""84381800"", ""181732273"", ""209631907"", ""203778148"", ""210468796"", ""156849162"", ""162450802"", ""171974189"", ""212401560"", ""190912236""]"
none_subset,1,172457210,121255930,64,225,0,0,0,0,0,0,"[""78359767"", ""83954010"", ""196328856"", ""173334389"", ""211306464"", ""74117799"", ""209370105"", ""136714408"", ""83781866"", ""146365324""]"
none_subset,1,113903010,100293557,64,414,0,0,0,0,0,0,"[""194094670"", ""148414231"", ""204824313"", ""156194814"", ""80281524"", ""160842974"", ""143752488"", ""203403083"", ""121442493"", ""138115654""]"
none_subset,1,221302940,208849613,4,109,0,0,0,0,0,0,"[""106836929"", ""177326361"", ""206016133"", ""206012998"", ""195078342"", ""205025057"", ""211664992"", ""93707137"", ""209754995"", ""208698322""]"
none_subset,1,69000953,64234906,46,8,0,0,0,1,1,1,"[""140827649"", ""186542267"", ""79809742"", ""158946684"", ""185043110"", ""74403232"", ""212364902"", ""64234906"", ""68978046"", ""111077753""]"
none_subset,1,218842170,160041957,38,95,0,0,0,0,0,0,"[""214890741"", ""140979774"", ""133136953"", ""209467848"", ""169021759"", ""201469712"", ""74254168"", ""79372963"", ""91690080"", ""103799422""]"
none_subset,1,220261952,197046560,4,454,0,0,0,0,0,0,"[""149460710"", ""210301282"", ""209746798"", ""212806729"", ""166325083"", ""202570543"", ""143922255"", ""212277102"", ""158546701"", ""199802363""]"
none_subset,1,139219419,121721790,62,441,0,0,0,0,0,0,"[""157472228"", ""117835777"", ""190767280"", ""137566298"", ""136870941"", ""148871348"", ""104128337"", ""188696626"", ""80901718"", ""76756819""]"
none_subset,1,125389659,110880028,46,88,0,0,0,0,0,0,"[""207585798"", ""77995654"", ""168874136"", ""104661030"", ""208332010"", ""105265495"", ""111118568"", ""131931084"", ""130060296"", ""80368166""]"
none_subset,1,184714311,156401211,4,343,0,0,0,0,0,0,"[""182361800"", ""75828042"", ""200087166"", ""27693819"", ""42368928"", ""195717749"", ""154444351"", ""187540651"", ""112919636"", ""16813724""]"
none_subset,1,211685637,190316113,37,259,0,0,0,0,0,0,"[""201649016"", ""196559300"", ""210226726"", ""173640245"", ""187719393"", ""186471450"", ""189777046"", ""196469804"", ""131172661"", ""209172941""]"
none_subset,1,120923788,107088593,64,290,0,0,0,0,0,0,"[""121260031"", ""142232452"", ""46094230"", ""116370931"", ""25588585"", ""24351090"", ""151134804"", ""145311547"", ""80098795"", ""146630451""]"
none_subset,1,210445554,188816532,62,1698,0,0,0,0,0,0,"[""162715321"", ""70069885"", ""165955561"", ""160036757"", ""11666277"", ""150060889"", ""66010243"", ""214173290"", ""192825178"", ""187005682""]"
none_subset,1,204017555,160815179,46,521,0,0,0,0,0,0,"[""147047749"", ""171227152"", ""205031717"", ""103250951"", ""178173689"", ""108971427"", ""203022989"", ""106349059"", ""190224714"", ""205168224""]"
none_subset,1,143197618,98469115,64,28,0,0,0,0,1,1,"[""193793367"", ""135170809"", ""149283050"", ""69227080"", ""76668217"", ""153275921"", ""132289907"", ""212429237"", ""126295674"", ""191000780""]"
none_subset,1,61843610,66079869,38,204,0,0,0,0,0,0,"[""183569499"", ""28399802"", ""14434511"", ""163524272"", ""66334917"", ""202182110"", ""179244626"", ""214394715"", ""201541368"", ""159268049""]"
none_subset,1,203049884,177204083,46,100,0,0,0,0,0,0,"[""187714756"", ""78004872"", ""78696152"", ""180187517"", ""203778148"", ""142789905"", ""63753442"", ""172671263"", ""204633518"", ""113000796""]"
none_subset,1,200273238,174160548,62,13,0,0,0,0,1,1,"[""208938354"", ""201240617"", ""172904337"", ""181675858"", ""192522899"", ""145702501"", ""188241295"", ""209151724"", ""154422217"", ""198384646""]"
none_subset,1,70787689,44688477,4,95,0,0,0,0,0,0,"[""156103241"", ""181715447"", ""119644839"", ""119106930"", ""149759096"", ""75828042"", ""196862937"", ""143929940"", ""120663751"", ""167643231""]"
none_subset,1,176078735,146569456,43,756,0,0,0,0,0,0,"[""191363897"", ""204570694"", ""67021173"", ""143317431"", ""145130578"", ""129211206"", ""134298306"", ""198700213"", ""199520065"", ""67909736""]"
none_subset,1,135329136,117265551,37,95,0,0,0,0,0,0,"[""169198169"", ""188994423"", ""139391729"", ""195740726"", ""138858879"", ""92247640"", ""45171964"", ""100685510"", ""33066220"", ""189646922""]"
none_subset,1,153938737,131288527,43,1381,0,0,0,0,0,0,"[""201440672"", ""198092127"", ""184056715"", ""183766098"", ""206283952"", ""188577365"", ""212195769"", ""143671449"", ""150311477"", ""192493949""]"
none_subset,1,212479224,192156118,64,806,0,0,0,0,0,0,"[""173526297"", ""214883521"", ""117014804"", ""120966979"", ""43675047"", ""152305563"", ""136401281"", ""193536959"", ""99174752"", ""165119390""]"
none_subset,1,166278715,129815138,4,641,0,0,0,0,0,0,"[""173758812"", ""190842115"", ""184111536"", ""131863020"", ""146961197"", ""191498286"", ""213979278"", ""206007161"", ""82742836"", ""206283069""]"
none_subset,1,199772169,172344853,46,304,0,0,0,0,0,0,"[""178086628"", ""106919910"", ""159049004"", ""211987120"", ""205295168"", ""21270188"", ""115429456"", ""1120036"", ""173566780"", ""25531112""]"
none_subset,1,175220215,132450375,43,443,0,0,0,0,0,0,"[""197833947"", ""181080509"", ""206290556"", ""196161576"", ""188409353"", ""122818220"", ""155161450"", ""84756708"", ""209862942"", ""192928288""]"
none_subset,1,177080967,137979950,43,1946,0,0,0,0,0,0,"[""145130578"", ""204570694"", ""112596322"", ""204449585"", ""172946257"", ""160710926"", ""128872941"", ""186925656"", ""196983775"", ""191577900""]"
none_subset,1,209299010,186780001,37,63,0,0,0,0,0,0,"[""167814691"", ""157806065"", ""126406153"", ""195252247"", ""212784321"", ""202328948"", ""193411521"", ""211380913"", ""192323302"", ""160068637""]"
none_subset,1,199596057,171152123,46,681,0,0,0,0,0,0,"[""212905783"", ""210667015"", ""208719036"", ""210373455"", ""208805779"", ""144865911"", ""209175273"", ""214251597"", ""213805109"", ""211063696""]"
none_subset,1,123077927,110091642,43,1178,0,0,0,0,0,0,"[""210940174"", ""180648286"", ""171140458"", ""201664817"", ""16074591"", ""37520314"", ""167043645"", ""196291255"", ""193313194"", ""46019037""]"
none_subset,1,190493038,120673072,43,513,0,0,0,0,0,0,"[""59841256"", ""180951430"", ""89809066"", ""134679386"", ""126632799"", ""182972054"", ""209483560"", ""211988888"", ""105238183"", ""121314084""]"
none_subset,1,86671615,52955195,46,15,0,0,0,0,1,1,"[""207308677"", ""107277769"", ""81754384"", ""121346371"", ""61233280"", ""52121794"", ""112097565"", ""123341476"", ""210829117"", ""76370473""]"
none_subset,1,31043892,31980662,38,49,0,0,0,0,0,1,"[""81584170"", ""152236293"", ""101461920"", ""126409844"", ""145151055"", ""76417560"", ""113288938"", ""199402447"", ""99026554"", ""16689432""]"
none_subset,1,145451831,124127139,64,196,0,0,0,0,0,0,"[""132746503"", ""146630451"", ""147984435"", ""181447269"", ""112033542"", ""61063233"", ""124948775"", ""123768518"", ""123750776"", ""182450870""]"
none_subset,1,153747275,126063136,57,681,0,0,0,0,0,0,"[""125339147"", ""131956124"", ""183993242"", ""139191535"", ""107527374"", ""58773802"", ""112503971"", ""159881542"", ""121902729"", ""140761987""]"
none_subset,1,224656101,204256104,4,1368,0,0,0,0,0,0,"[""148023845"", ""104918014"", ""178945612"", ""110480641"", ""164165331"", ""78003621"", ""193891234"", ""213465461"", ""81195353"", ""200035295""]"
none_subset,1,99715785,93457918,62,55,0,0,0,0,0,0,"[""134163515"", ""156733813"", ""135590435"", ""104128337"", ""97195771"", ""193710073"", ""153978341"", ""117835777"", ""58086605"", ""111672985""]"
none_subset,1,219010765,200564628,4,47,0,0,0,0,0,1,"[""210484477"", ""191316160"", ""201211887"", ""210550451"", ""202705628"", ""208780104"", ""193001991"", ""194160187"", ""188605425"", ""180843726""]"
none_subset,1,201660768,149982401,38,636,0,0,0,0,0,0,"[""214394715"", ""8169319"", ""69350726"", ""150241983"", ""213205324"", ""110664117"", ""189045957"", ""130075591"", ""66334917"", ""61517646""]"
none_subset,1,121673786,101155263,46,32,0,0,0,0,0,1,"[""142436010"", ""141682649"", ""210829117"", ""100881714"", ""107277769"", ""164627162"", ""105169863"", ""212208758"", ""133461188"", ""211118858""]"
none_subset,1,72533492,74205538,46,1650,0,0,0,0,0,0,"[""205233162"", ""190912236"", ""108322993"", ""103017168"", ""97623791"", ""110700672"", ""162885486"", ""214736658"", ""152408691"", ""128181955""]"
none_subset,1,189529390,161349329,38,252,0,0,0,0,0,0,"[""112758593"", ""181736422"", ""126427416"", ""191629943"", ""52533378"", ""193949384"", ""209330718"", ""115091528"", ""190787786"", ""123816433""]"
none_subset,1,152773694,132893169,43,1704,0,0,0,0,0,0,"[""201283434"", ""65223002"", ""179880350"", ""183279101"", ""210931289"", ""184974306"", ""138361155"", ""125800065"", ""102228484"", ""169961501""]"
none_subset,1,124950338,109922545,46,487,0,0,0,0,0,0,"[""176719987"", ""160007768"", ""138254448"", ""172940777"", ""130584459"", ""111956915"", ""210482648"", ""109601605"", ""213174015"", ""80535119""]"
none_subset,1,195925802,168412771,46,109,0,0,0,0,0,0,"[""200735701"", ""21270188"", ""204757175"", ""143813249"", ""167800204"", ""212013801"", ""195661570"", ""157990048"", ""197814070"", ""211812604""]"
none_subset,1,180507726,148096344,4,46,0,0,0,0,0,1,"[""192786300"", ""184476437"", ""148365289"", ""191461282"", ""189754733"", ""156103241"", ""140998592"", ""144264277"", ""183438126"", ""173529593""]"
none_subset,1,159100819,135216969,37,1455,0,0,0,0,0,0,"[""163146833"", ""156347163"", ""142136896"", ""89454786"", ""143835093"", ""167262748"", ""206926374"", ""33066220"", ""147794006"", ""157252149""]"
none_subset,1,158660557,138316929,4,1951,0,0,0,0,0,0,"[""202048121"", ""211774897"", ""214409401"", ""203419431"", ""202570543"", ""215209407"", ""51485643"", ""212589254"", ""214868650"", ""204086663""]"
none_subset,1,181277813,121966763,46,54,0,0,0,0,0,0,"[""160302868"", ""160304046"", ""190912236"", ""130548860"", ""128782682"", ""170790096"", ""109762523"", ""162450802"", ""211752694"", ""19256247""]"
none_subset,1,182127641,142274306,43,407,0,0,0,0,0,0,"[""182972054"", ""190670405"", ""189165560"", ""211988888"", ""186098084"", ""181981190"", ""183703868"", ""140754805"", ""178425205"", ""59841256""]"
none_subset,1,75516255,77338935,38,2079,0,0,0,0,0,0,"[""16689432"", ""150630196"", ""123815955"", ""109712270"", ""119135437"", ""158493521"", ""77371641"", ""149005960"", ""166911507"", ""144591834""]"
none_subset,1,147462172,80777048,62,139,0,0,0,0,0,0,"[""210678182"", ""146789147"", ""154506894"", ""57547838"", ""106557292"", ""126776371"", ""123694454"", ""136204771"", ""76790091"", ""188189839""]"
none_subset,1,220651840,145906971,43,24,0,0,0,0,1,1,"[""198985502"", ""196197826"", ""194192433"", ""207323334"", ""93370908"", ""201440672"", ""191574147"", ""122818220"", ""120544015"", ""173249585""]"
none_subset,1,223856287,209585249,37,57,0,0,0,0,0,0,"[""195014964"", ""201660893"", ""193730114"", ""190172991"", ""207544886"", ""190070434"", ""212271042"", ""202782009"", ""203730564"", ""215631921""]"
none_subset,1,174298031,146247846,38,501,0,0,0,0,0,0,"[""163646287"", ""123190192"", ""92748634"", ""205623617"", ""198468875"", ""112966589"", ""210619922"", ""113398847"", ""55637037"", ""57745679""]"
none_subset,1,217510317,201829388,4,2234,0,0,0,0,0,0,"[""182581077"", ""206636227"", ""208780104"", ""203466268"", ""194160187"", ""192410120"", ""205600080"", ""181054833"", ""207097865"", ""180843726""]"
none_subset,1,216906744,117474006,64,394,0,0,0,0,0,0,"[""193084026"", ""151937269"", ""124381822"", ""179835610"", ""66094270"", ""181529530"", ""152598569"", ""207607236"", ""165717472"", ""77671900""]"
none_subset,1,195740306,168712424,64,89,0,0,0,0,0,0,"[""31566174"", ""129348881"", ""193656471"", ""210873715"", ""201341623"", ""59824769"", ""60124479"", ""49215114"", ""165258851"", ""212528042""]"
none_subset,1,175571502,147515846,37,1122,0,0,0,0,0,0,"[""56675511"", ""192870188"", ""100843460"", ""136371572"", ""207073486"", ""208532302"", ""209045757"", ""187719393"", ""190303036"", ""156606418""]"
none_subset,1,40555318,42368928,4,38,0,0,0,0,0,1,"[""27693819"", ""192473388"", ""72626014"", ""197294044"", ""182361800"", ""207143420"", ""213979278"", ""176566249"", ""190777127"", ""189202376""]"
none_subset,1,221748782,110119636,46,628,0,0,0,0,0,0,"[""56935126"", ""188997673"", ""133459219"", ""32062492"", ""194051265"", ""205927935"", ""29516698"", ""167904329"", ""194793794"", ""173217130""]"
none_subset,1,215076418,191423965,43,76,0,0,0,0,0,0,"[""192576430"", ""196601703"", ""140754805"", ""147531803"", ""100976417"", ""190049158"", ""118484592"", ""145071351"", ""164354706"", ""202169801""]"
none_subset,1,217106992,185861853,43,2025,0,0,0,0,0,0,"[""184974306"", ""201283434"", ""183279101"", ""65223002"", ""138361155"", ""160542632"", ""99989757"", ""177166442"", ""105076717"", ""202169801""]"
none_subset,1,223869271,163921484,64,784,0,0,0,0,0,0,"[""194094670"", ""109908915"", ""150944561"", ""157000160"", ""121442493"", ""203403083"", ""122024341"", ""22684085"", ""182224096"", ""155677922""]"
none_subset,1,187098073,159199323,43,7,0,0,0,1,1,1,"[""192287850"", ""193917385"", ""145906971"", ""196197826"", ""175879766"", ""195905048"", ""159199323"", ""132707717"", ""167164193"", ""197580291""]"
none_subset,1,221251045,204415558,62,140,0,0,0,0,0,0,"[""196478095"", ""210489322"", ""192447937"", ""206841068"", ""191313815"", ""208719189"", ""180448591"", ""204372796"", ""206351628"", ""211070786""]"
none_subset,1,222910388,155647098,57,70,0,0,0,0,0,0,"[""75645739"", ""57499088"", ""193211760"", ""207781223"", ""178887145"", ""145031350"", ""122144601"", ""116706729"", ""120642977"", ""83774267""]"
none_subset,1,199764194,164130570,4,166,0,0,0,0,0,0,"[""25537887"", ""211167678"", ""99427859"", ""202002064"", ""53541477"", ""161417907"", ""132101224"", ""195300647"", ""169909169"", ""169909145""]"
none_subset,1,170511974,157139216,37,1835,0,0,0,0,0,0,"[""182681465"", ""184952787"", ""204074550"", ""172283615"", ""214431606"", ""192227530"", ""85275000"", ""153205005"", ""128177539"", ""150438835""]"
none_subset,1,197042942,164967199,38,15,0,0,0,0,1,1,"[""159012629"", ""196989948"", ""119096193"", ""162768145"", ""149755002"", ""165274768"", ""131532933"", ""206210969"", ""171832078"", ""31980662""]"
none_subset,1,69298452,70517064,46,58,0,0,0,0,0,0,"[""178808064"", ""201991995"", ""149593908"", ""179760906"", ""139912235"", ""118684046"", ""60967653"", ""183484544"", ""208649860"", ""113000796""]"
none_subset,1,223561452,212197427,37,752,0,0,0,0,0,0,"[""201660893"", ""207544886"", ""209128550"", ""212271042"", ""194731784"", ""191911000"", ""203730564"", ""187543270"", ""173640245"", ""195014964""]"
none_subset,1,168452676,118222122,62,856,0,0,0,0,0,0,"[""215517289"", ""189900821"", ""202067101"", ""204577887"", ""146801635"", ""197510996"", ""201240617"", ""194031762"", ""189021318"", ""185125027""]"
none_subset,1,181794300,151145810,43,132,0,0,0,0,0,0,"[""100333045"", ""152103320"", ""178276896"", ""204449585"", ""209546973"", ""97217214"", ""197613208"", ""137780242"", ""119675310"", ""202343187""]"
none_subset,1,208095656,127927081,64,565,0,0,0,0,0,0,"[""211959757"", ""173159881"", ""151373996"", ""14352417"", ""174387123"", ""154044867"", ""121294809"", ""73275498"", ""156784913"", ""121260031""]"
none_subset,1,225335926,211911671,46,1745,0,0,0,0,0,0,"[""169711662"", ""190912236"", ""71898794"", ""206201645"", ""103017168"", ""183484544"", ""97623791"", ""143366526"", ""155950947"", ""92306012""]"
none_subset,1,222130069,210417882,37,946,0,0,0,0,0,0,"[""205300777"", ""75770636"", ""170278658"", ""116929460"", ""201858088"", ""168286486"", ""158889960"", ""50482792"", ""190972176"", ""151617295""]"
none_subset,1,223720098,212621102,37,13,0,0,0,0,1,1,"[""214409276"", ""190569345"", ""214409508"", ""191328282"", ""207536937"", ""177838111"", ""210025924"", ""206129800"", ""183515849"", ""203837820""]"
none_subset,1,194097330,148051499,38,1016,0,0,0,0,0,0,"[""127669239"", ""56711957"", ""196742641"", ""202987035"", ""99562870"", ""101687255"", ""181819737"", ""124826718"", ""61055606"", ""187888931""]"
none_subset,1,125412100,109590796,38,198,0,0,0,0,0,0,"[""210619922"", ""202112251"", ""105576133"", ""121028401"", ""61988916"", ""184981026"", ""145693634"", ""203514332"", ""121550726"", ""192439696""]"
none_subset,1,220801144,195510728,4,6,0,0,0,1,1,1,"[""171567687"", ""183542149"", ""211389849"", ""158986768"", ""197109183"", ""195510728"", ""215485045"", ""209155449"", ""213307240"", ""190233287""]"
none_subset,1,217784024,202030579,37,642,0,0,0,0,0,0,"[""211987844"", ""145639775"", ""188270274"", ""146524904"", ""80808834"", ""175085613"", ""149676779"", ""168286486"", ""65670417"", ""206864139""]"
none_subset,1,206497499,180165679,64,9,0,0,0,1,1,1,"[""185230388"", ""107753045"", ""208628985"", ""98518695"", ""210298620"", ""132328232"", ""110198506"", ""196725076"", ""180165679"", ""88249240""]"
none_subset,1,197513260,170959122,37,788,0,0,0,0,0,0,"[""174122871"", ""185131662"", ""151240773"", ""200567894"", ""195642071"", ""127604459"", ""204997772"", ""105071457"", ""163146833"", ""201475694""]"
none_subset,1,33403155,35616285,43,162,0,0,0,0,0,0,"[""170523305"", ""71347350"", ""143916804"", ""130014926"", ""146413132"", ""142700536"", ""155249274"", ""91124875"", ""196069283"", ""199520065""]"
none_subset,1,221402730,204219042,46,26,0,0,0,0,1,1,"[""172935649"", ""174726875"", ""78490755"", ""135710902"", ""201742113"", ""174705087"", ""177268870"", ""172684450"", ""209105168"", ""54554289""]"
none_subset,1,195197020,167026168,4,786,0,0,0,0,0,0,"[""207566657"", ""181553937"", ""116474962"", ""211845271"", ""211541518"", ""195507696"", ""193934711"", ""201330306"", ""215351522"", ""209268749""]"
none_subset,1,220975574,141715949,4,691,0,0,0,0,0,0,"[""27693819"", ""208530280"", ""147422442"", ""90931027"", ""179569445"", ""191225749"", ""187600900"", ""134911017"", ""183755478"", ""69511407""]"
none_subset,1,212378064,191930990,64,1463,0,0,0,0,0,0,"[""121260031"", ""172741180"", ""154044867"", ""146444401"", ""184410319"", ""46094230"", ""181441566"", ""101169098"", ""169220249"", ""173661276""]"
none_subset,1,197335719,155926657,37,60,0,0,0,0,0,0,"[""162977839"", ""170049514"", ""210646051"", ""212047029"", ""163644147"", ""184920959"", ""200024420"", ""185112282"", ""168964563"", ""192154985""]"
none_subset,1,214372554,195229377,62,1309,0,0,0,0,0,0,"[""191211417"", ""185125027"", ""212901239"", ""187248726"", ""174160548"", ""204577887"", ""178376577"", ""196877312"", ""196330438"", ""198384646""]"
none_subset,1,76767653,75859148,43,580,0,0,0,0,0,0,"[""188810945"", ""159852934"", ""67021588"", ""54249020"", ""94195633"", ""118856282"", ""185196782"", ""4674477"", ""173446014"", ""129844036""]"
none_subset,1,196529391,109531052,46,289,0,0,0,0,0,0,"[""210449055"", ""203161766"", ""150754478"", ""203335571"", ""88265183"", ""138617659"", ""195780279"", ""205395255"", ""172197706"", ""202027223""]"
none_subset,1,210307148,183994388,37,24,0,0,0,0,1,1,"[""185112282"", ""184920959"", ""162977839"", ""129998409"", ""163644147"", ""170049514"", ""212047029"", ""154181232"", ""211318715"", ""188679659""]"
none_subset,1,219399718,189822829,37,305,0,0,0,0,0,0,"[""155900040"", ""207110453"", ""117786165"", ""168964563"", ""104577943"", ""212035633"", ""209131034"", ""192154985"", ""210646051"", ""199925635""]"
none_subset,1,60793435,67564757,4,669,0,0,0,0,0,0,"[""69511407"", ""145646315"", ""208901976"", ""191690738"", ""139418370"", ""102233014"", ""155908916"", ""144907575"", ""183255480"", ""161844864""]"
none_subset,1,225050473,214079589,43,675,0,0,0,0,0,0,"[""208008027"", ""211539337"", ""212418882"", ""50463859"", ""210273616"", ""98638580"", ""207051663"", ""166186965"", ""148487136"", ""204803959""]"
none_subset,1,151461843,106574616,4,780,0,0,0,0,0,0,"[""194212862"", ""39175557"", ""209243592"", ""141440077"", ""150204940"", ""160188245"", ""212639315"", ""73118528"", ""190777107"", ""157092256""]"
none_subset,1,224963404,215124824,46,294,0,0,0,0,0,0,"[""213672603"", ""31105163"", ""198984808"", ""206204582"", ""207645526"", ""158281753"", ""157884203"", ""214464211"", ""179653927"", ""180804264""]"
none_subset,1,213395193,157545455,64,97,0,0,0,0,0,0,"[""162686675"", ""210741382"", ""126904794"", ""199186089"", ""172757057"", ""193738837"", ""174827740"", ""152337991"", ""203527868"", ""193787837""]"
none_subset,1,199347721,170470044,37,2836,0,0,0,0,0,0,"[""72951226"", ""108027894"", ""206411822"", ""207409548"", ""207035998"", ""177124581"", ""117866061"", ""207956028"", ""205430382"", ""185694778""]"
none_subset,1,213525214,213548440,37,337,0,0,0,0,0,0,"[""100843460"", ""131961169"", ""193485768"", ""209349722"", ""187719393"", ""56675511"", ""208532302"", ""199200887"", ""213637743"", ""187735798""]"
none_subset,1,12996076,10587748,38,2070,0,0,0,0,0,0,"[""156424467"", ""81220432"", ""97083478"", ""208718442"", ""179234058"", ""93265631"", ""77869775"", ""107880171"", ""177165475"", ""191371664""]"
none_subset,1,221170771,133192411,64,6,0,0,0,1,1,1,"[""111626622"", ""184581147"", ""143663551"", ""78458855"", ""119491080"", ""133192411"", ""114822134"", ""149772224"", ""109148705"", ""158075100""]"
none_subset,1,201268285,171087357,38,79,0,0,0,0,0,0,"[""191737393"", ""155797300"", ""186867042"", ""193575305"", ""205481720"", ""196415652"", ""211127039"", ""62494905"", ""13589626"", ""182862963""]"
none_subset,1,68995077,74320615,4,10,0,0,0,1,1,1,"[""161593927"", ""44688477"", ""178452683"", ""139821056"", ""164949793"", ""166524884"", ""93696567"", ""194644230"", ""192717783"", ""74320615""]"
none_subset,1,212774105,192870188,37,29,0,0,0,0,1,1,"[""195744990"", ""197633924"", ""199476373"", ""187719393"", ""191504755"", ""193730114"", ""199340755"", ""163257301"", ""202030579"", ""160068637""]"
none_subset,1,157241973,131569653,64,46,0,0,0,0,0,1,"[""124531646"", ""133870534"", ""95857401"", ""82429709"", ""91451711"", ""198088605"", ""128607088"", ""152368817"", ""179015555"", ""200451748""]"
none_subset,1,81138293,75083855,43,48,0,0,0,0,0,1,"[""213210833"", ""207753535"", ""87001748"", ""100947091"", ""183295863"", ""188398971"", ""134678718"", ""78183771"", ""16074591"", ""208265800""]"
none_subset,1,225048938,214258455,43,27,0,0,0,0,1,1,"[""144710651"", ""166752829"", ""189984269"", ""158792208"", ""213553578"", ""101956556"", ""113898898"", ""115215817"", ""76158891"", ""16113826""]"
none_subset,1,207291591,183508594,62,2156,0,0,0,0,0,0,"[""213066001"", ""136225463"", ""180256255"", ""153723208"", ""149461258"", ""186169702"", ""73356588"", ""97032103"", ""180623952"", ""172997177""]"
none_subset,1,52045858,56867133,64,92,0,0,0,0,0,0,"[""79734724"", ""57808446"", ""177536477"", ""47318174"", ""138803213"", ""53527257"", ""10208777"", ""125561073"", ""83211792"", ""189932460""]"
none_subset,1,205176585,170787140,57,170,0,0,0,0,0,0,"[""132519429"", ""207138935"", ""150231110"", ""180583441"", ""149850648"", ""152341837"", ""156232619"", ""165674944"", ""110109390"", ""90186991""]"
none_subset,1,212795619,192825778,43,1222,0,0,0,0,0,0,"[""108207501"", ""202025930"", ""193581474"", ""71806238"", ""203849841"", ""141811973"", ""134298306"", ""191974516"", ""182746332"", ""190677683""]"
none_subset,1,166582260,128927470,43,967,0,0,0,0,0,0,"[""201906627"", ""213416756"", ""50463859"", ""215684537"", ""125200893"", ""18292202"", ""188369365"", ""166148334"", ""164527202"", ""162605137""]"
none_subset,1,198655574,169540744,46,1145,0,0,0,0,0,0,"[""202137925"", ""173166016"", ""205284050"", ""143813249"", ""21270188"", ""162647828"", ""115429456"", ""172344554"", ""167800204"", ""168612179""]"
none_subset,1,221746788,209644299,57,485,0,0,0,0,0,0,"[""188457754"", ""193981972"", ""202655316"", ""183669341"", ""212600538"", ""187760067"", ""202223376"", ""187720102"", ""210440269"", ""195530341""]"
none_subset,1,207159870,180180313,43,2868,0,0,0,0,0,0,"[""162936044"", ""59547777"", ""159971774"", ""6516822"", ""7448774"", ""199520065"", ""140231935"", ""78565510"", ""163664846"", ""139780746""]"
none_subset,1,180137394,139482893,57,493,0,0,0,0,0,0,"[""98039533"", ""121902729"", ""134702798"", ""110306995"", ""115438401"", ""184690297"", ""72917901"", ""72930010"", ""83088208"", ""31932356""]"
none_subset,1,207494840,180293005,43,126,0,0,0,0,0,0,"[""201905433"", ""184091403"", ""206283952"", ""195756368"", ""201671217"", ""180428174"", ""209286657"", ""184633847"", ""207732639"", ""188582346""]"
none_subset,1,166456543,141754702,62,76,0,0,0,0,0,0,"[""156442595"", ""106557292"", ""141918937"", ""160693723"", ""198498662"", ""210678182"", ""212697335"", ""73563944"", ""120273284"", ""123694454""]"
none_subset,1,208513820,105697718,38,502,0,0,0,0,0,0,"[""149755002"", ""145720442"", ""67142038"", ""102891416"", ""158493521"", ""132325249"", ""162391436"", ""168932142"", ""202963903"", ""55637037""]"
none_subset,1,225221431,212209084,38,1953,0,0,0,0,0,0,"[""193591162"", ""184547134"", ""169136130"", ""165832126"", ""167863303"", ""186355376"", ""189931109"", ""182369007"", ""171057004"", ""179118925""]"
none_subset,1,60152115,66191550,62,196,0,0,0,0,0,0,"[""125457528"", ""211901178"", ""154898137"", ""124381580"", ""72763415"", ""42940692"", ""123684467"", ""208335318"", ""96606456"", ""113590470""]"
none_subset,1,145050847,108780050,62,193,0,0,0,0,0,0,"[""124381580"", ""188696626"", ""106550549"", ""193710073"", ""189107795"", ""190767280"", ""97195771"", ""180629226"", ""157472228"", ""123665712""]"
none_subset,1,75326151,76211714,38,596,0,0,0,0,0,0,"[""124226339"", ""198984787"", ""206918840"", ""188326498"", ""76978137"", ""139117589"", ""58573176"", ""168804724"", ""177904480"", ""202934573""]"
none_subset,1,213978608,193719358,37,162,0,0,0,0,0,0,"[""163644147"", ""157674411"", ""144803619"", ""123163900"", ""153111696"", ""210502009"", ""195886526"", ""151030735"", ""156934315"", ""102688777""]"
none_subset,1,218457342,194932553,62,6,0,0,0,1,1,1,"[""134618566"", ""200582902"", ""172904337"", ""81077749"", ""19560737"", ""194932553"", ""209844093"", ""18062893"", ""163562503"", ""22547515""]"
none_subset,1,193377068,165122778,37,1002,0,0,0,0,0,0,"[""138020902"", ""137592134"", ""73108281"", ""212809765"", ""159846953"", ""70624061"", ""78200756"", ""163621389"", ""66740441"", ""162492521""]"
none_subset,1,89589487,83202485,46,1599,0,0,0,0,0,0,"[""135544380"", ""78631092"", ""205931691"", ""113497361"", ""135173671"", ""203164041"", ""127291551"", ""42527558"", ""172604491"", ""23740233""]"
none_subset,1,224696290,214638533,62,948,0,0,0,0,0,0,"[""173975128"", ""158763261"", ""175175649"", ""186695195"", ""170652419"", ""204435102"", ""146801635"", ""164097792"", ""104468361"", ""184552723""]"
none_subset,1,162311238,138254448,46,1810,0,0,0,0,0,0,"[""129240074"", ""52955195"", ""76061645"", ""180749212"", ""212168388"", ""213744352"", ""160771991"", ""92873779"", ""206885929"", ""167759245""]"
none_subset,1,175322909,76695262,4,2,0,1,1,1,1,1,"[""161499533"", ""76695262"", ""211473289"", ""195470202"", ""146168593"", ""72045166"", ""164284194"", ""187133003"", ""80737939"", ""203890372""]"
none_subset,1,222800688,36154029,38,556,0,0,0,0,0,0,"[""164618247"", ""132680001"", ""104770507"", ""102495634"", ""198984787"", ""100394086"", ""121756181"", ""46729593"", ""55877012"", ""143848258""]"
none_subset,1,215156969,195420835,62,51,0,0,0,0,0,0,"[""204577887"", ""192447937"", ""191313815"", ""191211417"", ""196478095"", ""124000667"", ""208719189"", ""212412503"", ""191982155"", ""211070786""]"
none_subset,1,183037168,120540825,4,210,0,0,0,0,0,0,"[""201066421"", ""158857170"", ""191498286"", ""151871639"", ""99472535"", ""214045806"", ""56134226"", ""144995106"", ""113622434"", ""195895955""]"
none_subset,1,192698417,152937191,46,46,0,0,0,0,0,1,"[""105465833"", ""76058535"", ""1120036"", ""874282"", ""173566780"", ""32199561"", ""194793794"", ""207162326"", ""102057588"", ""127824446""]"
none_subset,1,210250678,186793142,37,1100,0,0,0,0,0,0,"[""93983706"", ""194831266"", ""205911104"", ""169228866"", ""200441050"", ""103731169"", ""184320957"", ""191137542"", ""193409144"", ""192255903""]"
none_subset,1,225317566,211199092,38,216,0,0,0,0,0,0,"[""136280716"", ""145417944"", ""82057494"", ""202939324"", ""177904480"", ""167722391"", ""152299073"", ""128745438"", ""159326492"", ""124215587""]"
none_subset,1,207437634,182659497,43,1181,0,0,0,0,0,0,"[""162160284"", ""189572218"", ""66867545"", ""192741559"", ""122714725"", ""192226046"", ""194244577"", ""209248830"", ""166319032"", ""143671449""]"
none_subset,1,219925303,203332786,46,33,0,0,0,0,0,1,"[""206395045"", ""212905783"", ""211063696"", ""203644944"", ""213054921"", ""211047288"", ""212380449"", ""144865911"", ""201580248"", ""170958662""]"
none_subset,1,75223981,52112999,43,832,0,0,0,0,0,0,"[""91544773"", ""213093649"", ""168991783"", ""162142216"", ""160542632"", ""164354706"", ""160065339"", ""205961338"", ""158885545"", ""120002560""]"
none_subset,1,71379667,76087987,62,317,0,0,0,0,0,0,"[""169222138"", ""200271479"", ""192607518"", ""61138014"", ""140662974"", ""61834333"", ""115093732"", ""99424689"", ""55538884"", ""207091282""]"
none_subset,1,219528748,203831460,4,137,0,0,0,0,0,0,"[""163340296"", ""215198902"", ""185880119"", ""179962753"", ""177056777"", ""193369779"", ""168819498"", ""202705628"", ""180843726"", ""191033158""]"
none_subset,1,179886884,126851290,43,268,0,0,0,0,0,0,"[""187717589"", ""123511609"", ""98357729"", ""145947056"", ""201647231"", ""98569973"", ""205276629"", ""166793601"", ""157712872"", ""97050112""]"
none_subset,1,199133253,167463798,57,145,0,0,0,0,0,0,"[""204813168"", ""128244723"", ""205639658"", ""177657364"", ""205139218"", ""134822143"", ""171176714"", ""114118888"", ""203721811"", ""109553539""]"
none_subset,1,198580834,171442385,64,1983,0,0,0,0,0,0,"[""177629176"", ""183515676"", ""77671900"", ""118939213"", ""211889722"", ""188619722"", ""192779268"", ""213913118"", ""210635321"", ""88249240""]"
none_subset,1,225300715,213981943,4,5,0,0,1,1,1,1,"[""190503853"", ""177825434"", ""182581077"", ""210643102"", ""213981943"", ""207322592"", ""52409795"", ""191316160"", ""207791923"", ""183764775""]"
none_subset,1,157631874,136653363,57,155,0,0,0,0,0,0,"[""174340588"", ""70631789"", ""153152780"", ""208750964"", ""152196065"", ""171458181"", ""198149699"", ""203319169"", ""117779935"", ""152199865""]"
none_subset,1,165208445,118426569,37,587,0,0,0,0,0,0,"[""155255611"", ""143865659"", ""181988758"", ""90418462"", ""98865638"", ""167168119"", ""121206303"", ""138383384"", ""19283629"", ""79631849""]"
none_subset,1,224096688,210720310,64,88,0,0,0,0,0,0,"[""211475437"", ""140855645"", ""185087026"", ""201341623"", ""163787427"", ""192179303"", ""210666920"", ""213429313"", ""124322060"", ""56593545""]"
none_subset,1,203186317,174768557,46,39,0,0,0,0,0,1,"[""174586724"", ""190843338"", ""156489567"", ""197781674"", ""167464610"", ""214750241"", ""202880769"", ""211895860"", ""194497897"", ""166651210""]"
none_subset,1,216954841,199909890,57,42,0,0,0,0,0,1,"[""175665700"", ""202655316"", ""155345748"", ""200193952"", ""211301569"", ""200908206"", ""113082402"", ""195530341"", ""205016601"", ""179059528""]"
none_subset,1,100196055,12971165,62,176,0,0,0,0,0,0,"[""194932553"", ""172904337"", ""19560737"", ""71186483"", ""209844093"", ""68305694"", ""108196952"", ""186943676"", ""140687112"", ""180640041""]"
none_subset,1,198581127,170448238,38,142,0,0,0,0,0,0,"[""166911507"", ""190453683"", ""150834782"", ""145768091"", ""86894062"", ""188948528"", ""119135437"", ""72340257"", ""2578071"", ""126945620""]"
none_subset,1,168355648,137479175,38,106,0,0,0,0,0,0,"[""205546174"", ""149637319"", ""205112185"", ""188036287"", ""185960895"", ""171087357"", ""161336284"", ""193054363"", ""154435792"", ""99912896""]"
none_subset,1,170061836,143425658,43,2252,0,0,0,0,0,0,"[""140615053"", ""104343956"", ""67592791"", ""197195883"", ""197867680"", ""111562797"", ""18118516"", ""94971864"", ""213553578"", ""125543298""]"
none_subset,1,212711506,180954842,4,529,0,0,0,0,0,0,"[""172943291"", ""99318165"", ""163708754"", ""206286077"", ""80097875"", ""56795758"", ""145619366"", ""193746035"", ""133632260"", ""149144744""]"
none_subset,1,219885238,205623617,38,817,0,0,0,0,0,0,"[""66287825"", ""182369007"", ""6679232"", ""74273124"", ""20918033"", ""157565925"", ""45579165"", ""151108044"", ""159835737"", ""98477697""]"
none_subset,1,169746280,144067777,4,128,0,0,0,0,0,0,"[""203341087"", ""103872312"", ""164449645"", ""195467690"", ""154039318"", ""78954752"", ""143209364"", ""159598032"", ""112763158"", ""213835807""]"
none_subset,1,215897845,198167076,37,1252,0,0,0,0,0,0,"[""208913640"", ""143030980"", ""139571763"", ""142640479"", ""194860062"", ""155814820"", ""103432765"", ""85363083"", ""80669323"", ""127751465""]"
none_subset,1,222712985,205605896,43,19,0,0,0,0,1,1,"[""175827163"", ""127000704"", ""183029564"", ""158391463"", ""60139014"", ""18051654"", ""82787489"", ""73002098"", ""73260900"", ""176475069""]"
none_subset,1,225354896,213854988,64,277,0,0,0,0,0,0,"[""181079853"", ""129093190"", ""184002672"", ""163237725"", ""167537206"", ""183186218"", ""193756438"", ""166289001"", ""122024341"", ""197888192""]"
none_subset,1,166539373,127486066,43,581,0,0,0,0,0,0,"[""75959067"", ""167483448"", ""119543305"", ""70081273"", ""127635452"", ""160802034"", ""136870511"", ""202516482"", ""112624655"", ""157682449""]"
none_subset,1,215651900,198253024,43,2048,0,0,0,0,0,0,"[""57750732"", ""172320968"", ""107185884"", ""75535529"", ""153967986"", ""210273616"", ""39026970"", ""26638732"", ""204884209"", ""127000704""]"
none_subset,1,175282370,147789503,62,1088,0,0,0,0,0,0,"[""207274549"", ""149483143"", ""162672578"", ""144418893"", ""168009154"", ""204830740"", ""119760694"", ""97684562"", ""143133964"", ""203377602""]"
none_subset,1,130529842,108202978,4,1,1,1,1,1,1,1,"[""108202978"", ""118512173"", ""213683350"", ""174891772"", ""164194074"", ""203033142"", ""153162863"", ""211663742"", ""141475879"", ""75386523""]"
none_subset,1,179936358,127444518,64,157,0,0,0,0,0,0,"[""156718510"", ""145970325"", ""187959455"", ""1943884"", ""65487267"", ""138798142"", ""118412828"", ""139856523"", ""105956443"", ""168315905""]"
none_subset,1,210240539,180843184,37,1294,0,0,0,0,0,0,"[""93714502"", ""186713888"", ""154182019"", ""143825464"", ""141001111"", ""39048064"", ""146869816"", ""200025016"", ""92919228"", ""158103752""]"
none_subset,1,109340384,82615761,46,309,0,0,0,0,0,0,"[""59097004"", ""150142821"", ""113055852"", ""21000985"", ""17938872"", ""160019718"", ""119093613"", ""42527558"", ""124457377"", ""19664212""]"
none_subset,1,125263343,63742103,43,1298,0,0,0,0,0,0,"[""71806238"", ""118470473"", ""158859358"", ""104265595"", ""141356497"", ""46019037"", ""69088872"", ""68949275"", ""72421330"", ""163046666""]"
none_subset,1,177581339,148891602,62,4,0,0,1,1,1,1,"[""63654449"", ""82614637"", ""194491562"", ""148891602"", ""136127901"", ""9716999"", ""79388828"", ""112414551"", ""61172453"", ""106023112""]"
none_subset,1,147507819,127110332,4,1340,0,0,0,0,0,0,"[""126894510"", ""193021423"", ""123148492"", ""115442302"", ""120205229"", ""165955611"", ""183188424"", ""188948651"", ""86502666"", ""151335037""]"
none_subset,1,185832813,157483642,38,346,0,0,0,0,0,0,"[""117957932"", ""133136953"", ""37809434"", ""350786"", ""108421334"", ""169063398"", ""8169319"", ""214890741"", ""74626779"", ""180347138""]"
none_subset,1,133390280,116380815,64,226,0,0,0,0,0,0,"[""211861347"", ""91130206"", ""47318174"", ""190043031"", ""128603026"", ""135996572"", ""43476772"", ""103416735"", ""153450567"", ""152209914""]"
none_subset,1,224188768,209144226,4,281,0,0,0,0,0,0,"[""207791923"", ""196270392"", ""211385428"", ""191033158"", ""210643102"", ""177056777"", ""163340296"", ""204141781"", ""215198902"", ""161621181""]"
none_subset,1,204189415,178690639,64,985,0,0,0,0,0,0,"[""192179303"", ""193910077"", ""192032956"", ""192225398"", ""196286888"", ""27162317"", ""172848022"", ""212267410"", ""187944465"", ""85880294""]"
none_subset,1,224774973,201514296,4,186,0,0,0,0,0,0,"[""69511407"", ""193729388"", ""147422442"", ""145646315"", ""208530280"", ""185360306"", ""77929117"", ""191225749"", ""194307771"", ""73825216""]"
none_subset,1,68969533,71896649,43,5,0,0,1,1,1,1,"[""59547777"", ""49833634"", ""119445851"", ""91252683"", ""71896649"", ""130448492"", ""7448774"", ""181167814"", ""87755269"", ""39270363""]"
none_subset,1,184528435,157000160,64,17,0,0,0,0,1,1,"[""171025610"", ""154092208"", ""119643934"", ""193298062"", ""115580201"", ""190543618"", ""83985248"", ""80281524"", ""148414231"", ""27162317""]"
none_subset,1,217233640,200276907,57,1248,0,0,0,0,0,0,"[""121902729"", ""211148392"", ""125339147"", ""136281016"", ""100527593"", ""201926544"", ""98039533"", ""122156014"", ""73841445"", ""135835403""]"
none_subset,1,205414078,173613850,37,65,0,0,0,0,0,0,"[""136895908"", ""25189123"", ""208464643"", ""58893791"", ""156884960"", ""104959023"", ""102282269"", ""34478204"", ""185905678"", ""177169600""]"
none_subset,1,219210134,129157661,62,803,0,0,0,0,0,0,"[""154898137"", ""89381373"", ""211901178"", ""210678182"", ""199527738"", ""173383036"", ""71186483"", ""153953172"", ""163921015"", ""97811642""]"
none_subset,1,210308727,188582346,43,135,0,0,0,0,0,0,"[""120597166"", ""160514849"", ""165487867"", ""182637030"", ""145906971"", ""97240353"", ""188577365"", ""184091403"", ""199136571"", ""95204606""]"
none_subset,1,220061372,176638353,38,352,0,0,0,0,0,0,"[""212801979"", ""194792335"", ""136445502"", ""109389723"", ""132680001"", ""104835682"", ""135581400"", ""161419745"", ""193857539"", ""194567057""]"
none_subset,1,165005935,140787335,37,426,0,0,0,0,0,0,"[""116929460"", ""201869799"", ""169799464"", ""143161006"", ""192312279"", ""50482792"", ""176290644"", ""53074039"", ""98784541"", ""57231571""]"
none_subset,1,208127837,182589994,4,1394,0,0,0,0,0,0,"[""201707698"", ""115483149"", ""198909677"", ""192402919"", ""84024207"", ""163349092"", ""185429569"", ""102041783"", ""209715606"", ""208901976""]"
none_subset,1,189123633,157978827,57,908,0,0,0,0,0,0,"[""211819062"", ""200164075"", ""166795160"", ""211785457"", ""149850648"", ""206835206"", ""110109390"", ""205076818"", ""203551786"", ""182537539""]"
none_subset,1,192277312,164630992,37,1215,0,0,0,0,0,0,"[""153052400"", ""39048064"", ""213493571"", ""128930862"", ""151430077"", ""147023317"", ""192312279"", ""80669323"", ""153376485"", ""192307803""]"
none_subset,1,75309064,52192033,62,377,0,0,0,0,0,0,"[""57547838"", ""191516840"", ""135157671"", ""48197595"", ""32263557"", ""156442595"", ""203336355"", ""119760694"", ""139848504"", ""57769851""]"
none_subset,1,168898746,135190327,4,236,0,0,0,0,0,0,"[""183018658"", ""22766945"", ""76519929"", ""206374757"", ""168463453"", ""188802396"", ""98076075"", ""93127365"", ""177531279"", ""149909385""]"
none_subset,1,212699649,192786781,37,445,0,0,0,0,0,0,"[""215022412"", ""190316113"", ""191036451"", ""195583647"", ""191911000"", ""191137542"", ""145815769"", ""193335447"", ""158889960"", ""191097656""]"
none_subset,1,222826512,211366913,4,1313,0,0,0,0,0,0,"[""187499375"", ""193589374"", ""171902128"", ""205405501"", ""214498383"", ""209665990"", ""57958030"", ""144889470"", ""29790518"", ""193747557""]"
none_subset,1,125292216,98251420,64,1017,0,0,0,0,0,0,"[""202596735"", ""56593545"", ""29624756"", ""165687007"", ""201270567"", ""130875563"", ""31017779"", ""133870534"", ""200452257"", ""173622957""]"
none_subset,1,51324599,58097180,46,19,0,0,0,0,1,1,"[""142436010"", ""166724206"", ""133461188"", ""206453483"", ""205395255"", ""78566379"", ""150754478"", ""144431749"", ""181020941"", ""211118858""]"
none_subset,1,194689227,166582282,57,439,0,0,0,0,0,0,"[""172155718"", ""156972409"", ""166993395"", ""202934090"", ""122751221"", ""145872351"", ""206210266"", ""170283614"", ""141728487"", ""83933046""]"
none_subset,1,191595821,152140191,37,195,0,0,0,0,0,0,"[""145112155"", ""165689309"", ""151343274"", ""157798849"", ""193679263"", ""73172650"", ""157022245"", ""167166017"", ""16898206"", ""208900697""]"
none_subset,1,208172107,180444990,57,407,0,0,0,0,0,0,"[""145872351"", ""115422067"", ""17825658"", ""57499088"", ""14350598"", ""37397887"", ""82247874"", ""116672568"", ""153152780"", ""113601078""]"
none_subset,1,176034795,136870941,62,7,0,0,0,1,1,1,"[""67894406"", ""79777747"", ""10132068"", ""80901718"", ""52848243"", ""163921015"", ""136870941"", ""161511273"", ""89467835"", ""146276364""]"
none_subset,1,224954267,213874481,57,67,0,0,0,0,0,0,"[""153434097"", ""202223595"", ""173370077"", ""154865872"", ""210562346"", ""159577045"", ""189194901"", ""146595840"", ""194912482"", ""209801964""]"
none_subset,1,206646569,146138879,43,502,0,0,0,0,0,0,"[""184091403"", ""182637030"", ""210446456"", ""210561607"", ""35305004"", ""201905433"", ""210446436"", ""188577365"", ""76736407"", ""188582346""]"
none_subset,1,220428891,159171932,62,236,0,0,0,0,0,0,"[""195545920"", ""207364094"", ""176455649"", ""194370491"", ""203285864"", ""146315787"", ""138087303"", ""162645670"", ""189968625"", ""18121918""]"
none_subset,1,22606808,8169319,38,165,0,0,0,0,0,0,"[""350786"", ""134076999"", ""25899558"", ""126816860"", ""70118559"", ""53171694"", ""139134458"", ""65478593"", ""203127417"", ""138438188""]"
none_subset,1,30160190,12185913,37,10,0,0,0,1,1,1,"[""85363083"", ""139290462"", ""114985871"", ""159129159"", ""173457533"", ""143008719"", ""89714653"", ""64645018"", ""79730026"", ""12185913""]"
none_subset,1,212721610,170130815,62,22,0,0,0,0,1,1,"[""208956211"", ""185851832"", ""178655632"", ""189968625"", ""213361615"", ""191098407"", ""121524691"", ""64365794"", ""128913254"", ""37722747""]"
none_subset,1,221406167,207078341,62,787,0,0,0,0,0,0,"[""144182128"", ""182866713"", ""153485930"", ""156814814"", ""117006578"", ""60239293"", ""168792875"", ""194289010"", ""57578588"", ""166108651""]"
none_subset,1,222839615,209151724,62,1233,0,0,0,0,0,0,"[""191211417"", ""211070786"", ""65335111"", ""208719189"", ""121524691"", ""198039882"", ""185851832"", ""198085989"", ""178530215"", ""213361615""]"
none_subset,1,126605714,109388920,38,310,0,0,0,0,0,0,"[""64982654"", ""36930305"", ""89791661"", ""171705376"", ""69668246"", ""208643724"", ""108003168"", ""80574856"", ""196852571"", ""197284656""]"
none_subset,1,194731511,167530327,43,1309,0,0,0,0,0,0,"[""111074216"", ""205947664"", ""166708862"", ""155830174"", ""203191672"", ""52880574"", ""159900716"", ""212418882"", ""182612609"", ""107193923""]"
none_subset,1,66727420,71700919,62,108,0,0,0,0,0,0,"[""146533271"", ""135157671"", ""57547838"", ""144935441"", ""203336355"", ""162672578"", ""153923303"", ""144418893"", ""149483143"", ""193710073""]"
none_subset,1,181094644,144008610,43,51,0,0,0,0,0,0,"[""46019037"", ""199268133"", ""213210833"", ""126807820"", ""189262880"", ""201664817"", ""144482097"", ""69012761"", ""159111252"", ""179041576""]"
none_subset,1,221501627,203329956,4,662,0,0,0,0,0,0,"[""204310309"", ""209183284"", ""108843981"", ""214740980"", ""212682868"", ""208742367"", ""195893708"", ""210014361"", ""213276860"", ""211887023""]"
none_subset,1,208044188,184633847,43,67,0,0,0,0,0,0,"[""186350594"", ""184996236"", ""182445092"", ""189547099"", ""175836915"", ""210822887"", ""207732639"", ""188378226"", ""90198681"", ""187215484""]"
none_subset,1,177475760,146586089,46,281,0,0,0,0,0,0,"[""124510956"", ""130390168"", ""103017168"", ""133182836"", ""119093613"", ""169711662"", ""70517064"", ""93122967"", ""128181955"", ""15325925""]"
none_subset,1,142208020,104629798,4,566,0,0,0,0,0,0,"[""46147970"", ""197859740"", ""194643860"", ""213461075"", ""193449649"", ""144907575"", ""143083752"", ""172943291"", ""171818167"", ""201707698""]"
none_subset,1,221527577,208465437,64,94,0,0,0,0,0,0,"[""159403056"", ""213355370"", ""164453126"", ""200966465"", ""207325686"", ""207778624"", ""208560031"", ""212258528"", ""85051125"", ""211171973""]"
none_subset,1,131146589,110871984,57,33,0,0,0,0,0,1,"[""135046482"", ""153321595"", ""52718700"", ""55747400"", ""91035907"", ""75620161"", ""180363453"", ""162420684"", ""81719707"", ""129364577""]"
none_subset,1,213281507,181022161,37,541,0,0,0,0,0,0,"[""208764176"", ""65564347"", ""120040052"", ""74708859"", ""84416822"", ""194670256"", ""213471023"", ""148343657"", ""76037021"", ""102678261""]"
none_subset,1,212546911,174095805,64,184,0,0,0,0,0,0,"[""19607163"", ""133214115"", ""152368817"", ""116532185"", ""151366408"", ""85881610"", ""208682751"", ""181619566"", ""123694415"", ""167740456""]"
none_subset,1,225336047,215237393,4,34,0,0,0,0,0,1,"[""180843726"", ""177825434"", ""180074203"", ""201211887"", ""210484477"", ""196161368"", ""203466268"", ""183690665"", ""214799279"", ""199021905""]"
none_subset,1,207292943,183515849,37,238,0,0,0,0,0,0,"[""203730564"", ""201660893"", ""209128550"", ""194731784"", ""209386603"", ""210226726"", ""196469804"", ""184818286"", ""206298544"", ""211165397""]"
none_subset,1,214575745,178361669,43,9,0,0,0,1,1,1,"[""113199180"", ""183716498"", ""57750732"", ""176475069"", ""127000704"", ""73260900"", ""158391463"", ""157809653"", ""178361669"", ""146832585""]"
none_subset,1,216243905,156564557,62,14,0,0,0,0,1,1,"[""118353922"", ""122174001"", ""30363312"", ""127953008"", ""210566449"", ""16086259"", ""131192536"", ""184129119"", ""149971080"", ""99734611""]"
none_subset,1,49842415,55380045,4,6,0,0,0,1,1,1,"[""88781085"", ""80237634"", ""64578501"", ""165698897"", ""206126527"", ""55380045"", ""178240944"", ""90543409"", ""110508119"", ""171902128""]"
none_subset,1,224134573,211732658,43,799,0,0,0,0,0,0,"[""186549940"", ""119064343"", ""144710651"", ""127321663"", ""44768555"", ""152645436"", ""197584084"", ""164251704"", ""189984269"", ""197607322""]"
none_subset,1,197471071,164882856,37,86,0,0,0,0,0,0,"[""107202977"", ""78795109"", ""194193597"", ""127507850"", ""145330672"", ""203489688"", ""201003118"", ""76037021"", ""43972733"", ""187888737""]"
none_subset,1,192139157,158262693,46,108,0,0,0,0,0,0,"[""129338201"", ""214430451"", ""160762858"", ""142537342"", ""156554598"", ""192440420"", ""157723146"", ""139649558"", ""134647287"", ""197086187""]"
none_subset,1,221117693,208465437,64,3,0,1,1,1,1,1,"[""199512980"", ""168315905"", ""208465437"", ""193944748"", ""197079216"", ""193757766"", ""145970325"", ""94191912"", ""143362090"", ""151045678""]"
none_subset,1,210748135,189303189,38,536,0,0,0,0,0,0,"[""182369007"", ""98477697"", ""133939663"", ""74273124"", ""166558139"", ""20918033"", ""6679232"", ""196915199"", ""202818877"", ""209921939""]"
none_subset,1,220670566,207544514,46,61,0,0,0,0,0,0,"[""186568176"", ""214520103"", ""213482572"", ""169495520"", ""207134724"", ""203644944"", ""177381146"", ""211131554"", ""204759997"", ""205239580""]"
none_subset,1,120743636,80901718,62,604,0,0,0,0,0,0,"[""156442595"", ""106557292"", ""46446514"", ""148844442"", ""143685562"", ""114567761"", ""84991316"", ""201668496"", ""194843976"", ""190676894""]"
none_subset,1,170860127,144431749,46,452,0,0,0,0,0,0,"[""171227152"", ""103250951"", ""203022989"", ""212530716"", ""147047749"", ""194951479"", ""171846733"", ""102548981"", ""171227160"", ""115290677""]"
none_subset,1,221293922,209552430,38,59,0,0,0,0,0,0,"[""173253112"", ""146151329"", ""63839835"", ""175611574"", ""156629865"", ""55637037"", ""104506104"", ""96696628"", ""158650746"", ""185939341""]"
none_subset,1,225182087,211440718,46,265,0,0,0,0,0,0,"[""190912236"", ""141879198"", ""169081503"", ""110700672"", ""214736658"", ""181041821"", ""152716158"", ""152408691"", ""214008845"", ""135639820""]"
none_subset,1,216471219,199896638,4,34,0,0,0,0,0,1,"[""210484477"", ""180843726"", ""177825434"", ""168099979"", ""168819498"", ""211385428"", ""185880119"", ""191316160"", ""201211887"", ""211858811""]"
none_subset,1,118979230,104184872,4,120,0,0,0,0,0,0,"[""167074809"", ""207566657"", ""193831253"", ""173244086"", ""116474962"", ""171902128"", ""193566719"", ""158581056"", ""161643758"", ""190871924""]"
none_subset,1,129558141,112904882,57,108,0,0,0,0,0,0,"[""74475396"", ""178813081"", ""206389885"", ""82247874"", ""155647098"", ""153152780"", ""131546113"", ""115422067"", ""91035907"", ""60780873""]"
none_subset,1,49793488,56858349,37,12,0,0,0,0,1,1,"[""138622989"", ""163655065"", ""161133997"", ""134438395"", ""148230413"", ""200142647"", ""33563950"", ""154942150"", ""122241592"", ""164454930""]"
none_subset,1,166111740,138875951,57,1335,0,0,0,0,0,0,"[""190730924"", ""144213406"", ""101629528"", ""191403097"", ""198339576"", ""55747400"", ""159894413"", ""168546899"", ""152190986"", ""138880623""]"
none_subset,1,197106991,168633750,64,541,0,0,0,0,0,0,"[""162052544"", ""142012440"", ""193374850"", ""105898966"", ""213433847"", ""113744993"", ""214208964"", ""104389677"", ""125457410"", ""103313660""]"
none_subset,1,194626135,159778737,43,425,0,0,0,0,0,0,"[""185696449"", ""173279591"", ""177472789"", ""167261762"", ""204623611"", ""134999759"", ""135776258"", ""194667319"", ""86486091"", ""114685239""]"
none_subset,1,181264592,151693658,43,678,0,0,0,0,0,0,"[""59161409"", ""120765596"", ""183640029"", ""31477346"", ""137383220"", ""55350013"", ""139391726"", ""204821849"", ""165237646"", ""141726609""]"
none_subset,1,81655520,64645018,37,60,0,0,0,0,0,0,"[""63048481"", ""203728756"", ""142700161"", ""175339837"", ""175073082"", ""202857509"", ""125877587"", ""201491958"", ""169592229"", ""156835238""]"
none_subset,1,186626833,158995129,4,1885,0,0,0,0,0,0,"[""63004444"", ""185429569"", ""208901976"", ""173008557"", ""191690738"", ""150577652"", ""155703180"", ""155908916"", ""178871266"", ""181909843""]"
none_subset,1,184075069,155788187,38,27,0,0,0,0,1,1,"[""117334028"", ""150442928"", ""155436166"", ""66416188"", ""166302090"", ""84270721"", ""144157113"", ""187319038"", ""152346218"", ""212304490""]"
none_subset,1,164253476,137017957,43,375,0,0,0,0,0,0,"[""143916804"", ""140231935"", ""146413132"", ""67909736"", ""59547777"", ""40402254"", ""163664846"", ""159971774"", ""59420171"", ""67021173""]"
none_subset,1,53189479,58202036,62,965,0,0,0,0,0,0,"[""156677885"", ""171646482"", ""76087987"", ""178555370"", ""166974075"", ""207091282"", ""52773606"", ""143772507"", ""204880318"", ""185371912""]"
none_subset,1,204632100,179860438,62,1006,0,0,0,0,0,0,"[""209398208"", ""212697335"", ""82677281"", ""74301266"", ""87226906"", ""211990154"", ""138202324"", ""103554595"", ""181009550"", ""131320559""]"
none_subset,1,186430496,157710674,4,45,0,0,0,0,0,1,"[""153991203"", ""117771611"", ""143548483"", ""174891772"", ""189645323"", ""182183775"", ""89406741"", ""129568541"", ""132723593"", ""123613267""]"
none_subset,1,190239977,153645570,46,118,0,0,0,0,0,0,"[""145094112"", ""209824689"", ""214806915"", ""143484748"", ""207664468"", ""113497361"", ""121995083"", ""78631092"", ""163683734"", ""173365679""]"
none_subset,1,152645042,129938752,4,408,0,0,0,0,0,0,"[""67745233"", ""179569445"", ""90931027"", ""138898252"", ""191225749"", ""133632260"", ""151978785"", ""86385298"", ""159511008"", ""215305148""]"
none_subset,1,223970609,186513838,43,616,0,0,0,0,0,0,"[""120630424"", ""163095786"", ""75959067"", ""86505092"", ""211030648"", ""164354706"", ""112624655"", ""127635452"", ""116652853"", ""178678331""]"
none_subset,1,220373806,134986006,64,2091,0,0,0,0,0,0,"[""148414231"", ""138803213"", ""125561073"", ""109321941"", ""80281524"", ""194094670"", ""193722885"", ""131816794"", ""147554849"", ""60032340""]"
none_subset,1,188858187,159326492,38,72,0,0,0,0,0,0,"[""114095793"", ""129455316"", ""41147018"", ""171108508"", ""183272380"", ""172935259"", ""193857246"", ""179448345"", ""129343388"", ""207326334""]"
none_subset,1,138465630,121166403,64,6,0,0,0,1,1,1,"[""147984435"", ""123750776"", ""191629980"", ""112033542"", ""94645332"", ""121166403"", ""187033175"", ""94863968"", ""189142523"", ""97428675""]"
none_subset,1,211220544,190261540,37,251,0,0,0,0,0,0,"[""207544886"", ""195296935"", ""201660893"", ""194831266"", ""199340755"", ""190788965"", ""190172991"", ""210226726"", ""191701817"", ""123971162""]"
none_subset,1,222172345,210502009,37,1,1,1,1,1,1,1,"[""210502009"", ""186828113"", ""194408004"", ""123163900"", ""187324915"", ""187134525"", ""173640245"", ""176116685"", ""153111696"", ""116930061""]"
none_subset,1,210649040,187098404,4,115,0,0,0,0,0,0,"[""197547141"", ""158857170"", ""201066421"", ""113622434"", ""194377968"", ""99472535"", ""19861371"", ""77968334"", ""155106827"", ""44380594""]"
none_subset,1,172401573,136885554,4,211,0,0,0,0,0,0,"[""196026500"", ""180843726"", ""201211887"", ""143547772"", ""146249483"", ""191627911"", ""210484477"", ""199896638"", ""182581077"", ""168099979""]"
none_subset,1,198446240,172127274,46,1361,0,0,0,0,0,0,"[""206477450"", ""210734819"", ""202794672"", ""126734285"", ""143813249"", ""204823121"", ""203644119"", ""165789966"", ""204919891"", ""210724130""]"
none_subset,1,221000272,132694650,38,551,0,0,0,0,0,0,"[""157147021"", ""207283376"", ""160114101"", ""123190192"", ""204092180"", ""70700474"", ""132325249"", ""67142038"", ""170400945"", ""209984929""]"
none_subset,1,218290917,203335692,62,1619,0,0,0,0,0,0,"[""176880559"", ""198884189"", ""144002826"", ""85137253"", ""184091489"", ""100036109"", ""110980617"", ""67833941"", ""144182128"", ""67822220""]"
none_subset,1,65007020,68802281,38,963,0,0,0,0,0,0,"[""102891416"", ""154107984"", ""194346900"", ""31197704"", ""207283376"", ""73438643"", ""193949384"", ""67142038"", ""156294689"", ""66334917""]"
none_subset,1,197043451,159400456,4,1306,0,0,0,0,0,0,"[""195539587"", ""151451581"", ""126107165"", ""207097865"", ""207143420"", ""73205799"", ""190777127"", ""196842418"", ""189844318"", ""193369779""]"
none_subset,1,114733185,103929022,38,325,0,0,0,0,0,0,"[""111639650"", ""199297939"", ""160449838"", ""60707501"", ""205465606"", ""106027581"", ""100749834"", ""207422358"", ""100928327"", ""211398537""]"
none_subset,1,216976333,200727306,46,106,0,0,0,0,0,0,"[""212905783"", ""179633525"", ""144865911"", ""213805109"", ""186568176"", ""213247950"", ""210310500"", ""203644944"", ""212380449"", ""211131554""]"
none_subset,1,206557262,179815729,46,107,0,0,0,0,0,0,"[""195661570"", ""213326669"", ""205295168"", ""21270188"", ""60024776"", ""186463198"", ""178086628"", ""178377150"", ""144484944"", ""106919910""]"
none_subset,1,218013861,191544375,37,440,0,0,0,0,0,0,"[""202857509"", ""153052400"", ""155814820"", ""169592229"", ""104989552"", ""80627031"", ""103432765"", ""205195417"", ""174122871"", ""80669323""]"
none_subset,1,215027850,191695909,4,1,1,1,1,1,1,1,"[""191695909"", ""204482650"", ""193879806"", ""190161584"", ""146764647"", ""199780246"", ""192231355"", ""200963901"", ""159111889"", ""199921056""]"
none_subset,1,218137799,195366615,57,39,0,0,0,0,0,1,"[""44101662"", ""210313644"", ""114118888"", ""52362364"", ""161339845"", ""102740841"", ""195818826"", ""116870503"", ""195606087"", ""210450439""]"
none_subset,1,182518110,146811180,46,44,0,0,0,0,0,1,"[""19664212"", ""108196994"", ""136576031"", ""118565908"", ""174096017"", ""158102584"", ""32062492"", ""194051265"", ""188997673"", ""154698834""]"
none_subset,1,186526977,157711341,43,58,0,0,0,0,0,0,"[""191257698"", ""129211206"", ""163980868"", ""207851646"", ""153170041"", ""197891724"", ""204449585"", ""152103320"", ""197961838"", ""83385070""]"
none_subset,1,33401895,32817983,4,2200,0,0,0,0,0,0,"[""212063541"", ""172943291"", ""194643860"", ""143083752"", ""193449649"", ""197859740"", ""196161003"", ""181068928"", ""207414127"", ""199478511""]"
none_subset,1,172732971,144032873,46,629,0,0,0,0,0,0,"[""45769216"", ""129506623"", ""167759245"", ""166204499"", ""108713383"", ""114943400"", ""157752214"", ""210837002"", ""111118568"", ""160255339""]"
none_subset,1,223797921,213040734,38,85,0,0,0,0,0,0,"[""150005558"", ""67142038"", ""176455982"", ""153128858"", ""204985593"", ""70700474"", ""6212492"", ""145720442"", ""212456523"", ""154092049""]"
none_subset,1,80419372,82483628,37,951,0,0,0,0,0,0,"[""37024390"", ""178053573"", ""203489688"", ""194699966"", ""89720897"", ""23924949"", ""122687023"", ""73570785"", ""65584321"", ""80433944""]"
none_subset,1,147571867,127324464,4,1094,0,0,0,0,0,0,"[""157103009"", ""164449645"", ""52380679"", ""50337874"", ""155585579"", ""159676437"", ""185320366"", ""158607543"", ""115124238"", ""175423172""]"
none_subset,1,222359219,207833356,46,401,0,0,0,0,0,0,"[""194132989"", ""141781507"", ""200555275"", ""168815908"", ""209764015"", ""200860795"", ""204484014"", ""207127154"", ""191974228"", ""173365679""]"
none_subset,1,203349711,170522671,43,75,0,0,0,0,0,0,"[""75535529"", ""203438993"", ""202388962"", ""56967833"", ""197876233"", ""79844098"", ""57750732"", ""124731600"", ""174558601"", ""101617365""]"
none_subset,1,120641096,103008131,38,754,0,0,0,0,0,0,"[""166911507"", ""208921464"", ""126891166"", ""133096810"", ""119135437"", ""109623910"", ""106211361"", ""137269278"", ""126945620"", ""207656146""]"
none_subset,1,216669978,178992260,37,565,0,0,0,0,0,0,"[""121097766"", ""188912090"", ""141087936"", ""180869206"", ""189202972"", ""192456013"", ""183094359"", ""142630827"", ""106767200"", ""191131185""]"
none_subset,1,204035625,174726875,46,105,0,0,0,0,0,0,"[""166127396"", ""207328366"", ""135710902"", ""172684450"", ""174705087"", ""129506623"", ""174623464"", ""201512197"", ""212685047"", ""172935649""]"
none_subset,1,164719682,128734627,4,237,0,0,0,0,0,0,"[""154444351"", ""150204940"", ""157092256"", ""162407032"", ""141440077"", ""207935824"", ""73118528"", ""190777107"", ""160188245"", ""182893664""]"
none_subset,1,213307455,190160674,38,171,0,0,0,0,0,0,"[""204092180"", ""130168090"", ""158493521"", ""149755002"", ""138353042"", ""158574234"", ""162391436"", ""149579144"", ""178462865"", ""151483185""]"
none_subset,1,208045885,184636221,46,34,0,0,0,0,0,1,"[""208712486"", ""141874387"", ""193685035"", ""133168724"", ""173579264"", ""179691172"", ""207544587"", ""179633525"", ""198984808"", ""115892096""]"
none_subset,1,46826294,52904807,46,684,0,0,0,0,0,0,"[""49032725"", ""168458372"", ""134232696"", ""211774611"", ""214169191"", ""56920439"", ""172685140"", ""194081652"", ""201469244"", ""109632736""]"
none_subset,1,220476616,174679814,46,1179,0,0,0,0,0,0,"[""60024776"", ""168815908"", ""126734285"", ""199766372"", ""212781522"", ""102548981"", ""171227160"", ""212530716"", ""186463198"", ""171846733""]"
none_subset,1,222590091,200613653,4,32,0,0,0,0,0,1,"[""56998165"", ""185556523"", ""160192032"", ""209648424"", ""168697069"", ""211253445"", ""204256104"", ""191564735"", ""136928342"", ""192906971""]"
none_subset,1,206560652,182375861,64,387,0,0,0,0,0,0,"[""188286775"", ""195529634"", ""183013744"", ""105898966"", ""212267410"", ""200026497"", ""192779268"", ""173661276"", ""206276658"", ""214208964""]"
none_subset,1,222018935,176659851,46,153,0,0,0,0,0,0,"[""183484544"", ""127485588"", ""122704847"", ""133779076"", ""128782682"", ""190912236"", ""132867538"", ""102529512"", ""211380085"", ""150407343""]"
none_subset,1,174311064,31477620,46,103,0,0,0,0,0,0,"[""62458353"", ""134848823"", ""64234906"", ""174465659"", ""87079597"", ""105148782"", ""68978046"", ""193559506"", ""210962988"", ""179041527""]"
none_subset,1,220220721,205033787,64,154,0,0,0,0,0,0,"[""191497578"", ""152189504"", ""145454602"", ""131569653"", ""12329772"", ""189365972"", ""102679360"", ""205920501"", ""184410319"", ""157349618""]"
none_subset,1,213968069,127491303,64,10,0,0,0,1,1,1,"[""126295674"", ""177968315"", ""136053941"", ""195841911"", ""195536621"", ""209149616"", ""103614032"", ""14565960"", ""181529530"", ""127491303""]"
none_subset,1,193510383,166148334,43,249,0,0,0,0,0,0,"[""208096405"", ""146783647"", ""202343187"", ""204190139"", ""156158359"", ""195757439"", ""198423070"", ""152103320"", ""169778182"", ""167265742""]"
none_subset,1,74378955,76860540,43,244,0,0,0,0,0,0,"[""101892709"", ""178850565"", ""82639586"", ""143317431"", ""204570694"", ""18294635"", ""118856282"", ""191363897"", ""190193667"", ""171888747""]"
none_subset,1,187671417,159726047,37,721,0,0,0,0,0,0,"[""21423746"", ""101192063"", ""192597928"", ""157674411"", ""151437967"", ""102688777"", ""142990642"", ""66740441"", ""152140191"", ""150433252""]"
none_subset,1,216626967,200018099,57,64,0,0,0,0,0,0,"[""202655316"", ""177340550"", ""164929949"", ""211357002"", ""175665700"", ""124988423"", ""133420023"", ""149543161"", ""113082402"", ""195530341""]"
none_subset,1,178731218,138045329,38,349,0,0,0,0,0,0,"[""130737214"", ""209590588"", ""200592659"", ""145961457"", ""177206358"", ""141272135"", ""113496860"", ""203456374"", ""70629467"", ""191703078""]"
none_subset,1,212652729,97006048,64,1,1,1,1,1,1,1,"[""97006048"", ""181214144"", ""182450870"", ""75760627"", ""93262026"", ""136904065"", ""61063233"", ""181447269"", ""63404553"", ""146630451""]"
none_subset,1,216781914,183401482,38,37,0,0,0,0,0,1,"[""194853957"", ""102891416"", ""55637037"", ""189045957"", ""160748123"", ""104506104"", ""192587307"", ""188362913"", ""138345880"", ""151333626""]"
none_subset,1,215548177,191201429,64,34,0,0,0,0,0,1,"[""189002821"", ""198499830"", ""1943884"", ""112210141"", ""187557702"", ""73065988"", ""173159881"", ""207538350"", ""174387123"", ""69678722""]"
none_subset,1,49112420,55870666,38,419,0,0,0,0,0,0,"[""8169319"", ""350786"", ""96313601"", ""189045957"", ""190787786"", ""130075591"", ""113999751"", ""124169140"", ""12905940"", ""81511985""]"
none_subset,1,112229833,90046103,62,1912,0,0,0,0,0,0,"[""104468361"", ""52192033"", ""205254156"", ""97811642"", ""119396258"", ""136598057"", ""202133781"", ""173119325"", ""73563944"", ""140394137""]"
none_subset,1,222798019,204666596,37,979,0,0,0,0,0,0,"[""190806332"", ""106674292"", ""180649299"", ""81213674"", ""198930981"", ""160538816"", ""205214483"", ""204338788"", ""207913496"", ""208944506""]"
none_subset,1,162212011,137979982,37,70,0,0,0,0,0,0,"[""157628611"", ""17206468"", ""211863626"", ""88534873"", ""158117230"", ""198930981"", ""126554078"", ""159657746"", ""190113798"", ""140997157""]"
none_subset,1,222729775,85051125,64,2123,0,0,0,0,0,0,"[""193943572"", ""210669755"", ""107341510"", ""206573288"", ""173622745"", ""180956690"", ""193084026"", ""173115999"", ""202272859"", ""120256316""]"
none_subset,1,192372732,146869722,43,987,0,0,0,0,0,0,"[""191701553"", ""153591399"", ""105238183"", ""166329703"", ""148294908"", ""192774637"", ""170809412"", ""27781370"", ""18294635"", ""155249274""]"
none_subset,1,217514040,199435154,64,167,0,0,0,0,0,0,"[""172741180"", ""158126671"", ""72224328"", ""152189504"", ""18136094"", ""85531879"", ""169220249"", ""200883111"", ""200110600"", ""108526378""]"
none_subset,1,224966092,186693429,62,337,0,0,0,0,0,0,"[""161511273"", ""143139548"", ""157472228"", ""117835777"", ""135330582"", ""136870941"", ""52848243"", ""152444456"", ""190767280"", ""72010081""]"
none_subset,1,189612365,159428920,64,326,0,0,0,0,0,0,"[""95477509"", ""73923102"", ""131561726"", ""119491080"", ""178700962"", ""202548043"", ""117014804"", ""194651505"", ""178043240"", ""108096010""]"
none_subset,1,191377667,134898435,57,1111,0,0,0,0,0,0,"[""214410443"", ""172012163"", ""75198033"", ""104544791"", ""98410961"", ""85942447"", ""86194826"", ""138202869"", ""111214532"", ""115182382""]"
none_subset,1,206769854,159356640,38,88,0,0,0,0,0,0,"[""155436166"", ""194686975"", ""125547696"", ""171705376"", ""194567057"", ""212801979"", ""135581400"", ""117334028"", ""84270721"", ""156470070""]"
none_subset,1,220929088,112058073,46,541,0,0,0,0,0,0,"[""120963350"", ""212546063"", ""159369178"", ""187591614"", ""167967668"", ""206453483"", ""210433201"", ""163911793"", ""203677273"", ""170637462""]"
none_subset,1,179538606,151497086,37,1161,0,0,0,0,0,0,"[""194551250"", ""143764294"", ""197393743"", ""58893791"", ""150612100"", ""178118368"", ""189064377"", ""183552543"", ""133932837"", ""152140191""]"
none_subset,1,221038829,196683792,37,8,0,0,0,1,1,1,"[""192913849"", ""136186158"", ""161133997"", ""204420256"", ""148230413"", ""201258368"", ""85275000"", ""196683792"", ""133761960"", ""171803364""]"
none_subset,1,165586635,134534067,4,608,0,0,0,0,0,0,"[""132213065"", ""136900812"", ""139110120"", ""82160974"", ""198430694"", ""169281042"", ""196926090"", ""130284203"", ""78836369"", ""53882418""]"
none_subset,1,195848103,162286261,38,256,0,0,0,0,0,0,"[""170400945"", ""204985593"", ""181203442"", ""185863262"", ""214289443"", ""119096193"", ""176455982"", ""171832078"", ""152236293"", ""208707405""]"
none_subset,1,220912443,207073486,37,328,0,0,0,0,0,0,"[""198276617"", ""201230405"", ""193704109"", ""209481700"", ""209134068"", ""176573400"", ""191101572"", ""169249267"", ""122713998"", ""131800445""]"
none_subset,1,193820333,166578765,57,264,0,0,0,0,0,0,"[""122408162"", ""85942447"", ""194409455"", ""138406659"", ""86771304"", ""90186991"", ""131667486"", ""211844405"", ""99228573"", ""206493285""]"
none_subset,1,150808157,92919228,37,17,0,0,0,0,1,1,"[""103057199"", ""161091370"", ""101004970"", ""140336042"", ""145815769"", ""144990749"", ""93714502"", ""116967483"", ""192597928"", ""143008719""]"
none_subset,1,212483794,191516840,62,14,0,0,0,0,1,1,"[""181091254"", ""167442339"", ""6204449"", ""180623952"", ""210871676"", ""51213351"", ""191710575"", ""97032103"", ""180256255"", ""110870208""]"
none_subset,1,222586905,200625253,38,21,0,0,0,0,1,1,"[""145768091"", ""123199053"", ""64399677"", ""73148680"", ""98969149"", ""94336615"", ""187955925"", ""191870766"", ""125496594"", ""85120764""]"
none_subset,1,224919765,130431142,38,964,0,0,0,0,0,0,"[""181288847"", ""181177544"", ""157993089"", ""163334242"", ""190122858"", ""128431328"", ""169283590"", ""158100308"", ""196947068"", ""103799422""]"
none_subset,1,202447850,174772759,4,330,0,0,0,0,0,0,"[""133966108"", ""194814735"", ""157610724"", ""77747581"", ""110925434"", ""170901415"", ""141475879"", ""209174509"", ""211318379"", ""171284832""]"
none_subset,1,215976635,192786942,4,986,0,0,0,0,0,0,"[""191909632"", ""194212862"", ""126107165"", ""190079873"", ""159567986"", ""187320580"", ""149247164"", ""192473388"", ""146030654"", ""200026065""]"
none_subset,1,82194778,79107019,4,1240,0,0,0,0,0,0,"[""140998592"", ""72044288"", ""116662369"", ""200206633"", ""142451414"", ""112871050"", ""167254533"", ""116488063"", ""121025812"", ""185905613""]"
none_subset,1,224387999,184189116,64,1,1,1,1,1,1,1,"[""184189116"", ""193943572"", ""14565960"", ""177968315"", ""195841911"", ""73276751"", ""126295674"", ""136053941"", ""127488797"", ""173115999""]"
none_subset,1,213309114,193765182,43,49,0,0,0,0,0,1,"[""164793357"", ""192825043"", ""158643707"", ""200883540"", ""212213338"", ""174826827"", ""201905433"", ""209333848"", ""184091403"", ""165834610""]"
none_subset,1,223661874,212936458,46,513,0,0,0,0,0,0,"[""205019069"", ""145210755"", ""173634775"", ""204540006"", ""142789905"", ""209931361"", ""116838538"", ""133738518"", ""159004698"", ""78004872""]"
none_subset,1,212537205,179805334,4,5,0,0,1,1,1,1,"[""179812166"", ""190218932"", ""188323012"", ""203130825"", ""179805334"", ""191690738"", ""176867327"", ""151681239"", ""189902060"", ""115266425""]"
none_subset,1,151244613,101842282,46,774,0,0,0,0,0,0,"[""136064669"", ""99908438"", ""54576315"", ""211895860"", ""168997060"", ""129380311"", ""205297007"", ""134691092"", ""130151286"", ""145051595""]"
none_subset,1,45722807,50828732,43,29,0,0,0,0,1,1,"[""136296407"", ""190843616"", ""184705867"", ""107227181"", ""141356497"", ""53748847"", ""75535529"", ""89041795"", ""112069335"", ""164268294""]"
none_subset,1,224929777,195586695,37,171,0,0,0,0,0,0,"[""204074548"", ""177385023"", ""166104236"", ""196714939"", ""196806221"", ""182796770"", ""182460749"", ""126027022"", ""70970519"", ""31015477""]"
none_subset,1,206216646,181913855,37,540,0,0,0,0,0,0,"[""209161669"", ""202328948"", ""208174544"", ""213416559"", ""210666947"", ""188962071"", ""187543270"", ""157945105"", ""207544886"", ""188994423""]"
none_subset,1,181717793,152170362,37,140,0,0,0,0,0,0,"[""152910319"", ""186269336"", ""40661702"", ""148500212"", ""190240043"", ""212263607"", ""198698745"", ""121097766"", ""214708320"", ""190568516""]"
none_subset,1,200991937,173243692,46,294,0,0,0,0,0,0,"[""184407267"", ""176659851"", ""154884885"", ""178808064"", ""201024429"", ""184975322"", ""135883318"", ""212264182"", ""195464981"", ""158137442""]"
none_subset,1,222049533,207671783,62,1101,0,0,0,0,0,0,"[""69716297"", ""15942056"", ""58086605"", ""150122632"", ""118612211"", ""191201365"", ""145569722"", ""156733813"", ""100918904"", ""187978938""]"
none_subset,1,204109889,167786912,46,59,0,0,0,0,0,0,"[""176131148"", ""188427060"", ""127285945"", ""171073715"", ""86091554"", ""204813635"", ""194854155"", ""206745230"", ""156045025"", ""200416651""]"
none_subset,1,168882604,142990642,37,205,0,0,0,0,0,0,"[""81981879"", ""189777046"", ""33534621"", ""78706018"", ""82483628"", ""189202972"", ""171006297"", ""80328768"", ""187502080"", ""150919901""]"
none_subset,1,221069980,203082308,38,2414,0,0,0,0,0,0,"[""211362223"", ""137589971"", ""158493521"", ""149755002"", ""49159576"", ""153333213"", ""204985593"", ""207656146"", ""150005558"", ""141801572""]"
none_subset,1,182527539,148427041,46,1800,0,0,0,0,0,0,"[""107277769"", ""77995654"", ""110716703"", ""111118568"", ""81754384"", ""77257734"", ""123341476"", ""108713383"", ""179855914"", ""172197706""]"
none_subset,1,212383124,187865140,62,206,0,0,0,0,0,0,"[""9716999"", ""123163861"", ""156814814"", ""135226686"", ""73570160"", ""178964015"", ""191616356"", ""60239293"", ""86857938"", ""168348573""]"
none_subset,1,68999413,66312499,57,154,0,0,0,0,0,0,"[""68798250"", ""183255175"", ""15346485"", ""196862956"", ""204417143"", ""211785457"", ""207769586"", ""203042119"", ""138406659"", ""131667486""]"
none_subset,1,217259695,197313086,64,944,0,0,0,0,0,0,"[""210901215"", ""148979593"", ""63297294"", ""212907099"", ""132818593"", ""127488045"", ""205044594"", ""181214144"", ""161643481"", ""117704361""]"
none_subset,1,215906332,195670135,37,135,0,0,0,0,0,0,"[""161632409"", ""66740441"", ""58893791"", ""150887352"", ""145396971"", ""183023489"", ""120893128"", ""202331502"", ""5322119"", ""113199607""]"
none_subset,1,188376502,154513499,37,283,0,0,0,0,0,0,"[""105941419"", ""147947722"", ""208464643"", ""101532006"", ""194533002"", ""153052637"", ""212776036"", ""187712911"", ""182254392"", ""156884960""]"
none_subset,1,212475067,188036287,38,287,0,0,0,0,0,0,"[""161174151"", ""66334917"", ""193252013"", ""160491945"", ""159333154"", ""149637319"", ""185164362"", ""180386955"", ""38003672"", ""172317716""]"
none_subset,1,62096161,68173330,4,13,0,0,0,0,1,1,"[""165324074"", ""170613385"", ""201254595"", ""206639262"", ""200439718"", ""110480641"", ""153417658"", ""114573844"", ""180005065"", ""132214022""]"
none_subset,1,224554459,166524884,4,23,0,0,0,0,1,1,"[""203884835"", ""59475488"", ""206285668"", ""164949793"", ""74320615"", ""51992415"", ""131039184"", ""112914230"", ""150251115"", ""135756488""]"
none_subset,1,189951179,161430444,4,1332,0,0,0,0,0,0,"[""105762137"", ""169964492"", ""176334578"", ""93256286"", ""90543409"", ""88532160"", ""185275943"", ""176397812"", ""148096344"", ""154093936""]"
none_subset,1,215842891,184297463,37,2838,0,0,0,0,0,0,"[""167076559"", ""179319840"", ""214961917"", ""184960603"", ""182681465"", ""192414071"", ""214523405"", ""194297564"", ""70073223"", ""204074550""]"
none_subset,1,214739235,195720861,46,4,0,0,1,1,1,1,"[""160673739"", ""178405632"", ""205545277"", ""195720861"", ""129461367"", ""177962710"", ""105346807"", ""213307342"", ""172966334"", ""208726649""]"
none_subset,1,206072652,181715447,4,191,0,0,0,0,0,0,"[""194734151"", ""128402566"", ""210958855"", ""199777290"", ""122965096"", ""190594964"", ""190091385"", ""213125259"", ""210550451"", ""137789521""]"
none_subset,1,206177259,179647447,64,524,0,0,0,0,0,0,"[""191629980"", ""19607163"", ""146444401"", ""90897593"", ""133214115"", ""146630451"", ""187708913"", ""19628845"", ""162665168"", ""212566497""]"
none_subset,1,142290622,76024222,43,2,0,1,1,1,1,1,"[""163402666"", ""76024222"", ""138924839"", ""163223965"", ""151833757"", ""182840886"", ""190691284"", ""204609076"", ""113125737"", ""192287850""]"
none_subset,1,202412222,158080441,46,1438,0,0,0,0,0,0,"[""193512680"", ""58540862"", ""194862890"", ""117798860"", ""113591349"", ""204630509"", ""141321618"", ""156626186"", ""127408911"", ""165223697""]"
none_subset,1,163715496,81019320,62,480,0,0,0,0,0,0,"[""113452248"", ""146276364"", ""67894406"", ""63080448"", ""159960911"", ""36293036"", ""136870941"", ""211877317"", ""80991195"", ""10132068""]"
none_subset,1,198298853,116967483,37,15,0,0,0,0,1,1,"[""106674292"", ""79730026"", ""188742562"", ""65584321"", ""43972733"", ""152140191"", ""115213516"", ""137979982"", ""127507850"", ""126929630""]"
none_subset,1,201629648,177326361,4,26,0,0,0,0,1,1,"[""205145298"", ""194734151"", ""208698322"", ""179735008"", ""213465419"", ""206636227"", ""214613376"", ""206279065"", ""205530255"", ""163513925""]"
none_subset,1,224806921,169256692,64,388,0,0,0,0,0,0,"[""152603802"", ""112345894"", ""151597543"", ""32842438"", ""105144259"", ""164183551"", ""67792301"", ""144073843"", ""164633014"", ""106833257""]"
none_subset,1,210987562,166294055,57,1746,0,0,0,0,0,0,"[""46330390"", ""110306995"", ""87345780"", ""168536218"", ""184599616"", ""209587784"", ""186151702"", ""149204965"", ""204658040"", ""75146663""]"
none_subset,1,188274572,139817083,57,1011,0,0,0,0,0,0,"[""52362364"", ""213401068"", ""209220406"", ""188257821"", ""159329515"", ""212206681"", ""86699063"", ""68798250"", ""183255175"", ""196325151""]"
none_subset,1,195309530,167146845,62,71,0,0,0,0,0,0,"[""177811848"", ""58086605"", ""191201365"", ""204100209"", ""191614481"", ""189767660"", ""165119271"", ""192577715"", ""113547578"", ""148423515""]"
none_subset,1,106261779,95323314,38,86,0,0,0,0,0,0,"[""113999751"", ""214394715"", ""209320022"", ""142384755"", ""150241983"", ""183564225"", ""179876069"", ""174530040"", ""150396233"", ""130075591""]"
none_subset,1,155364037,133136953,38,107,0,0,0,0,0,0,"[""124508627"", ""139494203"", ""177867333"", ""180179363"", ""151108044"", ""182333897"", ""182862963"", ""159213527"", ""147652742"", ""158118726""]"
none_subset,1,39846875,32581466,43,176,0,0,0,0,0,0,"[""196746909"", ""191583920"", ""143317431"", ""199520065"", ""204570694"", ""191257698"", ""112596322"", ""122164817"", ""129211206"", ""207851646""]"
none_subset,1,5836907,1483768,38,444,0,0,0,0,0,0,"[""73044615"", ""135874550"", ""204143300"", ""129585105"", ""135834758"", ""167675489"", ""207930811"", ""206197845"", ""173704802"", ""96235679""]"
none_subset,1,76698719,76775257,43,1374,0,0,0,0,0,0,"[""188272758"", ""108021321"", ""164461764"", ""199700611"", ""166301530"", ""126470047"", ""53018260"", ""128075998"", ""199920218"", ""53878026""]"
none_subset,1,47496112,49076043,43,1468,0,0,0,0,0,0,"[""204449585"", ""162124393"", ""118969385"", ""185196782"", ""203448395"", ""144463129"", ""143371562"", ""15015983"", ""121165459"", ""117984925""]"
none_subset,1,58616771,53254163,38,537,0,0,0,0,0,0,"[""188948528"", ""195491478"", ""73148680"", ""2578071"", ""145768091"", ""156424467"", ""113999751"", ""85120764"", ""132450430"", ""160779270""]"
none_subset,1,174209940,143084610,37,1236,0,0,0,0,0,0,"[""200025016"", ""156176895"", ""200686928"", ""166280219"", ""207110453"", ""126929630"", ""170049514"", ""151601836"", ""200733855"", ""204992307""]"
none_subset,1,150928717,115857968,43,37,0,0,0,0,0,1,"[""100333045"", ""180919412"", ""204449585"", ""152103320"", ""153840249"", ""126702260"", ""144080652"", ""137780242"", ""108317078"", ""151693658""]"
none_subset,1,173281141,136363959,64,2568,0,0,0,0,0,0,"[""196328856"", ""193870914"", ""190078570"", ""146848989"", ""200123633"", ""81957796"", ""212534683"", ""173334389"", ""123750776"", ""140138472""]"
none_subset,1,156725012,5564013,38,103,0,0,0,0,0,0,"[""8550716"", ""110664117"", ""213205324"", ""61517646"", ""121564255"", ""158600836"", ""150241983"", ""127322167"", ""159835737"", ""209347465""]"
none_subset,1,222977381,163780128,46,164,0,0,0,0,0,0,"[""165953966"", ""209744189"", ""140208813"", ""47199408"", ""209050134"", ""192859823"", ""127947793"", ""65618657"", ""190230714"", ""180976440""]"
none_subset,1,163575137,127477193,46,204,0,0,0,0,0,0,"[""201270244"", ""201507987"", ""210836993"", ""81754384"", ""153467283"", ""35845876"", ""61233280"", ""163599273"", ""86906554"", ""138254448""]"
none_subset,1,134372610,117771611,4,18,0,0,0,0,1,1,"[""143548483"", ""148365289"", ""130299986"", ""144264277"", ""143852845"", ""191561303"", ""200206633"", ""157367139"", ""177849963"", ""185262753""]"
none_subset,1,203992258,192580997,62,1585,0,0,0,0,0,0,"[""141261014"", ""24433447"", ""186593972"", ""105604280"", ""200808917"", ""104210649"", ""79802279"", ""186141115"", ""99424689"", ""74220777""]"
none_subset,1,163776589,138439398,4,2436,0,0,0,0,0,0,"[""74587934"", ""201066421"", ""180063242"", ""113622434"", ""180180713"", ""104872974"", ""99472535"", ""206303506"", ""100007550"", ""142766143""]"
none_subset,1,217168708,196563012,37,27,0,0,0,0,1,1,"[""209172941"", ""196469804"", ""193656232"", ""184952787"", ""192870188"", ""192227530"", ""100843460"", ""187719393"", ""149483145"", ""187423310""]"
none_subset,1,188984952,157205433,4,503,0,0,0,0,0,0,"[""123419520"", ""190495475"", ""195513078"", ""210958855"", ""43073275"", ""183252412"", ""77437367"", ""183692559"", ""192424356"", ""186900944""]"
none_subset,1,194857246,159254584,64,15,0,0,0,0,1,1,"[""98960696"", ""181063353"", ""133623259"", ""156476311"", ""201298322"", ""53453982"", ""167388732"", ""162159499"", ""123929849"", ""129093190""]"
none_subset,1,224484908,212274680,46,617,0,0,0,0,0,0,"[""196561672"", ""204980714"", ""167464610"", ""174586724"", ""203164041"", ""156489567"", ""108170296"", ""193206170"", ""134691092"", ""214717862""]"
none_subset,1,181708189,141913559,64,178,0,0,0,0,0,0,"[""156766484"", ""128085943"", ""179949768"", ""208439755"", ""143226451"", ""160009723"", ""179210556"", ""204189526"", ""203403083"", ""126992314""]"
none_subset,1,218843935,177899370,37,76,0,0,0,0,0,0,"[""163621389"", ""201913249"", ""177427251"", ""184519995"", ""141081466"", ""207430484"", ""191600925"", ""196323233"", ""169922684"", ""212715570""]"
none_subset,1,83167308,81511985,38,66,0,0,0,0,0,0,"[""151407481"", ""96696628"", ""77338935"", ""211890068"", ""179234058"", ""145017930"", ""113999751"", ""60638606"", ""93265631"", ""76490987""]"
none_subset,1,224723678,214513561,46,962,0,0,0,0,0,0,"[""169607427"", ""56935126"", ""109562038"", ""99908438"", ""142607225"", ""136576031"", ""105380747"", ""171696517"", ""28355710"", ""210288108""]"
none_subset,1,126141821,110679107,64,1870,0,0,0,0,0,0,"[""136437873"", ""130094229"", ""126493232"", ""111852877"", ""141435492"", ""108051613"", ""70607335"", ""78523755"", ""146885295"", ""81557516""]"
none_subset,1,223819256,212829195,4,56,0,0,0,0,0,0,"[""205244315"", ""102246788"", ""211170774"", ""187219867"", ""169976903"", ""202016099"", ""195475614"", ""204310309"", ""213292202"", ""173717084""]"
none_subset,1,218758658,207872675,4,613,0,0,0,0,0,0,"[""202029081"", ""141475879"", ""214085481"", ""133966108"", ""203618170"", ""164194074"", ""112914230"", ""210498460"", ""203033142"", ""126589900""]"
none_subset,1,204599690,175490651,37,271,0,0,0,0,0,0,"[""188646002"", ""198598972"", ""126447640"", ""85275000"", ""186464825"", ""140618489"", ""127482058"", ""136186158"", ""210587193"", ""149181117""]"
none_subset,1,118743423,112596322,43,101,0,0,0,0,0,0,"[""201752513"", ""168131196"", ""195866072"", ""197613208"", ""151145810"", ""57703173"", ""18292202"", ""209546973"", ""147051062"", ""178038096""]"
none_subset,1,49273516,51343997,43,216,0,0,0,0,0,0,"[""119064343"", ""61394763"", ""214285576"", ""127321663"", ""44768555"", ""167879223"", ""78183771"", ""197607322"", ""182526901"", ""38196926""]"
none_subset,1,182214621,144167451,43,176,0,0,0,0,0,0,"[""127635452"", ""99992649"", ""38841821"", ""83385070"", ""146898856"", ""68189198"", ""98314945"", ""46422540"", ""181167814"", ""50216046""]"
none_subset,1,223258716,212264146,64,324,0,0,0,0,0,0,"[""192179303"", ""206235020"", ""163787427"", ""212299231"", ""153896185"", ""186937016"", ""185087026"", ""206429682"", ""174719538"", ""209301044""]"
none_subset,1,211303932,189745855,37,640,0,0,0,0,0,0,"[""207413817"", ""188537503"", ""194389481"", ""215022412"", ""201576605"", ""207374196"", ""196862128"", ""210226726"", ""172004450"", ""169198169""]"
none_subset,1,215184577,12396291,4,2,0,1,1,1,1,1,"[""156103241"", ""12396291"", ""138975756"", ""149759096"", ""122594682"", ""75828042"", ""144373105"", ""184587206"", ""119644839"", ""119106930""]"
none_subset,1,155201106,134544825,46,584,0,0,0,0,0,0,"[""160039265"", ""162647828"", ""163363958"", ""158174177"", ""184502757"", ""209631907"", ""202794672"", ""109829293"", ""166650343"", ""168865619""]"
none_subset,1,223332381,73148680,38,137,0,0,0,0,0,0,"[""189643684"", ""168749475"", ""211428575"", ""81220432"", ""52533378"", ""130075591"", ""111184822"", ""165594878"", ""177165475"", ""123704552""]"
none_subset,1,159223288,135883318,46,387,0,0,0,0,0,0,"[""88672257"", ""134902485"", ""79086260"", ""133779076"", ""128782682"", ""170556935"", ""190912236"", ""102024389"", ""158008511"", ""78570599""]"
none_subset,1,70900838,73568079,43,2022,0,0,0,0,0,0,"[""59841256"", ""89809066"", ""126632799"", ""102049448"", ""105238183"", ""18118516"", ""162204782"", ""130045016"", ""209483560"", ""120869286""]"
none_subset,1,225331449,214169191,46,3,0,1,1,1,1,1,"[""86906554"", ""35845876"", ""214169191"", ""201469244"", ""142607225"", ""140434515"", ""108645014"", ""129168590"", ""58412205"", ""101763667""]"
none_subset,1,198684180,167339905,46,758,0,0,0,0,0,0,"[""120982254"", ""210288248"", ""131420957"", ""164455139"", ""211267103"", ""169613285"", ""163309329"", ""118474813"", ""142362347"", ""129380311""]"
none_subset,1,214384789,194798510,46,6,0,0,0,1,1,1,"[""212384469"", ""211677891"", ""210780225"", ""187734223"", ""110716703"", ""194798510"", ""213247950"", ""174705087"", ""188213435"", ""190581400""]"
none_subset,1,219818034,205911104,37,822,0,0,0,0,0,0,"[""124434815"", ""200278482"", ""178410842"", ""187735798"", ""185680525"", ""194884803"", ""187256075"", ""202030579"", ""189731038"", ""191030106""]"
none_subset,1,221997901,206210266,57,8,0,0,0,1,1,1,"[""202934090"", ""172991246"", ""83933046"", ""156972409"", ""172155718"", ""170283614"", ""195891035"", ""206210266"", ""113601078"", ""122751221""]"
none_subset,1,186920256,159049004,46,267,0,0,0,0,0,0,"[""211987120"", ""178643270"", ""165691688"", ""200735701"", ""118565908"", ""31288854"", ""78347549"", ""16435346"", ""209817753"", ""206477450""]"
none_subset,1,218056613,202771850,46,498,0,0,0,0,0,0,"[""134902485"", ""163797849"", ""206673825"", ""213822408"", ""211300023"", ""79086260"", ""125568463"", ""206397421"", ""158174177"", ""208811097""]"
none_subset,1,216886230,165487867,43,3,0,1,1,1,1,1,"[""173758947"", ""209666551"", ""165487867"", ""194288073"", ""165285962"", ""184091403"", ""188818414"", ""201671217"", ""139260993"", ""120597166""]"
none_subset,1,218378620,200027218,4,402,0,0,0,0,0,0,"[""210484477"", ""191316160"", ""196026500"", ""188605425"", ""205600080"", ""197090565"", ""180843726"", ""210550451"", ""198087841"", ""201090511""]"
none_subset,1,157719491,126960326,38,2455,0,0,0,0,0,0,"[""192191594"", ""42207137"", ""109616522"", ""147263054"", ""115405939"", ""179448345"", ""157993089"", ""99562870"", ""129590481"", ""96313601""]"
none_subset,1,187662910,154743644,38,21,0,0,0,0,1,1,"[""168166428"", ""64731721"", ""64360348"", ""181819737"", ""127751166"", ""124169140"", ""123816433"", ""145871617"", ""190787786"", ""149292121""]"
none_subset,1,134718293,111167454,46,1514,0,0,0,0,0,0,"[""162507293"", ""138617659"", ""172082320"", ""163043438"", ""210449055"", ""163309329"", ""212429674"", ""205395255"", ""135648799"", ""150742725""]"
none_subset,1,213859209,192226046,43,1,1,1,1,1,1,1,"[""192226046"", ""209248830"", ""177635781"", ""200167896"", ""214348389"", ""209588885"", ""189516921"", ""194502617"", ""191235079"", ""192741559""]"
none_subset,1,206162352,168565266,38,904,0,0,0,0,0,0,"[""98078621"", ""85421632"", ""141801572"", ""152611896"", ""207656146"", ""17545320"", ""156317208"", ""205579072"", ""179234058"", ""102812596""]"
none_subset,1,148055484,125877587,37,698,0,0,0,0,0,0,"[""160127507"", ""198753304"", ""200025016"", ""99092830"", ""197580749"", ""133924998"", ""151546541"", ""201252808"", ""187812442"", ""205214483""]"
none_subset,1,127734101,103445343,38,2322,0,0,0,0,0,0,"[""151407481"", ""97083478"", ""171909035"", ""96846772"", ""72549464"", ""138408570"", ""206865806"", ""105163101"", ""73148680"", ""188363290""]"
none_subset,1,221652856,207844498,38,75,0,0,0,0,0,0,"[""67355451"", ""113288938"", ""181818594"", ""150630196"", ""205579072"", ""199056148"", ""192324059"", ""207656146"", ""149755002"", ""166703688""]"
none_subset,1,163657092,134259470,57,1138,0,0,0,0,0,0,"[""210399533"", ""170280653"", ""174340588"", ""182623124"", ""210983576"", ""152190986"", ""146037680"", ""213085507"", ""126507771"", ""105063982""]"
none_subset,1,181360595,149816343,38,19,0,0,0,0,1,1,"[""147729896"", ""124780154"", ""63839835"", ""155012065"", ""133009681"", ""175989090"", ""147242050"", ""133906753"", ""174576143"", ""212169244""]"
none_subset,1,184230547,92729753,43,42,0,0,0,0,0,1,"[""101617365"", ""99130868"", ""178058556"", ""83075724"", ""75960684"", ""75809532"", ""96286367"", ""55350013"", ""65700153"", ""107185884""]"
none_subset,1,218892881,204377471,62,394,0,0,0,0,0,0,"[""195545920"", ""51439459"", ""190306785"", ""138729090"", ""139932699"", ""172407071"", ""206222825"", ""207956530"", ""79802279"", ""93458026""]"
none_subset,1,222316119,209398208,62,737,0,0,0,0,0,0,"[""161006191"", ""163921015"", ""199527738"", ""186790061"", ""211877317"", ""208636440"", ""82677281"", ""179123782"", ""192055828"", ""67894406""]"
none_subset,1,193210370,160712589,43,187,0,0,0,0,0,0,"[""194022987"", ""197195883"", ""204163472"", ""202567733"", ""166272408"", ""175374033"", ""203338637"", ""170053319"", ""163505137"", ""123633665""]"
none_subset,1,182202041,140052409,43,87,0,0,0,0,0,0,"[""197493511"", ""159900716"", ""182612609"", ""78183771"", ""127006553"", ""151666642"", ""129193322"", ""207792788"", ""180648286"", ""46376130""]"
none_subset,1,134768803,90327774,62,599,0,0,0,0,0,0,"[""44501361"", ""137665706"", ""162715321"", ""124381580"", ""147431302"", ""113866351"", ""212966939"", ""155721266"", ""48004410"", ""52439586""]"
none_subset,1,217563353,199826472,46,236,0,0,0,0,0,0,"[""192859823"", ""84422038"", ""76493325"", ""122704847"", ""97623791"", ""190912236"", ""184894786"", ""109222096"", ""169711662"", ""214736658""]"
none_subset,1,211981529,191647950,37,1566,0,0,0,0,0,0,"[""195296935"", ""190075252"", ""196563012"", ""215022412"", ""100843460"", ""190316113"", ""116240817"", ""180546104"", ""191911000"", ""195583647""]"
none_subset,1,107710992,98812077,46,1490,0,0,0,0,0,0,"[""138969592"", ""120233208"", ""207326970"", ""32127644"", ""138617659"", ""162996731"", ""205356898"", ""169613285"", ""174861722"", ""89165049""]"
none_subset,1,169962620,140742765,38,284,0,0,0,0,0,0,"[""192191594"", ""133136953"", ""109616522"", ""151278548"", ""211247046"", ""202173346"", ""98477697"", ""197000614"", ""211634554"", ""157993089""]"
none_subset,1,192278370,153562476,37,31,0,0,0,0,0,1,"[""152762226"", ""151199532"", ""115215869"", ""118291817"", ""193684980"", ""110655675"", ""207694942"", ""204633870"", ""173034966"", ""113199607""]"
none_subset,1,193750891,163718468,38,1223,0,0,0,0,0,0,"[""146723193"", ""193575305"", ""123652552"", ""185835448"", ""179018718"", ""125546461"", ""205529136"", ""78540845"", ""134076999"", ""18798683""]"
none_subset,1,132375474,116488063,4,142,0,0,0,0,0,0,"[""140966958"", ""65093644"", ""192944634"", ""169747228"", ""123613267"", ""195516477"", ""190503853"", ""210482913"", ""193369779"", ""68390034""]"
none_subset,1,167902436,141447890,64,818,0,0,0,0,0,0,"[""126904794"", ""162686675"", ""121294809"", ""204286460"", ""160006498"", ""178918657"", ""203527868"", ""136416035"", ""106851845"", ""73275498""]"
none_subset,1,46775399,39242895,57,637,0,0,0,0,0,0,"[""125339147"", ""86771304"", ""85942447"", ""58773802"", ""157149837"", ""139191535"", ""186103660"", ""128512946"", ""182587351"", ""104544791""]"
none_subset,1,137693931,117946057,64,145,0,0,0,0,0,0,"[""144646883"", ""143663551"", ""152109736"", ""119491080"", ""211889089"", ""120966979"", ""168668432"", ""181214144"", ""78458855"", ""152305563""]"
none_subset,1,214329317,184721384,4,147,0,0,0,0,0,0,"[""185429569"", ""155908916"", ""145646315"", ""201065368"", ""191690738"", ""150577652"", ""208901976"", ""147828982"", ""143934755"", ""163349092""]"
none_subset,1,222121945,206201645,46,55,0,0,0,0,0,0,"[""154884885"", ""16280277"", ""178808064"", ""175460408"", ""143758782"", ""135883318"", ""155950947"", ""200715240"", ""123314603"", ""183484544""]"
none_subset,1,219276469,121108780,46,31,0,0,0,0,0,1,"[""156626186"", ""136554419"", ""68978046"", ""87079597"", ""195833289"", ""156554598"", ""110268464"", ""116035823"", ""188805088"", ""29968635""]"
none_subset,1,174730471,137617785,62,61,0,0,0,0,0,0,"[""150945055"", ""12231700"", ""171171258"", ""176333450"", ""186145130"", ""124191751"", ""109740115"", ""113590470"", ""193863080"", ""91322924""]"
none_subset,1,223350607,189844318,4,3,0,1,1,1,1,1,"[""201481091"", ""209665990"", ""189844318"", ""197294044"", ""209208627"", ""100655375"", ""187502252"", ""52610271"", ""149198464"", ""205405501""]"
none_subset,1,210849177,184994826,4,28,0,0,0,0,1,1,"[""172890535"", ""174692074"", ""159922963"", ""86878993"", ""76515539"", ""176039610"", ""184587206"", ""149599673"", ""196352343"", ""162653386""]"
none_subset,1,198434418,156991106,43,423,0,0,0,0,0,0,"[""185799642"", ""137382410"", ""115899301"", ""115622712"", ""169890454"", ""153840249"", ""159778737"", ""181162961"", ""173813681"", ""113199180""]"
none_subset,1,212436139,192418965,37,59,0,0,0,0,0,0,"[""205437401"", ""169494298"", ""204499099"", ""186269336"", ""164415171"", ""127604369"", ""55796783"", ""114167582"", ""166149565"", ""202390862""]"
none_subset,1,135940202,116675816,38,469,0,0,0,0,0,0,"[""145017930"", ""96696628"", ""124833754"", ""85120764"", ""173253112"", ""113999751"", ""167575814"", ""112540467"", ""192315877"", ""91690080""]"
none_subset,1,225324347,213542128,62,659,0,0,0,0,0,0,"[""62692385"", ""112033521"", ""191802528"", ""63860988"", ""176841734"", ""99298738"", ""125139076"", ""123687816"", ""168403739"", ""181005573""]"
none_subset,1,122897043,99984234,64,588,0,0,0,0,0,0,"[""210273621"", ""59824769"", ""191437806"", ""35312252"", ""49215114"", ""153266976"", ""206372980"", ""85051125"", ""212170326"", ""136714774""]"
none_subset,1,213225848,193487145,62,97,0,0,0,0,0,0,"[""197247155"", ""133228837"", ""192824674"", ""212180917"", ""209144744"", ""212090087"", ""149874064"", ""206664307"", ""110858132"", ""330143""]"
none_subset,1,194731015,132179046,37,1,1,1,1,1,1,1,"[""132179046"", ""142640479"", ""201258368"", ""149181117"", ""136186158"", ""160781671"", ""170334700"", ""205439047"", ""160929058"", ""202157886""]"
none_subset,1,217928932,180001774,62,124,0,0,0,0,0,0,"[""73906788"", ""24433447"", ""56305255"", ""160178858"", ""135157671"", ""149819004"", ""157202501"", ""155441217"", ""135784548"", ""167029837""]"
none_subset,1,190591674,156299022,62,268,0,0,0,0,0,0,"[""144182128"", ""21766299"", ""114374574"", ""144002826"", ""171189946"", ""100036109"", ""208636440"", ""168270119"", ""148732654"", ""156244221""]"
none_subset,1,194020076,154816685,37,1022,0,0,0,0,0,0,"[""156934315"", ""79631849"", ""160229505"", ""125547800"", ""206530848"", ""171006297"", ""78706018"", ""81981879"", ""144072581"", ""132606216""]"
none_subset,1,185433908,157103060,64,32,0,0,0,0,0,1,"[""41031023"", ""95788322"", ""93630964"", ""97353101"", ""151821517"", ""202708178"", ""121664928"", ""182224096"", ""181149251"", ""142231631""]"
none_subset,1,214333334,193747557,4,44,0,0,0,0,0,1,"[""171902128"", ""130284203"", ""153979554"", ""78628063"", ""142456567"", ""83596697"", ""193934711"", ""131110163"", ""206167938"", ""104674345""]"
none_subset,1,220774580,173807681,57,420,0,0,0,0,0,0,"[""125339147"", ""86771304"", ""128512946"", ""194409455"", ""104544791"", ""136289629"", ""206552998"", ""75198033"", ""206553898"", ""110109390""]"
none_subset,1,212592127,192227012,43,432,0,0,0,0,0,0,"[""199212700"", ""178067710"", ""157129302"", ""162972233"", ""198054092"", ""139260993"", ""192825043"", ""165130009"", ""182399428"", ""150459085""]"
none_subset,1,176224761,133870924,62,61,0,0,0,0,0,0,"[""190767280"", ""136870941"", ""188696626"", ""94546694"", ""134822754"", ""194707540"", ""137566298"", ""140685204"", ""79777747"", ""189107795""]"
none_subset,1,60511882,57556019,43,239,0,0,0,0,0,0,"[""205500642"", ""167043645"", ""98137256"", ""79517399"", ""168991783"", ""204664190"", ""98314945"", ""162142216"", ""157711341"", ""114124021""]"
none_subset,1,176736999,148395645,57,203,0,0,0,0,0,0,"[""121588049"", ""132146813"", ""207811664"", ""181594395"", ""157221850"", ""119144884"", ""186634062"", ""159050136"", ""174633415"", ""142260329""]"
none_subset,1,218343977,206869723,38,392,0,0,0,0,0,0,"[""34147341"", ""153128858"", ""149849811"", ""62361505"", ""213984936"", ""52441610"", ""8550716"", ""205623617"", ""161792498"", ""73438643""]"
none_subset,1,196559457,168093078,46,69,0,0,0,0,0,0,"[""25531112"", ""211987120"", ""1120036"", ""212013801"", ""135652658"", ""106919910"", ""21270188"", ""132957622"", ""115429456"", ""178643270""]"
none_subset,1,218455353,203551786,57,149,0,0,0,0,0,0,"[""186378387"", ""211933610"", ""209726587"", ""197209314"", ""199424998"", ""209125579"", ""201084593"", ""178369063"", ""213286264"", ""201175338""]"
none_subset,1,165941570,140069180,62,1021,0,0,0,0,0,0,"[""120273284"", ""123474235"", ""180629226"", ""109875596"", ""201404572"", ""199527738"", ""171004895"", ""76790091"", ""188216765"", ""164314400""]"
none_subset,1,177072822,143701254,57,48,0,0,0,0,0,1,"[""49660194"", ""85942447"", ""139191535"", ""107527374"", ""119749183"", ""183993242"", ""110306995"", ""46330390"", ""122408162"", ""169225136""]"
none_subset,1,209291892,186707401,4,148,0,0,0,0,0,0,"[""126042350"", ""138898252"", ""215305148"", ""214491007"", ""151978785"", ""169556971"", ""133632260"", ""161281171"", ""206386977"", ""67745233""]"
none_subset,1,223884612,208874258,46,444,0,0,0,0,0,0,"[""201436985"", ""208719036"", ""171636556"", ""210667015"", ""207323221"", ""210366645"", ""194733454"", ""212905783"", ""172966334"", ""172989891""]"
none_subset,1,94835568,89522692,57,1417,0,0,0,0,0,0,"[""85942447"", ""206553944"", ""58773802"", ""184690297"", ""182587351"", ""98039533"", ""206552998"", ""186103660"", ""107389503"", ""31932356""]"
none_subset,1,192891376,165467719,4,209,0,0,0,0,0,0,"[""191586658"", ""210469105"", ""211541518"", ""202029081"", ""168697069"", ""175640583"", ""203618170"", ""206408008"", ""205446753"", ""47487946""]"
none_subset,1,217721954,201858021,43,118,0,0,0,0,0,0,"[""124274684"", ""197876233"", ""124731600"", ""88408415"", ""156395019"", ""192578315"", ""201202736"", ""202139400"", ""162384225"", ""210273616""]"
none_subset,1,221359312,208935536,37,1050,0,0,0,0,0,0,"[""212752270"", ""209132129"", ""200918008"", ""183268600"", ""173939677"", ""174850296"", ""70970519"", ""165980002"", ""103619342"", ""127482058""]"
none_subset,1,215331446,149874064,62,32,0,0,0,0,0,1,"[""204577887"", ""211070786"", ""196478095"", ""121524691"", ""193453139"", ""172997177"", ""191211417"", ""206841068"", ""184849912"", ""194473155""]"
none_subset,1,139464065,119695215,46,3,0,1,1,1,1,1,"[""154698834"", ""64234906"", ""119695215"", ""105148782"", ""48678802"", ""68978046"", ""136554419"", ""140110070"", ""212767225"", ""110268464""]"
none_subset,1,224134704,141588596,64,337,0,0,0,0,0,0,"[""213253358"", ""162587856"", ""205920501"", ""155708697"", ""206056992"", ""205058205"", ""213564938"", ""213086582"", ""78407435"", ""173980655""]"
none_subset,1,77515366,62510663,38,404,0,0,0,0,0,0,"[""206067851"", ""195545729"", ""194792335"", ""136445502"", ""192992682"", ""193857539"", ""192191594"", ""90770777"", ""211427284"", ""135581400""]"
none_subset,1,210242510,187758639,57,563,0,0,0,0,0,0,"[""187760067"", ""203550692"", ""166538115"", ""213974972"", ""179079527"", ""188457754"", ""187720102"", ""212470393"", ""209726587"", ""212895565""]"
none_subset,1,52520947,48837235,43,1264,0,0,0,0,0,0,"[""113849955"", ""80682255"", ""181167814"", ""76970617"", ""127635452"", ""38841821"", ""99275271"", ""130448492"", ""99992649"", ""59547777""]"
none_subset,1,151596094,130169954,64,1699,0,0,0,0,0,0,"[""120966979"", ""125019219"", ""74162951"", ""116088383"", ""153356810"", ""148414231"", ""124508209"", ""115988300"", ""201421429"", ""187986270""]"
none_subset,1,193213668,158425166,43,39,0,0,0,0,0,1,"[""125480188"", ""142451013"", ""27430167"", ""130964474"", ""61596907"", ""125529016"", ""89680114"", ""148267226"", ""104957798"", ""90011446""]"
none_subset,1,112643081,88781085,4,35,0,0,0,0,0,1,"[""142456567"", ""171902128"", ""191889856"", ""142657666"", ""104674345"", ""202360528"", ""187499375"", ""161593927"", ""194290947"", ""36482821""]"
none_subset,1,225317013,211226206,38,41,0,0,0,0,0,1,"[""119050794"", ""167877470"", ""187724785"", ""186580987"", ""148708621"", ""208718442"", ""63839835"", ""214151471"", ""167340132"", ""98526198""]"
none_subset,1,30572447,32643267,4,98,0,0,0,0,0,0,"[""203890372"", ""184954811"", ""141606114"", ""186934020"", ""143548483"", ""117771611"", ""116662369"", ""214521847"", ""204266848"", ""179084035""]"
none_subset,1,66195263,65467624,62,454,0,0,0,0,0,0,"[""82382971"", ""146789147"", ""18880304"", ""73563944"", ""209579537"", ""179155211"", ""193542340"", ""193267252"", ""183524955"", ""204830740""]"
none_subset,1,84991560,83781980,64,9,0,0,0,1,1,1,"[""128304968"", ""133870534"", ""134091385"", ""201270567"", ""152189504"", ""82846737"", ""157349618"", ""91451711"", ""83781980"", ""202169422""]"
none_subset,1,46524558,48022144,46,1385,0,0,0,0,0,0,"[""192859823"", ""15325925"", ""97623791"", ""116576279"", ""84422038"", ""143245319"", ""169711662"", ""137783132"", ""96829389"", ""167265746""]"
none_subset,1,183342833,152655552,64,206,0,0,0,0,0,0,"[""121664928"", ""64566466"", ""161581546"", ""168501948"", ""72527056"", ""121756376"", ""181149251"", ""106247745"", ""185606335"", ""85660594""]"
none_subset,1,181269384,115216411,37,1282,0,0,0,0,0,0,"[""150887352"", ""172603509"", ""41705192"", ""152140191"", ""136371572"", ""192387012"", ""152508279"", ""182254392"", ""93714502"", ""192597928""]"
none_subset,1,91056482,73092635,64,363,0,0,0,0,0,0,"[""114607994"", ""95987224"", ""138803213"", ""125561073"", ""105069076"", ""188860841"", ""162661871"", ""136435762"", ""195516069"", ""174095805""]"
none_subset,1,220391193,205792958,57,15,0,0,0,0,1,1,"[""130568371"", ""188906002"", ""111557041"", ""195732864"", ""215562071"", ""209393238"", ""172288940"", ""188363722"", ""209269586"", ""207501600""]"
none_subset,1,181647504,153601190,37,1092,0,0,0,0,0,0,"[""195296935"", ""191911000"", ""209161669"", ""187719393"", ""207544886"", ""211094404"", ""206636427"", ""199340755"", ""183697536"", ""188994423""]"
none_subset,1,179942590,150466997,37,114,0,0,0,0,0,0,"[""193943543"", ""66740441"", ""155681803"", ""192585090"", ""147698835"", ""152762226"", ""71630624"", ""201869799"", ""105298093"", ""184518066""]"
none_subset,1,210824348,169684033,46,117,0,0,0,0,0,0,"[""186116554"", ""164400164"", ""191705183"", ""152102459"", ""142789905"", ""194301324"", ""78004872"", ""171974189"", ""172374310"", ""162330233""]"
none_subset,1,217340355,185411714,37,131,0,0,0,0,0,0,"[""212752270"", ""127482058"", ""188646002"", ""153551614"", ""196154924"", ""124237457"", ""191986428"", ""210587193"", ""206813158"", ""186464825""]"
none_subset,1,204515041,180375963,46,593,0,0,0,0,0,0,"[""142607225"", ""126538280"", ""109790613"", ""86906554"", ""123813852"", ""160673739"", ""57514618"", ""170959816"", ""172275299"", ""35845876""]"
none_subset,1,225217742,214911402,38,101,0,0,0,0,0,0,"[""205018667"", ""206039176"", ""135792591"", ""170938980"", ""49778371"", ""207283376"", ""132694650"", ""204375245"", ""173785088"", ""204880845""]"
none_subset,1,175108320,145872351,57,256,0,0,0,0,0,0,"[""178650612"", ""171245380"", ""114134647"", ""12228591"", ""211835809"", ""89118059"", ""158659146"", ""211090698"", ""173028003"", ""75778769""]"
none_subset,1,75999056,78200756,37,76,0,0,0,0,0,0,"[""45171964"", ""21114364"", ""70624061"", ""14688074"", ""29496516"", ""151199532"", ""204633870"", ""66740441"", ""115215869"", ""105224939""]"
none_subset,1,20364924,18292202,43,17,0,0,0,0,1,1,"[""194521804"", ""49833634"", ""171833857"", ""91252683"", ""129949845"", ""163223965"", ""192287850"", ""29596208"", ""130448492"", ""176670642""]"
none_subset,1,178083941,115348570,4,863,0,0,0,0,0,0,"[""211850911"", ""142536914"", ""195621034"", ""160732680"", ""196729567"", ""179735008"", ""199422479"", ""196324749"", ""203829299"", ""193807530""]"
none_subset,1,186627163,155334274,37,66,0,0,0,0,0,0,"[""66740441"", ""120893128"", ""138020902"", ""70624061"", ""173034966"", ""161632409"", ""191060958"", ""149498553"", ""180932797"", ""123258872""]"
none_subset,1,223640840,70510072,43,21,0,0,0,0,1,1,"[""98800023"", ""88376416"", ""79844098"", ""156395019"", ""130556843"", ""192564854"", ""39026970"", ""205517780"", ""210273616"", ""100262049""]"
none_subset,1,224590952,214485432,4,194,0,0,0,0,0,0,"[""185556523"", ""207421525"", ""168697069"", ""191564735"", ""192906971"", ""200613653"", ""170344780"", ""190868929"", ""139836412"", ""206407599""]"
none_subset,1,185538692,155799399,64,414,0,0,0,0,0,0,"[""41031023"", ""182224096"", ""43675047"", ""132289907"", ""169239802"", ""167172273"", ""213581190"", ""149443907"", ""114975070"", ""92309560""]"
none_subset,1,214686293,194616691,64,1022,0,0,0,0,0,0,"[""199922992"", ""209149604"", ""88248087"", ""141938100"", ""193467710"", ""3696524"", ""210250508"", ""215003074"", ""145970325"", ""203859994""]"
none_subset,1,210390509,188665796,4,743,0,0,0,0,0,0,"[""211385428"", ""195510728"", ""185880119"", ""179962753"", ""196161368"", ""177056777"", ""213053357"", ""201432635"", ""188605425"", ""183730691""]"
none_subset,1,221217825,206707770,62,874,0,0,0,0,0,0,"[""129328061"", ""165955561"", ""141274480"", ""73906788"", ""63874499"", ""160036757"", ""187006840"", ""152444456"", ""162715321"", ""185851832""]"
none_subset,1,182550457,152717874,38,322,0,0,0,0,0,0,"[""204637998"", ""147686192"", ""156911169"", ""179341410"", ""161002473"", ""103005464"", ""188709100"", ""145697018"", ""81626812"", ""88878302""]"
none_subset,1,206226210,145800774,4,38,0,0,0,0,0,1,"[""180063242"", ""118938903"", ""131549903"", ""126604867"", ""113622434"", ""87832508"", ""98834359"", ""100007550"", ""200206633"", ""183642706""]"
none_subset,1,216846155,200497747,57,2279,0,0,0,0,0,0,"[""113082402"", ""133687274"", ""213367417"", ""122161590"", ""211888991"", ""203324938"", ""206853593"", ""202650435"", ""191642082"", ""207262363""]"
none_subset,1,172014008,129527350,4,192,0,0,0,0,0,0,"[""187964382"", ""200796353"", ""134721823"", ""211774897"", ""171792193"", ""99699218"", ""150252011"", ""141167432"", ""29952166"", ""167351572""]"
none_subset,1,208296179,184997997,37,75,0,0,0,0,0,0,"[""169198169"", ""123971162"", ""196862128"", ""194389481"", ""188994423"", ""191911000"", ""195583647"", ""204832839"", ""188537503"", ""175852737""]"
none_subset,1,217618238,188912090,37,51,0,0,0,0,0,0,"[""210502009"", ""173640245"", ""194408004"", ""186828113"", ""75362158"", ""192456013"", ""187324915"", ""213416559"", ""183094359"", ""208141913""]"
none_subset,1,208456944,181755826,37,322,0,0,0,0,0,0,"[""191911000"", ""188994423"", ""194884803"", ""142665464"", ""169198169"", ""133351365"", ""215484131"", ""157945105"", ""174101148"", ""215022412""]"
none_subset,1,223016533,211895860,46,642,0,0,0,0,0,0,"[""160255339"", ""212685047"", ""172935649"", ""207214319"", ""167548901"", ""205368126"", ""175485760"", ""194733454"", ""213381319"", ""183034895""]"
none_subset,1,217669873,199520065,43,256,0,0,0,0,0,0,"[""202227389"", ""210037205"", ""195756368"", ""198054092"", ""184091403"", ""212129667"", ""201671217"", ""198320674"", ""203849841"", ""190677683""]"
none_subset,1,217086778,195170795,43,219,0,0,0,0,0,0,"[""196286515"", ""182445092"", ""202632009"", ""174444626"", ""201905433"", ""183766098"", ""195756368"", ""214348389"", ""184056715"", ""210446456""]"
none_subset,1,73879959,76963567,37,908,0,0,0,0,0,0,"[""33066220"", ""51749408"", ""23924949"", ""16898206"", ""188918346"", ""139391729"", ""164141851"", ""167262748"", ""163365579"", ""203800537""]"
none_subset,1,176005672,141663938,46,1967,0,0,0,0,0,0,"[""206995470"", ""160547931"", ""150226253"", ""149593908"", ""123063424"", ""160302868"", ""109762523"", ""130827615"", ""143853422"", ""203121561""]"
none_subset,1,218843910,204190038,43,51,0,0,0,0,0,0,"[""175374033"", ""194022987"", ""211582481"", ""201213450"", ""191629352"", ""197694895"", ""156536547"", ""136773099"", ""205976311"", ""187215484""]"
none_subset,1,171956234,145031350,57,6,0,0,0,1,1,1,"[""122751221"", ""206210266"", ""57499088"", ""141728487"", ""193211760"", ""145031350"", ""115422067"", ""82247874"", ""208750964"", ""98712789""]"
none_subset,1,220869576,207833813,4,526,0,0,0,0,0,0,"[""155908916"", ""208901976"", ""172884595"", ""178871266"", ""119997383"", ""201065368"", ""202571906"", ""199183086"", ""171159402"", ""145646315""]"
none_subset,1,211982172,139357935,38,512,0,0,0,0,0,0,"[""206905310"", ""128168264"", ""198969641"", ""115023866"", ""72092510"", ""98969149"", ""187311399"", ""117957932"", ""206507354"", ""132567182""]"
none_subset,1,225233010,214802477,4,119,0,0,0,0,0,0,"[""210550451"", ""206636227"", ""208780104"", ""210484477"", ""194160187"", ""183690665"", ""207726716"", ""201211887"", ""211858811"", ""188605425""]"
none_subset,1,179073322,149484929,64,39,0,0,0,0,0,1,"[""148414231"", ""80281524"", ""103416735"", ""58475692"", ""186850320"", ""80745282"", ""156692119"", ""164025251"", ""177028452"", ""118138755""]"
none_subset,1,171887554,143825464,37,291,0,0,0,0,0,0,"[""185112282"", ""170049514"", ""212047029"", ""210646051"", ""162977839"", ""117786165"", ""177381199"", ""155926657"", ""184920959"", ""188679659""]"
none_subset,1,218059850,202134853,4,28,0,0,0,0,1,1,"[""195475614"", ""214740980"", ""191437384"", ""195426431"", ""210014361"", ""195618186"", ""192874247"", ""21760251"", ""203466268"", ""213276860""]"
none_subset,1,158743654,131992278,4,228,0,0,0,0,0,0,"[""104121894"", ""211027940"", ""149665952"", ""206639262"", ""129525709"", ""68173330"", ""99427859"", ""210573149"", ""170613385"", ""57016975""]"
none_subset,1,154974237,76747946,64,123,0,0,0,0,0,0,"[""95788322"", ""91451711"", ""83781980"", ""149734769"", ""126785773"", ""109320323"", ""158680148"", ""151937589"", ""156694576"", ""124531646""]"
none_subset,1,120798918,108207501,43,17,0,0,0,0,1,1,"[""183279101"", ""99565563"", ""121314084"", ""138011937"", ""75771817"", ""124759667"", ""162770121"", ""127571978"", ""159116232"", ""189847532""]"
none_subset,1,218711794,179610678,46,12,0,0,0,0,1,1,"[""193567072"", ""196161712"", ""171227152"", ""205168224"", ""143182122"", ""179533802"", ""191191910"", ""211854530"", ""28587929"", ""74840350""]"
none_subset,1,209771338,126298952,64,1021,0,0,0,0,0,0,"[""131569653"", ""203992364"", ""134302572"", ""83781980"", ""120036834"", ""21707133"", ""173980655"", ""197129848"", ""154046140"", ""174340250""]"
none_subset,1,216811142,187560968,57,1892,0,0,0,0,0,0,"[""172994991"", ""213478012"", ""214160653"", ""204720478"", ""210136489"", ""175665700"", ""113082402"", ""212640580"", ""184472730"", ""193699814""]"
none_subset,1,206217300,181915374,4,54,0,0,0,0,0,0,"[""164130570"", ""166156715"", ""165023261"", ""169909169"", ""31486566"", ""79486528"", ""193007590"", ""177531279"", ""206800954"", ""149472153""]"
none_subset,1,44794439,50008637,46,530,0,0,0,0,0,0,"[""136576031"", ""33873883"", ""31430609"", ""32062492"", ""196814702"", ""188997673"", ""103102034"", ""158102584"", ""194793794"", ""138311176""]"
none_subset,1,183039122,153035417,64,754,0,0,0,0,0,0,"[""203544848"", ""124508209"", ""182224096"", ""120966979"", ""110759984"", ""136116320"", ""71321175"", ""145779626"", ""211228726"", ""202708847""]"
none_subset,1,217961343,201925196,46,127,0,0,0,0,0,0,"[""179633525"", ""204759997"", ""207134724"", ""64629457"", ""197088021"", ""204065707"", ""203915067"", ""93122967"", ""207061761"", ""210738657""]"
none_subset,1,211893524,190866330,37,984,0,0,0,0,0,0,"[""175085613"", ""188240250"", ""162492521"", ""142799340"", ""210936933"", ""169674639"", ""127087324"", ""149676779"", ""170597831"", ""137592134""]"
none_subset,1,220165510,204544735,46,1143,0,0,0,0,0,0,"[""207645526"", ""16339902"", ""202880769"", ""194854155"", ""202833251"", ""209120038"", ""45817478"", ""110900877"", ""192342929"", ""74403232""]"
none_subset,1,220275954,119210439,64,124,0,0,0,0,0,0,"[""182224096"", ""92309560"", ""112311130"", ""151821517"", ""169239802"", ""213581190"", ""41031023"", ""167388732"", ""114975070"", ""203403083""]"
none_subset,1,221930753,128022852,38,5,0,0,1,1,1,1,"[""187955925"", ""162918532"", ""205467679"", ""102891416"", ""128022852"", ""102495634"", ""129522352"", ""180221467"", ""138408570"", ""117565422""]"
none_subset,1,186748969,155250171,4,525,0,0,0,0,0,0,"[""3191876"", ""164940716"", ""172890535"", ""177531279"", ""173055109"", ""159922963"", ""113779353"", ""129435163"", ""176039610"", ""86878993""]"
none_subset,1,190801262,84270721,38,404,0,0,0,0,0,0,"[""168951987"", ""143671381"", ""131957038"", ""100394086"", ""102711373"", ""174852342"", ""102161764"", ""79792389"", ""169977461"", ""192383017""]"
none_subset,1,45045424,37161164,64,983,0,0,0,0,0,0,"[""104389677"", ""85051125"", ""195516069"", ""208220087"", ""210273621"", ""147497927"", ""197648445"", ""135683575"", ""119651772"", ""148497898""]"
none_subset,1,224591507,214516118,57,710,0,0,0,0,0,0,"[""197765268"", ""195892056"", ""201469289"", ""111557041"", ""138538000"", ""130568371"", ""208851044"", ""206210460"", ""201990472"", ""205492676""]"
none_subset,1,198848081,99645029,62,518,0,0,0,0,0,0,"[""117835777"", ""127488091"", ""157472228"", ""32200239"", ""137566298"", ""104128337"", ""148871348"", ""189107795"", ""150070859"", ""167352840""]"
none_subset,1,208482752,185153627,64,27,0,0,0,0,1,1,"[""143226636"", ""85531879"", ""184683737"", ""72224328"", ""191000780"", ""201250366"", ""193734151"", ""119456442"", ""167388732"", ""193793367""]"
none_subset,1,158174064,139073104,4,317,0,0,0,0,0,0,"[""143548483"", ""117771611"", ""153991203"", ""174891772"", ""184954811"", ""129568541"", ""123613267"", ""155621693"", ""132723593"", ""189645323""]"
none_subset,1,207873651,212293518,37,386,0,0,0,0,0,0,"[""195462928"", ""168964563"", ""207110453"", ""212035633"", ""159129159"", ""204992307"", ""182586928"", ""155900040"", ""155943767"", ""188452877""]"
none_subset,1,215617466,192772030,62,16,0,0,0,0,1,1,"[""151367273"", ""204555441"", ""211947594"", ""213858912"", ""166659131"", ""213202334"", ""201240617"", ""204577887"", ""201810908"", ""210601450""]"
none_subset,1,222741930,173657990,64,868,0,0,0,0,0,0,"[""182224096"", ""151821517"", ""203403083"", ""126992314"", ""161581546"", ""189929876"", ""200004707"", ""125064673"", ""41031023"", ""95788322""]"
none_subset,1,148097853,124876427,62,341,0,0,0,0,0,0,"[""81077749"", ""211638809"", ""194491562"", ""209844093"", ""134618566"", ""200582902"", ""70189978"", ""14027620"", ""22547515"", ""1975349""]"
none_subset,1,198298738,169253567,64,717,0,0,0,0,0,0,"[""85881610"", ""157210468"", ""135683575"", ""71717443"", ""71813245"", ""104389677"", ""79071973"", ""212293169"", ""68685146"", ""119651772""]"
none_subset,1,190470259,152369852,37,169,0,0,0,0,0,0,"[""195296935"", ""191911000"", ""206636427"", ""154731935"", ""153099679"", ""189652520"", ""133351365"", ""134901665"", ""152170362"", ""121097766""]"
none_subset,1,204257545,168960925,4,2576,0,0,0,0,0,0,"[""214521847"", ""140966958"", ""77437367"", ""192944634"", ""184954811"", ""205356124"", ""159150083"", ""183750892"", ""201061935"", ""150251115""]"
none_subset,1,168232305,143219721,46,177,0,0,0,0,0,0,"[""78390422"", ""168442343"", ""110700672"", ""128970500"", ""99228098"", ""194716332"", ""103017168"", ""108322993"", ""214806915"", ""116576279""]"
none_subset,1,192374914,99824538,38,311,0,0,0,0,0,0,"[""106027581"", ""100928327"", ""177904480"", ""159013209"", ""79223401"", ""165228799"", ""166298317"", ""210930251"", ""132680001"", ""170764066""]"
none_subset,1,174229052,125242387,37,367,0,0,0,0,0,0,"[""180546104"", ""192387012"", ""100843460"", ""121841349"", ""200025016"", ""113340443"", ""132747199"", ""17206468"", ""190075252"", ""89630035""]"
none_subset,1,139698211,119953689,43,37,0,0,0,0,0,1,"[""181162961"", ""123492526"", ""112929002"", ""182659497"", ""185799642"", ""203234697"", ""183856655"", ""164354706"", ""115572095"", ""115123632""]"
none_subset,1,113476119,101710549,37,115,0,0,0,0,0,0,"[""143065905"", ""140618489"", ""165689309"", ""142508806"", ""208900697"", ""175772166"", ""126447640"", ""160293528"", ""164454930"", ""203829614""]"
none_subset,1,150517658,104621823,57,256,0,0,0,0,0,0,"[""53934345"", ""110563932"", ""87360821"", ""82520729"", ""205642823"", ""33719673"", ""171524744"", ""153152780"", ""135805652"", ""186151702""]"
none_subset,1,184787612,156401201,4,80,0,0,0,0,0,0,"[""207935824"", ""144811459"", ""180266107"", ""86878993"", ""177486457"", ""146627689"", ""140770457"", ""188123591"", ""105605834"", ""146345148""]"
none_subset,1,192758748,129435163,4,175,0,0,0,0,0,0,"[""142553971"", ""119644839"", ""98055438"", ""204202021"", ""131896906"", ""150679730"", ""166106900"", ""213275113"", ""23408401"", ""76515539""]"
none_subset,1,77980090,79930613,62,1621,0,0,0,0,0,0,"[""70799922"", ""156677885"", ""150967979"", ""179877011"", ""176849960"", ""159171932"", ""150061205"", ""194855016"", ""171646482"", ""194354704""]"
none_subset,1,224368165,200983413,62,434,0,0,0,0,0,0,"[""163318709"", ""173885386"", ""163318703"", ""111966078"", ""195545920"", ""209588722"", ""123217124"", ""203645491"", ""169697108"", ""211547329""]"
none_subset,1,193642629,148004279,37,328,0,0,0,0,0,0,"[""128177539"", ""204074550"", ""157798849"", ""186593902"", ""110465452"", ""157389591"", ""150438835"", ""204531217"", ""142397694"", ""178992260""]"
none_subset,1,209818213,181059548,64,300,0,0,0,0,0,0,"[""188981957"", ""126182257"", ""206798127"", ""182224096"", ""193734151"", ""188559333"", ""188806182"", ""136408463"", ""193105386"", ""43675047""]"
none_subset,1,222281877,210666920,64,7,0,0,0,1,1,1,"[""192179303"", ""198198799"", ""210649942"", ""183515676"", ""147671714"", ""186937016"", ""210666920"", ""163787427"", ""185087026"", ""135778083""]"
none_subset,1,152546236,130642042,62,3,0,1,1,1,1,1,"[""194843976"", ""176645947"", ""130642042"", ""113199085"", ""172695759"", ""91550082"", ""165119271"", ""46446514"", ""198498662"", ""105871225""]"
none_subset,1,225336523,213295278,38,401,0,0,0,0,0,0,"[""129362879"", ""165753540"", ""110664117"", ""139239644"", ""67127804"", ""193797330"", ""159864740"", ""196947068"", ""158600836"", ""28399802""]"
none_subset,1,117415907,106212567,43,119,0,0,0,0,0,0,"[""182217673"", ""125529016"", ""158885545"", ""162142216"", ""114124021"", ""74845533"", ""156158793"", ""91544773"", ""102607958"", ""160542632""]"
none_subset,1,218502916,202570543,4,7,0,0,0,1,1,1,"[""144889470"", ""204466040"", ""181570938"", ""57016975"", ""112726802"", ""173611156"", ""202570543"", ""194689928"", ""200243377"", ""206281257""]"
none_subset,1,161939843,131664368,57,2443,0,0,0,0,0,0,"[""211144254"", ""210450439"", ""206792330"", ""208224412"", ""209364645"", ""107833046"", ""211668933"", ""179083943"", ""187076934"", ""200848821""]"
none_subset,1,12125768,10199751,38,751,0,0,0,0,0,0,"[""148708621"", ""35257703"", ""11921513"", ""111184822"", ""63839835"", ""174576143"", ""19105395"", ""188615178"", ""28421314"", ""113456040""]"
none_subset,1,192950031,18519591,4,2080,0,0,0,0,0,0,"[""115442302"", ""152566280"", ""52380679"", ""43073275"", ""180567795"", ""128961329"", ""128194085"", ""89332658"", ""63030233"", ""185262753""]"
none_subset,1,188057870,153434097,57,804,0,0,0,0,0,0,"[""201949837"", ""125339147"", ""194409455"", ""136289629"", ""110109390"", ""153435765"", ""60097525"", ""141989435"", ""136962225"", ""122156014""]"
none_subset,1,216778927,200441050,37,105,0,0,0,0,0,0,"[""187324915"", ""195583647"", ""191911000"", ""111176260"", ""205911104"", ""196367171"", ""179751402"", ""204860223"", ""194831266"", ""189652520""]"
none_subset,1,209487514,123925115,43,73,0,0,0,0,0,0,"[""210273616"", ""207051663"", ""85646132"", ""156395019"", ""190452324"", ""132315079"", ""157682449"", ""149017403"", ""162384225"", ""97820261""]"
none_subset,1,143189949,123314603,46,587,0,0,0,0,0,0,"[""85083810"", ""205132358"", ""114442083"", ""118565908"", ""99908438"", ""104638861"", ""145266309"", ""65660831"", ""140978820"", ""134902485""]"
none_subset,1,30542785,32645292,64,795,0,0,0,0,0,0,"[""58475692"", ""60124479"", ""94673226"", ""104389677"", ""31683521"", ""71813245"", ""27162317"", ""210873715"", ""49215114"", ""177028452""]"
none_subset,1,125925327,110540565,4,40,0,0,0,0,0,1,"[""198430694"", ""207122616"", ""133033147"", ""78836369"", ""200384605"", ""115146729"", ""13566772"", ""25537887"", ""114908572"", ""214992562""]"
none_subset,1,221161508,205365317,4,2,0,1,1,1,1,1,"[""187502252"", ""205365317"", ""206172053"", ""13245417"", ""207568797"", ""190530648"", ""207243454"", ""122581991"", ""207680766"", ""105544053""]"
none_subset,1,195093679,167093379,64,1687,0,0,0,0,0,0,"[""192928912"", ""196205243"", ""115988300"", ""151134804"", ""135983837"", ""81054083"", ""206170279"", ""181448520"", ""150987586"", ""146384660""]"
none_subset,1,185207452,150088912,43,174,0,0,0,0,0,0,"[""57750732"", ""100333045"", ""113199180"", ""126702260"", ""74505132"", ""154110926"", ""106164509"", ""137771001"", ""162644598"", ""154676816""]"
none_subset,1,204829216,204576287,57,275,0,0,0,0,0,0,"[""209414993"", ""206515366"", ""201845455"", ""205492676"", ""191893325"", ""135212557"", ""205695720"", ""204380712"", ""201469289"", ""107669124""]"
none_subset,1,217161478,168008625,38,9,0,0,0,1,1,1,"[""165798838"", ""160066387"", ""169647353"", ""11921513"", ""122763359"", ""102259203"", ""211427284"", ""5564013"", ""168008625"", ""211398537""]"
none_subset,1,18109352,11662511,57,256,0,0,0,0,0,0,"[""151775492"", ""152590581"", ""119749183"", ""208138641"", ""82186270"", ""65120912"", ""46330390"", ""103801352"", ""211148392"", ""124415280""]"
none_subset,1,181734587,144976728,37,243,0,0,0,0,0,0,"[""212776036"", ""101532006"", ""140164328"", ""17206468"", ""182254392"", ""174852305"", ""190113798"", ""178462679"", ""208464643"", ""170350787""]"
none_subset,1,182489679,136685850,38,109,0,0,0,0,0,0,"[""152236293"", ""189045957"", ""116918686"", ""102891416"", ""85388350"", ""136439949"", ""96718826"", ""114131241"", ""152720847"", ""17181391""]"
none_subset,1,137577332,117410846,37,129,0,0,0,0,0,0,"[""145502443"", ""136371572"", ""56675511"", ""124537731"", ""200025016"", ""100843460"", ""195375302"", ""63048481"", ""152508279"", ""125877587""]"
none_subset,1,189957316,160247543,64,1101,0,0,0,0,0,0,"[""192392140"", ""192962906"", ""187887134"", ""151134804"", ""25588585"", ""126387688"", ""211987676"", ""191281696"", ""76745080"", ""161400461""]"
none_subset,1,117920506,105652021,57,103,0,0,0,0,0,0,"[""85942447"", ""182587351"", ""180417908"", ""107389503"", ""211640040"", ""206553944"", ""186103660"", ""122408162"", ""99228573"", ""163344549""]"
none_subset,1,210306785,188579852,43,4,0,0,1,1,1,1,"[""71803254"", ""182870508"", ""211526829"", ""188579852"", ""67063550"", ""66867545"", ""151392250"", ""189262880"", ""194952332"", ""163900593""]"
none_subset,1,49475784,49499187,4,218,0,0,0,0,0,0,"[""181953251"", ""202360528"", ""155481732"", ""149095048"", ""163708754"", ""150814338"", ""98076075"", ""188802396"", ""137677513"", ""193831253""]"
none_subset,1,221681530,209156407,43,2242,0,0,0,0,0,0,"[""193482080"", ""78183771"", ""199920218"", ""100947091"", ""207323334"", ""149989408"", ""130496317"", ""207753535"", ""79155317"", ""35671043""]"
none_subset,1,196575776,154163322,46,36,0,0,0,0,0,1,"[""79523323"", ""185043110"", ""140827649"", ""127619503"", ""154698834"", ""183767116"", ""100503293"", ""194862890"", ""124997135"", ""181905212""]"
none_subset,1,125407007,103135887,4,87,0,0,0,0,0,0,"[""205365317"", ""195539587"", ""187502252"", ""207243454"", ""206172053"", ""199019716"", ""207098872"", ""190530648"", ""191246700"", ""13245417""]"
none_subset,1,184242165,146542941,43,804,0,0,0,0,0,0,"[""199487526"", ""124274684"", ""112544549"", ""124731600"", ""188369365"", ""183279101"", ""185344932"", ""179261540"", ""109514562"", ""160966785""]"
none_subset,1,171742724,129452500,37,66,0,0,0,0,0,0,"[""138066138"", ""156884960"", ""105737584"", ""184071121"", ""131909304"", ""159856420"", ""153205116"", ""212776036"", ""196133478"", ""208464643""]"
none_subset,1,96219091,89954196,64,619,0,0,0,0,0,0,"[""132746503"", ""46094230"", ""193870914"", ""74162951"", ""125019219"", ""198417754"", ""193983183"", ""189971087"", ""75760627"", ""211889089""]"
none_subset,1,207037382,182362708,4,111,0,0,0,0,0,0,"[""194446742"", ""177466971"", ""204147907"", ""158857170"", ""156469871"", ""183018658"", ""44858664"", ""52058795"", ""77968334"", ""194377968""]"
none_subset,1,108642962,76074145,37,63,0,0,0,0,0,0,"[""183673647"", ""139290462"", ""37024390"", ""203489688"", ""101351593"", ""23924949"", ""161091370"", ""65584321"", ""96028215"", ""79730026""]"
none_subset,1,207959048,184472730,57,470,0,0,0,0,0,0,"[""87345780"", ""154947064"", ""110730358"", ""106094533"", ""213406997"", ""118413154"", ""156354080"", ""111600891"", ""205321546"", ""199531272""]"
none_subset,1,26729282,25189123,37,10,0,0,0,1,1,1,"[""113068731"", ""156884960"", ""102282269"", ""136895908"", ""176300467"", ""174690214"", ""146734205"", ""157158070"", ""101532006"", ""25189123""]"
none_subset,1,58173335,42842956,37,47,0,0,0,0,0,1,"[""113199607"", ""152762226"", ""152140191"", ""183023489"", ""161632409"", ""101318206"", ""66740441"", ""188742562"", ""140695602"", ""192597928""]"
none_subset,1,224417071,181242432,38,358,0,0,0,0,0,0,"[""165832126"", ""168804724"", ""98186259"", ""206918840"", ""182884937"", ""157035510"", ""188326498"", ""156160419"", ""164618247"", ""130875451""]"
none_subset,1,151725079,128872941,43,98,0,0,0,0,0,0,"[""100333045"", ""161117276"", ""119675310"", ""120597166"", ""202343187"", ""60674498"", ""152103320"", ""126702260"", ""180794567"", ""35305004""]"
none_subset,1,207326571,183542149,4,63,0,0,0,0,0,0,"[""192413607"", ""188077197"", ""200860968"", ""146764647"", ""153979554"", ""171567687"", ""72373127"", ""192877167"", ""91489517"", ""198685085""]"
none_subset,1,211025496,18107447,38,36,0,0,0,0,0,1,"[""98477697"", ""196947068"", ""166558139"", ""20918033"", ""157993089"", ""212961430"", ""68256896"", ""211247046"", ""133939663"", ""74273124""]"
none_subset,1,217030599,82795911,38,985,0,0,0,0,0,0,"[""151407481"", ""63839835"", ""73148680"", ""94494397"", ""100680008"", ""209330718"", ""156317208"", ""155012065"", ""173253112"", ""96696628""]"
none_subset,1,188181546,154236997,43,53,0,0,0,0,0,0,"[""210778994"", ""214258455"", ""102049448"", ""109890234"", ""126187915"", ""210570556"", ""84248620"", ""158541186"", ""91124875"", ""77197586""]"
none_subset,1,73874336,76020654,46,618,0,0,0,0,0,0,"[""129506623"", ""194750109"", ""109762523"", ""159536710"", ""139912235"", ""160523276"", ""129447301"", ""208605842"", ""158038948"", ""76493325""]"
none_subset,1,223336105,201484372,43,374,0,0,0,0,0,0,"[""178092621"", ""29596208"", ""202595245"", ""195326177"", ""49872295"", ""157682449"", ""157700498"", ""70531248"", ""155438071"", ""129949845""]"
none_subset,1,172573588,140685496,57,964,0,0,0,0,0,0,"[""113655478"", ""137629837"", ""200415629"", ""109983619"", ""187256807"", ""130340352"", ""176713188"", ""174908800"", ""170787140"", ""174045320""]"
none_subset,1,207694155,175183352,38,744,0,0,0,0,0,0,"[""153687901"", ""184547134"", ""86748527"", ""182108171"", ""171057004"", ""193591162"", ""169136130"", ""206917015"", ""186355376"", ""214535239""]"
none_subset,1,207447521,183684975,38,1178,0,0,0,0,0,0,"[""202234864"", ""190384477"", ""203507733"", ""88415306"", ""128245742"", ""145513329"", ""168194302"", ""202126935"", ""166226207"", ""206437660""]"
none_subset,1,121281492,101816357,62,538,0,0,0,0,0,0,"[""163921015"", ""79777747"", ""186790061"", ""161006191"", ""84336599"", ""86925187"", ""103593430"", ""63601716"", ""82677281"", ""213056096""]"
none_subset,1,146254725,120966979,64,54,0,0,0,0,0,0,"[""195826161"", ""110653495"", ""211306464"", ""193134463"", ""146365324"", ""124127139"", ""79234720"", ""136714408"", ""198417754"", ""74162951""]"
none_subset,1,224706887,213532039,4,40,0,0,0,0,0,1,"[""199478511"", ""211428834"", ""210974244"", ""165742976"", ""210469105"", ""181068928"", ""175640583"", ""202001381"", ""136187384"", ""210303017""]"
none_subset,1,178855451,137171317,46,250,0,0,0,0,0,0,"[""152531642"", ""176834459"", ""209941947"", ""152763272"", ""158109479"", ""151203538"", ""208605842"", ""114943400"", ""129506623"", ""114654675""]"
none_subset,1,217105883,81054083,64,515,0,0,0,0,0,0,"[""98960696"", ""212305293"", ""173701751"", ""201449249"", ""63993803"", ""188802952"", ""202030172"", ""182570567"", ""193072604"", ""180020484""]"
none_subset,1,176809832,145961457,38,111,0,0,0,0,0,0,"[""203127417"", ""161002473"", ""74328058"", ""207699341"", ""70118559"", ""196068182"", ""150005617"", ""167575814"", ""133301327"", ""204637998""]"
none_subset,1,131680025,116100429,46,161,0,0,0,0,0,0,"[""99908438"", ""145051595"", ""54576315"", ""112985650"", ""213196140"", ""29516698"", ""172509742"", ""210288108"", ""208866550"", ""213237768""]"
none_subset,1,70823902,74505132,43,1013,0,0,0,0,0,0,"[""170523305"", ""4674477"", ""74845533"", ""176953234"", ""118856282"", ""205287113"", ""86885256"", ""128872941"", ""185196782"", ""182217673""]"
none_subset,1,193646776,165824431,37,2,0,1,1,1,1,1,"[""174101143"", ""165824431"", ""190511714"", ""33563950"", ""73910372"", ""201742088"", ""186711825"", ""184297463"", ""107872662"", ""191434197""]"
none_subset,1,198154959,165953966,46,7,0,0,0,1,1,1,"[""59097004"", ""146029150"", ""193559506"", ""134848823"", ""62458353"", ""139649558"", ""165953966"", ""127947793"", ""205030690"", ""205315794""]"
none_subset,1,210635666,160101192,38,1714,0,0,0,0,0,0,"[""18107447"", ""196947068"", ""183569499"", ""159864740"", ""123220669"", ""185682289"", ""176883176"", ""74273124"", ""165955684"", ""150802146""]"
none_subset,1,207875176,183998344,64,8,0,0,0,1,1,1,"[""193656471"", ""187325416"", ""211669271"", ""182450870"", ""210901215"", ""189201230"", ""212907099"", ""183998344"", ""181214144"", ""191930990""]"
none_subset,1,92271469,31486566,4,363,0,0,0,0,0,0,"[""195895955"", ""27693819"", ""22766945"", ""119654700"", ""191498286"", ""213979278"", ""170244713"", ""197294044"", ""65093644"", ""151871639""]"
none_subset,1,69301721,67476398,43,1323,0,0,0,0,0,0,"[""99720576"", ""124512787"", ""86466727"", ""16074591"", ""169890454"", ""193313194"", ""79517399"", ""153591399"", ""144463129"", ""171140458""]"
none_subset,1,181215991,153410659,4,80,0,0,0,0,0,0,"[""202571906"", ""155908916"", ""195744792"", ""185360306"", ""201657691"", ""206994288"", ""183509496"", ""215305148"", ""208901976"", ""145646315""]"
none_subset,1,214070603,194734082,62,820,0,0,0,0,0,0,"[""205145270"", ""144002826"", ""212901239"", ""21766299"", ""136965396"", ""187877499"", ""192772254"", ""168753901"", ""181995504"", ""206927728""]"
none_subset,1,139917419,114685239,43,266,0,0,0,0,0,0,"[""185338196"", ""146026667"", ""201355888"", ""215382114"", ""192944095"", ""88539862"", ""142505497"", ""202655131"", ""155733096"", ""191797683""]"
none_subset,1,189618304,147755307,64,37,0,0,0,0,0,1,"[""164183551"", ""168633758"", ""105928549"", ""112345894"", ""153490486"", ""126110968"", ""152603802"", ""196466213"", ""203638583"", ""110198506""]"
none_subset,1,223485420,203454842,43,392,0,0,0,0,0,0,"[""4674477"", ""95818019"", ""15015983"", ""118856282"", ""153170090"", ""161356517"", ""74830022"", ""94195633"", ""67021588"", ""83385070""]"
none_subset,1,168169889,78642212,37,651,0,0,0,0,0,0,"[""161194648"", ""143161006"", ""160929058"", ""201869799"", ""126447640"", ""100857813"", ""213260603"", ""179547907"", ""103432765"", ""185032741""]"
none_subset,1,162364932,106343634,43,2688,0,0,0,0,0,0,"[""54249020"", ""140852862"", ""4674477"", ""13748467"", ""88264744"", ""39344788"", ""104570734"", ""205287113"", ""174826827"", ""179212406""]"
none_subset,1,218839915,202818209,4,2316,0,0,0,0,0,0,"[""150204940"", ""184628720"", ""144811459"", ""207935824"", ""113779353"", ""105605834"", ""157040034"", ""112972489"", ""165897952"", ""154444351""]"
none_subset,1,135611244,108051613,64,219,0,0,0,0,0,0,"[""215021282"", ""201706439"", ""206213762"", ""182166933"", ""211228466"", ""78417008"", ""208284535"", ""114231099"", ""126904794"", ""161464530""]"
none_subset,1,174172764,143139548,62,2000,0,0,0,0,0,0,"[""97811642"", ""215161236"", ""141589821"", ""95641166"", ""124312276"", ""60093528"", ""179030233"", ""173383036"", ""150945055"", ""209130399""]"
none_subset,1,193288803,165910240,4,1076,0,0,0,0,0,0,"[""194142299"", ""194160187"", ""207097865"", ""206636227"", ""208780104"", ""200026065"", ""179705270"", ""195973920"", ""200589462"", ""161216205""]"
none_subset,1,181708531,150920816,4,6,0,0,0,1,1,1,"[""130299986"", ""192424356"", ""185880119"", ""196267387"", ""155811314"", ""150920816"", ""171447530"", ""191509023"", ""112937104"", ""157367139""]"
none_subset,1,225333666,108214208,46,619,0,0,0,0,0,0,"[""158946684"", ""16339902"", ""209120038"", ""194811856"", ""110900877"", ""142030111"", ""74403232"", ""192342929"", ""201048648"", ""177591787""]"
none_subset,1,207589915,183295863,43,12,0,0,0,0,1,1,"[""213210833"", ""49130482"", ""208265800"", ""207753535"", ""186403472"", ""100947091"", ""190077562"", ""33852949"", ""205605896"", ""144482097""]"
none_subset,1,175289913,145402193,62,277,0,0,0,0,0,0,"[""188189839"", ""210678182"", ""123665712"", ""141918937"", ""123694454"", ""120273284"", ""213337390"", ""106557292"", ""73563944"", ""181091254""]"
none_subset,1,221725055,204086663,4,85,0,0,0,0,0,0,"[""206947052"", ""204310309"", ""213568542"", ""213414254"", ""108843981"", ""210014361"", ""191301984"", ""202190653"", ""183465667"", ""161086623""]"
none_subset,1,140509426,123537400,43,382,0,0,0,0,0,0,"[""171866283"", ""134636146"", ""158859358"", ""59841256"", ""209483560"", ""69088872"", ""134507863"", ""123625697"", ""84316516"", ""129483238""]"
none_subset,1,143006205,121639115,38,2110,0,0,0,0,0,0,"[""198984787"", ""194792335"", ""168804724"", ""164618247"", ""76978137"", ""89552272"", ""98186259"", ""188326498"", ""136445502"", ""146798535""]"
none_subset,1,173539915,106919910,46,8,0,0,0,1,1,1,"[""135652658"", ""76765780"", ""195389065"", ""28355710"", ""214160095"", ""178086628"", ""25531112"", ""106919910"", ""100871728"", ""21270188""]"
none_subset,1,207681795,183858161,4,2297,0,0,0,0,0,0,"[""122758097"", ""50750891"", ""77682387"", ""153876637"", ""207421525"", ""176599974"", ""202039682"", ""154031903"", ""158581056"", ""198070526""]"
none_subset,1,84666016,79487599,38,131,0,0,0,0,0,0,"[""100928327"", ""106027581"", ""79223401"", ""170711878"", ""177904480"", ""58573176"", ""70243236"", ""165228799"", ""121483840"", ""111701844""]"
none_subset,1,218410318,198339576,57,12,0,0,0,0,1,1,"[""168668833"", ""178211667"", ""129142528"", ""87542376"", ""139814299"", ""196545171"", ""189624094"", ""138876045"", ""191314611"", ""192513233""]"
none_subset,1,222881169,211601112,43,564,0,0,0,0,0,0,"[""180987262"", ""54249020"", ""76736407"", ""194855616"", ""189165560"", ""180951430"", ""183703868"", ""166329703"", ""182081124"", ""120188232""]"
none_subset,1,30460453,27886169,57,94,0,0,0,0,0,0,"[""16336447"", ""206493285"", ""152197992"", ""105791090"", ""81384167"", ""125977774"", ""134898435"", ""180417908"", ""68600266"", ""85942447""]"
none_subset,1,209663181,187096708,4,1292,0,0,0,0,0,0,"[""210550451"", ""168908364"", ""192316575"", ""122965096"", ""139660914"", ""191216846"", ""181664054"", ""183689008"", ""193413498"", ""190121568""]"
none_subset,1,174792946,141087005,38,998,0,0,0,0,0,0,"[""177602054"", ""147242050"", ""132744896"", ""189460577"", ""59331317"", ""124411174"", ""181132638"", ""115091528"", ""42207137"", ""104386568""]"
none_subset,1,224895620,212906250,62,1415,0,0,0,0,0,0,"[""30078134"", ""119531432"", ""94546694"", ""209579537"", ""180167452"", ""59483405"", ""199182211"", ""128533237"", ""210430932"", ""131293364""]"
none_subset,1,213176528,193006708,62,42,0,0,0,0,0,1,"[""191211417"", ""196478095"", ""192447937"", ""208719189"", ""211070786"", ""199766725"", ""124000667"", ""121524691"", ""212412503"", ""185606507""]"
none_subset,1,206562248,180936569,4,1494,0,0,0,0,0,0,"[""160129846"", ""193189431"", ""73825216"", ""193729388"", ""191909632"", ""146861531"", ""153844775"", ""117471262"", ""191214295"", ""146030654""]"
none_subset,1,66843934,72626014,4,59,0,0,0,0,0,0,"[""126889201"", ""22766945"", ""77968334"", ""146961197"", ""88119764"", ""213979278"", ""137934343"", ""99472535"", ""201066421"", ""156469871""]"
none_subset,1,60088613,61834333,62,1365,0,0,0,0,0,0,"[""124381580"", ""155721266"", ""44501361"", ""57925919"", ""48622006"", ""52439586"", ""210678182"", ""56305255"", ""203397613"", ""124312276""]"
none_subset,1,124442497,98571285,64,386,0,0,0,0,0,0,"[""159354842"", ""68788331"", ""199685872"", ""70397289"", ""206213762"", ""195252134"", ""150390573"", ""130210660"", ""165423791"", ""152337991""]"
none_subset,1,190839371,155360700,64,92,0,0,0,0,0,0,"[""187033175"", ""93604401"", ""186850320"", ""196347311"", ""90897593"", ""201421429"", ""123523267"", ""63861102"", ""182450870"", ""97428675""]"
none_subset,1,218856479,201961238,46,183,0,0,0,0,0,0,"[""206995470"", ""190912236"", ""127485588"", ""176661515"", ""183484544"", ""78516486"", ""211380085"", ""122704847"", ""78570599"", ""128782682""]"
none_subset,1,222643927,200883540,43,239,0,0,0,0,0,0,"[""192741559"", ""194244577"", ""201230840"", ""177166442"", ""104021362"", ""71806238"", ""169787470"", ""174444626"", ""214348389"", ""191235079""]"
none_subset,1,62668453,43248546,62,64,0,0,0,0,0,0,"[""25260455"", ""190708058"", ""192396971"", ""186943676"", ""74594625"", ""158763261"", ""22073170"", ""188189839"", ""123765542"", ""131405477""]"
none_subset,1,184230274,151064154,64,267,0,0,0,0,0,0,"[""46094230"", ""148414231"", ""80281524"", ""116088383"", ""74162951"", ""147667682"", ""186122058"", ""25588585"", ""156281163"", ""115988300""]"
none_subset,1,170473770,142088856,57,2559,0,0,0,0,0,0,"[""111557041"", ""174340588"", ""213078674"", ""170280653"", ""209172044"", ""206210460"", ""171487163"", ""215562071"", ""197301758"", ""83866330""]"
none_subset,1,203340424,150950507,37,3,0,1,1,1,1,1,"[""51138626"", ""51749408"", ""150950507"", ""81213674"", ""122687023"", ""163365579"", ""201505284"", ""172603509"", ""182489418"", ""121206303""]"
none_subset,1,199389071,163402666,43,907,0,0,0,0,0,0,"[""153013889"", ""119499591"", ""121203676"", ""129447713"", ""189516921"", ""65223002"", ""189841221"", ""144241632"", ""194244577"", ""205822080""]"
none_subset,1,220589904,125083388,57,1089,0,0,0,0,0,0,"[""160823099"", ""110109390"", ""110306995"", ""205451286"", ""112221675"", ""77142525"", ""111979971"", ""177164990"", ""84818159"", ""62330389""]"
none_subset,1,151568193,130806896,37,287,0,0,0,0,0,0,"[""173499684"", ""161417702"", ""182207000"", ""151207249"", ""157270034"", ""207913496"", ""80167867"", ""174772190"", ""200431334"", ""204151797""]"
none_subset,1,136989307,110288630,43,698,0,0,0,0,0,0,"[""144080652"", ""100333045"", ""161117276"", ""126702260"", ""135449802"", ""177290574"", ""176305541"", ""152103320"", ""99992649"", ""165082890""]"
none_subset,1,218056967,199424998,57,91,0,0,0,0,0,0,"[""202655316"", ""209640231"", ""202223376"", ""180448563"", ""193981972"", ""211357002"", ""210440269"", ""195530341"", ""207134458"", ""200193952""]"
none_subset,1,172591982,132868443,64,194,0,0,0,0,0,0,"[""138273912"", ""156951305"", ""182762792"", ""194136017"", ""143686140"", ""173526297"", ""148133803"", ""113850105"", ""145672732"", ""200123633""]"
none_subset,1,201836453,172313882,57,79,0,0,0,0,0,0,"[""59034938"", ""145031350"", ""113047535"", ""187256807"", ""134830147"", ""102144770"", ""200415629"", ""203551296"", ""160729828"", ""118635167""]"
none_subset,1,68003263,73501307,62,393,0,0,0,0,0,0,"[""188189839"", ""156442595"", ""106557292"", ""194707540"", ""113199085"", ""123665712"", ""107955635"", ""198498662"", ""94546694"", ""160693723""]"
none_subset,1,211109558,184383180,43,254,0,0,0,0,0,0,"[""157700498"", ""157682449"", ""98570059"", ""126522242"", ""178871976"", ""113535350"", ""111723538"", ""167483448"", ""65700153"", ""163286400""]"
none_subset,1,212622062,147554849,64,302,0,0,0,0,0,0,"[""156281163"", ""160006498"", ""215021282"", ""188442124"", ""173784548"", ""152337991"", ""203217424"", ""91835393"", ""135996572"", ""128603026""]"
none_subset,1,222260160,180280221,57,123,0,0,0,0,0,0,"[""208427757"", ""212918516"", ""195410736"", ""210193690"", ""147258005"", ""179747268"", ""109045133"", ""128778844"", ""210566036"", ""194275459""]"
none_subset,1,77174414,75061598,62,824,0,0,0,0,0,0,"[""25260455"", ""194491562"", ""22547515"", ""19560737"", ""68305694"", ""186943676"", ""22073170"", ""71186483"", ""60239293"", ""63654449""]"
none_subset,1,168909992,67839146,4,267,0,0,0,0,0,0,"[""169964492"", ""176334578"", ""88532160"", ""55380045"", ""200691824"", ""189945818"", ""176720818"", ""88781085"", ""67564757"", ""90543409""]"
none_subset,1,175122358,143506887,46,314,0,0,0,0,0,0,"[""211987120"", ""204919891"", ""200735701"", ""203644119"", ""204484014"", ""212905783"", ""211812604"", ""204757175"", ""209817753"", ""206477450""]"
none_subset,1,189874544,159723912,38,767,0,0,0,0,0,0,"[""96718826"", ""17181391"", ""143597501"", ""92535321"", ""178111049"", ""188645157"", ""83459172"", ""152236293"", ""156263699"", ""122514493""]"
none_subset,1,171071618,129522432,46,1096,0,0,0,0,0,0,"[""160764333"", ""131931084"", ""140861260"", ""119093613"", ""171801408"", ""204015032"", ""151511658"", ""178317980"", ""19664212"", ""214587983""]"
none_subset,1,191924106,157289534,43,39,0,0,0,0,0,1,"[""127321663"", ""18269900"", ""110104374"", ""44768555"", ""214285576"", ""67606658"", ""129585321"", ""145855101"", ""118436830"", ""206389196""]"
none_subset,1,206362413,172681042,46,919,0,0,0,0,0,0,"[""169485140"", ""211267103"", ""79988383"", ""205769669"", ""210288248"", ""131420957"", ""174530579"", ""120982254"", ""134313611"", ""142362347""]"
none_subset,1,201633160,161849641,43,93,0,0,0,0,0,0,"[""118255723"", ""182612609"", ""53018260"", ""121507083"", ""183295863"", ""49130482"", ""78183771"", ""166708862"", ""207172875"", ""208265800""]"
none_subset,1,95542639,84315130,64,340,0,0,0,0,0,0,"[""203544848"", ""148414231"", ""194116859"", ""157265906"", ""194094670"", ""120966979"", ""147667682"", ""193722885"", ""119000250"", ""156281163""]"
none_subset,1,214369799,195227005,64,631,0,0,0,0,0,0,"[""132691040"", ""111626622"", ""70627695"", ""177080791"", ""151475614"", ""159852762"", ""138163284"", ""149705988"", ""33116395"", ""109148705""]"
none_subset,1,174471635,145768091,38,217,0,0,0,0,0,0,"[""130075591"", ""140048877"", ""159864740"", ""183564225"", ""113999751"", ""2578071"", ""174530040"", ""172317716"", ""140610901"", ""174755222""]"
none_subset,1,135257569,112322089,43,19,0,0,0,0,1,1,"[""128249636"", ""154237024"", ""168991783"", ""163505137"", ""142567313"", ""105076717"", ""91544773"", ""204664629"", ""101762103"", ""189444157""]"
none_subset,1,130636449,114160813,4,1062,0,0,0,0,0,0,"[""78155271"", ""133632260"", ""27693819"", ""209124215"", ""67745233"", ""181054833"", ""191225749"", ""151978785"", ""208530280"", ""182581077""]"
none_subset,1,15177212,7603895,38,2283,0,0,0,0,0,0,"[""79372963"", ""133136953"", ""192191594"", ""179876069"", ""12905940"", ""96313601"", ""60873658"", ""108421334"", ""151278548"", ""206518481""]"
none_subset,1,52603642,31883136,4,364,0,0,0,0,0,0,"[""150204940"", ""154444351"", ""189401835"", ""157092256"", ""115855547"", ""141440077"", ""155621797"", ""181909843"", ""103872312"", ""100901027""]"
none_subset,1,181183071,145455711,62,1607,0,0,0,0,0,0,"[""208335318"", ""144080444"", ""197167262"", ""135590435"", ""46137767"", ""125139076"", ""177187244"", ""20863003"", ""101903881"", ""134899407""]"
none_subset,1,142920094,124997135,46,2839,0,0,0,0,0,0,"[""213571883"", ""84381800"", ""137353337"", ""105318716"", ""211267103"", ""193512459"", ""84491633"", ""205037941"", ""212848933"", ""204316129""]"
none_subset,1,221966322,210148578,57,20,0,0,0,0,1,1,"[""178968629"", ""207501600"", ""188906002"", ""210472448"", ""206066236"", ""143756747"", ""209371340"", ""129142528"", ""144927109"", ""212470393""]"
none_subset,1,210311625,188128198,64,46,0,0,0,0,0,1,"[""80281524"", ""85881610"", ""162665168"", ""19607163"", ""181619566"", ""146444401"", ""157210468"", ""24351090"", ""79071973"", ""68685146""]"
none_subset,1,208642516,181658560,4,213,0,0,0,0,0,0,"[""191909632"", ""193729388"", ""201469264"", ""193189431"", ""73825216"", ""117471262"", ""179525824"", ""146030654"", ""149247164"", ""176566249""]"
none_subset,1,210355887,159111889,4,68,0,0,0,0,0,0,"[""12396291"", ""122594682"", ""156103241"", ""119106930"", ""150679730"", ""194508039"", ""75828042"", ""184587206"", ""188021776"", ""184087480""]"
none_subset,1,195643138,153364732,38,1535,0,0,0,0,0,0,"[""93265631"", ""36621623"", ""151407481"", ""133009681"", ""77338935"", ""19105395"", ""63839835"", ""81220432"", ""174919483"", ""117565422""]"
none_subset,1,218562162,203803641,37,667,0,0,0,0,0,0,"[""193730114"", ""190172991"", ""190070434"", ""173640245"", ""191538851"", ""199287233"", ""213318077"", ""211802210"", ""191257187"", ""191800688""]"
none_subset,1,193209414,150433252,37,491,0,0,0,0,0,0,"[""146272807"", ""42842956"", ""159574917"", ""96028215"", ""76841920"", ""192387012"", ""152727959"", ""160376991"", ""17206468"", ""63368910""]"
none_subset,1,215148607,192456013,37,39,0,0,0,0,0,1,"[""187719393"", ""193730114"", ""202782009"", ""190172991"", ""201649016"", ""213637743"", ""191538851"", ""190070434"", ""202227327"", ""131961169""]"
none_subset,1,82009373,82732179,38,256,0,0,0,0,0,0,"[""166298317"", ""170764066"", ""128745438"", ""154434048"", ""152299073"", ""180533985"", ""125393017"", ""32618433"", ""57288486"", ""201994268""]"
none_subset,1,225168942,203537664,4,3,0,1,1,1,1,1,"[""184090522"", ""182903930"", ""203537664"", ""17083624"", ""57016975"", ""146357422"", ""196949098"", ""206289183"", ""211027940"", ""144889470""]"
none_subset,1,110842833,100829470,64,247,0,0,0,0,0,0,"[""159995787"", ""186381596"", ""209726301"", ""118169055"", ""127422260"", ""85880294"", ""114607994"", ""157122738"", ""212527992"", ""118138755""]"
none_subset,1,201091097,171087357,38,131,0,0,0,0,0,0,"[""112658377"", ""145871617"", ""350786"", ""139494203"", ""214716995"", ""62494905"", ""182862963"", ""37809434"", ""145081287"", ""158118726""]"
none_subset,1,180275335,126534292,43,1487,0,0,0,0,0,0,"[""196197826"", ""182726743"", ""211884232"", ""188409353"", ""192287850"", ""182659497"", ""200879611"", ""200253605"", ""117448343"", ""151833757""]"
none_subset,1,207552622,183766098,43,14,0,0,0,0,1,1,"[""192741559"", ""143671449"", ""207323334"", ""188577365"", ""201905433"", ""192493949"", ""173249585"", ""198985502"", ""184056715"", ""179526244""]"
none_subset,1,215096062,194235169,57,320,0,0,0,0,0,0,"[""72504192"", ""90594496"", ""191898000"", ""112833560"", ""117615208"", ""202980559"", ""56924514"", ""209580408"", ""207389160"", ""16910042""]"
none_subset,1,212439645,206673825,46,70,0,0,0,0,0,0,"[""150742725"", ""138718760"", ""163043438"", ""113055815"", ""141231449"", ""133306710"", ""162507293"", ""138617659"", ""106146754"", ""135648799""]"
none_subset,1,221703068,173447641,64,35,0,0,0,0,0,1,"[""200974603"", ""169353292"", ""167161374"", ""209768449"", ""208560031"", ""106887245"", ""211309611"", ""210129227"", ""208135267"", ""205369430""]"
none_subset,1,176526310,143605523,57,373,0,0,0,0,0,0,"[""99228573"", ""211844405"", ""206553944"", ""138406659"", ""206545534"", ""86771304"", ""211640040"", ""197740362"", ""110109390"", ""206553898""]"
none_subset,1,189188950,160181087,37,2010,0,0,0,0,0,0,"[""192387012"", ""191884055"", ""21423746"", ""121116115"", ""143946320"", ""140336042"", ""23924949"", ""119637829"", ""139391729"", ""164141851""]"
none_subset,1,225328238,214733871,4,183,0,0,0,0,0,0,"[""173529593"", ""186500017"", ""213071251"", ""114573844"", ""88932849"", ""190229699"", ""195387734"", ""191895715"", ""191509023"", ""200030203""]"
none_subset,1,168011617,139490116,43,2255,0,0,0,0,0,0,"[""167043645"", ""164870997"", ""193313194"", ""132793063"", ""162536514"", ""143989763"", ""16074591"", ""79517399"", ""210940174"", ""144482097""]"
none_subset,1,215899991,168105869,38,467,0,0,0,0,0,0,"[""73438643"", ""154107984"", ""121564255"", ""31197704"", ""156294689"", ""151856683"", ""92748634"", ""62361505"", ""213984936"", ""105651656""]"
none_subset,1,187060472,118284407,64,7,0,0,0,1,1,1,"[""194094670"", ""204824313"", ""138800320"", ""160842974"", ""149715107"", ""138803213"", ""118284407"", ""125561073"", ""117481999"", ""145779083""]"
none_subset,1,199521963,173374144,4,478,0,0,0,0,0,0,"[""83232103"", ""206012998"", ""102246788"", ""165467719"", ""135190327"", ""210014361"", ""202190653"", ""114633318"", ""173717084"", ""169976903""]"
none_subset,1,141423267,120893128,37,3,0,1,1,1,1,1,"[""66740441"", ""161632409"", ""120893128"", ""123258872"", ""149498553"", ""173034966"", ""5322119"", ""58893791"", ""66495486"", ""109130798""]"
none_subset,1,190661639,163146833,37,971,0,0,0,0,0,0,"[""183552543"", ""149676779"", ""210502009"", ""197728159"", ""183251892"", ""149498553"", ""198167076"", ""116930061"", ""51981897"", ""134824400""]"
none_subset,1,181361798,143875665,43,147,0,0,0,0,0,0,"[""212952645"", ""197514276"", ""196316257"", ""198423070"", ""86931045"", ""193886266"", ""155653015"", ""162791674"", ""163223965"", ""201752513""]"
none_subset,1,224077867,206921287,46,1489,0,0,0,0,0,0,"[""109531052"", ""201469244"", ""109632736"", ""211028341"", ""136320022"", ""206379759"", ""202553191"", ""161007649"", ""210232040"", ""214169191""]"
none_subset,1,152683770,127047625,43,381,0,0,0,0,0,0,"[""168991783"", ""91544773"", ""164354706"", ""213093649"", ""186702404"", ""128249636"", ""46422540"", ""169233442"", ""49931795"", ""63371049""]"
none_subset,1,216016642,170416318,64,864,0,0,0,0,0,0,"[""196328856"", ""194106443"", ""163529947"", ""105854775"", ""193757766"", ""187557702"", ""208465437"", ""188881879"", ""167245652"", ""159354842""]"
none_subset,1,60102779,64725135,62,55,0,0,0,0,0,0,"[""212966939"", ""160036757"", ""63916792"", ""152444456"", ""11666277"", ""101812507"", ""70069885"", ""165955561"", ""29357769"", ""214173290""]"
none_subset,1,213455053,190308923,64,1819,0,0,0,0,0,0,"[""193870914"", ""122395189"", ""116370931"", ""200123633"", ""179042698"", ""95477523"", ""151134804"", ""132746503"", ""113590277"", ""173526297""]"
none_subset,1,192031219,143134097,37,1340,0,0,0,0,0,0,"[""202857509"", ""154120842"", ""146869816"", ""144537637"", ""153610553"", ""171338279"", ""142700161"", ""138625062"", ""156835238"", ""150261210""]"
none_subset,1,222675305,211141745,46,244,0,0,0,0,0,0,"[""208719036"", ""171636556"", ""209482743"", ""201436985"", ""212384469"", ""209175273"", ""212730825"", ""173668368"", ""210498678"", ""186976692""]"
none_subset,1,223970896,201593808,46,72,0,0,0,0,0,0,"[""141871273"", ""146688494"", ""130390168"", ""75717953"", ""209175470"", ""53889109"", ""172036963"", ""207173393"", ""173421370"", ""133099602""]"
none_subset,1,191904523,87987044,43,195,0,0,0,0,0,0,"[""76158891"", ""197195883"", ""91124875"", ""202216480"", ""213553578"", ""214258455"", ""197867680"", ""102049448"", ""158792208"", ""35616285""]"
none_subset,1,220147780,204264183,43,78,0,0,0,0,0,0,"[""207192922"", ""199927468"", ""164461764"", ""209622362"", ""174103954"", ""205021454"", ""53018260"", ""193045333"", ""166301530"", ""180314920""]"
none_subset,1,207294174,124648849,64,440,0,0,0,0,0,0,"[""71813245"", ""68685146"", ""79071973"", ""58475692"", ""67677743"", ""104389677"", ""171025610"", ""151526168"", ""79734724"", ""208220087""]"
none_subset,1,61090990,64528586,38,581,0,0,0,0,0,0,"[""211427284"", ""144261984"", ""195156235"", ""127669239"", ""128022775"", ""117484080"", ""123704552"", ""186533660"", ""202987035"", ""157714512""]"
none_subset,1,222031920,210169790,4,29,0,0,0,0,1,1,"[""131039184"", ""185556523"", ""49499187"", ""203033142"", ""118512173"", ""129088812"", ""203890372"", ""161499533"", ""206285668"", ""140574697""]"
none_subset,1,200281730,146978431,43,5,0,0,1,1,1,1,"[""71803254"", ""179105716"", ""182870508"", ""66867545"", ""146978431"", ""156295009"", ""98073803"", ""211526829"", ""40866643"", ""194562683""]"
none_subset,1,188545297,159881542,57,21,0,0,0,0,1,1,"[""207389160"", ""90594496"", ""117615208"", ""143993149"", ""41397459"", ""208624072"", ""65120893"", ""152213594"", ""70325466"", ""179670037""]"
none_subset,1,225336220,213493571,37,757,0,0,0,0,0,0,"[""188967908"", ""133932837"", ""88534873"", ""128960957"", ""111625300"", ""141475747"", ""160476275"", ""116006958"", ""42842956"", ""77395625""]"
none_subset,1,222464033,209731990,57,43,0,0,0,0,0,1,"[""209726587"", ""201084593"", ""212895565"", ""206821512"", ""209066709"", ""202119079"", ""201201466"", ""210472458"", ""203550692"", ""187720102""]"
none_subset,1,173202397,143762098,4,33,0,0,0,0,0,1,"[""130299986"", ""194783569"", ""192424356"", ""115442302"", ""150920816"", ""159570716"", ""183731112"", ""146180479"", ""190495475"", ""152566280""]"
none_subset,1,200110560,139423553,38,1278,0,0,0,0,0,0,"[""214890741"", ""133136953"", ""127669239"", ""195119395"", ""167323493"", ""169064521"", ""157993089"", ""207808008"", ""158118726"", ""129590481""]"
none_subset,1,222576969,205486444,4,147,0,0,0,0,0,0,"[""210550451"", ""188285916"", ""212482379"", ""205311074"", ""203466268"", ""179532049"", ""188509360"", ""211858811"", ""210871478"", ""210709127""]"
none_subset,1,201861045,163827058,43,418,0,0,0,0,0,0,"[""199268133"", ""181955635"", ""49130482"", ""200981311"", ""208265800"", ""147117418"", ""178810275"", ""174475381"", ""159111252"", ""186403472""]"
none_subset,1,143066951,123461456,4,322,0,0,0,0,0,0,"[""185262753"", ""191561303"", ""159570716"", ""124893597"", ""148365289"", ""192736985"", ""173529593"", ""213071251"", ""164449645"", ""184721384""]"
none_subset,1,222295119,210698206,46,248,0,0,0,0,0,0,"[""139629122"", ""202089470"", ""201469244"", ""127477193"", ""142607225"", ""206602271"", ""109601605"", ""136423014"", ""169607427"", ""35845876""]"
none_subset,1,127107551,81216321,46,378,0,0,0,0,0,0,"[""201270244"", ""153467283"", ""86906554"", ""109790613"", ""138969017"", ""35845876"", ""32481392"", ""33734504"", ""214169191"", ""100811327""]"
none_subset,1,206629394,181731983,46,13,0,0,0,0,1,1,"[""136320022"", ""181020941"", ""206379759"", ""78566379"", ""133461188"", ""202553191"", ""210829117"", ""201469244"", ""208409948"", ""212730825""]"
none_subset,1,217316035,201461478,37,328,0,0,0,0,0,0,"[""205300777"", ""201576605"", ""168286486"", ""210226726"", ""158889960"", ""195583647"", ""210502009"", ""194374377"", ""113148033"", ""207374196""]"
none_subset,1,184697794,156295124,37,685,0,0,0,0,0,0,"[""119637829"", ""153205116"", ""201252808"", ""195045046"", ""157022245"", ""155926657"", ""166075041"", ""147143113"", ""146127372"", ""103057199""]"
none_subset,1,217902820,202548043,64,301,0,0,0,0,0,0,"[""121322111"", ""149772224"", ""192550031"", ""144073843"", ""200505701"", ""147667682"", ""160675869"", ""187944465"", ""142562860"", ""111626622""]"
none_subset,1,186431322,155610275,46,3,0,1,1,1,1,1,"[""140803712"", ""77203173"", ""155610275"", ""83202485"", ""155710762"", ""205657343"", ""128057799"", ""30916684"", ""153486257"", ""170915583""]"
none_subset,1,224935909,46549636,38,172,0,0,0,0,0,0,"[""192587307"", ""81220432"", ""44097793"", ""23348079"", ""188563326"", ""8550716"", ""192721742"", ""107880171"", ""186767110"", ""121564255""]"
none_subset,1,184281490,155589050,38,509,0,0,0,0,0,0,"[""350786"", ""93265631"", ""120618466"", ""170281060"", ""139494203"", ""71896485"", ""181343427"", ""179099953"", ""118347950"", ""147652742""]"
none_subset,1,223929742,213067554,37,45,0,0,0,0,0,1,"[""193730114"", ""205471331"", ""197844035"", ""199287233"", ""180787570"", ""190172991"", ""206302770"", ""105162490"", ""186868435"", ""136980007""]"
none_subset,1,224919001,83383823,43,158,0,0,0,0,0,0,"[""67063550"", ""66867545"", ""124359099"", ""81706080"", ""104265595"", ""182870508"", ""48032933"", ""209931765"", ""151563609"", ""201334790""]"
none_subset,1,118506459,105678196,46,2404,0,0,0,0,0,0,"[""168366663"", ""71210763"", ""205325118"", ""162264344"", ""203171500"", ""211267103"", ""143484748"", ""163620792"", ""173799041"", ""195720425""]"
none_subset,1,222787137,211475169,37,146,0,0,0,0,0,0,"[""213318077"", ""202328948"", ""192617496"", ""182640683"", ""212381569"", ""197844035"", ""201925530"", ""186828726"", ""185998993"", ""213416559""]"
none_subset,1,213433089,192191594,38,35,0,0,0,0,0,1,"[""144261984"", ""202987035"", ""123704552"", ""11921513"", ""139197933"", ""102371068"", ""172110259"", ""113456040"", ""161064776"", ""168749475""]"
none_subset,1,220446731,198850848,46,70,0,0,0,0,0,0,"[""174586724"", ""171227152"", ""160147246"", ""212530716"", ""194951479"", ""210993003"", ""204627117"", ""200878445"", ""202480156"", ""171846733""]"
none_subset,1,209401024,136186158,37,2,0,1,1,1,1,1,"[""132179046"", ""136186158"", ""202157886"", ""160929058"", ""169799464"", ""126447640"", ""150316929"", ""186464825"", ""171803364"", ""198598972""]"
none_subset,1,108059103,96678496,38,97,0,0,0,0,0,0,"[""31197704"", ""17181391"", ""12905940"", ""14434511"", ""66334917"", ""161128754"", ""128022852"", ""10199751"", ""45766945"", ""207100353""]"
none_subset,1,83516850,73863273,38,239,0,0,0,0,0,0,"[""124508627"", ""147652742"", ""8550716"", ""139239644"", ""37709032"", ""165753540"", ""117565422"", ""186695077"", ""150241983"", ""192721742""]"
none_subset,1,224702986,214641639,4,69,0,0,0,0,0,0,"[""215580343"", ""214085481"", ""214275181"", ""206285188"", ""212682868"", ""202016099"", ""212316416"", ""205463044"", ""143547772"", ""213276860""]"
none_subset,1,155484371,129167787,64,529,0,0,0,0,0,0,"[""146630451"", ""181447269"", ""123768518"", ""130601909"", ""147984435"", ""110345942"", ""192632345"", ""181705179"", ""61063233"", ""123750776""]"
none_subset,1,220720641,179105589,62,866,0,0,0,0,0,0,"[""76275548"", ""195510107"", ""124884051"", ""110895997"", ""105231780"", ""15445290"", ""212906250"", ""124953746"", ""161194868"", ""184570386""]"
none_subset,1,222632500,208037651,37,2730,0,0,0,0,0,0,"[""213471023"", ""209543868"", ""141241455"", ""139290462"", ""137062195"", ""89171973"", ""185266696"", ""57914905"", ""205567450"", ""69814974""]"
none_subset,1,223968502,210489322,62,46,0,0,0,0,0,1,"[""204577887"", ""211070786"", ""212412503"", ""191313815"", ""215517289"", ""196478095"", ""191211417"", ""206841068"", ""194031762"", ""197247155""]"
none_subset,1,98995962,88914492,37,1310,0,0,0,0,0,0,"[""202222318"", ""153601190"", ""21114364"", ""66740441"", ""126769378"", ""211554952"", ""204633870"", ""155681803"", ""193943543"", ""178293981""]"
none_subset,1,62872358,68354175,37,62,0,0,0,0,0,0,"[""102688777"", ""129693057"", ""89630035"", ""161680150"", ""21423746"", ""51981897"", ""126753800"", ""131144128"", ""100685510"", ""192387012""]"
none_subset,1,219731644,201910129,43,110,0,0,0,0,0,0,"[""189168111"", ""184996236"", ""211667378"", ""192944095"", ""182445092"", ""192825043"", ""197097621"", ""193585048"", ""196161702"", ""190197325""]"
none_subset,1,217607857,172851480,46,103,0,0,0,0,0,0,"[""78094109"", ""206995470"", ""79166546"", ""182136657"", ""208811097"", ""170432446"", ""144964708"", ""160547931"", ""180829317"", ""106349059""]"
none_subset,1,178761303,138296370,43,350,0,0,0,0,0,0,"[""147179804"", ""15015983"", ""89731710"", ""76736407"", ""212213338"", ""132568100"", ""74830022"", ""61195885"", ""193103331"", ""140852862""]"
none_subset,1,225101426,214129979,37,1554,0,0,0,0,0,0,"[""205773422"", ""172288418"", ""197844035"", ""203276996"", ""207956028"", ""207035998"", ""202030579"", ""212715570"", ""204138156"", ""180837553""]"
none_subset,1,166732634,138803213,64,70,0,0,0,0,0,0,"[""127512781"", ""157122738"", ""114607994"", ""59483816"", ""212527990"", ""145779083"", ""139628764"", ""152212605"", ""212527992"", ""150835628""]"
none_subset,1,193972506,175993606,43,687,0,0,0,0,0,0,"[""204449585"", ""153840249"", ""179814481"", ""111684767"", ""97217214"", ""177916694"", ""209546973"", ""119675310"", ""127671411"", ""191248601""]"
none_subset,1,219517654,205395738,46,1386,0,0,0,0,0,0,"[""110716703"", ""188213435"", ""131917509"", ""106915000"", ""207604682"", ""187734223"", ""116218020"", ""210780225"", ""178173689"", ""76061645""]"
none_subset,1,222394753,82751027,64,2560,0,0,0,0,0,0,"[""106833257"", ""165038599"", ""212527992"", ""185451532"", ""136116320"", ""136552233"", ""142556394"", ""207152337"", ""208214699"", ""185454425""]"
none_subset,1,178708960,618472,4,87,0,0,0,0,0,0,"[""12396291"", ""156103241"", ""22766945"", ""75828042"", ""138975756"", ""27693819"", ""25513745"", ""134911017"", ""71990231"", ""120663751""]"
none_subset,1,221937448,208605842,46,8,0,0,0,1,1,1,"[""129240074"", ""179347666"", ""96833542"", ""39277627"", ""110716703"", ""214519972"", ""213744352"", ""208605842"", ""180749212"", ""211677891""]"
none_subset,1,59681831,65390256,37,1037,0,0,0,0,0,0,"[""148551230"", ""140618489"", ""196154924"", ""153551614"", ""196390119"", ""128944935"", ""210587193"", ""188646002"", ""143065905"", ""212752270""]"
none_subset,1,216161063,199021905,4,55,0,0,0,0,0,0,"[""196161368"", ""145435299"", ""215198902"", ""213979278"", ""184111536"", ""211385428"", ""213127345"", ""179962753"", ""210643102"", ""195895955""]"
none_subset,1,141503276,124722032,38,770,0,0,0,0,0,0,"[""8550716"", ""121564255"", ""62361505"", ""208718442"", ""98078621"", ""23348079"", ""55637037"", ""192721742"", ""179199308"", ""146151329""]"
none_subset,1,200818359,153477691,46,91,0,0,0,0,0,0,"[""142789905"", ""164400164"", ""113000796"", ""155260589"", ""53849507"", ""154821670"", ""209140494"", ""61158856"", ""48138227"", ""173820001""]"
none_subset,1,188197866,159649299,4,100,0,0,0,0,0,0,"[""173529593"", ""184009379"", ""88932849"", ""183438126"", ""119898461"", ""144264277"", ""148365289"", ""191461282"", ""143222301"", ""191509023""]"
none_subset,1,213366824,193025476,57,34,0,0,0,0,0,1,"[""152187673"", ""202725978"", ""202626135"", ""149427907"", ""177316731"", ""179670037"", ""50936577"", ""108271130"", ""185361449"", ""188870231""]"
none_subset,1,221913179,203738355,4,115,0,0,0,0,0,0,"[""211850911"", ""156841339"", ""125970295"", ""195621034"", ""172774160"", ""159364641"", ""173641656"", ""187502252"", ""214017197"", ""158546701""]"
none_subset,1,203066647,173799041,46,26,0,0,0,0,1,1,"[""150226253"", ""171801408"", ""206419210"", ""195720425"", ""113000796"", ""162792464"", ""192437637"", ""190115727"", ""151203538"", ""183720524""]"
none_subset,1,224558267,213573078,4,572,0,0,0,0,0,0,"[""211385428"", ""196161368"", ""177056777"", ""213053357"", ""197090565"", ""201432635"", ""195510728"", ""213568542"", ""179962753"", ""194689928""]"
none_subset,1,191575863,163533043,38,458,0,0,0,0,0,0,"[""107256101"", ""158784944"", ""127753885"", ""165942764"", ""213648542"", ""199927975"", ""182180048"", ""88485908"", ""111175760"", ""181132638""]"
none_subset,1,152866845,122408162,57,33,0,0,0,0,0,1,"[""125339147"", ""31932356"", ""184690297"", ""139191535"", ""143701254"", ""58773802"", ""199897240"", ""182587351"", ""128512946"", ""98039533""]"
none_subset,1,188395873,140840605,4,54,0,0,0,0,0,0,"[""153991203"", ""171447530"", ""202362364"", ""152566280"", ""200963858"", ""130299986"", ""189645323"", ""147751136"", ""143548483"", ""129568541""]"
none_subset,1,151503385,103784764,57,92,0,0,0,0,0,0,"[""138406659"", ""207769586"", ""197740362"", ""203042119"", ""131667486"", ""211785457"", ""183255175"", ""204417143"", ""213401068"", ""129352307""]"
none_subset,1,208927127,185848749,43,568,0,0,0,0,0,0,"[""39344788"", ""47578647"", ""106320447"", ""137560784"", ""110638290"", ""24907697"", ""87909441"", ""83383823"", ""54164127"", ""102691911""]"
none_subset,1,205461532,140573064,37,423,0,0,0,0,0,0,"[""141241455"", ""213471023"", ""105071457"", ""163365579"", ""153791317"", ""66708197"", ""172603509"", ""192554825"", ""157705941"", ""99092830""]"
none_subset,1,224112754,212305293,64,34,0,0,0,0,0,1,"[""146444401"", ""98740806"", ""69248477"", ""19607163"", ""124198714"", ""173246608"", ""115792264"", ""152189504"", ""154897282"", ""161824377""]"
none_subset,1,119398235,105775833,46,67,0,0,0,0,0,0,"[""209744189"", ""146029150"", ""190224714"", ""171227152"", ""193074174"", ""184646371"", ""187611963"", ""103250951"", ""127947793"", ""205586250""]"
none_subset,1,207366484,124198714,64,33,0,0,0,0,0,1,"[""19607163"", ""146444401"", ""116532185"", ""85881610"", ""195516069"", ""34963044"", ""63993803"", ""116866288"", ""193072604"", ""105912376""]"
none_subset,1,225109049,214562863,46,1083,0,0,0,0,0,0,"[""169485140"", ""205769669"", ""45375287"", ""128970500"", ""209924661"", ""134313611"", ""79988383"", ""135605303"", ""87748960"", ""174324519""]"
none_subset,1,220934470,174610207,62,533,0,0,0,0,0,0,"[""193706706"", ""141589821"", ""173383036"", ""215161236"", ""122507339"", ""167732430"", ""165969228"", ""144314189"", ""73906788"", ""132110473""]"
none_subset,1,185519268,155947615,37,2273,0,0,0,0,0,0,"[""150887352"", ""157140706"", ""182444653"", ""182681465"", ""152140191"", ""58893791"", ""156884960"", ""153205005"", ""61710118"", ""41705192""]"
none_subset,1,165565061,141108116,46,171,0,0,0,0,0,0,"[""205368126"", ""199457581"", ""160161837"", ""121346371"", ""194782765"", ""158778091"", ""74000852"", ""161497124"", ""180455338"", ""160547557""]"
none_subset,1,57082730,63027674,4,314,0,0,0,0,0,0,"[""157367139"", ""154444351"", ""129269545"", ""71990231"", ""154727199"", ""181672704"", ""156633369"", ""154359018"", ""70921117"", ""147879067""]"
none_subset,1,211683892,191211417,62,634,0,0,0,0,0,0,"[""162715321"", ""187207232"", ""160036757"", ""194289010"", ""165955561"", ""70069885"", ""69690877"", ""11666277"", ""45997741"", ""153485930""]"
none_subset,1,139717823,75771817,43,802,0,0,0,0,0,0,"[""127047625"", ""46422540"", ""4674477"", ""61372398"", ""112929002"", ""192784424"", ""144463129"", ""120188232"", ""165082890"", ""74845533""]"
none_subset,1,210091083,187766426,43,82,0,0,0,0,0,0,"[""184091403"", ""201671217"", ""209666551"", ""201905433"", ""195756368"", ""188582346"", ""206283952"", ""180428174"", ""194288073"", ""185851616""]"
none_subset,1,215295632,194286674,64,343,0,0,0,0,0,0,"[""136416035"", ""211228466"", ""113496973"", ""73275498"", ""135996572"", ""187914316"", ""206213762"", ""205134381"", ""145970325"", ""173784548""]"
none_subset,1,220364834,206968122,43,21,0,0,0,0,1,1,"[""214348389"", ""201904386"", ""185851616"", ""144304634"", ""196286515"", ""195756368"", ""201905433"", ""202632009"", ""202626349"", ""201441807""]"
none_subset,1,219900526,180136836,64,366,0,0,0,0,0,0,"[""21707133"", ""131569653"", ""83781980"", ""102679360"", ""134302572"", ""154046140"", ""173980655"", ""145930227"", ""213107525"", ""148413683""]"
none_subset,1,194649797,156951759,46,22,0,0,0,0,1,1,"[""205315794"", ""131953748"", ""136540208"", ""196783083"", ""81549989"", ""165953966"", ""193559506"", ""147425773"", ""179653927"", ""188805088""]"
none_subset,1,69538746,74156335,46,1252,0,0,0,0,0,0,"[""191705183"", ""186116554"", ""161736013"", ""78524182"", ""181547294"", ""75642384"", ""110400123"", ""152102459"", ""160699239"", ""203329657""]"
none_subset,1,193132494,138376766,4,219,0,0,0,0,0,0,"[""213491115"", ""181306942"", ""133370194"", ""18519591"", ""136187384"", ""22859510"", ""60532395"", ""147422442"", ""77334301"", ""23408401""]"
none_subset,1,225048593,215009156,4,626,0,0,0,0,0,0,"[""59475488"", ""203884835"", ""112914230"", ""78663312"", ""210497898"", ""139821056"", ""174680568"", ""213281189"", ""203033142"", ""74320615""]"
none_subset,1,129581033,114171070,37,215,0,0,0,0,0,0,"[""141241455"", ""213471023"", ""137062195"", ""214996997"", ""209543868"", ""57914905"", ""98865638"", ""134046020"", ""182387619"", ""174160467""]"
none_subset,1,218321305,201512197,46,83,0,0,0,0,0,0,"[""159536710"", ""206843208"", ""165803311"", ""65618657"", ""214989922"", ""109762523"", ""204237929"", ""157884203"", ""104767223"", ""167280596""]"
none_subset,1,206985091,171139802,46,201,0,0,0,0,0,0,"[""212306388"", ""210366645"", ""208719036"", ""212434559"", ""201436985"", ""205235605"", ""209156183"", ""209241357"", ""172993610"", ""201698101""]"
none_subset,1,221838599,209862942,43,140,0,0,0,0,0,0,"[""210822887"", ""165710029"", ""194022987"", ""201671217"", ""197718308"", ""201213450"", ""184633847"", ""91124875"", ""143611276"", ""184875265""]"
none_subset,1,200321888,151940220,43,33,0,0,0,0,0,1,"[""54249020"", ""56084025"", ""76736407"", ""185338196"", ""176953234"", ""99969429"", ""195791947"", ""74845533"", ""98314945"", ""4674477""]"
none_subset,1,215535939,188697817,57,750,0,0,0,0,0,0,"[""172994991"", ""213478012"", ""214160653"", ""210136489"", ""204720478"", ""150573656"", ""201144087"", ""175665700"", ""196545171"", ""139814299""]"
none_subset,1,207266546,153385111,43,385,0,0,0,0,0,0,"[""189165560"", ""142505497"", ""156989303"", ""205500642"", ""190670405"", ""191701553"", ""81135713"", ""195791947"", ""188810945"", ""205985198""]"
none_subset,1,97952986,78148654,64,61,0,0,0,0,0,0,"[""173246608"", ""167537206"", ""69248477"", ""190786565"", ""152293696"", ""198307794"", ""191614451"", ""178000493"", ""181079853"", ""181955550""]"
none_subset,1,207322234,170790096,46,12,0,0,0,0,1,1,"[""113055852"", ""111614660"", ""143689220"", ""115212834"", ""158038948"", ""183939554"", ""156263625"", ""59097004"", ""197423739"", ""139912235""]"
none_subset,1,174006241,145006416,43,363,0,0,0,0,0,0,"[""210273616"", ""207051663"", ""57750732"", ""137771001"", ""190452324"", ""164729238"", ""166344121"", ""59161409"", ""210321299"", ""123648588""]"
none_subset,1,224882520,214818077,64,97,0,0,0,0,0,0,"[""208465437"", ""168315905"", ""193757766"", ""105854775"", ""199512980"", ""179784406"", ""86356781"", ""74256345"", ""1943884"", ""146885295""]"
none_subset,1,134515714,115022799,62,676,0,0,0,0,0,0,"[""97218462"", ""104468361"", ""116680709"", ""179030233"", ""196219672"", ""193542340"", ""141589821"", ""97811642"", ""215161236"", ""152017732""]"
none_subset,1,219832830,202547061,46,107,0,0,0,0,0,0,"[""123341476"", ""102764457"", ""197949897"", ""208099409"", ""102458654"", ""167424905"", ""204638926"", ""210836993"", ""206921287"", ""168394424""]"
none_subset,1,85335053,81210703,64,180,0,0,0,0,0,0,"[""138115654"", ""181079853"", ""109707327"", ""149110466"", ""195516069"", ""156194814"", ""115621367"", ""154383667"", ""184002672"", ""173622957""]"
none_subset,1,156462074,127285945,46,2015,0,0,0,0,0,0,"[""206367601"", ""183034895"", ""109663807"", ""163081155"", ""205132358"", ""213381319"", ""209074952"", ""149194588"", ""172407575"", ""197882875""]"
none_subset,1,57704442,78094109,46,5,0,0,1,1,1,1,"[""124457377"", ""180187517"", ""167856948"", ""12880586"", ""78094109"", ""162330233"", ""115347245"", ""167265746"", ""174366632"", ""78004872""]"
none_subset,1,81096600,78134637,46,436,0,0,0,0,0,0,"[""144736392"", ""130390168"", ""188974662"", ""172035206"", ""75717953"", ""160764333"", ""80195905"", ""133182836"", ""203161766"", ""15325925""]"
none_subset,1,212560078,154255624,64,291,0,0,0,0,0,0,"[""190043031"", ""167740456"", ""129803266"", ""173246608"", ""162030098"", ""149715107"", ""147982801"", ""194941994"", ""80281524"", ""141327265""]"
none_subset,1,205868899,179041576,43,259,0,0,0,0,0,0,"[""164461764"", ""88426427"", ""173084581"", ""170651164"", ""52880574"", ""139961406"", ""107634006"", ""199927468"", ""194761453"", ""178008108""]"
none_subset,1,200338966,172991246,57,475,0,0,0,0,0,0,"[""203157936"", ""197765268"", ""142105203"", ""130568371"", ""172059758"", ""205695720"", ""205492676"", ""211933589"", ""210193690"", ""209269586""]"
none_subset,1,207494992,182640683,37,40,0,0,0,0,0,1,"[""210502009"", ""173640245"", ""78940029"", ""186828113"", ""187134525"", ""202872941"", ""191911000"", ""195583647"", ""116930061"", ""202227327""]"
none_subset,1,221740966,187123822,43,272,0,0,0,0,0,0,"[""75959067"", ""160802034"", ""127635452"", ""181167814"", ""112624655"", ""163095786"", ""144167451"", ""182485141"", ""120630424"", ""70081273""]"
none_subset,1,211281613,188742491,57,1077,0,0,0,0,0,0,"[""74683146"", ""201469289"", ""199205992"", ""210672605"", ""111602940"", ""125413445"", ""172017798"", ""172288940"", ""152191898"", ""209644299""]"
none_subset,1,61811502,62437632,43,701,0,0,0,0,0,0,"[""169233442"", ""183856655"", ""112929002"", ""79517399"", ""153591399"", ""180987262"", ""169890454"", ""181162961"", ""61372398"", ""147384208""]"
none_subset,1,215391887,144646883,64,27,0,0,0,0,1,1,"[""164183551"", ""153490486"", ""168633758"", ""146228800"", ""152603802"", ""72527056"", ""82453175"", ""161581546"", ""200004707"", ""113850105""]"
none_subset,1,216666833,189845371,64,11,0,0,0,0,1,1,"[""193084026"", ""124381822"", ""66094270"", ""151937269"", ""179835610"", ""146950533"", ""126992314"", ""152012529"", ""210516871"", ""161581546""]"
none_subset,1,180386984,147179804,43,815,0,0,0,0,0,0,"[""164354706"", ""181981190"", ""213093649"", ""167164193"", ""195791947"", ""88539862"", ""54249020"", ""99969429"", ""140754805"", ""186702404""]"
none_subset,1,224586197,211540948,46,45,0,0,0,0,0,1,"[""158946684"", ""207645526"", ""193559506"", ""21000985"", ""192342929"", ""194811856"", ""206729201"", ""110900877"", ""59097004"", ""16339902""]"
none_subset,1,193221613,160400128,62,133,0,0,0,0,0,0,"[""169871779"", ""171290958"", ""87226906"", ""75068139"", ""61833524"", ""205246868"", ""200031809"", ""107347698"", ""330143"", ""64014717""]"
none_subset,1,218597493,199853407,46,875,0,0,0,0,0,0,"[""36274453"", ""214658469"", ""104127006"", ""180541695"", ""183321047"", ""201925196"", ""151203538"", ""85083810"", ""209140494"", ""118565908""]"
none_subset,1,192820418,158459700,57,2040,0,0,0,0,0,0,"[""122144532"", ""122157148"", ""140761987"", ""195340382"", ""122156014"", ""75198033"", ""82879750"", ""128122761"", ""127670415"", ""156232619""]"
none_subset,1,207407028,181818594,38,86,0,0,0,0,0,0,"[""212169244"", ""63839835"", ""151407481"", ""179234058"", ""156317208"", ""188178632"", ""72549464"", ""174576143"", ""187724785"", ""144873226""]"
none_subset,1,222261688,207080740,64,900,0,0,0,0,0,0,"[""206429682"", ""172358761"", ""210669755"", ""202090142"", ""203597416"", ""169622540"", ""209768449"", ""173318781"", ""206494628"", ""208135267""]"
none_subset,1,207680631,171694803,46,277,0,0,0,0,0,0,"[""154698834"", ""48678802"", ""79523323"", ""150947763"", ""129338201"", ""111095231"", ""66211329"", ""79146025"", ""198454182"", ""44855147""]"
none_subset,1,222664932,150981082,38,13,0,0,0,0,1,1,"[""195980472"", ""163838256"", ""200560256"", ""165924488"", ""174166201"", ""173450129"", ""173145926"", ""139822644"", ""53833691"", ""109388920""]"
none_subset,1,222564180,211116849,46,141,0,0,0,0,0,0,"[""204540006"", ""203829459"", ""211131554"", ""200584617"", ""202822668"", ""213482572"", ""172755597"", ""205239580"", ""202771850"", ""177381146""]"
none_subset,1,167728890,142870223,38,408,0,0,0,0,0,0,"[""133136953"", ""37709032"", ""108421334"", ""213936097"", ""185682289"", ""12905940"", ""8169319"", ""147652742"", ""159835737"", ""149637319""]"
none_subset,1,191614526,163637661,38,237,0,0,0,0,0,0,"[""44097793"", ""8550716"", ""192721742"", ""117565422"", ""81220432"", ""97083478"", ""208718442"", ""186767110"", ""188563326"", ""77869775""]"
none_subset,1,140595161,120915200,4,42,0,0,0,0,0,1,"[""200589462"", ""190777127"", ""190079873"", ""194142299"", ""151875588"", ""119765502"", ""182361800"", ""192473388"", ""189844318"", ""187600900""]"
none_subset,1,193442459,159536710,46,135,0,0,0,0,0,0,"[""190450261"", ""174837469"", ""103251721"", ""197415730"", ""201332278"", ""7231598"", ""206220197"", ""167383627"", ""206935328"", ""208493172""]"
none_subset,1,186435148,154474714,4,682,0,0,0,0,0,0,"[""12396291"", ""141488485"", ""98076075"", ""198070526"", ""151518049"", ""184087480"", ""154727199"", ""142553971"", ""199422802"", ""183670529""]"
none_subset,1,153151974,75168847,4,2454,0,0,0,0,0,0,"[""171902128"", ""83596697"", ""204648246"", ""153979554"", ""112972489"", ""164756819"", ""66047393"", ""47719129"", ""66199264"", ""165897952""]"
none_subset,1,174531745,134215872,38,91,0,0,0,0,0,0,"[""167802783"", ""158574234"", ""202112251"", ""204985593"", ""64528586"", ""204092180"", ""123815955"", ""152236293"", ""119135437"", ""97752535""]"
none_subset,1,199818563,171636556,46,3,0,1,1,1,1,1,"[""201436985"", ""14803919"", ""171636556"", ""166724206"", ""76358493"", ""133461188"", ""181020941"", ""205208810"", ""211159708"", ""203622715""]"
none_subset,1,198139928,139818390,57,2,0,1,1,1,1,1,"[""109907857"", ""139818390"", ""166225948"", ""195849103"", ""143158282"", ""141609226"", ""207301406"", ""99472835"", ""85728689"", ""55753543""]"
none_subset,1,59207602,63368910,37,8,0,0,0,1,1,1,"[""184071121"", ""146393296"", ""172603509"", ""210605188"", ""140057420"", ""126694752"", ""189073734"", ""63368910"", ""146272807"", ""200431334""]"
none_subset,1,222353403,210780225,46,165,0,0,0,0,0,0,"[""210829117"", ""133461188"", ""100881714"", ""136320022"", ""171636556"", ""142436010"", ""207227762"", ""211118858"", ""76370473"", ""181020941""]"
none_subset,1,121364748,105106630,46,1565,0,0,0,0,0,0,"[""131917509"", ""106915000"", ""137142760"", ""76061645"", ""188213435"", ""96829389"", ""178173689"", ""110716703"", ""145127630"", ""207604682""]"
none_subset,1,178792118,147113232,37,1290,0,0,0,0,0,0,"[""53389573"", ""121206303"", ""87364828"", ""120040052"", ""117410846"", ""155255611"", ""163474582"", ""92247640"", ""33066220"", ""105274553""]"
none_subset,1,212300309,192179303,64,29,0,0,0,0,1,1,"[""200505701"", ""196287148"", ""211959757"", ""121322111"", ""142562860"", ""202459993"", ""160675869"", ""205736876"", ""193656471"", ""121493755""]"
none_subset,1,62125622,54115082,38,41,0,0,0,0,0,1,"[""113999751"", ""44504337"", ""81220432"", ""31197704"", ""147652742"", ""163524272"", ""61530422"", ""37709032"", ""179099953"", ""52549809""]"
none_subset,1,194649630,162792725,4,52,0,0,0,0,0,0,"[""198430694"", ""110540565"", ""136900812"", ""197680529"", ""132213065"", ""104680991"", ""203037592"", ""188431156"", ""167937435"", ""78836369""]"
none_subset,1,195219984,168099979,4,21,0,0,0,0,1,1,"[""180843726"", ""196161368"", ""177825434"", ""182581077"", ""215198902"", ""65093644"", ""169747228"", ""191316160"", ""133639289"", ""201211887""]"
none_subset,1,185154036,157383240,4,975,0,0,0,0,0,0,"[""200589462"", ""190079873"", ""126107165"", ""194142299"", ""192473388"", ""200344150"", ""190777127"", ""104293117"", ""200026065"", ""184320812""]"
none_subset,1,212343018,191348108,62,237,0,0,0,0,0,0,"[""162672578"", ""74279773"", ""143133964"", ""144418893"", ""165284774"", ""207274549"", ""149483143"", ""214173290"", ""185145276"", ""94546694""]"
none_subset,1,190726056,153568815,37,192,0,0,0,0,0,0,"[""200025016"", ""126929630"", ""161091370"", ""185112282"", ""209208662"", ""199961030"", ""163212625"", ""37024390"", ""93714502"", ""155926657""]"
none_subset,1,193507395,159604649,4,1560,0,0,0,0,0,0,"[""71990231"", ""121025812"", ""93223478"", ""144995106"", ""183725729"", ""188565273"", ""186220965"", ""156471159"", ""201066421"", ""177954352""]"
none_subset,1,139775877,123347277,62,307,0,0,0,0,0,0,"[""123687816"", ""114525243"", ""91322924"", ""191802528"", ""155721266"", ""125139076"", ""65823014"", ""20863003"", ""71186483"", ""168403739""]"
none_subset,1,165803909,134312075,64,50,0,0,0,0,0,1,"[""86754048"", ""208135267"", ""181162172"", ""107341510"", ""56593545"", ""199462684"", ""180956690"", ""135088804"", ""210669755"", ""44079908""]"
none_subset,1,213336123,41040635,38,179,0,0,0,0,0,0,"[""209330718"", ""115277724"", ""138021512"", ""52533378"", ""107256101"", ""214115231"", ""199927975"", ""165942764"", ""173793300"", ""135835902""]"
none_subset,1,223712641,213066001,62,8,0,0,0,1,1,1,"[""172997177"", ""209133262"", ""213006434"", ""202627342"", ""191647848"", ""94930933"", ""150919912"", ""213066001"", ""206664307"", ""188217169""]"
none_subset,1,188203614,160523276,46,807,0,0,0,0,0,0,"[""151511658"", ""80195905"", ""119093613"", ""148352358"", ""102529512"", ""132018635"", ""78015202"", ""201991995"", ""111095231"", ""60967653""]"
none_subset,1,76691753,32855805,38,802,0,0,0,0,0,0,"[""167575814"", ""81511985"", ""99753126"", ""205283530"", ""70118559"", ""107235735"", ""191903812"", ""117957932"", ""107054492"", ""180347138""]"
none_subset,1,211609963,188607246,46,1777,0,0,0,0,0,0,"[""204980714"", ""201332278"", ""190450261"", ""174837469"", ""203164041"", ""204650950"", ""196561672"", ""201537422"", ""180519021"", ""204683450""]"
none_subset,1,193188423,160175255,4,280,0,0,0,0,0,0,"[""116488063"", ""189401835"", ""188948651"", ""86502666"", ""200206633"", ""174770035"", ""126889201"", ""104872974"", ""126241663"", ""156661425""]"
none_subset,1,72670371,74242439,62,4,0,0,1,1,1,1,"[""209556691"", ""155955578"", ""114525243"", ""74242439"", ""127682307"", ""191802528"", ""106024110"", ""86295030"", ""176841734"", ""12752226""]"
none_subset,1,220435553,195648794,4,1048,0,0,0,0,0,0,"[""82267423"", ""77747581"", ""150919606"", ""169433916"", ""164436957"", ""162792725"", ""171026892"", ""199361385"", ""210957829"", ""166819061""]"
none_subset,1,62630161,9583876,43,346,0,0,0,0,0,0,"[""202025930"", ""120597166"", ""191583920"", ""67909736"", ""119675310"", ""6516822"", ""13118738"", ""171859659"", ""205276629"", ""199520065""]"
none_subset,1,225161170,215382114,43,2381,0,0,0,0,0,0,"[""176475069"", ""200220026"", ""49130482"", ""210273616"", ""174475381"", ""213063956"", ""70510072"", ""146832585"", ""212418882"", ""211890870""]"
none_subset,1,219010785,204190139,43,712,0,0,0,0,0,0,"[""211582481"", ""182445092"", ""187215484"", ""194022987"", ""191629352"", ""210822887"", ""201213450"", ""156536547"", ""136773099"", ""198078019""]"
none_subset,1,195665997,162780539,57,435,0,0,0,0,0,0,"[""208914800"", ""85291605"", ""198636169"", ""142105203"", ""214443314"", ""214202331"", ""198315874"", ""172859305"", ""149224940"", ""85576723""]"
none_subset,1,185700837,152440410,62,268,0,0,0,0,0,0,"[""189469136"", ""30363312"", ""210678182"", ""192653562"", ""157760728"", ""130270435"", ""127953008"", ""158763261"", ""124409511"", ""210566449""]"
none_subset,1,224932348,213559285,46,13,0,0,0,0,1,1,"[""209744189"", ""171227152"", ""146029150"", ""103250951"", ""190224714"", ""171227160"", ""212530716"", ""193074174"", ""167525245"", ""184646371""]"
none_subset,1,214185922,192910467,43,453,0,0,0,0,0,0,"[""166344121"", ""183640029"", ""125536521"", ""139391726"", ""210273616"", ""98638580"", ""166186965"", ""139961406"", ""208008027"", ""171798974""]"
none_subset,1,221111393,208458622,46,308,0,0,0,0,0,0,"[""213805109"", ""169495520"", ""213482572"", ""212905783"", ""143077183"", ""214520103"", ""167644413"", ""186568176"", ""211131554"", ""207134724""]"
none_subset,1,211684073,171142795,57,2335,0,0,0,0,0,0,"[""180302528"", ""180448567"", ""189411035"", ""207134458"", ""159050136"", ""209587784"", ""126756828"", ""186151702"", ""145955425"", ""209164856""]"
none_subset,1,153181442,132560295,4,1287,0,0,0,0,0,0,"[""146961197"", ""213979278"", ""137934343"", ""77968334"", ""22766945"", ""177466971"", ""88119764"", ""42368928"", ""183725729"", ""154240""]"
none_subset,1,203591953,114525243,62,64,0,0,0,0,0,0,"[""51323167"", ""65096709"", ""67833941"", ""60189912"", ""15723967"", ""70381552"", ""78092395"", ""120605363"", ""86857938"", ""137020533""]"
none_subset,1,63370365,69511407,4,82,0,0,0,0,0,0,"[""159049760"", ""149095048"", ""144373105"", ""188123591"", ""142506151"", ""170267536"", ""158607543"", ""167104684"", ""86878993"", ""145698626""]"
none_subset,1,181332952,140664088,4,994,0,0,0,0,0,0,"[""144373105"", ""172890535"", ""150679730"", ""120663751"", ""149095048"", ""164940716"", ""173055109"", ""151518049"", ""184087480"", ""9766161""]"
none_subset,1,206157282,181822257,46,1187,0,0,0,0,0,0,"[""116820479"", ""160764333"", ""152716158"", ""70517064"", ""169081503"", ""134902485"", ""171733069"", ""188974662"", ""150742725"", ""172082320""]"
none_subset,1,181959599,144304634,43,29,0,0,0,0,1,1,"[""211884232"", ""196197826"", ""197580291"", ""192287850"", ""196286515"", ""188409353"", ""195905048"", ""188378226"", ""205048222"", ""193444926""]"
none_subset,1,51781247,25706087,38,30,0,0,0,0,1,1,"[""179876069"", ""151108044"", ""11921513"", ""214394715"", ""124508627"", ""69350726"", ""12905940"", ""71896485"", ""8169319"", ""165409487""]"
none_subset,1,223264828,202263291,4,212,0,0,0,0,0,0,"[""69840720"", ""64487189"", ""171902128"", ""112475075"", ""195648794"", ""93517902"", ""50763233"", ""206800954"", ""78628063"", ""180263848""]"
none_subset,1,192749905,162391057,37,290,0,0,0,0,0,0,"[""145815769"", ""173227324"", ""152762226"", ""158117230"", ""152555454"", ""191097656"", ""184515969"", ""196367171"", ""195583647"", ""215022412""]"
none_subset,1,208244305,184923239,37,234,0,0,0,0,0,0,"[""186828113"", ""209286799"", ""200869738"", ""183693328"", ""213416559"", ""208141913"", ""173981806"", ""173640245"", ""123971162"", ""117685268""]"
none_subset,1,224877266,58199619,38,50,0,0,0,0,0,1,"[""198468875"", ""163646287"", ""5564013"", ""123365461"", ""122407287"", ""92748634"", ""174456119"", ""205623617"", ""153625283"", ""192933104""]"
none_subset,1,220471236,187760067,57,31,0,0,0,0,0,1,"[""190887402"", ""210965226"", ""205491700"", ""190378651"", ""211212706"", ""211339479"", ""188061782"", ""195658816"", ""206964179"", ""209083980""]"
none_subset,1,224941317,203188239,64,21,0,0,0,0,1,1,"[""98960696"", ""191710817"", ""133623259"", ""99916433"", ""149496821"", ""204981866"", ""81240114"", ""140768486"", ""172741180"", ""99425109""]"
none_subset,1,209775944,169808391,62,45,0,0,0,0,0,1,"[""15942056"", ""203208937"", ""91170827"", ""17146321"", ""97032103"", ""24867932"", ""186169702"", ""165226777"", ""98179707"", ""73356588""]"
none_subset,1,213024345,193298115,37,300,0,0,0,0,0,0,"[""158889960"", ""215022412"", ""195583647"", ""195296935"", ""190316113"", ""196862128"", ""196367171"", ""210226726"", ""191036451"", ""191911000""]"
none_subset,1,213524880,181268534,37,89,0,0,0,0,0,0,"[""66740441"", ""189381669"", ""120893128"", ""123258872"", ""21114364"", ""70624061"", ""161632409"", ""202222318"", ""145396971"", ""204633870""]"
none_subset,1,224002618,161766916,4,13,0,0,0,0,1,1,"[""193007590"", ""180266107"", ""207935824"", ""161086623"", ""9924656"", ""53541477"", ""146976388"", ""164756819"", ""165023261"", ""90122873""]"
none_subset,1,213966596,193487215,62,1651,0,0,0,0,0,0,"[""91550082"", ""207078341"", ""176645947"", ""204100209"", ""151308081"", ""178836137"", ""134905481"", ""207182070"", ""76665110"", ""193241960""]"
none_subset,1,60521530,65802140,37,462,0,0,0,0,0,0,"[""192387012"", ""17206468"", ""192597928"", ""152508279"", ""200025016"", ""93714502"", ""121841349"", ""190075252"", ""152140191"", ""43972733""]"
none_subset,1,224989367,215160595,64,898,0,0,0,0,0,0,"[""206417241"", ""105912376"", ""201970343"", ""180020484"", ""140273485"", ""55065555"", ""188802952"", ""195516069"", ""99961916"", ""98960696""]"
none_subset,1,224935000,215080686,4,147,0,0,0,0,0,0,"[""191316160"", ""210484477"", ""205600080"", ""214799279"", ""190816300"", ""180843726"", ""203466268"", ""177056777"", ""183750892"", ""183689996""]"
none_subset,1,215554630,181874277,64,3,0,1,1,1,1,1,"[""167172273"", ""202708178"", ""181874277"", ""85531879"", ""193793367"", ""191000780"", ""200883111"", ""144150605"", ""179890391"", ""76668217""]"
none_subset,1,216889570,193584613,37,610,0,0,0,0,0,0,"[""123163900"", ""187134525"", ""197238711"", ""186009397"", ""187502080"", ""195014964"", ""210502009"", ""126753800"", ""210053178"", ""152910319""]"
none_subset,1,217976095,202632009,43,664,0,0,0,0,0,0,"[""209862942"", ""175374033"", ""178819152"", ""120673072"", ""156536547"", ""191629352"", ""146988920"", ""136773099"", ""198078019"", ""161006735""]"
none_subset,1,221119686,204683450,46,3,0,1,1,1,1,1,"[""204980714"", ""201332278"", ""204683450"", ""203164041"", ""201537422"", ""206220197"", ""190450261"", ""167843710"", ""177432966"", ""206506200""]"
none_subset,1,178976339,95069051,62,47,0,0,0,0,0,1,"[""117835777"", ""157472228"", ""167352840"", ""104128337"", ""152115593"", ""64790775"", ""76756819"", ""193710073"", ""133870924"", ""135330582""]"
none_subset,1,174296396,144706392,64,150,0,0,0,0,0,0,"[""145311547"", ""66459509"", ""173526297"", ""95477523"", ""203391872"", ""150385215"", ""117946057"", ""117014804"", ""214883521"", ""73923102""]"
none_subset,1,162732020,106887245,64,606,0,0,0,0,0,0,"[""79130254"", ""37560413"", ""103562123"", ""133864561"", ""197313086"", ""155708697"", ""162652790"", ""122079595"", ""60046348"", ""183298074""]"
none_subset,1,188292667,134824400,37,50,0,0,0,0,0,1,"[""66495486"", ""58893791"", ""119227333"", ""88534873"", ""65129121"", ""141475747"", ""158117230"", ""66740441"", ""41705192"", ""206126959""]"
none_subset,1,219629690,184405228,37,653,0,0,0,0,0,0,"[""201230405"", ""193704109"", ""143255745"", ""154120842"", ""202857509"", ""135332295"", ""169592229"", ""80627031"", ""207322915"", ""192414071""]"
none_subset,1,192642639,164264613,38,546,0,0,0,0,0,0,"[""209590588"", ""182369007"", ""196742641"", ""209921939"", ""206728210"", ""196280032"", ""141272135"", ""151108044"", ""138045329"", ""200085691""]"
none_subset,1,184601754,157101149,37,1276,0,0,0,0,0,0,"[""136371572"", ""21114364"", ""150887352"", ""94966858"", ""172603509"", ""14688074"", ""45171964"", ""150438835"", ""153720008"", ""116240817""]"
none_subset,1,152478006,73836701,46,1517,0,0,0,0,0,0,"[""72730720"", ""172685140"", ""211774611"", ""165223697"", ""194081652"", ""117798860"", ""209824689"", ""58540862"", ""213225779"", ""72266723""]"
none_subset,1,221675799,209588885,43,47,0,0,0,0,0,1,"[""214348389"", ""182399428"", ""195756368"", ""201905433"", ""192741559"", ""192825043"", ""182445092"", ""202626349"", ""185851616"", ""184091403""]"
none_subset,1,151258498,129804983,37,25,0,0,0,0,1,1,"[""81213674"", ""169494298"", ""153418983"", ""202390862"", ""205437401"", ""182501762"", ""169554913"", ""208307303"", ""141779150"", ""208321072""]"
none_subset,1,171994800,140336042,37,295,0,0,0,0,0,0,"[""159856420"", ""185112282"", ""147143113"", ""177381199"", ""119637829"", ""188679659"", ""201252808"", ""187545617"", ""189822829"", ""199961030""]"
none_subset,1,76793789,79372963,38,12,0,0,0,0,1,1,"[""133136953"", ""37809434"", ""99753126"", ""108421334"", ""207100353"", ""12905940"", ""37709032"", ""14434511"", ""148428740"", ""163524272""]"
none_subset,1,218107163,201903468,62,275,0,0,0,0,0,0,"[""208719189"", ""192447937"", ""172899019"", ""191211417"", ""178530215"", ""149874064"", ""199766725"", ""207609626"", ""210452869"", ""210489322""]"
none_subset,1,193567991,138809171,46,50,0,0,0,0,0,1,"[""205283945"", ""213126999"", ""193771129"", ""169607427"", ""200419946"", ""209162282"", ""173423836"", ""136576031"", ""136987133"", ""142607225""]"
none_subset,1,60584347,64050779,43,77,0,0,0,0,0,0,"[""154457739"", ""129913139"", ""176740233"", ""192247862"", ""145947056"", ""93791111"", ""194634429"", ""178850565"", ""60767330"", ""190193667""]"
none_subset,1,139695886,103799422,38,72,0,0,0,0,0,0,"[""88485908"", ""107256101"", ""111175760"", ""181132638"", ""176971005"", ""169064521"", ""146889690"", ""189460577"", ""192191594"", ""157993089""]"
none_subset,1,224613468,214052031,62,585,0,0,0,0,0,0,"[""172843229"", ""172899019"", ""210452869"", ""201947888"", ""127752448"", ""201937208"", ""108664006"", ""82385738"", ""178530215"", ""212090087""]"
none_subset,1,177997398,140588027,57,1673,0,0,0,0,0,0,"[""211785457"", ""194409455"", ""107527374"", ""83088208"", ""20283767"", ""160823099"", ""199908579"", ""205076818"", ""90186991"", ""46330390""]"
none_subset,1,153056005,125339147,57,854,0,0,0,0,0,0,"[""186151702"", ""168536218"", ""204658040"", ""160823099"", ""74980800"", ""110306995"", ""184599616"", ""165674944"", ""203413072"", ""62696356""]"
none_subset,1,211216484,189303936,64,11,0,0,0,0,1,1,"[""79234720"", ""119000250"", ""201421429"", ""118138755"", ""174095805"", ""138803213"", ""148414231"", ""83985248"", ""115848580"", ""119643934""]"
none_subset,1,39595977,43972733,37,66,0,0,0,0,0,0,"[""200025016"", ""152508279"", ""93714502"", ""152102790"", ""145502443"", ""197580749"", ""126361288"", ""195670135"", ""104989552"", ""152140191""]"
none_subset,1,117986185,104705407,4,669,0,0,0,0,0,0,"[""123613267"", ""116662369"", ""65093644"", ""174891772"", ""184954811"", ""143548483"", ""193951937"", ""205322075"", ""119654700"", ""192944634""]"
none_subset,1,138252107,119498324,62,671,0,0,0,0,0,0,"[""97195771"", ""99563204"", ""91550082"", ""57547838"", ""156442595"", ""152815967"", ""76665110"", ""46446514"", ""134905481"", ""151308081""]"
none_subset,1,223273152,212299208,62,347,0,0,0,0,0,0,"[""167732430"", ""176607034"", ""168748685"", ""35329065"", ""204646039"", ""104004010"", ""131293364"", ""119531432"", ""124191751"", ""75037502""]"
none_subset,1,114281259,95431648,38,676,0,0,0,0,0,0,"[""158493521"", ""191440222"", ""119135437"", ""158650746"", ""195491478"", ""150834782"", ""145768091"", ""2578071"", ""178462865"", ""166911507""]"
none_subset,1,193899357,165698022,43,1626,0,0,0,0,0,0,"[""190077562"", ""160105387"", ""193482080"", ""210561607"", ""106625864"", ""172065222"", ""202233335"", ""201658546"", ""137241438"", ""193444926""]"
none_subset,1,165710853,72951226,37,38,0,0,0,0,0,1,"[""111516361"", ""160024398"", ""168926436"", ""128710800"", ""126406153"", ""162736140"", ""181014160"", ""210782160"", ""177756178"", ""175906876""]"
none_subset,1,220600511,199866100,37,179,0,0,0,0,0,0,"[""154731935"", ""195252247"", ""193007467"", ""215484131"", ""168115320"", ""154732137"", ""154803527"", ""208935536"", ""204860223"", ""167700536""]"
none_subset,1,225300966,213218151,4,2346,0,0,0,0,0,0,"[""64185045"", ""160102626"", ""96420385"", ""136231548"", ""181206759"", ""188802396"", ""157610724"", ""22766945"", ""75828042"", ""98076075""]"
none_subset,1,104000026,92847015,43,26,0,0,0,0,1,1,"[""204570694"", ""71896649"", ""191363897"", ""127415515"", ""201006052"", ""143317431"", ""196746909"", ""112596322"", ""24058906"", ""95818019""]"
none_subset,1,182345427,126295732,64,1376,0,0,0,0,0,0,"[""202708847"", ""105652723"", ""151526168"", ""164025251"", ""152212605"", ""212527992"", ""27162317"", ""118138755"", ""148414231"", ""186850320""]"
none_subset,1,162486343,128431328,38,203,0,0,0,0,0,0,"[""138796357"", ""123163905"", ""169283590"", ""72735927"", ""133274826"", ""171087357"", ""163815969"", ""116766569"", ""177505638"", ""153394371""]"
none_subset,1,224984291,213655844,46,1,1,1,1,1,1,1,"[""213655844"", ""73921798"", ""203022989"", ""115290677"", ""48680779"", ""171907300"", ""140437226"", ""208306039"", ""125554765"", ""171846733""]"
none_subset,1,84314437,78183845,46,224,0,0,0,0,0,0,"[""17698917"", ""76396478"", ""168815908"", ""13940893"", ""165253665"", ""76493325"", ""78390422"", ""52993669"", ""168442343"", ""181041821""]"
none_subset,1,218226410,199136571,43,34,0,0,0,0,0,1,"[""76736407"", ""115216679"", ""101587771"", ""140307868"", ""96854864"", ""94195633"", ""114763824"", ""15015983"", ""95511047"", ""147179804""]"
none_subset,1,49107204,49933218,46,168,0,0,0,0,0,0,"[""201469244"", ""213174015"", ""109601605"", ""144032873"", ""193771129"", ""82753953"", ""136423014"", ""210482648"", ""139629122"", ""83762138""]"
none_subset,1,214344335,163348531,37,10,0,0,0,1,1,1,"[""186593902"", ""166930108"", ""190452534"", ""150438835"", ""127955533"", ""178992260"", ""152102790"", ""153568815"", ""165174023"", ""163348531""]"
none_subset,1,31317843,23408401,4,104,0,0,0,0,0,0,"[""144373105"", ""160102626"", ""200468822"", ""136231548"", ""211832428"", ""203390748"", ""168463453"", ""98076075"", ""141920129"", ""93127365""]"
none_subset,1,224204162,212715570,37,180,0,0,0,0,0,0,"[""211987844"", ""183519446"", ""164058126"", ""210025924"", ""211804795"", ""177838111"", ""213416559"", ""206298544"", ""210666947"", ""197238711""]"
none_subset,1,189373853,130801453,4,552,0,0,0,0,0,0,"[""75870943"", ""104121894"", ""78954752"", ""189959076"", ""57016975"", ""99427859"", ""129525709"", ""148023845"", ""207122616"", ""114908572""]"
none_subset,1,222044678,167888045,62,271,0,0,0,0,0,0,"[""133228837"", ""199182211"", ""203449670"", ""128589400"", ""144402794"", ""110895997"", ""153551332"", ""28993845"", ""214748374"", ""205216281""]"
none_subset,1,208010109,163280205,38,124,0,0,0,0,0,0,"[""158574234"", ""119135437"", ""149755002"", ""130168090"", ""178462865"", ""136989956"", ""137269278"", ""16689432"", ""123190192"", ""202112251""]"
none_subset,1,205419462,160127507,37,498,0,0,0,0,0,0,"[""192255903"", ""33066220"", ""118291817"", ""169198169"", ""205911104"", ""119926476"", ""196559300"", ""191060958"", ""191137542"", ""189646922""]"
none_subset,1,97825776,70629467,38,215,0,0,0,0,0,0,"[""72092510"", ""350786"", ""70118559"", ""145871617"", ""77338935"", ""144183456"", ""170281060"", ""53171694"", ""114055239"", ""85968650""]"
none_subset,1,222906631,193455135,62,1237,0,0,0,0,0,0,"[""173383036"", ""154898137"", ""211901178"", ""119396258"", ""143226394"", ""136598057"", ""73906788"", ""192653562"", ""205254156"", ""154898111""]"
none_subset,1,220459435,143226636,64,1470,0,0,0,0,0,0,"[""31683521"", ""136714774"", ""58475692"", ""177028452"", ""60124479"", ""80281524"", ""83604987"", ""210873715"", ""101224348"", ""63861102""]"
none_subset,1,51126117,37520314,43,406,0,0,0,0,0,0,"[""43872203"", ""41756235"", ""62486624"", ""59547777"", ""144710651"", ""166752829"", ""60767330"", ""40402254"", ""60362710"", ""146413132""]"
none_subset,1,94523277,84248620,43,3,0,1,1,1,1,1,"[""91124875"", ""65148519"", ""84248620"", ""154766461"", ""18118516"", ""148294908"", ""109890234"", ""105238183"", ""196069283"", ""142661471""]"
none_subset,1,121083928,108934756,46,241,0,0,0,0,0,0,"[""168394424"", ""210829117"", ""76370473"", ""52121794"", ""61233280"", ""140498480"", ""168693005"", ""136715816"", ""135605303"", ""209924661""]"
none_subset,1,221352273,98882441,43,115,0,0,0,0,0,0,"[""126702260"", ""100333045"", ""158391463"", ""127047625"", ""98581026"", ""127254122"", ""137780242"", ""164097777"", ""125638272"", ""153840249""]"
none_subset,1,175473031,127669129,38,970,0,0,0,0,0,0,"[""19105395"", ""171909035"", ""188178632"", ""36621623"", ""151407481"", ""72549464"", ""189745383"", ""174576143"", ""93265631"", ""208718442""]"
none_subset,1,116625385,103725802,62,65,0,0,0,0,0,0,"[""180167452"", ""107955635"", ""99563204"", ""188263596"", ""194707540"", ""188189839"", ""18880304"", ""946452"", ""57578588"", ""213056096""]"
none_subset,1,223988089,213483179,4,10,0,0,0,1,1,1,"[""210550451"", ""208780104"", ""206636227"", ""194160187"", ""193001991"", ""191316160"", ""182904703"", ""193481695"", ""205600080"", ""213483179""]"
none_subset,1,219120638,204141781,4,25,0,0,0,0,1,1,"[""215198902"", ""191033158"", ""179258061"", ""196270392"", ""177056777"", ""207791923"", ""179962753"", ""180180713"", ""131549903"", ""133070539""]"
none_subset,1,215082446,203402486,37,28,0,0,0,0,1,1,"[""148500212"", ""173181064"", ""152910319"", ""212263607"", ""121097766"", ""212381571"", ""166149565"", ""168816718"", ""195715759"", ""173966675""]"
none_subset,1,196002134,161849215,38,32,0,0,0,0,0,1,"[""174772308"", ""173812439"", ""193054363"", ""138028240"", ""146515526"", ""172923145"", ""210532129"", ""201534584"", ""172497197"", ""190563739""]"
none_subset,1,208449521,185245568,57,34,0,0,0,0,0,1,"[""188457754"", ""187720102"", ""212600538"", ""153321595"", ""183693697"", ""183669341"", ""210399533"", ""208983504"", ""165109337"", ""206964493""]"
none_subset,1,183171638,145779083,64,81,0,0,0,0,0,0,"[""60032340"", ""138803213"", ""125561073"", ""80281524"", ""179201033"", ""115580201"", ""204824313"", ""181619566"", ""62550428"", ""149715107""]"
none_subset,1,220410698,197891724,43,284,0,0,0,0,0,0,"[""168131196"", ""164251704"", ""197613208"", ""151145810"", ""71803254"", ""102424723"", ""66709739"", ""67909736"", ""199520065"", ""209546973""]"
none_subset,1,221535047,179411117,64,152,0,0,0,0,0,0,"[""167172273"", ""111165071"", ""157190922"", ""181874277"", ""193793367"", ""132289907"", ""126295674"", ""139261502"", ""112902032"", ""98469115""]"
none_subset,1,216601243,200027492,64,250,0,0,0,0,0,0,"[""192779268"", ""206705882"", ""168805608"", ""208628985"", ""188610188"", ""72224328"", ""149772224"", ""85531879"", ""172741180"", ""147553253""]"
none_subset,1,220873388,199918988,37,774,0,0,0,0,0,0,"[""123163900"", ""187502080"", ""126753800"", ""153111696"", ""189202972"", ""63579301"", ""156934315"", ""151560800"", ""208597485"", ""186009397""]"
none_subset,1,217693454,177166442,43,3,0,1,1,1,1,1,"[""194244577"", ""192576430"", ""177166442"", ""178042138"", ""191630482"", ""125552119"", ""122714725"", ""157155745"", ""178008108"", ""110518290""]"
none_subset,1,173520109,99275075,43,13,0,0,0,0,1,1,"[""215371526"", ""53748847"", ""166752829"", ""5568612"", ""206400055"", ""77390218"", ""111562797"", ""206707474"", ""114163759"", ""98114179""]"
none_subset,1,212767210,189061237,64,655,0,0,0,0,0,0,"[""142562860"", ""203998962"", ""136038725"", ""199512980"", ""157545455"", ""182199798"", ""155578463"", ""206551548"", ""138798142"", ""145970325""]"
none_subset,1,91880497,88249240,64,122,0,0,0,0,0,0,"[""71984328"", ""162005637"", ""168661537"", ""139856523"", ""105956443"", ""141733590"", ""156966555"", ""209149604"", ""138798142"", ""179210556""]"
none_subset,1,153313707,122241592,37,69,0,0,0,0,0,0,"[""33563950"", ""143065524"", ""186464825"", ""171803364"", ""105569391"", ""118848444"", ""164454930"", ""154942150"", ""175079189"", ""12185913""]"
none_subset,1,207456721,126618856,43,33,0,0,0,0,0,1,"[""193746203"", ""200392561"", ""108684069"", ""183640029"", ""166186965"", ""164268294"", ""192942930"", ""170651164"", ""166344121"", ""208309750""]"
none_subset,1,161209672,138898252,4,15,0,0,0,0,1,1,"[""163708754"", ""123336352"", ""213491115"", ""8145436"", ""133370194"", ""88024994"", ""140574697"", ""80097875"", ""138439398"", ""143713886""]"
none_subset,1,187312138,148067653,37,350,0,0,0,0,0,0,"[""120040052"", ""53410176"", ""105224939"", ""70624061"", ""78200756"", ""45171964"", ""21114364"", ""187819119"", ""187043151"", ""105274553""]"
none_subset,1,54146503,56795758,4,203,0,0,0,0,0,0,"[""56134226"", ""198809896"", ""119900827"", ""214045806"", ""77968334"", ""213127345"", ""215198902"", ""155106827"", ""42368928"", ""146961197""]"
none_subset,1,210255972,188314835,62,107,0,0,0,0,0,0,"[""32728587"", ""182029851"", ""172695759"", ""176645947"", ""91550082"", ""105231780"", ""204100209"", ""148844442"", ""128579095"", ""142923518""]"
none_subset,1,207031014,150231110,57,104,0,0,0,0,0,0,"[""174010829"", ""205832430"", ""20283767"", ""180417908"", ""135046482"", ""160823099"", ""141707543"", ""110871984"", ""180583441"", ""84818159""]"
none_subset,1,199520065,173406416,57,91,0,0,0,0,0,0,"[""200869212"", ""199205992"", ""207414777"", ""210672605"", ""203157936"", ""211475673"", ""211386571"", ""195614608"", ""172288940"", ""195501209""]"
none_subset,1,215503911,187812442,37,115,0,0,0,0,0,0,"[""119637829"", ""20494402"", ""147143113"", ""192307803"", ""142288546"", ""201252808"", ""149631379"", ""121116115"", ""189822829"", ""99231086""]"
none_subset,1,216752174,12178696,57,709,0,0,0,0,0,0,"[""158555938"", ""165637321"", ""112042068"", ""208057478"", ""207899750"", ""170745002"", ""172961532"", ""203970534"", ""202223595"", ""49145437""]"
none_subset,1,196206050,103725130,62,1258,0,0,0,0,0,0,"[""202517117"", ""60136376"", ""213202334"", ""182029851"", ""61011874"", ""36293036"", ""146276364"", ""77814443"", ""210720075"", ""79777747""]"
none_subset,1,195732783,167970913,62,95,0,0,0,0,0,0,"[""191519026"", ""157926065"", ""194068432"", ""147492641"", ""196219672"", ""204033047"", ""140748898"", ""167296312"", ""110270218"", ""114898453""]"
none_subset,1,219385996,204738388,64,132,0,0,0,0,0,0,"[""204824313"", ""156194814"", ""162295780"", ""190043031"", ""138800320"", ""178000493"", ""149715107"", ""198307794"", ""194094670"", ""117481999""]"
none_subset,1,164141610,140447135,4,333,0,0,0,0,0,0,"[""181206759"", ""215675334"", ""76519929"", ""205917654"", ""193951937"", ""211608400"", ""22766945"", ""204285378"", ""142085087"", ""188802396""]"
none_subset,1,207144471,179312045,43,51,0,0,0,0,0,0,"[""120594115"", ""147531803"", ""106374937"", ""132730440"", ""147419433"", ""195326177"", ""163402666"", ""172028249"", ""151763502"", ""1670089""]"
none_subset,1,218707519,194193597,37,2885,0,0,0,0,0,0,"[""123163900"", ""103057199"", ""208597485"", ""159856420"", ""51981897"", ""73570785"", ""142990642"", ""170049514"", ""185847475"", ""153205116""]"
none_subset,1,184643244,136188138,43,655,0,0,0,0,0,0,"[""127635452"", ""98570059"", ""150088912"", ""157682449"", ""181167814"", ""127203559"", ""195326177"", ""115230082"", ""159478691"", ""92729753""]"
none_subset,1,190676291,129735644,37,27,0,0,0,0,1,1,"[""206926374"", ""147143113"", ""143805569"", ""151560800"", ""126929630"", ""126361288"", ""188679659"", ""198951012"", ""177381199"", ""188742562""]"
none_subset,1,220483436,203171809,46,4,0,0,1,1,1,1,"[""179344154"", ""199718807"", ""213400898"", ""203171809"", ""158137346"", ""146586089"", ""204540006"", ""172755597"", ""145210755"", ""201024429""]"
none_subset,1,143144936,113922393,43,226,0,0,0,0,0,0,"[""118952445"", ""196601703"", ""88408415"", ""163402666"", ""100976417"", ""202111236"", ""147531803"", ""83075724"", ""109622560"", ""85304386""]"
none_subset,1,148639615,127456600,64,185,0,0,0,0,0,0,"[""146444401"", ""63474547"", ""80281524"", ""146630451"", ""116335085"", ""46094230"", ""196347311"", ""93604401"", ""68685146"", ""188128198""]"
none_subset,1,198739700,143853422,46,170,0,0,0,0,0,0,"[""205315794"", ""59097004"", ""111614660"", ""156263625"", ""167383627"", ""154894208"", ""196783083"", ""127947793"", ""139649558"", ""184646371""]"
none_subset,1,178363367,76515539,4,366,0,0,0,0,0,0,"[""200206633"", ""116662369"", ""71990231"", ""121025812"", ""126889201"", ""22766945"", ""88119764"", ""206598790"", ""142451414"", ""154727199""]"
none_subset,1,221497820,205217800,37,789,0,0,0,0,0,0,"[""193511575"", ""173981806"", ""204077513"", ""201660893"", ""195583647"", ""158889960"", ""200278482"", ""215631921"", ""173640245"", ""209386603""]"
none_subset,1,212427235,192331154,4,2,0,1,1,1,1,1,"[""72373127"", ""192331154"", ""186827392"", ""190594964"", ""193879806"", ""192331065"", ""192877167"", ""146764647"", ""195513078"", ""191627911""]"
none_subset,1,225330143,209736185,37,43,0,0,0,0,0,1,"[""212271042"", ""187222340"", ""193995538"", ""209585249"", ""211804795"", ""210478382"", ""203803337"", ""215432506"", ""203730564"", ""195014964""]"
none_subset,1,149653684,129743423,46,560,0,0,0,0,0,0,"[""201961238"", ""92306012"", ""119145716"", ""97623791"", ""183484544"", ""191792029"", ""104586565"", ""113130959"", ""177204083"", ""71898794""]"
none_subset,1,222741617,189469136,62,634,0,0,0,0,0,0,"[""79175068"", ""211901178"", ""45959409"", ""154898137"", ""127120146"", ""71461693"", ""189581503"", ""94242464"", ""212334345"", ""148891602""]"
none_subset,1,213530281,132708440,4,493,0,0,0,0,0,0,"[""19130713"", ""176039610"", ""213979278"", ""123881493"", ""79486528"", ""173758812"", ""195717749"", ""163608455"", ""22766945"", ""146961197""]"
none_subset,1,221051112,158758245,46,160,0,0,0,0,0,0,"[""176672668"", ""205295168"", ""178086628"", ""141013834"", ""105346807"", ""195720861"", ""201864450"", ""136265350"", ""172456113"", ""204899704""]"
none_subset,1,191124002,152338035,64,747,0,0,0,0,0,0,"[""112902032"", ""92304326"", ""179200790"", ""41031023"", ""135599268"", ""182224096"", ""77671900"", ""147880315"", ""165717472"", ""174916841""]"
none_subset,1,131711339,111176115,38,313,0,0,0,0,0,0,"[""11921513"", ""192191594"", ""127107925"", ""202987035"", ""41147018"", ""179448345"", ""123704552"", ""52533378"", ""211427284"", ""113456040""]"
none_subset,1,218053735,202872734,46,24,0,0,0,0,1,1,"[""158884723"", ""141613878"", ""168124994"", ""205239580"", ""172755597"", ""118565908"", ""203915067"", ""211131554"", ""203644944"", ""205395738""]"
none_subset,1,209953485,170224824,37,249,0,0,0,0,0,0,"[""149828994"", ""151240773"", ""164221751"", ""205214483"", ""140057420"", ""142700161"", ""127586489"", ""126903280"", ""156835238"", ""196169860""]"
none_subset,1,123145704,104800968,62,1445,0,0,0,0,0,0,"[""95190192"", ""91322924"", ""182590419"", ""147662184"", ""160036757"", ""155253745"", ""137201594"", ""190299327"", ""46137767"", ""70069885""]"
none_subset,1,220591624,189374146,43,286,0,0,0,0,0,0,"[""180428174"", ""196161576"", ""197833947"", ""184693526"", ""195224828"", ""196286515"", ""214983787"", ""212129667"", ""209286657"", ""207732639""]"
none_subset,1,207886052,180281437,57,326,0,0,0,0,0,0,"[""213406997"", ""187950832"", ""172994991"", ""210440269"", ""193303170"", ""209640231"", ""207134458"", ""200053839"", ""179059502"", ""195095588""]"
none_subset,1,146729202,126538280,46,31,0,0,0,0,0,1,"[""110594662"", ""81506359"", ""138570829"", ""167967668"", ""211021216"", ""138605976"", ""212429674"", ""132671791"", ""150754478"", ""111471139""]"
none_subset,1,182901850,152170362,37,91,0,0,0,0,0,0,"[""195296935"", ""190316113"", ""190075252"", ""215022412"", ""191911000"", ""180546104"", ""55796783"", ""191432109"", ""191137542"", ""195583647""]"
none_subset,1,85386587,79117002,64,716,0,0,0,0,0,0,"[""149831959"", ""193722885"", ""197313086"", ""171408916"", ""150470372"", ""203593619"", ""202433384"", ""79130254"", ""183739322"", ""183298074""]"
none_subset,1,220108881,173970730,64,971,0,0,0,0,0,0,"[""183611195"", ""173661276"", ""188286775"", ""14352417"", ""121255930"", ""114822134"", ""193536959"", ""148743441"", ""111626622"", ""192779268""]"
none_subset,1,136231774,118321491,46,347,0,0,0,0,0,0,"[""113055852"", ""79146025"", ""142537342"", ""137569131"", ""115212834"", ""143689220"", ""129338201"", ""183939554"", ""169435001"", ""59097004""]"
none_subset,1,218076458,202391654,43,756,0,0,0,0,0,0,"[""182445092"", ""184996236"", ""206290556"", ""192944095"", ""151954619"", ""209666551"", ""210822887"", ""123511609"", ""143611276"", ""211582481""]"
none_subset,1,151457040,131972279,38,1008,0,0,0,0,0,0,"[""135792591"", ""162345431"", ""101958100"", ""199909965"", ""151872967"", ""165274768"", ""162735920"", ""173982284"", ""204913338"", ""132694650""]"
none_subset,1,94771580,90931027,4,288,0,0,0,0,0,0,"[""198808044"", ""165023261"", ""166106900"", ""205390513"", ""204202021"", ""184199440"", ""214304902"", ""9924656"", ""169992252"", ""27693819""]"
none_subset,1,195834261,152715274,43,752,0,0,0,0,0,0,"[""139462778"", ""210273616"", ""79676853"", ""174164151"", ""210321299"", ""207051663"", ""162791674"", ""207704696"", ""164527202"", ""215496241""]"
none_subset,1,225335264,213936097,38,30,0,0,0,0,1,1,"[""12905940"", ""133136953"", ""127669239"", ""165409487"", ""108421334"", ""26955008"", ""179876069"", ""79372963"", ""8169319"", ""187618377""]"
none_subset,1,217442424,194999634,37,1063,0,0,0,0,0,0,"[""194374377"", ""187324915"", ""193409144"", ""210226726"", ""194831266"", ""163257301"", ""206298198"", ""191911000"", ""175522207"", ""195583647""]"
none_subset,1,170306265,132521306,62,1523,0,0,0,0,0,0,"[""74623939"", ""66010243"", ""150060889"", ""135632302"", ""146420142"", ""127468656"", ""102538292"", ""174851934"", ""197263222"", ""101066716""]"
none_subset,1,225100806,194420087,38,68,0,0,0,0,0,0,"[""149755002"", ""123190192"", ""163646287"", ""112966589"", ""153333213"", ""137589971"", ""92748634"", ""158493521"", ""57745679"", ""207390535""]"
none_subset,1,151560675,130163312,43,747,0,0,0,0,0,0,"[""33852949"", ""207753535"", ""208265800"", ""186403472"", ""210446436"", ""13333510"", ""49130482"", ""70425482"", ""204207508"", ""151416547""]"
none_subset,1,171987040,118260233,57,2,0,1,1,1,1,1,"[""190632146"", ""118260233"", ""15022157"", ""196862481"", ""126962839"", ""142771205"", ""193699814"", ""163252829"", ""202770273"", ""204632527""]"
none_subset,1,202153214,123069558,4,6,0,0,0,1,1,1,"[""158546701"", ""141440077"", ""165619853"", ""208445219"", ""160188245"", ""123069558"", ""113199812"", ""209043508"", ""205025057"", ""182893664""]"
none_subset,1,78072053,59483816,64,136,0,0,0,0,0,0,"[""138115654"", ""189319927"", ""181619566"", ""121442493"", ""198088605"", ""167740456"", ""184002672"", ""190786565"", ""194835735"", ""161824377""]"
none_subset,1,207493523,182899766,38,79,0,0,0,0,0,0,"[""205170862"", ""102106304"", ""194478821"", ""190110099"", ""189348629"", ""203456374"", ""138045329"", ""192920732"", ""120501914"", ""172823627""]"
none_subset,1,187751524,117977369,62,456,0,0,0,0,0,0,"[""211990154"", ""181009550"", ""167442339"", ""207621902"", ""154677877"", ""185057131"", ""212021633"", ""206696431"", ""112177351"", ""202459656""]"
none_subset,1,224353790,176867327,4,88,0,0,0,0,0,0,"[""98076075"", ""149095048"", ""122594682"", ""181306942"", ""188802396"", ""193831253"", ""23408401"", ""184087480"", ""168463453"", ""159922963""]"
none_subset,1,224963732,63150406,4,54,0,0,0,0,0,0,"[""60532395"", ""181306942"", ""199834780"", ""136187384"", ""23408401"", ""84839916"", ""166377219"", ""22859510"", ""101609584"", ""133370194""]"
none_subset,1,188363890,157022245,37,127,0,0,0,0,0,0,"[""119637829"", ""195045046"", ""127955533"", ""147143113"", ""200025016"", ""155926657"", ""152102790"", ""189822829"", ""190452534"", ""185112282""]"
none_subset,1,111391777,80592176,43,2424,0,0,0,0,0,0,"[""112544549"", ""184777155"", ""191701840"", ""199487526"", ""119119405"", ""145071351"", ""190076056"", ""163269973"", ""158675202"", ""160966785""]"
none_subset,1,185861316,157034330,43,2651,0,0,0,0,0,0,"[""115215817"", ""144710651"", ""166752829"", ""158792208"", ""116962789"", ""190193667"", ""213553578"", ""99275075"", ""70843932"", ""172105201""]"
none_subset,1,199220900,172517595,46,126,0,0,0,0,0,0,"[""209824689"", ""211774611"", ""72730720"", ""113497361"", ""145094112"", ""172685140"", ""93926902"", ""127291551"", ""194081652"", ""171073715""]"
none_subset,1,194601945,167254572,57,553,0,0,0,0,0,0,"[""204632527"", ""202770273"", ""205338582"", ""126962839"", ""182256012"", ""209502529"", ""211568673"", ""85332654"", ""185584299"", ""183982826""]"
none_subset,1,209766875,129198704,62,110,0,0,0,0,0,0,"[""146833356"", ""202517117"", ""206062280"", ""79802279"", ""210720075"", ""169222138"", ""70799922"", ""188277799"", ""186141115"", ""155977860""]"
none_subset,1,116160094,86336122,46,152,0,0,0,0,0,0,"[""146029150"", ""194132989"", ""12880586"", ""50541291"", ""172250706"", ""101304130"", ""119093613"", ""210724130"", ""205233162"", ""182136657""]"
none_subset,1,147717089,108862398,64,2,0,1,1,1,1,1,"[""200497374"", ""108862398"", ""148413683"", ""131569653"", ""83781866"", ""124531646"", ""158680148"", ""156694576"", ""146365324"", ""135684313""]"
none_subset,1,186626837,158545727,4,19,0,0,0,0,1,1,"[""191509023"", ""120205229"", ""192786300"", ""184476437"", ""192331065"", ""146180479"", ""194507763"", ""146764647"", ""192314331"", ""173529593""]"
none_subset,1,119314301,106027581,38,9,0,0,0,1,1,1,"[""76978137"", ""8550716"", ""117565422"", ""192721742"", ""124508627"", ""179876069"", ""122407287"", ""28421314"", ""106027581"", ""186580987""]"
none_subset,1,204757422,175989090,38,2332,0,0,0,0,0,0,"[""126409844"", ""172773467"", ""193744229"", ""81584170"", ""199402447"", ""155422545"", ""202202801"", ""152236293"", ""162735920"", ""143391268""]"
none_subset,1,219332289,205051314,38,118,0,0,0,0,0,0,"[""203377427"", ""187069957"", ""160066387"", ""69350726"", ""147242050"", ""193949384"", ""149816343"", ""212169244"", ""11921513"", ""96549387""]"
none_subset,1,186986097,133869230,62,1750,0,0,0,0,0,0,"[""185125027"", ""93485203"", ""81862127"", ""178376577"", ""200920132"", ""211901178"", ""25909881"", ""174719537"", ""158436111"", ""198271640""]"
none_subset,1,224030595,213046127,37,37,0,0,0,0,0,1,"[""177838111"", ""164058126"", ""210666947"", ""210025924"", ""203837820"", ""213416559"", ""212216117"", ""197238711"", ""207536937"", ""183519446""]"
none_subset,1,223060529,211190408,46,53,0,0,0,0,0,0,"[""183049052"", ""168398292"", ""174705087"", ""76061645"", ""131917509"", ""188213435"", ""135710902"", ""213247950"", ""209773758"", ""204219042""]"
none_subset,1,225333086,214293298,46,437,0,0,0,0,0,0,"[""160673739"", ""105346807"", ""176672668"", ""177962710"", ""210448956"", ""129461367"", ""105074956"", ""208805779"", ""195720861"", ""178405632""]"
none_subset,1,223202492,212168854,43,84,0,0,0,0,0,0,"[""176670642"", ""171833857"", ""136943547"", ""204891079"", ""183029564"", ""66798140"", ""145698725"", ""183404665"", ""29596208"", ""198166094""]"
none_subset,1,102160839,96260659,57,1061,0,0,0,0,0,0,"[""146957178"", ""200053839"", ""149204965"", ""196245087"", ""79106814"", ""83357296"", ""71619080"", ""77481636"", ""33719673"", ""22717893""]"
none_subset,1,206290777,118125733,37,424,0,0,0,0,0,0,"[""192913849"", ""195715759"", ""163655065"", ""138622989"", ""161133997"", ""150765445"", ""166149565"", ""83732259"", ""196683792"", ""168816718""]"
none_subset,1,205775114,168366363,4,105,0,0,0,0,0,0,"[""76695262"", ""124893597"", ""128402566"", ""72045166"", ""143872793"", ""202362364"", ""80737939"", ""211473289"", ""141130959"", ""146168593""]"
none_subset,1,213047715,192139123,37,668,0,0,0,0,0,0,"[""205679951"", ""196133478"", ""91173744"", ""156440997"", ""164430683"", ""143084610"", ""109707567"", ""184071121"", ""147947722"", ""192511179""]"
none_subset,1,207498692,142735207,64,282,0,0,0,0,0,0,"[""115988300"", ""193298062"", ""119643934"", ""115580201"", ""146630451"", ""147984435"", ""153356810"", ""214208964"", ""123523267"", ""83985248""]"
none_subset,1,208946500,161751974,62,936,0,0,0,0,0,0,"[""210678182"", ""106557292"", ""123665712"", ""123694454"", ""188189839"", ""160693723"", ""148844442"", ""191872666"", ""98255078"", ""141918937""]"
none_subset,1,33617843,36111005,46,52,0,0,0,0,0,0,"[""138953275"", ""132894879"", ""47210633"", ""212434559"", ""141714974"", ""109562038"", ""131559721"", ""213533998"", ""109922545"", ""111439009""]"
none_subset,1,193642806,139649558,46,21,0,0,0,0,1,1,"[""154894212"", ""205315794"", ""154894208"", ""134691092"", ""196783083"", ""194854155"", ""167464610"", ""193874948"", ""204631912"", ""210348218""]"
none_subset,1,192026550,119096193,38,10,0,0,0,1,1,1,"[""204985593"", ""149755002"", ""137589971"", ""145151055"", ""163802369"", ""158493521"", ""150005558"", ""16689432"", ""211362223"", ""119096193""]"
none_subset,1,179279562,148395469,38,521,0,0,0,0,0,0,"[""127539785"", ""28399802"", ""120618466"", ""67127804"", ""165753540"", ""209258995"", ""116226486"", ""159864740"", ""150241983"", ""159268049""]"
none_subset,1,208649877,184547134,38,1310,0,0,0,0,0,0,"[""207100353"", ""31197704"", ""12905940"", ""154107984"", ""133136953"", ""148428740"", ""123821164"", ""74273124"", ""126393314"", ""37709032""]"
none_subset,1,222409288,206947052,4,15,0,0,0,0,1,1,"[""205025057"", ""205530255"", ""93707137"", ""123069558"", ""211469837"", ""209043508"", ""206235969"", ""204869184"", ""185596367"", ""134828860""]"
none_subset,1,192463695,164467222,43,315,0,0,0,0,0,0,"[""212408069"", ""198320674"", ""203448395"", ""81237683"", ""188582346"", ""140307868"", ""184091403"", ""117448343"", ""94195633"", ""171948652""]"
none_subset,1,24131087,23370473,64,1133,0,0,0,0,0,0,"[""80281524"", ""181619566"", ""19607163"", ""187708913"", ""90897593"", ""148414231"", ""85881610"", ""162665168"", ""146630451"", ""133214115""]"
none_subset,1,219575931,204090999,57,2033,0,0,0,0,0,0,"[""110109390"", ""165637321"", ""170453821"", ""121902729"", ""84855372"", ""132519429"", ""183993242"", ""99228573"", ""98039533"", ""188573311""]"
none_subset,1,195871684,167314927,62,2749,0,0,0,0,0,0,"[""135632302"", ""101066716"", ""165955561"", ""208335318"", ""214173290"", ""70069885"", ""66010243"", ""162715321"", ""143932676"", ""96606456""]"
none_subset,1,196322778,76668217,64,53,0,0,0,0,0,0,"[""212429237"", ""180956690"", ""195536621"", ""173115999"", ""181529530"", ""165717472"", ""173622745"", ""135170809"", ""149283050"", ""193084026""]"
none_subset,1,216142657,191096738,4,130,0,0,0,0,0,0,"[""152566280"", ""171447530"", ""203048719"", ""160129846"", ""130299986"", ""200963858"", ""150920816"", ""153111279"", ""194783569"", ""201582207""]"
none_subset,1,82006848,78523755,64,24,0,0,0,0,1,1,"[""83781866"", ""193135598"", ""44132236"", ""130094229"", ""131569653"", ""155708697"", ""205920501"", ""118462041"", ""21707133"", ""83781980""]"
none_subset,1,217905927,201535486,43,260,0,0,0,0,0,0,"[""208096405"", ""156158359"", ""197613208"", ""169778182"", ""168131196"", ""151145810"", ""208864917"", ""158387518"", ""167265742"", ""192944095""]"
none_subset,1,208390545,59625040,46,1094,0,0,0,0,0,0,"[""168815908"", ""212469100"", ""200555275"", ""195936103"", ""141781507"", ""172344554"", ""13940893"", ""209764015"", ""76396478"", ""131042947""]"
none_subset,1,179369744,73560534,38,1364,0,0,0,0,0,0,"[""156424467"", ""179234058"", ""97083478"", ""77869775"", ""107880171"", ""208718442"", ""177165475"", ""195491478"", ""81220432"", ""188214883""]"
none_subset,1,101140480,94325281,64,1302,0,0,0,0,0,0,"[""80281524"", ""31683521"", ""147667682"", ""148414231"", ""159020740"", ""96431966"", ""46094230"", ""185451532"", ""17386508"", ""33116395""]"
none_subset,1,89674009,81691027,38,25,0,0,0,0,1,1,"[""155422545"", ""156614334"", ""85274599"", ""145697018"", ""200850313"", ""125136923"", ""78137458"", ""200285040"", ""53171694"", ""139134458""]"
none_subset,1,142761922,125568463,46,1167,0,0,0,0,0,0,"[""108154891"", ""79166546"", ""150142821"", ""78570599"", ""78094109"", ""12880586"", ""133795252"", ""113503537"", ""208035235"", ""134647287""]"
none_subset,1,33678576,15001776,64,901,0,0,0,0,0,0,"[""25588585"", ""146630451"", ""115988300"", ""80281524"", ""146444401"", ""181619566"", ""63474547"", ""46094230"", ""187708913"", ""133214115""]"
none_subset,1,179476917,141606114,4,82,0,0,0,0,0,0,"[""144373105"", ""149759096"", ""156103241"", ""170267536"", ""149095048"", ""164940716"", ""16847694"", ""187964382"", ""140998592"", ""138975756""]"
none_subset,1,223946239,213414254,4,127,0,0,0,0,0,0,"[""213568542"", ""198087841"", ""188605425"", ""181079699"", ""207985124"", ""196161368"", ""187535990"", ""207726716"", ""167846611"", ""211385428""]"
none_subset,1,174118254,143065905,37,1,1,1,1,1,1,1,"[""143065905"", ""140618489"", ""188646002"", ""126447640"", ""173621712"", ""142508806"", ""177244193"", ""153551614"", ""142113211"", ""127482058""]"
none_subset,1,183117973,115290940,37,537,0,0,0,0,0,0,"[""17206468"", ""186429778"", ""182254392"", ""190113798"", ""194533002"", ""165207478"", ""157628611"", ""170350787"", ""211863626"", ""177501346""]"
none_subset,1,175413260,130737214,38,911,0,0,0,0,0,0,"[""187319038"", ""114004576"", ""122139403"", ""74328082"", ""154090124"", ""183494377"", ""212304490"", ""109987226"", ""197681087"", ""202818877""]"
none_subset,1,209482859,181736422,38,4,0,0,1,1,1,1,"[""128168264"", ""128022775"", ""175989090"", ""181736422"", ""180386955"", ""104610572"", ""136204876"", ""149343290"", ""209803175"", ""56711957""]"
none_subset,1,221003754,206800954,4,1733,0,0,0,0,0,0,"[""123148492"", ""73943138"", ""177860593"", ""194122336"", ""156251697"", ""157383240"", ""151519381"", ""148096344"", ""126894510"", ""164310767""]"
none_subset,1,118883001,105063982,57,499,0,0,0,0,0,0,"[""214202331"", ""197765268"", ""191268930"", ""172059758"", ""202526079"", ""211652672"", ""208914800"", ""196594818"", ""135872349"", ""149224940""]"
none_subset,1,218366315,140803712,46,648,0,0,0,0,0,0,"[""97623791"", ""111077753"", ""154884885"", ""155950947"", ""71898794"", ""176659851"", ""78885056"", ""167265746"", ""183484544"", ""86246820""]"
none_subset,1,209894344,167892996,57,201,0,0,0,0,0,0,"[""180302528"", ""124415280"", ""65120912"", ""46330390"", ""208174628"", ""143193156"", ""141728487"", ""76122089"", ""141707543"", ""159050136""]"
none_subset,1,207061491,168928025,62,686,0,0,0,0,0,0,"[""132104523"", ""56305255"", ""32263557"", ""104468361"", ""39970613"", ""165119231"", ""83142233"", ""141918937"", ""92094621"", ""73563944""]"
none_subset,1,201593798,161790106,43,6,0,0,0,1,1,1,"[""200905407"", ""213020277"", ""204045985"", ""209145709"", ""210940174"", ""161790106"", ""204176913"", ""184705867"", ""89360655"", ""163370879""]"
none_subset,1,225306237,215138112,64,88,0,0,0,0,0,0,"[""184550395"", ""192179303"", ""196368507"", ""196287148"", ""147671714"", ""211889722"", ""199186089"", ""183515676"", ""176590943"", ""210649942""]"
none_subset,1,143777051,114526627,62,1500,0,0,0,0,0,0,"[""210678182"", ""188189839"", ""123665712"", ""71186483"", ""146789147"", ""154506894"", ""213337390"", ""195015114"", ""106557292"", ""179155211""]"
none_subset,1,217014070,150945016,37,1415,0,0,0,0,0,0,"[""45171964"", ""187043151"", ""27598325"", ""206412545"", ""204920168"", ""153720008"", ""118291817"", ""147435678"", ""178961164"", ""70310902""]"
none_subset,1,180094400,149056162,37,432,0,0,0,0,0,0,"[""213471023"", ""96256428"", ""141241455"", ""153562476"", ""159574917"", ""159931342"", ""193030442"", ""53389573"", ""137062195"", ""209118001""]"
none_subset,1,207560852,183472917,62,118,0,0,0,0,0,0,"[""191313815"", ""172997177"", ""192772205"", ""206841068"", ""191982155"", ""180297373"", ""194031762"", ""200747175"", ""200033285"", ""196286784""]"
none_subset,1,184775118,154364197,64,1658,0,0,0,0,0,0,"[""208682751"", ""146444401"", ""19607163"", ""25588585"", ""101169098"", ""159848606"", ""128607088"", ""188128198"", ""194941994"", ""97650176""]"
none_subset,1,223690184,207948213,38,62,0,0,0,0,0,0,"[""127507638"", ""78540845"", ""139871095"", ""127587049"", ""210532129"", ""172923145"", ""145712328"", ""126409844"", ""172773467"", ""174852342""]"
none_subset,1,214828736,195583647,37,1321,0,0,0,0,0,0,"[""211380775"", ""209585249"", ""210478382"", ""190099274"", ""215631921"", ""211389654"", ""211987844"", ""212621102"", ""201572634"", ""187222340""]"
none_subset,1,191627223,164099332,62,2170,0,0,0,0,0,0,"[""45997741"", ""15942056"", ""115226483"", ""165955561"", ""70069885"", ""11666277"", ""178964015"", ""166108651"", ""160036757"", ""214173290""]"
none_subset,1,197554152,170263816,62,570,0,0,0,0,0,0,"[""42940692"", ""114525243"", ""46137767"", ""125139076"", ""45013331"", ""117006578"", ""113866351"", ""80344615"", ""75207324"", ""212966939""]"
none_subset,1,166510036,138606216,38,210,0,0,0,0,0,0,"[""194792335"", ""157035510"", ""193857539"", ""76978137"", ""188326498"", ""198984787"", ""160688952"", ""206918840"", ""211454407"", ""192654285""]"
none_subset,1,224499261,212715570,37,17,0,0,0,0,1,1,"[""173981806"", ""168816718"", ""204077513"", ""210666947"", ""210562159"", ""197844035"", ""184297463"", ""209172335"", ""207536937"", ""195744990""]"
none_subset,1,201827405,165105661,4,301,0,0,0,0,0,0,"[""123881493"", ""202002064"", ""165897952"", ""44858664"", ""112972489"", ""113779353"", ""177466971"", ""79486528"", ""193007590"", ""206800954""]"
none_subset,1,216775171,200451540,37,3,0,1,1,1,1,1,"[""172288418"", ""177427251"", ""200451540"", ""203721801"", ""179758158"", ""210467440"", ""212715570"", ""205430382"", ""179242738"", ""180243968""]"
none_subset,1,210702617,185394378,46,21,0,0,0,0,1,1,"[""76396478"", ""78390422"", ""168442343"", ""214806915"", ""168815908"", ""201508287"", ""172671263"", ""172250706"", ""145094112"", ""128970500""]"
none_subset,1,187312110,156634898,37,703,0,0,0,0,0,0,"[""162977839"", ""192154985"", ""204992307"", ""188375000"", ""212047029"", ""126929630"", ""183994388"", ""185112282"", ""151560800"", ""183923787""]"
none_subset,1,199742206,157864488,46,199,0,0,0,0,0,0,"[""203171809"", ""31105163"", ""197116987"", ""105064166"", ""192342929"", ""179502217"", ""105106630"", ""207645526"", ""113999669"", ""111102057""]"
none_subset,1,196365631,167676599,57,1195,0,0,0,0,0,0,"[""53369508"", ""134702091"", ""165715933"", ""210344942"", ""207206235"", ""146533650"", ""187389197"", ""177961852"", ""192492394"", ""191898000""]"
none_subset,1,181812252,156940916,37,35,0,0,0,0,0,1,"[""208464643"", ""159856420"", ""141505308"", ""113225323"", ""212776036"", ""136884669"", ""137979982"", ""161390704"", ""188638695"", ""113068731""]"
none_subset,1,218337644,143874999,37,6,0,0,0,1,1,1,"[""173524493"", ""149204589"", ""200142647"", ""75770971"", ""199753052"", ""143874999"", ""161133997"", ""132179046"", ""201741807"", ""168021556""]"
none_subset,1,144726662,190355590,62,1355,0,0,0,0,0,0,"[""48004410"", ""97195771"", ""94546694"", ""193710073"", ""212966939"", ""190186845"", ""189107795"", ""117835777"", ""214173290"", ""147831197""]"
none_subset,1,143700091,86486091,43,87,0,0,0,0,0,0,"[""61394763"", ""38196926"", ""198017996"", ""201647231"", ""44768555"", ""145947056"", ""167879223"", ""99689774"", ""167261762"", ""183751849""]"
none_subset,1,34396324,33876194,38,1478,0,0,0,0,0,0,"[""24448141"", ""179876069"", ""28399802"", ""350786"", ""72092510"", ""13386454"", ""188381964"", ""99753126"", ""159268049"", ""120618466""]"
none_subset,1,165802679,138538000,57,714,0,0,0,0,0,0,"[""174340588"", ""152196065"", ""79035945"", ""182623124"", ""146037680"", ""195877842"", ""172012163"", ""181720826"", ""135517837"", ""94052290""]"
none_subset,1,220573897,202329514,46,17,0,0,0,0,1,1,"[""160815179"", ""151203538"", ""152763272"", ""194750109"", ""171801408"", ""130849339"", ""172509742"", ""118684046"", ""170556935"", ""134507475""]"
none_subset,1,217689516,201024429,46,360,0,0,0,0,0,0,"[""6346575"", ""118565908"", ""112985650"", ""168398015"", ""29516698"", ""29922766"", ""211762574"", ""21000985"", ""99908438"", ""32925561""]"
none_subset,1,216403684,188213435,46,4,0,0,1,1,1,1,"[""76061645"", ""134507475"", ""131917509"", ""188213435"", ""129240074"", ""179861117"", ""160019718"", ""96833542"", ""137142760"", ""196161712""]"
none_subset,1,212699570,191197833,57,24,0,0,0,0,1,1,"[""188514510"", ""122751221"", ""178887145"", ""193211760"", ""122144601"", ""57499088"", ""146304930"", ""113601078"", ""115422067"", ""44099846""]"
none_subset,1,207300178,181324249,38,166,0,0,0,0,0,0,"[""163646287"", ""170764066"", ""125393017"", ""103551862"", ""206303400"", ""122407287"", ""198468875"", ""132680001"", ""192933104"", ""192721742""]"
none_subset,1,209930337,170725190,4,535,0,0,0,0,0,0,"[""119654700"", ""195895955"", ""65093644"", ""116662369"", ""120540825"", ""121025812"", ""201066421"", ""71990231"", ""183742995"", ""180180713""]"
none_subset,1,201722982,145042950,62,627,0,0,0,0,0,0,"[""97684562"", ""149483143"", ""168009154"", ""204830740"", ""61429636"", ""99563204"", ""100102954"", ""202459656"", ""76665110"", ""50662129""]"
none_subset,1,84237445,58379904,64,942,0,0,0,0,0,0,"[""164183551"", ""120420310"", ""148445574"", ""105928549"", ""156766484"", ""48108527"", ""126589451"", ""105939282"", ""17386508"", ""112056185""]"
none_subset,1,148404099,120181686,37,80,0,0,0,0,0,0,"[""152762226"", ""118291817"", ""70624061"", ""184515969"", ""151199532"", ""183978577"", ""185636932"", ""158117230"", ""115215869"", ""213026576""]"
none_subset,1,165463652,136057001,62,157,0,0,0,0,0,0,"[""139296753"", ""199438255"", ""132104523"", ""147492641"", ""148184033"", ""144314189"", ""165969228"", ""130642042"", ""201291748"", ""132253281""]"
none_subset,1,128434761,113148033,37,2134,0,0,0,0,0,0,"[""43972733"", ""17206468"", ""65584321"", ""25189123"", ""106674292"", ""116967483"", ""76841920"", ""89720897"", ""157628611"", ""79730026""]"
none_subset,1,222955728,208750964,57,17,0,0,0,0,1,1,"[""206210266"", ""188514510"", ""150670825"", ""141728487"", ""209989262"", ""185549618"", ""197416724"", ""164248569"", ""122751221"", ""164179805""]"
none_subset,1,205399887,171828064,37,308,0,0,0,0,0,0,"[""150887352"", ""195375302"", ""124537731"", ""145502443"", ""207073486"", ""177737543"", ""145396971"", ""136371572"", ""209045757"", ""126794514""]"
none_subset,1,154200016,119703959,46,1107,0,0,0,0,0,0,"[""131931084"", ""158008511"", ""170556855"", ""143366526"", ""214587983"", ""104586565"", ""92306012"", ""116259633"", ""144477614"", ""181041821""]"
none_subset,1,217258793,201437730,46,1082,0,0,0,0,0,0,"[""179633525"", ""169495520"", ""197088021"", ""202771850"", ""212264182"", ""213247950"", ""209924155"", ""210310500"", ""189285981"", ""207134724""]"
none_subset,1,196274175,165770420,4,1081,0,0,0,0,0,0,"[""201526042"", ""171791158"", ""157939590"", ""51430087"", ""115841291"", ""138308946"", ""128050553"", ""200294014"", ""40365043"", ""154708788""]"
none_subset,1,225228664,213581190,64,29,0,0,0,0,1,1,"[""85531879"", ""81240114"", ""167388732"", ""64620490"", ""133623259"", ""181063353"", ""202708178"", ""161213343"", ""181955550"", ""136347027""]"
none_subset,1,110145801,87001748,43,462,0,0,0,0,0,0,"[""67063550"", ""81706080"", ""162160284"", ""211526829"", ""124359099"", ""194952332"", ""189572218"", ""205822080"", ""186606199"", ""66867545""]"
none_subset,1,184208582,153459958,4,216,0,0,0,0,0,0,"[""148023845"", ""147048275"", ""200439718"", ""206639262"", ""104186703"", ""170613385"", ""114573844"", ""181646106"", ""210109068"", ""90418481""]"
none_subset,1,165752538,120041482,62,1,1,1,1,1,1,1,"[""120041482"", ""160586788"", ""210301365"", ""124265654"", ""213770244"", ""212906250"", ""186169702"", ""191201365"", ""76275548"", ""187612359""]"
none_subset,1,163874536,135684313,64,45,0,0,0,0,0,1,"[""109320323"", ""210923456"", ""83781980"", ""131569653"", ""158680148"", ""156694576"", ""148413683"", ""185413694"", ""168296751"", ""83781866""]"
none_subset,1,203940995,156161422,57,2215,0,0,0,0,0,0,"[""126989970"", ""103492050"", ""139412786"", ""103174455"", ""185622297"", ""211299410"", ""15346485"", ""174101330"", ""135835403"", ""126063136""]"
none_subset,1,139110313,61947978,4,2362,0,0,0,0,0,0,"[""12396291"", ""98076075"", ""116662369"", ""140966958"", ""183670529"", ""22766945"", ""123613267"", ""154727199"", ""100087840"", ""193951937""]"
none_subset,1,225314337,215634830,4,112,0,0,0,0,0,0,"[""71990231"", ""65093644"", ""200501890"", ""179962753"", ""22766945"", ""93467050"", ""64864978"", ""196161368"", ""65093674"", ""213979278""]"
none_subset,1,144806003,124551267,64,78,0,0,0,0,0,0,"[""85531879"", ""142231631"", ""181955550"", ""81240114"", ""167388732"", ""169239802"", ""72224328"", ""143226451"", ""63422429"", ""92309560""]"
none_subset,1,209283968,165285962,43,696,0,0,0,0,0,0,"[""178276896"", ""140343241"", ""128872941"", ""196196284"", ""195408710"", ""185196782"", ""204449585"", ""202343187"", ""165512262"", ""215382114""]"
none_subset,1,216753232,200055457,4,13,0,0,0,0,1,1,"[""158546701"", ""187502252"", ""208445219"", ""212639315"", ""206276218"", ""187942970"", ""125970295"", ""209043508"", ""190777107"", ""165785804""]"
none_subset,1,224362475,158173439,37,817,0,0,0,0,0,0,"[""186828113"", ""209286799"", ""213318077"", ""193585718"", ""208141913"", ""192935597"", ""206146010"", ""209640657"", ""206942069"", ""210502009""]"
none_subset,1,178569882,147820123,37,1340,0,0,0,0,0,0,"[""78940029"", ""126554078"", ""190075252"", ""170350787"", ""33066220"", ""176748724"", ""187074262"", ""81340320"", ""118291817"", ""161679651""]"
none_subset,1,209604337,180575809,4,29,0,0,0,0,1,1,"[""196026500"", ""196267387"", ""210550451"", ""188605425"", ""202162764"", ""204482650"", ""187219867"", ""195078992"", ""203466268"", ""162058011""]"
none_subset,1,219992524,164025251,64,651,0,0,0,0,0,0,"[""181619566"", ""80281524"", ""85881610"", ""19607163"", ""146444401"", ""157210468"", ""90897593"", ""144358079"", ""124198714"", ""155048626""]"
none_subset,1,198508821,123613267,4,203,0,0,0,0,0,0,"[""124893597"", ""122564854"", ""187964382"", ""76695262"", ""143548483"", ""65403002"", ""159734891"", ""63027674"", ""129568541"", ""148281605""]"
none_subset,1,148636912,122818220,43,819,0,0,0,0,0,0,"[""115645977"", ""77335627"", ""129748527"", ""39344788"", ""102607958"", ""170809412"", ""1704333"", ""147472718"", ""27781370"", ""74845533""]"
none_subset,1,204825101,169992252,4,2064,0,0,0,0,0,0,"[""146180479"", ""192424356"", ""190594964"", ""179532049"", ""192314331"", ""190495475"", ""160129846"", ""200564628"", ""191627911"", ""200980947""]"
none_subset,1,57431745,56593545,64,225,0,0,0,0,0,0,"[""148979593"", ""118462041"", ""193135598"", ""107795593"", ""91903824"", ""123167911"", ""109641421"", ""146365324"", ""84520046"", ""122273058""]"
none_subset,1,194697388,132953502,46,511,0,0,0,0,0,0,"[""165704043"", ""120932240"", ""213672603"", ""156554598"", ""204631912"", ""30916684"", ""210348218"", ""205315794"", ""200400926"", ""179653927""]"
none_subset,1,189028515,146801519,57,508,0,0,0,0,0,0,"[""145955425"", ""109313850"", ""174257554"", ""109311521"", ""188457754"", ""202223376"", ""177340550"", ""104621823"", ""164929949"", ""200018099""]"
none_subset,1,223909363,193541472,46,582,0,0,0,0,0,0,"[""202838967"", ""77388181"", ""206419210"", ""127997699"", ""118684046"", ""141485098"", ""89045186"", ""16280277"", ""210448824"", ""113503537""]"
none_subset,1,138495758,95030361,37,557,0,0,0,0,0,0,"[""93714502"", ""152140191"", ""152508279"", ""192597928"", ""200025016"", ""41705192"", ""136371572"", ""150887352"", ""178462679"", ""157140706""]"
none_subset,1,179447751,138028240,38,79,0,0,0,0,0,0,"[""167575814"", ""103134592"", ""177505638"", ""121113125"", ""105688937"", ""125136923"", ""63443950"", ""133274826"", ""185835448"", ""123163905""]"
none_subset,1,127852537,81626812,38,52,0,0,0,0,0,0,"[""72092510"", ""139494203"", ""95420911"", ""350786"", ""181343427"", ""203127417"", ""170281060"", ""145017930"", ""158536496"", ""12969939""]"
none_subset,1,212440905,192424356,4,8,0,0,0,1,1,1,"[""146764647"", ""163346998"", ""199780246"", ""190574356"", ""193879806"", ""185880119"", ""182294617"", ""192424356"", ""202571906"", ""201432635""]"
none_subset,1,157670348,132803751,64,1,1,1,1,1,1,1,"[""132803751"", ""79234720"", ""203544848"", ""201421429"", ""153594881"", ""79130254"", ""119000250"", ""155183786"", ""137618168"", ""142119938""]"
none_subset,1,191985062,164550665,43,386,0,0,0,0,0,0,"[""179105716"", ""156158359"", ""153525929"", ""193064532"", ""136185385"", ""182570514"", ""208096405"", ""180314920"", ""157075324"", ""141811973""]"
none_subset,1,225336634,48071159,37,823,0,0,0,0,0,0,"[""185905678"", ""61285818"", ""194699966"", ""191849051"", ""89720897"", ""144899760"", ""84416822"", ""42842956"", ""176300467"", ""138066138""]"
none_subset,1,217323822,191689967,43,18,0,0,0,0,1,1,"[""170439536"", ""140052409"", ""167879223"", ""204018856"", ""197493511"", ""44768555"", ""209858049"", ""143497982"", ""148810242"", ""196460819""]"
none_subset,1,225164440,210724091,4,70,0,0,0,0,0,0,"[""214085481"", ""199379442"", ""138891074"", ""214275181"", ""207726716"", ""201056858"", ""139852047"", ""142444658"", ""215580343"", ""162217385""]"
none_subset,1,216502332,140995261,43,233,0,0,0,0,0,0,"[""145947056"", ""190193667"", ""187717589"", ""44768555"", ""195944774"", ""201647231"", ""200893142"", ""121590178"", ""117813626"", ""109286694""]"
none_subset,1,200789230,174884757,46,88,0,0,0,0,0,0,"[""160673739"", ""131950511"", ""109790613"", ""129461367"", ""138254448"", ""201270244"", ""97781465"", ""208726649"", ""77308664"", ""86906554""]"
none_subset,1,45683167,52432861,46,1165,0,0,0,0,0,0,"[""106800463"", ""104268306"", ""137150022"", ""205315794"", ""191552921"", ""209744189"", ""174586724"", ""174837469"", ""131953748"", ""213237768""]"
none_subset,1,219224895,204919891,46,2,0,1,1,1,1,1,"[""200735701"", ""204919891"", ""209947619"", ""209817753"", ""168398015"", ""211987120"", ""206477450"", ""207964729"", ""181935054"", ""210734819""]"
none_subset,1,223224568,213006920,46,588,0,0,0,0,0,0,"[""110716703"", ""174861722"", ""173874867"", ""212429674"", ""138296131"", ""166724206"", ""179347666"", ""172197706"", ""164627162"", ""142436010""]"
none_subset,1,127083376,117996544,57,18,0,0,0,0,1,1,"[""106989319"", ""180561579"", ""187256807"", ""109983619"", ""179660373"", ""156687599"", ""137629837"", ""207615117"", ""213471870"", ""158499182""]"
none_subset,1,216446649,208397174,4,110,0,0,0,0,0,0,"[""172989914"", ""196558620"", ""64185045"", ""133966108"", ""207534566"", ""136231548"", ""98076075"", ""187219867"", ""159850846"", ""110925434""]"
none_subset,1,194056816,156424467,38,190,0,0,0,0,0,0,"[""123190192"", ""149755002"", ""92748634"", ""132325249"", ""67142038"", ""130168090"", ""149579144"", ""194245127"", ""207390535"", ""49778371""]"
none_subset,1,209768067,185690306,43,96,0,0,0,0,0,0,"[""118390825"", ""187498153"", ""160065339"", ""119499591"", ""190006266"", ""192741559"", ""164550665"", ""213093649"", ""181162961"", ""106625864""]"
none_subset,1,161378081,138066138,37,583,0,0,0,0,0,0,"[""51981897"", ""11636569"", ""208600442"", ""148515955"", ""163644147"", ""153113645"", ""204531217"", ""128098941"", ""76425154"", ""210502009""]"
none_subset,1,199991961,120391248,46,40,0,0,0,0,0,1,"[""169607427"", ""136999435"", ""105380747"", ""139114542"", ""169673924"", ""166648954"", ""206602271"", ""170637462"", ""209162282"", ""144208600""]"
none_subset,1,36386504,39048064,37,368,0,0,0,0,0,0,"[""156884960"", ""152140191"", ""178053573"", ""58893791"", ""192597928"", ""93714502"", ""119637829"", ""182254392"", ""133932837"", ""168553107""]"
none_subset,1,197952774,165792749,64,140,0,0,0,0,0,0,"[""195080854"", ""195252134"", ""159354842"", ""156281163"", ""211228466"", ""83211792"", ""84069250"", ""201706439"", ""199685872"", ""215021282""]"
none_subset,1,122096182,87877269,43,79,0,0,0,0,0,0,"[""200253605"", ""191363897"", ""204670587"", ""114124021"", ""157034330"", ""207129670"", ""144744853"", ""120630424"", ""120002560"", ""209552250""]"
none_subset,1,22886682,21359328,64,525,0,0,0,0,0,0,"[""162665168"", ""138322181"", ""129167787"", ""186761660"", ""154414779"", ""140676990"", ""116370931"", ""130295558"", ""155183786"", ""198417754""]"
none_subset,1,61407787,67349325,4,89,0,0,0,0,0,0,"[""137934343"", ""100007550"", ""70921117"", ""129269545"", ""154928608"", ""183725729"", ""147751136"", ""156901917"", ""186179720"", ""186220965""]"
none_subset,1,212437081,143484940,46,786,0,0,0,0,0,0,"[""174665100"", ""156045025"", ""86091554"", ""194132989"", ""101304130"", ""212530716"", ""188427060"", ""19664212"", ""126734285"", ""176647062""]"
none_subset,1,182850287,143852845,4,816,0,0,0,0,0,0,"[""187964382"", ""150252011"", ""190621677"", ""122594682"", ""122564854"", ""150679730"", ""23408401"", ""144373105"", ""163852424"", ""178109092""]"
none_subset,1,221042154,204510866,64,1100,0,0,0,0,0,0,"[""188679044"", ""211889089"", ""189971087"", ""173661276"", ""99862014"", ""162799044"", ""168608952"", ""150385215"", ""58089957"", ""143663551""]"
none_subset,1,223103015,178722271,46,396,0,0,0,0,0,0,"[""209947619"", ""207544514"", ""211762574"", ""214729100"", ""153459843"", ""212264248"", ""204100293"", ""211540948"", ""208712486"", ""213293208""]"
none_subset,1,174489681,144526487,62,10,0,0,0,1,1,1,"[""204830740"", ""119760694"", ""135157671"", ""207274549"", ""97684562"", ""168009154"", ""149483143"", ""176890524"", ""133787241"", ""144526487""]"
none_subset,1,218666287,144917714,62,30,0,0,0,0,1,1,"[""157760728"", ""124409511"", ""210678182"", ""192653562"", ""158763261"", ""36293036"", ""144733620"", ""189469136"", ""127953008"", ""143226394""]"
none_subset,1,221192154,207699341,38,1361,0,0,0,0,0,0,"[""170400945"", ""160114101"", ""201179317"", ""145624721"", ""66287825"", ""208445626"", ""102630915"", ""209984929"", ""208707405"", ""184519031""]"
none_subset,1,144941476,126821762,38,642,0,0,0,0,0,0,"[""167575814"", ""111085092"", ""102237977"", ""116766569"", ""109987226"", ""99753126"", ""191958683"", ""163524272"", ""155791307"", ""122849837""]"
none_subset,1,213619452,191768974,38,892,0,0,0,0,0,0,"[""188381964"", ""80604101"", ""111238191"", ""71461721"", ""171909035"", ""200625253"", ""73148680"", ""56367133"", ""98791025"", ""96846772""]"
none_subset,1,214827627,189572218,43,7,0,0,0,1,1,1,"[""211891549"", ""205822080"", ""177635781"", ""162160284"", ""194952332"", ""192226046"", ""189572218"", ""61233030"", ""200167896"", ""173923821""]"
none_subset,1,219328727,140979774,38,53,0,0,0,0,0,0,"[""192654276"", ""66334917"", ""159333154"", ""172317716"", ""127669239"", ""185682289"", ""168091953"", ""161174151"", ""149637319"", ""133136953""]"
none_subset,1,223530663,212392746,4,26,0,0,0,0,1,1,"[""181054833"", ""209124215"", ""208530280"", ""27693819"", ""197294044"", ""182361800"", ""207097865"", ""190777127"", ""200589462"", ""182581077""]"
none_subset,1,198057881,165738313,46,389,0,0,0,0,0,0,"[""147354525"", ""186116554"", ""181810712"", ""138179744"", ""191705183"", ""194733810"", ""97781465"", ""75642384"", ""126605515"", ""215475381""]"
none_subset,1,217562623,201534233,37,566,0,0,0,0,0,0,"[""199476373"", ""194958352"", ""56675511"", ""192870188"", ""190303036"", ""203728756"", ""156606418"", ""201695307"", ""209154292"", ""202358108""]"
none_subset,1,191273457,154513499,37,301,0,0,0,0,0,0,"[""78795109"", ""194193597"", ""107504819"", ""201003118"", ""209849639"", ""137589893"", ""132738380"", ""154888352"", ""201603265"", ""100748302""]"
none_subset,1,157925005,137046920,46,1021,0,0,0,0,0,0,"[""71367321"", ""203161766"", ""52993669"", ""173166016"", ""49032725"", ""168458372"", ""132875585"", ""31480171"", ""132033042"", ""162647828""]"
none_subset,1,218360635,124963799,64,604,0,0,0,0,0,0,"[""147984435"", ""146444401"", ""133214115"", ""146630451"", ""192632345"", ""184410319"", ""79071973"", ""123750776"", ""151177544"", ""19607163""]"
none_subset,1,217204674,201230405,37,722,0,0,0,0,0,0,"[""197633924"", ""200278482"", ""212715570"", ""149838464"", ""190511714"", ""201742088"", ""173981806"", ""195744990"", ""200774626"", ""203928771""]"
none_subset,1,195377967,124845859,38,127,0,0,0,0,0,0,"[""108645662"", ""188948528"", ""106807276"", ""98969149"", ""155138201"", ""120618466"", ""147263054"", ""168317669"", ""182761191"", ""104610572""]"
none_subset,1,210339024,185121060,43,110,0,0,0,0,0,0,"[""123511609"", ""205276629"", ""120597166"", ""215513285"", ""191583920"", ""202025930"", ""195866072"", ""93370896"", ""171859659"", ""207048259""]"
none_subset,1,25591321,25531112,46,60,0,0,0,0,0,0,"[""136576031"", ""78347549"", ""135652658"", ""126538280"", ""202089470"", ""142607225"", ""173228995"", ""57514618"", ""195389065"", ""31480171""]"
none_subset,1,220977104,207585798,46,195,0,0,0,0,0,0,"[""150742725"", ""125568463"", ""138718760"", ""157417143"", ""213021213"", ""180541695"", ""202166206"", ""102720311"", ""206673825"", ""105455033""]"
none_subset,1,206971453,176333956,57,2130,0,0,0,0,0,0,"[""209587784"", ""126756828"", ""10136093"", ""158576810"", ""105791090"", ""159050136"", ""177340550"", ""71619080"", ""93527943"", ""103100336""]"
none_subset,1,85173153,82721637,57,15,0,0,0,0,1,1,"[""209330430"", ""134017381"", ""108125213"", ""66445103"", ""176713188"", ""190635064"", ""195606087"", ""61177824"", ""213401068"", ""50772906""]"
none_subset,1,193746263,162672578,62,2320,0,0,0,0,0,0,"[""127752448"", ""212090087"", ""211808810"", ""207609626"", ""204555441"", ""212180917"", ""175175649"", ""108267461"", ""104191212"", ""110927257""]"
none_subset,1,215212259,178271380,43,115,0,0,0,0,0,0,"[""210561607"", ""193444926"", ""194288467"", ""201905433"", ""182445092"", ""209666551"", ""213483404"", ""184091403"", ""202233335"", ""193482080""]"
none_subset,1,212427666,189544617,38,110,0,0,0,0,0,0,"[""167575814"", ""169063398"", ""8169319"", ""182237895"", ""117957932"", ""159333154"", ""123220669"", ""172317716"", ""66334917"", ""191629943""]"
none_subset,1,194717003,155463873,46,380,0,0,0,0,0,0,"[""146029150"", ""190224714"", ""209744189"", ""182136657"", ""171227152"", ""145084375"", ""184646371"", ""205168224"", ""143182122"", ""139939742""]"
none_subset,1,158897718,140582477,4,111,0,0,0,0,0,0,"[""209043508"", ""158546701"", ""205390513"", ""211027940"", ""206276218"", ""93707137"", ""205025057"", ""164258790"", ""212639315"", ""208445219""]"
none_subset,1,219295081,178678331,43,416,0,0,0,0,0,0,"[""156395019"", ""160598030"", ""166344121"", ""210273616"", ""206599153"", ""50463859"", ""98800023"", ""125536521"", ""188380361"", ""98638580""]"
none_subset,1,76927414,71340112,64,603,0,0,0,0,0,0,"[""95477509"", ""99862014"", ""143663551"", ""99174752"", ""150385215"", ""176297212"", ""12227910"", ""147667682"", ""120966979"", ""173526297""]"
none_subset,1,215201357,173499684,37,131,0,0,0,0,0,0,"[""195014964"", ""148896266"", ""193995538"", ""212172992"", ""209585249"", ""203803337"", ""173934228"", ""195586695"", ""193656232"", ""144682254""]"
none_subset,1,192010385,163370879,43,1,1,1,1,1,1,1,"[""163370879"", ""213020277"", ""209858049"", ""204045985"", ""196291255"", ""213210833"", ""71491553"", ""210940174"", ""158859358"", ""165548600""]"
none_subset,1,222003684,199643627,37,813,0,0,0,0,0,0,"[""212752270"", ""183175888"", ""174850296"", ""200918008"", ""183268600"", ""196819211"", ""149828994"", ""70970519"", ""204642649"", ""206195134""]"
none_subset,1,123221830,105229312,62,21,0,0,0,0,1,1,"[""208636440"", ""156244221"", ""20131116"", ""197683619"", ""203391866"", ""144002826"", ""40217441"", ""208834176"", ""158802661"", ""60239293""]"
none_subset,1,41777667,20451062,62,618,0,0,0,0,0,0,"[""15942056"", ""124381580"", ""193710073"", ""162672578"", ""58086605"", ""156733813"", ""182016711"", ""115226483"", ""144935441"", ""148526183""]"
none_subset,1,214609708,194378841,43,164,0,0,0,0,0,0,"[""201905433"", ""188577365"", ""201535486"", ""209666551"", ""182399428"", ""192996306"", ""184091403"", ""195756368"", ""192493949"", ""184056715""]"
none_subset,1,201631636,164249239,57,2359,0,0,0,0,0,0,"[""214752682"", ""140102042"", ""183349552"", ""163863157"", ""107527615"", ""134679089"", ""200107430"", ""151871480"", ""171903975"", ""196862956""]"
none_subset,1,222303816,157210468,64,134,0,0,0,0,0,0,"[""112311130"", ""98960696"", ""194835735"", ""172741180"", ""167388732"", ""169239802"", ""204273384"", ""121442493"", ""92911620"", ""184002672""]"
none_subset,1,225196896,207062213,4,486,0,0,0,0,0,0,"[""159924658"", ""207568797"", ""144990362"", ""202048121"", ""50065591"", ""161717398"", ""169556971"", ""145619366"", ""205365317"", ""191322819""]"
none_subset,1,176526689,141186510,4,52,0,0,0,0,0,0,"[""179909533"", ""88932849"", ""90418481"", ""191461282"", ""159570716"", ""164449645"", ""173259969"", ""94286928"", ""189148609"", ""150953706""]"
none_subset,1,134158719,111626622,64,20,0,0,0,0,1,1,"[""164183551"", ""152603802"", ""180165679"", ""105144259"", ""109614914"", ""144073843"", ""183047062"", ""112345894"", ""110198506"", ""153490486""]"
none_subset,1,185738290,156445649,43,372,0,0,0,0,0,0,"[""208096405"", ""138585496"", ""100215754"", ""164251704"", ""208864917"", ""168131196"", ""151145810"", ""169778182"", ""102424723"", ""42219137""]"
none_subset,1,78929622,62551746,43,3,0,1,1,1,1,1,"[""167483448"", ""119543305"", ""62551746"", ""163286400"", ""31477346"", ""149017403"", ""113535350"", ""116652853"", ""75993405"", ""107227181""]"
none_subset,1,220638795,189820722,62,826,0,0,0,0,0,0,"[""48197595"", ""195842978"", ""91022274"", ""203510715"", ""170340278"", ""144028433"", ""212697335"", ""123694454"", ""52192148"", ""160693723""]"
none_subset,1,181417674,150636236,37,1333,0,0,0,0,0,0,"[""120040052"", ""65802140"", ""200142647"", ""201734577"", ""69152666"", ""131581832"", ""143680520"", ""173034966"", ""186711825"", ""186429778""]"
none_subset,1,217955716,202541424,62,467,0,0,0,0,0,0,"[""211808810"", ""193453139"", ""204556096"", ""212090087"", ""211070786"", ""192772030"", ""213858912"", ""207609626"", ""133228837"", ""191604760""]"
none_subset,1,197274778,162094120,38,978,0,0,0,0,0,0,"[""124750735"", ""113999751"", ""110664117"", ""31197704"", ""140048877"", ""213205324"", ""37709032"", ""28399802"", ""45766945"", ""214394715""]"
none_subset,1,223991031,164143533,43,183,0,0,0,0,0,0,"[""167879223"", ""212188315"", ""152645436"", ""44768555"", ""200611512"", ""179814481"", ""186549940"", ""143497982"", ""71803254"", ""140052409""]"
none_subset,1,189551059,147982801,64,51,0,0,0,0,0,0,"[""80281524"", ""148414231"", ""201421429"", ""115988300"", ""187708913"", ""181619566"", ""138115654"", ""60032340"", ""97354544"", ""103416735""]"
none_subset,1,220092240,206534835,46,71,0,0,0,0,0,0,"[""170958662"", ""206673825"", ""215506263"", ""172966334"", ""203332786"", ""212905783"", ""176936173"", ""214290787"", ""211989339"", ""211683630""]"
none_subset,1,222081085,208014228,62,126,0,0,0,0,0,0,"[""170340278"", ""102076897"", ""210228776"", ""154706721"", ""209252153"", ""127953008"", ""210678182"", ""192396971"", ""130270435"", ""190708058""]"
none_subset,1,208005240,182135095,38,1299,0,0,0,0,0,0,"[""79742438"", ""192191594"", ""151278548"", ""201603990"", ""74626779"", ""73525493"", ""110457316"", ""204224738"", ""24448141"", ""114026950""]"
none_subset,1,212749359,190252763,62,18,0,0,0,0,1,1,"[""212180917"", ""189178547"", ""154758359"", ""213858912"", ""207609626"", ""94215239"", ""187915383"", ""192824674"", ""206664307"", ""184146697""]"
none_subset,1,207603778,179859426,64,659,0,0,0,0,0,0,"[""145779083"", ""150835628"", ""157122738"", ""169256692"", ""44092132"", ""109661801"", ""187363669"", ""178000493"", ""198307794"", ""119210439""]"
none_subset,1,180700824,147782228,43,801,0,0,0,0,0,0,"[""204664629"", ""128249636"", ""138372456"", ""99720576"", ""186702404"", ""209858049"", ""158624345"", ""111184927"", ""151392250"", ""163900593""]"
none_subset,1,162078852,137561394,46,1300,0,0,0,0,0,0,"[""153467283"", ""105064165"", ""201270244"", ""58540862"", ""58408382"", ""199718807"", ""204625399"", ""168394424"", ""158101824"", ""149606027""]"
none_subset,1,154751535,120400439,62,685,0,0,0,0,0,0,"[""143133964"", ""119760694"", ""207274549"", ""119531432"", ""149483143"", ""168009154"", ""74279773"", ""190186845"", ""162672578"", ""214173290""]"
none_subset,1,205385440,180183536,43,67,0,0,0,0,0,0,"[""157700498"", ""167483448"", ""149017403"", ""204821849"", ""113125737"", ""157682449"", ""58737494"", ""113535350"", ""111095986"", ""53650526""]"
none_subset,1,217428024,188814328,37,150,0,0,0,0,0,0,"[""206636427"", ""194831266"", ""188548968"", ""133351365"", ""190240043"", ""215484131"", ""208935536"", ""191911000"", ""150906032"", ""151424214""]"
none_subset,1,207648209,177493371,38,199,0,0,0,0,0,0,"[""104560006"", ""174166201"", ""155797305"", ""207796941"", ""69118085"", ""202371962"", ""195980472"", ""53833691"", ""165127673"", ""206869689""]"
none_subset,1,220367642,183947428,43,1181,0,0,0,0,0,0,"[""168991783"", ""119499591"", ""132793063"", ""103363896"", ""160065339"", ""159111252"", ""169233442"", ""153586175"", ""100947091"", ""203234697""]"
none_subset,1,78456224,56925731,64,33,0,0,0,0,0,1,"[""164183551"", ""105928549"", ""72527056"", ""161581546"", ""152603802"", ""126992314"", ""200004707"", ""110198506"", ""85660594"", ""185606335""]"
none_subset,1,153218715,76074145,37,63,0,0,0,0,0,0,"[""183673647"", ""139290462"", ""37024390"", ""203489688"", ""101351593"", ""23924949"", ""161091370"", ""65584321"", ""96028215"", ""79730026""]"
none_subset,1,225333160,214752682,57,3,0,1,1,1,1,1,"[""179051816"", ""206849327"", ""214752682"", ""140102042"", ""194866236"", ""210672605"", ""191366717"", ""144813867"", ""209502529"", ""200107430""]"
none_subset,1,194805577,153660098,38,18,0,0,0,0,1,1,"[""213205324"", ""198468875"", ""5564013"", ""19375583"", ""122407287"", ""8550716"", ""149849811"", ""213984936"", ""174456119"", ""192721742""]"
none_subset,1,224455436,212356952,37,82,0,0,0,0,0,0,"[""209481700"", ""199476373"", ""208864789"", ""201695307"", ""197844035"", ""199340755"", ""175351696"", ""207035998"", ""212907091"", ""199287233""]"
none_subset,1,223887952,211269773,46,91,0,0,0,0,0,0,"[""213655844"", ""144431749"", ""78566379"", ""142436010"", ""106627712"", ""205395255"", ""76658512"", ""135497022"", ""56920439"", ""173865782""]"
none_subset,1,212848340,193024332,62,357,0,0,0,0,0,0,"[""213858912"", ""193453139"", ""191211417"", ""204577887"", ""196478095"", ""194473155"", ""211070786"", ""161141246"", ""197247155"", ""124000667""]"
none_subset,1,194817964,167658682,4,10,0,0,0,1,1,1,"[""162346539"", ""186707401"", ""151978785"", ""207099526"", ""195490349"", ""138230611"", ""215305148"", ""155908916"", ""78396407"", ""167658682""]"
none_subset,1,158748278,122229490,46,283,0,0,0,0,0,0,"[""173222203"", ""160815179"", ""151203538"", ""190115727"", ""202077303"", ""116218020"", ""88450497"", ""106830010"", ""173799041"", ""135571245""]"
none_subset,1,225333131,169909145,4,13,0,0,0,0,1,1,"[""114908572"", ""25537887"", ""115146729"", ""53541477"", ""133033147"", ""103246617"", ""126762069"", ""99427859"", ""132101224"", ""203341087""]"
none_subset,1,224932968,153434097,57,4,0,0,1,1,1,1,"[""173370077"", ""154865872"", ""146595840"", ""153434097"", ""208568786"", ""149224940"", ""209801964"", ""123741380"", ""159577045"", ""23289765""]"
none_subset,1,218941839,111095986,43,172,0,0,0,0,0,0,"[""101617365"", ""57750732"", ""89224299"", ""99130868"", ""107185884"", ""56967833"", ""96286367"", ""127203559"", ""109495604"", ""75809532""]"
none_subset,1,224032864,207683325,64,2,0,1,1,1,1,1,"[""69248477"", ""207683325"", ""178000493"", ""121442493"", ""198307794"", ""99425109"", ""173246608"", ""157313823"", ""83890055"", ""47134269""]"
none_subset,1,223758143,195474760,43,227,0,0,0,0,0,0,"[""192944095"", ""140343241"", ""123511609"", ""178276896"", ""202343187"", ""205276629"", ""202025930"", ""147937996"", ""122164817"", ""196196284""]"
none_subset,1,206563348,182388466,37,842,0,0,0,0,0,0,"[""177912477"", ""200974672"", ""206523566"", ""207430484"", ""77985083"", ""128710800"", ""175906876"", ""212715570"", ""200654385"", ""194261766""]"
none_subset,1,194783674,134991704,64,79,0,0,0,0,0,0,"[""74256345"", ""78523755"", ""208465437"", ""65487267"", ""207726104"", ""208560031"", ""105854775"", ""193757766"", ""132521925"", ""71984328""]"
none_subset,1,206513862,182294617,4,600,0,0,0,0,0,0,"[""43073275"", ""146030654"", ""122965096"", ""20198247"", ""176492594"", ""194734151"", ""123419520"", ""85958586"", ""160260159"", ""192314331""]"
none_subset,1,209369722,186220965,4,784,0,0,0,0,0,0,"[""139418370"", ""69511407"", ""155908916"", ""214491007"", ""145646315"", ""161844864"", ""126042350"", ""102233014"", ""161281171"", ""199333962""]"
none_subset,1,221006448,187395162,46,1177,0,0,0,0,0,0,"[""124510956"", ""201966464"", ""66211329"", ""141871273"", ""97781465"", ""115347245"", ""149465021"", ""165636439"", ""167925157"", ""203329657""]"
none_subset,1,127399801,112914230,4,895,0,0,0,0,0,0,"[""187502252"", ""197294044"", ""13245417"", ""206172053"", ""194212862"", ""39175557"", ""197341708"", ""195539587"", ""190530648"", ""191246700""]"
none_subset,1,221143173,208600442,37,1896,0,0,0,0,0,0,"[""127482058"", ""205439047"", ""168016376"", ""173524493"", ""186464825"", ""211519251"", ""160781671"", ""142288515"", ""168157454"", ""166388322""]"
none_subset,1,198211585,169494298,37,574,0,0,0,0,0,0,"[""186376113"", ""132747199"", ""179900455"", ""201660893"", ""207544886"", ""195292057"", ""191800688"", ""195014964"", ""183094359"", ""214409508""]"
none_subset,1,194098459,130951250,43,112,0,0,0,0,0,0,"[""46376130"", ""18269900"", ""197607322"", ""132175560"", ""78183771"", ""158868087"", ""5568612"", ""206389196"", ""109929805"", ""45170082""]"
none_subset,1,219201730,203280734,46,426,0,0,0,0,0,0,"[""209175273"", ""211987120"", ""204484014"", ""205132358"", ""165691688"", ""209168311"", ""211021581"", ""174074948"", ""215428176"", ""204919891""]"
none_subset,1,190777900,158784072,37,286,0,0,0,0,0,0,"[""66740441"", ""150887352"", ""120893128"", ""138020902"", ""182681465"", ""181774091"", ""194030924"", ""70624061"", ""84203234"", ""189381669""]"
none_subset,1,198092424,168805608,64,250,0,0,0,0,0,0,"[""96322019"", ""145930227"", ""148413683"", ""117704361"", ""154046140"", ""134302572"", ""83781980"", ""126209163"", ""127617798"", ""130981735""]"
none_subset,1,206286757,171004770,43,2,0,1,1,1,1,1,"[""188230609"", ""171004770"", ""206707474"", ""191175133"", ""136644867"", ""211382244"", ""166272408"", ""168830681"", ""183407909"", ""154074519""]"
none_subset,1,205564196,167863303,38,33,0,0,0,0,0,1,"[""209552430"", ""203377427"", ""170211295"", ""215434804"", ""157625011"", ""209258995"", ""206917015"", ""190269757"", ""210396263"", ""111639650""]"
none_subset,1,192985777,157240824,43,119,0,0,0,0,0,0,"[""164268294"", ""98638580"", ""200392561"", ""193746203"", ""166344121"", ""108684069"", ""183640029"", ""139391726"", ""111095986"", ""166186965""]"
none_subset,1,51409958,57715433,43,1224,0,0,0,0,0,0,"[""193313194"", ""207172875"", ""162536514"", ""103363896"", ""164870997"", ""159111252"", ""121864251"", ""167043645"", ""79517399"", ""16074591""]"
none_subset,1,161879676,133182836,46,677,0,0,0,0,0,0,"[""57427713"", ""102024389"", ""138384198"", ""159344605"", ""59914246"", ""116259633"", ""113000796"", ""154821670"", ""190358880"", ""196574179""]"
none_subset,1,107486473,50306957,46,1032,0,0,0,0,0,0,"[""190358880"", ""89928081"", ""17938872"", ""78524182"", ""19664212"", ""160019718"", ""154244912"", ""116035823"", ""116259633"", ""79146025""]"
none_subset,1,225334015,215052803,43,1640,0,0,0,0,0,0,"[""193482080"", ""147117418"", ""49130482"", ""130496317"", ""178810275"", ""100947091"", ""119499591"", ""208265800"", ""169890454"", ""205605896""]"
none_subset,1,223412488,184599616,57,492,0,0,0,0,0,0,"[""133870159"", ""15301011"", ""186296503"", ""206553898"", ""174010829"", ""196800603"", ""108044927"", ""163237626"", ""207769586"", ""163920861""]"
none_subset,1,216739658,149349102,38,94,0,0,0,0,0,0,"[""163646287"", ""113398847"", ""92748634"", ""23348079"", ""192587307"", ""81220432"", ""162629010"", ""121564255"", ""210619922"", ""160748123""]"
none_subset,1,207027464,100333045,43,34,0,0,0,0,0,1,"[""67909736"", ""191583920"", ""199520065"", ""202025930"", ""6516822"", ""127254122"", ""139780746"", ""137780242"", ""170523305"", ""119675310""]"
none_subset,1,158465263,113201214,62,300,0,0,0,0,0,0,"[""119067436"", ""131859804"", ""196284726"", ""97032103"", ""180623952"", ""210871676"", ""188191658"", ""94242464"", ""130611320"", ""187353090""]"
none_subset,1,212472298,192473388,4,187,0,0,0,0,0,0,"[""190594964"", ""191627911"", ""202571906"", ""191216846"", ""153928357"", ""146764647"", ""193001991"", ""189901460"", ""192424356"", ""163346998""]"
none_subset,1,23874528,18962742,38,185,0,0,0,0,0,0,"[""208718442"", ""186580987"", ""25706087"", ""66259210"", ""97083478"", ""44097793"", ""177165475"", ""119050794"", ""138408570"", ""212169244""]"
none_subset,1,222518800,209726301,64,12,0,0,0,0,1,1,"[""205369430"", ""200969900"", ""212527992"", ""202749025"", ""81594152"", ""114607994"", ""201747658"", ""85880294"", ""188860841"", ""212527990""]"
none_subset,1,219225797,202843919,62,105,0,0,0,0,0,0,"[""161194868"", ""110895997"", ""128589400"", ""28993845"", ""105231780"", ""50552393"", ""181074184"", ""67295737"", ""184570386"", ""205751825""]"
none_subset,1,189554580,159931625,37,665,0,0,0,0,0,0,"[""51749408"", ""139391729"", ""172603509"", ""23924949"", ""164141851"", ""33066220"", ""37024390"", ""144072581"", ""163474582"", ""143946320""]"
none_subset,1,224421445,214290787,46,71,0,0,0,0,0,0,"[""208805779"", ""168124994"", ""212905783"", ""211911671"", ""211572610"", ""167644413"", ""172989891"", ""170958662"", ""209179234"", ""105346807""]"
none_subset,1,200718784,166296209,37,1506,0,0,0,0,0,0,"[""187256075"", ""178410842"", ""156858638"", ""187837794"", ""201576605"", ""186828113"", ""185236300"", ""151199532"", ""197921134"", ""113148033""]"
none_subset,1,194752033,166083961,4,1514,0,0,0,0,0,0,"[""23408401"", ""178109092"", ""122594682"", ""159922963"", ""187964382"", ""129435163"", ""199834780"", ""166908180"", ""86878993"", ""98076075""]"
none_subset,1,137437216,119531432,62,5,0,0,1,1,1,1,"[""64365794"", ""127488091"", ""117835777"", ""131293364"", ""119531432"", ""32200239"", ""152444456"", ""212299208"", ""160036757"", ""70250999""]"
none_subset,1,212533988,152110846,37,74,0,0,0,0,0,0,"[""116929460"", ""169799464"", ""75770636"", ""126447640"", ""98784541"", ""76993042"", ""192312279"", ""201869799"", ""180713169"", ""131057179""]"
none_subset,1,117485448,105762137,4,84,0,0,0,0,0,0,"[""88781085"", ""64578501"", ""20719982"", ""90543409"", ""178240944"", ""80237634"", ""91314033"", ""210240441"", ""123481544"", ""207628740""]"
none_subset,1,195747171,146962552,62,936,0,0,0,0,0,0,"[""152196456"", ""151367273"", ""195510107"", ""67539912"", ""59818909"", ""174518568"", ""210301365"", ""202545069"", ""214685308"", ""191201365""]"
none_subset,1,210524748,85531879,64,18,0,0,0,0,1,1,"[""169742657"", ""64620490"", ""157190922"", ""145311547"", ""133319690"", ""154598927"", ""132289907"", ""144399371"", ""157103060"", ""144150605""]"
none_subset,1,222944492,211288019,43,43,0,0,0,0,0,1,"[""18292202"", ""195866072"", ""183716498"", ""89403432"", ""113199180"", ""192651386"", ""183029564"", ""194521791"", ""156087601"", ""93370896""]"
none_subset,1,174812963,184753068,4,1044,0,0,0,0,0,0,"[""207002683"", ""188935668"", ""185071400"", ""151649288"", ""143934755"", ""179874926"", ""126107165"", ""187320580"", ""191690738"", ""181909843""]"
none_subset,1,206110934,142456567,4,4,0,0,1,1,1,1,"[""88781085"", ""90543409"", ""153979554"", ""142456567"", ""171902128"", ""88532160"", ""176720818"", ""206126527"", ""189945818"", ""64578501""]"
none_subset,1,215537450,191143369,43,285,0,0,0,0,0,0,"[""99275075"", ""150977148"", ""158792208"", ""198313310"", ""213553578"", ""116962789"", ""118456882"", ""190193667"", ""166752829"", ""77390218""]"
none_subset,1,185718600,145100939,37,83,0,0,0,0,0,0,"[""20494402"", ""212047029"", ""162977839"", ""151560800"", ""123163900"", ""126929630"", ""186298213"", ""102741176"", ""103057199"", ""208597485""]"
none_subset,1,220611333,143255863,43,90,0,0,0,0,0,0,"[""190193667"", ""200893142"", ""67606658"", ""189984269"", ""127321663"", ""144710651"", ""116962789"", ""44768555"", ""158792208"", ""158737000""]"
none_subset,1,48157832,53760527,46,46,0,0,0,0,0,1,"[""105148782"", ""140827649"", ""185043110"", ""203665704"", ""64234906"", ""127408911"", ""171694803"", ""100503293"", ""204630509"", ""113591349""]"
none_subset,1,219280378,203565055,37,183,0,0,0,0,0,0,"[""173981806"", ""204077513"", ""209172335"", ""181590682"", ""215631921"", ""209260127"", ""214409276"", ""143874999"", ""168816718"", ""206404092""]"
none_subset,1,223382066,212267410,64,19,0,0,0,0,1,1,"[""182426229"", ""195529634"", ""114337642"", ""211327541"", ""214208964"", ""111814939"", ""195252307"", ""145311603"", ""172741180"", ""182911771""]"
none_subset,1,161110919,132405642,37,336,0,0,0,0,0,0,"[""152555454"", ""201003118"", ""199866100"", ""126929630"", ""192597928"", ""214702437"", ""65584321"", ""173227324"", ""155458733"", ""124354943""]"
none_subset,1,99910872,93265631,38,64,0,0,0,0,0,0,"[""104386568"", ""158784944"", ""29779319"", ""181551206"", ""52533378"", ""171909035"", ""64731721"", ""206865806"", ""71616424"", ""19105395""]"
none_subset,1,174486128,143996100,43,1159,0,0,0,0,0,0,"[""99565563"", ""207289652"", ""173407949"", ""130556843"", ""98301531"", ""165688631"", ""101613135"", ""190843616"", ""104715442"", ""205517780""]"
none_subset,1,119806942,107498666,64,180,0,0,0,0,0,0,"[""152603802"", ""111626622"", ""144073843"", ""105144259"", ""67792301"", ""70627695"", ""164183551"", ""112345894"", ""189988059"", ""112056185""]"
none_subset,1,52887730,52014335,62,721,0,0,0,0,0,0,"[""135330582"", ""59483405"", ""68111638"", ""30078134"", ""133763604"", ""138120106"", ""206437466"", ""203336355"", ""155597280"", ""167266244""]"
none_subset,1,178854662,141417624,43,199,0,0,0,0,0,0,"[""161651047"", ""162124393"", ""195944774"", ""171140458"", ""172065222"", ""201771356"", ""155982343"", ""196849814"", ""181162961"", ""16074591""]"
none_subset,1,15268100,12969939,38,163,0,0,0,0,0,0,"[""93265631"", ""124508627"", ""76490987"", ""120618466"", ""179876069"", ""25899558"", ""71896485"", ""117565422"", ""70118230"", ""110457316""]"
none_subset,1,212645423,132121212,43,748,0,0,0,0,0,0,"[""209666551"", ""179173495"", ""157129302"", ""188081829"", ""108655894"", ""182659497"", ""139260993"", ""73874487"", ""192996306"", ""167296282""]"
none_subset,1,217571743,184920959,37,173,0,0,0,0,0,0,"[""213471023"", ""141241455"", ""205214483"", ""182489418"", ""188918346"", ""163365579"", ""99092830"", ""51749408"", ""200845356"", ""192554825""]"
none_subset,1,198279219,45997741,62,6,0,0,0,1,1,1,"[""162672578"", ""15942056"", ""168442721"", ""119531432"", ""137409732"", ""45997741"", ""74279773"", ""178964015"", ""214173290"", ""144935441""]"
none_subset,1,15443903,13798988,4,493,0,0,0,0,0,0,"[""129269545"", ""165324074"", ""191646414"", ""170613385"", ""161159839"", ""153417658"", ""150107268"", ""129543326"", ""93223478"", ""88932849""]"
none_subset,1,134645605,110234143,4,804,0,0,0,0,0,0,"[""146030654"", ""70056842"", ""123336352"", ""196676247"", ""20198247"", ""201065368"", ""63030233"", ""181909843"", ""143934755"", ""94319899""]"
none_subset,1,225182896,164582063,43,29,0,0,0,0,1,1,"[""15144714"", ""178682090"", ""209930245"", ""211526829"", ""108207501"", ""166319032"", ""77511038"", ""71803254"", ""211550266"", ""67063550""]"
none_subset,1,164760091,101504605,62,1253,0,0,0,0,0,0,"[""210941490"", ""62366035"", ""142387882"", ""147431302"", ""150122632"", ""153895442"", ""148066008"", ""164086518"", ""107749765"", ""150946670""]"
none_subset,1,223507024,156381928,37,1333,0,0,0,0,0,0,"[""21114364"", ""120893128"", ""158117230"", ""88534873"", ""150887352"", ""183023489"", ""66495486"", ""152508279"", ""8855059"", ""152762226""]"
none_subset,1,121980260,105912376,64,30,0,0,0,0,1,1,"[""152189504"", ""18136094"", ""174340250"", ""152368057"", ""88397191"", ""83781980"", ""82846737"", ""136347027"", ""102679360"", ""128304968""]"
none_subset,1,37616128,37809434,38,13,0,0,0,0,1,1,"[""350786"", ""108421334"", ""62494905"", ""133136953"", ""117957932"", ""72092510"", ""91104120"", ""145871617"", ""181343427"", ""213936097""]"
none_subset,1,221666962,171006297,37,339,0,0,0,0,0,0,"[""23924949"", ""142630827"", ""51749408"", ""167166017"", ""129519764"", ""143946320"", ""163365579"", ""208900697"", ""152741672"", ""180666332""]"
none_subset,1,221195998,204315261,46,74,0,0,0,0,0,0,"[""178808064"", ""154884885"", ""156109827"", ""165803311"", ""200727306"", ""116838538"", ""135883318"", ""173570492"", ""169495520"", ""162885486""]"
none_subset,1,155700296,134950427,37,257,0,0,0,0,0,0,"[""141081466"", ""149676779"", ""32638462"", ""156583528"", ""183578088"", ""136718556"", ""153136383"", ""159707679"", ""123259140"", ""163621389""]"
none_subset,1,219384426,177423877,46,33,0,0,0,0,0,1,"[""176659851"", ""178975230"", ""183484544"", ""178808064"", ""208649860"", ""170790096"", ""154884885"", ""174366632"", ""190912236"", ""184407267""]"
none_subset,1,52591203,60048301,46,19,0,0,0,0,1,1,"[""207470239"", ""134691092"", ""205315794"", ""174679814"", ""172604491"", ""174837469"", ""205800551"", ""190230714"", ""208866550"", ""137150022""]"
none_subset,1,194720200,133465924,37,98,0,0,0,0,0,0,"[""58893791"", ""109130798"", ""133932837"", ""143171406"", ""91090509"", ""177169600"", ""188967908"", ""40240729"", ""155714315"", ""194699966""]"
none_subset,1,184703642,154097129,43,1150,0,0,0,0,0,0,"[""189984269"", ""190193667"", ""114685239"", ""177472789"", ""115215817"", ""76158891"", ""192039114"", ""74830022"", ""205287113"", ""197584084""]"
none_subset,1,22540247,17218907,62,1542,0,0,0,0,0,0,"[""45997741"", ""15942056"", ""178964015"", ""85137253"", ""115226483"", ""113866351"", ""48622006"", ""65096709"", ""48004410"", ""11666277""]"
none_subset,1,75524063,72221818,62,678,0,0,0,0,0,0,"[""141589821"", ""215161236"", ""60093528"", ""196129983"", ""211690905"", ""95641166"", ""193706706"", ""132110473"", ""158788869"", ""122507339""]"
none_subset,1,207611409,182081124,43,907,0,0,0,0,0,0,"[""182659497"", ""118484592"", ""192287850"", ""139853041"", ""164354706"", ""211030648"", ""132707717"", ""146898856"", ""196197826"", ""147531803""]"
none_subset,1,224366749,164627162,46,19,0,0,0,0,1,1,"[""203677273"", ""163309329"", ""205395255"", ""172082320"", ""170619898"", ""162507293"", ""208306039"", ""212208758"", ""106839909"", ""172197706""]"
none_subset,1,161997543,133742166,57,211,0,0,0,0,0,0,"[""154865872"", ""107833046"", ""173370077"", ""23289765"", ""138180455"", ""106413750"", ""143158282"", ""208568786"", ""159577045"", ""160254097""]"
none_subset,1,87189453,31739440,57,47,0,0,0,0,0,1,"[""107833046"", ""138180455"", ""160254097"", ""171686923"", ""109045133"", ""188669947"", ""147358645"", ""55753543"", ""210262988"", ""113033151""]"
none_subset,1,222925096,206088529,64,110,0,0,0,0,0,0,"[""59824769"", ""140855645"", ""8326062"", ""60124479"", ""104389677"", ""180661165"", ""211475437"", ""168247151"", ""201341623"", ""119651772""]"
none_subset,1,215536084,176499539,57,1055,0,0,0,0,0,0,"[""86771304"", ""125339147"", ""144092016"", ""197740362"", ""211785457"", ""182537539"", ""97960529"", ""122408162"", ""129352307"", ""183255175""]"
none_subset,1,194778493,48830519,4,2,0,1,1,1,1,1,"[""193007590"", ""48830519"", ""211167678"", ""165023261"", ""79387876"", ""185515008"", ""161086623"", ""164756819"", ""206007161"", ""202002064""]"
none_subset,1,174379685,114163759,43,13,0,0,0,0,1,1,"[""127321663"", ""99275075"", ""198313310"", ""76158891"", ""18269900"", ""178409476"", ""67606658"", ""200893142"", ""158792208"", ""192039114""]"
none_subset,1,67038814,50495635,37,270,0,0,0,0,0,0,"[""143161006"", ""110655675"", ""65802140"", ""201869799"", ""211483573"", ""158889960"", ""182362280"", ""12185913"", ""147023317"", ""213260603""]"
none_subset,1,218345110,176831577,57,1153,0,0,0,0,0,0,"[""208717293"", ""38003133"", ""203136628"", ""76371725"", ""63293833"", ""169009690"", ""149427907"", ""130844020"", ""172059758"", ""51146959""]"
none_subset,1,219470659,203497492,64,466,0,0,0,0,0,0,"[""126953299"", ""162587856"", ""205920501"", ""213253358"", ""134312075"", ""169695317"", ""155708697"", ""83781866"", ""83954010"", ""202253212""]"
none_subset,1,195024859,157002145,64,7,0,0,0,1,1,1,"[""182426229"", ""208628985"", ""88249240"", ""196574884"", ""192779268"", ""210635321"", ""157002145"", ""147671714"", ""168805608"", ""99425109""]"
none_subset,1,190170779,120932240,46,18,0,0,0,0,1,1,"[""205315794"", ""134691092"", ""172604491"", ""207470239"", ""137150022"", ""120963350"", ""174679814"", ""208866550"", ""30916684"", ""144083429""]"
none_subset,1,172736970,71742122,57,17,0,0,0,0,1,1,"[""168668833"", ""205804941"", ""191314611"", ""192513233"", ""13354600"", ""144213406"", ""161021821"", ""167001981"", ""175258156"", ""70341779""]"
none_subset,1,220347923,169443962,4,28,0,0,0,0,1,1,"[""56998165"", ""207566657"", ""57958030"", ""171902128"", ""116474962"", ""186229725"", ""70897180"", ""78628063"", ""185309627"", ""214498383""]"
none_subset,1,179957135,138995768,57,1721,0,0,0,0,0,0,"[""213406997"", ""193303170"", ""208772517"", ""180448563"", ""185361449"", ""131867164"", ""173730616"", ""76211333"", ""205321546"", ""113103076""]"
none_subset,1,133175234,137515745,43,937,0,0,0,0,0,0,"[""43872203"", ""166752829"", ""144710651"", ""142700536"", ""197867680"", ""41756235"", ""115215817"", ""84248620"", ""62486624"", ""101956556""]"
none_subset,1,211188780,173529593,4,1102,0,0,0,0,0,0,"[""139418370"", ""155908916"", ""163349092"", ""191690738"", ""147828982"", ""102233014"", ""161844864"", ""126042350"", ""192402919"", ""209715606""]"
none_subset,1,220588390,207413130,4,320,0,0,0,0,0,0,"[""188605425"", ""186930348"", ""210550451"", ""182904703"", ""201657691"", ""212482379"", ""183515246"", ""192331154"", ""205600080"", ""195524404""]"
none_subset,1,214980138,178112615,37,28,0,0,0,0,1,1,"[""209161669"", ""209128550"", ""189521463"", ""194731784"", ""210226726"", ""206298544"", ""210666947"", ""206404092"", ""183697536"", ""197238711""]"
none_subset,1,174184013,144305873,64,397,0,0,0,0,0,0,"[""114975070"", ""178700962"", ""41031023"", ""200004707"", ""182224096"", ""162684780"", ""188559333"", ""203403083"", ""97353101"", ""93630964""]"
none_subset,1,223294295,190533052,64,89,0,0,0,0,0,0,"[""146444401"", ""181619566"", ""115988300"", ""85881610"", ""133214115"", ""188802952"", ""153330413"", ""34666160"", ""201298322"", ""146630451""]"
none_subset,1,154270445,128589400,62,814,0,0,0,0,0,0,"[""190708058"", ""153698253"", ""209252153"", ""194932553"", ""188361417"", ""195994978"", ""142493256"", ""206721332"", ""25260455"", ""178800267""]"
none_subset,1,194962176,167846611,4,263,0,0,0,0,0,0,"[""206285188"", ""214085481"", ""199379442"", ""212819052"", ""214275181"", ""142444658"", ""201066059"", ""208958120"", ""215580343"", ""199552231""]"
none_subset,1,142475315,122639965,46,311,0,0,0,0,0,0,"[""172374310"", ""142789905"", ""78631092"", ""171974189"", ""78570599"", ""194301324"", ""143484748"", ""208431287"", ""187714756"", ""78696152""]"
none_subset,1,209210321,181408383,37,25,0,0,0,0,1,1,"[""187719393"", ""193730114"", ""202030579"", ""192870188"", ""190070434"", ""204075228"", ""200866870"", ""187735798"", ""131961169"", ""189731038""]"
none_subset,1,224767285,162605137,43,118,0,0,0,0,0,0,"[""160598030"", ""130556843"", ""84074518"", ""98301531"", ""98800023"", ""148487136"", ""198125462"", ""139993623"", ""142593193"", ""88376416""]"
none_subset,1,198827199,170711878,38,318,0,0,0,0,0,0,"[""173053311"", ""205817767"", ""192554802"", ""133691689"", ""213567992"", ""207870230"", ""167519616"", ""153672609"", ""126531128"", ""167929413""]"
none_subset,1,224053734,201823220,37,386,0,0,0,0,0,0,"[""201572634"", ""197844035"", ""211987844"", ""205773422"", ""145639775"", ""209034394"", ""143138392"", ""211804795"", ""180837553"", ""130515422""]"
none_subset,1,163763539,133301327,38,412,0,0,0,0,0,0,"[""146723193"", ""130325190"", ""18798683"", ""134076999"", ""183174003"", ""75371796"", ""192389960"", ""161309401"", ""123652552"", ""193575305""]"
none_subset,1,199964527,123167911,64,1844,0,0,0,0,0,0,"[""128898155"", ""157868027"", ""184076586"", ""20536325"", ""143656811"", ""184581147"", ""183765574"", ""137464692"", ""107088593"", ""66459509""]"
none_subset,1,156864623,110602938,64,302,0,0,0,0,0,0,"[""156718510"", ""1943884"", ""149772224"", ""112210141"", ""168805608"", ""189002821"", ""173159881"", ""187557702"", ""73065988"", ""198499830""]"
none_subset,1,120080094,106471808,62,7,0,0,0,1,1,1,"[""63654449"", ""166108651"", ""79388828"", ""148891602"", ""194491562"", ""60239293"", ""106471808"", ""100036109"", ""57612738"", ""165955561""]"
none_subset,1,207399071,177381146,46,969,0,0,0,0,0,0,"[""174074948"", ""209175273"", ""85179633"", ""194733454"", ""174726875"", ""201742113"", ""213381319"", ""210667015"", ""172935649"", ""208719036""]"
none_subset,1,182005354,7575539,46,235,0,0,0,0,0,0,"[""208306039"", ""205395255"", ""157417143"", ""213021213"", ""213655844"", ""180541695"", ""209924661"", ""88265183"", ""71898634"", ""210449055""]"
none_subset,1,147928605,89574390,57,417,0,0,0,0,0,0,"[""107527374"", ""183993242"", ""165674944"", ""199897240"", ""205451286"", ""139191535"", ""177164990"", ""74980800"", ""128122761"", ""110306995""]"
none_subset,1,219738889,193806850,4,192,0,0,0,0,0,0,"[""186775950"", ""139418370"", ""147725816"", ""102233014"", ""50763598"", ""56134226"", ""144683728"", ""158857170"", ""193858344"", ""200110527""]"
none_subset,1,221960992,199718807,46,2,0,1,1,1,1,1,"[""202480156"", ""199718807"", ""182917310"", ""171846733"", ""181810712"", ""71898634"", ""215380029"", ""97781465"", ""213377993"", ""203171809""]"
none_subset,1,219468209,205311074,4,237,0,0,0,0,0,0,"[""178330529"", ""88525097"", ""81195353"", ""204708799"", ""115483149"", ""180567795"", ""81323441"", ""157103009"", ""214575516"", ""193891234""]"
none_subset,1,207211685,178831771,46,89,0,0,0,0,0,0,"[""133795252"", ""127997699"", ""211752694"", ""132188413"", ""123063424"", ""118684046"", ""150142821"", ""208035235"", ""88672257"", ""113503537""]"
none_subset,1,165223251,140762187,64,400,0,0,0,0,0,0,"[""98740806"", ""162030098"", ""173246608"", ""156013516"", ""70262578"", ""214336133"", ""115988300"", ""160603185"", ""213229768"", ""190786565""]"
none_subset,1,220706937,205275326,38,144,0,0,0,0,0,0,"[""213567992"", ""149533051"", ""169336593"", ""205802345"", ""165798857"", ""78529743"", ""170124107"", ""159548291"", ""207584606"", ""130093433""]"
none_subset,1,195422256,129450808,38,66,0,0,0,0,0,0,"[""164264613"", ""209347465"", ""186767110"", ""206917015"", ""140030159"", ""150241983"", ""145768091"", ""8550716"", ""127322167"", ""71461721""]"
none_subset,1,181280255,149540936,4,1149,0,0,0,0,0,0,"[""154203183"", ""179909533"", ""141186510"", ""144067777"", ""164449645"", ""184721384"", ""181699642"", ""143852845"", ""147751136"", ""156471159""]"
none_subset,1,204177482,175772166,37,185,0,0,0,0,0,0,"[""126447640"", ""210646051"", ""192154985"", ""160293528"", ""162977839"", ""153111696"", ""187502080"", ""123336704"", ""203829614"", ""185032741""]"
none_subset,1,221254086,76275548,62,5,0,0,1,1,1,1,"[""110895997"", ""167656283"", ""15445290"", ""161194868"", ""76275548"", ""124953746"", ""105231780"", ""124884051"", ""195518176"", ""143843798""]"
none_subset,1,220147185,185601973,46,46,0,0,0,0,0,1,"[""205315794"", ""156263625"", ""213672603"", ""178722271"", ""179653927"", ""196783083"", ""165953966"", ""206204582"", ""165704043"", ""131953748""]"
none_subset,1,222499635,206938701,4,129,0,0,0,0,0,0,"[""145725802"", ""195621034"", ""160484751"", ""141440077"", ""179735008"", ""157092256"", ""160188245"", ""158546701"", ""195242863"", ""179585446""]"
none_subset,1,225105045,179784665,4,61,0,0,0,0,0,0,"[""214341619"", ""177338367"", ""184090522"", ""199841117"", ""169388531"", ""206289183"", ""208946996"", ""201591292"", ""192581557"", ""204133139""]"
none_subset,1,194633079,152192864,38,886,0,0,0,0,0,0,"[""165753540"", ""127539785"", ""120618466"", ""67127804"", ""170281060"", ""182333897"", ""209258995"", ""200132048"", ""192596276"", ""182011489""]"
none_subset,1,133771422,124110006,64,207,0,0,0,0,0,0,"[""194094670"", ""204824313"", ""138800320"", ""92309560"", ""56995363"", ""125561073"", ""60032340"", ""129803266"", ""90628921"", ""138803213""]"
none_subset,1,217721609,204158311,43,357,0,0,0,0,0,0,"[""201213450"", ""191134281"", ""169200092"", ""189283285"", ""125047033"", ""195590215"", ""65032628"", ""206290556"", ""72644649"", ""211582481""]"
none_subset,1,156283957,134055274,37,16,0,0,0,0,1,1,"[""210583467"", ""159846953"", ""137592134"", ""40964362"", ""170597831"", ""156583528"", ""163621389"", ""131363055"", ""138020902"", ""128122165""]"
none_subset,1,189497829,161417907,4,1024,0,0,0,0,0,0,"[""142536914"", ""199333962"", ""145725802"", ""179735008"", ""193807530"", ""197428008"", ""195621034"", ""160484751"", ""157092256"", ""160732680""]"
none_subset,1,214768274,180005065,4,39,0,0,0,0,0,1,"[""127048176"", ""115124238"", ""155585579"", ""188580686"", ""173529593"", ""165675795"", ""98844359"", ""103936826"", ""192314331"", ""191509023""]"
none_subset,1,92672519,81862127,62,170,0,0,0,0,0,0,"[""71186483"", ""186943676"", ""179155211"", ""199419129"", ""136598057"", ""187215831"", ""114162936"", ""66613547"", ""208722933"", ""153698253""]"
none_subset,1,120758894,107906676,38,704,0,0,0,0,0,0,"[""186580987"", ""107880171"", ""194014911"", ""111238191"", ""206865806"", ""96846772"", ""73148680"", ""97083478"", ""212169244"", ""100680008""]"
none_subset,1,202131990,171568733,64,2060,0,0,0,0,0,0,"[""169622540"", ""205896464"", ""206429682"", ""111684525"", ""213914636"", ""173318781"", ""156400594"", ""200451748"", ""79304262"", ""147397750""]"
none_subset,1,208255378,164620061,64,877,0,0,0,0,0,0,"[""115988300"", ""162665168"", ""147984435"", ""93604401"", ""123694415"", ""187708913"", ""209790439"", ""97428675"", ""80098795"", ""25588585""]"
none_subset,1,143701533,124776037,37,191,0,0,0,0,0,0,"[""173499684"", ""94672340"", ""195301608"", ""143084610"", ""164430683"", ""132747199"", ""212776036"", ""160538816"", ""196133478"", ""142288515""]"
none_subset,1,147489845,126856500,38,568,0,0,0,0,0,0,"[""201994268"", ""150630196"", ""166911507"", ""149755002"", ""162768145"", ""206277956"", ""153333213"", ""16689432"", ""126891166"", ""190453683""]"
none_subset,1,181871424,152108923,4,47,0,0,0,0,0,1,"[""193059683"", ""114633318"", ""98076075"", ""129430743"", ""191516714"", ""210721272"", ""83232103"", ""163859971"", ""46857523"", ""202190653""]"
none_subset,1,215405883,167356434,62,749,0,0,0,0,0,0,"[""210678182"", ""124409511"", ""130270435"", ""127953008"", ""30363312"", ""157760728"", ""192653562"", ""158763261"", ""117881079"", ""144733620""]"
none_subset,1,82748621,75642384,46,4,0,0,1,1,1,1,"[""93317617"", ""126522124"", ""52439531"", ""75642384"", ""201966464"", ""126605515"", ""181905212"", ""66211329"", ""167925157"", ""97781465""]"
none_subset,1,133015212,112540745,4,26,0,0,0,0,1,1,"[""197860156"", ""192736985"", ""146168593"", ""103497899"", ""146131577"", ""161499533"", ""155621693"", ""148365289"", ""186934020"", ""173529593""]"
none_subset,1,188556983,157457665,64,1067,0,0,0,0,0,0,"[""202708847"", ""124508209"", ""133087212"", ""146681358"", ""132119758"", ""145779626"", ""192891016"", ""136116320"", ""135599268"", ""130603525""]"
none_subset,1,174837067,126753800,37,90,0,0,0,0,0,0,"[""198753304"", ""168964563"", ""199925635"", ""185112282"", ""201252808"", ""189822829"", ""89454786"", ""206926374"", ""200024420"", ""180869206""]"
none_subset,1,222693065,130516684,38,452,0,0,0,0,0,0,"[""166298317"", ""154434048"", ""170764066"", ""79223401"", ""79223397"", ""186580987"", ""159013209"", ""180533985"", ""206437660"", ""128745438""]"
none_subset,1,99601084,83819346,38,1088,0,0,0,0,0,0,"[""67127804"", ""111085092"", ""165753540"", ""169063398"", ""194555128"", ""182333897"", ""127539785"", ""118347950"", ""154090124"", ""98969149""]"
none_subset,1,157715047,101329146,38,65,0,0,0,0,0,0,"[""184547134"", ""206728210"", ""193591162"", ""167863303"", ""169136130"", ""156160419"", ""206917015"", ""165832126"", ""187015482"", ""179118925""]"
none_subset,1,26976717,26203195,4,1310,0,0,0,0,0,0,"[""22766945"", ""123881493"", ""9766161"", ""195717749"", ""76515539"", ""121769201"", ""12396291"", ""188802396"", ""159922963"", ""213979278""]"
none_subset,1,185758286,144044758,46,1154,0,0,0,0,0,0,"[""132867538"", ""94769507"", ""109762523"", ""161017988"", ""128782682"", ""114654675"", ""209979540"", ""179384818"", ""170628503"", ""190912236""]"
none_subset,1,185071093,157010792,37,515,0,0,0,0,0,0,"[""152140191"", ""152762226"", ""192597928"", ""158117230"", ""183023489"", ""93714502"", ""113199607"", ""58893791"", ""119637829"", ""178053573""]"
none_subset,1,180410610,149637816,38,1413,0,0,0,0,0,0,"[""147686192"", ""91690080"", ""81626812"", ""204637998"", ""184191073"", ""199347203"", ""124833754"", ""155589050"", ""122849837"", ""155436166""]"
none_subset,1,190543446,155621797,4,20,0,0,0,0,1,1,"[""133639289"", ""169747228"", ""65093644"", ""140966958"", ""133070539"", ""192944634"", ""189202376"", ""193369779"", ""195516477"", ""183750892""]"
none_subset,1,194783535,112615204,64,169,0,0,0,0,0,0,"[""179784406"", ""65008714"", ""143226451"", ""208465437"", ""195558974"", ""201712054"", ""193467710"", ""86356781"", ""141938100"", ""82846737""]"
none_subset,1,209480438,187021020,37,1319,0,0,0,0,0,0,"[""185112282"", ""133924998"", ""210646051"", ""183994388"", ""212035633"", ""40661702"", ""192154985"", ""198753304"", ""204992307"", ""202780647""]"
none_subset,1,217504200,201814913,64,45,0,0,0,0,0,1,"[""153266976"", ""119651772"", ""49215114"", ""207826820"", ""31566174"", ""210873715"", ""168247151"", ""20371087"", ""210273621"", ""213158029""]"
none_subset,1,44412937,30017242,4,2805,0,0,0,0,0,0,"[""119654700"", ""120540825"", ""183670529"", ""116662369"", ""71990231"", ""65093644"", ""182763611"", ""156370579"", ""121025812"", ""154727199""]"
none_subset,1,223556550,212168388,46,10,0,0,0,1,1,1,"[""209050134"", ""205586250"", ""179533802"", ""133780489"", ""105129945"", ""74840350"", ""188865413"", ""129240074"", ""82252188"", ""212168388""]"
none_subset,1,199370902,159384368,46,704,0,0,0,0,0,0,"[""186888123"", ""103251721"", ""190450261"", ""204650950"", ""208811097"", ""144964708"", ""184646371"", ""206220197"", ""208417546"", ""208457798""]"
none_subset,1,222943071,211704000,4,94,0,0,0,0,0,0,"[""214491007"", ""78155271"", ""215305148"", ""151978785"", ""133632260"", ""209124215"", ""186707401"", ""69511407"", ""138230066"", ""112930320""]"
none_subset,1,216267579,151817180,46,16,0,0,0,0,1,1,"[""204650950"", ""103251721"", ""190450261"", ""186888123"", ""212857036"", ""193206170"", ""167383627"", ""167786912"", ""167464610"", ""134691092""]"
none_subset,1,182699351,111176154,38,168,0,0,0,0,0,0,"[""183564225"", ""113999751"", ""120618466"", ""192992682"", ""150396233"", ""183239354"", ""110457316"", ""71896485"", ""127539785"", ""209320022""]"
none_subset,1,140033472,122407287,38,2277,0,0,0,0,0,0,"[""192191594"", ""41147018"", ""202987035"", ""111175760"", ""199111427"", ""127107925"", ""101687255"", ""113456040"", ""124826718"", ""107256101""]"
none_subset,1,133324109,117436576,43,1438,0,0,0,0,0,0,"[""86931045"", ""127459019"", ""160966785"", ""135871857"", ""186949946"", ""132745959"", ""42219137"", ""208096405"", ""104733638"", ""196383606""]"
none_subset,1,174213950,142506151,4,72,0,0,0,0,0,0,"[""133755220"", ""156633369"", ""167254533"", ""16847694"", ""86774130"", ""170267536"", ""181672704"", ""185905613"", ""157710674"", ""48788833""]"
none_subset,1,223812273,207942600,4,97,0,0,0,0,0,0,"[""21060681"", ""114925208"", ""114633318"", ""119644839"", ""131896906"", ""209180066"", ""29952166"", ""128511706"", ""175596949"", ""146345148""]"
none_subset,1,204104398,165151245,46,640,0,0,0,0,0,0,"[""78570599"", ""127485588"", ""206201645"", ""86246820"", ""134647287"", ""214682235"", ""78696152"", ""113869306"", ""183484544"", ""78004872""]"
none_subset,1,181095947,151971662,43,255,0,0,0,0,0,0,"[""182659497"", ""118484592"", ""193281522"", ""160802034"", ""212847147"", ""185690306"", ""211030648"", ""164354706"", ""127635452"", ""140754805""]"
none_subset,1,224899119,192651386,43,17,0,0,0,0,1,1,"[""98800023"", ""204803959"", ""156395019"", ""79844098"", ""178361669"", ""39026970"", ""70510072"", ""127000704"", ""88376416"", ""183716498""]"
none_subset,1,183967688,155670027,38,107,0,0,0,0,0,0,"[""167575814"", ""133274826"", ""103134592"", ""103799422"", ""116766569"", ""107235735"", ""123163905"", ""191958683"", ""105761623"", ""200665837""]"
none_subset,1,184280318,132671829,38,1520,0,0,0,0,0,0,"[""206917015"", ""136204876"", ""149389681"", ""111639650"", ""190269757"", ""6679232"", ""122763359"", ""190043362"", ""145998937"", ""109035411""]"
none_subset,1,216271458,196562630,43,1788,0,0,0,0,0,0,"[""192944095"", ""179173495"", ""197961838"", ""207421677"", ""96854864"", ""165834610"", ""165846121"", ""143875665"", ""180879330"", ""125908093""]"
none_subset,1,49152496,53953930,4,82,0,0,0,0,0,0,"[""208901976"", ""172884595"", ""138898252"", ""58216709"", ""96998136"", ""126042350"", ""190218932"", ""191225749"", ""199067357"", ""178871266""]"
none_subset,1,66288978,69002225,62,340,0,0,0,0,0,0,"[""135330582"", ""189571937"", ""145569722"", ""133870924"", ""157472228"", ""161511273"", ""168941268"", ""190767280"", ""156733813"", ""32384255""]"
none_subset,1,220840372,207954191,57,300,0,0,0,0,0,0,"[""213078674"", ""181010781"", ""215562071"", ""170280653"", ""130568371"", ""214059340"", ""134525592"", ""209172044"", ""206210460"", ""188906002""]"
none_subset,1,147306031,128106423,64,1083,0,0,0,0,0,0,"[""116088383"", ""194116859"", ""64615383"", ""120178002"", ""146212552"", ""120966979"", ""124508209"", ""125019219"", ""147667682"", ""115988300""]"
none_subset,1,225316557,181446055,38,2,0,1,1,1,1,1,"[""174772308"", ""181446055"", ""214890741"", ""102368805"", ""140979774"", ""192191594"", ""157714512"", ""176971005"", ""174632713"", ""193054363""]"
none_subset,1,174525131,136554419,46,367,0,0,0,0,0,0,"[""201461152"", ""210880528"", ""194051265"", ""200735701"", ""215124824"", ""181935054"", ""171722133"", ""130390168"", ""213130291"", ""179502217""]"
none_subset,1,195885815,167310374,37,17,0,0,0,0,1,1,"[""191148698"", ""82961419"", ""212776036"", ""196133478"", ""192913849"", ""166149565"", ""207481345"", ""150707511"", ""164055285"", ""185919393""]"
none_subset,1,209210877,170072626,37,448,0,0,0,0,0,0,"[""201925530"", ""188857439"", ""156606418"", ""157945105"", ""207544886"", ""142136896"", ""143835093"", ""206515039"", ""213064823"", ""204563640""]"
none_subset,1,175741247,141574731,62,411,0,0,0,0,0,0,"[""161511273"", ""65335111"", ""188696626"", ""32936165"", ""27757463"", ""137144214"", ""189107795"", ""135330582"", ""90932662"", ""136870941""]"
none_subset,1,225332772,205095267,37,1776,0,0,0,0,0,0,"[""82961419"", ""131581832"", ""194670256"", ""82620936"", ""207481345"", ""151688576"", ""212776036"", ""193679263"", ""136896781"", ""158689026""]"
none_subset,1,207958562,129288036,64,139,0,0,0,0,0,0,"[""192179303"", ""200505701"", ""187944465"", ""165258851"", ""193656471"", ""206133696"", ""201341623"", ""106066941"", ""200027492"", ""166840834""]"
none_subset,1,208462466,174719538,64,32,0,0,0,0,0,1,"[""184550395"", ""196287148"", ""139802525"", ""211889722"", ""206294617"", ""182375861"", ""159982314"", ""202548043"", ""210110340"", ""176590943""]"
none_subset,1,218350216,203413072,57,125,0,0,0,0,0,0,"[""183669341"", ""187760067"", ""209726587"", ""212600538"", ""202655316"", ""188457754"", ""187720102"", ""191226480"", ""202223376"", ""193981972""]"
none_subset,1,184428330,141440077,4,11,0,0,0,0,1,1,"[""25537887"", ""53541477"", ""193007590"", ""180266107"", ""73118528"", ""211167678"", ""206007161"", ""100750573"", ""146976388"", ""192968334""]"
none_subset,1,201856004,167537206,64,23,0,0,0,0,1,1,"[""167740456"", ""173246608"", ""100752496"", ""194941994"", ""129093190"", ""108538492"", ""188038298"", ""190786565"", ""151366408"", ""160603185""]"
none_subset,1,215855432,169976903,4,314,0,0,0,0,0,0,"[""188605425"", ""213053357"", ""198087841"", ""177056777"", ""203466268"", ""205600080"", ""195510728"", ""211385428"", ""197090565"", ""180843726""]"
none_subset,1,211501789,190817084,43,168,0,0,0,0,0,0,"[""137241438"", ""201905433"", ""184091403"", ""160792622"", ""207732639"", ""200173512"", ""45966001"", ""192825043"", ""212129667"", ""201671217""]"
none_subset,1,175837973,147413615,62,1194,0,0,0,0,0,0,"[""163921015"", ""146276364"", ""61854824"", ""113542136"", ""36293036"", ""103593430"", ""159960911"", ""86925187"", ""194932553"", ""89381373""]"
none_subset,1,204725838,161757069,37,292,0,0,0,0,0,0,"[""186828113"", ""173640245"", ""116930061"", ""208141913"", ""208174544"", ""209286799"", ""174101148"", ""194408004"", ""210502009"", ""188994423""]"
none_subset,1,197606699,145071351,43,1667,0,0,0,0,0,0,"[""199973560"", ""180214878"", ""204986935"", ""130951250"", ""189668332"", ""146534126"", ""172285662"", ""194705635"", ""136136174"", ""200220026""]"
none_subset,1,206736488,190493223,37,1344,0,0,0,0,0,0,"[""202331502"", ""124537731"", ""190419656"", ""138625062"", ""153610553"", ""115477896"", ""126794514"", ""202857509"", ""153376485"", ""172318658""]"
none_subset,1,197959137,158555938,57,9,0,0,0,1,1,1,"[""206545534"", ""211640040"", ""202223595"", ""211844405"", ""207769496"", ""99228573"", ""197740362"", ""206568246"", ""158555938"", ""204145490""]"
none_subset,1,216898820,200589462,4,483,0,0,0,0,0,0,"[""162058011"", ""191695909"", ""158986768"", ""156855089"", ""201461303"", ""190289813"", ""187535990"", ""190161584"", ""99109493"", ""123469638""]"
none_subset,1,176239974,140616698,64,142,0,0,0,0,0,0,"[""115988300"", ""97428675"", ""146630451"", ""46094230"", ""189971087"", ""132746503"", ""147984435"", ""116088383"", ""187033175"", ""187708913""]"
none_subset,1,157988855,136552233,64,2348,0,0,0,0,0,0,"[""35312252"", ""189099049"", ""136714774"", ""19628845"", ""58475692"", ""146896479"", ""67677743"", ""59824769"", ""41959899"", ""155360700""]"
none_subset,1,161185024,112700405,62,351,0,0,0,0,0,0,"[""193455135"", ""186790061"", ""117977369"", ""71186483"", ""202584013"", ""213337390"", ""79930613"", ""79071994"", ""204737909"", ""62692385""]"
none_subset,1,214846555,195919621,37,133,0,0,0,0,0,0,"[""207544886"", ""210226726"", ""201660893"", ""187719393"", ""190070434"", ""201649016"", ""202030579"", ""193730114"", ""195296935"", ""190172991""]"
none_subset,1,182932307,154018041,43,430,0,0,0,0,0,0,"[""194667319"", ""173279591"", ""190193667"", ""177472789"", ""94726399"", ""114685682"", ""144399603"", ""85815673"", ""206012362"", ""134999759""]"
none_subset,1,223890242,213307240,4,11,0,0,0,0,1,1,"[""195510728"", ""187535990"", ""158986768"", ""196161368"", ""133949607"", ""180074203"", ""211389849"", ""188357647"", ""209155449"", ""171567687""]"
none_subset,1,126143600,102679360,64,13,0,0,0,0,1,1,"[""131569653"", ""83781866"", ""193135598"", ""83781980"", ""21707133"", ""109320323"", ""96029631"", ""148413683"", ""146365324"", ""168374070""]"
none_subset,1,221471597,201385646,38,18,0,0,0,0,1,1,"[""214289443"", ""165274768"", ""167802783"", ""204985593"", ""167193773"", ""101958100"", ""118290351"", ""170400945"", ""194296875"", ""178544907""]"
none_subset,1,173298299,124122804,38,140,0,0,0,0,0,0,"[""132680001"", ""165228799"", ""106027581"", ""170764066"", ""78448908"", ""166298317"", ""163646287"", ""99943788"", ""79223401"", ""104770507""]"
none_subset,1,218520406,203736902,62,478,0,0,0,0,0,0,"[""85051086"", ""189754029"", ""181082260"", ""132521306"", ""206222825"", ""172407071"", ""51439459"", ""103668310"", ""195545920"", ""189968625""]"
none_subset,1,224142522,204338788,37,87,0,0,0,0,0,0,"[""188646002"", ""136186158"", ""127482058"", ""198598972"", ""149181117"", ""205439047"", ""132179046"", ""201258368"", ""143065905"", ""192913849""]"
none_subset,1,202410361,174578139,43,1846,0,0,0,0,0,0,"[""204891079"", ""186726793"", ""155406631"", ""180987149"", ""120575071"", ""118456882"", ""150977148"", ""41756235"", ""214969346"", ""165548600""]"
none_subset,1,161146600,138785143,57,941,0,0,0,0,0,0,"[""163704706"", ""201061562"", ""211029106"", ""172564451"", ""170280653"", ""207601730"", ""210399533"", ""212470281"", ""198700939"", ""182623124""]"
none_subset,1,222069475,170340278,62,230,0,0,0,0,0,0,"[""202517117"", ""70799922"", ""66824965"", ""156677885"", ""211877317"", ""19558627"", ""79802279"", ""208033879"", ""77814443"", ""124409511""]"
none_subset,1,194411661,163223965,43,24,0,0,0,0,1,1,"[""111061767"", ""76024222"", ""113125737"", ""138924839"", ""192942930"", ""88426427"", ""163402666"", ""178871976"", ""143190396"", ""79676853""]"
none_subset,1,224932591,191606915,64,152,0,0,0,0,0,0,"[""136347027"", ""82846737"", ""195558974"", ""96320844"", ""214169517"", ""202506442"", ""202169422"", ""200883111"", ""73065988"", ""164732342""]"
none_subset,1,210415489,183542149,4,63,0,0,0,0,0,0,"[""192413607"", ""188077197"", ""200860968"", ""146764647"", ""153979554"", ""171567687"", ""72373127"", ""192877167"", ""91489517"", ""198685085""]"
none_subset,1,15571882,13426070,38,417,0,0,0,0,0,0,"[""133136953"", ""185682289"", ""207100353"", ""158620086"", ""12905940"", ""108421334"", ""209229490"", ""98477697"", ""193943616"", ""148428740""]"
none_subset,1,98110577,25513745,4,309,0,0,0,0,0,0,"[""171902128"", ""91829997"", ""78628063"", ""142456567"", ""193831253"", ""193934711"", ""104674345"", ""31025066"", ""187499375"", ""116474962""]"
none_subset,1,215808683,193202852,38,8,0,0,0,1,1,1,"[""181203442"", ""205170862"", ""170400945"", ""208445626"", ""138045329"", ""151342069"", ""187069957"", ""193202852"", ""186432633"", ""180260568""]"
none_subset,1,157938763,131128383,64,245,0,0,0,0,0,0,"[""154046140"", ""108526378"", ""200883111"", ""126647422"", ""115629895"", ""151937589"", ""195558974"", ""69227080"", ""154049018"", ""95730598""]"
none_subset,1,195879054,164721000,64,364,0,0,0,0,0,0,"[""202169422"", ""128607088"", ""167740456"", ""156013516"", ""152293696"", ""152368817"", ""162030098"", ""115621700"", ""208682751"", ""194400653""]"
none_subset,1,223876308,209808536,38,1295,0,0,0,0,0,0,"[""120501914"", ""100712745"", ""93923477"", ""123302549"", ""190384477"", ""189745383"", ""177493383"", ""174760342"", ""152717874"", ""161450028""]"
none_subset,1,214132806,193403705,43,849,0,0,0,0,0,0,"[""130496317"", ""137382410"", ""193482080"", ""197607286"", ""71803254"", ""153540939"", ""180314920"", ""35671043"", ""198710349"", ""182570514""]"
none_subset,1,52664700,60411182,62,1468,0,0,0,0,0,0,"[""119067436"", ""130611320"", ""131859804"", ""136359251"", ""128594783"", ""172600056"", ""97032103"", ""167148116"", ""102125093"", ""104016143""]"
none_subset,1,200266803,114685239,43,2071,0,0,0,0,0,0,"[""115851281"", ""59841256"", ""84756708"", ""86316695"", ""182612609"", ""144744853"", ""129633706"", ""105774118"", ""205500642"", ""127006553""]"
none_subset,1,217984127,194136520,46,14,0,0,0,0,1,1,"[""209824689"", ""168220730"", ""134232696"", ""204939549"", ""121995083"", ""215006086"", ""204638926"", ""211774611"", ""163683734"", ""116109332""]"
none_subset,1,98474414,70434629,38,228,0,0,0,0,0,0,"[""172773467"", ""165239224"", ""126409844"", ""126942864"", ""195844405"", ""165587581"", ""200560256"", ""202565372"", ""208921464"", ""176591184""]"
none_subset,1,203033874,175785148,62,143,0,0,0,0,0,0,"[""204577887"", ""211070786"", ""191211417"", ""196478095"", ""207609626"", ""185125027"", ""215517289"", ""184849912"", ""191313815"", ""185851832""]"
none_subset,1,208098642,184209950,57,328,0,0,0,0,0,0,"[""209048371"", ""126962839"", ""196862481"", ""211568673"", ""209502529"", ""209092004"", ""118260233"", ""201949837"", ""207197238"", ""169347129""]"
none_subset,1,173574562,143597501,38,1188,0,0,0,0,0,0,"[""144261984"", ""99816295"", ""169004224"", ""111639650"", ""194370723"", ""152050978"", ""139197933"", ""117484080"", ""171180851"", ""205018667""]"
none_subset,1,90053851,87387447,64,13,0,0,0,0,1,1,"[""156400594"", ""56376408"", ""167643333"", ""127927081"", ""56290736"", ""93608052"", ""78417008"", ""181352764"", ""189845371"", ""36366553""]"
none_subset,1,161837918,127669239,38,28,0,0,0,0,1,1,"[""214890741"", ""157993089"", ""102368805"", ""192191594"", ""169064521"", ""176971005"", ""141027817"", ""196947068"", ""163334242"", ""181446055""]"
none_subset,1,177388849,149611213,46,1986,0,0,0,0,0,0,"[""212809187"", ""194933430"", ""171801408"", ""205368126"", ""194795218"", ""105318716"", ""192437637"", ""173222203"", ""127609272"", ""197859726""]"
none_subset,1,184500825,156456714,4,162,0,0,0,0,0,0,"[""150577652"", ""188935668"", ""147828982"", ""173008557"", ""150456310"", ""191690738"", ""184538683"", ""185071400"", ""102233014"", ""192402919""]"
none_subset,1,222767943,209217971,57,848,0,0,0,0,0,0,"[""74980800"", ""200415629"", ""176713188"", ""147735917"", ""109983619"", ""172234834"", ""127626189"", ""113655478"", ""137629837"", ""16684342""]"
none_subset,1,215241629,192731605,43,123,0,0,0,0,0,0,"[""209666551"", ""182445092"", ""182399428"", ""213483404"", ""190197325"", ""152989526"", ""166734753"", ""185360446"", ""165047575"", ""200173512""]"
none_subset,1,183100470,99417938,64,499,0,0,0,0,0,0,"[""202708847"", ""144073843"", ""146228800"", ""192891016"", ""164183551"", ""56925731"", ""209575498"", ""145779626"", ""152603802"", ""180165679""]"
none_subset,1,179107092,144454199,62,613,0,0,0,0,0,0,"[""157472228"", ""161511273"", ""135330582"", ""190767280"", ""136870941"", ""117835777"", ""152444456"", ""80901718"", ""137144214"", ""137566298""]"
none_subset,1,208304805,109143906,62,981,0,0,0,0,0,0,"[""160871092"", ""193487145"", ""168348573"", ""172047615"", ""193966259"", ""156814814"", ""207280732"", ""193487215"", ""123163861"", ""196543115""]"
none_subset,1,187084437,157264118,38,693,0,0,0,0,0,0,"[""159835737"", ""110664117"", ""31197704"", ""154107984"", ""44504337"", ""214394715"", ""100758724"", ""45766945"", ""150241983"", ""37709032""]"
none_subset,1,182829203,121637221,57,1825,0,0,0,0,0,0,"[""146957178"", ""207134458"", ""111600891"", ""177152495"", ""202358315"", ""195801582"", ""209587784"", ""121596250"", ""140997431"", ""181271800""]"
none_subset,1,222069124,145729982,43,95,0,0,0,0,0,0,"[""117626711"", ""170809412"", ""142451013"", ""194796888"", ""137935033"", ""197808353"", ""104957798"", ""56316481"", ""184649249"", ""127655947""]"
none_subset,1,103400294,94729022,64,1602,0,0,0,0,0,0,"[""121442493"", ""172741180"", ""194835735"", ""129093190"", ""169220249"", ""190786565"", ""194941994"", ""153330413"", ""201298322"", ""92189436""]"
none_subset,1,224914581,176953865,64,65,0,0,0,0,0,0,"[""205134381"", ""190167812"", ""187707055"", ""73275498"", ""142606748"", ""128603026"", ""206213762"", ""136416035"", ""126904794"", ""188536293""]"
none_subset,1,214666513,195619020,37,33,0,0,0,0,0,1,"[""184519995"", ""143138392"", ""187443642"", ""141081466"", ""115994978"", ""175392694"", ""169922684"", ""32638462"", ""163621389"", ""184921004""]"
none_subset,1,222321400,182166699,57,386,0,0,0,0,0,0,"[""85728689"", ""207301406"", ""143158282"", ""160254097"", ""211144254"", ""109045133"", ""123741380"", ""167254572"", ""159577045"", ""153434097""]"
none_subset,1,216944551,159359494,43,201,0,0,0,0,0,0,"[""202025930"", ""199520065"", ""171859659"", ""139780746"", ""67909736"", ""173758947"", ""213355535"", ""169803317"", ""203454842"", ""107331925""]"
none_subset,1,210707828,152227829,62,811,0,0,0,0,0,0,"[""49602036"", ""191802528"", ""91104276"", ""91322924"", ""183357497"", ""113590470"", ""155721266"", ""147431302"", ""181005573"", ""114525243""]"
none_subset,1,180014956,142418825,38,222,0,0,0,0,0,0,"[""181340196"", ""204880865"", ""201534584"", ""73914237"", ""131957038"", ""192708667"", ""157035510"", ""180023471"", ""143671381"", ""99912896""]"
none_subset,1,215076463,163758025,38,131,0,0,0,0,0,0,"[""177027866"", ""163646287"", ""192721742"", ""138975231"", ""205623617"", ""192443349"", ""188362913"", ""194420087"", ""192587307"", ""122407287""]"
none_subset,1,205252925,169789662,46,325,0,0,0,0,0,0,"[""142410249"", ""127266574"", ""131545810"", ""48680779"", ""52955195"", ""169841116"", ""154615570"", ""194136520"", ""190907433"", ""194138608""]"
none_subset,1,183925854,153105815,46,16,0,0,0,0,1,1,"[""193559506"", ""139649558"", ""158946684"", ""164205217"", ""100910403"", ""59097004"", ""62458353"", ""134848823"", ""140208813"", ""160110731""]"
none_subset,1,224020111,198002699,46,400,0,0,0,0,0,0,"[""199718807"", ""136715816"", ""207227762"", ""135605303"", ""207214996"", ""210498357"", ""210393362"", ""202547061"", ""211871274"", ""203763329""]"
none_subset,1,187296862,158205918,4,636,0,0,0,0,0,0,"[""211664992"", ""73118528"", ""141440077"", ""113199812"", ""108342269"", ""164936492"", ""9924656"", ""190228386"", ""45403148"", ""146976388""]"
none_subset,1,220810360,138163284,64,49,0,0,0,0,0,1,"[""113850105"", ""111626622"", ""164183551"", ""153490486"", ""48108527"", ""152603802"", ""151475614"", ""82453175"", ""33116395"", ""25042695""]"
none_subset,1,223818925,199451041,4,1246,0,0,0,0,0,0,"[""128050553"", ""164892269"", ""189902060"", ""194647981"", ""191889856"", ""199942377"", ""195507696"", ""155481732"", ""176002373"", ""139427050""]"
none_subset,1,222921695,135905491,38,233,0,0,0,0,0,0,"[""115216449"", ""196068182"", ""103005464"", ""65478593"", ""138438188"", ""70118559"", ""183921574"", ""83819346"", ""135777951"", ""72092510""]"
none_subset,1,216187678,198809896,4,216,0,0,0,0,0,0,"[""202571906"", ""155908916"", ""195744792"", ""201657691"", ""195830492"", ""205600080"", ""183509496"", ""185360306"", ""206994288"", ""190685714""]"
none_subset,1,208818858,184790742,64,221,0,0,0,0,0,0,"[""211861347"", ""73275498"", ""203217424"", ""128603026"", ""152337991"", ""142562860"", ""121322111"", ""187029541"", ""188442124"", ""84315130""]"
none_subset,1,219722612,159255378,4,251,0,0,0,0,0,0,"[""73118528"", ""161086623"", ""211664992"", ""162407032"", ""146976388"", ""9924656"", ""164756819"", ""197046560"", ""192968334"", ""207935824""]"
none_subset,1,174150733,143077183,46,1163,0,0,0,0,0,0,"[""174549866"", ""214640950"", ""194132989"", ""134541468"", ""154821670"", ""143484748"", ""61158856"", ""78631092"", ""193512459"", ""113497361""]"
none_subset,1,208472831,174516474,37,328,0,0,0,0,0,0,"[""209172941"", ""164351701"", ""196469804"", ""193608318"", ""195014964"", ""121097766"", ""183094359"", ""186646910"", ""210502009"", ""184952787""]"
none_subset,1,225331879,211781657,46,948,0,0,0,0,0,0,"[""201436985"", ""171636556"", ""160673739"", ""212730825"", ""210448956"", ""207227762"", ""208956852"", ""209174745"", ""210856802"", ""199718807""]"
none_subset,1,182892098,152196065,57,382,0,0,0,0,0,0,"[""131667486"", ""153865654"", ""138406659"", ""180417908"", ""211785457"", ""174010829"", ""46161795"", ""207769586"", ""206493285"", ""211640040""]"
none_subset,1,191191397,161679651,37,560,0,0,0,0,0,0,"[""193679263"", ""121097766"", ""187812442"", ""215237228"", ""208900697"", ""168284908"", ""34493321"", ""185112282"", ""194266651"", ""128597267""]"
none_subset,1,51157154,56376408,64,15,0,0,0,0,1,1,"[""190459684"", ""108051613"", ""86007149"", ""136803611"", ""209576150"", ""162285368"", ""213564938"", ""106887245"", ""199877052"", ""208559848""]"
none_subset,1,213506298,194022328,4,1356,0,0,0,0,0,0,"[""58216709"", ""69511407"", ""133632260"", ""195744792"", ""214491007"", ""172884595"", ""215305148"", ""206386977"", ""185360306"", ""90931027""]"
none_subset,1,185600450,118284407,64,110,0,0,0,0,0,0,"[""182509717"", ""124508209"", ""147667682"", ""74162951"", ""203544848"", ""147554849"", ""187986270"", ""115988300"", ""116088383"", ""125019219""]"
none_subset,1,180909269,115463757,37,762,0,0,0,0,0,0,"[""23924949"", ""146127372"", ""37024390"", ""132606216"", ""142990642"", ""144072581"", ""153205116"", ""176184502"", ""100563053"", ""113644569""]"
none_subset,1,201721125,136423579,62,14,0,0,0,0,1,1,"[""120041482"", ""161194868"", ""160586788"", ""210301365"", ""134917876"", ""141590566"", ""136225463"", ""80656120"", ""209562276"", ""191201365""]"
none_subset,1,115556942,103936826,4,410,0,0,0,0,0,0,"[""105240256"", ""146357422"", ""206281257"", ""53882418"", ""182903930"", ""83596697"", ""153979554"", ""65412208"", ""204260688"", ""181570938""]"
none_subset,1,194887665,167548901,46,193,0,0,0,0,0,0,"[""190450261"", ""212433966"", ""172604491"", ""201647833"", ""190230714"", ""206935328"", ""134691092"", ""211017543"", ""186888123"", ""173832017""]"
none_subset,1,138219661,119900827,4,46,0,0,0,0,0,1,"[""67745233"", ""191225749"", ""133632260"", ""90931027"", ""27693819"", ""107908853"", ""50763598"", ""179569445"", ""209124215"", ""69511407""]"
none_subset,1,212540852,192319538,43,100,0,0,0,0,0,0,"[""150459085"", ""192576430"", ""199212700"", ""215210708"", ""157129302"", ""197252415"", ""190770204"", ""161019176"", ""118484592"", ""207909652""]"
none_subset,1,176555063,135810804,57,232,0,0,0,0,0,0,"[""202655316"", ""193981972"", ""183669341"", ""209740307"", ""187760067"", ""202223376"", ""209640231"", ""200193952"", ""141122844"", ""210440269""]"
none_subset,1,225173739,208033167,64,120,0,0,0,0,0,0,"[""193944748"", ""69885765"", ""83890055"", ""70262578"", ""174387123"", ""156718510"", ""204360657"", ""208376832"", ""100728693"", ""112210141""]"
none_subset,1,158468307,129585105,38,65,0,0,0,0,0,0,"[""82057494"", ""9780698"", ""184324660"", ""203991000"", ""5126262"", ""192383017"", ""138026153"", ""202877317"", ""127107925"", ""193961354""]"
none_subset,1,186450742,147354525,46,93,0,0,0,0,0,0,"[""172250706"", ""140437226"", ""50541291"", ""146029150"", ""145084375"", ""201508287"", ""178173689"", ""208605842"", ""108971427"", ""180829317""]"
none_subset,1,181047857,152412516,57,1527,0,0,0,0,0,0,"[""107527374"", ""31932356"", ""39472658"", ""183993242"", ""206552998"", ""110306995"", ""121902729"", ""98039533"", ""199897240"", ""125339147""]"
none_subset,1,91443112,85213040,43,1222,0,0,0,0,0,0,"[""39281999"", ""190193667"", ""145947056"", ""187717589"", ""109286694"", ""142505497"", ""138296370"", ""93791111"", ""194855616"", ""201647231""]"
none_subset,1,119539452,106502277,43,1492,0,0,0,0,0,0,"[""147179804"", ""212213338"", ""88264744"", ""96854864"", ""174826827"", ""140852862"", ""73874487"", ""164793357"", ""76736407"", ""165846121""]"
none_subset,1,191907572,158126671,64,1,1,1,1,1,1,1,"[""158126671"", ""200883111"", ""154046140"", ""213107525"", ""145930227"", ""154049018"", ""192779268"", ""115629895"", ""188236622"", ""20739628""]"
none_subset,1,218261275,173939203,38,24,0,0,0,0,1,1,"[""119050794"", ""205467679"", ""201619850"", ""109379943"", ""60664338"", ""167877470"", ""211226206"", ""169341410"", ""28421314"", ""209035435""]"
none_subset,1,159177944,138639851,46,74,0,0,0,0,0,0,"[""160764333"", ""135652658"", ""74936221"", ""148427041"", ""79060647"", ""133730714"", ""31288854"", ""172035206"", ""26599574"", ""106929021""]"
none_subset,1,207369823,175349512,38,1284,0,0,0,0,0,0,"[""98186259"", ""187955925"", ""117565422"", ""102495634"", ""138359325"", ""122407287"", ""168804724"", ""191063391"", ""205467679"", ""192721742""]"
none_subset,1,224642974,213296555,46,1077,0,0,0,0,0,0,"[""142607225"", ""874282"", ""188997673"", ""76058535"", ""102057588"", ""57514618"", ""194793794"", ""134014211"", ""78347549"", ""35845876""]"
none_subset,1,153329728,132795249,43,557,0,0,0,0,0,0,"[""102049448"", ""158541186"", ""59841256"", ""162204782"", ""134679386"", ""139302940"", ""211988888"", ""199412521"", ""136611640"", ""91124875""]"
none_subset,1,224929989,146515707,38,93,0,0,0,0,0,0,"[""92748634"", ""58199619"", ""5564013"", ""55877012"", ""204218454"", ""132325249"", ""206303400"", ""107235965"", ""123190192"", ""73438643""]"
none_subset,1,221098190,195854271,57,25,0,0,0,0,1,1,"[""201084593"", ""206821512"", ""209066709"", ""163252829"", ""144813867"", ""212895565"", ""206476589"", ""179051816"", ""202119079"", ""142032570""]"
none_subset,1,155831788,132325249,38,1164,0,0,0,0,0,0,"[""182237895"", ""127669239"", ""172317716"", ""133136953"", ""8169319"", ""159333154"", ""136388822"", ""190269757"", ""182899349"", ""185682289""]"
none_subset,1,126845448,112937104,4,108,0,0,0,0,0,0,"[""115483149"", ""208901976"", ""201707698"", ""63030233"", ""94319899"", ""178871266"", ""192402919"", ""185262753"", ""155703180"", ""171818167""]"
none_subset,1,179361545,106038218,64,354,0,0,0,0,0,0,"[""168818090"", ""127491303"", ""103614032"", ""65008306"", ""127488797"", ""76186918"", ""92304326"", ""126295674"", ""177968315"", ""181529530""]"
none_subset,1,139449822,117334028,38,1195,0,0,0,0,0,0,"[""133939663"", ""98477697"", ""196280032"", ""196915199"", ""73926583"", ""209921939"", ""199841905"", ""145871617"", ""200085691"", ""213992866""]"
none_subset,1,221096484,205170862,38,112,0,0,0,0,0,0,"[""81584170"", ""199402447"", ""145151055"", ""135792591"", ""181834833"", ""152236293"", ""206788212"", ""214289443"", ""101461920"", ""109712270""]"
none_subset,1,194053252,144803619,37,273,0,0,0,0,0,0,"[""152140191"", ""127087324"", ""147143113"", ""161632409"", ""143764294"", ""188742562"", ""155606960"", ""192597928"", ""119637829"", ""197393743""]"
none_subset,1,193744363,162888304,4,469,0,0,0,0,0,0,"[""145084686"", ""146131577"", ""57282019"", ""211473289"", ""146168593"", ""201618660"", ""141186510"", ""203965703"", ""139852047"", ""189645323""]"
none_subset,1,56881494,59824769,64,39,0,0,0,0,0,1,"[""80281524"", ""10208777"", ""186850320"", ""67677743"", ""105879570"", ""17102158"", ""177028452"", ""177536477"", ""79734724"", ""162665168""]"
none_subset,1,213465163,187705042,62,270,0,0,0,0,0,0,"[""15942056"", ""69716297"", ""42940692"", ""124381580"", ""150122632"", ""172190870"", ""113866351"", ""140069180"", ""73570160"", ""187978938""]"
none_subset,1,208699858,179210556,64,21,0,0,0,0,1,1,"[""208376832"", ""193944748"", ""100728693"", ""69885765"", ""203188239"", ""181955550"", ""136038725"", ""156718510"", ""86356781"", ""174387123""]"
none_subset,1,195833750,123189996,64,47,0,0,0,0,0,1,"[""133623259"", ""169239802"", ""184089231"", ""204273384"", ""142231631"", ""85531879"", ""167388732"", ""213581190"", ""81240114"", ""168179093""]"
none_subset,1,181207777,144454199,62,403,0,0,0,0,0,0,"[""136870941"", ""190767280"", ""161511273"", ""109489020"", ""65335111"", ""188696626"", ""62333104"", ""149484272"", ""80901718"", ""64365794""]"
none_subset,1,211604132,188799739,4,445,0,0,0,0,0,0,"[""123336352"", ""178871266"", ""147422442"", ""213491115"", ""96998136"", ""145646315"", ""208901976"", ""60532395"", ""70056842"", ""172884595""]"
none_subset,1,218617140,203875366,57,1554,0,0,0,0,0,0,"[""75778769"", ""211090698"", ""178650612"", ""178336767"", ""109323350"", ""55659299"", ""171245380"", ""209989181"", ""173028003"", ""23266957""]"
none_subset,1,217487255,196511259,64,758,0,0,0,0,0,0,"[""129093190"", ""173246608"", ""201298322"", ""190786565"", ""180020484"", ""167537206"", ""53453982"", ""188802952"", ""160603185"", ""69248477""]"
none_subset,1,217577782,191677362,62,1612,0,0,0,0,0,0,"[""185851832"", ""62333104"", ""121524691"", ""191074130"", ""110998411"", ""181641667"", ""211043861"", ""152444456"", ""161511273"", ""39996426""]"
none_subset,1,203358632,174101198,37,1879,0,0,0,0,0,0,"[""90697118"", ""50546747"", ""174854812"", ""211317455"", ""174908281"", ""180243968"", ""209034394"", ""103646076"", ""132869646"", ""169674639""]"
none_subset,1,121248621,108713383,46,52,0,0,0,0,0,0,"[""49032725"", ""107277769"", ""194081652"", ""207308677"", ""81754384"", ""121346371"", ""123341476"", ""87562356"", ""56920439"", ""76370473""]"
none_subset,1,76000782,53594227,57,5,0,0,1,1,1,1,"[""58773802"", ""130640717"", ""139191535"", ""85942447"", ""53594227"", ""100527593"", ""31932356"", ""152353485"", ""175340511"", ""143701254""]"
none_subset,1,191982239,161813766,38,881,0,0,0,0,0,0,"[""193857539"", ""204880845"", ""164618247"", ""192509185"", ""66334917"", ""193252013"", ""188626794"", ""170217630"", ""201030455"", ""73863273""]"
none_subset,1,216739051,200370854,37,5,0,0,1,1,1,1,"[""115994978"", ""167880373"", ""32638462"", ""143138392"", ""200370854"", ""196806221"", ""65670417"", ""131363055"", ""163621389"", ""159846953""]"
none_subset,1,192931748,163620157,62,115,0,0,0,0,0,0,"[""130608683"", ""165119271"", ""113199085"", ""185552249"", ""210424203"", ""214511493"", ""154677877"", ""49876350"", ""32728587"", ""148423515""]"
none_subset,1,224192708,212429237,64,55,0,0,0,0,0,0,"[""156077786"", ""169742657"", ""193084026"", ""177968315"", ""195841911"", ""20536325"", ""133319690"", ""45933851"", ""193943572"", ""173622745""]"
none_subset,1,222889034,211582481,43,8,0,0,0,1,1,1,"[""186350594"", ""210822887"", ""201213450"", ""175836915"", ""189547099"", ""168830681"", ""175374033"", ""211582481"", ""187215484"", ""190677683""]"
none_subset,1,210329706,184254034,64,25,0,0,0,0,1,1,"[""182426229"", ""196368507"", ""191710817"", ""195529634"", ""206396108"", ""174719538"", ""99916433"", ""206294617"", ""192033857"", ""206705882""]"
none_subset,1,98720243,82453175,64,721,0,0,0,0,0,0,"[""121322111"", ""127927081"", ""160675869"", ""211959757"", ""73275498"", ""192550031"", ""194242273"", ""46094230"", ""187914316"", ""156718510""]"
none_subset,1,191920165,151312076,38,64,0,0,0,0,0,0,"[""167575814"", ""122849837"", ""91690080"", ""204637998"", ""176796563"", ""109987226"", ""135619578"", ""168618858"", ""126884451"", ""147686192""]"
none_subset,1,193516549,141087936,37,1145,0,0,0,0,0,0,"[""98327133"", ""21114364"", ""45171964"", ""154674968"", ""198478244"", ""150887352"", ""182388466"", ""187761375"", ""202222440"", ""150438835""]"
none_subset,1,215181467,196352343,4,152,0,0,0,0,0,0,"[""199780246"", ""146764647"", ""159111889"", ""193879806"", ""191695909"", ""120205229"", ""163346998"", ""160037231"", ""187602417"", ""199921056""]"
none_subset,1,213470302,193563274,38,771,0,0,0,0,0,0,"[""154107984"", ""8550716"", ""201835961"", ""31197704"", ""192721742"", ""44504337"", ""155140492"", ""73438643"", ""121564255"", ""106027581""]"
none_subset,1,217382278,205030690,46,34,0,0,0,0,0,1,"[""193559506"", ""100910403"", ""62458353"", ""201141148"", ""141876515"", ""179041527"", ""158946684"", ""100503293"", ""74403232"", ""133674182""]"
none_subset,1,187772901,152337991,64,13,0,0,0,0,1,1,"[""206213762"", ""70397289"", ""94863968"", ""160006498"", ""194687988"", ""126904794"", ""156281163"", ""136416035"", ""187914316"", ""159354842""]"
none_subset,1,214506218,194775259,64,432,0,0,0,0,0,0,"[""133870534"", ""91451711"", ""128304968"", ""201270567"", ""170141541"", ""83781980"", ""125064673"", ""184682944"", ""211486542"", ""131569653""]"
none_subset,1,223760928,210450450,57,46,0,0,0,0,0,1,"[""193469879"", ""181449391"", ""188257821"", ""202514114"", ""79527310"", ""199377736"", ""181010781"", ""211144150"", ""167970876"", ""146715052""]"
none_subset,1,174683528,86091554,46,38,0,0,0,0,0,1,"[""176647062"", ""174665100"", ""101304130"", ""172250706"", ""212530716"", ""102548981"", ""212781522"", ""208431287"", ""146029150"", ""171227152""]"
none_subset,1,220595838,192805958,46,351,0,0,0,0,0,0,"[""110400123"", ""66211329"", ""191705183"", ""173741660"", ""203329657"", ""67021528"", ""167925157"", ""78570599"", ""75642384"", ""201966464""]"
none_subset,1,194436636,126011300,38,13,0,0,0,0,1,1,"[""58573176"", ""203712106"", ""177274686"", ""139117589"", ""183183123"", ""206429629"", ""141723125"", ""209719272"", ""110415230"", ""153572480""]"
none_subset,1,133292443,112902032,64,1416,0,0,0,0,0,0,"[""169622540"", ""56593545"", ""8326062"", ""208979760"", ""148683481"", ""186937016"", ""195426035"", ""210273621"", ""126298952"", ""213429313""]"
none_subset,1,95295742,55355667,43,1573,0,0,0,0,0,0,"[""197607286"", ""71803254"", ""205605896"", ""35671043"", ""188398971"", ""151563609"", ""138106208"", ""145996061"", ""83550407"", ""78183771""]"
none_subset,1,207550436,179000829,38,4,0,0,1,1,1,1,"[""177602054"", ""107256101"", ""132744896"", ""179000829"", ""193093639"", ""189460577"", ""77152212"", ""146889690"", ""189643687"", ""85372024""]"
none_subset,1,168234043,105284015,64,9,0,0,0,1,1,1,"[""112432197"", ""153717696"", ""190654638"", ""152337991"", ""111685759"", ""190758206"", ""93608052"", ""78417008"", ""105284015"", ""137648602""]"
none_subset,1,206867388,181331283,43,1559,0,0,0,0,0,0,"[""130964474"", ""105238183"", ""178850565"", ""132428330"", ""191701553"", ""84756708"", ""120869286"", ""82639586"", ""101892709"", ""191363897""]"
none_subset,1,154993550,127087324,37,125,0,0,0,0,0,0,"[""20494402"", ""119637829"", ""192307803"", ""142288546"", ""156260279"", ""175772166"", ""184920959"", ""16898206"", ""201252808"", ""147143113""]"
none_subset,1,215105169,196286726,64,10,0,0,0,1,1,1,"[""192779268"", ""147671714"", ""195529634"", ""188619722"", ""157002145"", ""183515676"", ""196574884"", ""182426229"", ""200505701"", ""196286726""]"
none_subset,1,221268804,179735008,4,65,0,0,0,0,0,0,"[""211664992"", ""190228386"", ""205530255"", ""123069558"", ""73118528"", ""182893664"", ""206016133"", ""141440077"", ""195078342"", ""93707137""]"
none_subset,1,191892692,164374132,43,112,0,0,0,0,0,0,"[""210273616"", ""79676853"", ""164527202"", ""145546533"", ""200392561"", ""107634006"", ""170651164"", ""139961406"", ""206599153"", ""120765596""]"
none_subset,1,190066343,162413549,37,241,0,0,0,0,0,0,"[""195296935"", ""197238711"", ""154731935"", ""206636427"", ""191911000"", ""207698281"", ""209161669"", ""191137542"", ""195583647"", ""190316113""]"
none_subset,1,172680642,130299986,4,2,0,1,1,1,1,1,"[""202362364"", ""130299986"", ""171447530"", ""200963858"", ""191630851"", ""121290364"", ""199777290"", ""138966111"", ""191695096"", ""124893597""]"
none_subset,1,124652082,111507227,46,634,0,0,0,0,0,0,"[""142789905"", ""79086260"", ""119093613"", ""154821670"", ""78570599"", ""88672257"", ""89045186"", ""151511658"", ""127485588"", ""102024389""]"
none_subset,1,211314847,179041527,46,273,0,0,0,0,0,0,"[""134691092"", ""205315794"", ""120932240"", ""29968635"", ""172011941"", ""205800551"", ""200400926"", ""116035823"", ""164421502"", ""144083429""]"
none_subset,1,216976389,193787837,64,761,0,0,0,0,0,0,"[""66459509"", ""148743441"", ""76676235"", ""14286061"", ""188286775"", ""213362149"", ""1923943"", ""105898966"", ""518627"", ""184076586""]"
none_subset,1,157899270,122844194,46,509,0,0,0,0,0,0,"[""210308295"", ""203281173"", ""79988383"", ""212841689"", ""211267103"", ""210232040"", ""162319258"", ""138326639"", ""204939549"", ""158729697""]"
none_subset,1,31876020,35001266,46,154,0,0,0,0,0,0,"[""79523323"", ""194051265"", ""78347549"", ""188997673"", ""16435346"", ""14142542"", ""51692336"", ""75717953"", ""26599574"", ""173318669""]"
none_subset,1,136392754,104135674,64,461,0,0,0,0,0,0,"[""115988300"", ""153356810"", ""194941994"", ""181619566"", ""80281524"", ""167740456"", ""194094670"", ""119643934"", ""129803266"", ""60032340""]"
none_subset,1,174050717,146272807,37,219,0,0,0,0,0,0,"[""197344850"", ""190251047"", ""194731784"", ""189934851"", ""173499684"", ""189787964"", ""163424021"", ""140706897"", ""119121797"", ""126694752""]"
none_subset,1,85517234,16200082,4,689,0,0,0,0,0,0,"[""163349092"", ""171818167"", ""172943291"", ""80097875"", ""147828982"", ""209715606"", ""192402919"", ""163708754"", ""208901976"", ""194643860""]"
none_subset,1,60621521,66001771,38,159,0,0,0,0,0,0,"[""178111049"", ""12850729"", ""203082308"", ""182664472"", ""113115777"", ""172923145"", ""126267299"", ""122514493"", ""83459172"", ""193943616""]"
none_subset,1,195598730,168407756,62,185,0,0,0,0,0,0,"[""210154523"", ""116947577"", ""208722933"", ""204527959"", ""200036900"", ""195994978"", ""157752717"", ""209252153"", ""171290958"", ""182728661""]"
none_subset,1,194696531,165507559,4,25,0,0,0,0,1,1,"[""154563074"", ""185262753"", ""199361385"", ""143252456"", ""213617512"", ""135800924"", ""197205249"", ""148096344"", ""151519381"", ""177860593""]"
none_subset,1,172009441,143567150,57,404,0,0,0,0,0,0,"[""111475511"", ""65090075"", ""183993242"", ""121902729"", ""139191535"", ""100527593"", ""138618540"", ""131956124"", ""65120912"", ""37599926""]"
none_subset,1,106371568,81712775,62,1022,0,0,0,0,0,0,"[""73906788"", ""162715321"", ""168442721"", ""63887170"", ""15942056"", ""115226483"", ""135157671"", ""56305255"", ""144935441"", ""124381580""]"
none_subset,1,221354881,208956211,62,1488,0,0,0,0,0,0,"[""161511273"", ""211877317"", ""59198875"", ""67894406"", ""72010081"", ""143261727"", ""200877659"", ""52848243"", ""109489020"", ""7496107""]"
none_subset,1,140630550,105605834,4,618,0,0,0,0,0,0,"[""90543409"", ""88781085"", ""176720818"", ""64578501"", ""169964492"", ""78098678"", ""80237634"", ""73943138"", ""142456567"", ""206126527""]"
none_subset,1,205970803,181306942,4,1,1,1,1,1,1,1,"[""181306942"", ""122564854"", ""187964382"", ""84839916"", ""23408401"", ""207177061"", ""98076075"", ""149759096"", ""193059683"", ""60532395""]"
none_subset,1,175938816,147988293,37,496,0,0,0,0,0,0,"[""206412545"", ""181408383"", ""94966858"", ""87450438"", ""98327133"", ""45171964"", ""187719393"", ""144029506"", ""201740861"", ""138858879""]"
none_subset,1,81153449,13469891,4,44,0,0,0,0,0,1,"[""98076075"", ""141488485"", ""23408401"", ""178109092"", ""149759096"", ""64185045"", ""12396291"", ""144373105"", ""122594682"", ""110512138""]"
none_subset,1,220204771,206235969,4,152,0,0,0,0,0,0,"[""73118528"", ""211664992"", ""161086623"", ""169715410"", ""190228386"", ""146976388"", ""93707137"", ""163772112"", ""206016133"", ""187942970""]"
none_subset,1,219877685,204948467,38,663,0,0,0,0,0,0,"[""39903440"", ""138408570"", ""167340132"", ""205639611"", ""117565422"", ""71461721"", ""160066097"", ""12969939"", ""214151471"", ""122407287""]"
none_subset,1,19274693,16684342,57,143,0,0,0,0,0,0,"[""113047535"", ""170280653"", ""209958566"", ""213471870"", ""57896054"", ""210643200"", ""167001981"", ""187256807"", ""174340588"", ""170310110""]"
none_subset,1,225328512,196270392,4,465,0,0,0,0,0,0,"[""195895955"", ""170244713"", ""214968505"", ""180180713"", ""65093644"", ""215198902"", ""206303506"", ""201066421"", ""177954352"", ""198809896""]"
none_subset,1,182525884,176722009,43,42,0,0,0,0,0,1,"[""147419433"", ""120544015"", ""178058556"", ""147531803"", ""177473145"", ""60125434"", ""29596208"", ""214876955"", ""132707717"", ""91477618""]"
none_subset,1,221015126,204675075,57,114,0,0,0,0,0,0,"[""202223595"", ""153434097"", ""173370077"", ""193883899"", ""159577045"", ""86699063"", ""209801964"", ""207769474"", ""128908900"", ""175716368""]"
none_subset,1,181083347,128431328,38,96,0,0,0,0,0,0,"[""192992682"", ""104610572"", ""89532322"", ""153387624"", ""121743587"", ""108645662"", ""147263054"", ""110457316"", ""111489526"", ""98740279""]"
none_subset,1,220376806,125977774,57,2329,0,0,0,0,0,0,"[""200018099"", ""214061048"", ""183693697"", ""55747400"", ""210399533"", ""79035945"", ""209818940"", ""208983504"", ""90835181"", ""171076552""]"
none_subset,1,218730195,181873326,46,134,0,0,0,0,0,0,"[""201469244"", ""108645014"", ""86906554"", ""214169191"", ""79694314"", ""100811327"", ""138254448"", ""201270244"", ""144484944"", ""153467283""]"
none_subset,1,124558600,83782511,38,846,0,0,0,0,0,0,"[""16689432"", ""17545320"", ""85421632"", ""72340257"", ""207656146"", ""153191207"", ""132450430"", ""158650746"", ""179234058"", ""119135437""]"
none_subset,1,115160424,76158891,43,57,0,0,0,0,0,0,"[""89809066"", ""161073715"", ""105238183"", ""148294908"", ""60362710"", ""142661471"", ""77197586"", ""101119653"", ""204146784"", ""213553578""]"
none_subset,1,156442038,50164634,38,435,0,0,0,0,0,0,"[""158118726"", ""99753126"", ""182337824"", ""178111049"", ""190563739"", ""209229490"", ""134087120"", ""160716802"", ""124151868"", ""193783170""]"
none_subset,1,208885105,182587351,57,90,0,0,0,0,0,0,"[""152187673"", ""202725978"", ""202626135"", ""206553944"", ""188870231"", ""15301011"", ""51300213"", ""132769262"", ""177316731"", ""183993242""]"
none_subset,1,186052675,156103241,4,290,0,0,0,0,0,0,"[""141186510"", ""154203183"", ""144067777"", ""143852845"", ""179909533"", ""184721384"", ""156471159"", ""164449645"", ""201582207"", ""172852183""]"
none_subset,1,157308666,133864561,64,484,0,0,0,0,0,0,"[""79734724"", ""174095805"", ""53527257"", ""177536477"", ""105069076"", ""148740236"", ""195516069"", ""97354544"", ""189932460"", ""136435762""]"
none_subset,1,212978518,144463129,43,25,0,0,0,0,1,1,"[""143371562"", ""204449585"", ""127047625"", ""193103331"", ""167353972"", ""185196782"", ""180465465"", ""182081124"", ""144080652"", ""126702260""]"
none_subset,1,47560532,52512643,38,723,0,0,0,0,0,0,"[""148365593"", ""200850313"", ""85274599"", ""81511985"", ""142993391"", ""95420911"", ""133674444"", ""173253112"", ""206517908"", ""94336615""]"
none_subset,1,185082634,155606960,37,342,0,0,0,0,0,0,"[""200025016"", ""99092830"", ""133924998"", ""197580749"", ""126361288"", ""93714502"", ""198753304"", ""152508279"", ""92247640"", ""127873279""]"
none_subset,1,134065570,100947091,43,96,0,0,0,0,0,0,"[""187498153"", ""181162961"", ""137382410"", ""68782417"", ""119953689"", ""50306912"", ""91544773"", ""185799642"", ""54164127"", ""115572095""]"
none_subset,1,72439450,72700486,62,271,0,0,0,0,0,0,"[""108780050"", ""169993933"", ""211901178"", ""200808917"", ""95190192"", ""190955120"", ""71274832"", ""155253745"", ""133836024"", ""180366851""]"
none_subset,1,85698837,84941218,62,5,0,0,1,1,1,1,"[""123214623"", ""131859804"", ""136359251"", ""119067436"", ""84941218"", ""44103941"", ""127482214"", ""187353090"", ""130611320"", ""128594783""]"
none_subset,1,213505891,193656232,37,116,0,0,0,0,0,0,"[""131961169"", ""191911000"", ""190070434"", ""194408004"", ""213637743"", ""192870188"", ""209172941"", ""193730114"", ""191538851"", ""187719393""]"
none_subset,1,69331974,52649296,37,697,0,0,0,0,0,0,"[""186429778"", ""17206468"", ""208764176"", ""172603509"", ""65564347"", ""78795109"", ""120040052"", ""97195736"", ""154888352"", ""157628611""]"
none_subset,1,97843020,93501781,37,2026,0,0,0,0,0,0,"[""157798849"", ""193608318"", ""186646910"", ""165689309"", ""176618857"", ""196542785"", ""202101807"", ""145112155"", ""183994388"", ""186593902""]"
none_subset,1,200593852,152312239,64,15,0,0,0,0,1,1,"[""179015555"", ""30343221"", ""103416735"", ""91903824"", ""123167911"", ""116380815"", ""63297294"", ""127488045"", ""130981735"", ""148413683""]"
none_subset,1,221454647,204823121,46,1099,0,0,0,0,0,0,"[""158137346"", ""146586089"", ""133738518"", ""201024429"", ""213296616"", ""205019069"", ""173421370"", ""213400898"", ""157057084"", ""200727306""]"
none_subset,1,216238065,180956690,64,32,0,0,0,0,0,1,"[""103614032"", ""76186918"", ""127491303"", ""191638507"", ""181529530"", ""153787356"", ""192577471"", ""14565960"", ""177968315"", ""127488797""]"
none_subset,1,147848657,129086390,38,1893,0,0,0,0,0,0,"[""165753540"", ""140030159"", ""139494203"", ""124508627"", ""168317669"", ""123259370"", ""93265631"", ""127322167"", ""209347465"", ""137387134""]"
none_subset,1,217952408,202627342,62,220,0,0,0,0,0,0,"[""185125027"", ""212180917"", ""204577887"", ""189178547"", ""191211417"", ""184849912"", ""191313815"", ""161141246"", ""197247155"", ""206509724""]"
none_subset,1,76659313,77257734,46,122,0,0,0,0,0,0,"[""92873779"", ""131545810"", ""52955195"", ""208143888"", ""142410249"", ""104127006"", ""186724430"", ""121346371"", ""53654857"", ""212168388""]"
none_subset,1,189913394,160406750,43,132,0,0,0,0,0,0,"[""69012761"", ""125200893"", ""171126734"", ""164991678"", ""128075998"", ""126470047"", ""49195232"", ""179041576"", ""105774118"", ""53878026""]"
none_subset,1,35243095,34453687,38,290,0,0,0,0,0,0,"[""37709032"", ""99753126"", ""133136953"", ""108421334"", ""163524272"", ""37809434"", ""207100353"", ""117957932"", ""193783170"", ""72092510""]"
none_subset,1,134450676,64629457,46,529,0,0,0,0,0,0,"[""110268464"", ""165704043"", ""120932240"", ""213672603"", ""181905212"", ""89928081"", ""103102034"", ""136554419"", ""154821670"", ""154698834""]"
none_subset,1,207163746,177737543,37,19,0,0,0,0,1,1,"[""148896266"", ""182681465"", ""110465452"", ""150438835"", ""172283615"", ""126447515"", ""156134296"", ""186593902"", ""193407642"", ""167076559""]"
none_subset,1,171351361,143608153,57,213,0,0,0,0,0,0,"[""51300213"", ""180417908"", ""174340588"", ""152196065"", ""132769262"", ""117779935"", ""197301758"", ""171487163"", ""208750964"", ""54576465""]"
none_subset,1,64390285,68213151,38,184,0,0,0,0,0,0,"[""53171694"", ""77338935"", ""64360348"", ""188381964"", ""350786"", ""149292121"", ""72092510"", ""24448141"", ""113496860"", ""70118559""]"
none_subset,1,200499340,167351572,4,2,0,1,1,1,1,1,"[""12396291"", ""167351572"", ""142416895"", ""98055438"", ""167643231"", ""199422802"", ""202167018"", ""123469638"", ""51992415"", ""169985505""]"
none_subset,1,183860837,155838266,38,140,0,0,0,0,0,0,"[""130737214"", ""209590588"", ""191703078"", ""195402979"", ""132991311"", ""192920732"", ""202818877"", ""190384477"", ""194797723"", ""179341410""]"
none_subset,1,213450480,178173689,46,1,1,1,1,1,1,1,"[""178173689"", ""106915000"", ""111715361"", ""208143888"", ""92873779"", ""193943782"", ""205031717"", ""131917509"", ""179533802"", ""182917310""]"
none_subset,1,124702096,108440631,64,574,0,0,0,0,0,0,"[""214883521"", ""169742657"", ""71340112"", ""43675047"", ""145311547"", ""66459509"", ""173526297"", ""203391872"", ""185469676"", ""147880315""]"
none_subset,1,147810407,80344615,62,1600,0,0,0,0,0,0,"[""133699198"", ""186141115"", ""200271479"", ""105604280"", ""127489206"", ""61834333"", ""169027396"", ""61171599"", ""139932699"", ""118002181""]"
none_subset,1,225163898,204637407,38,528,0,0,0,0,0,0,"[""165798838"", ""173793300"", ""160066387"", ""5564013"", ""96549387"", ""123190192"", ""204218454"", ""169647353"", ""121564255"", ""79539042""]"
none_subset,1,217208046,179347666,46,1,1,1,1,1,1,1,"[""179347666"", ""110716703"", ""214519972"", ""211677891"", ""187734223"", ""205368126"", ""210780225"", ""96833542"", ""195079694"", ""212384469""]"
none_subset,1,197034210,163608455,4,512,0,0,0,0,0,0,"[""119644839"", ""150679730"", ""153939423"", ""75828042"", ""122564854"", ""149759096"", ""148281605"", ""167351572"", ""122594682"", ""114633318""]"
none_subset,1,213037133,193030442,37,1030,0,0,0,0,0,0,"[""201576605"", ""191911000"", ""190806276"", ""187735798"", ""125140612"", ""209855515"", ""194373425"", ""116240817"", ""131961169"", ""156858638""]"
none_subset,1,223705533,213056096,62,444,0,0,0,0,0,0,"[""128533237"", ""188439570"", ""194932553"", ""59818909"", ""96821830"", ""73410413"", ""134163515"", ""45959409"", ""100144178"", ""178001538""]"
none_subset,1,180525625,82639586,43,33,0,0,0,0,0,1,"[""128872941"", ""204449585"", ""191583920"", ""205276629"", ""123511609"", ""122164817"", ""178276896"", ""209546973"", ""196196284"", ""185196782""]"
none_subset,1,223037861,210691152,62,1101,0,0,0,0,0,0,"[""153923303"", ""57547838"", ""146533271"", ""191516840"", ""39970613"", ""207274549"", ""139848504"", ""144418893"", ""53388919"", ""135157671""]"
none_subset,1,189539217,43581078,57,312,0,0,0,0,0,0,"[""98039533"", ""184690297"", ""99228573"", ""143701254"", ""165637321"", ""183993242"", ""125339147"", ""139191535"", ""134702798"", ""112042068""]"
none_subset,1,21841595,44098015,38,1181,0,0,0,0,0,0,"[""165753540"", ""116226486"", ""67127804"", ""182333897"", ""182237895"", ""147652742"", ""177867333"", ""181891065"", ""151108044"", ""68304286""]"
none_subset,1,215740887,197097621,43,545,0,0,0,0,0,0,"[""146978431"", ""179105716"", ""66867545"", ""128038991"", ""211526829"", ""184974306"", ""67063550"", ""189572218"", ""141811973"", ""193064532""]"
none_subset,1,210303616,185756838,37,686,0,0,0,0,0,0,"[""78795109"", ""201603265"", ""163424021"", ""174693297"", ""144029506"", ""157139216"", ""212782587"", ""63368910"", ""198930981"", ""148343657""]"
none_subset,1,223165031,161029905,62,1199,0,0,0,0,0,0,"[""147431302"", ""45161831"", ""122185080"", ""105604280"", ""68090031"", ""169993933"", ""141261014"", ""97218462"", ""71274832"", ""190992574""]"
none_subset,1,201857060,169967722,62,2614,0,0,0,0,0,0,"[""202459656"", ""207274549"", ""94016043"", ""162672578"", ""149483143"", ""213827571"", ""76665110"", ""99563204"", ""200372143"", ""144418893""]"
none_subset,1,89181788,81266882,62,108,0,0,0,0,0,0,"[""45997741"", ""15942056"", ""178964015"", ""70315472"", ""168442721"", ""115226483"", ""78481865"", ""11666277"", ""183231385"", ""144935441""]"
none_subset,1,219448422,202152397,38,99,0,0,0,0,0,0,"[""67142038"", ""170938980"", ""49778371"", ""123190192"", ""194245127"", ""154092049"", ""149755002"", ""130168090"", ""5564013"", ""92748634""]"
none_subset,1,58920217,60767330,43,5,0,0,1,1,1,1,"[""38196926"", ""121590178"", ""41463542"", ""190193667"", ""60767330"", ""117813626"", ""61394763"", ""178850565"", ""145947056"", ""124514494""]"
none_subset,1,221276479,208805779,46,35,0,0,0,0,0,1,"[""142707487"", ""213482572"", ""208715579"", ""143077183"", ""200389859"", ""172755597"", ""209251399"", ""202771850"", ""169495520"", ""158137442""]"
none_subset,1,201964535,172998313,57,1427,0,0,0,0,0,0,"[""52718700"", ""150670825"", ""141728487"", ""135799952"", ""164248569"", ""185549618"", ""206210266"", ""11488289"", ""171896766"", ""124098501""]"
none_subset,1,201969054,173877373,62,1531,0,0,0,0,0,0,"[""106557292"", ""123665712"", ""210678182"", ""98255078"", ""188189839"", ""141918937"", ""198498662"", ""152815967"", ""107955635"", ""211183658""]"
none_subset,1,154293114,114815546,57,300,0,0,0,0,0,0,"[""159881542"", ""127670415"", ""125339147"", ""37599926"", ""145414206"", ""214584465"", ""140761987"", ""80105708"", ""196325559"", ""152213594""]"
none_subset,1,191360540,133220748,43,233,0,0,0,0,0,0,"[""205500642"", ""194095773"", ""156989303"", ""127635452"", ""59841256"", ""98314945"", ""108227484"", ""81135713"", ""203181151"", ""130964474""]"
none_subset,1,223856625,212782587,37,597,0,0,0,0,0,0,"[""210666947"", ""168816718"", ""197238711"", ""212216117"", ""195744990"", ""206404092"", ""188192294"", ""209161669"", ""188962071"", ""207698281""]"
none_subset,1,199923996,160066387,38,189,0,0,0,0,0,0,"[""127669239"", ""168091953"", ""144261984"", ""192654276"", ""207422358"", ""211015168"", ""128022775"", ""161174151"", ""142398566"", ""211427284""]"
none_subset,1,217544148,183710535,37,17,0,0,0,0,1,1,"[""207605603"", ""189934851"", ""119121797"", ""194850161"", ""127482058"", ""211519251"", ""130806896"", ""200918008"", ""197344850"", ""205439047""]"
none_subset,1,35317728,31028406,4,344,0,0,0,0,0,0,"[""56134226"", ""201066421"", ""77968334"", ""156901917"", ""152685161"", ""72626014"", ""44858664"", ""170244713"", ""139342323"", ""146961197""]"
none_subset,1,217512610,181843286,4,495,0,0,0,0,0,0,"[""198314550"", ""184628720"", ""181672704"", ""86774130"", ""133755220"", ""188173628"", ""131549903"", ""144873888"", ""185905613"", ""202605544""]"
none_subset,1,181370150,152291947,57,1060,0,0,0,0,0,0,"[""111600891"", ""44465091"", ""121229141"", ""165715933"", ""75778769"", ""141238820"", ""157581181"", ""53369508"", ""113103076"", ""38003133""]"
none_subset,1,144685928,125932469,64,1061,0,0,0,0,0,0,"[""126904794"", ""206213762"", ""174387123"", ""73275498"", ""173159881"", ""187707055"", ""63935560"", ""136416035"", ""194687988"", ""126296430""]"
none_subset,1,194726158,157006363,64,521,0,0,0,0,0,0,"[""49185786"", ""212534683"", ""190758206"", ""63935560"", ""190654638"", ""163529947"", ""151589612"", ""169082126"", ""73276751"", ""162052321""]"
none_subset,1,188692131,159862301,4,622,0,0,0,0,0,0,"[""126107165"", ""73205799"", ""176566249"", ""213696130"", ""194212862"", ""207097865"", ""212392746"", ""112930320"", ""190777127"", ""151978785""]"
none_subset,1,221548139,209179234,46,392,0,0,0,0,0,0,"[""212384469"", ""211677891"", ""179347666"", ""214519972"", ""176341449"", ""211159708"", ""171636556"", ""210780225"", ""194733454"", ""187734223""]"
none_subset,1,176065254,141090046,62,792,0,0,0,0,0,0,"[""136870941"", ""89381373"", ""163921015"", ""80901718"", ""152444456"", ""122201530"", ""52848243"", ""137566298"", ""90327774"", ""188696626""]"
none_subset,1,113331906,94672340,37,117,0,0,0,0,0,0,"[""119637829"", ""200025016"", ""127955533"", ""195045046"", ""153205116"", ""155926657"", ""93714502"", ""110465452"", ""147143113"", ""103057199""]"
none_subset,1,165686883,141303246,64,40,0,0,0,0,0,1,"[""153434885"", ""167643333"", ""156400594"", ""56376408"", ""195426035"", ""189845371"", ""148717335"", ""200966465"", ""207778624"", ""211171973""]"
none_subset,1,224418779,214230613,57,441,0,0,0,0,0,0,"[""203550692"", ""213974972"", ""201084593"", ""212470393"", ""212895565"", ""188363722"", ""209726587"", ""187720102"", ""166538115"", ""187760067""]"
none_subset,1,202626417,177317879,37,698,0,0,0,0,0,0,"[""164221751"", ""200530408"", ""206195134"", ""133216908"", ""122180680"", ""202278643"", ""209616065"", ""156835238"", ""183710535"", ""127571417""]"
none_subset,1,184033948,149470081,4,42,0,0,0,0,0,1,"[""192786300"", ""184476437"", ""191509023"", ""173529593"", ""148096344"", ""191461282"", ""88932849"", ""88532160"", ""194507763"", ""183438126""]"
none_subset,1,222534391,126819828,38,690,0,0,0,0,0,0,"[""61530422"", ""98884535"", ""206303400"", ""121550726"", ""100758724"", ""162918532"", ""127669143"", ""192439696"", ""105651656"", ""99075342""]"
none_subset,1,169301911,106040147,4,83,0,0,0,0,0,0,"[""203735859"", ""107641044"", ""169964707"", ""108861780"", ""181387692"", ""105174719"", ""112475075"", ""141475879"", ""193934711"", ""59475488""]"
none_subset,1,187345336,153870688,46,1884,0,0,0,0,0,0,"[""85427391"", ""158946684"", ""165953966"", ""214464211"", ""106800463"", ""207645526"", ""193559506"", ""61531195"", ""131953748"", ""74403232""]"
none_subset,1,126584715,111743235,4,125,0,0,0,0,0,0,"[""210497898"", ""203033142"", ""170163174"", ""59475488"", ""209176316"", ""206940580"", ""192906971"", ""103767215"", ""213281189"", ""56998165""]"
none_subset,1,197783848,162250029,37,1951,0,0,0,0,0,0,"[""210502009"", ""186828113"", ""173640245"", ""194408004"", ""209286799"", ""116930061"", ""208141913"", ""202872941"", ""126753800"", ""192494554""]"
none_subset,1,221251715,208742868,37,49,0,0,0,0,0,1,"[""201067865"", ""214409276"", ""181590682"", ""214409508"", ""179043355"", ""164535707"", ""192569315"", ""161133997"", ""192913849"", ""213046127""]"
none_subset,1,207328005,158280890,43,142,0,0,0,0,0,0,"[""198166094"", ""129949845"", ""155438071"", ""133643986"", ""168714665"", ""165954042"", ""206563550"", ""66798140"", ""109495604"", ""134351846""]"
none_subset,1,211257088,185847475,37,65,0,0,0,0,0,0,"[""182681465"", ""170879853"", ""110465452"", ""157140706"", ""187712911"", ""182444653"", ""145001936"", ""204531217"", ""171828064"", ""153205116""]"
none_subset,1,216227252,198999126,64,13,0,0,0,0,1,1,"[""147671714"", ""192179303"", ""188619722"", ""192779268"", ""212267410"", ""198198799"", ""212471788"", ""195536773"", ""183515676"", ""187016162""]"
none_subset,1,214970683,136484034,4,680,0,0,0,0,0,0,"[""181306942"", ""116799517"", ""145698626"", ""149095048"", ""187964382"", ""23408401"", ""98076075"", ""137677513"", ""122758097"", ""122594682""]"
none_subset,1,224878895,200035360,43,33,0,0,0,0,0,1,"[""208008027"", ""166344121"", ""210273616"", ""166186965"", ""138107182"", ""108684069"", ""183640029"", ""164461764"", ""205915561"", ""139961406""]"
none_subset,1,152366523,121116115,37,191,0,0,0,0,0,0,"[""148230413"", ""163655065"", ""145112155"", ""122748929"", ""204420256"", ""188877213"", ""164454930"", ""166149565"", ""160293528"", ""154732137""]"
none_subset,1,177866630,145736222,37,374,0,0,0,0,0,0,"[""45171964"", ""187043151"", ""70624061"", ""186986472"", ""138020902"", ""204633870"", ""153601190"", ""94966858"", ""100015328"", ""21114364""]"
none_subset,1,212095843,189516921,43,1054,0,0,0,0,0,0,"[""184777155"", ""190076056"", ""199487526"", ""112544549"", ""163269973"", ""191701840"", ""184833199"", ""196316257"", ""118484592"", ""160966785""]"
none_subset,1,159081446,134761869,43,296,0,0,0,0,0,0,"[""215090391"", ""211355598"", ""182746332"", ""159971774"", ""71806238"", ""15144714"", ""203532895"", ""206730740"", ""201671217"", ""184875265""]"
none_subset,1,168179573,142569884,64,60,0,0,0,0,0,0,"[""65487267"", ""168661537"", ""168192238"", ""105956443"", ""58379904"", ""187959455"", ""138798142"", ""140725396"", ""183129773"", ""109850825""]"
none_subset,1,193854778,165548600,43,89,0,0,0,0,0,0,"[""200905407"", ""158916391"", ""206707474"", ""154215969"", ""203338637"", ""185311632"", ""204176913"", ""183407909"", ""180987149"", ""16113826""]"
none_subset,1,221268275,207931525,46,62,0,0,0,0,0,0,"[""73921798"", ""115290677"", ""136992761"", ""108971427"", ""213655844"", ""171846733"", ""202480156"", ""208306039"", ""140437226"", ""172512012""]"
none_subset,1,125144208,104268306,46,11,0,0,0,0,1,1,"[""206843208"", ""165803311"", ""209744189"", ""193074174"", ""104767223"", ""159536710"", ""180976440"", ""96527698"", ""211268424"", ""204237929""]"
none_subset,1,186180647,138795070,62,1072,0,0,0,0,0,0,"[""160586788"", ""127069226"", ""120041482"", ""124884051"", ""139932699"", ""130664372"", ""201461957"", ""212906250"", ""167656283"", ""213770244""]"
none_subset,1,7346181,37006900,43,121,0,0,0,0,0,0,"[""123537400"", ""84756708"", ""111985578"", ""181080509"", ""122818220"", ""197580291"", ""148267226"", ""160538797"", ""188409353"", ""41463542""]"
none_subset,1,195280394,158680010,38,832,0,0,0,0,0,0,"[""183183123"", ""138359325"", ""156481100"", ""87832627"", ""196852571"", ""112929576"", ""149261434"", ""170217630"", ""213448007"", ""169909529""]"
none_subset,1,211264671,167464610,46,54,0,0,0,0,0,0,"[""190450261"", ""174837469"", ""193128703"", ""184646371"", ""103251721"", ""127947793"", ""208493172"", ""197415730"", ""209744189"", ""193074174""]"
none_subset,1,195620594,165223697,46,214,0,0,0,0,0,0,"[""79809742"", ""64234906"", ""62458353"", ""140827649"", ""188529439"", ""126605515"", ""111077753"", ""140110070"", ""105148782"", ""186542267""]"
none_subset,1,216008670,188800913,38,2108,0,0,0,0,0,0,"[""196742641"", ""186215206"", ""209178832"", ""181805893"", ""191029182"", ""147452669"", ""156904280"", ""211428575"", ""128329301"", ""103146876""]"
none_subset,1,224906126,196565460,43,1856,0,0,0,0,0,0,"[""166344121"", ""183640029"", ""171798974"", ""210273616"", ""125536521"", ""139961406"", ""166186965"", ""156395019"", ""139391726"", ""98638580""]"
none_subset,1,190824992,148452080,57,2063,0,0,0,0,0,0,"[""122751221"", ""188514510"", ""44099846"", ""84446338"", ""193211760"", ""141728487"", ""209989262"", ""197540932"", ""210622950"", ""191197833""]"
none_subset,1,205395368,164761085,62,265,0,0,0,0,0,0,"[""191201365"", ""204377471"", ""136225463"", ""58086605"", ""167065391"", ""134917876"", ""155653139"", ""194296646"", ""213066001"", ""149461258""]"
none_subset,1,207230561,159213527,38,517,0,0,0,0,0,0,"[""169063398"", ""206905310"", ""167575814"", ""117957932"", ""103799422"", ""108645662"", ""115023866"", ""158100308"", ""176883176"", ""128085075""]"
none_subset,1,169344730,137286819,43,20,0,0,0,0,1,1,"[""185799642"", ""137382410"", ""194068460"", ""181162961"", ""139057092"", ""193482080"", ""100947091"", ""118390825"", ""119499591"", ""119953689""]"
none_subset,1,212217041,191982155,62,11,0,0,0,0,1,1,"[""124000667"", ""185886914"", ""191211417"", ""192447937"", ""116760242"", ""178530215"", ""200920132"", ""210452869"", ""213866096"", ""208938354""]"
none_subset,1,220264809,206756006,37,19,0,0,0,0,1,1,"[""105162490"", ""117685268"", ""197844035"", ""173244017"", ""78706018"", ""189777046"", ""186868435"", ""136980007"", ""171006297"", ""143138392""]"
none_subset,1,119232478,9224574,62,2986,0,0,0,0,0,0,"[""141458058"", ""211215649"", ""161173189"", ""186593972"", ""86852335"", ""24433447"", ""193706706"", ""129878189"", ""172913028"", ""135784548""]"
none_subset,1,193883081,163535148,62,115,0,0,0,0,0,0,"[""163921015"", ""121052246"", ""137566298"", ""133376389"", ""109489020"", ""208636440"", ""61035623"", ""141341500"", ""148732654"", ""66615212""]"
none_subset,1,223326518,201875621,4,9,0,0,0,1,1,1,"[""193729388"", ""191909632"", ""166004506"", ""190789377"", ""179525824"", ""153275481"", ""194212862"", ""176566249"", ""201875621"", ""193413498""]"
none_subset,1,219332667,205048222,43,392,0,0,0,0,0,0,"[""192741559"", ""206283952"", ""143671449"", ""195756368"", ""184056715"", ""201905433"", ""171019509"", ""200883540"", ""188582305"", ""210446456""]"
none_subset,1,216204119,149198464,4,9,0,0,0,1,1,1,"[""187502252"", ""176925983"", ""108861780"", ""31025066"", ""171902128"", ""212806729"", ""201481091"", ""13245417"", ""149198464"", ""203934220""]"
none_subset,1,168036996,134861718,38,121,0,0,0,0,0,0,"[""130325190"", ""72735927"", ""146723193"", ""112233798"", ""192389960"", ""193575305"", ""183174003"", ""161309401"", ""123652552"", ""163533043""]"
none_subset,1,215182228,195801582,57,4,0,0,1,1,1,1,"[""207134458"", ""146957178"", ""180448563"", ""195801582"", ""200053839"", ""197135877"", ""209640231"", ""202358315"", ""79106814"", ""145955425""]"
none_subset,1,184869928,154364197,64,1237,0,0,0,0,0,0,"[""115621700"", ""192392140"", ""159848606"", ""97650176"", ""191281696"", ""25588585"", ""205006509"", ""167740456"", ""194941994"", ""32972743""]"
none_subset,1,211845820,170393915,46,1338,0,0,0,0,0,0,"[""207544514"", ""201090689"", ""208712486"", ""211762574"", ""210417568"", ""211141745"", ""214658469"", ""213226745"", ""212905836"", ""204100293""]"
none_subset,1,199206475,154762222,38,573,0,0,0,0,0,0,"[""103134592"", ""170448238"", ""81626812"", ""150005617"", ""161002473"", ""142087844"", ""108398190"", ""176796563"", ""154635759"", ""167575814""]"
none_subset,1,54951171,62110369,62,658,0,0,0,0,0,0,"[""207318555"", ""81832914"", ""83327144"", ""69121705"", ""186593972"", ""155597280"", ""163318709"", ""211547329"", ""51439459"", ""131656170""]"
none_subset,1,194783595,167624487,64,1007,0,0,0,0,0,0,"[""208628985"", ""210298620"", ""191710817"", ""85531879"", ""206705882"", ""173458489"", ""88249240"", ""210635321"", ""182426229"", ""137217328""]"
none_subset,1,207494915,183693328,37,26,0,0,0,0,1,1,"[""173640245"", ""194408004"", ""191911000"", ""187543270"", ""208141913"", ""210502009"", ""186828113"", ""213416559"", ""211802210"", ""182640683""]"
none_subset,1,207334719,174772202,64,177,0,0,0,0,0,0,"[""81240114"", ""142231631"", ""133623259"", ""72224328"", ""167388732"", ""85531879"", ""191710817"", ""132289907"", ""172741180"", ""99916433""]"
none_subset,1,198593026,161617191,46,563,0,0,0,0,0,0,"[""160673739"", ""195720861"", ""58412205"", ""207602184"", ""208171217"", ""78183845"", ""166724206"", ""105346807"", ""172995592"", ""177962710""]"
none_subset,1,223874078,140746194,64,42,0,0,0,0,0,1,"[""58475692"", ""118138755"", ""27162317"", ""119000250"", ""79130254"", ""35312252"", ""148414231"", ""80745282"", ""156692119"", ""212527992""]"
none_subset,1,182033302,151437967,37,77,0,0,0,0,0,0,"[""182254392"", ""152140191"", ""192597928"", ""123258872"", ""120893128"", ""58893791"", ""178053573"", ""158117230"", ""157628611"", ""150887352""]"
none_subset,1,223773313,205195417,37,86,0,0,0,0,0,0,"[""82258130"", ""116929460"", ""75770636"", ""171338279"", ""105239094"", ""203621702"", ""155814820"", ""76993042"", ""169257920"", ""183797214""]"
none_subset,1,221942746,209979540,46,437,0,0,0,0,0,0,"[""172671263"", ""173138479"", ""172250706"", ""168442343"", ""201508287"", ""173365679"", ""168815908"", ""194132989"", ""214806915"", ""78390422""]"
none_subset,1,60596054,65008175,64,217,0,0,0,0,0,0,"[""46094230"", ""132746503"", ""120966979"", ""116088383"", ""146630451"", ""115988300"", ""151134804"", ""193536959"", ""147984435"", ""214883521""]"
none_subset,1,216604580,198930981,37,295,0,0,0,0,0,0,"[""209161669"", ""183697536"", ""138858879"", ""209128550"", ""194731784"", ""206412545"", ""206298544"", ""191137542"", ""211094404"", ""144029506""]"
none_subset,1,200783260,88789964,64,1415,0,0,0,0,0,0,"[""63861102"", ""80281524"", ""148414231"", ""186850320"", ""162665168"", ""155183786"", ""148740236"", ""201421429"", ""58475692"", ""140676990""]"
none_subset,1,177010985,149005960,38,186,0,0,0,0,0,0,"[""155422545"", ""78137458"", ""85274599"", ""79865197"", ""112540467"", ""156271106"", ""81584170"", ""110817617"", ""197470467"", ""116918686""]"
none_subset,1,162226613,133224863,46,1817,0,0,0,0,0,0,"[""169525422"", ""155463873"", ""102548981"", ""203637627"", ""195996779"", ""214993771"", ""160147246"", ""127266574"", ""173824567"", ""198850848""]"
none_subset,1,215210530,196287148,64,153,0,0,0,0,0,0,"[""202548043"", ""5694674"", ""201926731"", ""131561726"", ""132691040"", ""177080791"", ""146928282"", ""144305873"", ""106003200"", ""137648602""]"
none_subset,1,126834698,108625125,37,55,0,0,0,0,0,0,"[""169592229"", ""204827377"", ""85363083"", ""155814820"", ""175906876"", ""146533593"", ""200384673"", ""143065524"", ""154942150"", ""211099685""]"
none_subset,1,223664240,209433778,46,17,0,0,0,0,1,1,"[""203677273"", ""81506359"", ""172082320"", ""174861722"", ""212429674"", ""207326970"", ""208905537"", ""162507293"", ""172696525"", ""209971517""]"
none_subset,1,167894328,128181955,46,14,0,0,0,0,1,1,"[""71898794"", ""78570599"", ""127485588"", ""213724398"", ""209931361"", ""206201645"", ""97623791"", ""86246820"", ""183484544"", ""78696152""]"
none_subset,1,208038615,172316851,37,303,0,0,0,0,0,0,"[""197393743"", ""143764294"", ""194551250"", ""189064377"", ""150612100"", ""177094485"", ""183552543"", ""127087324"", ""133932837"", ""178118368""]"
none_subset,1,224878166,212636118,4,141,0,0,0,0,0,0,"[""210189669"", ""193589374"", ""207202974"", ""161606528"", ""177434791"", ""211654053"", ""144889470"", ""214759232"", ""209335746"", ""214498383""]"
none_subset,1,214613191,150122632,62,23,0,0,0,0,1,1,"[""152115593"", ""178655632"", ""170130815"", ""182000351"", ""32936165"", ""131432619"", ""148734435"", ""197519887"", ""67822220"", ""176880559""]"
none_subset,1,213188929,173181064,37,468,0,0,0,0,0,0,"[""193680819"", ""209172335"", ""33563950"", ""187324915"", ""145112155"", ""164454930"", ""188877213"", ""73910372"", ""189202972"", ""206298198""]"
none_subset,1,143277145,65062243,64,186,0,0,0,0,0,0,"[""19607163"", ""47318174"", ""124198714"", ""94645332"", ""63965447"", ""73275498"", ""154338417"", ""211228466"", ""135996572"", ""215021282""]"
none_subset,1,216319600,194231584,43,627,0,0,0,0,0,0,"[""76024222"", ""160802034"", ""182485141"", ""167483448"", ""70081273"", ""163402666"", ""121314084"", ""179261540"", ""152014829"", ""112624655""]"
none_subset,1,194957860,160303569,43,148,0,0,0,0,0,0,"[""174103954"", ""156295009"", ""71803254"", ""33389792"", ""182870508"", ""145708285"", ""194761453"", ""193045333"", ""167246303"", ""143497982""]"
none_subset,1,208604290,181306942,4,530,0,0,0,0,0,0,"[""209268749"", ""210309601"", ""183542149"", ""207099245"", ""80560830"", ""212023025"", ""201330306"", ""78663312"", ""169500095"", ""212457708""]"
none_subset,1,223869041,213307342,46,6,0,0,0,1,1,1,"[""160673739"", ""195720861"", ""172995592"", ""213683775"", ""105346807"", ""213307342"", ""209174745"", ""208956852"", ""180426325"", ""211683630""]"
none_subset,1,224498977,201906627,43,1798,0,0,0,0,0,0,"[""201213450"", ""143611276"", ""210822887"", ""194022987"", ""192268643"", ""166272408"", ""168830681"", ""142700536"", ""91124875"", ""211582481""]"
none_subset,1,224935109,184761054,64,1043,0,0,0,0,0,0,"[""188679044"", ""173661276"", ""172741180"", ""183013744"", ""111173960"", ""189971087"", ""210451384"", ""72224328"", ""188610188"", ""58089957""]"
none_subset,1,124879150,105418570,37,660,0,0,0,0,0,0,"[""203157535"", ""160237764"", ""162694671"", ""151240773"", ""156966536"", ""153610553"", ""135737708"", ""199886459"", ""204074550"", ""124537731""]"
none_subset,1,211961630,182728661,62,17,0,0,0,0,1,1,"[""143226394"", ""185125027"", ""19018996"", ""116947577"", ""143227017"", ""204435102"", ""158763261"", ""154758359"", ""187915383"", ""105225664""]"
none_subset,1,222690388,211327541,64,311,0,0,0,0,0,0,"[""206429682"", ""197112426"", ""210649942"", ""163787427"", ""67164744"", ""168823510"", ""200452257"", ""147671714"", ""113089781"", ""198198799""]"
none_subset,1,224251481,194722209,46,1111,0,0,0,0,0,0,"[""78566379"", ""142436010"", ""109601605"", ""201469244"", ""208224187"", ""206453483"", ""150754478"", ""108060129"", ""214169191"", ""210836917""]"
none_subset,1,142470631,124638694,57,1137,0,0,0,0,0,0,"[""139191535"", ""62330389"", ""107527374"", ""160823099"", ""121902729"", ""152590581"", ""199897240"", ""183993242"", ""110109390"", ""138785776""]"
none_subset,1,175232048,157140706,37,1,1,1,1,1,1,1,"[""157140706"", ""182681465"", ""184952787"", ""186270944"", ""178462679"", ""214037923"", ""167076559"", ""194297564"", ""110465452"", ""126027022""]"
none_subset,1,127186712,113084668,4,951,0,0,0,0,0,0,"[""60532395"", ""116960194"", ""85958586"", ""200212362"", ""103135887"", ""122965096"", ""215274959"", ""204157766"", ""132213065"", ""193873768""]"
none_subset,1,209957211,178800069,62,1870,0,0,0,0,0,0,"[""139932699"", ""73906788"", ""201461957"", ""198139864"", ""190299327"", ""192716019"", ""190955120"", ""180366851"", ""200808917"", ""56568319""]"
none_subset,1,210798328,188468393,4,40,0,0,0,0,0,1,"[""193481695"", ""187257731"", ""193001991"", ""182904703"", ""208780104"", ""202571906"", ""194160187"", ""205600080"", ""206994288"", ""192410120""]"
none_subset,1,189869518,156347163,37,316,0,0,0,0,0,0,"[""138858879"", ""157945105"", ""212782587"", ""176748724"", ""169198169"", ""200441050"", ""184320957"", ""150906032"", ""118291817"", ""190075252""]"
none_subset,1,225047812,215242567,37,182,0,0,0,0,0,0,"[""213318077"", ""182640683"", ""213416559"", ""202227327"", ""157945105"", ""209286799"", ""206298544"", ""189777046"", ""195014964"", ""195919621""]"
none_subset,1,120657273,50173628,62,30,0,0,0,0,1,1,"[""129878189"", ""2463151"", ""186593972"", ""83327144"", ""95725553"", ""194805526"", ""89542780"", ""81832914"", ""155669593"", ""197681506""]"
none_subset,1,174927070,141272135,38,1009,0,0,0,0,0,0,"[""11921513"", ""179876069"", ""71896485"", ""214394715"", ""213205324"", ""69350726"", ""72734791"", ""161849435"", ""127669239"", ""206917015""]"
none_subset,1,222653684,209467848,38,46,0,0,0,0,0,1,"[""127669143"", ""207100353"", ""148428740"", ""74254168"", ""37709032"", ""126393314"", ""99753126"", ""190049907"", ""133136953"", ""171588996""]"
none_subset,1,220422267,187775788,64,131,0,0,0,0,0,0,"[""186850320"", ""201421429"", ""148740236"", ""79734724"", ""174095805"", ""105069076"", ""53527257"", ""151526168"", ""189932460"", ""60046348""]"
none_subset,1,216928250,94645332,64,37,0,0,0,0,0,1,"[""146444401"", ""147984435"", ""79071973"", ""123523267"", ""192632345"", ""112033542"", ""93604401"", ""196347311"", ""19607163"", ""44749628""]"
none_subset,1,155441384,132150429,62,354,0,0,0,0,0,0,"[""203397613"", ""70315472"", ""45997741"", ""15942056"", ""168442721"", ""180001774"", ""57925919"", ""63916792"", ""115226483"", ""78481865""]"
none_subset,1,219678336,198241765,4,427,0,0,0,0,0,0,"[""181715447"", ""207177061"", ""149759096"", ""144373105"", ""187964382"", ""75828042"", ""199307974"", ""141606114"", ""122594682"", ""122564854""]"
none_subset,1,180204688,95395941,38,375,0,0,0,0,0,0,"[""194853957"", ""160748123"", ""163646287"", ""55637037"", ""155332547"", ""122392168"", ""57745679"", ""123190192"", ""153901522"", ""92748634""]"
none_subset,1,135398673,78885056,46,1700,0,0,0,0,0,0,"[""129427671"", ""164517856"", ""144185503"", ""113497361"", ""171801408"", ""187714756"", ""42527558"", ""170432446"", ""180187517"", ""164400164""]"
none_subset,1,201687814,169636588,46,104,0,0,0,0,0,0,"[""209744189"", ""213559285"", ""193128703"", ""205586250"", ""82252188"", ""184646371"", ""146029150"", ""104268306"", ""207529569"", ""99983742""]"
none_subset,1,80542758,71742122,57,579,0,0,0,0,0,0,"[""85130633"", ""210262988"", ""113033151"", ""154865872"", ""68575803"", ""196594818"", ""188669947"", ""138180455"", ""193962976"", ""167894097""]"
none_subset,1,222255174,210643200,57,1687,0,0,0,0,0,0,"[""196545171"", ""172994991"", ""201144087"", ""150573656"", ""207589156"", ""171859826"", ""139814299"", ""213478012"", ""204720478"", ""214160653""]"
none_subset,1,96030685,90697118,37,1440,0,0,0,0,0,0,"[""168569670"", ""148500212"", ""212381571"", ""212112835"", ""186009397"", ""195715759"", ""152910319"", ""168816718"", ""173181064"", ""208436129""]"
none_subset,1,217281475,200915401,37,2045,0,0,0,0,0,0,"[""145502443"", ""136371572"", ""195375302"", ""193407642"", ""177737543"", ""124537731"", ""207073486"", ""150887352"", ""110465452"", ""167076559""]"
none_subset,1,175103083,118806862,37,2342,0,0,0,0,0,0,"[""214644665"", ""162736131"", ""132738380"", ""81213674"", ""200164411"", ""140026597"", ""206483437"", ""154888352"", ""148343657"", ""169494298""]"
none_subset,1,209154363,167166017,37,29,0,0,0,0,1,1,"[""187389375"", ""133217200"", ""164935921"", ""148752102"", ""73172650"", ""162372195"", ""185048961"", ""145112155"", ""126767199"", ""128174051""]"
none_subset,1,174710752,141212383,4,31,0,0,0,0,0,1,"[""179962753"", ""86502666"", ""193021423"", ""159084171"", ""188948651"", ""155621797"", ""143701762"", ""87832508"", ""112871050"", ""131549903""]"
none_subset,1,200915701,153503851,46,81,0,0,0,0,0,0,"[""193074174"", ""195152908"", ""187611963"", ""184646371"", ""127947793"", ""180976440"", ""209744189"", ""197415730"", ""138830136"", ""7231598""]"
none_subset,1,218454988,196325559,57,55,0,0,0,0,0,0,"[""142405798"", ""181234241"", ""172135984"", ""203703634"", ""209991023"", ""128244723"", ""204782328"", ""186104278"", ""209330430"", ""195606087""]"
none_subset,1,223792085,208982043,37,47,0,0,0,0,0,1,"[""194896028"", ""139108982"", ""200530408"", ""149828994"", ""145005553"", ""206195134"", ""165240384"", ""127482058"", ""208199932"", ""201380275""]"
none_subset,1,95525779,86777177,38,19,0,0,0,0,1,1,"[""158574234"", ""101461920"", ""152236293"", ""67142038"", ""200931885"", ""130168090"", ""149755002"", ""123815955"", ""109712270"", ""31980662""]"
none_subset,1,215148695,196324694,43,162,0,0,0,0,0,0,"[""201905433"", ""184633847"", ""207732639"", ""189266294"", ""195224828"", ""201671217"", ""210822887"", ""209286657"", ""185360446"", ""196690377""]"
none_subset,1,182539254,150438835,37,336,0,0,0,0,0,0,"[""212172992"", ""173499684"", ""182254392"", ""174852305"", ""173432313"", ""101532006"", ""17206468"", ""157628611"", ""205679951"", ""180649299""]"
none_subset,1,225314663,210129227,64,6,0,0,0,1,1,1,"[""112432197"", ""149622839"", ""204532336"", ""151589612"", ""105284015"", ""210129227"", ""142226293"", ""203597419"", ""190654638"", ""184980306""]"
none_subset,1,194262233,148439290,43,283,0,0,0,0,0,0,"[""108684069"", ""164268294"", ""166186965"", ""145672403"", ""208008027"", ""193746203"", ""128075960"", ""206094210"", ""190535337"", ""168783197""]"
none_subset,1,95000984,78359767,64,201,0,0,0,0,0,0,"[""131569653"", ""83781866"", ""148413683"", ""109320323"", ""200497374"", ""146365324"", ""21707133"", ""124531646"", ""156694576"", ""83781980""]"
none_subset,1,178060032,150107268,4,608,0,0,0,0,0,0,"[""202362364"", ""196862937"", ""130299986"", ""119644839"", ""181715447"", ""121290364"", ""200963858"", ""72045166"", ""149759096"", ""183438126""]"
none_subset,1,222785384,207529569,46,489,0,0,0,0,0,0,"[""210734819"", ""204100293"", ""207544514"", ""177432966"", ""214343067"", ""144597493"", ""170255404"", ""213293208"", ""210724130"", ""208271685""]"
none_subset,1,219228520,193491703,37,31,0,0,0,0,0,1,"[""209349722"", ""182193027"", ""193485768"", ""193730114"", ""213637743"", ""190070434"", ""202101807"", ""202782009"", ""199200887"", ""202022086""]"
none_subset,1,208469974,185360446,43,224,0,0,0,0,0,0,"[""189984269"", ""161725098"", ""209862942"", ""143611276"", ""91124875"", ""120673072"", ""143840744"", ""65032628"", ""70843932"", ""190193667""]"
none_subset,1,207687218,169890454,43,37,0,0,0,0,0,1,"[""193482080"", ""130496317"", ""137382410"", ""186403472"", ""210561607"", ""181162961"", ""100947091"", ""49130482"", ""199715257"", ""172065222""]"
none_subset,1,187085249,156841339,4,729,0,0,0,0,0,0,"[""193021423"", ""193806850"", ""176334578"", ""44380594"", ""158175855"", ""86774130"", ""185880119"", ""178305613"", ""179962753"", ""200589143""]"
none_subset,1,29852074,30972148,43,264,0,0,0,0,0,0,"[""184481904"", ""83550407"", ""122820009"", ""199700611"", ""164461764"", ""16668651"", ""50463859"", ""174103954"", ""126470047"", ""212418882""]"
none_subset,1,207191991,124399272,62,1094,0,0,0,0,0,0,"[""72314516"", ""17068485"", ""111672985"", ""172600056"", ""58086605"", ""118612211"", ""183534059"", ""204150547"", ""158203951"", ""150122632""]"
none_subset,1,185189200,157035510,38,2,0,1,1,1,1,1,"[""186867042"", ""157035510"", ""160491945"", ""99912896"", ""165955684"", ""188626794"", ""193943616"", ""143671381"", ""180570092"", ""193857539""]"
none_subset,1,223882932,176396453,46,247,0,0,0,0,0,0,"[""210643352"", ""203644119"", ""204757175"", ""200735701"", ""204484014"", ""174884757"", ""167800204"", ""157990048"", ""159049004"", ""115429456""]"
none_subset,1,220807832,99174752,64,1533,0,0,0,0,0,0,"[""130210660"", ""70397289"", ""211495365"", ""106851845"", ""188536293"", ""99419773"", ""136803611"", ""84069250"", ""83781866"", ""130094229""]"
none_subset,1,225335115,196698453,38,124,0,0,0,0,0,0,"[""211902383"", ""203567193"", ""42815985"", ""186215206"", ""138045329"", ""180260568"", ""187888931"", ""195804500"", ""204925548"", ""102259203""]"
none_subset,1,195971685,169081503,46,97,0,0,0,0,0,0,"[""212905783"", ""212380449"", ""209175273"", ""211063696"", ""208719036"", ""210667015"", ""172966334"", ""146467155"", ""65660831"", ""210373455""]"
none_subset,1,128204755,106926227,46,48,0,0,0,0,0,1,"[""168442343"", ""214806915"", ""170352052"", ""78004872"", ""201508287"", ""207664468"", ""172671263"", ""73765596"", ""201966464"", ""78390422""]"
none_subset,1,174004057,142635185,46,20,0,0,0,0,1,1,"[""213196140"", ""137997014"", ""99908438"", ""210393362"", ""108320509"", ""105380747"", ""125312196"", ""169607427"", ""198706701"", ""171785060""]"
none_subset,1,223429434,204078169,46,143,0,0,0,0,0,0,"[""182136657"", ""146029150"", ""176647062"", ""78094109"", ""200727306"", ""172250706"", ""194132989"", ""205233162"", ""101304130"", ""180829317""]"
none_subset,1,221948109,153275921,64,292,0,0,0,0,0,0,"[""210533899"", ""112311130"", ""192962906"", ""92309560"", ""200020326"", ""167388732"", ""169239802"", ""190786565"", ""132289907"", ""151692008""]"
none_subset,1,214328047,194242626,4,519,0,0,0,0,0,0,"[""213275113"", ""177531279"", ""165797585"", ""202190653"", ""185843042"", ""137958387"", ""206012998"", ""123469638"", ""76515539"", ""142553971""]"
none_subset,1,203762263,178080778,57,1206,0,0,0,0,0,0,"[""143161125"", ""204145490"", ""99228573"", ""175903540"", ""180583441"", ""122181220"", ""211640040"", ""202223595"", ""170745002"", ""20283767""]"
none_subset,1,200911062,164571288,4,176,0,0,0,0,0,0,"[""193589374"", ""163812085"", ""181570938"", ""206167938"", ""184090522"", ""112726802"", ""144889470"", ""177434791"", ""30383831"", ""202570543""]"
none_subset,1,210735259,186512278,46,148,0,0,0,0,0,0,"[""119093613"", ""70517064"", ""156109827"", ""208715579"", ""77388181"", ""207134724"", ""64629457"", ""169495520"", ""128181955"", ""171162449""]"
none_subset,1,194649531,165995609,37,92,0,0,0,0,0,0,"[""188742562"", ""152762226"", ""115213516"", ""101318206"", ""90201092"", ""111465088"", ""105071457"", ""134365702"", ""79730026"", ""127507850""]"
none_subset,1,167949293,135674502,38,2174,0,0,0,0,0,0,"[""85372024"", ""176971005"", ""179000829"", ""111175760"", ""127107925"", ""192191594"", ""99562870"", ""213648542"", ""129594031"", ""102368805""]"
none_subset,1,171344131,143096525,57,933,0,0,0,0,0,0,"[""194030785"", ""31739440"", ""151046652"", ""175850879"", ""211909378"", ""131116925"", ""202514114"", ""135509545"", ""128230073"", ""109045133""]"
none_subset,1,196637664,45966001,43,243,0,0,0,0,0,0,"[""93370896"", ""204449585"", ""18292202"", ""202025930"", ""167353972"", ""120597166"", ""13118738"", ""195866072"", ""203454842"", ""127047625""]"
none_subset,1,225326952,198139864,62,1089,0,0,0,0,0,0,"[""110870208"", ""153895442"", ""97032103"", ""210871676"", ""180623952"", ""200983413"", ""17146321"", ""190693769"", ""200033535"", ""180256255""]"
none_subset,1,197650209,169967354,4,402,0,0,0,0,0,0,"[""161417907"", ""175750166"", ""25537887"", ""126369594"", ""132615948"", ""50337874"", ""154240"", ""112726802"", ""164210053"", ""169909145""]"
none_subset,1,114776816,103872312,4,749,0,0,0,0,0,0,"[""144373105"", ""172890535"", ""150252011"", ""149095048"", ""190621677"", ""155481732"", ""86878993"", ""170267536"", ""162653386"", ""164940716""]"
none_subset,1,153488882,20198247,4,38,0,0,0,0,0,1,"[""70056842"", ""176566249"", ""147422442"", ""201469264"", ""193189431"", ""126107165"", ""213696130"", ""193729388"", ""156103241"", ""163513925""]"
none_subset,1,222443107,208241166,64,556,0,0,0,0,0,0,"[""193323207"", ""30343221"", ""192632345"", ""127488045"", ""161643481"", ""105879570"", ""186850320"", ""206003254"", ""116866288"", ""148497898""]"
none_subset,1,212698798,192825178,62,1123,0,0,0,0,0,0,"[""160871092"", ""193487145"", ""200920132"", ""187355145"", ""193487215"", ""196286784"", ""172997177"", ""213066001"", ""185409558"", ""190458412""]"
none_subset,1,184393126,156860646,4,90,0,0,0,0,0,0,"[""191695909"", ""190161584"", ""200963901"", ""191909632"", ""153939423"", ""194508039"", ""192331154"", ""204482650"", ""73825216"", ""191214295""]"
none_subset,1,224076827,213286264,57,14,0,0,0,0,1,1,"[""209726587"", ""211933610"", ""212895565"", ""209125579"", ""173797071"", ""210472458"", ""197209314"", ""201084593"", ""206821512"", ""209066709""]"
none_subset,1,211116359,165284774,62,2198,0,0,0,0,0,0,"[""158203951"", ""148066008"", ""210326667"", ""210941490"", ""93465800"", ""135590435"", ""195057440"", ""95686483"", ""129794244"", ""187978938""]"
none_subset,1,206904353,179818880,64,126,0,0,0,0,0,0,"[""185451532"", ""148979593"", ""140676990"", ""208956763"", ""58475692"", ""63861102"", ""186850320"", ""204125965"", ""32245008"", ""211987351""]"
none_subset,1,167925637,116634389,57,270,0,0,0,0,0,0,"[""207769553"", ""204813168"", ""194912482"", ""204280402"", ""130377760"", ""211933589"", ""214443314"", ""200808497"", ""213401068"", ""190635064""]"
none_subset,1,185145011,156633369,4,2144,0,0,0,0,0,0,"[""209665990"", ""100655375"", ""50750891"", ""203339357"", ""202888371"", ""209208627"", ""207143420"", ""205789625"", ""197475541"", ""189844318""]"
none_subset,1,176916608,145798285,37,2569,0,0,0,0,0,0,"[""145815769"", ""158117230"", ""182254392"", ""190113798"", ""215022412"", ""123258872"", ""190075252"", ""17206468"", ""190316113"", ""192387012""]"
none_subset,1,214580866,191434197,37,360,0,0,0,0,0,0,"[""210226726"", ""207413817"", ""194374377"", ""210666947"", ""188537503"", ""194731784"", ""209386603"", ""207698281"", ""210562159"", ""191911000""]"
none_subset,1,209479356,186085070,37,965,0,0,0,0,0,0,"[""152762226"", ""113199607"", ""139391729"", ""152140191"", ""158117230"", ""121116115"", ""93714502"", ""81340320"", ""149017929"", ""192597928""]"
none_subset,1,134963021,121718146,62,129,0,0,0,0,0,0,"[""188696626"", ""79777747"", ""152815967"", ""10132068"", ""67894406"", ""143261727"", ""86925187"", ""189107795"", ""98255078"", ""198498662""]"
none_subset,1,222568289,192944634,4,192,0,0,0,0,0,0,"[""214521847"", ""77437367"", ""195470202"", ""177849963"", ""203890372"", ""171029402"", ""194814735"", ""72045166"", ""88061241"", ""179140612""]"
none_subset,1,218567685,201115645,64,1148,0,0,0,0,0,0,"[""212267410"", ""192179303"", ""188379837"", ""211307371"", ""174009353"", ""211669271"", ""181953064"", ""193910077"", ""192779268"", ""198999126""]"
none_subset,1,154526261,129427678,46,701,0,0,0,0,0,0,"[""193559506"", ""131953748"", ""157884203"", ""205030690"", ""160110731"", ""110900877"", ""16339902"", ""192342929"", ""59097004"", ""74403232""]"
none_subset,1,224030054,203391866,62,274,0,0,0,0,0,0,"[""193487145"", ""168348573"", ""193966259"", ""185409558"", ""95885283"", ""156814814"", ""196543115"", ""160871092"", ""212118908"", ""188361417""]"
none_subset,1,198392187,159570716,4,42,0,0,0,0,0,1,"[""141186510"", ""164449645"", ""154203183"", ""191096738"", ""147751136"", ""144067777"", ""179909533"", ""207322592"", ""181699642"", ""129543326""]"
none_subset,1,209599559,147451743,64,15,0,0,0,0,1,1,"[""134312075"", ""108773457"", ""78359767"", ""56833135"", ""185413694"", ""155708697"", ""83954010"", ""112056185"", ""210923456"", ""206056992""]"
none_subset,1,222006355,201071539,46,501,0,0,0,0,0,0,"[""174586724"", ""209128578"", ""184646371"", ""151817180"", ""206220197"", ""193074174"", ""190450261"", ""193128703"", ""167383627"", ""167337155""]"
none_subset,1,189299726,145015125,43,46,0,0,0,0,0,1,"[""145996061"", ""83550407"", ""197607286"", ""71803254"", ""207642066"", ""78183771"", ""138106208"", ""168040178"", ""186403472"", ""188398971""]"
none_subset,1,197046535,159477810,38,103,0,0,0,0,0,0,"[""129594031"", ""199297939"", ""161174151"", ""185164362"", ""205465606"", ""185544173"", ""160449838"", ""193252013"", ""192297645"", ""203848623""]"
none_subset,1,191817046,102161764,38,2763,0,0,0,0,0,0,"[""112758593"", ""181132638"", ""115091528"", ""192191594"", ""115258171"", ""157993089"", ""108645662"", ""88485908"", ""192992682"", ""207658199""]"
none_subset,1,185023801,152992564,37,1076,0,0,0,0,0,0,"[""194831266"", ""195296935"", ""191911000"", ""210226726"", ""196559300"", ""201649016"", ""133351365"", ""192456013"", ""190240043"", ""191432109""]"
none_subset,1,219276802,204648246,4,1222,0,0,0,0,0,0,"[""194212862"", ""126107165"", ""200589462"", ""190777127"", ""211850911"", ""104293117"", ""73205799"", ""203829299"", ""190079873"", ""196324749""]"
none_subset,1,173164315,146168593,4,164,0,0,0,0,0,0,"[""191895715"", ""79107019"", ""166614186"", ""167937435"", ""134171322"", ""142604317"", ""109285514"", ""174421677"", ""148514021"", ""206639262""]"
none_subset,1,218627424,201030455,38,35,0,0,0,0,0,1,"[""165832126"", ""168804724"", ""98186259"", ""146798535"", ""76978137"", ""139117589"", ""130875451"", ""198984787"", ""89552272"", ""138359325""]"
none_subset,1,122672542,94863968,64,7,0,0,0,1,1,1,"[""183213131"", ""123750776"", ""147984435"", ""132746503"", ""146946453"", ""94645332"", ""94863968"", ""86887294"", ""193870914"", ""196328856""]"
none_subset,1,225235909,194952332,43,6,0,0,0,1,1,1,"[""67063550"", ""81706080"", ""189572218"", ""66867545"", ""162160284"", ""194952332"", ""182870508"", ""211526829"", ""144008610"", ""61233030""]"
none_subset,1,112922721,101192063,37,190,0,0,0,0,0,0,"[""118291817"", ""158117230"", ""29496516"", ""100015328"", ""147435678"", ""193825569"", ""215022412"", ""142665464"", ""66740441"", ""144351805""]"
none_subset,1,219452231,187611963,46,2,0,1,1,1,1,1,"[""165953966"", ""187611963"", ""209744189"", ""193074174"", ""127947793"", ""7231598"", ""193559506"", ""195152908"", ""138830136"", ""206729201""]"
none_subset,1,143688336,126369594,4,251,0,0,0,0,0,0,"[""151356635"", ""119415258"", ""146345148"", ""114164900"", ""172890535"", ""91321970"", ""184587206"", ""196352343"", ""66047393"", ""3191876""]"
none_subset,1,208912799,163911793,46,2709,0,0,0,0,0,0,"[""174586724"", ""177591787"", ""194854155"", ""187611963"", ""193074174"", ""59097004"", ""190843338"", ""154894212"", ""206729201"", ""193128703""]"
none_subset,1,210140554,182640683,37,775,0,0,0,0,0,0,"[""177207521"", ""45171964"", ""215022412"", ""187043151"", ""178961164"", ""147435678"", ""151199532"", ""144351805"", ""189731038"", ""202222318""]"
none_subset,1,220122384,203668670,43,13,0,0,0,0,1,1,"[""164461764"", ""136185385"", ""166301530"", ""186549940"", ""197607322"", ""145672403"", ""207549172"", ""174103954"", ""143497982"", ""153540939""]"
none_subset,1,194621053,163919581,46,186,0,0,0,0,0,0,"[""158080441"", ""173222203"", ""173799041"", ""159536710"", ""194750109"", ""206843208"", ""182764303"", ""164222847"", ""137171317"", ""104767223""]"
none_subset,1,223369637,209045757,37,832,0,0,0,0,0,0,"[""193704109"", ""214961917"", ""208141094"", ""153376485"", ""148004279"", ""184196731"", ""61710118"", ""202812842"", ""214431606"", ""192710334""]"
none_subset,1,115307321,99231086,37,525,0,0,0,0,0,0,"[""193679263"", ""129519764"", ""152910319"", ""155926657"", ""141382831"", ""163365579"", ""156884960"", ""166075041"", ""16898206"", ""153205116""]"
none_subset,1,78053428,77802747,62,2551,0,0,0,0,0,0,"[""144598636"", ""48466258"", ""194707540"", ""61833524"", ""213056096"", ""209312269"", ""109489020"", ""194082025"", ""141341500"", ""144501764""]"
none_subset,1,222736054,205216250,62,612,0,0,0,0,0,0,"[""211334137"", ""95885283"", ""168348573"", ""185409558"", ""189322851"", ""134618566"", ""188361417"", ""136127901"", ""196543115"", ""194491562""]"
none_subset,1,126031465,111852877,64,590,0,0,0,0,0,0,"[""146444401"", ""34666160"", ""192632345"", ""19607163"", ""38645667"", ""151177544"", ""196347311"", ""133214115"", ""124198714"", ""19628845""]"
none_subset,1,216331040,196742641,38,7,0,0,0,1,1,1,"[""190110099"", ""203456374"", ""200085691"", ""138045329"", ""196068182"", ""175489834"", ""196742641"", ""209590588"", ""181226544"", ""139391862""]"
none_subset,1,205777823,167495362,57,789,0,0,0,0,0,0,"[""211954295"", ""166582282"", ""177152495"", ""188061782"", ""158499182"", ""207134458"", ""212600489"", ""212601987"", ""179051226"", ""209149314""]"
none_subset,1,181301193,151450966,57,849,0,0,0,0,0,0,"[""86771304"", ""211785457"", ""194409455"", ""131667486"", ""125339147"", ""207769586"", ""122408162"", ""49660194"", ""136289629"", ""138406659""]"
none_subset,1,224681805,80946678,4,20,0,0,0,0,1,1,"[""136900812"", ""167564443"", ""203037592"", ""212022302"", ""186674454"", ""197680529"", ""110540565"", ""205356216"", ""100677349"", ""13713734""]"
none_subset,1,156424434,131281412,37,185,0,0,0,0,0,0,"[""117410846"", ""195740726"", ""139391729"", ""192142184"", ""200567894"", ""84838254"", ""169198169"", ""205567450"", ""193030442"", ""33066220""]"
none_subset,1,222620417,211216257,64,550,0,0,0,0,0,0,"[""131569653"", ""83781980"", ""70939079"", ""95857401"", ""106156401"", ""96029631"", ""173980655"", ""139515295"", ""167354299"", ""124531646""]"
none_subset,1,191117935,159158518,43,283,0,0,0,0,0,0,"[""113451129"", ""206290556"", ""209862942"", ""198078019"", ""202216480"", ""148294908"", ""192928288"", ""187215484"", ""158541186"", ""211582481""]"
none_subset,1,215247659,196168994,46,485,0,0,0,0,0,0,"[""19664212"", ""45817478"", ""21000985"", ""209120038"", ""16339902"", ""51692336"", ""108196994"", ""188997673"", ""32062492"", ""194051265""]"
none_subset,1,194723853,159848649,43,1173,0,0,0,0,0,0,"[""107185884"", ""201858021"", ""159478691"", ""123648588"", ""160239032"", ""140470954"", ""123819732"", ""65700153"", ""166465535"", ""151787283""]"
none_subset,1,197950777,169059871,64,221,0,0,0,0,0,0,"[""204325611"", ""206210420"", ""157463377"", ""173701751"", ""134208299"", ""166195133"", ""187172686"", ""183642716"", ""152189504"", ""120640755""]"
none_subset,1,218227123,203190117,46,135,0,0,0,0,0,0,"[""208224187"", ""132894879"", ""184117772"", ""210836917"", ""78566379"", ""111439009"", ""214020106"", ""211552842"", ""209433778"", ""172995592""]"
none_subset,1,175204296,147698835,37,609,0,0,0,0,0,0,"[""142665464"", ""118291817"", ""215022412"", ""190316113"", ""184515969"", ""191911000"", ""209208662"", ""187837794"", ""195583647"", ""173227324""]"
none_subset,1,156645730,99567115,37,1116,0,0,0,0,0,0,"[""120040052"", ""115215869"", ""42842956"", ""53410176"", ""156884960"", ""14688074"", ""29496516"", ""66495486"", ""105224939"", ""5322119""]"
none_subset,1,221050667,208224412,57,236,0,0,0,0,0,0,"[""211088598"", ""200869212"", ""195614608"", ""172017798"", ""207501690"", ""173235572"", ""209725971"", ""148672945"", ""201836899"", ""201469289""]"
none_subset,1,222422842,210451253,37,5,0,0,1,1,1,1,"[""145639775"", ""211987844"", ""209002652"", ""76586668"", ""210451253"", ""200451540"", ""134055274"", ""179242738"", ""201572634"", ""205430382""]"
none_subset,1,78573689,79742438,38,417,0,0,0,0,0,0,"[""16689432"", ""119135437"", ""133854214"", ""150630196"", ""77371641"", ""153191207"", ""199402447"", ""85421632"", ""94494397"", ""29779319""]"
none_subset,1,58990237,29790518,4,684,0,0,0,0,0,0,"[""167074809"", ""193831253"", ""188802396"", ""193566719"", ""149472153"", ""156469871"", ""180350779"", ""161643758"", ""177531279"", ""79486528""]"
none_subset,1,184568811,156295009,43,2,0,1,1,1,1,1,"[""189625872"", ""156295009"", ""184974306"", ""186702404"", ""195240617"", ""161019176"", ""66867545"", ""191701840"", ""111184927"", ""179105716""]"
none_subset,1,162978629,132033042,46,1408,0,0,0,0,0,0,"[""134691092"", ""158079920"", ""59097004"", ""205315794"", ""130151286"", ""167464610"", ""204631912"", ""203456171"", ""214302406"", ""154894212""]"
none_subset,1,212699656,169890733,46,325,0,0,0,0,0,0,"[""59914246"", ""140110070"", ""87079597"", ""156626186"", ""156554598"", ""195833289"", ""64234906"", ""105148782"", ""126613385"", ""136554419""]"
none_subset,1,222300782,210709127,4,2,0,1,1,1,1,1,"[""210871478"", ""210709127"", ""199379442"", ""207985124"", ""213963033"", ""185125145"", ""108843981"", ""208958120"", ""214408664"", ""195893708""]"
none_subset,1,222071704,209721719,46,993,0,0,0,0,0,0,"[""213571883"", ""211267103"", ""171164335"", ""194933430"", ""105318716"", ""79988383"", ""137353337"", ""206400304"", ""163919581"", ""194795218""]"
none_subset,1,194860010,166190328,46,67,0,0,0,0,0,0,"[""206843208"", ""211268424"", ""165803311"", ""164222847"", ""214989922"", ""214750241"", ""157884203"", ""206204582"", ""172684450"", ""159536710""]"
none_subset,1,205377132,180844785,43,15,0,0,0,0,1,1,"[""173758947"", ""206730740"", ""202025930"", ""201671217"", ""184091403"", ""165285962"", ""194288073"", ""178271380"", ""171859659"", ""185360446""]"
none_subset,1,142846279,124608125,46,151,0,0,0,0,0,0,"[""165953966"", ""158946684"", ""193559506"", ""131953748"", ""188805088"", ""85427391"", ""139649558"", ""196783083"", ""187829464"", ""16339902""]"
none_subset,1,193734416,162124393,43,33,0,0,0,0,0,1,"[""159111252"", ""200981311"", ""139515611"", ""112658405"", ""132793063"", ""192370635"", ""140101579"", ""203232500"", ""103363896"", ""111095417""]"
none_subset,1,35285379,38719112,43,437,0,0,0,0,0,0,"[""174103954"", ""204018856"", ""143497982"", ""71803254"", ""180314920"", ""164461764"", ""207642066"", ""207549172"", ""35671043"", ""145672403""]"
none_subset,1,87945809,78696152,46,265,0,0,0,0,0,0,"[""194132989"", ""141781507"", ""168815908"", ""168442343"", ""131042947"", ""102548981"", ""172250706"", ""17698917"", ""13940893"", ""173365679""]"
none_subset,1,123142914,107528202,4,666,0,0,0,0,0,0,"[""18519591"", ""199478511"", ""209341331"", ""181068928"", ""195751201"", ""163772112"", ""201861112"", ""53835713"", ""203908193"", ""206213620""]"
none_subset,1,164454108,95790673,64,769,0,0,0,0,0,0,"[""151589612"", ""130269008"", ""124963799"", ""65008306"", ""163139788"", ""97315339"", ""181529530"", ""172358761"", ""107218617"", ""210129227""]"
none_subset,1,193158719,164661248,4,748,0,0,0,0,0,0,"[""130299986"", ""63030233"", ""149759096"", ""110512138"", ""187964382"", ""122564854"", ""199422802"", ""200963858"", ""112793859"", ""206564479""]"
none_subset,1,189108091,158986246,57,445,0,0,0,0,0,0,"[""130403648"", ""151871480"", ""173797071"", ""169347129"", ""135046482"", ""183349552"", ""209125579"", ""209092004"", ""153321595"", ""193946761""]"
none_subset,1,208314235,182590419,62,702,0,0,0,0,0,0,"[""186593972"", ""200808917"", ""141261014"", ""92980980"", ""24433447"", ""135784548"", ""56568319"", ""113925741"", ""105604280"", ""122185080""]"
none_subset,1,171464736,145094112,46,9,0,0,0,1,1,1,"[""202488918"", ""209631907"", ""162264344"", ""203171500"", ""143484748"", ""210468796"", ""212809187"", ""207664468"", ""145094112"", ""162020306""]"
none_subset,1,212429460,176131148,46,229,0,0,0,0,0,0,"[""205315794"", ""156263625"", ""196783083"", ""167383627"", ""136540208"", ""154894208"", ""194854155"", ""206204582"", ""131953748"", ""188805088""]"
none_subset,1,206367580,180126691,62,1203,0,0,0,0,0,0,"[""87886557"", ""136359251"", ""84941218"", ""104016143"", ""167970913"", ""75938302"", ""123214623"", ""203685400"", ""128594783"", ""119067436""]"
none_subset,1,225108929,212708245,37,331,0,0,0,0,0,0,"[""160929058"", ""132179046"", ""53074039"", ""100857813"", ""50482792"", ""116929460"", ""131057179"", ""176290644"", ""211483573"", ""189469469""]"
none_subset,1,219709897,202039069,43,19,0,0,0,0,1,1,"[""202025930"", ""120597166"", ""203454842"", ""13118738"", ""199520065"", ""194291256"", ""171859659"", ""173758947"", ""70797162"", ""169803317""]"
none_subset,1,120028133,101696867,43,455,0,0,0,0,0,0,"[""204045985"", ""205200696"", ""163370879"", ""101732318"", ""210940174"", ""166272408"", ""123625697"", ""213210833"", ""184705867"", ""8324549""]"
none_subset,1,134666130,113496973,64,317,0,0,0,0,0,0,"[""186761660"", ""159354842"", ""62091212"", ""152212755"", ""74162951"", ""156281163"", ""32127024"", ""73787680"", ""104077381"", ""171259931""]"
none_subset,1,214415568,144932091,43,93,0,0,0,0,0,0,"[""53018260"", ""197607286"", ""213210833"", ""174103954"", ""130496317"", ""164991678"", ""126470047"", ""138106208"", ""180314920"", ""205605896""]"
none_subset,1,206367329,167525245,46,1893,0,0,0,0,0,0,"[""160764333"", ""188974662"", ""70517064"", ""132184095"", ""134902485"", ""172035206"", ""80195905"", ""132018635"", ""37708588"", ""32288484""]"
none_subset,1,222044042,205545277,46,8,0,0,0,1,1,1,"[""173619098"", ""132894879"", ""195720861"", ""132671791"", ""184117772"", ""141714974"", ""160673739"", ""205545277"", ""210175793"", ""212434559""]"
none_subset,1,218211133,113542136,62,2,0,1,1,1,1,1,"[""22547515"", ""113542136"", ""159960911"", ""25260455"", ""61854824"", ""194491562"", ""32645477"", ""156564557"", ""200582902"", ""19560737""]"
none_subset,1,72934225,8324549,43,2066,0,0,0,0,0,0,"[""98314945"", ""212847147"", ""50216046"", ""198700213"", ""114124021"", ""183687457"", ""147472718"", ""127635452"", ""68189198"", ""102607958""]"
none_subset,1,221403783,186647118,37,232,0,0,0,0,0,0,"[""100819191"", ""159846953"", ""195396146"", ""137592134"", ""200370854"", ""212809765"", ""194030924"", ""163621389"", ""33534621"", ""73108281""]"
none_subset,1,59451952,27162317,64,39,0,0,0,0,0,1,"[""80281524"", ""186850320"", ""58475692"", ""60124479"", ""79734724"", ""10208777"", ""67677743"", ""31683521"", ""177028452"", ""17102158""]"
none_subset,1,65481113,56967833,43,735,0,0,0,0,0,0,"[""163223965"", ""177564619"", ""162791674"", ""207958000"", ""138107182"", ""193746203"", ""105854316"", ""190372173"", ""97506344"", ""192942930""]"
none_subset,1,148115874,127946988,57,232,0,0,0,0,0,0,"[""152187673"", ""202725978"", ""202626135"", ""132769262"", ""51300213"", ""101799122"", ""180417908"", ""63293833"", ""179670037"", ""119746964""]"
none_subset,1,114171691,103676177,4,27,0,0,0,0,1,1,"[""74573249"", ""192906971"", ""198909677"", ""172943291"", ""144907575"", ""137677513"", ""208901976"", ""194643860"", ""172884595"", ""213491115""]"
none_subset,1,218740346,203796300,57,375,0,0,0,0,0,0,"[""213078674"", ""195530334"", ""211403205"", ""165031640"", ""163040624"", ""195892056"", ""179051816"", ""203550692"", ""210672605"", ""215562071""]"
none_subset,1,156463248,133945472,64,101,0,0,0,0,0,0,"[""146365324"", ""131569653"", ""118462041"", ""145930227"", ""102679360"", ""130981735"", ""148413683"", ""36489753"", ""193135598"", ""83781866""]"
none_subset,1,174497388,118684332,46,4,0,0,1,1,1,1,"[""172509742"", ""114442083"", ""85083810"", ""118684332"", ""152531642"", ""176834459"", ""152763272"", ""151203538"", ""174549866"", ""169636588""]"
none_subset,1,200633853,153429397,46,197,0,0,0,0,0,0,"[""210880528"", ""201461152"", ""79523323"", ""194051265"", ""124997135"", ""75717953"", ""130390168"", ""134011279"", ""51932653"", ""162783785""]"
none_subset,1,224648107,180243968,37,301,0,0,0,0,0,0,"[""117685268"", ""210025924"", ""197844035"", ""209286799"", ""183519446"", ""211804795"", ""211987844"", ""177838111"", ""193730114"", ""208141913""]"
none_subset,1,146987378,114095793,38,194,0,0,0,0,0,0,"[""211428575"", ""157714512"", ""127107925"", ""129594031"", ""176971005"", ""145998937"", ""117484080"", ""213648542"", ""192191594"", ""89552272""]"
none_subset,1,63414595,66064117,37,69,0,0,0,0,0,0,"[""120040052"", ""53410176"", ""45171964"", ""70624061"", ""105224939"", ""21114364"", ""187819119"", ""138020902"", ""214129979"", ""14688074""]"
none_subset,1,206561203,177758562,57,1720,0,0,0,0,0,0,"[""213078674"", ""211430629"", ""205695720"", ""53934345"", ""204395145"", ""210054785"", ""128942017"", ""124638694"", ""62499030"", ""53934337""]"
none_subset,1,215076467,196176687,4,21,0,0,0,0,1,1,"[""190594964"", ""153111279"", ""190091385"", ""191909632"", ""192314331"", ""200963858"", ""199780246"", ""200963901"", ""191509023"", ""201454668""]"
none_subset,1,192505330,158737000,43,1810,0,0,0,0,0,0,"[""173813681"", ""91477618"", ""127203559"", ""144080652"", ""127635452"", ""181167814"", ""49526180"", ""165082890"", ""115230082"", ""99992649""]"
none_subset,1,81575274,77395625,37,111,0,0,0,0,0,0,"[""109130798"", ""64708093"", ""169674639"", ""58893791"", ""143171406"", ""65632680"", ""213026576"", ""139568210"", ""189381669"", ""5322119""]"
none_subset,1,224931522,202222440,37,2124,0,0,0,0,0,0,"[""82961419"", ""131581832"", ""194670256"", ""82620936"", ""207481345"", ""151688576"", ""212776036"", ""193679263"", ""136896781"", ""158689026""]"
none_subset,1,223744284,204065707,46,1065,0,0,0,0,0,0,"[""167424905"", ""210836993"", ""193512680"", ""199718807"", ""201507987"", ""171578170"", ""211871274"", ""102764457"", ""168394424"", ""133780489""]"
none_subset,1,137503904,120852733,4,354,0,0,0,0,0,0,"[""138975756"", ""12396291"", ""183670529"", ""181715447"", ""140998592"", ""156103241"", ""149759096"", ""130299986"", ""147422442"", ""117471262""]"
none_subset,1,58738507,63874499,62,1182,0,0,0,0,0,0,"[""86857938"", ""48622006"", ""114525243"", ""60969101"", ""77177472"", ""71186483"", ""186943676"", ""188189839"", ""191616356"", ""9716999""]"
none_subset,1,182463231,135449877,62,32,0,0,0,0,0,1,"[""91550082"", ""176645947"", ""204100209"", ""207078341"", ""67295737"", ""178836137"", ""134905481"", ""99563204"", ""151308081"", ""180167452""]"
none_subset,1,223150160,211861394,62,223,0,0,0,0,0,0,"[""204577887"", ""211070786"", ""213858912"", ""191211417"", ""196478095"", ""212412503"", ""191313815"", ""192447937"", ""193453139"", ""206664307""]"
none_subset,1,215706482,197749060,57,362,0,0,0,0,0,0,"[""187760067"", ""211212706"", ""188061782"", ""211144549"", ""190887402"", ""208164156"", ""211954295"", ""210472448"", ""209082310"", ""208607384""]"
none_subset,1,93265539,88157034,37,75,0,0,0,0,0,0,"[""143764294"", ""197603112"", ""194551250"", ""156934315"", ""177094485"", ""189064377"", ""192307803"", ""197393743"", ""153205116"", ""166075041""]"
none_subset,1,213568136,171846733,46,36,0,0,0,0,0,1,"[""78094109"", ""182917310"", ""176647062"", ""202480156"", ""180829317"", ""172250706"", ""205233162"", ""155950947"", ""12880586"", ""203778148""]"
none_subset,1,216009257,193863080,62,18,0,0,0,0,1,1,"[""63766469"", ""161141246"", ""167732430"", ""196330438"", ""149630477"", ""120889247"", ""173383036"", ""196877312"", ""60093528"", ""141274480""]"
none_subset,1,224303341,207753535,43,2758,0,0,0,0,0,0,"[""205287113"", ""147179804"", ""54164127"", ""39344788"", ""211406045"", ""89731710"", ""182659353"", ""173981684"", ""57715433"", ""27781370""]"
none_subset,1,224902411,210573149,4,502,0,0,0,0,0,0,"[""213483179"", ""208849613"", ""212682868"", ""210550451"", ""206636227"", ""213229652"", ""188605425"", ""194160187"", ""167623478"", ""203466268""]"
none_subset,1,222775590,191591466,4,95,0,0,0,0,0,0,"[""182575686"", ""200468822"", ""183018658"", ""103984598"", ""167074809"", ""209855726"", ""203390748"", ""197547141"", ""160780126"", ""168463453""]"
none_subset,1,221524461,203173810,46,1461,0,0,0,0,0,0,"[""210393362"", ""141583383"", ""210498357"", ""161757619"", ""135605303"", ""207380596"", ""167468839"", ""76370473"", ""212106766"", ""208171217""]"
none_subset,1,208839124,182575686,4,194,0,0,0,0,0,0,"[""205789625"", ""182903930"", ""209665990"", ""104674345"", ""197475541"", ""144889470"", ""187408602"", ""171902128"", ""193589374"", ""200820966""]"
none_subset,1,213044579,193010516,64,21,0,0,0,0,1,1,"[""197129998"", ""137648602"", ""146928282"", ""192611577"", ""192249642"", ""156686105"", ""181352764"", ""183737495"", ""207331867"", ""56376408""]"
none_subset,1,213620432,194289010,62,7,0,0,0,1,1,1,"[""205736250"", ""160036757"", ""193664557"", ""121524691"", ""165955561"", ""202627342"", ""194289010"", ""194590921"", ""160871092"", ""213066001""]"
none_subset,1,216313910,199469789,43,157,0,0,0,0,0,0,"[""211582481"", ""201213450"", ""194022987"", ""210822887"", ""191629352"", ""187215484"", ""196286515"", ""180428174"", ""156536547"", ""136773099""]"
none_subset,1,171114203,143386642,37,254,0,0,0,0,0,0,"[""162828442"", ""136711963"", ""205430382"", ""209034394"", ""203527914"", ""179242738"", ""79464358"", ""60946553"", ""145639775"", ""161497472""]"
none_subset,1,136207895,114573844,4,315,0,0,0,0,0,0,"[""124893597"", ""185262753"", ""180567795"", ""117771611"", ""63030233"", ""130299986"", ""191561303"", ""143548483"", ""89332658"", ""43073275""]"
none_subset,1,179696580,145696871,37,1964,0,0,0,0,0,0,"[""127604369"", ""126554078"", ""147751334"", ""205911104"", ""158117230"", ""118291817"", ""212782587"", ""183978577"", ""170350787"", ""156943771""]"
none_subset,1,174146464,134507863,43,1190,0,0,0,0,0,0,"[""87153277"", ""136108747"", ""154791746"", ""65223002"", ""154237024"", ""120630424"", ""162770121"", ""61417559"", ""207129670"", ""59841256""]"
none_subset,1,222424665,210872833,57,1031,0,0,0,0,0,0,"[""199513063"", ""213367417"", ""209164856"", ""213406997"", ""205321546"", ""202223376"", ""187635232"", ""184945351"", ""145955425"", ""208636482""]"
none_subset,1,187546279,157092256,4,7,0,0,0,1,1,1,"[""141440077"", ""160188245"", ""182893664"", ""150204940"", ""100901027"", ""113199812"", ""157092256"", ""190777107"", ""73118528"", ""154473913""]"
none_subset,1,222676347,206933046,46,257,0,0,0,0,0,0,"[""195720861"", ""136265350"", ""105346807"", ""160673739"", ""204899704"", ""177962710"", ""105074956"", ""214251597"", ""170958662"", ""176672668""]"
none_subset,1,157005142,115668354,37,251,0,0,0,0,0,0,"[""208174544"", ""188994423"", ""171761243"", ""193335758"", ""209154292"", ""192456013"", ""156606418"", ""208935536"", ""143179563"", ""129693057""]"
none_subset,1,215615257,188378620,64,213,0,0,0,0,0,0,"[""134312075"", ""83781866"", ""155340912"", ""155708697"", ""108773457"", ""195094992"", ""90790862"", ""162587856"", ""205920501"", ""118462041""]"
none_subset,1,194695906,158536496,38,259,0,0,0,0,0,0,"[""63839835"", ""145768091"", ""136444097"", ""93265631"", ""73148680"", ""140030159"", ""133009681"", ""111176154"", ""125496594"", ""106807276""]"
none_subset,1,203432482,169554913,37,233,0,0,0,0,0,0,"[""148752102"", ""146962916"", ""162372195"", ""199925635"", ""96678439"", ""198753304"", ""185112282"", ""155851122"", ""113913524"", ""163348531""]"
none_subset,1,123321721,101119653,43,112,0,0,0,0,0,0,"[""162612749"", ""114163759"", ""74204224"", ""207656544"", ""103982740"", ""201409854"", ""204358109"", ""98114179"", ""144764622"", ""215347381""]"
none_subset,1,210174249,188362913,38,65,0,0,0,0,0,0,"[""191703078"", ""209590588"", ""202818877"", ""209921939"", ""182369007"", ""200085691"", ""20918033"", ""151217202"", ""151108044"", ""211269026""]"
none_subset,1,171136752,143395225,62,179,0,0,0,0,0,0,"[""97195771"", ""153978341"", ""189107795"", ""101903881"", ""124381580"", ""117835777"", ""193710073"", ""153923303"", ""135590435"", ""99563204""]"
none_subset,1,191817060,153434097,57,1794,0,0,0,0,0,0,"[""213367417"", ""152187673"", ""199513063"", ""209048371"", ""177340550"", ""207769586"", ""185245568"", ""208772517"", ""194409455"", ""201838256""]"
none_subset,1,17919319,16824274,46,494,0,0,0,0,0,0,"[""165803311"", ""158038948"", ""167280596"", ""206204582"", ""204237929"", ""65618657"", ""125521100"", ""114535587"", ""201405465"", ""104767223""]"
none_subset,1,198846780,116370931,64,738,0,0,0,0,0,0,"[""173661276"", ""183013744"", ""172741180"", ""123768518"", ""98960696"", ""34666160"", ""130601909"", ""146444401"", ""200026497"", ""61063233""]"
none_subset,1,205542152,137027698,43,541,0,0,0,0,0,0,"[""210273616"", ""156395019"", ""204884209"", ""50463859"", ""39026970"", ""166344121"", ""162384225"", ""137771001"", ""190114151"", ""16668651""]"
none_subset,1,213895353,187545617,37,201,0,0,0,0,0,0,"[""194297564"", ""147023317"", ""198598972"", ""126447640"", ""169770537"", ""182444653"", ""167076559"", ""140618489"", ""70073223"", ""110655675""]"
none_subset,1,138735048,111956915,46,543,0,0,0,0,0,0,"[""62458353"", ""205030690"", ""136554419"", ""188529439"", ""64234906"", ""126613385"", ""134848823"", ""193559506"", ""20488883"", ""59914246""]"
none_subset,1,220388911,50337874,4,201,0,0,0,0,0,0,"[""197860156"", ""186934020"", ""145084686"", ""179140612"", ""155870634"", ""152350533"", ""114573844"", ""161499533"", ""155621693"", ""204210360""]"
none_subset,1,142819550,123163900,37,530,0,0,0,0,0,0,"[""192387012"", ""17206468"", ""43972733"", ""65584321"", ""192597928"", ""126929630"", ""200025016"", ""155926657"", ""161091370"", ""152140191""]"
none_subset,1,176254517,147824545,64,626,0,0,0,0,0,0,"[""200451748"", ""95857401"", ""76186918"", ""107218617"", ""124531646"", ""153787356"", ""191638507"", ""199435154"", ""119754943"", ""70939079""]"
none_subset,1,206097907,175934053,37,565,0,0,0,0,0,0,"[""81213674"", ""178545557"", ""189822829"", ""199925635"", ""188452877"", ""182501762"", ""198753304"", ""168964563"", ""195462928"", ""212035633""]"
none_subset,1,56711007,58216709,4,17,0,0,0,0,1,1,"[""202029081"", ""133966108"", ""211428834"", ""126589900"", ""210957829"", ""142538361"", ""207095845"", ""157610724"", ""210498460"", ""91314033""]"
none_subset,1,206210724,84800476,4,746,0,0,0,0,0,0,"[""164634484"", ""201829388"", ""212792058"", ""176007653"", ""209746798"", ""206301985"", ""30383831"", ""208055757"", ""199802363"", ""149460710""]"
none_subset,1,149191479,128399228,38,743,0,0,0,0,0,0,"[""173428109"", ""169021759"", ""161174151"", ""128022775"", ""79372963"", ""192654276"", ""180386955"", ""91690080"", ""203702170"", ""207100353""]"
none_subset,1,220047744,103930898,64,2369,0,0,0,0,0,0,"[""170416318"", ""193722885"", ""138803213"", ""192206705"", ""73787680"", ""125561073"", ""167162825"", ""140616698"", ""211775630"", ""211967324""]"
none_subset,1,194785620,165237646,43,157,0,0,0,0,0,0,"[""166344121"", ""166186965"", ""208008027"", ""139961406"", ""108684069"", ""125536521"", ""183640029"", ""206599153"", ""171798974"", ""164461764""]"
none_subset,1,218749582,200169558,46,499,0,0,0,0,0,0,"[""108217259"", ""109629224"", ""144185503"", ""143484748"", ""204316129"", ""173278868"", ""168865619"", ""78631092"", ""78390422"", ""137353337""]"
none_subset,1,165838982,127997699,46,337,0,0,0,0,0,0,"[""110700672"", ""121735540"", ""175049394"", ""79086260"", ""150742725"", ""104330915"", ""78570599"", ""108786028"", ""167030946"", ""170560461""]"
none_subset,1,224920334,200087166,4,613,0,0,0,0,0,0,"[""209791493"", ""145698626"", ""180940683"", ""191561303"", ""164449645"", ""141714724"", ""144251877"", ""191096738"", ""113622434"", ""147751136""]"
none_subset,1,205468200,178716548,4,669,0,0,0,0,0,0,"[""164449645"", ""117771611"", ""179909533"", ""141714724"", ""181699642"", ""185262753"", ""103497899"", ""147751136"", ""137677513"", ""168224067""]"
none_subset,1,215148558,194797723,38,10,0,0,0,1,1,1,"[""190384477"", ""120501914"", ""192920732"", ""202126935"", ""209925991"", ""200734713"", ""130737214"", ""200592659"", ""195402979"", ""194797723""]"
none_subset,1,124923191,109509000,38,2694,0,0,0,0,0,0,"[""123704552"", ""144261984"", ""207422358"", ""157714512"", ""117484080"", ""211427284"", ""202987035"", ""128022775"", ""142398566"", ""171108508""]"
none_subset,1,215578096,190043031,64,17,0,0,0,0,1,1,"[""60032340"", ""80281524"", ""188820923"", ""181619566"", ""98960696"", ""212305293"", ""124198714"", ""158889653"", ""144358079"", ""109378796""]"
none_subset,1,75789381,77710495,43,812,0,0,0,0,0,0,"[""88426427"", ""169219606"", ""138011937"", ""173407949"", ""49195232"", ""183279101"", ""185344932"", ""75771817"", ""124759667"", ""59458719""]"
none_subset,1,203230137,137020533,62,970,0,0,0,0,0,0,"[""73906788"", ""173383036"", ""141274480"", ""70799922"", ""52020678"", ""190955120"", ""123768656"", ""118002181"", ""56305255"", ""194354704""]"
none_subset,1,46116158,52577956,62,35,0,0,0,0,0,1,"[""153895442"", ""141261014"", ""180256255"", ""144049941"", ""210941490"", ""127762374"", ""148066008"", ""147947330"", ""68090031"", ""130664372""]"
none_subset,1,177136537,149390857,4,1031,0,0,0,0,0,0,"[""154727199"", ""93467050"", ""182763611"", ""140966958"", ""183670529"", ""100087840"", ""71990231"", ""65093644"", ""64864978"", ""165904972""]"
none_subset,1,221669084,193072604,64,2134,0,0,0,0,0,0,"[""164183551"", ""126992314"", ""168633758"", ""153490486"", ""72527056"", ""105928549"", ""148414231"", ""156912710"", ""196466213"", ""161581546""]"
none_subset,1,212041382,191701817,37,191,0,0,0,0,0,0,"[""100843460"", ""195296935"", ""56675511"", ""187719393"", ""94966858"", ""64645018"", ""147435678"", ""116240817"", ""206412545"", ""196563012""]"
none_subset,1,219471274,197859726,46,13,0,0,0,0,1,1,"[""170654653"", ""113497361"", ""77408378"", ""145094112"", ""207664468"", ""171974189"", ""205325118"", ""197949897"", ""143484748"", ""202794672""]"
none_subset,1,128080603,113230194,46,35,0,0,0,0,0,1,"[""134691092"", ""120963350"", ""29622301"", ""194722209"", ""99908438"", ""137150022"", ""207470239"", ""212546063"", ""100946720"", ""93024322""]"
none_subset,1,186907914,156087601,43,515,0,0,0,0,0,0,"[""143371562"", ""100333045"", ""127047625"", ""204449585"", ""159960194"", ""74830022"", ""126702260"", ""178276896"", ""116750362"", ""193103331""]"
none_subset,1,203265984,104638861,46,2,0,1,1,1,1,1,"[""78490755"", ""104638861"", ""208905537"", ""172681042"", ""114442083"", ""160764333"", ""145051595"", ""120233208"", ""186888123"", ""54576315""]"
none_subset,1,168179706,140057420,37,17,0,0,0,0,1,1,"[""182489418"", ""151240773"", ""164698393"", ""127586489"", ""149828994"", ""196169860"", ""146527115"", ""205214483"", ""213062456"", ""164221751""]"
none_subset,1,225219059,215377527,46,168,0,0,0,0,0,0,"[""145210755"", ""205233162"", ""202822668"", ""204540006"", ""207134724"", ""205019069"", ""212118911"", ""169495520"", ""213482572"", ""204633518""]"
none_subset,1,190303380,143805569,37,32,0,0,0,0,0,1,"[""93714502"", ""103057199"", ""101318206"", ""152140191"", ""162095481"", ""186713888"", ""39048064"", ""154182019"", ""201252808"", ""200025016""]"
none_subset,1,59639212,58507091,64,164,0,0,0,0,0,0,"[""111626622"", ""148445574"", ""48108527"", ""22233025"", ""107088593"", ""128898155"", ""143686140"", ""184581147"", ""67792301"", ""150507317""]"
none_subset,1,194672002,165611039,38,1288,0,0,0,0,0,0,"[""198468875"", ""8550716"", ""121564255"", ""138975231"", ""205623617"", ""92748634"", ""163646287"", ""19375583"", ""123190192"", ""209347465""]"
none_subset,1,198979809,209736403,37,1302,0,0,0,0,0,0,"[""51981897"", ""210502009"", ""144803619"", ""134365702"", ""194408004"", ""187837794"", ""174854812"", ""186828113"", ""158649481"", ""168286486""]"
none_subset,1,20008520,18136094,64,20,0,0,0,0,1,1,"[""148414231"", ""103416735"", ""211475437"", ""148979593"", ""201341623"", ""204732209"", ""212293169"", ""193135598"", ""7771724"", ""119531435""]"
none_subset,1,221245643,206967157,46,534,0,0,0,0,0,0,"[""211762574"", ""206204582"", ""112985650"", ""168398015"", ""204100293"", ""70629074"", ""211540948"", ""153459843"", ""207544514"", ""214729100""]"
none_subset,1,164872875,135720410,4,57,0,0,0,0,0,0,"[""141475879"", ""164194074"", ""203735859"", ""214085481"", ""138056332"", ""105174719"", ""133966108"", ""132746271"", ""112914230"", ""110925434""]"
none_subset,1,215142560,106188623,4,41,0,0,0,0,0,1,"[""148281605"", ""158607543"", ""124893597"", ""167104684"", ""65403002"", ""154708788"", ""144264277"", ""159049760"", ""119348277"", ""117525845""]"
none_subset,1,224121102,213467226,46,179,0,0,0,0,0,0,"[""206453483"", ""213191579"", ""108060129"", ""109531052"", ""209279100"", ""109632736"", ""202027223"", ""159369178"", ""82753953"", ""177368586""]"
none_subset,1,224931869,139398347,43,295,0,0,0,0,0,0,"[""211988888"", ""183703868"", ""161591199"", ""182972054"", ""189165560"", ""198499155"", ""180951430"", ""128249636"", ""186098084"", ""196757300""]"
none_subset,1,138153661,118659816,38,184,0,0,0,0,0,0,"[""186580987"", ""63839835"", ""151407481"", ""208718442"", ""111184822"", ""177165475"", ""81220432"", ""98526198"", ""119050794"", ""25706087""]"
none_subset,1,225280861,215580451,4,56,0,0,0,0,0,0,"[""193481695"", ""210550451"", ""188605425"", ""187257731"", ""197090565"", ""215237393"", ""208780104"", ""203466268"", ""196026500"", ""194160187""]"
none_subset,1,211607484,191030106,37,483,0,0,0,0,0,0,"[""195296935"", ""215022412"", ""206412545"", ""190316113"", ""196862128"", ""210226726"", ""207413817"", ""147435678"", ""191036451"", ""191137542""]"
none_subset,1,214872752,188240250,37,47,0,0,0,0,0,1,"[""187043151"", ""185636932"", ""178992708"", ""202778075"", ""71957357"", ""96256428"", ""178961164"", ""45171964"", ""189485130"", ""205943306""]"
none_subset,1,221635544,209508182,38,157,0,0,0,0,0,0,"[""188800913"", ""138015580"", ""213565228"", ""208393437"", ""177206358"", ""124780154"", ""159655041"", ""149533051"", ""136445502"", ""78529743""]"
none_subset,1,224935803,191574147,43,2879,0,0,0,0,0,0,"[""173446014"", ""207851646"", ""204570694"", ""1704333"", ""117448343"", ""185196782"", ""188810945"", ""155678818"", ""163980868"", ""67021588""]"
none_subset,1,184494990,155791307,38,312,0,0,0,0,0,0,"[""98477697"", ""202803035"", ""196947068"", ""158453764"", ""129362879"", ""73926583"", ""198708319"", ""133939663"", ""194116496"", ""124845859""]"
none_subset,1,223224423,211792770,46,333,0,0,0,0,0,0,"[""213054921"", ""213805109"", ""213482572"", ""167644413"", ""212905783"", ""203915067"", ""206587012"", ""186568176"", ""143077183"", ""202771850""]"
none_subset,1,195193571,118558747,62,25,0,0,0,0,1,1,"[""196037781"", ""80344615"", ""125139076"", ""112033521"", ""46137767"", ""176841734"", ""42940692"", ""210326667"", ""144080444"", ""149386623""]"
none_subset,1,190923476,161414922,64,149,0,0,0,0,0,0,"[""125561073"", ""138803213"", ""60032340"", ""148414231"", ""179015555"", ""153356810"", ""109321941"", ""193298062"", ""115848580"", ""136385009""]"
none_subset,1,220419002,185423354,62,801,0,0,0,0,0,0,"[""191313815"", ""201947888"", ""192772205"", ""191982155"", ""185960732"", ""209163264"", ""200028211"", ""133065519"", ""208938354"", ""211873711""]"
none_subset,1,209600686,186417621,64,83,0,0,0,0,0,0,"[""181214144"", ""209790439"", ""187708913"", ""201421429"", ""147984435"", ""183213131"", ""74162951"", ""79234720"", ""186761660"", ""144339648""]"
none_subset,1,200589311,169485140,46,119,0,0,0,0,0,0,"[""168394424"", ""198812571"", ""58408382"", ""194733810"", ""158101824"", ""163711006"", ""58540862"", ""141321618"", ""153467283"", ""158115780""]"
none_subset,1,183620915,176740233,43,89,0,0,0,0,0,0,"[""120630424"", ""130448492"", ""163095786"", ""132707717"", ""181167814"", ""29596208"", ""192247862"", ""49833634"", ""214876955"", ""178425205""]"
none_subset,1,189803385,161290599,38,16,0,0,0,0,1,1,"[""195402979"", ""183183123"", ""190384477"", ""123008289"", ""183915016"", ""120501914"", ""204948467"", ""123207683"", ""135905491"", ""36930305""]"
none_subset,1,175625019,146495081,64,232,0,0,0,0,0,0,"[""128085943"", ""65008714"", ""95788322"", ""95779860"", ""70607335"", ""179210556"", ""65487267"", ""156766484"", ""64566466"", ""211980241""]"
none_subset,1,224707840,211170368,37,56,0,0,0,0,0,0,"[""159707679"", ""184071121"", ""147947722"", ""135737708"", ""120041856"", ""148067653"", ""182681465"", ""149676779"", ""104934863"", ""194030924""]"
none_subset,1,218859422,198349568,38,1217,0,0,0,0,0,0,"[""56367133"", ""68644542"", ""171909035"", ""161002473"", ""125547696"", ""86894062"", ""64397678"", ""155788187"", ""147335135"", ""170448238""]"
none_subset,1,178864787,139821056,4,2687,0,0,0,0,0,0,"[""22766945"", ""146961197"", ""113622434"", ""137934343"", ""88119764"", ""213979278"", ""100007550"", ""156901917"", ""147725816"", ""126889201""]"
none_subset,1,159196095,137589971,38,1496,0,0,0,0,0,0,"[""156424467"", ""23348079"", ""189643684"", ""191371664"", ""113398847"", ""158784944"", ""130075591"", ""2578071"", ""127753885"", ""81220432""]"
none_subset,1,174481946,135983837,64,617,0,0,0,0,0,0,"[""111165071"", ""148413683"", ""139261502"", ""181874277"", ""157190922"", ""181449339"", ""189365972"", ""103614032"", ""126295674"", ""20739628""]"
none_subset,1,188815807,160741998,64,118,0,0,0,0,0,0,"[""162665168"", ""123694415"", ""149506115"", ""183213131"", ""209790439"", ""19607163"", ""63965447"", ""191629980"", ""187708913"", ""212566497""]"
none_subset,1,225059708,156966555,64,23,0,0,0,0,1,1,"[""141938100"", ""208465437"", ""179784406"", ""86356781"", ""136038725"", ""111818131"", ""193467710"", ""62987671"", ""74256345"", ""1943884""]"
none_subset,1,223811539,213229652,4,10,0,0,0,1,1,1,"[""213307240"", ""180074203"", ""208397174"", ""210309601"", ""198087841"", ""213275113"", ""211608400"", ""215675334"", ""164130570"", ""213229652""]"
none_subset,1,218503876,199802363,4,844,0,0,0,0,0,0,"[""210958855"", ""190594964"", ""196167891"", ""160260159"", ""192316575"", ""199777290"", ""182183775"", ""123419520"", ""160129846"", ""210550451""]"
none_subset,1,86819271,73207881,38,403,0,0,0,0,0,0,"[""67142038"", ""73438643"", ""58199619"", ""194245127"", ""151856683"", ""176455982"", ""121550726"", ""64528586"", ""92748634"", ""204092180""]"
none_subset,1,108034580,99234253,43,193,0,0,0,0,0,0,"[""163980868"", ""114124021"", ""198700213"", ""118484592"", ""157034330"", ""183687457"", ""207851646"", ""153170041"", ""159816013"", ""129743380""]"
none_subset,1,220766464,180748130,4,89,0,0,0,0,0,0,"[""138898252"", ""166973027"", ""74691545"", ""78396407"", ""207833813"", ""102201495"", ""58216709"", ""32014424"", ""195751201"", ""199478511""]"
none_subset,1,177244963,141989738,4,5,0,0,1,1,1,1,"[""113622434"", ""164449645"", ""201066421"", ""100007550"", ""141989738"", ""141714724"", ""137934343"", ""156901917"", ""144067777"", ""147751136""]"
none_subset,1,54600790,60869518,64,921,0,0,0,0,0,0,"[""172848022"", ""57067226"", ""142012440"", ""187033175"", ""103313660"", ""46094230"", ""101587118"", ""162052544"", ""63861102"", ""24351090""]"
none_subset,1,189883702,156772383,64,935,0,0,0,0,0,0,"[""148413683"", ""146365324"", ""170141541"", ""32259102"", ""131569653"", ""211486542"", ""102679360"", ""30343221"", ""130981735"", ""171087236""]"
none_subset,1,222647320,173858556,4,1301,0,0,0,0,0,0,"[""202119489"", ""194734151"", ""141153033"", ""122965096"", ""136187384"", ""201428236"", ""201224926"", ""199802363"", ""6658108"", ""129815138""]"
none_subset,1,55766439,57450040,37,299,0,0,0,0,0,0,"[""152140191"", ""192597928"", ""182254392"", ""93714502"", ""17206468"", ""158117230"", ""156884960"", ""178053573"", ""192387012"", ""125097939""]"
none_subset,1,219166202,46376130,43,3,0,1,1,1,1,1,"[""205947664"", ""103982740"", ""46376130"", ""166708862"", ""203191672"", ""111074216"", ""52562409"", ""212418882"", ""207792788"", ""162612749""]"
none_subset,1,206154287,180219456,37,314,0,0,0,0,0,0,"[""170350787"", ""213026576"", ""151964729"", ""188550286"", ""190113798"", ""207986094"", ""63368910"", ""182875637"", ""27598325"", ""132837482""]"
none_subset,1,218578178,203829614,37,13,0,0,0,0,1,1,"[""201276299"", ""201561139"", ""193608318"", ""166041429"", ""201660893"", ""192227530"", ""85275000"", ""207544886"", ""209386603"", ""196714939""]"
none_subset,1,214672236,193517327,57,169,0,0,0,0,0,0,"[""205451286"", ""211785457"", ""211007808"", ""107527374"", ""176076288"", ""20283767"", ""165674944"", ""177164990"", ""160823099"", ""206553898""]"
none_subset,1,223831619,211890068,38,325,0,0,0,0,0,0,"[""8550716"", ""188362913"", ""61517646"", ""81220432"", ""117565422"", ""158600836"", ""192721742"", ""192587307"", ""19375583"", ""73148680""]"
none_subset,1,207026097,174693297,37,1468,0,0,0,0,0,0,"[""136371572"", ""207073486"", ""150887352"", ""183285169"", ""161346953"", ""195375302"", ""187761375"", ""172603509"", ""119443780"", ""126794514""]"
none_subset,1,225052795,211664992,4,6,0,0,0,1,1,1,"[""193007590"", ""146976388"", ""164936492"", ""108342269"", ""9924656"", ""211664992"", ""165023261"", ""164756819"", ""53541477"", ""161086623""]"
none_subset,1,222713645,203487722,43,27,0,0,0,0,1,1,"[""197607322"", ""164476094"", ""186549940"", ""71803254"", ""120122284"", ""197607286"", ""203668670"", ""174103954"", ""193045333"", ""207549172""]"
none_subset,1,222415662,199473731,57,374,0,0,0,0,0,0,"[""204417143"", ""207769586"", ""131667486"", ""205016601"", ""206545534"", ""138406659"", ""12178696"", ""15346485"", ""196862956"", ""194409455""]"
none_subset,1,180823466,127322167,38,850,0,0,0,0,0,0,"[""113999751"", ""85120764"", ""151407481"", ""94336615"", ""98969149"", ""81511985"", ""106812535"", ""145017930"", ""73525493"", ""73148680""]"
none_subset,1,120776482,85372384,57,38,0,0,0,0,0,1,"[""150670825"", ""52718700"", ""188514510"", ""141707543"", ""124098501"", ""141728487"", ""11488289"", ""173807681"", ""185549618"", ""191197833""]"
none_subset,1,78736115,48004410,62,231,0,0,0,0,0,0,"[""21766299"", ""142232671"", ""144182128"", ""101812507"", ""114374574"", ""168753901"", ""208636440"", ""212503126"", ""130924897"", ""212966939""]"
none_subset,1,197566809,171039103,37,419,0,0,0,0,0,0,"[""172288418"", ""169257920"", ""210082244"", ""178106114"", ""160185355"", ""210467440"", ""211215773"", ""105239094"", ""141739385"", ""205773422""]"
none_subset,1,196560587,121588049,57,3,0,1,1,1,1,1,"[""124876040"", ""132146813"", ""121588049"", ""110518281"", ""176333656"", ""120014593"", ""168248481"", ""157221850"", ""134951042"", ""99330965""]"
none_subset,1,191989168,149271505,38,296,0,0,0,0,0,0,"[""199278829"", ""188974237"", ""194385606"", ""69582250"", ""203228550"", ""191870766"", ""191440222"", ""209347465"", ""140138816"", ""191338884""]"
none_subset,1,220756944,207623765,4,1771,0,0,0,0,0,0,"[""205600080"", ""197090565"", ""182581077"", ""181054833"", ""187600900"", ""209124215"", ""201657691"", ""192473388"", ""194160187"", ""183509496""]"
none_subset,1,222970732,211768590,57,446,0,0,0,0,0,0,"[""122751221"", ""208750964"", ""178239143"", ""204078453"", ""191197833"", ""145031350"", ""172159848"", ""202934090"", ""173789393"", ""134533948""]"
none_subset,1,205703486,168521754,4,617,0,0,0,0,0,0,"[""187502252"", ""211850911"", ""86432598"", ""138439770"", ""158546701"", ""199019716"", ""207098872"", ""190530648"", ""215222519"", ""201224926""]"
none_subset,1,41178274,57231571,37,1972,0,0,0,0,0,0,"[""172603509"", ""33066220"", ""164141851"", ""139391729"", ""23924949"", ""51749408"", ""80433944"", ""37024390"", ""188918346"", ""167262748""]"
none_subset,1,151923040,130295558,64,387,0,0,0,0,0,0,"[""46094230"", ""115988300"", ""146630451"", ""148414231"", ""153356810"", ""80281524"", ""201421429"", ""25588585"", ""147984435"", ""116088383""]"
none_subset,1,211406975,165689945,43,409,0,0,0,0,0,0,"[""202216480"", ""102049448"", ""178819152"", ""198078019"", ""197195883"", ""89809066"", ""67363507"", ""175374033"", ""202567733"", ""91124875""]"
none_subset,1,225332179,209312269,62,1145,0,0,0,0,0,0,"[""171171258"", ""168067824"", ""144182128"", ""66544323"", ""11666277"", ""60239293"", ""177494592"", ""150945055"", ""70069885"", ""160003240""]"
none_subset,1,210265450,165354631,46,2096,0,0,0,0,0,0,"[""97623791"", ""108322993"", ""192859823"", ""84422038"", ""162885486"", ""76538488"", ""116576279"", ""110700672"", ""71898794"", ""213054921""]"
none_subset,1,224587798,138353042,38,81,0,0,0,0,0,0,"[""206925334"", ""145693634"", ""162629010"", ""113398847"", ""156424467"", ""130168090"", ""123190192"", ""96543639"", ""23348079"", ""158493521""]"
none_subset,1,218641593,191313815,62,7,0,0,0,1,1,1,"[""204577887"", ""211070786"", ""212412503"", ""189968625"", ""204721492"", ""196478095"", ""191313815"", ""194031762"", ""191604760"", ""215517289""]"
none_subset,1,63582428,61415611,38,1452,0,0,0,0,0,0,"[""350786"", ""174530040"", ""120618466"", ""71896485"", ""113999751"", ""118347950"", ""76490987"", ""150396233"", ""93265631"", ""8169319""]"
none_subset,1,225109827,214482135,4,647,0,0,0,0,0,0,"[""210550451"", ""206636227"", ""214357086"", ""194108014"", ""182581077"", ""213483179"", ""194160187"", ""196026500"", ""208780104"", ""210484477""]"
none_subset,1,37267022,18308585,4,5,0,0,1,1,1,1,"[""204147907"", ""186179720"", ""144373105"", ""159922963"", ""18308585"", ""22766945"", ""12396291"", ""164940716"", ""75828042"", ""178305613""]"
none_subset,1,96544155,77929117,4,183,0,0,0,0,0,0,"[""168224067"", ""42043129"", ""180940683"", ""204147907"", ""155870634"", ""133755220"", ""191561303"", ""112209329"", ""185262753"", ""86774130""]"
none_subset,1,170402856,139528880,57,96,0,0,0,0,0,0,"[""161319979"", ""11662473"", ""56924491"", ""193025476"", ""185622297"", ""154961420"", ""100527593"", ""126989970"", ""196245087"", ""143993149""]"
none_subset,1,222568867,211063696,46,61,0,0,0,0,0,0,"[""201436985"", ""212730825"", ""195720861"", ""212680115"", ""177962710"", ""172966334"", ""205545277"", ""213683775"", ""211336503"", ""180426325""]"
none_subset,1,221242787,189821495,4,526,0,0,0,0,0,0,"[""77437367"", ""162888304"", ""206598790"", ""201061935"", ""72044288"", ""170788617"", ""65451395"", ""205322075"", ""70056842"", ""214521847""]"
none_subset,1,211096041,190075149,4,873,0,0,0,0,0,0,"[""199379442"", ""185055320"", ""180575809"", ""201059508"", ""188285916"", ""213319159"", ""210709127"", ""201066059"", ""210871478"", ""140968055""]"
none_subset,1,108131747,44202832,46,560,0,0,0,0,0,0,"[""130390168"", ""118565908"", ""103963518"", ""172035206"", ""131629489"", ""53889109"", ""26599574"", ""166734386"", ""165636439"", ""167116086""]"
none_subset,1,162232999,136320022,46,103,0,0,0,0,0,0,"[""210232040"", ""109632736"", ""210308295"", ""121995083"", ""203173810"", ""82753953"", ""204316129"", ""174530579"", ""171164335"", ""163683734""]"
none_subset,1,13682631,9583876,43,276,0,0,0,0,0,0,"[""6516822"", ""202025930"", ""120597166"", ""123511609"", ""205276629"", ""67909736"", ""157712872"", ""164097777"", ""191583920"", ""207048259""]"
none_subset,1,219666357,191554056,4,113,0,0,0,0,0,0,"[""27693819"", ""190777127"", ""187600900"", ""183755478"", ""190079873"", ""192473388"", ""146781680"", ""194212862"", ""200589462"", ""197294044""]"
none_subset,1,213567134,189737626,37,110,0,0,0,0,0,0,"[""212271042"", ""209128550"", ""191241938"", ""194731784"", ""212172992"", ""201660893"", ""193995538"", ""207544886"", ""151808122"", ""206298544""]"
none_subset,1,184043607,74618421,43,64,0,0,0,0,0,0,"[""155678818"", ""74845533"", ""191363897"", ""102607958"", ""182217673"", ""125529016"", ""207851646"", ""170809412"", ""142505497"", ""125480188""]"
none_subset,1,172414888,136207634,57,2178,0,0,0,0,0,0,"[""147735917"", ""173214220"", ""210965226"", ""137629837"", ""153835333"", ""152130845"", ""176713188"", ""176848473"", ""177390672"", ""205639658""]"
none_subset,1,177318197,149582480,4,71,0,0,0,0,0,0,"[""153223626"", ""191695909"", ""159111889"", ""184087480"", ""151518049"", ""190161584"", ""199942377"", ""200963901"", ""199422802"", ""182060832""]"
none_subset,1,212339777,190906052,37,386,0,0,0,0,0,0,"[""182681465"", ""159707679"", ""194030924"", ""66740441"", ""150887352"", ""144524949"", ""212809765"", ""138020902"", ""120041856"", ""32638462""]"
none_subset,1,206145125,167802783,38,443,0,0,0,0,0,0,"[""29927100"", ""202126935"", ""47264024"", ""195878216"", ""166308838"", ""80627012"", ""183183123"", ""60664338"", ""70243236"", ""173939203""]"
none_subset,1,178886952,151010427,4,115,0,0,0,0,0,0,"[""98076075"", ""210721272"", ""136231548"", ""141488485"", ""122594682"", ""188021776"", ""9766161"", ""156855089"", ""169964707"", ""76515539""]"
none_subset,1,221817837,209852269,4,172,0,0,0,0,0,0,"[""201657691"", ""202571906"", ""196026500"", ""182904703"", ""191316160"", ""183509496"", ""191627911"", ""180843726"", ""187257731"", ""205600080""]"
none_subset,1,223048993,211832428,4,56,0,0,0,0,0,0,"[""201861112"", ""50763598"", ""193577910"", ""77929117"", ""181851794"", ""181068928"", ""207064909"", ""199975894"", ""160780126"", ""119913706""]"
none_subset,1,208991679,186079431,37,200,0,0,0,0,0,0,"[""193730114"", ""201742088"", ""160068637"", ""197633924"", ""191504755"", ""211802210"", ""195744990"", ""188994423"", ""190070434"", ""194884803""]"
none_subset,1,141898377,106878932,43,105,0,0,0,0,0,0,"[""74845533"", ""126121357"", ""73201099"", ""135449802"", ""102691911"", ""102607958"", ""135474915"", ""144080652"", ""99992649"", ""99969429""]"
none_subset,1,197127690,170091134,37,590,0,0,0,0,0,0,"[""142288515"", ""202170903"", ""127482058"", ""199996758"", ""85275000"", ""206895628"", ""212752270"", ""121769331"", ""186270944"", ""91173744""]"
none_subset,1,208419078,156490946,43,120,0,0,0,0,0,0,"[""49130482"", ""208265800"", ""199268133"", ""205605896"", ""213210833"", ""141417624"", ""186403472"", ""147117418"", ""174475381"", ""70425482""]"
none_subset,1,225018841,119926476,37,2004,0,0,0,0,0,0,"[""138622989"", ""161133997"", ""171803364"", ""134438395"", ""154942150"", ""160929058"", ""192913849"", ""85363083"", ""200142647"", ""163655065""]"
none_subset,1,165596897,137389127,64,1232,0,0,0,0,0,0,"[""185413694"", ""200016831"", ""210923456"", ""168355301"", ""76051036"", ""126589451"", ""74866278"", ""44104238"", ""139013046"", ""130094229""]"
none_subset,1,99158135,78794453,4,669,0,0,0,0,0,0,"[""147422442"", ""144373105"", ""156103241"", ""174770035"", ""93370354"", ""151518049"", ""116488063"", ""185660597"", ""172890535"", ""138975756""]"
none_subset,1,215595321,197344850,37,41,0,0,0,0,0,1,"[""173499684"", ""190251047"", ""119121797"", ""207605603"", ""209736185"", ""174772190"", ""184818286"", ""182947250"", ""142288515"", ""208764176""]"
none_subset,1,187656447,159139067,57,1162,0,0,0,0,0,0,"[""122156014"", ""172320000"", ""128512946"", ""31932356"", ""199897240"", ""136519761"", ""110109390"", ""125339147"", ""206552998"", ""206553944""]"
none_subset,1,225288325,215600148,4,417,0,0,0,0,0,0,"[""210484477"", ""210550451"", ""211858811"", ""188605425"", ""198087841"", ""196026500"", ""203466268"", ""194160187"", ""180843726"", ""183690665""]"
none_subset,1,225337078,213493571,37,685,0,0,0,0,0,0,"[""128960957"", ""186986472"", ""141163497"", ""120893128"", ""88534873"", ""8855059"", ""210936933"", ""145396971"", ""196303408"", ""205598786""]"
none_subset,1,138244807,119810553,4,214,0,0,0,0,0,0,"[""191461282"", ""154359018"", ""144264277"", ""158175855"", ""148365289"", ""184009379"", ""129269545"", ""157367139"", ""143852845"", ""147751136""]"
none_subset,1,213283231,165204223,4,438,0,0,0,0,0,0,"[""146627689"", ""114925208"", ""140433001"", ""175596949"", ""141440077"", ""164495014"", ""195242863"", ""173714150"", ""206506678"", ""113199812""]"
none_subset,1,125907639,104715442,43,24,0,0,0,0,1,1,"[""33389792"", ""194761453"", ""198125462"", ""160598030"", ""142593193"", ""98301531"", ""130556843"", ""127486066"", ""139993623"", ""208645724""]"
none_subset,1,154132197,126361288,37,709,0,0,0,0,0,0,"[""76037021"", ""147449459"", ""125674673"", ""17206468"", ""78795109"", ""154888352"", ""148343657"", ""69152666"", ""79621341"", ""161963154""]"
none_subset,1,200051522,173661276,64,301,0,0,0,0,0,0,"[""202548043"", ""208747261"", ""159982314"", ""189535903"", ""192779268"", ""198087057"", ""200033728"", ""210148884"", ""148743441"", ""60869518""]"
none_subset,1,137156791,110050766,37,236,0,0,0,0,0,0,"[""141914395"", ""65632680"", ""5322119"", ""71957357"", ""143826001"", ""185636932"", ""108972219"", ""109130798"", ""64708093"", ""53410176""]"
none_subset,1,208951682,134610044,37,871,0,0,0,0,0,0,"[""145815769"", ""151199532"", ""211554952"", ""196367171"", ""201734577"", ""207694942"", ""96256428"", ""215022412"", ""159574917"", ""118291817""]"
none_subset,1,221947933,177496099,64,42,0,0,0,0,0,1,"[""71813245"", ""162052544"", ""104389677"", ""159688752"", ""68685146"", ""162490169"", ""191629980"", ""142012440"", ""168247151"", ""67677743""]"
none_subset,1,221280470,208171217,46,1349,0,0,0,0,0,0,"[""82753953"", ""59941636"", ""207429949"", ""162647828"", ""104724886"", ""177368586"", ""171164335"", ""210308295"", ""205100337"", ""49933218""]"
none_subset,1,195907696,163513925,4,235,0,0,0,0,0,0,"[""192473388"", ""182361800"", ""187600900"", ""190079873"", ""190789377"", ""190777127"", ""200589462"", ""193729388"", ""194142299"", ""209124215""]"
none_subset,1,192387814,157519336,4,178,0,0,0,0,0,0,"[""144907575"", ""208901976"", ""163349092"", ""147828982"", ""69511407"", ""80097875"", ""56795758"", ""163708754"", ""203130825"", ""192402919""]"
none_subset,1,223289169,211247046,38,645,0,0,0,0,0,0,"[""149533051"", ""177867333"", ""78529743"", ""114004576"", ""151217202"", ""155797300"", ""194555128"", ""40757273"", ""129362879"", ""180179363""]"
none_subset,1,209346461,186900944,4,8,0,0,0,1,1,1,"[""202362364"", ""179140612"", ""76695262"", ""199777290"", ""145583009"", ""187133003"", ""195846870"", ""186900944"", ""186934020"", ""155621693""]"
none_subset,1,139981254,120640755,64,2119,0,0,0,0,0,0,"[""153717696"", ""137648602"", ""181352764"", ""146928282"", ""176570469"", ""203998962"", ""201926731"", ""75216844"", ""192611577"", ""166095870""]"
none_subset,1,182806205,151978785,4,3,0,1,1,1,1,1,"[""69511407"", ""126042350"", ""151978785"", ""190218932"", ""215305148"", ""78396407"", ""214491007"", ""191225749"", ""159567986"", ""206386977""]"
none_subset,1,217278792,201460481,64,68,0,0,0,0,0,0,"[""192779268"", ""183765574"", ""206235020"", ""213362149"", ""148743441"", ""102954014"", ""193943664"", ""195252307"", ""105898966"", ""199310873""]"
none_subset,1,186655930,154156370,43,412,0,0,0,0,0,0,"[""37006900"", ""179127750"", ""130810261"", ""78565510"", ""140231935"", ""6516822"", ""162936044"", ""76296759"", ""49147135"", ""49436485""]"
none_subset,1,162912896,129248142,46,583,0,0,0,0,0,0,"[""208493172"", ""194854155"", ""184612826"", ""167439715"", ""138830136"", ""193874948"", ""137346104"", ""154894212"", ""167383627"", ""139649558""]"
none_subset,1,213352279,153459843,46,237,0,0,0,0,0,0,"[""207645526"", ""193559506"", ""192342929"", ""31105163"", ""161419507"", ""105106630"", ""110900877"", ""100503293"", ""196643554"", ""74403232""]"
none_subset,1,203207980,178106114,37,3,0,1,1,1,1,1,"[""191030106"", ""117685268"", ""178106114"", ""169257920"", ""177427251"", ""203666766"", ""157101149"", ""185411714"", ""206530848"", ""193401439""]"
none_subset,1,161852871,89221384,64,712,0,0,0,0,0,0,"[""28977196"", ""114607994"", ""190043031"", ""187363669"", ""159995787"", ""83985248"", ""152212605"", ""125107187"", ""145779083"", ""79734724""]"
none_subset,1,176716107,148055243,46,173,0,0,0,0,0,0,"[""209744189"", ""82252188"", ""174837469"", ""105775833"", ""209050134"", ""180976440"", ""206506200"", ""167525245"", ""206220197"", ""210837002""]"
none_subset,1,217259739,199287233,37,39,0,0,0,0,0,1,"[""191259466"", ""121097766"", ""196542785"", ""193485768"", ""202782009"", ""187324915"", ""183094359"", ""201561139"", ""209349722"", ""193680819""]"
none_subset,1,56814961,24867932,62,238,0,0,0,0,0,0,"[""128579095"", ""172600056"", ""57769851"", ""207078341"", ""105231780"", ""80026338"", ""181641667"", ""190062367"", ""191614481"", ""110998411""]"
none_subset,1,199732465,168726781,46,1335,0,0,0,0,0,0,"[""195152908"", ""201332278"", ""213731514"", ""138830136"", ""7231598"", ""206204582"", ""206303291"", ""180976440"", ""212264248"", ""177432966""]"
none_subset,1,123506354,100296077,37,146,0,0,0,0,0,0,"[""51138626"", ""193007467"", ""126729562"", ""106487104"", ""173231712"", ""79730026"", ""144129822"", ""62400168"", ""107202977"", ""175339837""]"
none_subset,1,211049728,174478709,46,357,0,0,0,0,0,0,"[""176341449"", ""211677891"", ""214519972"", ""179347666"", ""179633525"", ""136586472"", ""214351472"", ""162792464"", ""171801408"", ""195079694""]"
none_subset,1,217215152,201018364,62,39,0,0,0,0,0,1,"[""160036757"", ""184923506"", ""178530215"", ""121524691"", ""165955561"", ""180448591"", ""152444456"", ""198085989"", ""185851832"", ""201065008""]"
none_subset,1,215896966,198159546,37,174,0,0,0,0,0,0,"[""206298544"", ""194731784"", ""183697536"", ""209128550"", ""164058126"", ""209161669"", ""201328927"", ""212934023"", ""203730564"", ""197238711""]"
none_subset,1,224816259,166840834,64,1045,0,0,0,0,0,0,"[""164183551"", ""183047062"", ""72527056"", ""168633758"", ""152012529"", ""163082716"", ""139178433"", ""152603802"", ""161581546"", ""112345894""]"
none_subset,1,168758608,141126912,62,150,0,0,0,0,0,0,"[""210678182"", ""153923303"", ""203336355"", ""57547838"", ""106557292"", ""76790091"", ""146789147"", ""201321273"", ""160693723"", ""56305255""]"
none_subset,1,224917919,214056529,37,832,0,0,0,0,0,0,"[""208864789"", ""193485768"", ""212381569"", ""191800688"", ""210287080"", ""202022086"", ""213740987"", ""190569345"", ""182193027"", ""212216117""]"
none_subset,1,69007206,70183038,62,333,0,0,0,0,0,0,"[""167375117"", ""75037502"", ""60359990"", ""154422217"", ""120966589"", ""113659126"", ""64334636"", ""73610446"", ""64553393"", ""96381369""]"
none_subset,1,20104654,13940893,46,8,0,0,0,1,1,1,"[""50497846"", ""19664212"", ""14142542"", ""75717953"", ""113660921"", ""16824274"", ""173318669"", ""13940893"", ""130390168"", ""126200509""]"
none_subset,1,206830390,182794391,4,33,0,0,0,0,0,1,"[""190594964"", ""191216846"", ""160129846"", ""210958855"", ""153928357"", ""189901460"", ""201454668"", ""191627911"", ""191630851"", ""192316575""]"
none_subset,1,209598704,185409558,62,12,0,0,0,0,1,1,"[""76575420"", ""94930933"", ""190708058"", ""209401746"", ""108815727"", ""200374313"", ""136127901"", ""143226394"", ""206964681"", ""209133262""]"
none_subset,1,129248924,113340443,37,55,0,0,0,0,0,0,"[""119227333"", ""150887352"", ""136371572"", ""154674968"", ""126794514"", ""124537731"", ""41705192"", ""187761375"", ""207073486"", ""100843460""]"
none_subset,1,224103839,213731514,46,718,0,0,0,0,0,0,"[""205471355"", ""208874737"", ""201813786"", ""180188915"", ""201647833"", ""205132600"", ""214377421"", ""198094203"", ""172989891"", ""172993610""]"
none_subset,1,107731383,36293036,62,8,0,0,0,1,1,1,"[""188646127"", ""112339725"", ""134618566"", ""12969814"", ""183577698"", ""144733620"", ""120190873"", ""36293036"", ""68675469"", ""146276364""]"
none_subset,1,128516859,113125737,43,1077,0,0,0,0,0,0,"[""132442481"", ""159960194"", ""97820261"", ""90293525"", ""80682255"", ""165082890"", ""141162020"", ""184136574"", ""76970617"", ""127635452""]"
none_subset,1,65457383,67086891,38,74,0,0,0,0,0,0,"[""69350726"", ""11921513"", ""144261984"", ""128022775"", ""209330718"", ""172110259"", ""211427284"", ""122763359"", ""139197933"", ""161849435""]"
none_subset,1,222687545,209791442,64,148,0,0,0,0,0,0,"[""111626622"", ""173526297"", ""143686140"", ""73923102"", ""148133803"", ""67998486"", ""200123633"", ""152603802"", ""67792301"", ""133192411""]"
none_subset,1,215426148,174366632,46,225,0,0,0,0,0,0,"[""150142821"", ""108154891"", ""130514762"", ""208035235"", ""152102459"", ""142789905"", ""151511658"", ""88672257"", ""154244912"", ""133795252""]"
none_subset,1,195198725,157734464,43,154,0,0,0,0,0,0,"[""103363896"", ""159111252"", ""200981311"", ""186606199"", ""140101579"", ""213063956"", ""168991783"", ""199715257"", ""190077562"", ""104265595""]"
none_subset,1,221797141,209764015,46,65,0,0,0,0,0,0,"[""191974228"", ""213482572"", ""194132989"", ""213054921"", ""165636439"", ""143077183"", ""169495520"", ""186078356"", ""203915067"", ""158137442""]"
none_subset,1,164421576,110656577,62,775,0,0,0,0,0,0,"[""204810481"", ""211547329"", ""136359251"", ""123217124"", ""110663965"", ""114377329"", ""143772507"", ""128177020"", ""87886557"", ""122862208""]"
none_subset,1,214610820,194634429,43,23,0,0,0,0,1,1,"[""190779684"", ""86486091"", ""123537400"", ""38196926"", ""151954619"", ""190193667"", ""117813626"", ""60767330"", ""177473145"", ""148267226""]"
none_subset,1,202695254,164665349,46,406,0,0,0,0,0,0,"[""197876190"", ""134614616"", ""169636588"", ""178722271"", ""205315794"", ""137965076"", ""105775833"", ""206204582"", ""174679814"", ""211268424""]"
none_subset,1,181784321,139778879,37,2741,0,0,0,0,0,0,"[""138622989"", ""213493571"", ""211128975"", ""211121793"", ""177126506"", ""192794569"", ""204373274"", ""201625081"", ""56858349"", ""156905299""]"
none_subset,1,214768210,195814903,4,219,0,0,0,0,0,0,"[""185360306"", ""145646315"", ""191225749"", ""193189431"", ""78396407"", ""126042350"", ""208901976"", ""143083752"", ""193729388"", ""194307771""]"
none_subset,1,189115160,160966785,43,43,0,0,0,0,0,1,"[""66709739"", ""137780242"", ""102424723"", ""178276896"", ""202343187"", ""208096405"", ""66709745"", ""209546973"", ""173981660"", ""197613208""]"
none_subset,1,207497813,183755478,4,69,0,0,0,0,0,0,"[""201657691"", ""182904703"", ""202571906"", ""196026500"", ""205600080"", ""195744792"", ""210550451"", ""183509496"", ""166004506"", ""203466268""]"
none_subset,1,221733830,199758501,4,171,0,0,0,0,0,0,"[""115146729"", ""133033147"", ""203341087"", ""202002064"", ""126762069"", ""202545918"", ""53541477"", ""200384605"", ""196734761"", ""25537887""]"
none_subset,1,216275972,179585446,4,11,0,0,0,0,1,1,"[""157092256"", ""150204940"", ""141440077"", ""182893664"", ""200198172"", ""206541953"", ""195242863"", ""123069558"", ""160188245"", ""205530255""]"
none_subset,1,224927820,179577326,46,750,0,0,0,0,0,0,"[""59914246"", ""194301324"", ""213724398"", ""142789905"", ""190358880"", ""150142821"", ""197086187"", ""102024389"", ""164400164"", ""162330233""]"
none_subset,1,216448407,95187471,64,84,0,0,0,0,0,0,"[""205134381"", ""112033542"", ""152209914"", ""183213131"", ""94645332"", ""10208777"", ""186850320"", ""165757550"", ""44495615"", ""144339648""]"
none_subset,1,211139345,190121568,4,64,0,0,0,0,0,0,"[""210958855"", ""199777290"", ""190594964"", ""202362364"", ""123419520"", ""191216846"", ""182183775"", ""136474102"", ""153928357"", ""200963858""]"
none_subset,1,118300572,106278665,62,13,0,0,0,0,1,1,"[""82382971"", ""18880304"", ""165969228"", ""179155211"", ""146789147"", ""73563944"", ""201108158"", ""209579537"", ""202133781"", ""106235713""]"
none_subset,1,220403410,204662722,37,16,0,0,0,0,1,1,"[""206483437"", ""132738380"", ""194193597"", ""99194481"", ""214644665"", ""141493643"", ""162736131"", ""200164411"", ""145798285"", ""206662632""]"
none_subset,1,161875428,127609272,46,565,0,0,0,0,0,0,"[""123341476"", ""197949897"", ""102458654"", ""210836993"", ""133780489"", ""201507987"", ""215475381"", ""158115780"", ""186776259"", ""204638926""]"
none_subset,1,207671145,184022783,4,12,0,0,0,0,1,1,"[""201657691"", ""182904703"", ""205600080"", ""195744792"", ""195830492"", ""203466268"", ""183509496"", ""202571906"", ""210550451"", ""191316160""]"
none_subset,1,81609711,83075724,43,232,0,0,0,0,0,0,"[""73260900"", ""153967986"", ""61372398"", ""175827163"", ""57750732"", ""144463129"", ""101519990"", ""12553778"", ""58799552"", ""127000704""]"
none_subset,1,212432648,154897370,64,281,0,0,0,0,0,0,"[""114975070"", ""161581546"", ""182224096"", ""203403083"", ""126992314"", ""93630964"", ""151821517"", ""124508209"", ""71321175"", ""152305563""]"
none_subset,1,128168688,112134542,4,20,0,0,0,0,1,1,"[""185967985"", ""188323012"", ""199307974"", ""142499231"", ""209018186"", ""180954842"", ""164892269"", ""158261628"", ""126128930"", ""75168847""]"
none_subset,1,211110878,189462815,38,1680,0,0,0,0,0,0,"[""111489526"", ""188214883"", ""158748191"", ""136444097"", ""175023670"", ""70118230"", ""195568098"", ""111176154"", ""186767110"", ""183425241""]"
none_subset,1,180123229,145112155,37,33,0,0,0,0,0,1,"[""187324915"", ""173966675"", ""206298198"", ""209172335"", ""193680819"", ""197238711"", ""189202972"", ""136896781"", ""151430077"", ""195831532""]"
none_subset,1,220812780,179760906,46,14,0,0,0,0,1,1,"[""144964708"", ""79166546"", ""170432446"", ""78094109"", ""203778148"", ""146604273"", ""182917310"", ""169841116"", ""211502842"", ""205233162""]"
none_subset,1,210886906,160003240,62,1047,0,0,0,0,0,0,"[""190955120"", ""160586788"", ""73906788"", ""109144733"", ""201461957"", ""203208937"", ""186169702"", ""132102628"", ""134917876"", ""168067824""]"
none_subset,1,213124666,162936044,43,151,0,0,0,0,0,0,"[""84756708"", ""145729982"", ""197833947"", ""193020832"", ""182499951"", ""154544914"", ""24907697"", ""59420171"", ""125981589"", ""12753564""]"
none_subset,1,224135440,190789178,64,35,0,0,0,0,0,1,"[""132803751"", ""192891016"", ""156951305"", ""162550857"", ""140676990"", ""171025610"", ""203544848"", ""136116320"", ""155183786"", ""110759984""]"
none_subset,1,210408988,162425061,57,481,0,0,0,0,0,0,"[""178650612"", ""114134647"", ""211835809"", ""178336767"", ""12228591"", ""158659146"", ""77046762"", ""111475511"", ""17825658"", ""143756184""]"
none_subset,1,210701847,189202972,37,136,0,0,0,0,0,0,"[""209172941"", ""194408004"", ""210502009"", ""167674987"", ""209131034"", ""200733855"", ""176116685"", ""164351701"", ""196469804"", ""173640245""]"
none_subset,1,217226096,198430312,46,979,0,0,0,0,0,0,"[""147341866"", ""172346073"", ""204586928"", ""100871728"", ""176931775"", ""212013801"", ""1120036"", ""102057588"", ""169094204"", ""159934642""]"
none_subset,1,158212683,172065222,43,14,0,0,0,0,1,1,"[""193482080"", ""186403472"", ""100947091"", ""78183771"", ""130496317"", ""207753535"", ""188398971"", ""213210833"", ""205605896"", ""151666642""]"
none_subset,1,137703589,120122284,43,10,0,0,0,1,1,1,"[""83550407"", ""197607322"", ""197607286"", ""145996061"", ""18051654"", ""205605896"", ""153540939"", ""35671043"", ""79396448"", ""120122284""]"
none_subset,1,117119445,102488247,57,302,0,0,0,0,0,0,"[""99443492"", ""100527593"", ""175340511"", ""85942447"", ""58773802"", ""130640717"", ""203393348"", ""160209667"", ""125977774"", ""86194826""]"
none_subset,1,175628347,146565542,46,905,0,0,0,0,0,0,"[""134902485"", ""118565908"", ""158884723"", ""172035206"", ""202838967"", ""102116724"", ""188405182"", ""78015202"", ""77388181"", ""64629457""]"
none_subset,1,149922319,115277724,38,999,0,0,0,0,0,0,"[""115405939"", ""156737499"", ""159509372"", ""126411875"", ""108645662"", ""111741925"", ""200132048"", ""25899558"", ""139494203"", ""161349329""]"
none_subset,1,215644814,193644515,38,1429,0,0,0,0,0,0,"[""152236293"", ""145712328"", ""116918686"", ""177589338"", ""167802783"", ""163920073"", ""195462936"", ""112540467"", ""181834833"", ""96718826""]"
none_subset,1,221837061,194862890,46,33,0,0,0,0,0,1,"[""126522124"", ""194733810"", ""211854530"", ""58540862"", ""72266723"", ""179610678"", ""97781465"", ""214485508"", ""185043110"", ""192395246""]"
none_subset,1,209706435,187423310,37,294,0,0,0,0,0,0,"[""183094359"", ""195014964"", ""190172991"", ""191131185"", ""201649016"", ""189745855"", ""206299844"", ""207544886"", ""191259466"", ""202782009""]"
none_subset,1,218343341,203417954,43,2279,0,0,0,0,0,0,"[""207753535"", ""185531465"", ""143758890"", ""71803254"", ""104021362"", ""186403472"", ""108021321"", ""205562168"", ""99720576"", ""210446436""]"
none_subset,1,170276055,143253664,4,1909,0,0,0,0,0,0,"[""195539587"", ""207097865"", ""197294044"", ""207143420"", ""189844318"", ""151875588"", ""209397578"", ""209208627"", ""73205799"", ""187502252""]"
none_subset,1,211959947,191630851,4,78,0,0,0,0,0,0,"[""193413498"", ""194508039"", ""190161584"", ""192331154"", ""186930348"", ""204482650"", ""191909632"", ""199422802"", ""181715447"", ""123419520""]"
none_subset,1,224484261,214298768,4,534,0,0,0,0,0,0,"[""211385428"", ""196161368"", ""215198902"", ""177056777"", ""213568542"", ""180074203"", ""210643102"", ""210312086"", ""179962753"", ""163340296""]"
none_subset,1,223747116,203589761,38,1686,0,0,0,0,0,0,"[""211069820"", ""213040734"", ""82292513"", ""202234864"", ""44557915"", ""160066097"", ""52441610"", ""197728060"", ""5564013"", ""34147341""]"
none_subset,1,194640606,155955578,62,1018,0,0,0,0,0,0,"[""141261014"", ""122185080"", ""186593972"", ""200808917"", ""68090031"", ""45161831"", ""24433447"", ""79802279"", ""74220777"", ""204309014""]"
