217778087
218977705
192259108
219244016
217779610
215148037
221583439
203418340
225327137
61391231
223393293
209860778
224555568
212932773
223194713
217830041
220648954
220929667
223030915
224359791
135821849
222762022
213672766
219937344
217725892
217343713
225238333
219789108
221243574
189141161
218895250
218283984
224322076
224879362
136225185
222940917
224074008
154266487
214722235
214822366
224932290
222353192
174353192
224427743
220379835
214825069
208041248
209357779
222318858
155236111
222403666
224933084
216604465
220813389
193642451
167738303
148104786
222794556
179404057
219303826
142782703
225048416
216381600
221640337
221451639
222050801
219391343
222407791
221548172
97748571
221889743
223747423
220281595
222894724
201976916
219241479
212048554
214821307
199530471
217033870
220948880
217821072
207720117
166595325
223087474
211631092
222406873
79188311
217957121
187732554
220764995
198001778
146860277
223243618
208344126
224638291
224154080
222247524
224033748
208642834
194805674
216614944
221841277
213177162
139137852
49325505
215253452
224071614
137893911
54667723
222750808
225044574
219018754
215347028
217170362
137934538
221416822
218596894
173145787
172334996
222586083
217515350
219833856
217186172
204046341
214834030
216670214
102144638
219226561
191928114
224586285
214256670
184647898
195866225
192116809
220563761
174461716
194744945
211687655
225045192
224906395
225003499
222669077
215772248
176795999
135611817
199770434
216191160
220266513
165222710
223290626
221889978
218470419
222382620
222955950
210486456
211087805
156604542
220440148
218330350
222757565
215445331
224300084
183607510
216678148
219521919
152863650
222870138
170071929
208931159
224030646
224773837
199964870
218947893
220481376
222527198
213281194
210383604
222545683
221203028
222225610
218475897
218823269
223047405
223040881
217316445
224934418
118281147
220009434
213147582
221852331
124661683
184934000
213917510
218457462
206163864
153013813
46127644
224247127
219550432
208426704
209594925
199869283
222597314
219194992
219385061
213511682
211891374
180824143
202015776
223017692
138064870
178417522
169196068
174559269
219859802
217994953
224076226
220981335
225335785
212113794
224099476
188910833
224466806
210211790
223481848
180998309
220698196
216645460
209047312
223067828
202905256
216782341
221365463
201592325
224054029
179057830
215134274
220843786
61102585
214017302
172819163
220821421
179883669
225335548
217908854
218605802
207219824
221085500
223421214
221521173
210872790
221903290
221367302
218423412
224192890
169922104
216598836
174367200
205424175
217178308
225196693
224931495
204794167
223918422
208383494
214890858
218333418
212537441
222969411
225068587
223421017
216117212
219351288
212762756
215603404
165921682
224020231
129705187
220608981
152754799
217171928
219881237
207986747
222952667
218203931
150738588
216484783
225124332
221909566
225304067
210175206
218924588
215646977
217869365
209980669
223178027
207816797
216948006
218187088
225220934
183891342
214846127
211763424
221045188
208250547
213221788
215963491
218420540
218034326
221885558
216809205
223581944
219780114
45162751
163776523
216871390
44857684
225316578
218806587
174561912
222512742
216491877
223884713
224480827
211548245
200745969
222518577
206181726
224192084
224439927
225176982
223422347
220980608
223471922
223063208
222901299
220149792
223510794
218089723
224038521
224538363
220790059
209480644
208262227
209591733
220339826
143696715
220054127
184068538
216195929
220279346
220616232
140325496
215781776
216799813
205962695
207167556
217256822
222411165
73609370
172795910
217563037
219145113
221281106
223922391
220367022
223883557
224928311
224013855
183441216
198169204
224928501
225221518
209414385
216010123
222090361
219653653
224660430
199244701
200742384
206955877
220340816
219393187
199287279
220189264
222964080
187821847
133059337
182943602
146175434
213226281
75689451
182075937
183032057
221654195
209190085
220785821
161808845
193200102
224374412
210022221
216585060
198147873
221144164
88810535
136144667
225297450
220633162
224765340
215905365
222219298
222893142
223398580
221614498
222167698
225327046
213269591
138496002
221006541
224144217
222448991
220597813
180380188
157145587
220759588
156518464
211241159
222219010
224190427
218567896
215706522
222541332
206175205
217170387
194989620
214553159
211098535
210501764
214247063
177384013
215835462
224960072
217669943
219907617
201729315
222367817
217147869
225105037
139117051
137249237
221196379
222527012
188149392
224035969
213278466
217337734
224588921
223508730
218218669
223767679
221668681
225102210
225223696
207369256
165217874
198811012
207901421
137188912
207153404
223040432
175171683
224936758
224612282
206029697
199314558
214380325
223316001
223896086
223041205
173121575
221660647
144019001
149352954
221520217
189898600
142986011
225332101
217037472
218061792
216010340
225281482
219748632
207061224
223997943
209962306
208954540
42423648
212760413
218564230
202415044
222688451
222052263
206030241
170047143
194935441
220459823
223165764
200986645
156698519
217442937
175561639
219146281
223864947
210192925
218897723
191769603
174383355
214379946
216867849
220967026
223860207
220260788
204139106
220788952
199591764
214715272
221141109
223559867
186071885
223592726
223384339
224077617
225181462
224708714
104781851
159196077
220788823
183266020
203008013
214479460
208803624
190067162
214192861
207097087
222593346
188077952
208251355
164356115
211021988
210748432
221741196
217917751
224589785
196573921
219974214
223232134
222286583
221838723
216114328
48034067
204082186
224269511
218557629
201200959
214325621
224937368
216872602
215801339
210306274
213514721
171915656
189855037
197333941
212553136
223393273
218335555
222253772
221954148
223820046
161938056
217726913
208107954
223119234
56373933
217437898
223638362
224367042
219306060
220846427
202494985
221345696
218365818
194745306
216266969
186562996
217778110
223909622
213945069
217631538
218392172
211947212
224074511
206749970
207037690
73653102
215846512
224716042
220689226
71149399
192700619
218845619
141724672
201548990
136879013
195348682
164154660
218740949
206417530
76743999
224323664
193387900
225128910
220797757
222412782
143685714
190532464
157902642
217521946
212476238
185011753
219573809
213501647
221364603
217373055
216024225
158998865
219021369
224324021
206686826
211686955
216558930
222972573
209444959
212989055
85373030
168782455
221122005
209656781
224942665
113234352
219999274
218057210
222638564
214328028
203168660
212039633
212094665
224603007
219604786
217901977
170369989
204595576
220576389
221546282
224955118
104618739
220314076
225330625
212698887
218427127
213247565
194783775
214432311
80142635
219922967
221157142
143086044
212657463
223442051
213513797
222660924
223355532
225155915
219237381
216085045
213884972
222357905
211412753
218348320
225191205
221546386
216886370
222726412
219629489
217033066
222469912
216014345
215130063
185518581
220323073
210424325
211251912
155121061
215020184
225190639
216309163
189094141
209826949
175198476
220897023
220678808
193892928
205930848
158620725
121400316
223366441
210057082
181434709
221467008
207184837
216833829
195986679
210584044
219024675
154934855
208584922
213507227
222190230
224664566
61901800
213205177
225308652
210748383
63207008
214449632
197484561
225207895
85306840
210306773
216746014
111808390
221495137
213192516
224651178
211366145
127533463
223478594
220790417
224602276
126324670
184127481
220163234
166815234
217958222
215640509
109961273
205129541
211366791
199847549
47568933
199598739
223526440
225185734
222299050
219824960
218400667
183562873
202207617
213334737
224587526
224824029
222461943
221449210
223479316
214769140
225278976
212427302
181784999
221998392
222965195
177772965
221709250
199292945
215028187
222123211
220225947
225279239
195362049
223142312
213182515
212848040
200921696
213235600
207432861
130417366
217265461
223226595
214999681
197636149
224933181
212594524
195444875
204784226
197182811
221618385
220726849
199837584
154977436
215089889
219558878
156722527
225049421
222916352
223202962
214038491
222378381
220212899
219085462
209708244
206226418
201089194
209905837
224650168
192043507
166194546
219884961
224190513
222054395
217161125
212969722
220853328
221194929
222263736
225111589
215152979
139773825
219982491
224234737
223661019
213039482
179270252
222275365
173244929
222633572
147606818
206965221
217731762
224206911
213892234
222254436
187336855
221416203
211922675
224928836
216228308
223648374
225319500
215621008
150555767
185801174
198028588
224782633
222835685
217104165
179847733
225139325
223613586
222637665
219816430
65069483
219216307
215036866
218069887
222247580
206499366
223534676
221301830
205588870
223796001
209338247
210486672
212690384
221516615
218800161
223313067
207943028
194418938
223717805
222431092
218687341
215706450
197425667
215008564
200396892
224258369
117417003
198547268
214952718
222196350
212420290
211298086
222412179
158301163
182433999
217650926
224933066
157604581
202592108
225336432
210637403
206005266
194244497
197634909
217540193
224437228
193582668
202501697
220792957
217906274
223787204
210597810
74127368
225252898
224935223
220264391
171360837
224841828
211871039
205854787
199699353
195560561
221848171
211913684
220174008
200704818
207775689
224934089
221769944
222074981
148358422
210373916
96415817
218757199
200522462
220757176
209553126
63765790
217515941
219460348
225332730
206623704
221253376
210213697
204723355
222114163
216508404
218738691
224535294
172006138
221048375
129834404
217535346
222110076
224497786
152627680
222946203
215561429
57351812
224932599
129166221
220956473
216823767
223103506
200354782
220318050
220482696
221637369
224249051
220404295
221791089
216838569
220475980
222408794
125338923
215841223
216890693
154143124
212850652
216743848
106073132
124046495
194107452
222463138
214661233
223100904
221831449
219720649
212847196
220827922
214906622
217014364
221972753
211812569
194447169
208804913
201001029
146472830
222979220
71357513
70895557
19202269
126834450
213644321
157499779
218057045
222863395
198755021
224099048
198363413
217362174
219842632
216203886
220405848
164086298
210279687
211086877
224933058
225333503
210240317
128065066
201093122
222196489
222959694
223795942
212274413
214360658
217876814
223855998
220628694
206687200
205825705
224843812
219088546
222949258
220472687
221949457
220333493
223139822
210525493
154507655
224912426
164396280
212801792
218980994
221758652
220280703
214745926
202582354
223805580
206217624
223641904
212852436
224133848
217899500
219861226
155297473
207626840
222901009
212377594
131349571
222459574
220494017
221163580
211161123
224920112
223867974
135001350
132259142
57822969
206667483
218506443
215610126
222151100
223799406
224592241
224937562
211176548
224180596
213094895
201346741
219202577
224882752
223366086
107022866
219277977
221704859
215841438
214991334
194518557
218398071
224188252
220396695
221830789
149022160
218299849
195002358
209984918
220474073
221146649
215618037
223725323
207266283
196799245
217903619
200541276
198269907
210091094
215541879
212529659
210389570
205315304
151817379
202525754
218342866
223196629
224307284
220334363
216071027
129823504
223051050
220151175
222292559
223389339
221194949
208045515
216806995
20426690
218419262
219565703
219894066
207495158
218008071
185094053
209554017
38004712
223851892
205242028
219602311
222158770
224080687
219124513
221730918
135664890
218669257
218343737
219893027
161281643
222510899
225267219
222283278
158525649
211745515
179480037
220540164
199924952
219953757
136724002
224999849
199439838
104093512
221387410
216972673
219334048
218836535
222819249
221649862
222361444
222913131
167042310
113321758
177476796
44731398
176807207
202934032
176822488
217186109
222620987
225140691
172175857
172427421
215873048
223743429
202953805
225113123
224936456
182724125
147736951
219399027
223219439
224444846
224304551
225149623
216515860
222344225
217149473
126606394
164842002
215840575
223105840
221286532
223700604
220586548
211094404
219734465
144790441
223298147
182033871
211580767
200058092
158633248
202236603
217266323
217784643
137186208
206107536
217429450
222224661
222679721
222042915
224937068
213955470
209516300
224932354
221501779
172612296
217327811
223109543
115385441
205581601
216378513
219772427
225335447
189904656
224993324
218439019
209797721
217619745
223913505
218793614
217718123
217505281
214816372
214550356
224918978
145668321
207018234
224215366
216568215
218765154
116059841
216886094
220226908
208323079
218936984
207367471
225004214
222468992
221517745
219452047
214005509
209770220
222430039
224646823
221366767
219334788
222617439
199626860
222531291
215487908
221731280
219364307
220233470
224084236
212878000
208189055
224031404
224932373
217784767
224323406
221960740
220493218
85472217
222429996
213000580
214069754
215544510
220222895
215533770
220998166
220055906
85470603
187694990
221980239
212006397
219500649
77934484
179420108
210197957
213617746
209306687
224923028
174227073
222980923
224874705
223211160
219478983
188445588
163117245
210913403
224932615
214196892
212243518
223745288
222554972
222582601
131837155
95063680
222564502
90575511
129709384
222958822
222983696
192544544
136246825
222514223
224367480
175152343
219133145
204505112
221678531
222448723
215955242
213730109
212154775
223048253
220351941
143715569
221794655
218576980
188941895
218501755
199064064
216946771
222289499
208639658
80730044
224785969
214124773
146558152
224151447
218948236
224148642
220919695
209434694
199822378
211062864
223925470
218800013
172360452
218845394
220472100
203644046
225319752
225001400
216066736
203849238
222100404
158534978
214211976
222367881
165291816
222085160
215447989
221017979
224318627
154109785
220713138
207889445
214716490
221169864
221193297
223320964
195834809
181103286
222990508
222277664
222655278
215205566
222584785
118328535
129590293
77066485
221002349
218457925
223304701
220793813
164120324
222492022
207948917
224918561
89072209
223531345
196518220
222836960
205677256
217444049
215181937
213045053
218841397
216381976
190377856
216232262
225049038
225329923
225334664
222815053
220975786
176177256
219142888
224556740
209069803
179652537
223025311
173208625
224094454
181297574
162798318
220655614
220319785
155207253
219129413
219583544
220566678
219265976
65251998
222127306
159089793
220869636
215426036
189099064
221665148
224062940
220675321
222482484
186983735
203025016
216715138
129868907
168150989
217905612
224598373
225180118
224929974
221749618
218496588
225333943
217328166
223214125
207865918
222991195
212711155
222691827
221719315
213669592
217132342
214946275
217272606
199529028
222586191
212712996
219863246
223647314
212866929
221473660
216141031
221439975
215513806
224016351
222166094
198842588
222983655
198152996
220367211
89672199
224192859
220798673
223386837
220704682
225167856
156290482
220004871
201600270
110622018
222083078
225332355
213027758
209741933
89471160
207612612
220600516
220571525
76873952
210102909
143768968
222735733
224942964
221843677
225223718
219176636
219339328
45554526
202638823
211211948
220346009
224936232
220327224
213428168
210419810
179968851
222843767
217258089
220815733
149159768
215745337
223343453
223418727
220445830
224491224
220539540
225333692
220474505
217668219
220608655
223418428
223964391
216886183
219149051
223615499
223613176
223441678
215723892
221577864
44507158
222165452
219517410
225158084
223273267
218958626
161884462
205016257
213563666
222786024
217690460
77643840
224063901
222692801
217386520
223753044
199426583
222122037
222122577
220565229
173700390
216276980
222670110
202009022
214802460
215842658
211696974
223894287
58981593
222368658
224091674
216481317
219760743
218982910
214197127
223637479
221372168
225232069
221017805
185593301
219066250
220512393
177022841
193641045
132621586
217820944
217351170
219447235
223363529
222529321
212164135
214630379
220643504
203542794
222304468
224532619
218506985
213979841
220416773
221918492
223284336
220972528
173203251
215301484
156621489
221326566
223691055
218133956
221953646
219817504
204166543
220749230
210956721
223915251
221103435
200790943
224172224
220842589
213363874
222174039
223218723
190504679
217207224
222893959
192420056
197774117
220096299
223943534
224478352
223436815
224416814
218103985
79947261
225181334
201392066
196952678
94626495
155556890
125502922
221934859
212501765
223287044
222886312
225163380
210207862
142694458
224313094
213947305
224694334
207890584
225050041
218821090
51659933
219759290
225133485
75807184
221447385
220769362
225333790
222359270
216437700
174411820
216427793
220263672
157015957
215400756
223256608
215650344
224160518
223108762
221725860
224687202
221121121
60441696
223797267
211655574
117305665
222680382
217622470
225047102
212800970
218135741
212474610
224989285
220926724
212404532
186958117
216577207
222389653
217558424
217225178
220653774
199513741
216974823
209650424
215094468
220854871
175234458
210499696
214501341
63802374
207825233
184334181
68142507
180994404
219229500
214716493
211432530
177474280
213095572
224935860
220695280
220957795
224523229
219977790
224854877
216944504
217782705
217908691
140491445
224931404
216559888
224435175
218840546
224967364
222612085
183963304
218032891
225332373
224158302
222430345
225327206
75219127
219106357
218562880
155807570
225157086
217693546
216477551
193140602
224421569
223015834
206074950
76483638
225111928
222583657
213399358
76889290
218462849
211242868
208634931
223437693
221605788
216947842
225332025
221802686
223103901
215552229
155103537
120004087
211286626
200562884
153783632
216551792
211687168
220549804
214022570
222113389
212507532
218524697
219828021
205644860
210414672
94403269
85202392
206761518
212986222
205720663
219494075
220525955
225332239
223675610
221723003
225123060
223805775
220801418
221221462
196566276
225225885
219043010
217557858
217014637
60670229
173090210
129033787
147427754
202755911
217410052
78522276
223554455
215553959
219409127
137436710
156915549
224176333
220721416
67882175
224936565
211489155
215494368
208688675
196592626
39899293
195068134
221306432
219323160
221594993
202836323
224933870
136019266
225117196
210466665
225050930
222592954
207065137
207895822
207067525
143780246
212574143
206671176
215328079
217035388
213885058
104592963
224996894
222000656
224936404
194606643
221312497
214667745
167939750
221861475
224931873
225051310
196909972
217223278
222315316
221496975
169880096
184353774
224417144
212038341
220962388
216884578
219173687
153359534
222014279
222514978
217961068
223611215
208106844
208823306
213787693
225131864
81295313
210066110
221833527
222470160
222411261
212648065
221372298
223171494
225336509
224359832
210602452
196530551
214842049
221414339
209654291
222564187
206921178
217379375
224765532
207495809
208455613
209740146
222297179
220270259
221657824
225326070
222804714
175162342
210880229
161847933
216062574
143427583
224560540
146132684
215208991
216735361
219448385
157529048
139454684
67127578
223076247
199882782
214587908
220473888
201290849
225167229
191504494
217904792
114205920
225318039
210264867
125732578
225278493
215180568
189216692
61122271
218121485
61438059
219136741
217382208
61557956
215662503
213095339
194638450
221448018
146435311
218789205
205337805
207549055
222701923
216307296
220842616
211574910
222196442
214720071
223478722
224306774
225329689
219902440
221940588
214247960
222477806
217669812
206831230
216473395
218181250
218890995
197981708
209536931
217507803
202589566
224937596
192038979
205474625
211210487
221973170
224988873
219128871
221413911
217084521
217624024
167877441
156600055
135131005
224642805
177902271
223313481
174198687
222721985
223584741
223098517
214300919
184937338
205654851
220658992
207825092
189947535
224831886
203812892
216728288
218454843
217560802
134392227
210010197
220591739
210262200
174220620
205927204
223009039
220457370
202639405
165216658
220952952
217780710
223800950
216832223
223424355
217347585
92723451
124934008
170040314
165292753
219306812
41846975
216803761
214820433
221004467
225321308
216208608
208450482
214432593
216898959
221378288
121994058
199501921
214727235
219400253
224590587
219717935
222998604
216775380
220481898
224937130
218843181
222592006
207623582
224646848
216862566
211056557
220907449
221520931
216844587
224083653
212346051
223584658
210268071
219578430
136125109
223158102
216473383
224540112
113412761
68685610
155178373
222952602
218479169
193117843
222300405
220898580
211146018
222358371
65161696
223531023
174135887
212975420
89742402
217723387
195691694
221597398
224959602
151920189
224222657
221026617
213746896
224086557
224207861
207291643
221658230
152653179
213564070
220693356
210860274
212706701
221470842
165800783
217664177
218056955
221410920
220478952
221804672
171738161
195949068
212336930
224928244
111349122
174417848
220534006
215182241
214580677
182029344
198904782
154711718
224818775
224268761
224920001
220175745
213235310
193750041
213622451
219246087
223823059
222053300
222413184
221698799
223693998
166581162
217964293
222462053
225276459
181836133
221961366
167871337
223012623
225332633
222021511
193215645
224832480
219108211
224929199
49843086
224558050
223258992
210580123
222379524
222305802
216853783
210803696
178957930
218479061
198631084
209604551
222952344
218885559
220318969
223506046
215314694
223025869
225216068
215127697
187800577
213568571
219225044
222628297
203087761
224896951
222436755
225139012
225105042
219293940
214420905
220313505
210990793
136882343
225327246
223262281
220904972
225247398
221211820
200604170
223135252
200929266
225275158
224932134
185250780
213885039
220333511
222467591
66762557
218107649
224535433
216974135
221169743
222655219
222112240
165247736
217007861
122463578
220858595
218548129
221703501
136598582
224262455
221448646
179211034
222563289
95188649
182112391
224189679
219603237
132367262
225092300
220562211
114109479
204086912
223870016
198811394
190885113
112708823
218416947
221838394
225072106
193220035
220237607
212255435
206105390
130879279
177875675
225333783
211919620
224441759
214547493
210847868
221191105
217955696
214606416
224910659
224245242
216628078
214610723
213747364
221203301
225130928
221012906
219755253
225221455
157394962
149324521
120088098
215956998
221814320
57897848
209912295
222864945
222813386
203192419
223433807
221113351
145626087
214269627
220211495
210448674
224796310
213315096
223531516
151367078
221173918
223868442
212013330
125295693
221234792
225334506
216529431
202080759
222797036
207364691
224991437
220135533
223915874
50728882
222868906
220764459
223068652
188401449
173812157
224934858
220167475
163544730
209948114
212561995
224931215
221816601
210263807
208246168
143731080
180210446
219950533
213297739
210973112
144206069
216331314
154022376
216057523
214875832
203178531
139247665
210722868
222597499
134799765
223139005
220794824
217969975
173320875
224492499
222558749
202847703
207174960
197776224
206161515
219278888
194104831
205163025
221452468
223091454
147624538
224567959
225161852
123432816
218895332
211986335
220445717
219284536
159029774
225227970
220204259
190280787
181068817
220033942
222997247
223950506
214545380
223107085
206253988
143025310
220325000
217257924
182988691
211063075
214261847
215311391
206801237
222617206
214576461
224556347
213841417
221481745
211281416
223527549
221403206
202907633
178461880
223402980
220433042
175400858
220971206
216811428
219195907
225336277
216121157
224920513
213955175
221306165
196068104
219931828
223365929
211240676
221592360
222943316
219975976
198076739
222018954
221626676
206737609
163562739
218032873
193103159
223207379
217507809
225164204
166644512
218787047
208635636
220471212
219406449
149092350
187120186
212237825
217341676
220421997
223418684
119116030
222139259
212756636
155017019
223146358
191052967
223267384
213724929
175960995
208507315
198815744
222196319
39062059
218924962
209047302
217536650
223927504
85133840
127815143
200083152
206326974
219943620
224928574
206223876
213970560
216949211
224606868
83047919
220748345
221381978
222596797
223691565
189297696
221888391
217902794
164215053
224387862
223293243
223485264
209104534
219884212
219897166
223419457
211688730
213218775
221841917
215620298
217198270
146104525
127911821
218863053
158686353
217443017
224469025
223077172
211342418
223138712
188064911
219978437
211271666
199230019
221113118
214181341
220660184
163713880
173935755
147429018
225114434
178711928
205778108
221447333
222764355
220640438
199368128
225159097
220929626
223911755
122555333
53989392
222482603
219063336
207529298
188870924
72426655
183911615
100092548
209716820
162007342
223058138
195128295
224544561
220995591
225219854
222621295
140228182
224934382
202131628
198298191
213067225
212473607
199127342
209524029
85584228
219603361
215537268
217228913
216825663
193188183
218072559
221963628
222478341
149781680
216948160
212345079
213532495
202957585
212330962
99580110
219122748
224149492
222984679
223793016
222197685
199590604
204464920
223688413
222177113
217008932
217918467
212344297
222276374
202775680
209945518
214845620
203874358
200430468
214364603
220428877
221120823
219148747
215241758
205758964
224956110
224002233
145225728
218104243
219999231
207554691
220101766
220166812
217329885
221718204
223206246
219449576
220499029
214318977
215150970
205696692
191574764
215076349
223665105
184868827
192492640
215199041
218890894
212250105
148057277
157111436
225248235
127818486
130411505
222908231
217927464
210303103
214898637
218582335
224931735
207054588
199209822
190807609
139722453
203780732
224188391
130882073
61108483
222287400
220872542
202414859
218805701
184600129
192639074
225238737
216877165
224129433
223231012
221000002
127908049
223097998
217085441
61569677
185084979
223531868
177482420
209079419
224006578
203272322
213866164
217293366
110605132
104303481
223128874
223551026
214945968
225311553
217005618
223927598
219500120
225335522
224929718
224246382
216209251
223274500
221758292
198985965
75966993
188143800
220951420
222805202
185569136
216709531
219449752
224794980
96074022
205270116
223339034
120776012
221563101
220511262
222056788
210918306
218637432
204183680
221630235
223308785
216878030
225330052
99220944
221938168
213081512
222565459
127751163
216884652
219555305
222514514
216990037
220472328
212427258
210510121
221746937
89736532
223591051
183828857
221855013
219600867
205339324
198240677
210636696
216777927
215991086
210257136
204743234
222892190
220245271
199377527
223530554
224419417
158192114
216209314
218465621
219124126
207022145
221247027
223191353
217621753
222468045
219461967
189699180
146187807
217679000
180486378
106261871
218453127
136757606
222924159
210830877
220693423
222089789
220417258
225331810
213826418
216417163
148951075
207124937
222946029
136379561
222098182
206085957
222113757
122362623
218162333
222819154
220038962
225318910
219335669
220653523
171926226
214609746
222746747
139553853
223627186
172136100
216379970
217235835
224356294
133209511
194651590
204624678
217503292
40800225
223531422
223381974
204461691
215494026
224930817
215404485
156357906
213407859
222984358
217967191
168413735
223221859
221932709
215257170
214306202
225216520
175335816
212548249
205412269
223213990
221994288
221305359
223476190
214843708
148092989
220147712
220146401
222096036
139328998
222644830
219765685
223419985
222146424
218959805
177556384
223626317
139610193
225323801
224218697
105153118
222701625
224707309
222410304
218988860
221664064
185167645
225112758
200736727
178638172
220961129
224008238
220281463
220489458
199746344
223965298
220208610
218008020
183329121
219867976
185815847
157132507
223630629
222240797
209342129
220264767
220610915
215031132
190805869
115906640
134573708
218482353
222744227
219453589
218057311
224496674
222247511
224592339
158805677
223772082
219578513
155810986
113311485
187072601
224937253
221748388
224492648
206879723
220343005
208978642
220499947
210136784
210178805
210899350
218945650
224927789
132514155
223496617
222978259
215011094
222767684
220809057
221622723
214948421
219572418
220607147
225288741
80313498
222734357
222840460
168380633
208398167
224539328
216553961
220763278
225022616
210603928
217090212
224654963
222640326
218665284
223056331
222219448
194815673
147727620
216900144
224649271
199284008
223277234
207097067
205948834
215899935
214692877
213944839
224727706
220843031
217104892
217853101
224109664
214768898
216356134
213827793
193120079
217961316
215963066
208449051
215548258
222099075
216187711
224669666
63792552
221180821
188083581
215728662
198494269
207160552
220790146
224932804
220595739
221092247
194797647
215805840
222731781
221997395
195327020
224499358
184709691
199738051
210942564
224305000
212742910
224309724
224936171
213972400
223910668
209445695
221318757
222648500
189910345
224888215
175814981
122617607
224582799
222349189
219357646
223708724
211682237
220034130
216758967
211876599
219768693
215026377
202764273
221447317
202996002
215842072
224931445
222965765
217328745
219863287
207956573
222920895
202622722
92101360
68955949
220692004
212162282
219554935
224553988
212541857
218598114
166370529
216215358
107567541
223530719
219759009
75014709
224021577
203768772
6033214
211070312
219039545
134009794
223930417
220704261
169791203
222851636
106656240
215435067
216363292
224889760
211394420
224591711
221120843
207830651
168949043
207993368
216317599
219654940
220784581
224668143
223254023
224927688
216446946
177792880
212852273
223471312
212063330
210248591
200351669
187192731
220956138
225296680
129366741
216620229
217848917
225216147
218821803
224189517
225331694
209397043
167875766
219786523
219636519
225106692
221752537
220766153
220182671
216670046
205700814
222012139
220761125
225329014
211489172
221799121
188673552
196498247
221383885
199819033
222090885
219931313
222540764
225050901
219608398
217228524
221761581
216601338
147862208
215992125
115604944
70481100
221800008
221011877
222354816
48405416
196512815
184529012
217996474
222583114
115359295
206442628
199296300
225330506
218672458
210029301
207839373
220004406
217022926
220320537
222471122
104331925
220947710
153918907
64767226
176074335
146367046
163913584
223554201
215184363
198475382
217376438
153411971
221320410
225334350
217316439
225251112
201027085
223265260
161782425
208871690
223723324
137957054
224852576
225189007
195458641
221023068
217223018
222384273
223093319
215591796
214420445
212293216
217622730
141970796
219569068
221474637
201818885
197139462
112547532
146321352
222192929
152668228
183827614
225122073
224924428
216730587
204290044
225336525
157052601
218704187
218315124
222378198
225333901
93791859
210226737
214252108
215611711
220666347
213774135
199619533
219823966
216066765
225299352
222230428
207041360
225326288
195746646
207093782
220650628
220503519
221020298
221344462
195989681
200893030
171388947
206293891
225040951
224885755
221499832
217919032
174617155
205235168
200447742
191783827
222813209
220156188
222772826
217046298
224884083
224935165
190927559
214720863
218525719
217116498
194716037
127073616
212486085
221565516
215842626
214364194
198389030
219805279
198747206
223211686
223075078
222320291
225298666
225050028
223021027
222572215
194787117
157504510
215532408
208124716
165001555
222944046
222857724
223779756
110422098
202059762
216059424
219904028
207888691
209535856
78383092
214645789
93981014
209068438
171904796
219513540
195066523
222731325
220697498
224103721
45917394
164571078
151891961
216661415
223428296
224088497
223214090
199735695
222852102
225332914
223935267
216613604
202247484
82309414
177281999
171987294
221201859
207581070
222533160
224478186
218811676
75050682
213464573
210242006
75226570
217799120
220784387
220199541
219040838
197199457
222808817
42221856
194723268
219274653
198278977
222485202
43896141
223003142
225331228
210555460
197259296
222565231
220024504
213286886
208874616
222140842
222154953
50750824
224951664
216604501
119791604
224936495
222369132
219094659
164368005
221155993
217146549
224495428
216417903
219830847
223959745
225107159
223371048
179472311
205667618
221097264
217927755
176920097
217150553
222702092
151292494
222014301
223556127
124197348
223244908
132839521
139191253
212771102
218506401
206964051
221577789
189176899
223335819
148079154
195243652
151484473
220442942
131295151
221749215
161343341
222149746
98664112
199774827
224933709
208755822
195977110
199440714
204613819
224948230
130399340
225176723
221301348
221536546
164243104
209788966
71481383
222491808
202878172
125648191
224774205
140005688
207617070
214181728
218838283
222410068
188937976
184516444
219882397
215722676
141972305
195375943
177969456
218951713
191806683
221797596
218357897
217952334
188535492
220315860
148122299
216778886
114945393
222068824
218506843
200571311
211559146
224266239
74677285
165294484
224297353
224691055
219140425
217036847
225005106
207942867
205454233
50588552
224099697
222549396
176617027
177479362
225223407
210986501
220181733
61456159
223320971
220584137
195395672
72036353
206373484
213982974
209406708
181565188
222153918
224519914
177207636
143897624
209366682
208185864
218512380
198019334
191985100
210038832
102417935
222012759
224933142
224074999
210306097
186828467
217530626
223912301
221749642
224938639
222465726
222224683
222150723
72142177
218057372
223585965
186530670
206279402
221949251
223480393
224885175
224795064
206263557
221824991
52727260
196633774
222422287
222844207
224209852
220210114
222245108
221991907
224877332
224669170
179385681
217988515
223636155
174210529
74374348
225049550
222561640
224540071
224113884
223453262
193409676
216032071
216902221
219460214
129234723
181603814
220761083
207610211
213479647
223847317
206675603
225171323
224794215
210271981
125162213
225083933
220336753
224936253
195832882
174659543
218601294
225220351
222942205
224773752
222851754
209653609
91769285
220745581
215591829
220368491
223840197
221450505
216777983
224591208
222484937
199316973
220215546
224970098
218232837
86332647
193565966
201837177
218013603
221045151
220035453
223888039
224795361
191456818
217875424
223554761
170107972
220861113
214973320
222850335
177454198
206798623
218082582
219366085
218023158
222683732
219602002
218558220
225166775
218670851
216261399
211540740
225092852
218794743
214334336
89938220
222771951
225184834
222524719
220399372
212116567
224223758
154461602
189952749
222473829
151475622
217313929
125480752
68719361
222844510
221225625
115090213
218455328
223227823
220651454
220643250
211236231
217229091
212513060
213270582
222783823
210779030
225335461
219891178
223793238
214310655
219761718
165441299
195660806
222106588
217385057
205397006
224387630
137488732
225180670
225251508
197176052
224447011
151972944
222817322
222642899
221921628
219871749
225107214
224499186
222005674
71472831
216087185
173533131
201707744
221796684
219873967
212766511
217234197
222388371
187292756
224500802
217013014
219778343
220415350
147385742
207605731
223094611
220960993
223146202
215566506
220014997
223551165
217214149
123265759
225215336
214985048
122158725
210278186
215591933
216113961
217459090
224936139
225243125
169333275
216994215
221591223
164298522
198356602
220609328
219978521
163999613
225046870
220895889
189532707
225233730
220566625
202500948
224565459
224945890
158435982
221853094
217258357
203020572
216953866
211480448
222336465
206031283
198138780
208722392
222995404
217382087
224919763
224081971
224659637
219416582
109575690
219648897
223208026
205436352
219260537
211632433
221098368
220111301
218590192
215235869
220842246
211732660
220558589
224023504
222595384
220004694
214435717
223488727
219509286
220567087
203102141
222784937
223792024
199625258
224933191
222298027
211240659
217004139
144268756
175595895
169558984
224106286
152852895
209836179
219412062
205079618
222562563
206055407
223964225
215708252
220437289
223533434
220216662
221850666
203136116
214634739
223645890
220237776
75295436
156283066
222588228
224535487
190701750
189669564
224945214
158490619
209296340
222165901
214781716
214009584
151237250
221412268
222516609
218722229
218269454
184487208
213097560
222176088
218836241
221129424
214565461
204422050
222528743
221859880
205197530
219510732
221956058
223948481
222481369
194522645
190769455
191285901
60437931
220591937
189352456
200045554
138984761
134250866
223478746
210361035
74761351
205534807
183321573
219757024
224335087
225102267
161953739
224917806
146319651
206668230
210276168
207126365
223124551
221403776
225193970
219975265
222317276
198978446
223287234
203199439
225332804
223903817
216920591
224822418
225251011
225011329
223060142
219832882
225225757
222147358
220742465
221839690
200263691
179285468
200175444
78386718
129956257
193029257
188062544
210327649
225077750
225331161
196247131
224382062
221428220
203262772
224937799
219314886
222036602
224708927
214351646
141305471
208452841
225336115
220473909
221046631
224879087
209337033
222132010
221111509
219677143
212533339
217438831
218708205
221523061
220212861
173579471
224530841
171275333
222908776
201148562
224822883
208118680
222042643
211999831
218007698
225041833
208321238
219253973
208041291
215967215
212770981
214265248
210360957
209858446
221676904
223859792
180951604
211771523
209481046
209762441
223396274
210749127
51965308
220003154
217012184
224936906
222376716
207329536
221357325
223720465
217805853
198247448
217763600
223876133
225334591
217469440
176617869
218259640
213137591
224936619
220643401
152598724
146581313
225219093
162170896
214246228
218099793
211206345
193804492
210574091
220950686
216407362
223970118
224372915
195285596
190822949
217874527
224168654
154648330
220642422
220538108
224783481
221145634
221022901
151683273
73170325
222995096
215242270
221801278
224355905
225336716
191303005
187793422
222977285
180858651
220067953
209788077
217151331
205644547
146649488
206152503
168351172
224286575
225225532
200936913
223550904
223482143
213476958
215530607
175211312
216008303
223288739
191081502
221194142
218475159
219924548
156342757
223814479
50653568
144403716
224341661
217579550
217060900
221991497
222999062
211708595
221800111
217255166
218443894
222093177
205549686
222074633
156722680
222469312
221747594
192087459
220889741
219393041
180346133
154652854
208546052
222516368
207668515
215266705
225335805
154198968
223700564
187862122
215663117
220757930
217718477
211939556
216782863
218895046
220660425
215356976
224201325
221397162
222482522
199229742
203243299
151209986
224734081
223013221
172010242
207524502
225326852
220894878
218906236
222406734
127758352
207095337
208901826
221137597
179231323
209968378
216845831
212652203
106308374
210399022
138998291
213583689
196959571
218893941
216788953
216689611
221118164
135939246
191498367
206862320
208978925
221621327
200993653
222434134
220098639
217204634
221300327
94050036
220036532
145514957
213767937
218139025
206966376
221688984
114378343
219302065
207817091
213233340
195747033
220465766
217888046
223317551
201844295
221960266
219825073
181335098
225055666
122008145
40053127
223092373
205828114
224139515
215291150
163335592
222112168
190662497
221844902
221793580
59739838
214129103
199633882
163702637
225242069
222815172
208302792
218906458
224182252
213477545
224993581
222218238
221161472
221404354
224165107
193742470
221269016
219500687
224391295
221196605
222893634
215235465
150053875
220033103
165912834
209637441
219389745
203107612
161873389
205391270
208041884
206692633
215660442
222147418
213634610
223260458
185373620
165794063
199287812
214018999
223992291
222198415
225105465
214253878
224932463
198443627
179538060
224936396
141971855
225125447
224418769
222576137
136157964
204245548
221155417
221157597
220837768
224886968
219227836
218765709
180190944
218059662
203047802
203594137
212775706
161621528
224268291
191184246
219406922
224932190
194507703
222896518
215712890
222293097
200883183
216307905
209858545
219578829
203038022
221672067
216289128
194746049
222012311
209710139
221126519
219685434
223792667
209062028
221278031
225324037
224372884
222209544
216162066
215640100
221817769
189132280
212423943
223539184
224935013
206325158
218923225
157966021
207040403
54463640
224848264
211837149
224931302
222065014
220316641
189868919
220641965
175130868
210535411
180226477
153873240
218897236
176603498
215561879
156754828
209837098
222568877
210550033
223150441
198622642
219650495
222789025
219385876
221431710
224920604
73464383
216883037
214607147
220009240
220032960
223763005
211721585
210328935
165807388
223434007
209541541
220178074
155729838
212041294
200419705
223230032
225184592
175576073
223963268
195761208
220416570
215243786
223087872
163942533
215851289
175222787
217726991
203635738
209549188
223334631
217801665
205739653
218026296
207098999
219748822
215054663
203373176
224562142
224925917
221690127
167795685
222190910
215772398
220384829
217321556
224929730
114656906
223157576
214277254
207035447
165562467
219511710
220377213
210276616
221797129
223101281
221304782
130362116
222861212
61443603
213284209
218112891
134695726
218764772
203399777
225331214
222675543
216793759
219570346
218907545
222893167
224936191
200078275
206756196
220338446
221657225
215841654
217679162
164218656
222071389
219937945
207160107
223767161
217808892
206830860
198663489
225333708
216674168
212931982
217798637
206931373
205157209
216152484
221600355
151899874
174612752
172691334
223462242
222006188
224805422
205695233
223372885
199755671
219868456
207286688
203487062
215238975
70764248
220316544
225023963
220657607
223639609
216921736
224841161
218015421
207416051
117257084
85604862
224925447
209555917
205732480
220786362
221326286
164832711
212874072
182973895
119020044
181797783
222017008
218076747
149504060
222315868
181113859
218740419
191564647
211832017
207564190
222210038
119298428
223728338
220529046
206029258
220554037
212519698
223453146
223630999
190251061
223493373
139699377
214559961
185622871
221430473
219948408
196450981
220331886
77823018
119508325
198078546
138993956
207989129
224492124
175873986
218387477
223493111
196203819
223682912
202241037
209117002
208315564
223126106
216837306
209791775
222996210
205592779
222462928
222838528
173154453
225116570
212590195
212390266
180576639
222892016
223702277
222345297
218424258
210794981
219977071
199961864
222931125
209155486
221355390
222956404
186256346
207746116
216778558
219081506
217902222
137135346
69660627
225159353
217721734
222986999
221069557
220646632
223447844
127741000
222515197
222509132
216008244
206432276
203785379
222889402
179419963
222125833
222489477
222182695
216085461
206973171
186535024
219497975
206473860
214822526
64521070
221005226
221095314
220793450
217746961
212741611
215234102
141258221
220339985
207435977
217547107
225186187
10024642
170402082
220102791
219871404
220561910
214676379
220418701
216075152
224451865
220448744
213244137
202122212
224826644
218071763
205096860
222894562
206111271
222418997
192284722
222841430
207729570
223586884
196134673
223776927
223589290
198237048
225336160
202957751
224991135
222124651
222146310
213673309
223079897
212657015
218154235
194697232
223664826
219599031
215235687
222930341
205157235
209903087
204849137
214641087
217686380
207312192
210327510
224993594
208172613
150796810
187744613
176486787
213886887
213409959
222159621
223261183
221200395
109469029
221836264
214799488
214877497
215307135
219703624
61675685
199610953
223595415
169644144
223285808
218624444
214686829
218368630
224737373
161214932
196449772
220788527
211738860
218758139
214225788
224921937
225325452
225128350
179956517
225317803
218174884
135401502
220751248
223050880
220738164
202246902
218933923
224517177
215544700
188484056
222754504
219703649
215885015
222860435
223529920
218648368
217412353
225114408
149663160
224508795
223989456
221148717
221721387
212483106
225220824
157786901
187401791
224968069
216145839
213526141
217719464
212949619
218529487
115843796
222992442
202244281
223642186
215844132
208703797
217124794
219519448
225333695
221749224
223259744
188072649
222203740
216741021
221844260
220653299
222304204
223043803
223122067
222462878
222922694
172025190
205152924
211305086
152529006
220379055
222389864
207617113
213279394
216780332
222675768
223067030
222326266
211699449
129387517
215712458
224203111
33121661
189391880
168884208
222921141
225048729
214099185
224082265
208760677
126015932
225332094
146499342
217202945
216308658
203484458
215931348
225226127
193376809
185111223
158428059
224929628
223364757
223630907
223310709
220865060
216684184
207206874
221997407
210406901
222837368
166752023
219131738
213771140
223179407
198022737
200642875
212327989
225176468
220600118
225284127
177876341
114260010
212994518
192971401
218939027
220379989
225332413
221649353
223145450
220441990
225167727
212483916
179129804
222483318
214116059
223880932
220654395
217674844
222121122
216378268
225335900
217253755
195752687
219449563
223784092
215437971
218241080
217975321
222050824
216869574
216417722
215271598
74767189
169613428
201591678
222008421
224932335
181067155
15624825
224075324
221763198
223256277
219665863
223278903
211480345
217009785
224241973
174707669
220586919
210749745
219453473
166184301
224621323
161403348
202587435
216571073
198095637
210591344
85291462
208367575
218618285
135677819
205242447
219473204
217721788
201699481
219605178
215994307
178136879
220966600
222426547
224190269
224650488
137072710
217347533
181152890
212003492
217316914
218760834
223876549
217384103
222471259
223380503
200429419
219142179
225059460
223877044
213842060
223962091
211438393
223016609
222565998
218677983
218512109
212227407
204316163
225323996
223310072
210326702
178864940
223432434
204082076
221635884
122436124
224202012
225013992
96789369
139241790
211325502
223864184
135809500
211074854
224084177
225330754
200097216
220731641
224936985
221192156
192982995
162256265
220510190
224885270
164401077
217244342
224851280
207607133
54756344
216478705
152131921
179654496
222194531
225077770
223830987
215246002
198162455
222429465
74237304
181499534
137208080
216518654
224938903
202124155
224040520
220381774
219883522
224384851
142274007
222734105
224942530
220156045
224136372
223047193
215897429
205383065
224135367
118911307
211672822
222114571
220296165
224149060
136871384
221007241
212675980
154011570
85416078
125290233
81898776
157912718
223570431
224937633
220512667
224115136
222814218
225333272
209708478
211674595
221462305
217039382
222620536
223699107
220758829
143741856
213133326
182969603
47678732
222176772
204166500
220445276
220009793
172160436
133915525
217822730
188199222
222313453
225220594
198827104
222826465
190343370
220278306
201308427
172271453
218506590
217147902
225053002
205246444
221552307
222431315
222841497
224123180
224909006
216056047
153940205
224914958
221467187
213507210
209559314
197627334
222994979
216803421
221010233
225316776
214947888
218028509
194507182
212957102
170494692
202692238
218061644
222867079
189973848
223691278
223457592
222614296
218402767
222789655
221618569
224562467
210602536
223797323
212351797
212918163
200557739
217703212
215426159
195940748
223199436
218910335
214360872
222566980
223773828
223589845
199670102
178197905
188832904
219919924
224926602
208896927
221714563
116327044
207562268
223110670
223582632
77178060
218066352
225333026
221502077
211085177
197994323
205627023
78574549
225331493
209591152
136733212
106976223
225223977
216012263
215863444
218430459
223486726
81594034
217975559
224129173
147003251
224303949
206369259
213578156
221799720
219828739
224102545
221548107
217649396
224934783
224019280
218056724
220789834
191075125
221771205
221966544
210576573
218040356
221471445
120472782
225163758
75696889
223790157
213922558
183009172
184127988
220893230
72249514
221805025
220486885
183004471
212492886
194160827
223315667
220429472
218789407
220381354
221032199
223795208
223115859
204259974
212766119
215647180
214081269
222866446
218706288
215443214
222025310
217065524
212754460
222904846
205488823
221248792
188554171
224202116
210153729
222150617
224930173
224760123
219124719
221103845
221305698
130656488
221021520
224091127
215721076
215665362
143700025
222632951
220683128
146926230
223547052
223272942
194693404
198152066
164402940
224937159
149302002
20646338
205202290
49795963
225288636
170381353
222293611
219870522
209594649
216318434
225318841
218055443
113328947
223638457
212664919
222948312
223951180
224823164
213416633
39839538
224931938
218321781
204107897
219513032
224124261
71372656
218986185
223986357
223651525
174990147
215515635
225103629
165371148
218506879
66418479
224936449
224882340
224916128
212799604
196474010
204745307
219782649
217477090
185143258
225332927
206079823
224932312
209606934
218027813
217157881
72265480
221099574
224128831
82199225
212435727
170614691
205496446
199245439
223387841
225335963
225335125
208453685
221023688
223807126
213356178
107446220
196129128
213301201
217693585
197376460
116739142
190375925
220802446
212495409
224923392
225335753
213252483
222400596
208365514
220424463
216064065
163284919
224150396
141025153
216767520
222878188
75686241
127831045
223036922
218506429
216813972
224893490
208995855
220413757
115467922
140357519
211580502
213234224
224927376
78154184
225336521
151075649
210434341
216955267
219608386
222800571
217147937
67273518
205399998
221825613
217374207
225332824
207828665
223203370
219723821
219617363
223442422
222133352
213023586
216087950
221152828
186919861
225280965
208057899
224616603
207120455
192572546
225074945
224936772
220439096
202899215
210542939
221749647
200887317
224186923
209177952
224357683
209055110
224041190
223008315
209103532
200159071
206755670
144694274
216783396
221762681
221756554
219097557
110255776
211438155
184639631
220534363
182748041
209147695
222902051
217804380
218795458
213708369
217791461
222320242
200571742
217874694
224023755
215550024
220470502
211695224
223744372
212562664
209598546
217338852
220370767
223542072
211458044
127057487
220253719
134127521
224928677
210799947
220802352
201338871
222480358
223200716
216531242
175171855
51417633
218506856
209294667
118981134
81987225
224154690
173321450
206092940
220183322
224934187
223637023
215235855
212668543
209376055
219474432
220852706
208882916
220346540
206285463
207608050
219006057
137664805
216729758
222464985
209017966
222277439
215043305
216446754
195287350
224259688
225061929
152105939
220995299
220742444
217730896
221598531
206711867
188289560
220762100
224367530
223310413
201574635
200794534
220369174
220419704
223907506
126378890
224723019
223837662
182872714
216729740
220379315
223308572
221725199
216675221
211101139
217785387
215863149
213849545
220731677
222018009
222195339
217950103
221309579
224160917
90269398
222998942
219773877
225072844
222411484
221741914
224566090
218670385
225069637
214422485
143755613
225333386
193820523
213469205
182932939
209804972
224410987
206151453
222858247
225043136
223261095
174890018
219188380
15762025
168072056
223602047
215266799
223692713
203592755
222911260
159094471
223529823
179587649
220783296
223045928
212116919
215217600
140293056
224122964
209979307
113334964
85329167
217377629
223668622
148152948
220322590
224931910
221055713
221554180
225283754
165114692
217562717
225326438
221936559
147572131
219663991
210375816
213243432
224563509
224996946
224935717
222025730
211494606
222095757
139940581
155099274
146894796
221364594
214262800
178533843
218073403
221506222
221267819
219363899
222837924
223610966
223658054
152952281
179465378
57760440
207832665
224936352
220634193
220302557
222565679
155095205
219500136
224994035
207698840
224162979
221853391
220211855
219705345
221921225
224933736
216226425
222642601
173217109
215535446
223493292
224381964
132175736
201917803
213083896
208537826
219050468
219780823
222430585
223806496
224833227
202065215
222873006
168754708
223437021
214254878
223099088
223069963
204749150
177687758
215022743
225033521
220352314
216829657
220611615
218810783
225049331
208268503
222271462
210363783
194784558
139746080
211993604
220044404
224933070
218935406
211870856
202500654
75832210
221658026
222666376
217626310
214065906
214005417
224652739
142519103
223164490
209592538
220423251
223872811
217231061
185699613
224651183
223257417
217440320
224063376
222359663
211300045
215664062
213100411
221076037
153988961
199889293
220271330
220659332
55158391
223274292
217260214
223503138
222942630
223909533
197561725
216161101
127639416
222301766
206439846
224247986
223192691
215198343
214310397
222866320
213979965
223139451
206011887
218105585
173429629
214977558
217818395
224208621
216404237
215781618
131092917
206358273
213339208
211241640
218504927
195995455
211996765
223468725
221859634
221750254
166738601
224442148
210321962
215940071
221023702
216419191
124841232
222654370
218250815
224932985
219500098
169277604
220691287
204667586
224601604
215040602
205632016
142170543
210697450
206532840
221467961
209538955
224469508
68646813
214630664
220970522
177553368
181967495
212095616
218790358
147098860
221053963
220210445
172160115
190915821
222689413
223539113
217219727
207646498
217301052
210584849
153362178
218302351
221888781
223015213
220480558
215953365
217634697
224305521
221224063
222168431
199081180
222116594
224770015
214951192
213354029
223566012
80066386
187783327
219271834
146679935
224936742
211329375
214318128
220911650
220360005
194784671
217440308
135027870
220846441
223084944
221794122
147327621
207631716
221634799
224322663
220495210
224918614
209370128
222843039
219974943
222600396
119897607
224253268
224924894
212409647
104048977
126250871
220013584
222544123
224270913
209896910
223206711
217668066
198380474
196580325
220367309
221229661
200116746
207779251
221688513
142510891
225011508
215900395
223366921
218137014
217513926
205355231
181255507
199815493
210904438
148741732
89481872
223390537
218971761
219297653
225186361
224159521
220917851
220970380
219945346
224186136
215904997
223868453
223341616
215646934
223368661
223530604
223189964
225187917
223964045
202665149
194282248
224280059
224920775
208350011
224970695
141846786
179332767
223582610
148107848
208590653
222420028
146155604
217458895
136993776
169421143
136131538
215592605
205912216
224421561
222851436
221124201
151987523
216329230
222667935
210363315
207993122
210067593
221155741
223585513
225217183
224988853
214306106
216511520
222562052
33979394
222189989
222094629
220447115
219760812
224042736
221980452
213281181
222575672
223068565
207110035
223585266
219641645
218802665
151966845
223788044
219456036
195072567
218907569
220837783
208521302
211480777
180306507
217913704
223613854
215154204
222197485
202037266
124014228
203510114
220342466
44972909
206642885
225133929
216472189
224964199
218265812
220314892
200400653
213470085
218164176
224156395
134413594
124049698
221961229
223483527
175141255
224036214
219521915
221121654
150785993
172935505
211992962
218843689
224235780
222092503
215802320
225343372
146966350
219286631
222993408
222853907
164203697
211182356
222839880
206152984
203927481
161081032
218504290
218623115
142698910
72250362
109084344
205413239
222051312
224356135
219225269
101886350
219361618
150799812
146077696
200050745
222857511
223693087
210729980
218293363
142633808
216942776
136728912
208939983
179362560
58744408
223419531
151016202
224133235
199600247
221902805
220514043
224612178
221442035
221992450
225062058
224825159
216145613
195503583
202189607
217343085
206461193
212169833
184773061
176940451
211875450
43936293
209432797
224126691
219943240
221165423
194618099
219278116
222788501
127810387
223906867
225010589
225335928
188641668
224928882
222100710
220975643
195533047
215873685
214124387
221375771
221548831
215236183
215548675
221882282
222894036
164224479
223852696
222052050
223797210
217443670
210361801
172968444
223713541
224265730
179788342
206904924
223263099
211061525
224675316
200485349
224359158
142946306
220801094
214119805
113535399
207996993
218399782
143733858
221475772
211696477
225331960
214882650
124853734
225134973
206522405
222621006
219390400
196665006
220036969
138698682
224909184
171838513
167801842
217010399
106951644
209273492
220460833
215481215
199755238
215432626
224927204
221231601
219444207
222637233
222981355
222835426
202047264
223824406
221065203
207296770
224507656
141269670
211093811
222538837
214736176
218168427
156237398
206262424
217453271
224466281
212378174
222221469
218764448
220152900
221558777
223846389
174144208
220435695
223436801
211089684
213584697
222416370
157188397
181641995
199830399
220181715
224499800
218997314
101840116
216947613
218460937
222381179
223012338
219244119
219023211
225291183
222474212
220391132
207098077
221209545
222009313
201818221
211510002
220267052
217258496
191176829
199765608
222300739
219482753
219758762
197127924
223092941
201348469
224361801
221997333
220458613
212487361
173456255
188567294
207777825
207452435
86538577
212650443
224915206
221133732
224477911
64581559
206573347
165289222
225334722
219437192
216341919
222463614
222686956
194785337
214109105
223691621
224932608
223050801
216720059
217797134
222215048
223279119
217838949
223632877
223965424
225165059
225111738
118170501
219839385
225336804
223496952
207780735
224273434
210065795
210070364
213025029
215383235
149347327
193662572
202429180
215668604
216188325
210809235
215366394
220529022
221566739
216119388
222161323
219347340
211955232
199838396
222593711
219707383
223604852
223510481
221343923
194322157
138569911
225016909
68544948
222542007
206168488
225089010
206035600
221601466
222937413
209116520
222193084
222533573
174197140
219291174
223366714
225140140
222571369
214874475
219653728
165108906
222304185
224991354
70786306
218479368
202516856
223009368
169313276
180792489
138264196
212791733
221348726
225336054
147945220
176404494
222839930
221997681
222462987
178558195
219873176
220172019
219560974
212343297
224242555
222967290
196139868
219277200
213298502
210498356
221497437
221094625
224930440
224795449
223923132
224187382
223358437
219390768
221228018
219610433
18493737
213859486
172792830
218144513
170162074
211605437
159073884
225331318
198144773
223433623
217151672
224935230
217723846
211150594
224937241
225334226
219707082
224358911
175123071
223703335
216142085
219602373
196325131
223854816
141970700
218017063
224741736
173721665
211644614
219508407
222906031
223490387
219181546
78401345
206981971
224392571
221806195
216273968
222677365
212162341
224821812
221792629
225052879
170959882
215598855
169044690
192753232
224476471
81483212
223314590
222899862
212368762
192404313
225322749
219006574
209553188
209395792
59927322
222890359
225327277
172562701
224936235
213050251
223262366
215179626
218689967
221520550
210972731
223460240
222895781
220808203
215841623
222621471
138509304
139918751
223341928
224892832
223986725
210177710
216792224
200069002
221791768
222825525
221276565
218559254
190149674
224306004
112369209
200811185
199840627
219590598
28876048
199370903
61531666
211263890
124669694
69547686
220211289
220835547
216893378
218019200
179882197
219778502
221673259
223129257
222679182
224067534
213841461
212965752
219189885
224336376
220474481
196536822
225111379
221449447
221320792
199354120
220845849
222975761
221770709
222519328
167793443
218842036
223894424
217558916
225220639
150738784
223054406
218047263
210029296
217754486
222264405
218104685
224879260
221931670
216061253
225333746
225329720
225048908
218426379
223629813
209534189
193974401
218500972
194705477
225143176
218895249
224987406
216381231
225326491
224245772
223696885
223092122
223974172
205545310
224094588
161259807
210962289
223589269
223069258
218290684
210092989
209216232
223058324
196289523
219120618
193728496
215852517
213252107
213782495
212848132
205233645
225103632
216921897
220329828
220264778
222161755
200891069
141762969
225157126
148136666
222156731
225049367
219671671
223536083
182830212
223405604
220558056
217175151
218796370
225329413
225019746
221262922
220480988
223016801
224919704
222463153
213468574
215868004
223695398
202608315
223925585
216165018
194442981
214433172
220951998
69540593
224970311
221665313
219837305
221134694
221300766
216327320
221689017
59216769
221606703
184894433
56750880
221543506
196668326
224024574
217738008
208680162
224696039
209763953
224079907
104315589
212115201
222175906
207447956
217842883
224931645
214420048
216263989
221762276
99723832
136975179
207109190
224825108
220764557
219813690
210004038
198751076
157730658
213960246
222704814
224372370
179574003
210683231
221355478
222304918
223366918
206893602
219675121
219829845
175641629
223258163
141545913
224918152
225334590
218712448
224936173
152791475
223436683
118597062
217922347
224611620
211138024
216527195
204549731
172969177
207569476
218237103
220901718
220693265
222361994
20822240
208550490
37499849
224930937
218967450
219047830
213226442
222137596
199268325
216560364
221747752
201367964
196403235
224994226
115298354
216835282
225331929
219833251
224918428
216305373
224933776
135112942
214776861
224263235
210776028
225334148
188362729
216890961
224933920
207181059
195034677
224933886
221091951
182746068
220552676
224997083
214865170
224336243
213672386
221416274
219501198
221249387
221378725
217726177
221532231
192770511
221900278
224901211
194437726
127784341
215483085
219610022
164107342
222204430
198835186
225332327
123833804
211250656
212165819
211984452
200080002
215291068
207228225
216007412
221809739
194644634
217257622
163951961
224271783
221813110
221762046
193986529
219654024
211113683
218867125
224307470
157666906
215864135
102630421
211455110
224252515
176739023
218007947
224448490
217013956
216787536
196356882
221325114
218609500
217277095
221792990
222536703
166634851
208639497
215498036
148600827
191757142
180490920
201819141
215917305
107923537
202225020
150027373
179978665
220329560
218057371
222647343
219931747
222652620
214744703
225108769
223539632
221004932
221318561
217663134
222974762
218191915
222202414
207459900
80193007
84085884
189389155
112943103
218710231
211089522
219003217
207378735
216780413
224615365
223802158
222995041
208448133
218715334
220696397
217839848
222122745
214302941
202170463
146804651
201802592
206122737
192944599
222906537
210416079
221776329
223186622
223033893
217093089
216071646
136072196
217925311
213336026
219711884
219190719
212105414
161541941
224880309
222062209
211917664
213619884
218855175
224711278
191275566
222310736
220005212
224931106
198623468
211736262
216184807
62880614
212821433
154968832
205953119
217849716
215257001
220423107
222771802
220287195
215993717
207953790
147156140
200069897
224077118
219282212
214812409
216818070
220474414
103700361
205387004
225333024
223316813
224481313
221302707
222528138
224835218
222320426
221725557
224603925
214335858
218036074
212450866
219537830
223910964
213128407
217123338
220592044
224994551
194956098
218765435
210771365
220417458
205228374
223291049
215855841
219188670
225218898
211647370
219950052
220235505
224932359
218320128
223853002
222268406
74672438
223708231
202146794
219996607
215711790
149000149
220852741
209707037
207491827
209369203
223209125
224077289
188279115
208909417
200584208
224189449
192973644
225165807
217569853
218133702
210410414
223370196
211764692
224936518
126288035
223263334
225332390
225329430
157845692
223583960
216364067
211375935
200335134
214585153
211924363
225118111
220368883
219815520
222918179
217557511
217727829
156104104
224924990
203604547
205921946
209790508
220112313
65636560
166632551
205556059
188255737
212799013
224336459
225169851
220691997
133185339
217839315
207299230
214493365
223522951
98732384
225066900
124806809
212966276
212868388
177180728
222524587
211595486
214617378
222968380
206523026
213457230
211501927
134516599
219093433
222157547
224001473
173167923
208477596
218912028
71375293
222739268
224250452
217904194
147201064
222954472
216376154
215235891
211744311
125273534
210421122
146342647
224936482
222532949
221925176
204172642
219949452
215980446
197831405
221653415
219021096
221361179
194644617
191309586
220588629
224934573
223236204
218563662
214768877
163269517
223557838
179260297
216395654
219184268
76496487
223283308
220080873
219100022
220233355
213184745
222568977
182596934
219798219
217254996
212419754
211357675
222156543
45078364
209076310
77832240
147250659
146347259
224656208
212502389
218032684
220961443
215240555
209288850
218129540
220709831
217864195
219255731
159282943
209359823
223438519
220605348
225327836
140781102
66267236
217912571
150734282
198154238
74676725
219759285
136788161
223537249
209709077
218063099
224153906
203793580
207879061
85278632
185590334
222087151
222942325
223008286
223029019
222816866
156651567
224292328
217282229
222299124
113269717
179863387
164146087
217676293
220660885
130998378
216414612
224245322
187499119
221768419
63404039
221142035
211633769
215456318
224318880
209293481
193205461
140352199
195016366
199766550
221312768
211901790
172009231
220095013
201917917
223848244
215819636
225321525
211895539
212674460
112479383
166768688
223338291
219240921
220898989
225334423
190787483
222464197
211551425
225105717
198452340
124429967
149146875
211948874
50134333
208295574
110498145
216616961
214617994
205325047
225321128
213424314
222462789
210606365
225067382
222191774
211927783
211376469
220160604
73472123
221308410
217967925
220534780
200401933
224447716
185360937
206767870
161662220
223466301
206911753
219123148
219651300
164331146
151168679
225336218
143710497
96308296
218486726
162655551
221297440
62480987
200118743
212375915
223745759
224263452
211165587
208351483
222193626
222516735
221904194
212482857
222239676
225014628
222759919
217902738
224104917
202438289
177583234
208597177
221707526
225329508
224924876
199388783
218494794
208510590
149974328
217614223
223970111
209373957
194341632
198273078
221406713
224291097
215542970
223018996
211560259
225050646
217789665
173449964
195849978
217976017
222146403
217442906
208172855
91704118
220323032
215621884
223475774
161434164
220311536
224966194
222941589
213894287
225158134
222329726
222745404
188514146
220702102
196489792
222800121
221570480
224093473
143437806
208631101
135286089
223019303
186077511
221366788
217777718
220290524
205344988
220205317
215592224
224246263
218583010
205322663
224908802
225231855
193418552
221618935
217234454
215358554
120576730
225182379
151300930
224940079
222070249
220946129
209289605
211862348
215082743
218560615
221718620
200075533
167804419
214259821
148546170
209183557
224937572
219404077
221630202
224387971
206097260
154177274
206234649
222844662
222381409
218287983
224372891
212846643
217670031
224369337
221758296
222539842
221418780
223138279
176084119
222429257
120026159
212329641
207328927
211469715
217680594
216536576
218343718
219342667
218749349
126165232
213562240
214981831
223668186
205399559
224231772
221965919
225321665
223724595
219126997
221160612
218843743
225246665
224923949
222570353
173266277
222112428
220328551
211052493
214957241
219391645
221306525
132684122
214829428
224595302
224784203
216735752
207263428
197108113
187684975
217521152
223834930
224825896
116528423
224553546
212907417
195231841
165462950
222956185
192198052
213852661
209866251
66286001
218355977
225171176
107620938
210306460
139476575
215237059
184394463
197938121
222901243
215474104
222463973
205236045
137309730
224720126
214901901
224132487
220369231
222271601
201635536
220591219
214967933
216379892
216533187
154200875
211350720
222238043
209594622
214443470
222829153
220410614
214803656
224657498
223569763
220842629
166041810
221469256
224931918
222850369
220122003
201972446
223093795
173426664
210380527
213096615
203626789
219925208
218533689
221014366
141844190
211771561
222783238
207300551
207606608
31622669
216093335
132579976
214262833
172172405
217269874
211646652
216322735
225327168
197531991
214775712
224363842
218338086
192874691
217634855
209848097
212097982
77711106
166399741
221076373
198617811
224961266
224917337
190379163
224845606
213754997
168645699
220232915
222468146
217507838
65558187
207249993
187598236
221881637
221870890
220600580
214665780
132356734
216082920
206076513
218861221
210655086
208243066
216134456
214054519
215552974
222604618
220970834
202234555
219368163
204667633
193605673
224767568
206089397
154204145
208660030
221096961
217726421
223258191
184137277
219992933
225111851
223141395
221045934
111172254
175107644
213022648
189293512
212096046
222355139
224936081
212041896
193109286
207155784
224482548
155396754
173002726
221763234
167914172
224140646
221401598
223729556
173205433
223374141
225331279
138839293
100450540
79140417
221675528
221655022
220884059
224920929
215015033
201466695
222461445
65074956
221468333
49167874
225156054
212697964
215705801
214923571
223344401
221965954
219202757
213151569
213968617
223606070
213460094
220104020
201131429
154459626
219561153
151193886
223296968
44430622
220899592
215098350
199897387
221752435
100119685
204153939
218228422
207349431
75338414
209653574
222244584
223938299
218520324
181449067
221274879
89201061
219178108
216573115
219565022
225316887
223962547
222504764
220261753
221547618
144487514
214875890
223655049
218793580
210713491
224335869
217485702
216187757
208293928
219905282
205649389
208486708
225277106
94829422
222487163
221717718
223046991
218708315
161141726
216105447
118843789
197097253
162934030
217877237
216845855
214956419
219571216
223148880
215755379
213306018
221662262
224266836
225005554
213477645
188101165
217110876
216397666
220028898
222301945
216044513
216829799
172704592
182667404
217914882
223263501
219299494
217084517
197532349
220910775
220469654
208594113
213851852
209407356
222421664
224545416
225246911
212912510
216474517
208710508
175124241
221272764
222078400
221670938
162553576
219070904
217906014
222096812
214807261
205387272
218164226
219239203
217876121
217350936
209681474
207624794
221989918
207431717
220557368
213024978
153491937
217055677
213079303
217787973
128599752
225225282
180224749
44292860
224930996
202598709
212161982
224933762
179759996
223976431
221051184
204893822
222621474
201362243
220653805
216028931
222520504
218405342
56528130
222679620
103212701
39886761
176838762
210869080
225213419
212048908
224930749
225334624
148944852
208844073
190284787
183783688
225276699
224904723
222532958
216752697
223379190
219608002
215066662
141209140
147116383
211145591
225060028
221976402
219277581
147113259
222551839
186037737
224943392
199813510
207204550
221063327
222103612
223094541
206652034
224353947
215675418
47059109
219703030
218905576
225276651
220767351
146378342
215155119
188346620
223008964
205650268
206147517
218495295
219320806
161469713
220008011
208307716
210310799
221796123
215966478
217378093
213126228
224221116
217147914
224933279
224932124
182358054
222129442
223184903
213231922
223159934
224059079
210009852
195109804
223391785
107607104
221161891
220472080
221077728
215450253
127112506
147190287
224643579
96665534
223963242
225107346
221168631
179138457
222315253
219343063
213883738
212104328
220475549
199063314
221748692
168812858
225107639
181786859
201625443
212997204
213077423
225284108
206151370
218649258
223315949
224313878
215557047
214251937
223394260
155743276
223630020
216869228
89566735
212105909
109794190
165256828
218964269
218693962
220360749
212350760
207958450
210966917
218839752
216186835
225119216
219738199
222411846
161479255
209600979
200338930
224562443
218327156
218755776
197630198
225336925
163344416
144823069
216511736
223653339
57005457
58683579
224360639
218897657
205614359
144327975
225166686
216369713
222624294
217550170
219677598
221010439
219656393
145508933
224149735
130093555
223584944
208411463
220743263
191807068
196827974
218740605
220334598
223956034
222947702
180111774
221769377
179399051
194824381
221340040
206359134
222945175
215015385
92970226
219279102
222479860
220638697
221169327
217233451
221276328
222383564
159326796
108659845
218630614
221702533
216853130
218479712
204842044
223146246
225045043
216900296
222920235
205554606
223715215
212512051
139525180
213866710
121365214
207080618
224932424
220392601
223815118
219540904
224087576
211053712
222513033
199270326
197645694
223003702
219645551
170215503
219925254
189160575
211878066
215903204
146698397
216359601
86616859
215974121
223739579
224162583
220793797
205456948
208690439
193911299
214960519
223204885
217741140
174553448
222621927
224469396
216314423
225335226
222970454
204163259
172749067
221746634
200880359
221810649
211557971
220364395
223944856
213503806
218863867
223350413
222788631
225053181
222692522
220115867
221425181
217238609
221271369
223961976
218477132
220951227
220725072
214549020
221957490
221668405
223380813
193048814
223866887
223965008
212790895
224267987
223364352
223605039
209604145
220972403
139409248
109203427
223049675
222435226
125274391
207108818
220545411
219787917
214169776
222153824
219571361
221998433
188442886
217098260
224184005
205113245
71000599
213284929
224381920
221548603
191636459
212667931
219977827
224986938
220091405
218836370
222759202
123434905
219780459
223745064
219891495
200818855
213792268
222137192
222585018
223259356
173355209
224320321
222297284
208235925
222550486
199151879
221859039
200940893
59323678
206830349
221889514
223740178
198664010
222208033
223730513
218011262
181877997
206218862
214024103
220205998
222170591
210202533
207552200
214821991
213672739
207526594
76321160
218950699
222247136
217505746
207035857
217319821
202797363
225047190
214263687
214478786
217255265
202344832
219569720
219870831
222379737
212012501
210257533
143683563
224952982
223119078
176404520
208868295
224972265
198236881
205903312
219771222
223577542
223383719
205080791
165800374
209233781
194618112
224522491
224311398
219070296
211743124
222998094
210712326
201566063
217624523
224481334
213178422
222732273
68897883
207038933
222187056
216886019
214708179
224101116
222501980
223093958
219735189
47176792
224934641
225188890
221922082
214716292
221395903
225175001
225158157
223442058
218792729
49781429
220419908
219527910
225167805
220526959
216187728
211494490
211632910
173562283
225088237
216946854
193650290
220314561
182839512
225006437
225333723
151324224
217988562
209711460
182428850
202928349
223558859
207333473
223900702
219184882
218812406
151453788
132337183
223601308
202677017
214837591
209483047
224631279
214756351
218656403
223482674
217381785
222626050
222072575
215703571
221624398
220367305
209800561
222851037
218313552
210426791
223062617
222670893
214613636
224927407
199816998
153701901
205398155
224988620
145799881
224303705
222992737
206251296
202362713
219780202
213399405
218258658
223379776
224281523
215535006
57109970
200634813
219561004
197569507
224925520
218605139
223918920
221888808
207605930
135106592
222735039
186478441
196972812
145770115
224934395
204432802
220307960
113316279
207089560
216414098
224946000
207474089
185982579
140451499
205854383
60873664
224937604
223258893
208121543
209924637
146782924
158725419
219819142
205156241
207099792
200296060
218857228
220186556
192576380
142095247
225333857
194621170
212209016
218843925
222607007
221759492
153463508
220648756
203073246
223984024
215109342
222461658
220716751
212305732
207522597
139827040
221328444
220524924
224936149
220477079
215779922
220357921
147782373
220599335
190662744
214774522
218007842
220490203
220980482
223794743
139693676
222801737
223521124
222682391
137200318
214946657
194627086
222631150
199501579
222981356
220277801
222231874
223367667
222321590
193971307
217664891
209120850
225325047
196511036
171109364
223890112
222352214
216318332
216396852
221554208
223743162
183764687
39822146
224942316
221718798
222554792
218657399
221632878
222318506
225058672
172807130
224936393
17987869
218950453
99896314
222919308
83476451
210697623
198682256
221034259
222606331
194622826
211228060
188014761
192865023
221681167
222905801
224254456
218560550
223270662
224088652
210333381
222619563
219357479
52003755
217748888
213720902
216493235
220240141
190791877
118827491
219869106
217406233
217963320
140329144
147519618
221057357
187431318
165221116
210355110
221802521
223720982
210796445
220204009
222762866
192134085
103432716
218012949
139626595
219852515
224986685
220239962
224301272
225322420
222849717
219262995
210770585
223609213
146722244
221994725
219664063
219620715
220216379
219100368
209348729
224604895
74547844
224497127
188165440
219564809
195298219
214774955
224932358
222745666
217116166
219471367
218885255
225171226
219713029
222794660
213953904
223311453
217663855
216929137
213033214
217930101
224954356
118600198
213209827
132057231
222146446
223324975
202922734
221675866
126849866
132658542
100771410
221023665
221248455
224246451
64322008
224198345
216025627
205326198
218179253
209743220
221507384
221406324
216418645
224970792
225332923
219273198
222027630
223703342
208109446
220544424
172550127
224328420
220537493
209129320
199272054
200655981
217580973
223560440
207606802
182495120
223962740
224919774
152011290
217511484
211349130
209901266
222505589
220089241
199705666
213183623
204435604
178634726
172736786
221286063
221106468
215100247
221675115
147727119
212377874
217901427
215295444
222535552
204941560
210238163
224934245
220655219
224221039
225188978
221961406
182591151
189266134
221842898
225106106
220468425
219351853
188688757
224980971
207017547
134676253
225110375
168172628
220694467
223346891
69266002
220724516
141682201
221252615
214389020
212527789
223812119
213226358
221659610
154792330
205964880
214691723
222893314
220068210
212091926
223804283
217616676
156618305
220474166
180125655
215338710
191305867
215395334
223803378
194695829
181112947
176873494
221306203
141342226
223485292
212798391
165578452
167951057
224396888
223946972
222549230
224921093
221670882
69204983
210176667
208675316
218313982
224707001
214181781
220649214
213059634
224760432
223643514
223093546
218969507
54666461
136535257
218687194
221498297
211426536
225335147
225256268
204733660
225333656
198386242
211981856
220369208
143390910
202755514
158189946
220360422
216706867
223660982
225055068
218901484
220688854
220916206
193831113
145676680
218333539
219465342
211981600
222305685
207060332
223635911
211595518
224372443
209597174
222411474
220106191
219173511
219124597
190914844
222119814
224362298
221753207
187166532
210871195
151988042
224933472
216900974
224089212
221799024
224911123
222963918
218506324
220964829
194797553
217806297
72449888
209380744
190282516
218166820
225053675
223664359
224100730
205197355
213527609
146554069
203397683
224018437
193077999
184554425
140640284
223931659
222076916
178706595
222479587
224111372
145510162
137903045
170408553
146271712
222599129
206191974
224099077
213050179
223909098
219351496
222812678
143703009
194862249
223883684
150064271
129053589
219654759
39199438
212493971
205931760
218749300
222693223
222281171
214260760
219148717
197941837
219706872
214367656
222473181
209461190
207747712
221002805
224682561
213427762
219394989
218310316
217573809
215594886
224928263
220509932
222368916
224882076
221379176
165336727
205615736
221599913
75186912
218432914
222468172
218648298
202663548
169052821
223653037
211764989
220386959
203364463
220187498
222045810
223857583
224971629
152591463
223144333
198517053
222345400
222143607
224509376
198568152
222196303
225157811
185524403
217503568
214831119
217357498
223636321
213520981
212329234
155547111
221003584
224937859
224937892
225335633
222221285
224326173
222780869
220146857
201178858
211636684
224419808
224932102
203946098
224037280
215716436
172030290
217838368
219299287
220932193
219239907
193490125
224711279
223853354
207516359
222889132
120501073
218286216
214246733
217198405
221308664
210589777
220573319
224785612
215148804
225333115
223146252
224933393
195203974
222252657
222383132
224426462
206227411
223021532
221659359
218263418
207287130
214248337
67531076
135109665
222962133
222545622
219479948
194787263
225329807
218956470
209104199
224280048
132958236
222674162
201638169
176185463
216917861
73149996
223610522
221494347
222169388
223409435
219079636
220900027
195567458
218743269
189295290
149249453
223608123
222322432
222981961
200879204
164900351
201382154
225335599
219277416
178640087
222676956
212535788
220954360
222061210
221936645
225329059
195130216
96987547
148112677
212700169
195043590
145556568
223276522
219437442
147079629
217689114
218160149
218793595
199997226
207629915
214545662
220313057
77207765
220259403
215300581
220211376
223302123
225334841
166190298
110290109
225010745
220422817
174570976
221330501
225063894
218354090
220643111
220592163
213619724
207229039
224935170
219955298
225331498
81462060
181960536
222053802
220718901
152867191
215833068
215795818
206865549
216064757
217103456
224481511
51676025
221228579
206977277
218848690
223910449
220567888
217458633
225323594
218106937
216886318
225043843
221365030
219129080
171422465
212975511
206875471
218622988
77918820
214613908
215346448
224948402
219887726
120910913
224075108
223597316
171395351
216471536
216707254
222465782
223713358
220485578
210061050
183019226
223107091
210414571
168080986
217074969
223057696
224936639
225330182
224094271
222267406
221288350
214419592
221349944
221705494
208863105
222984834
218793711
223160073
221367012
195508113
172158994
224936498
215955799
214708906
213977352
209538743
219618530
135348990
217897211
209475785
216444057
225334677
222246837
122355105
217376989
139434855
221719310
217283502
219923135
224050439
224766761
221887141
222950836
224563724
217926661
175750664
222045805
225179757
207284328
224385661
221098236
221807067
217211723
224106173
211948467
208239109
219384313
222982430
224440230
210305684
222839109
220273578
223751043
221285021
222389412
214868443
218901024
222326109
223095252
222785965
218686919
222419414
223176063
222116340
98214127
207768158
219570358
119324931
223670677
139700082
185092418
214029241
223036528
221351829
220537598
222908720
181569848
194801970
220533052
141844138
210470215
216207842
217517968
223909450
205852060
185354745
216377037
200992941
222305536
224336634
218795723
207597609
223510817
225017893
205308752
117530803
220218644
222150905
222152969
225221459
199600799
53553929
223065256
213998156
222246292
224050529
209685472
206272253
218722881
186376020
220801571
199065560
225313454
222707942
216889473
219174904
225334058
206622796
195358709
170622676
217678790
47759165
215799970
225141872
220209135
214447166
214733913
224649315
207163396
220287247
195380234
224721907
210334190
218989719
215151909
152595116
220799064
224930011
224918475
223040955
222952671
211096592
221454868
221968207
208100294
219350423
196686607
213619462
222061022
129241667
225028900
220603764
224992011
220320610
219896043
223937703
221048397
122638265
215049348
220441766
219968645
224074697
131586213
151192733
204770737
222947979
74103789
209924450
224908591
147503206
223059347
221885773
210762017
222636584
223581994
221481881
137902375
215134220
219440952
221619112
217771475
186536615
211580001
224475598
147743165
225113688
219869472
224926512
216307700
223693177
211265412
223162128
190498807
223985802
213396166
221224245
217321582
150655198
206186923
211992473
217792732
220316476
46212145
154255897
174149715
225167545
225316623
221791534
187763653
224881066
224079949
219176664
224834496
222361202
224342260
224934744
183084501
221274892
169241160
224921942
223530527
224958496
215591518
216147868
207305480
105676378
220318867
214541227
220258158
214366127
209728878
206177433
221607463
220897373
146892240
207614133
206643116
205864542
225019594
223767290
192303328
207707232
219009369
224632925
225224484
213782759
146976443
221753365
220290977
224011480
222904254
139073929
215646759
223127734
222146303
219515015
220984786
223496516
223091151
223719825
224352060
129914473
181548052
221020694
199275184
210181914
210365034
220163816
222021578
204447099
213563032
198400537
215989315
223663068
224479210
223383715
110419468
71293336
134354065
72797673
222278765
224216263
220784586
217406319
195424099
192079220
153689223
224063494
224812902
225170535
210242933
224910069
149384722
222599587
225285986
174813092
224935937
211598406
220957582
209160349
220664310
225218777
220899204
221095913
209277730
215680979
196111864
223200783
184626240
217905637
220940521
217627380
116291615
153436955
222109882
207746441
143160280
223067486
222622650
213164704
225108695
146470248
96021609
195904840
222555147
225322220
220691942
74774536
203012922
223476451
120630034
224884029
224510345
204821722
186262723
218108142
223926838
215009226
219411985
211885252
218294715
223907236
221752381
223805610
174818571
210139047
177487464
222395382
214382271
183038838
182968974
221048734
221649319
223107429
218678808
224923128
208668648
215076326
220208253
223945742
207639124
222566294
225201626
210818174
221404072
224067167
225014161
158544817
221451622
178979913
224789587
187957099
213846054
222260162
209628385
220571095
218956667
208514794
222814201
225173748
205716226
222714515
219227895
212756370
185743843
218226773
211486531
224361912
221607489
180598081
219558247
143996336
208510225
210769213
221263315
221773313
201288165
222304071
222558013
213165098
150782434
216885286
202125304
220457359
118187439
169632748
224992804
186192052
221838432
155317236
204336046
225247718
225242176
224991639
214316607
220950223
217075239
223115525
223136608
212299042
203682562
112110491
211978728
222786196
223413949
197121814
215994418
134391910
91286687
202579552
223229725
221880830
199741482
216637573
127519469
210486851
223485899
222410434
212118504
223163554
216211496
214474991
219511060
213651990
222620981
207599332
219175366
221249283
205406972
217030410
219830712
210019334
205505173
222892140
212598386
196072336
211173265
225019651
221412635
200935281
223883657
127144210
220433981
197172119
186619475
221726354
224905359
222378732
219942954
216373144
215400543
213738553
182934784
213404678
219541681
127797818
223430529
184949437
223325301
152608379
81280142
225333744
225336178
214721235
223806594
221414939
216620631
211708462
224431291
74677217
106549224
224977012
136372983
102908969
222451858
210774260
223755888
220224051
225053066
221738770
219265291
221052393
218200592
201664628
216951415
216185578
222644132
208911668
207365280
221018625
213820465
219301675
215033049
140911699
219273055
220536062
217957953
224920589
218691021
211045982
168863719
225110075
85057420
212748292
221460647
219678507
128563794
212686880
215125034
212115849
221500443
222836638
218950571
217021710
223641480
223933260
137291222
203309304
218452675
203607363
221308250
62743824
224266366
217975462
224351687
194596889
203459901
209968165
223145183
217839867
223069865
207625132
219033352
211240080
217215946
190769221
220314577
221411238
183300970
211314562
168335004
87480297
218401582
223723035
76103878
221252275
218813374
218913348
224919524
221681067
222170527
219619871
187030150
215720552
212818635
217470572
224920585
222769051
221455832
222864684
225330374
168652805
207857552
218740924
215384656
192312482
220273227
129118239
224764391
203894288
189582862
176906802
166122953
158327531
178029678
223789429
223048990
108553015
212997876
216192844
212984935
206744445
221353101
221945552
219956459
222469292
150553108
186050157
223417628
210333524
172293493
208611419
217636825
206426088
220782980
149944244
217682203
220597238
200164769
197354592
221709194
213142897
85579577
220574186
136729942
215900633
222411728
200449670
118648499
164426967
193672054
195575025
173924936
181571688
215016678
147344464
220262814
218702175
209324268
85325189
212099790
214946496
223053292
216921401
224625703
204247903
169834450
214120881
218520255
131300225
224931936
70400549
224373582
174140571
194316790
195976136
225060565
223763849
223647798
216061476
220458962
224184216
216122703
222346306
219449607
220428936
222224552
209652972
225015015
219652720
212592506
225222588
218787630
136761223
220953532
222443142
217899671
225197787
131226700
215772710
205558623
222671998
223465694
222969039
162243974
223527565
224042271
224074596
195507499
223913940
214020543
221889207
222194436
224125749
166148451
207105285
206220312
221328271
187684206
220871613
221014168
198744639
205879763
223395848
135689602
215836357
145503235
213178600
222339326
97638456
216158697
220473899
204957873
216543987
196187053
222477093
222727023
200308546
223784025
208645010
224081907
223104446
219865998
224657623
220367358
141779401
225223666
216979238
136891356
222790694
195307627
224303585
223239394
214151824
224034500
223364875
155000645
173451061
210277434
223049013
167666890
220282946
221379291
222353488
223524725
75591083
182626903
217932610
218677005
200584646
212970515
113421064
222167102
216911329
219592176
200790329
217898422
206887407
217950439
194607108
224935619
202352761
215091959
157832109
213693040
221885869
213242465
221070278
77236290
221220514
213279492
214616297
219552094
223521267
200996604
217205857
219343994
222823903
221890509
212803070
214670132
198734404
211164762
221079160
207883891
221103040
220323766
174894703
222120016
221710826
217143056
206135951
224306612
223554256
220032925
198273191
97042176
220836857
207792729
222308048
224366836
75772804
205899103
220469624
225389269
224285045
213885089
216885547
220498922
221610295
224935805
219058185
220432124
224476519
218410840
222095302
209903643
214256933
204750977
218908026
225192019
218372401
222731855
217838897
124067040
220664988
223094182
220685602
220436572
222526682
203937228
222109452
222196479
219402192
221528524
214887989
215460838
216857780
219569678
212291717
127764321
207034915
211926732
206856859
217909738
210609497
223768855
173696049
225323511
220047604
225320243
211632244
224074673
211260382
223022886
211021394
220766920
147412497
209159368
199131730
221896824
221854263
214186915
199672241
124716131
219007201
221018610
225098183
221191391
166436649
216674385
220595501
222448416
206434973
215258361
221320826
87265525
217778063
212331305
222317736
220592725
215451558
127805184
223531012
210696831
223047340
218457684
216143654
224157185
217410219
169074492
183012235
213411111
200429184
221870666
187657254
217145941
198275128
218007692
222266656
76145702
216188021
222317934
205051051
210970893
194524505
209778729
139966438
222590227
219843351
205692685
167910714
200913229
225136322
93577215
218864675
221085486
216284561
223172185
132553628
222214103
222534804
64238745
221705775
222204036
220789598
216147597
200804309
214639035
210802501
214430648
125464269
196880210
224940204
165329154
219622643
221811747
162632425
221520741
218429806
219186543
222525878
206385136
223759605
225092405
224388038
202901779
222839717
225325722
198804421
132658418
198479485
207617016
217206499
210146501
195770942
222059618
219134215
94129445
190883671
215131292
75757556
223472080
223996929
179846843
225309313
223615879
115088937
222207447
217637719
79414895
210064766
214553871
224912991
179359181
206683979
223659882
223911188
64767251
217245648
178952725
207150481
212101872
209245920
140048762
194066126
134370957
223125121
225276415
214281535
223702676
208618587
212370204
209862187
98234700
220267761
151652997
212393753
212695912
222017417
206431680
223540090
223091661
222249351
224784975
186848870
212593085
220346482
217546186
221174568
207199760
209785653
220466324
224151989
181750601
222155022
217287255
154880440
224527007
217356986
167731184
163903128
221494330
205471950
221543645
211633825
158899610
222077772
220205319
218685387
224945792
224840083
212111740
224235154
184122701
175928018
210702006
130164745
222855295
214722839
217098247
219871695
221475389
220954966
206074894
208914275
223107963
211832562
194889496
222860243
218976791
220428944
215154794
212661924
215087971
221972864
150560549
201947060
121269457
224668238
181794225
87250119
217616755
204773001
204897369
217376700
135376267
217016932
221419071
221511825
213823178
225029818
222383369
220444957
216365448
178191338
220865709
225243001
164859347
216213572
217559840
210749852
221712123
222210590
220240876
207644583
178610162
168938527
220534491
77301723
219277135
218850968
188283390
222727967
82766004
207849478
185971484
215948599
225047757
214721833
219097430
70793641
120303955
223050186
224780476
221932732
222837402
179332253
113325460
207286497
214719498
215900769
223520377
218478100
224155461
223672227
210697782
224898711
217852299
225186752
193604982
205718809
222908649
223340864
219603301
225220731
221557686
184253214
166250992
198656959
214195395
220758888
42582082
102115188
218899029
221626324
223581873
223289537
209135650
94556667
218167827
112476904
92209594
222057637
220633910
212653177
216842121
224031838
69192030
223116395
224976086
222017734
225336597
221114345
220543703
135357421
219386096
221838506
225327213
215187174
137739102
216048826
222368365
219010031
214310470
214643555
220562064
223281777
218242138
222468640
217775343
209824768
225324835
220615637
197099945
223736878
204612290
218843678
218017252
223205191
212958575
222741403
218456629
221840832
196711902
223721001
158451938
221826962
216632648
213780665
218832671
223770141
221773386
217883989
63026222
220379012
223649184
195900454
222275729
194760104
179964969
215439147
172886382
41996763
224914063
222201301
221382626
221065089
216263677
223117178
223359809
206583309
218005571
222046227
220205483
147433181
223890908
211445631
224933557
216125225
220861524
223395603
162083356
220293451
221509028
224921639
222415850
203406122
224934747
165319174
214510532
222803851
205651306
221805969
214467706
147696491
221205827
180117312
216001249
219545280
219989237
223007894
219040753
222913613
224107544
221778513
221044305
51405845
164268591
168557060
215972117
224195685
210014373
220994493
147116636
133921360
218421107
223143544
58356054
219603106
219086442
223776206
218696430
202841411
224918524
212727779
224310705
210638722
222670236
222821217
57333056
221005083
218871890
225317835
217517250
174010410
225325112
206587629
224262882
220964566
223630661
221704901
223476544
224169841
203414583
184532198
219333753
86598553
166271486
208041849
222529144
161580596
224891460
118082773
221052336
219411183
136858155
225321923
177885343
224320144
215960032
222434786
221683493
220220610
224198959
167907978
210140518
155837813
224150408
223654225
222922326
213320329
216847811
220897499
224932652
214437081
217979106
223383112
224933670
178829958
196259102
221466822
224345318
225336309
220218367
221928978
225276831
222836833
214045351
224155277
201451015
223139932
214246023
220238777
221024288
221002789
202407399
132461816
223613950
225161902
220811671
19302586
209199759
218223319
212035668
72910917
47854535
223031616
221745754
224010109
213826335
70539942
223854930
221204003
116918972
221993304
225018925
142409803
222732618
201820662
225318588
215150263
208908075
187782949
191723161
222261259
220364955
195240821
214570143
223259786
223923335
216973845
218082229
224764911
223207074
220243282
217507877
136037703
217862023
199807002
224794428
223689856
197662128
221186331
224465028
225069356
224563201
224937452
222263672
224449370
204317598
213938214
222726120
222359486
218860391
207848032
223481326
62823484
221808835
222512244
224326765
222233990
222942293
224108585
215631458
224053511
222295783
224652844
224932383
217671000
224934213
221873439
224311038
218202855
217116769
203954328
223338457
222344602
214453538
224355779
222040820
220369316
179647208
223804315
223665652
154553781
224020176
212344004
206248262
216740411
220843477
221149546
221890602
182031411
221384543
151064550
223633589
213646034
224880466
217051272
224026148
222522245
225177018
218082316
220749127
158454740
217778020
222080680
218159964
208575558
223246023
218469995
224338568
106252076
221012867
221794443
217562903
224422583
133613642
218800220
140366168
224591846
222424651
210677899
155712964
222909956
210539105
220691542
203782330
200124403
215091834
202282845
211643842
206647696
220909598
91728229
18199276
129633106
218399135
207600167
223792166
222368097
222713421
205326349
222765002
210346695
182699385
62351463
213586450
213203108
40133769
220797492
214677715
224924413
219348698
187697209
212169401
223054231
225018467
204881887
223165954
214547352
211799596
222867846
224991515
224189252
221468481
217567950
222369770
181831921
221258755
221078291
214420024
217027804
223418598
222792637
219003346
207117342
196363533
225111026
224931521
220534532
195912427
169309324
180969215
224787804
111884208
224275809
202908190
198008756
206565163
193225350
218813078
151167129
194735267
198772353
208442546
222196032
224763510
225044490
221302591
220641589
222946285
225333702
210172513
216121328
224101500
224986409
125967587
220389383
178560881
209104024
224191715
222642635
215316772
222253858
221391729
220312443
221747631
196979645
167035663
225140251
217253782
222533600
222673616
106307687
202665371
223870420
210763354
223808684
222910769
207153975
211634402
164177638
224398276
221163972
214500252
215684090
208307135
149878431
222412168
77393071
199694445
137023595
208574032
186137395
214876123
221840987
210635396
207549449
213031657
215770894
219830022
223265458
207366222
221546531
94860659
224410018
221856203
219227194
223162379
224933602
211744557
222545734
199395305
221443890
225323340
195829943
217547215
220204709
224821660
222164419
205494991
217051629
225108595
161903644
215518582
206564970
218824629
161477080
209272326
225336626
223420890
147552488
222141724
221068024
222785091
216830233
215591699
219543476
221702475
106275408
195363005
212626155
223516719
203876381
195613660
219550682
220978130
211354364
221801352
211249217
223060776
207623296
221673138
215706242
219412536
218760175
220114876
221756260
221976461
219706568
215457904
223326839
224580166
164324698
222850375
223753116
76776151
219590035
222256080
218895003
219444004
208693470
216188751
205854237
214006369
215407855
121450851
224824875
178204308
168057304
220741795
195041095
200141409
208576202
140679214
219472394
114164812
223601808
212748233
173468791
214396486
207115579
208771514
212597084
150238737
211927802
224938490
220823814
219185905
213671441
210016188
210576635
219076085
224769041
142790319
177633927
137002666
207378616
224934493
207933310
218414700
180493494
215545355
221377940
223701649
224657335
221303876
212092857
207292879
139426422
139095042
212274244
219220561
188960268
214380850
43429657
199737188
223882114
220048227
152605444
223590270
195111089
206694726
224661473
221113983
107823446
199365874
221651017
212100309
220644068
207400567
207118523
213944718
220845852
77400781
143068425
221713198
216832424
205733884
223151732
216315147
184690776
145689434
216072102
224208443
172394739
223411745
174864070
168573916
192651332
216779341
50710708
222360128
217686933
222734804
219556793
207434993
224931581
111886661
224029131
177306284
223181869
163230242
200572399
210229423
215615930
190704921
212657730
219505321
224931932
218226533
222533762
209186614
224936347
221013441
225199218
222735162
118651621
224934695
223035447
224963797
210146827
215107984
222200926
57763299
222493626
222994676
223772215
218739504
222756748
218249806
199433538
202501681
179570541
198985440
190663111
195828935
220188657
223837719
218405232
221060972
188310312
220205851
210191956
215129627
171636811
79570429
222737807
215613114
121729365
150850960
225117408
223746027
197131625
219012325
220264887
222807262
217505016
215014333
217635422
223706859
223853665
224310151
57245628
210335103
39616694
224928728
225336928
136631479
220031911
217738936
213096941
104710050
109550420
221001894
215234505
224534546
218735121
210884825
55661544
198287340
225234097
224737006
181425208
222247122
195387717
218032790
211208280
218826490
219984724
174369714
161930200
152042605
221303902
178628007
222954789
161543813
202485533
217284249
218164205
225333799
225058689
218778859
222667365
222303510
220647768
161543105
224084008
220625497
219642653
154354557
214534052
223496504
121468147
222062935
215515176
206874020
220849468
204702595
224934924
188201896
222433573
210868555
221410983
222912117
221813562
210366645
217314409
221417860
197721159
208253446
207787428
215014305
222601189
220325143
166266453
172098003
222975731
220750801
221689276
222880124
192449694
222726339
221932963
219925634
223551738
212382634
221774351
223022016
217872185
220175484
214988032
217780044
222944093
135017329
218754633
221612273
213201389
222586279
219702951
218950233
224732655
223390444
220038765
199617385
222062094
220106881
225316726
214198625
209742115
224991468
69308021
220823156
223394858
193675896
186654800
220864703
223554429
182748071
216298499
206085274
224928579
222906450
216825406
188378459
219887603
225069091
205784147
220091515
222245814
168210832
220388450
224105474
224925724
217575138
191166379
216771451
213227057
218804338
212855494
222891351
215691159
216859249
188844015
222233902
210920517
224248061
219189325
219126073
224509248
219818891
217748835
204771527
45338748
214841532
214741269
222426140
202141909
221704677
218370149
224926172
224320735
218411326
223152398
198275470
66630383
212437779
182975916
220199600
219841099
222106018
220796423
224190524
225252571
128564489
214541433
207437382
177538765
218279657
201717795
207612527
218083137
220508886
219668130
223473498
209375856
224926029
225319605
141736759
220260328
224478588
214050741
146340866
172626781
222689234
225331454
223695403
194816429
194781181
225332621
220750867
221976129
170345371
221760863
152262482
184119558
221702059
218709557
221731738
216011476
151487969
163641565
210373134
206072298
223148986
224420039
215217014
155480801
207387016
213400319
217522867
192403310
214020355
206931801
222784030
220841459
220903426
174876191
221663449
211884833
217542558
225327855
201687594
216604116
222517228
214362667
225328217
213177099
220541340
214829894
222956616
165692984
223435063
170460659
203510318
70240021
133539481
211537538
145159669
165358696
98452578
176035643
135042915
62058476
111510070
221413882
158852994
220086959
213879865
225332319
80633063
218856479
223388366
135502687
95295742
200031898
188225299
215595321
199965191
210266375
217168708
215528399
223449221
149653684
185824330
135137342
218236856
198593026
218711794
32821995
28302070
224997305
132184333
176639820
77174414
75789381
221600803
180667622
137161341
146901513
204369196
52460317
87562018
117925176
220403410
141008163
212977975
182664857
199289031
223350402
212798224
205540249
183774825
214305682
201274552
117899277
200867324
207494992
211371620
216827783
173094381
64349985
187045406
173087861
223202492
214769254
223876308
208526899
152799274
222201881
205936257
211739106
55254075
13613548
176529446
199641152
224986236
210010245
175962153
173016305
164340078
192031219
194633079
215842137
183414314
168966645
93629863
143144936
209852163
223582786
224166973
85290614
39888162
219552191
133390280
206584995
210748135
189957316
168826416
209157439
149815853
152792172
213576821
207495470
224670267
189005137
185082634
12996076
209414180
81025493
190661639
223582710
76793789
222202380
69179124
225129810
218842170
7346181
178864787
183408736
224096688
196576597
215481738
199220900
75172073
208456944
199950068
197202421
133179500
177475312
90794542
221119686
223700353
187224507
214438547
223069164
200638032
34396324
222979007
222767943
221161508
155766144
193235306
177244963
210541429
94523277
218471842
26976717
222526913
205775114
133225363
203378996
202029022
218200213
225018699
221960992
205117252
101037004
205850889
190301469
125292216
164454108
204302632
183444481
173572880
181269523
207494840
91837122
146086172
168799431
192758748
218430258
224931812
66195263
216985572
181293994
150649706
59716360
216882863
88681923
179361545
220169064
225235285
201841292
211482136
206827180
179459421
220952352
206560652
222951000
195054948
33291106
222865255
116345342
209338548
100008789
100008826
100040330
100078037
100123204
100196055
100279836
100434730
100683188
100867984
100937795
101140480
101310765
101397547
101593746
101611615
101706709
101775260
101833589
101865242
101873978
102160839
102164585
102191544
102418082
102493588
102506786
102542395
102599678
102663357
102786047
102952144
103050915
103054104
103070796
103086498
103258731
103309235
103400294
103480294
103648536
103718127
103767740
103852595
103940496
104000026
104070198
104077389
104183730
104202475
104252085
104313212
104391692
104595006
104625692
10476755
105147370
105174142
105222864
105309347
105309605
105330446
105345979
105398467
105428378
105438517
105833480
106023746
106094280
106121504
106124042
106169406
106193004
106195296
106204813
106209977
106211796
106261779
106371568
106747543
106800938
106831059
106834933
106851651
106899249
106940592
107096768
107256468
107372225
107389583
107440435
107486473
107684445
107710992
107731383
107899028
107933524
108034580
108059103
108064057
108131747
108267787
108289609
108347632
108373299
108398872
108444501
108577995
108620400
108642962
108710854
108868234
108874765
108992616
109066284
109091436
109230306
109278642
109279320
109285061
109340384
109345724
109537593
109637162
109653699
109798719
109825290
110143522
110145801
110224845
110251792
110260065
110404311
110419160
110437019
110437116
110503109
110509622
110517775
110522388
110559171
110624631
110632099
110641768
110674756
110684856
110842833
110874968
110938030
111124991
111125894
111155748
111183984
111236993
111352339
111391777
111494545
111524459
111724589
111791181
111902073
112001810
112038924
112122851
112165403
112229833
112281175
112293296
112596910
112612783
112643081
112686434
112714474
112847004
112922721
112948172
112958959
113001300
113141611
113219159
113260233
113280920
113308459
113311456
113317297
113322932
113331906
113343496
113348109
113352515
113383274
113394622
113428442
113440116
113455919
113476119
113497356
113503433
113510417
113581965
113619035
113634592
113903010
114045368
114133304
114143179
114171691
11421624
114268368
114281259
114303774
114373221
114482230
114487411
114585180
114733185
114755879
114761595
114776816
114799101
114853802
114910390
115035087
115160424
115184280
115228040
115285017
115307321
115312976
115380992
115500188
115556942
115717737
115904999
115941972
115948454
115969969
116029977
116111799
116153355
116160094
116182582
116369836
116373163
116392412
116545090
116549437
116625385
116638292
116746316
116895152
117069997
117081899
117105634
117119445
117200628
117366450
117415907
117469790
117485448
117580291
117589881
117676045
117716721
117909099
117920506
117933765
117986185
117988000
118032060
118077939
118161724
118300572
118506459
118743423
118776307
118805129
118850288
118883001
118933961
118955952
118979230
119008228
119052146
119221236
119232478
119236072
119236422
119244731
119314301
119377686
119398235
119444983
119461854
119539452
119579105
119602022
119614837
119708267
119711307
119806942
119939603
119991899
120028133
120080094
120091890
120098047
120117504
120118079
120144439
120203219
120259728
120313548
120351850
120358462
120360907
120369537
120386147
120399389
120402578
120572678
120577943
120641096
120650096
120657273
120658691
120670927
120727294
120736040
120743636
120758894
120776482
120798918
120804524
120853130
120909084
120913748
120923788
121074066
121083928
121115644
121225892
121248621
12125768
121281492
121298343
121316252
121364748
121522189
121546361
121630478
121673786
121771536
121800564
121895414
121910453
121980260
122084932
122086826
122096182
122133637
122146001
122147846
122164630
122204824
122249921
122299119
122324235
122410051
122510091
122525275
122626557
122672542
122688719
122813177
122841900
122869999
122897043
122999758
123025359
123077927
123142914
123145704
123148151
123212737
123221830
123223889
123232729
123263751
123321721
123352537
123402692
123437150
123506354
123528635
123692026
123883757
12390135
123930437
123941575
123988567
124121253
124317114
124348879
124354148
124442497
124522237
124558600
124640008
124652082
124673879
124702096
124715915
124741895
124745116
124797221
124815926
124823518
124840811
124879150
124888588
124923191
124950338
124964347
125144208
125230204
125240431
125263343
125288533
125290713
125302687
125364641
125376573
125389659
125390004
125407007
125409404
125412100
125417521
125427094
125445276
125451282
125470880
125486983
125507034
125632866
125665706
125703310
125757385
125793819
125809748
125823202
125839927
125907639
125914101
125925327
126020533
126031465
126141821
126143600
126145442
126149338
126256433
126281703
126294879
126373930
126380369
126434475
126583985
126584715
126598358
126605714
126627562
126745767
126774709
126809859
126819740
126834698
126841239
126845448
127011073
127052453
127073855
127077620
127083376
127107551
127186712
127263724
127293138
127299072
127355845
127399801
127526948
127585318
127619372
127622231
127628129
127634564
127734101
127762165
127773508
127823271
127852537
127931103
127996311
128080603
128092703
128101224
128168688
128204755
128208179
128215994
128220993
128279297
128297719
128319571
128339934
128407069
128423992
128434761
128516859
128530899
128548070
128679120
128704422
128825916
128891295
128910123
128978576
129024180
129036285
129079358
129164114
129227347
129234555
129235489
129236801
129248924
129287597
129289167
129298535
129350457
129360307
129372622
129373220
129388130
129390751
129470820
129472862
129489923
129490508
129490599
129498995
129558141
129569068
129581033
12961098
129620093
129624351
129628659
129643095
129801564
129835987
130057159
130189575
130467031
130529842
130571550
130600356
130636449
130650100
130754376
130836561
130863842
130933288
130939293
131002150
131016456
131057838
131146589
131197712
131223329
13123329
131293929
131319203
131406757
131424029
131512592
131583785
131680025
131711339
131744929
131877804
131921656
131974535
132059436
132113251
132134779
132166155
132278604
132287197
132342854
132375474
132390405
132390528
132397105
132398939
132402718
132451335
132462533
132464992
132474297
132474311
132527413
132565555
132590062
132618727
132677761
132679210
132686520
132744041
132762824
132811367
132852676
132859486
132863043
133002481
133015212
133024263
133063763
133070717
133071331
133083490
133127045
133145046
133145546
133146421
133146669
133160397
133160779
133175234
133183822
133190645
133194962
133196589
133204883
133247627
133280109
133292443
133295534
133298491
133321151
133324109
133453260
133511270
133542881
133618724
133631602
133633846
133636916
133726209
133771422
133848236
133855132
133888264
133921918
133944676
134065570
134068431
134092901
134122169
134158719
134231982
134260172
134275583
134360438
134372610
134426559
134438671
134450676
134467880
134515714
134516118
134538169
134639803
134645605
134666130
134673711
134714206
134718293
134749283
134768803
134817454
134846146
134858038
134866994
13490357
134946997
134957970
134959052
134963021
134975312
134980010
134983773
134999512
135015509
135055424
135058577
135081167
135102015
135106714
135107773
135110603
135112930
135121959
135125068
135132476
135137719
135149800
135257569
135292504
135329136
135329967
135364818
135398673
13543796
135457924
135523212
135611216
135611244
135644792
135662878
135708807
135720470
135731341
135769129
135791676
135840903
135873681
135940202
135960762
135966836
135996193
135998413
136022165
136025306
136085986
136200249
136205895
136207895
136231774
136234846
136273615
136369775
136373529
136375580
136376782
136392754
136407531
136428590
136463769
136619257
136719291
136725851
136745457
136796822
136814659
13682631
136883682
136895613
136898491
136970507
136989307
136991267
137049210
137150760
137156791
137237987
137340896
137417585
137437216
137481703
137503904
137564260
137577332
137584710
137593772
137663265
137693931
137703589
137730079
137766977
138080259
138153661
138160900
138219661
138244807
138252107
138262708
138316511
138331862
138382240
138465630
138495758
138523002
138524335
138533065
138602142
138735048
138736659
138848121
138853852
138876513
138989887
139063944
139075632
139105716
139110313
139201510
139219419
139236059
139247568
139249264
139326258
139363913
139449822
139464065
139579399
139603810
139643406
139695886
139698211
139698862
139706803
139707166
139717823
139724807
139754004
139756311
139767252
139775877
139779846
139799375
139811710
139814679
139876661
139892452
139917419
139951358
139977492
139981254
139996272
139998328
140007123
140021266
140023046
140028642
140029609
140033472
140037848
140048479
140096839
140109975
140132242
140138854
140140083
140158361
140169704
140169956
140198057
140229338
140269296
140287781
140456793
140474653
140509426
140575368
140595161
140609862
140630550
140737300
140775252
140825925
140845055
140845943
140847446
140860478
140862338
140892510
140895635
140951358
140960951
141020097
141072966
141116855
141230438
141238976
141248268
141291109
141347617
141351021
141409890
141423267
141427945
141449058
141503276
141518676
141561839
141563088
141566018
141574049
141621228
141706512
141775315
141828387
141843435
141871271
141876974
141883801
141898377
141991949
142078409
142107518
142120797
142191008
142208020
142279373
142290622
142298132
142299148
142328598
142338970
142392731
142468301
142470631
142475315
142496744
142673438
142678331
142695741
142700473
142756996
142761922
142769851
142819550
142838672
142846279
142872247
142904266
142920094
142940456
143001177
143006205
143011847
143025264
143066951
143097150
143118186
143176950
143189949
143194372
143194748
143197618
143216454
143277145
143335274
143420575
143434227
143499536
143550369
143552800
143567941
143589820
143604866
143635543
143688336
143693971
143700091
143701533
143722693
143737695
143748920
143755556
143755740
143775327
143777051
143788050
143790530
143795704
143804780
143871765
143893680
143898930
143907090
144023927
144174506
144199215
144201856
144295333
144479923
144552592
144613759
144616062
144630093
144685928
144686014
144706326
144723417
144726662
144806003
144890975
144893400
144928918
144941476
144996113
145015296
145033512
145050847
145166172
145194166
145235151
145239229
145261537
145323428
145326008
145366343
145383257
145393950
14540498
145418079
145429330
145433479
145451831
145507805
145613654
145620070
145699300
145812135
145828523
145857499
145872434
145881919
145889794
145938626
146019027
146051071
146098525
146118783
146120514
146131699
146142622
146165216
146175366
146242581
146252564
146254725
146255762
146261506
146267413
146267693
146270415
146271634
146272626
146278045
146283703
146296814
146338970
146364372
146402850
146431656
146450680
146503492
146542526
146567193
146607826
146729202
146761872
146770426
146788793
146826278
146915291
146923614
146983029
146986875
146987378
146997859
147037213
147081066
147099355
147100623
147218530
147306031
147344354
147393703
147462172
147463662
147489845
147507819
147517821
147571867
147683750
147717089
147721244
147726286
147739896
147751563
147753533
147756348
147765146
147796710
147810407
147831817
147835919
147840323
147848657
147851509
147907481
147928605
147961122
148041846
148044140
148044975
148055484
148060843
148064586
148081894
148090666
148092144
148097853
148115874
148127893
148132037
148154417
148156280
148158760
148159012
148159988
148160247
148161116
148169281
148193663
148270546
148404099
148431127
148434098
148549177
148636912
148639615
148655747
148720925
148926185
148941007
148948874
148987859
149084755
149100500
149180619
149191479
149249737
149254636
149259716
149294297
149500613
149720434
149792388
149808868
149825651
149850451
149856320
149865972
149866955
149878762
149883577
149922319
149960803
149966118
150041478
150059292
150141248
150224460
150260744
150385859
150388644
150396345
150489388
150517658
150524547
150547824
150606615
150693137
150801149
150808157
150814959
150828231
150928717
151178918
15119424
151221306
151244613
151255918
151258498
151319655
151364217
151457040
151461455
151461843
151464162
151489351
151503385
151527690
151545577
151557281
151560675
151565256
151568193
151585590
151596094
151650613
151682182
151709638
151711799
151725079
151742700
151757102
151770127
15177212
151774831
151846351
151888583
151908074
151923040
151934187
151966026
151987194
151997042
152019903
152057658
152062873
152072384
152083910
152088709
152106575
152109180
152214137
152238554
152284045
152366523
152402202
152421100
152448047
152478006
152506798
152546236
152593815
152604023
152605864
152606332
152622118
152645042
152656842
15268100
152683770
152694515
152709066
152751471
152759852
152773694
152788045
152789761
152792857
152796975
152837769
152866845
152876719
152950227
152955044
152958504
153056005
153119067
153151974
153179322
153181442
153218715
153226155
153244965
153313707
153329728
153343045
153396053
153403445
153468214
153488882
153489841
153541337
153562259
153579677
153599918
153626558
153706077
153737395
153747275
153781295
153840941
153908331
153913575
153938737
153962093
154107522
154132197
154133298
154200016
154201548
154203580
154208627
154235018
154270445
154276485
154278686
154293114
154333090
154348207
154399764
15443903
154472607
154489026
154511030
154526261
154578718
154688402
154712745
154736565
154751535
154853401
154869962
154887094
154974237
154982518
154993550
155103531
155104747
155116724
155117619
155119372
155156673
155192158
155201106
155237304
155246815
155302456
155364037
155403027
155441384
155450786
155484371
155504368
155524823
155535739
155544347
155545021
155569050
155582998
155596896
155650268
155655512
155700296
15571882
155730553
155741367
155749420
155829745
155830520
155831788
155890415
155898722
155921644
155930148
155936016
156067516
156145787
156160045
156171756
156172606
156249274
156256611
156283957
156318640
156330511
156343316
156424434
156442038
156450609
156459783
156462074
156463248
156602770
156608444
156627326
156639850
156645730
156725012
156726287
156746470
156838463
156864623
156896826
156910235
156928243
156951884
15697975
157005142
157049013
157049417
157075108
157117791
157121847
157128128
157146850
157200645
157241973
157247856
157276690
157308666
157341443
157367576
157389424
157446810
157452158
157625587
157631874
157670348
157715047
157719491
157726838
157891756
157899270
157925005
157935470
157938763
157958288
157977733
157983804
157988855
158063575
158154130
158174064
158199105
158209646
158212683
158299873
158355247
158443596
158463887
158465263
158466345
158468230
158468307
158469400
158509610
158563353
158563722
158626444
158626765
158660557
158665507
158669795
158680870
158743654
158744669
158748278
158780800
158788609
158860816
158897718
15900255
159043123
15905999
159066305
159071473
159073893
159081238
159081446
159100819
159103037
159105126
159107248
159122807
159166978
159173325
159175294
159177944
159187064
159187996
159196095
159217614
159219253
159221805
159223288
159226856
159228007
159293634
159309840
159315367
160838904
161110919
161146600
161170607
161185024
161209672
161226155
161242216
161249287
161260371
161307230
161338478
161369872
161378081
161392722
161392807
161400962
161412400
161513746
161520335
161565977
161600173
161605043
161637421
161642740
161646440
161660267
161797479
161837918
161852871
161875428
161876704
161879676
161912524
161939843
161957202
161961102
161979809
161997543
161998069
162032816
162042854
162070433
162078852
162144023
162212011
162218527
162226613
162232999
162236020
162311238
162359953
162360608
162364932
162379814
162384013
162456671
162486343
162732020
162799294
162861385
162863602
162912896
162978629
162981990
163060754
163122764
163127963
163128953
163132690
163154426
163222146
163234000
163244499
163435403
163441793
163453139
163468733
163553686
163561260
163570106
163575137
163580681
163589403
163596988
163646445
163656497
163657092
163671335
163689712
163712752
163715496
163763539
163766226
163776589
163828984
163866038
163874536
163915354
163921302
163945645
163946858
164040186
164068003
164076482
164106945
164134139
164141610
164253476
164312178
164385031
164397191
164421576
164432507
164460836
164525297
164537421
164658370
164666878
164676652
164688089
164703841
164719682
164760091
164774568
164792352
164803208
164817254
164834975
164853256
164870966
164872875
164892127
164916972
164938983
164946352
164955237
164990518
164991638
165005935
165016958
165115617
165122457
165124847
165147442
165196974
165208405
165208445
165223251
165227043
165227361
165243285
165250358
165257322
165299487
165308611
165316189
165338822
165345006
165353984
165367977
165392518
165427300
165440777
165441643
165445281
165453342
165463652
165471116
165493857
165550661
165551261
165565061
165586635
165596897
165605591
165624232
165669236
165671697
165686883
165691430
165710853
165752538
165752689
165784223
165785771
165786211
165793672
165794545
165802679
165803909
165813773
165832236
165838982
165868680
165930602
165941570
165955663
166028243
166044834
166111740
166114090
166140871
166153286
166195129
16627575
166278715
166294091
166363190
166382719
166383657
166391401
166456543
166489856
166498224
166499960
166505652
166510036
166517003
166525097
166539373
166547112
166564079
166582260
166613878
166630797
166633819
166634291
166661184
166673610
166718305
166732634
166776423
166786042
166787151
166788099
166799764
166825887
166903925
166946893
166955015
166972626
167147450
167156574
167310453
167721852
167728890
167733810
167734555
167741966
167750960
167765054
167765784
167780727
167783068
167790692
167810779
167853648
167874325
167877430
167882378
167887922
167894328
167902436
167925637
167949293
167983240
167991234
168011310
168011617
168013738
168017365
168036996
168099177
168110284
168117053
168167112
168169889
168179573
168179706
168208901
168214068
168231757
168232305
168234043
168298345
168320824
168341646
168354147
168355648
168390037
168452676
168534414
168554557
168586214
168606854
168648652
168672861
168731342
168756817
168758608
168784508
168786771
168797094
168804719
168810096
168815612
168882604
168893665
168898746
168903193
168909992
168951472
16895311
169053157
169202014
169203160
169301911
169319496
169329752
169336910
169344516
169344730
169353298
169390186
169410056
169416668
169488649
169652759
16971369
169745209
169746280
169766889
169775878
169869433
169902703
169918310
169920588
169958076
169962620
170012415
170061836
170199468
170199834
170237519
170241814
170258509
170276055
170306265
170386835
170395407
170402856
170416908
170455412
170473770
170475256
170476999
170500619
17050239
170506317
170511974
170514974
170598422
170638924
170645866
170671166
170744268
170760078
170799193
170856844
170860127
170917073
170918900
170975009
170980549
171056375
171071618
171076387
171114203
171136752
171172236
171188342
171189753
171262250
171268684
171269539
171317797
171330828
171333755
171344131
171351361
171382892
171409736
171424229
171464736
171514854
171518447
171519135
171554196
171590045
171617902
171635689
171638917
171677297
171691911
171725152
171738020
171742724
171750093
171758770
171812357
171815034
171852779
171868110
171875180
171877406
171885684
171887554
171893478
171901450
171904545
171914446
171917925
171918801
171928369
171933139
171938037
171938946
171940179
171956234
171987040
171991119
171993707
171994800
172009441
172014008
172063145
172133493
172207779
172258235
172259600
172269587
172294152
172299331
172305039
172316706
172338784
172348085
172385371
172386087
172401573
172403730
172405255
172410789
172414888
172430881
172457210
172501951
172515338
172546806
172559624
172573479
172573588
172591982
172611375
172660974
172672943
172680642
172683280
172688225
172697250
172700508
172708484
172732971
172736970
172768827
172777529
172785626
172799698
172799934
172816402
172816901
172817793
172819909
172882704
172912302
172926800
172927814
172931093
172933460
172934336
172944612
172946549
172957714
172969641
172981045
173069802
173101918
173110063
173145218
173150524
173164315
173166111
173173417
173202397
173207515
173281141
173282991
173298299
173301157
173308381
173323054
173406060
173411338
173420947
173457905
173504865
173520109
173534594
173537097
173539915
173566810
173574562
173579107
173584815
173600820
173652032
173663059
173668632
173671093
173692774
173745529
173762096
173804589
173808354
173828143
173888489
173923456
173944728
173952741
173964365
174001075
174004057
174006241
174014360
174015030
174047840
174050717
174074828
174085577
174117190
174118254
174118584
174119676
174120654
174122963
174137482
174146464
174148256
174150733
174151212
174155248
174157053
174165997
174167911
174169158
174170630
174172764
174172805
174184013
174209940
174213950
174229052
174234845
174244672
174254674
174256536
174262928
174265699
174272749
174275012
174289125
174290681
174296396
174298031
174310665
174311064
174344547
174350883
174354657
174379685
174381177
174382368
174394809
174399196
174403378
174436919
174453687
174456124
174459292
174460622
174465431
174471635
174481946
174485760
174486128
174489681
174497388
174525131
174531745
174580041
174681546
174683528
174706709
174709340
174710752
174712116
174729276
174730471
174754830
174762119
174770086
174771180
174792946
174812963
174817454
174819187
174830029
174837067
174871831
174927070
174935426
174997355
175034814
175100409
175103083
175106679
175107909
175108320
175110358
175114211
175122358
175129151
175129233
175129409
175149757
175154334
175178050
175178826
175182843
175185536
175196752
175204296
175210528
175212478
175220215
175231252
175232048
175239048
175240824
175243060
175247568
175247819
175254416
175256146
175282370
175289913
175295469
175306054
175311512
175320599
175321219
175322909
175331456
175332345
175342849
175406521
175411484
175413260
175433727
175445073
175451329
175473031
175481186
175481526
175499619
175514660
175515548
175525457
175571502
175579048
175616470
175625019
175628347
175670132
175670718
175682516
175693099
175708634
175741247
175762493
175762667
175778707
175794199
175802263
175812917
175837973
175928332
175928947
175938659
175938816
175941862
175968795
176005672
176026002
176034795
176035335
176041828
176050835
176053122
176062966
176063032
176065254
176073455
176078735
176094523
176095967
176099226
176099463
176107625
176115352
176118264
176118406
176118764
176119643
176125066
176131930
176134296
176138085
176160401
176172887
176182799
176186391
176191491
176191738
176195768
176198429
176224761
176239974
176245799
176254517
176259970
176270924
176272076
176273075
176289869
176311173
176315062
176378686
176411575
176411703
176419134
176484269
176511517
176523593
176526310
176526689
176529172
176537877
176555063
176567339
176632076
176650709
176704284
176713165
176716107
176717554
176717842
176723473
176727545
176736999
176739236
176747794
176756282
176803150
176807800
176808962
176809832
176811800
176819103
176825289
17682761
176835916
176837709
176882190
176884190
176899499
176901511
176907998
176916608
176943484
176950264
177001501
177010985
177017394
177029177
177053145
177072796
177072822
177074518
177080967
177089730
177092702
177100072
177117825
177119306
177129838
177136220
177136537
177166657
177197170
177198088
177199278
177201415
177204563
177204776
177205618
177212669
177248064
177282093
177305185
177318197
177324952
177343992
177357450
177357935
177361809
177364467
177365168
177388849
177390163
177392424
177401212
177407212
17744537
177453483
177455706
177457798
177460281
177463053
177471908
177474224
177474796
177475080
177475760
177477156
177479928
177484856
177490194
177495935
177496214
177500523
177515328
177519348
177553180
177558581
177566239
177574562
177581339
177581702
177583148
177605476
177607382
177631606
177665254
177682250
177743962
177747016
177748418
177754237
177758272
177760659
177763566
177770995
177789215
177811676
177859344
177866630
177869121
177880444
177881144
177888984
177890681
177903181
177909319
177939638
177955486
177977226
177987627
177996322
177996649
177997398
178032189
178033661
178036814
178060032
178068957
178083941
178118155
178132431
178132468
178193226
178200938
17821594
178226644
178300580
178314460
178363367
178400348
178405324
178414411
178470458
178482392
178498773
178519295
178521822
178523323
178524007
178533589
178539683
178569882
178619076
178619852
178645421
178650390
17867542
178685769
178688327
178702003
178708960
178717273
178717850
178722194
178731218
178761303
178764676
178771956
178772457
178792118
178821703
178839852
178848256
178851609
178854662
178855451
178858623
178874557
178875854
178877391
178886952
178893444
178942316
178956172
178956815
178959702
178976339
178983170
179006507
179017277
179018704
179035686
179059608
179062610
179073322
179075521
179107092
179142867
179176846
179184122
179185170
179190228
17919319
179196808
179213530
179215270
179216874
179220487
179279562
179283490
179290736
179304591
179305452
179324707
179335132
179356230
179361918
179365158
179369744
179398796
179421762
179447751
179476844
179476917
179487071
179492657
179496527
179513487
179530906
179538606
179545354
179549306
179565847
179568340
179580647
179594372
179606548
179623667
179631095
179635901
179639254
179675032
179696580
179732527
179739074
179745830
179799329
179818575
179849190
179853491
179856258
179865492
179871206
179886884
179888310
179888494
179890947
179917245
179932647
179932827
179933691
179935285
179936358
179942590
179944667
179945985
179953110
179957135
179959175
179960115
179960478
179964126
179965957
179980581
180008172
180014956
180015681
180037748
180040427
180060770
180060816
180094400
180097073
180106194
180112617
180117112
180122074
180123229
180137394
180176937
180183133
180186414
180192879
180194268
180198150
180200748
180203655
180204688
180225208
180225436
180227090
180229014
180275335
180280173
180286392
180287103
180288071
180310168
180333101
180340345
180373703
180376703
180386984
180410610
180431681
180440840
180492830
180503188
180507726
180511197
180512284
180514026
180525625
180537612
180570139
180571239
180574246
180575635
180584157
180590735
180653584
180659870
180661145
180665479
180684819
180694033
180700824
180711635
180751434
180759829
180781309
180789520
180823466
180829723
180833367
180855160
180857019
180860386
180861180
180863834
180909269
180912886
180913838
180917764
180921858
180933368
180936303
180936620
180950771
180951904
180957275
180977998
180994473
180996558
181001802
181003543
181007848
181009650
181016406
181018825
181020822
181023195
181036740
181047857
181083347
181091692
18109352
181094644
181095947
181106863
181119347
181121358
181133367
181144862
181176864
181182236
181183071
181193297
181202678
181207777
181208258
181215991
181222927
181239427
181256554
181264592
181268005
181269384
181270684
181277813
181280255
181286791
181293726
181301193
181327983
181332197
181332952
181344268
181360595
181361798
18136252
181370150
181371375
181376792
181387423
181405760
181411673
181412969
181412997
181414236
181414290
181417180
181417674
181423304
181430699
181450369
181481321
181487069
181512045
181517686
181519616
181529838
181538243
181558992
181600369
181606648
181608181
181609756
181613499
181614947
181618237
181618964
181647504
181662774
181664105
181693798
181708108
181708189
181708531
181711822
181717793
181727193
181734044
181734587
181743592
181784321
181791283
181793111
181794075
181794300
181810442
181810633
181812252
181813223
181814404
181855107
181864584
181871161
181871424
181876499
181878995
181889606
181897809
181900194
181900967
181901151
181908159
181959599
181960054
181981280
181989071
182005354
182024750
182033302
182035288
182035821
182043085
182044382
182063462
182066956
182071248
182081715
182083834
182112933
182120193
182122510
182124031
182127641
182133425
182161421
182170862
182178096
182202041
182214621
182220369
182227261
182233763
182241838
182262820
182271666
182285691
182307600
182325239
182336608
182345427
182349427
182353397
182355350
182357072
182409569
182446210
182458609
182463231
182471892
182477094
182483655
182485187
182489679
182490691
182503837
182517507
182518110
182521870
182525884
182527539
182539254
182544761
182550457
182562684
182574603
182576299
182596207
182600643
182604895
182623443
182627718
182643269
182644406
182645879
182651501
182655281
182658647
182658684
182672197
182676730
182677323
182680197
182691252
182691292
182699351
182704355
182709084
182711671
182716026
182717890
182729663
182735314
182735542
182735829
182737040
182747343
182755896
182763226
182768756
182775353
182802597
182806205
182808149
182818091
182820425
182828715
182829203
182829374
182831251
182847001
182850287
182857200
182877168
182878818
182892098
182901850
182907685
182911405
182932307
182933150
182933798
182936009
182940563
182953764
182958898
182970895
182990572
183005652
183020422
183022666
183037168
183039122
183044354
183052257
183054940
183055847
183056502
183064893
183100470
183110554
183111262
183112404
183117973
183133723
183162091
183171638
183176780
183209135
183215319
183223055
18322714
183230736
183244011
183250377
183273792
183280463
183283330
183289404
183304378
183306527
183308360
183309896
183310877
183330483
183330831
183336020
183338306
183342833
183395231
183408268
183408714
183415386
183429688
183465984
183498974
183505559
183524670
183525790
183536357
183537865
183543259
183543814
183546057
183558922
183565334
183571920
183574122
183581597
183586159
183609313
183620915
183634432
183668098
183758572
183763887
183767468
183771797
183783198
183811936
183814454
183819308
183823770
183827780
183832181
183845867
183851779
183860837
183894489
183918512
183922776
183925854
183931082
183933752
183941487
183962327
183963937
183967688
183970783
183977188
183979341
183984236
183985050
183995224
184010595
184033948
184043607
184056411
184058311
184065030
184065971
184075069
184081232
184124945
184141093
184159762
184185190
184204449
184208582
184222282
184230274
184230547
184242165
184280318
184280693
184281490
184292356
184313695
184328913
184332298
184346592
184365584
184389941
184393126
184395268
184396016
184397957
184399712
184399834
184407100
184428330
184462527
184464529
184479106
184479144
184479989
184484919
184491085
184494990
184500825
184528435
184540324
184547643
184553002
184554656
184556092
184566099
184568811
184574047
184595672
184601754
184627710
184631832
184643244
184680846
184684600
184687123
184697794
184703642
184704292
184705884
184709163
184710761
184713509
184714311
184715287
184716243
184772156
184775108
184775118
184780227
184787612
184791270
184802118
184831542
184855658
184869928
184883745
184886881
184906862
184909021
184920213
184930579
184932665
184935027
184939260
184946910
184953726
184956157
184957279
184958564
185001498
185013220
185015935
185021310
185023801
185044649
185071093
185075028
185085970
185116811
185116910
185124416
185145011
185153082
185154036
185156088
185179566
185186254
185189200
185207452
185236979
185250292
185270077
185274188
185286071
185323589
185324017
185371917
185391978
185399559
185411772
185412864
185425125
185433908
185504873
185514088
185519268
185521301
185528033
185533278
185535970
185538692
185553865
185559036
185559878
185580842
185600450
185613121
185613425
185616657
185621221
185630901
185649923
185700837
185711667
185718278
185718600
185726527
185738290
185748513
185753170
185758286
185778515
185789690
185797904
185800089
185800330
185806730
185808450
185814053
185824822
185831591
185832813
185836801
185861316
185876514
185920839
185932700
185938256
185965825
185980613
185984924
185985439
185996173
185999230
186052675
186055668
186074863
186092326
186093149
186098484
18612263
186158204
186158401
186171361
186180647
186182258
186187543
186187897
186190898
186248323
186249502
186251318
186263031
186263172
186263432
186306982
186323695
186325622
186343513
186350135
186356359
186359366
186361902
186387879
186418256
186420717
186430496
186431322
186431686
186435148
186439481
186450742
186471357
186487235
186491148
186504513
186526977
186528868
186531806
186539771
186548689
186554147
186582236
186587790
186598628
186626833
186626837
186627163
186655930
186664279
186680627
186682390
186693222
186698279
186698920
186700047
186734124
186734724
186734739
186745712
186748969
186755282
186760791
186784036
186789501
186813012
186817012
186818343
186826958
186830103
186834736
186848702
186892785
186902055
186903115
186907914
18691902
186920256
186945274
186945430
186974054
186986097
186989839
187000627
187005626
187010685
187054939
187060472
187084437
187085249
187090382
187098073
187101284
187146627
187163839
187184647
187185129
187263235
187296862
187298402
187309608
187310061
187312110
187312138
187316089
187318587
187330688
187345336
187347067
187349587
187401507
187408425
187441994
187451369
187461109
187461742
187478156
187493818
187508039
187530873
187531177
187531326
187542157
187546279
187573727
187582569
187584689
187586065
187591494
187597152
187613222
187617614
187621258
187640250
187653743
187655322
187656309
187656447
187662910
187671417
187675229
187675681
187681922
187687893
187691330
187698044
187716981
187717996
187725780
187726317
187727751
187728126
187731943
187732976
187735112
187735966
187737305
187751524
187766556
187766683
187772901
187786353
187796483
187845660
187851049
187853349
187873720
187883402
187943855
187950796
187965219
188005339
188015713
188040850
188057870
188063480
188068088
188076218
188101039
188106826
188109787
188112365
188116397
188120893
188152171
188165489
188173489
188177900
188180476
188181546
188184191
188187685
188197866
188202162
188203614
188206880
188217961
188223683
188253199
188265578
188274572
188278420
188285046
188291325
188292667
188294095
188296069
188296353
188299442
188340553
188341897
188363890
188376502
188376599
188386259
188395873
188403025
188405097
188414726
188427762
188439526
188443930
188458878
188485991
188505250
188527982
188545297
188548219
188550241
188556983
188559984
188573102
188580155
188614666
188692131
188694002
188695763
188723614
188773320
188807359
188815807
188824063
188829371
188834631
188858187
188912224
188928363
188931233
188934025
188934509
188942355
188947755
188951809
188953810
188984952
188988890
189006759
189008191
189014795
189018141
189024078
189026066
189028515
189032095
189042823
189056450
189065871
189070303
189096501
189108091
189115160
189123633
189131547
189150193
189180806
189181024
189188950
189195368
189220527
189236529
189258900
189277523
189294754
189294824
189299726
189303425
189322043
189373853
189379523
189386727
189388891
189497829
189511808
189529390
189539217
189551059
189554580
189577778
189596156
189612365
189614427
189618304
189650068
189671261
189673706
189680543
189713473
189719899
189721461
189757216
189773654
189801807
189803385
189812800
189861134
189869518
189871992
189874544
189883702
189896634
189913394
189913938
189951179
189952562
189984704
190007675
190056245
190066343
190066770
190084968
190087225
190100263
190170779
190170843
190171282
190184782
190187950
190202809
190205014
190231165
190236849
190239977
190241233
190272108
190273180
190275793
190277235
190289031
190300206
190303111
190303380
190320578
190378908
190400461
190411476
190421605
190433249
190441729
190449008
190470259
190479389
190483330
190493038
190497362
190519807
190522899
19053633
190543446
190554304
190560020
190560087
190573100
190581840
190588567
190591674
190661857
190664031
190666046
190676291
190685103
190688322
190693698
190697620
190703062
190703145
190704398
190704652
190718505
190726056
190748441
190754300
190756032
190773415
190775857
190777900
190778922
190801262
190822764
190824992
190836135
190839371
190851843
190855675
190886537
190892980
190895008
190923476
190983955
190989624
190990789
190991478
190998274
191001473
191004587
191015798
191046950
191047508
191073056
191080522
191081767
191082880
191103881
191117935
191124002
191169493
191177549
191183326
191186376
191188155
191191397
191204154
191205238
191233745
191247707
191273457
191301659
191306974
191360540
191371158
191376212
191377667
191380346
191402513
191446814
191448581
191465547
191475387
191480685
191502224
191508297
191550849
191554422
191575863
191584583
191589285
191591116
191595821
191614526
191627223
191635080
191685367
191712655
191725505
191742216
191744595
191765307
191800421
191801053
191808418
191817046
191817060
191835292
191845193
191850743
191892692
191902308
191903387
191904523
191907572
191917628
191919341
191920165
191922179
191924106
191927738
191927841
191942825
191982239
191985062
191989168
191997533
192008199
192010385
192026550
192043004
192085248
192089775
192102603
192112193
192119956
192139157
192199238
192224276
192255303
192257516
192277312
192278370
192280905
192283558
192298018
192305492
192315343
192324558
192327066
192372732
192374914
192387814
192387851
192394122
192398301
192456058
192463695
192468128
192475627
192505330
192514199
192535969
192542707
192568759
192571796
192591097
192631686
192642639
192679478
192698417
19274693
192749905
192759872
192770758
192782969
192820418
192864413
192874903
192891376
192894322
192912475
192915531
192931748
192933148
192950031
192952105
192954657
192985777
193027054
193031736
193037430
193038620
193058322
193075504
193108617
193125151
193127417
193132494
193135940
193137173
193140836
193148963
193152815
193158719
193159574
193188423
193190459
193193552
193199245
193207582
193209414
193210370
193213668
193215611
193219579
193221386
193221613
193221797
193221977
193224830
193225778
193232659
193247203
193254476
193280234
193281545
193288803
193311991
193323565
193323722
193351477
193376022
193377068
193380845
193395727
193442459
193462902
193485977
193488489
193507395
193510383
193514613
193516549
193549441
193562503
193567991
193573223
193591886
193625676
193642629
193642806
193642835
193645280
193646713
193646776
193647253
193647424
193661550
193734416
193736434
193744363
193746263
193750891
193758177
193782065
193790844
193803866
193808733
193811747
193813977
193820333
193825360
193839153
193851067
193854778
193864699
193866630
193875343
193878066
193883081
193893076
193899357
193909915
193919991
193922651
193924313
193926677
193926930
193972253
193972506
193983172
193988041
194016464
194017421
194020076
194051567
194053252
194056816
194060596
194079068
194097330
194098459
194100590
194104733
194154804
194156148
194159884
194202949
194202964
194239836
194245081
194256512
194257362
194262233
194266508
194271707
194280204
194314689
194324453
194360935
194410794
194411661
194414988
194417038
194418513
194419442
194421499
194422401
194425114
194429051
194433651
194436636
194439029
194439644
194447304
194447374
194447505
194448536
194456928
194509957
194512659
194515105
194515111
194518674
194553574
194560956
194577455
194601038
194601945
194603701
194608641
194609463
194611756
194612966
194621053
194623623
194626135
194626456
194631839
194632759
194636789
194640606
194649531
194649630
194649797
194665533
194672002
194676829
194679562
194689227
194695906
194696163
194696531
194696572
194697388
194698210
194699154
194700626
194711529
194714542
194717003
194717155
194720200
194720887
194723853
194726158
194727534
194731015
194731511
194735386
194739651
194752033
194761940
194762119
194763358
194778493
194783535
194783595
194783674
194785559
194785620
194797096
194797571
194805577
194806934
194808792
194814766
194817964
194818892
194821887
194822114
194826016
194828737
194829371
194852440
194857246
194857659
194860010
194866551
194866583
194882564
194887665
194944730
194957860
194962176
194969724
195012644
195023305
195024859
195030321
195039661
195058634
195068766
195093679
195098827
195101255
195103529
195123621
195130662
195131076
195131888
195134189
195156864
195193381
195193571
195193681
195197020
195198725
195200115
195208231
195219984
195236173
195280394
195285696
195290525
195295522
195296935
195309530
195311808
195318248
195322924
195333560
195356107
195358028
195367756
195367812
195375510
195377887
195377967
195381187
195382135
195384209
195391197
195394590
195422256
195430383
195448093
195467052
195486271
195503278
195505753
195528893
195569513
195569820
195577135
195582712
195597246
195598730
195620594
195624039
195643138
195652449
195665997
195666144
195703321
195716497
195728549
195732783
195734140
195740306
195747171
195749360
195752607
195756984
195768416
195774572
195794862
195833750
195834261
195848103
195850285
195853249
195869771
195871684
195879054
195885815
195896697
195900741
195907696
195910007
195922231
195922975
195925802
195926623
195931545
195941447
195971685
195972670
195982390
195984013
195995650
195999787
196002134
196005745
196037780
196038519
196072418
196081246
196104740
196105523
196107170
196111231
196115975
196182242
196192246
196206050
196267500
196274175
196292169
196322778
196354021
196356249
196358231
196359097
196365631
196367484
196387151
196399008
196401360
196427589
196455566
196455788
196491620
196517852
196519515
196522112
196529391
196541590
196559457
196560587
196575776
196585304
196594097
196601896
196614011
196637664
196641699
196650420
196651742
196670952
196705804
196706732
196727000
196762611
196789021
196794117
196798500
196805010
196807976
196809845
196818326
196821295
196889878
196894669
196915742
196962137
196980206
196987465
196988093
196992594
197023438
197034210
197035387
197036077
197042942
197043451
197046535
197047495
197059682
197071789
197097038
197097528
197106399
197106991
197122360
197127690
197132513
197167783
197174102
197209674
197221985
197238219
197242653
197249661
197274778
197335719
197339630
19734916
197355291
197355434
197370622
197372713
197449894
197471071
197471405
197484834
197492788
197496037
197513260
197551781
197554152
197555880
197566809
197579371
197586002
197596838
197606699
197622540
197626361
197644343
197650209
197712222
197712540
197761058
197771103
197782187
197783716
197783848
197791490
197800313
197817801
197820419
197846361
197849642
197865179
197886119
197898614
197900943
197909002
197931767
197939917
197950777
197952774
197959137
197959665
197961508
197978449
197978646
197978747
198007914
198009937
198011468
198023927
198033903
198036682
198055628
198057881
198074970
198083039
198092424
198102563
198132410
198139928
198143042
198154879
198154959
198155131
198155339
198157745
198158905
198165334
198174415
198199442
198211585
198212634
198224055
198233643
198239178
198275908
198278659
198279219
198279950
198279965
198298738
198298853
198321923
198356856
198370318
198392187
198404952
198406689
198408061
198434418
198445517
198446240
198447170
198474091
198475372
198480847
198506168
198508821
198536720
198580834
198581127
198613952
198645028
198655574
198657322
198661128
198684180
198685928
198689470
198737330
198739700
198786898
198801646
198811297
198816125
198827199
198834929
198834992
198841650
198846780
198848081
198903719
198979809
198986504
199002298
199014762
199053162
199072337
199073249
199129833
199131029
199131533
199133253
199135755
199142148
199143075
199171727
199174381
199206136
199206475
199218181
199225539
199278337
199287098
199288877
199295356
199304523
199315586
199316441
199317278
199325732
199330814
199347721
199354315
199355812
199356869
199357619
199357649
199358552
199363087
199366162
199370902
199381176
199383868
199386303
199389071
199422267
199431868
199434406
199435294
199472664
199474665
199477330
199484021
199486442
199503475
199504552
199512932
199515713
199520065
199521963
199541886
199586204
199592164
199596057
199596081
199608545
199609480
199637951
199672413
199673261
199674661
199678300
199696135
199701599
199732465
199740776
199742206
199743872
199745831
199746354
199748989
199757507
199764194
199766380
199772169
199815355
199818563
199834185
199864614
19986897
199873761
199877634
199890579
199894159
199907528
199923996
199958816
199961277
199964527
199969599
199991961
199996991
200005932
200015028
200042536
200045710
200049166
200051522
200052772
200054688
200056849
200064845
20008520
200099867
200110560
200110818
200114315
200121097
200123199
200123299
200177080
200191948
200192250
200193283
200214133
200228568
200266803
200273238
200275719
200281730
200285180
200314721
200321888
200324964
200336995
200337852
200338966
200352912
200357779
200360209
200362945
200379076
200392627
200393015
200413370
200415662
200483488
200486726
20049595
200499340
200550901
200567672
200570966
200589311
200591547
200593046
200593852
200633853
200644372
200657214
200662812
200713075
200716470
200718784
200722142
200762378
200783260
200784359
200785583
200788559
200789230
200794357
200795391
200797439
200806345
200808019
200818359
200822521
20084782
200884491
200887910
200911062
200912774
200915198
200915701
200922405
200923604
200948847
200964656
200983608
200984850
200989713
200991937
200993442
20104654
201087097
201088504
201091097
201091796
201149832
201180846
201184227
201191240
201227491
201262698
201268285
201272172
201276799
201287820
201289813
201356709
201367825
20137058
201445063
201458691
201472489
201480193
201486049
201497032
201525255
201540390
201550239
201565641
201566533
201591559
201593798
201626435
201627643
201629648
201631636
201632722
201633160
201645638
201650625
201660768
201662927
201671067
201673419
201687814
201720226
201721125
201722982
201728666
201744182
201756308
201772249
201785762
201798237
201823144
201827405
201836453
201856004
201857060
201861045
201865326
201885789
201916277
201918089
201940630
201964535
201969054
201971490
201975649
202039416
202131990
202143797
202153214
202299449
202303982
202323112
202325357
202333082
202354730
202406742
202410361
202412222
202447850
202489112
202508544
202509146
202522333
202573417
202583639
202584595
202600293
202626417
202665173
202673460
202695254
202769292
202810168
202847686
202849337
202861496
202861919
202879765
202923035
202929558
202941849
202949535
202969218
203000974
203010575
203033874
203049884
203066647
203090196
203104083
203167862
203181024
203186317
203202837
203207980
203218783
203230137
203238582
203259036
203265984
203300083
203340424
203340595
203347809
203349711
203358632
203432482
203437666
203454843
203464219
203504784
203507410
203515034
203521288
203547948
203548595
203549050
203566034
203591953
203597172
203636544
20364924
203678999
203694838
203697148
203703993
203762263
203827141
203838064
203839833
203840805
203848509
203891542
203922170
203925245
203926028
203940995
203962067
203992258
204003522
204017555
204024681
204035625
204035807
204045918
204046924
204087433
204093086
204096296
204104398
204105559
204109889
204113591
204122419
204160261
204165479
204177482
204188821
204189415
204241298
204251465
204257545
204270713
204302357
20438195
204406048
204438181
204450453
204451334
204515041
204538005
204542455
204552456
204581356
204599690
204600848
204607441
204629044
204632100
204725838
204742513
204749173
204753164
204757422
204761610
204824084
204825101
204829216
204829658
204840247
204851407
204910325
204914013
204924786
204926346
204927207
204929841
204939461
204949161
204982876
204984025
204995496
204998753
205004034
205011460
205028608
205057533
205061944
205084101
205097091
205152963
205155838
205157486
205169662
205170167
205174555
205176585
205189710
205197424
205205807
205232685
205234277
205235215
205236033
205241458
205246350
205252925
205253297
205255382
205306523
205307779
205309599
205311558
205341303
205344525
205357044
205377132
205383723
205385440
205390180
205395368
205399887
205410176
205411585
205414078
205414365
205414653
205419462
205424669
205425149
205459403
205461532
205465394
205468200
205468503
205469734
205474532
205484997
205488895
205505510
205516710
20551854
205542152
205559478
205564196
205565623
205579891
205580894
205581269
205587385
205631252
205647203
205652281
205671217
205672188
205681238
205689520
205692591
205697821
205701898
205701976
205703486
205704282
205716837
205726675
205743396
205774093
205777823
205780337
205789625
205868899
205873794
205922590
205929679
205931305
205944843
205945839
205947475
205955517
205955674
205970803
205996233
205997829
205998900
206000661
206002524
206007029
206013136
206022811
206025379
206040429
206049250
206055465
206072652
206073358
206075921
206080183
206082719
206083414
206086645
206091164
206091724
206097907
206102181
206110934
206141276
206142599
206143543
206145125
206147485
206149747
206154287
206154462
206157282
206162352
206162939
206177259
206197261
206200648
206210724
206215905
206216380
206216646
206217300
206218106
206218323
206226210
206233836
206239108
206250987
206258430
206263414
206282998
206283280
206286757
206290777
206307814
206317161
206355272
206362413
206364634
206367329
206367580
206408090
206425236
206425557
206430328
206431617
206432046
206433120
206438578
206448141
206451709
206457384
206471128
206497465
206497499
206497898
206500090
206504596
206508558
206513051
206513862
206532799
206557262
206561203
206562248
206563348
206565125
206566023
206570935
206588456
206594580
206597484
206628761
206629394
206629848
206629874
206643447
206645095
206646569
206649927
206651527
206653214
206664220
206686880
206688771
206706252
206715568
206731625
206736488
206764573
206769854
206776481
206778302
206790028
206806312
206827448
206830390
206831324
206834881
206846481
206864617
206867388
206871765
206879541
206886332
206904353
206905203
206911372
206924747
206951965
206963913
206969260
206969387
206969473
206971453
206982264
206985091
206987839
207026097
207027464
207031014
207032686
207037382
207040811
207058514
207060091
207061312
207061491
207067548
207076750
207094708
207095604
207097731
207099433
207108028
207108846
207109238
207114986
207130379
207138067
207144471
207151544
207152260
207157271
207159870
207163746
207165694
207167338
207178527
207181086
207186479
207187157
207190237
207191991
207199316
207211685
207218576
207219863
207227840
207230561
207237744
207262902
207266546
207269457
207286739
207291591
207291679
207292158
207292943
207294174
207295576
207299636
207300178
207300431
207300904
207318152
207320279
207321461
207322234
207326571
207328005
207334719
207341879
207359338
207365851
207366484
207367083
207367149
207369823
207371562
207380909
207382703
207392075
207399071
207407028
207426826
207431680
207437090
207437634
207447521
207450355
207455362
207456721
207489374
207492536
207493523
207494441
207494915
207497237
207497813
207498692
207499079
207499472
207513255
207524726
207537240
207545903
207546863
207550436
207551510
207552622
207552768
207558969
207560852
207565299
207574764
207575884
207578808
207583272
207586100
207586184
207589915
207603778
207605745
207606715
207606723
207607456
207607811
207611409
207612818
207612822
207620597
207626848
207630296
207630839
207631560
207632885
207634709
207640757
207648209
207655443
207657851
207664199
207669094
207669242
207671145
207680174
207680631
207681795
207683928
207687218
207694155
207709650
207732448
207737660
207740834
207746442
207804876
207812560
207815793
207822121
207823033
207829009
207839334
207845692
207866973
207869777
207873651
207874281
207875176
207880834
207886052
207893492
207895148
207910399
207957002
207958562
207959048
207983115
207992674
208001184
208003567
208005240
208005679
208007425
208008581
208010109
208010296
208012548
208038615
208040556
208040844
208044188
208045474
208045885
208048114
208051797
208055078
208095656
208098642
208100197
208100899
208126471
208127837
208140415
208143406
208151004
208172107
208180217
208182607
208192817
208242325
208242922
208243231
208243283
208244305
208252226
208255378
208259136
208259558
208294720
208295592
208296179
208304805
208307352
208314235
208325260
208341500
208347910
208348770
208348872
208352440
208358501
208366867
208390545
208398650
208400989
208416730
208419078
208419816
208421616
208422414
208448392
208449521
208452356
208455419
208462466
208469974
208470201
208472831
208473328
208479562
208482752
208483832
208496425
208505527
208507542
208513820
208515574
208526612
208533453
208541920
208549473
208585336
208587626
208604017
208604290
208608859
208614606
208635914
208642516
208643063
208643394
208644125
208644952
208648962
208649877
208650070
208653541
208667056
208667172
208670869
208691098
208697129
208697202
208698624
208699858
208705299
208749185
208751089
208753396
208759139
208769308
208770369
208804339
208804808
208805759
208818858
208822026
208839124
208841358
208846250
208852756
208853510
208866059
208870260
208885105
208897220
208904333
208905526
208905580
208910671
208912799
208927127
208945878
208946500
208951682
208964424
208971268
208978009
208979787
208986119
208991679
209048571
209050091
209052837
209074148
209076186
209078394
209078763
209104051
209117581
209134028
209154363
209157311
209157373
209157409
209160886
209170351
209177663
209193923
209208830
209210321
209210789
209210877
209211793
209217223
209253014
209266096
209267300
209283968
209287553
209289778
209291892
209299010
209299411
209341223
209342264
209343298
209346461
209364538
209369722
209379496
209385137
209398435
209401024
209408642
209410188
209411379
209422927
209423020
209450537
209457835
209478431
209479356
209479426
209480438
209480538
209481211
209482859
209487514
209501131
209513662
209514176
209536875
209537607
209538770
209539041
209540578
209542072
209545609
209551597
209555742
209556697
209557489
209581207
209591224
209594529
209594686
209595536
209597806
209598704
209598796
209599559
209600686
209601110
209604337
209611809
209627623
209633234
209641522
209641731
209658597
209661212
209663181
209666674
209682666
209698455
209706435
209706939
209709393
209718244
209724601
209724916
209727449
209730057
209739552
209758664
209763221
209764098
209766875
209768067
209771338
209775944
209786207
209787028
209791876
209793420
209797000
209818213
209836183
209840481
209844304
209861198
209873328
209884742
209887935
209894344
209910714
209913415
209920253
209921773
209921820
209930337
209932906
209948236
209953485
209955462
209957126
209957180
209957202
209957211
209959474
209959658
209962149
209967205
209982262
209986475
209987746
210000860
210007829
210008887
210009090
210009119
210013896
210015757
210017637
210024689
210025236
210030869
210032476
210040717
210047021
210052179
210058584
210061380
210064456
210065076
210065429
210072056
210080789
210091013
210091083
210096001
210110773
210111997
210114643
210120198
210125755
210126226
210129768
210139431
210140554
210154333
210174249
210174308
210176930
210178463
210181246
210181929
210191206
210209099
210217610
210227948
210240448
210240539
210242510
210243023
210249420
210249493
210250596
210250678
210255661
210255972
210258340
210265263
210265450
210267109
210276311
210280236
210303396
210303616
210306785
210307148
210307248
210308465
210308666
210308727
210310891
210311625
210312291
210317700
210325027
210328241
210329069
210329706
210335925
210338849
210339024
210340265
210355887
210362338
210362887
210363797
210365119
210375203
210376799
210381842
210390509
210390565
210391492
210402789
210408988
210415029
210415489
210415984
210417358
210417377
210417785
210420112
210429261
210431096
210433443
210433695
210440719
210441913
210445554
210449185
210460599
210470247
210471413
210471470
210472149
210473645
210482844
210487268
210489573
210494218
210499253
210499962
210519076
210519713
210519719
210521631
210521644
210524748
210527274
210533384
210536444
210537774
210542316
210546258
210576586
210576655
210583888
210598288
210601169
210604056
210605564
210615694
210629396
210632346
210634453
210635666
210638475
210638574
210649040
210651045
210658130
210663558
210670908
210678816
210680454
210681464
210682504
210694768
210698586
210700771
210701824
210701826
210701847
210702617
210703256
210707828
210714977
210716216
210717075
210724523
210724761
210735259
210743915
210745853
210746613
210749575
210750761
210753503
210755630
210794852
210796172
210796225
210798328
210809220
210813305
210813984
210822138
210824348
210827208
210846517
210849177
210850109
210850202
210854846
210856081
210865326
210866478
210872010
210873826
210886906
210901581
210903368
210905964
210907595
210910205
210918320
210931689
210932726
210951253
210955214
210955457
210956025
210956395
210963264
210977349
210987562
210991668
210998988
211019075
211021264
211021685
211021834
211025496
211029286
211049728
211055127
211080371
211085172
211085207
211086965
211087047
211088124
211090621
211092718
211093832
211096041
211103855
211103893
211109219
211109558
211110760
211110878
211113676
211113891
211115463
211116052
211116359
211116900
211135879
211138254
211138938
211139345
211145215
211153622
211155172
211156089
211165883
211188780
211189929
211190539
211191873
211197589
211203351
211207399
211210673
211216484
211220544
211237284
211237385
211239055
211241022
211241415
211244118
211249889
211251459
211251498
211257088
211258720
211261084
211264671
211266483
211272979
211281613
211291370
211303932
211308780
211314847
211318928
211321774
211329660
211332455
211332966
211337769
211345994
211346558
211349484
211350190
211355631
211369307
211377185
211405473
211406733
211406975
211408497
211414159
211415448
211415505
211415678
211415931
211419445
211421300
211424508
211437754
211444309
211445322
211447713
211454270
211456780
211460692
211472546
211473178
211479215
211481710
211484053
211491679
211501789
211505036
211531335
211531805
211531832
211560327
211562228
211562384
211581499
211583362
211598481
211604132
211607484
211608792
211609963
211611744
211612616
211613459
211626788
211627212
211633594
211633732
211646926
211651493
211656804
211661748
211666592
211674174
211675955
211677853
211683892
211684073
211685637
211687243
211700245
211716540
211719216
211747663
211763026
211771475
211777897
211799060
211799951
211802089
211809340
211821023
211821129
211834081
211834425
211837572
211845820
211864178
211873143
211873867
211885086
211889473
211893524
211900120
211900428
211903493
211923392
211923746
211923782
211924386
211932117
211938454
211940527
211940949
211949720
211951116
211951764
211951900
211952439
211959947
211961630
211981529
211982172
211984624
211985373
211995882
211997972
212001634
212002829
212007632
212008033
212014124
212024129
212041195
212041382
212041435
212046999
212054403
212064985
212073171
212073611
212080872
212087659
212095843
212096002
212096995
212099690
212105775
212109450
212115571
212121082
212123390
212123398
212154978
212155608
212166333
212174487
212194476
212206276
212217041
212221532
212222276
212222346
212258236
212277464
212278606
212279211
212284341
212292703
212297360
212300309
212306193
212308181
212312884
212318389
212325780
212326597
212326905
212339777
212343018
212344445
212347222
212354176
212358680
212366274
212370846
212373251
212374631
212374698
212375713
212376991
212378064
212378771
212383124
212385060
212401660
212406032
212425580
212427235
212427666
212429460
212432493
212432648
212433167
212436139
212437081
212439645
212440905
212444422
212459275
212459295
212462407
212472298
212472649
212475067
212476168
212479224
212483794
212499802
212504695
212523885
212533988
212535001
212537205
212539091
212540852
212545186
212546911
212553363
212556911
212557273
212560078
212566660
212588068
212590070
212592127
212603828
212615904
212622062
212624032
212625396
212645423
212649860
212652729
212654960
212658372
212662107
212698798
212698869
212699570
212699649
212699656
212702206
212711506
212717908
212721610
212722384
212733162
212741760
212749359
212750982
212763273
212764906
212767210
212770256
212773280
212774105
212775721
212790913
212795619
212798311
212802909
212807507
212812742
212812985
212817884
212821781
212828862
212847136
212848004
212848340
212854996
212866272
212876238
212904755
212905003
212909550
212920100
212927505
212945072
212960832
212961613
212963364
212966639
212970091
212978518
212980590
213018794
213020570
213024345
213037133
213039671
213039679
213043336
213044579
213047715
213056534
213062952
213072411
213072497
213074657
213075142
213076500
213084689
213087212
213092859
213111507
213124666
213126662
213126869
213141352
213150416
213159925
213176528
213177041
213177600
213188513
213188680
213188929
213203010
213209140
213211705
213225370
213225848
213225877
213226543
213226578
213227391
213248498
213250558
213278408
213281507
213282936
213283231
213286958
213287532
213291642
213294240
213305701
213305849
213307455
213309114
213336123
213340031
213347003
213347781
213352279
213352327
213362621
213364912
213365250
213365385
213366824
213389640
213395193
213395894
213396619
213396779
213404223
213405753
213406863
213412803
213428227
213428864
213433089
213450480
213451443
213451700
213451869
213452890
213455053
213457446
213461764
213465163
213470302
213505891
213506280
213506298
213506306
213514532
213518778
213524374
213524880
213525214
213530281
213531517
213533401
213538994
213539390
213542274
213562734
213563483
213567134
213568136
213569139
213569484
213569793
213576583
213590306
213607484
213619452
213619999
213620432
213638317
213654813
213661976
213670331
213673984
213701470
213720966
213721112
213721192
213721236
213738182
213746455
213759093
213770937
213771261
213771775
213779965
213783282
213795348
213797382
213799986
213800246
213811620
213826234
213826296
213828134
213830629
213830792
213834434
213838528
213852015
213853352
213859209
213874549
213877306
213888557
213895353
213913060
213916840
213921035
213934761
213944371
213944465
213950601
213950863
213966596
213968069
213969087
213978608
213997594
214005605
214005885
214014490
214018840
214057362
214067250
214067749
214067869
214067894
214070603
214075281
214080220
214115059
214117863
214118458
214132806
214148268
214165774
214179123
214182098
214182495
214185922
214195577
214204034
214218167
214221433
214238198
214243931
214247924
214248010
214250874
214253510
214258344
214259253
214293503
214305079
214306750
214328047
214329317
214333334
214344335
214359881
214363723
214363853
214369799
214372554
214372800
214375844
214377681
214380281
214381413
214384789
214405765
214408461
214411582
214415568
214419996
214423147
214431677
214465153
214474668
214478498
214506218
214517857
214536887
214544911
214545517
214546595
214551350
214551922
214575745
214580866
214582864
214609527
214609708
214610012
214610820
214611919
214613191
214614273
214618942
214661003
214666513
214668272
214670459
214672236
214686293
214687352
214690321
214708506
214729665
214730068
214730926
214739096
214739235
214767514
214767610
214768210
214768274
214770999
214779256
214779274
214779873
214800971
214802113
214822304
214822704
214827627
214828736
214841326
214846555
214862899
214872752
214882070
214888055
214895754
214909706
214912385
214917035
214919202
214949995
214951300
214957568
214967929
214970683
214974629
214979080
214979493
214980138
215010259
215011895
215013599
215013835
215014328
215014383
215016071
215027850
215028691
215042499
215047128
215076418
215076463
215076467
215080963
215082446
215085181
215091688
215096062
215105169
215111890
215124586
215127229
215128636
215129629
215129823
215129859
215130048
215131909
215133517
215133945
215136986
215137275
215140091
215142560
215144932
215148507
215148558
215148607
215148695
215156969
215164166
215167385
215180532
215181352
215181467
215182074
215182228
215184047
215184570
215184577
215185063
215187950
215200013
215201357
215202296
215205060
215206177
215206264
215206549
215210530
215211031
215212022
215212259
215236465
215236782
215237282
215238121
215241629
215247659
215251267
215263347
215293131
215293275
215293653
215295632
215295791
215297249
215304085
215313703
215313968
215315535
215319575
215319806
215327560
215328208
215330015
215331446
215366103
215370391
215375155
215391887
215405883
215413941
215423226
215424043
215424098
215426148
215427363
215427509
215429746
215437409
215442765
215444552
215469297
215477031
215481260
215481372
215485204
215487972
215488772
215500728
215503865
215503911
215513854
215527879
215534942
215535939
215536084
215536381
215537450
215539155
215541536
215548177
215551697
215552033
215553504
215554630
215560069
215564487
215568241
215568668
215575773
215578096
215585768
215592042
215594354
215596736
215597262
215605787
215609933
215615257
215617466
215619902
215620775
215629653
215644814
215644853
215646858
215646985
215649208
215649567
215650777
215651900
215663675
215663836
215666326
215674954
215681312
215683867
215702756
215705047
215705728
215706301
215706482
215708922
215728947
215731309
215740887
215742496
215754265
215765794
215773537
215773690
215773801
215773859
215774633
215776763
215786893
215795786
215803527
215808625
215808683
215817276
215838281
215842891
215849028
215855432
215864762
215873436
215874594
215879542
215894580
215896966
215897845
215898367
215898588
215899991
215900128
215901796
215904390
215906332
215913242
215917865
215932369
215953836
215955185
215955530
215955640
215955868
215960603
215960682
215962824
215967243
215969336
215976635
215990632
216006681
216008670
216009257
216009331
216009474
216009556
216010500
216013802
216016642
216021513
216025940
216028097
216030001
216030339
216039520
216046718
216054042
216056265
216056810
216058981
216060575
216060795
216062153
216062725
216067846
216068584
216074157
216082598
216088538
216088799
216121842
216142657
216158444
216161063
21616375
216185310
216186925
216187678
216200008
216203254
216204119
216209164
216215649
216227252
216238065
216241505
216243905
216244394
216255504
216258569
216266472
216267579
216271458
216275972
216283732
216285270
216305480
216308580
216308930
216313910
216314128
216319600
216320348
216324411
216331040
216339481
216348000
216362905
216363610
216373788
216376667
216381581
216391784
216394809
216403684
216412333
216419324
216420739
216421100
216428622
216440342
216446649
216448407
216471219
216472114
216472384
216502332
216519335
216537958
216537959
216556027
216574542
216600030
216601243
216602637
216604034
216604402
216604580
216608100
216608326
216624381
216626064
216626967
216656592
216662803
216666833
216668373
216669978
216670544
216672862
216672901
216674175
216674479
216684736
216694304
216694703
216697341
216702526
216702719
216727656
216728385
216728414
216731262
216731795
216733173
216734413
216735988
216739051
216739658
216740584
216743416
216751861
216751946
216752174
216753232
216772759
216775171
216776054
216777466
216778873
216778927
216779292
216781914
216795648
216805459
216806663
216809630
216810825
216811142
216825468
216831546
216831984
216832168
216832379
216833846
216836727
216837621
216839386
216843492
216846155
216854018
216859047
216862503
216864615
216865043
216868287
216876900
216882199
216886230
216889570
216895952
216898820
216904442
216906744
216909918
216915052
216928250
216944551
216946857
216946966
216948574
216948823
216951188
216954841
216975459
216976333
216976389
216991822
217001547
217011445
217014070
217014172
217014905
217016071
217029996
217030405
217030599
217040190
217048970
217051360
217077713
217079962
217083285
217083321
217084111
217084139
217084416
217084463
217086068
217086360
217086778
217091043
217093404
217094061
217105883
217106992
217108489
217108835
217112643
217118533
217125640
217127611
217141433
217143516
217153237
217153271
217153694
217154046
217154633
217156203
217157209
217161478
217163356
217163366
217165362
217168335
217183909
217186934
217198440
217198595
217198821
217200909
217204674
217204832
217204938
217208046
217215152
217226096
217229890
217233640
217233927
217241073
217243654
217255238
217256774
217256940
217257565
217258793
217259173
217259695
217259739
217259885
217270369
217270926
217272433
217274208
217278792
217280427
217281475
217285911
217299581
217312217
217313395
217316035
217320940
217323822
217326037
217327642
217331110
217334349
217335526
217340355
217352658
217372686
217374792
217376647
217376780
217376842
217382278
217399343
217408247
217413100
217414405
217419324
217428024
217439083
217440142
217441010
217442267
217442424
217442618
217442763
217442775
217442847
217445600
217452632
217465222
217487255
217500922
217504200
217504231
217505845
217507926
217507947
217508858
217510317
217512610
217514040
217517581
217519737
217521419
217521676
217527501
217529383
217530370
217537085
217537240
217544148
217558600
217562623
217562948
217563015
217563353
217564312
217571743
217575427
217577782
217581690
217584811
217607857
217610434
217612227
217613602
217616613
217616767
217616960
217617044
217618238
217623604
217629902
217649551
217651054
217667502
217668263
217669873
217669885
217669958
217670013
217674885
217680314
217685985
217687223
217689516
217693454
217718074
217721425
217721609
217721954
217724128
217726865
217729708
217730667
217736043
217747016
217747231
217752226
217771435
217777998
217784024
217788212
217797050
217805896
217805932
217828047
217833207
217839242
217854173
217857502
217858184
217863741
217865263
217876407
217899897
217902820
217905904
217905927
217925575
217928932
217942432
217952408
217955716
217955766
217961343
217965214
217966035
217966101
217976095
217976415
217984127
217985649
218001757
218004661
218007855
218009507
218013861
218016737
218018743
218032631
218035917
218044198
218053735
218053782
218056613
218056967
218057492
218058481
218058960
218059628
218059850
218060633
218060720
218063941
218066705
218069425
218070183
218073042
218076458
218079545
218079709
218107163
218107228
218107336
218109930
218121793
218137799
218143593
218164218
218171263
218176888
218189871
218206706
218211133
218219994
218224226
218226410
218227061
218227123
218242355
218248280
218248685
218248973
218254872
218256932
218258250
218261275
218276248
218283597
218283913
218286173
218290917
218295016
218299288
218308205
218309462
218309753
218321305
218332321
218337644
218343341
218343977
218345110
218350216
218357345
218360635
218366315
218370600
218378620
218392777
218402407
218402573
218408733
218410318
21841595
218422480
218423213
218451310
218451995
218452915
218454988
218455313
218455353
218457342
218461841
218470994
218480247
218481386
218485395
218497609
218499432
218502916
218503876
218507122
218520406
218522897
218523249
218530232
218539510
218551227
218559755
218562162
218567685
218570159
218576676
218578178
218586523
218588496
218597493
218607323
218617140
218623978
218627424
218631280
218641593
218660159
218660454
218666287
218686950
218688068
218707519
218712251
218715356
218717982
218730195
218739786
218740346
218740546
218749582
218753817
218758074
218758658
218792148
218794085
218795412
218801333
218809916
218817799
218825862
218839773
218839915
218841684
218841752
218843022
218843910
218843935
218854028
218854811
218859422
218862789
218863859
218867529
218876604
218877760
218892881
218895936
218898618
218903904
218907689
218913181
218924382
218941839
218949143
218953973
218965137
218971127
218975088
218981041
218995188
219004458
219005399
219009401
219010314
219010765
219010785
219012723
219016273
219016729
219016864
219023019
219029054
219031806
219033319
219044255
219044545
219049702
219060630
219070975
219071082
219071246
219071851
219072665
219075657
219081552
219088347
219089236
219093608
219099215
219102072
219120638
219123528
219123713
219126120
219126828
219128589
219137418
219151739
219166202
219177361
219184191
219197772
219201325
219201730
219202096
219210134
219224895
219225288
219225797
219228373
219228520
219229371
219233017
219244699
219248296
219249066
219249665
219251026
219258758
219271632
219275679
219276469
219276802
219280378
219286194
219289433
219291478
219294361
219295081
219319747
219321859
219328727
219329414
219332289
219332667
219342935
219348994
219355367
219356016
219377438
219384426
219384449
219385996
219391082
219392336
219399718
219400531
219413678
219446046
219448422
219449591
219452231
21946394
219468209
219470659
219470687
219471274
219481650
219487262
219501167
219506412
219507311
219517654
219519377
219528748
219530465
219547644
219548918
219549589
219550109
219551975
219558090
219569632
219571426
219575555
219575931
219578986
219585520
219605250
219608078
219613176
219617661
219629690
219637918
219650216
219654193
219656201
219666357
219667967
219668305
219674224
219678336
219682284
219706818
219709301
219709897
219710288
219722612
219724252
219729199
219731644
219738889
219740126
219743188
219753198
219754120
219761334
219762086
219762088
219774799
219779187
219816376
219817909
219818034
219823948
219832830
219859647
219865467
219871484
219872535
219875273
219877685
219878049
219885238
219888866
219890812
219892823
219894311
219900526
219902407
219908152
219911745
219922479
219925303
219927448
219931559
219933285
219942383
219942391
219975561
219992524
219999975
220000436
220002550
220002774
220006571
220006627
220020505
220045550
220047744
220048186
220061372
220083412
220091685
220091746
220092240
220092492
220093018
220094895
220095257
220100979
220108286
220108577
220108881
220117117
220122384
220128283
220147185
220147780
220149169
220152443
220165509
220165510
220173047
220202497
220204771
220208763
220209094
220220721
220224647
220225073
220238364
220246141
220256479
220261339
220261952
220262372
220264809
220267018
220275954
220290280
220311967
220312785
220315327
220317428
220318813
220320110
220320409
220323788
220324774
220333630
220335191
220335710
220335840
220347923
220361318
220364834
220367642
220367972
220368279
220373799
220373806
220376806
220381743
220383131
220388911
220391193
220392642
220410698
220412826
220415266
220415639
220416337
220416517
220417618
220419002
220422267
220424599
220428687
220428891
220432170
220435553
220439487
220442613
220443934
220444471
220446731
220459435
220471236
220471446
220472558
220474906
220476616
220480869
220483436
220505496
220512144
220525237
220528235
220540823
220544103
220545131
220548734
220573897
220580072
220582890
220588390
220589352
220589904
220589915
220591624
220595838
220597717
220600511
220601237
220609947
220611333
220638795
220643000
220645356
220646603
220650923
220651840
220655687
220669412
220670566
220672800
220679820
220688693
220693395
220693426
220693428
220696295
220702489
220704990
220706937
220717875
220719599
220720641
220737012
220737239
220737776
220756944
220758990
220763634
220766167
220766414
220766464
220774580
220787994
220795217
220795932
220796027
220798693
220801144
220803240
220805177
220806013
220807537
220807832
220808323
220809965
220810360
220812780
220816758
220839727
220840372
220845566
220845685
220846132
220848725
220860404
220861165
220869576
220873388
220875311
220877888
220897955
220899389
220911687
220912443
220917645
220917684
220929088
220934101
220934470
220937914
220951909
220967807
220973139
220975574
220976652
220977104
220979735
220982342
220983046
220984341
220999960
221000272
221003754
221005147
221006448
221007278
221010481
221015126
221022603
221024736
221026457
221027472
221030288
221030494
221031434
221035541
221037173
221038829
221042154
221042306
221050142
221050667
221051112
221069980
221079172
221095144
221095450
221096484
221097779
221098190
221098404
221098621
221098990
221108000
221108625
221111393
221115069
221117693
221124853
221126045
221126122
221128074
221137825
221140475
221142322
221143173
221149827
221152448
221159249
221170701
221170771
221178699
221192154
221193261
221195597
221195998
221196597
221196688
221199707
221207014
221217825
221225592
221225785
221230641
221242787
221245643
221251045
221251715
221254086
221257783
221263318
221268275
221268804
221269903
221276479
221277599
221280470
221285831
221285969
221289823
221293922
221296280
221301967
221302940
221305283
221305372
221308963
221309153
221315597
221317940
221326097
221331405
221332807
221352273
221354881
221357904
221359312
221359391
221363027
221367378
221368768
221372698
221392704
221395446
221395948
221397267
221399524
221401054
221402730
221403783
221406167
221414170
221415344
221415999
221423127
221424614
221433435
221450872
221451230
221451573
221452085
221454461
221454647
221455069
221460083
221461428
221464984
221470979
221471597
221474410
221484572
221495297
221497820
221500153
221501627
221505555
221513750
221520148
221521390
221524461
221525007
221527577
221534060
221535047
221536953
221542736
221546219
221548139
221548519
221555591
221558844
221566658
221573801
221587016
221599685
221599983
221600859
221601905
221603960
221604106
221615782
221616984
221628187
221632230
221634776
221635544
221636709
221647432
221651736
221652856
221662088
221664901
221665646
221666962
221669084
221671383
221672265
221675799
221676253
221681530
221702205
221703068
221711448
221718354
221719215
221722329
221725055
221729063
221733830
221740966
221746189
221746788
221748560
221748782
221752504
221754710
221766247
221776308
221792353
221793800
221795378
221797141
221800304
221802113
221803163
221809021
221809090
221812276
221817837
221828770
221835871
221837061
221838599
221840866
221841619
221849552
221849722
221857513
221858939
221859157
221867879
221878092
221886601
221886855
221889602
221897076
221903533
221913179
221913897
221930753
221932356
221937448
221942746
221943904
221944592
221947933
221948109
221966322
221986446
221988250
221992846
221997368
221997901
221999626
222003684
222006340
222006355
222011452
222014463
222018213
222018935
222022041
222024554
222031920
222034046
222034955
222042348
222044042
222044678
222045268
222049533
222058995
222059057
222065041
222069124
222069475
222070513
222071704
222071826
222074084
222077011
222081085
222089726
222093535
222096023
222096428
222098622
222100638
222100743
222104419
222106445
222111798
222116695
222118997
222120211
222121945
222124101
222130069
222139889
222150050
222151841
222154287
222158033
222161193
222166206
222167633
222169874
222172345
222193704
222194765
222195376
222196570
222197289
222199311
222206783
222217419
222218561
222219623
222230891
222238313
222240838
222244009
222245712
222248279
222255174
222260160
222261498
222261688
222263485
222268445
222271753
222276478
222281826
222281877
222288535
222295119
222297692
222300782
222302947
222303816
222312249
222316119
222317949
222318500
222318847
222321400
222322023
222332479
222337958
222350568
222353403
222357683
222358302
222359219
222362810
222379076
222381282
222394753
222404152
222405069
222409076
222409288
222410418
222413500
222415662
222422563
222422842
222423992
222424665
222428528
222431291
222439501
222443107
222455575
222462604
222464020
222464033
222464125
222467173
222467227
222468448
222469026
222483996
222485830
222492964
222499635
222516461
222517478
222518800
222520635
222523607
222523618
222524052
222534210
222534391
222544562
222549491
222561013
222564180
222568033
222568289
222568867
222571242
222573215
222576969
222580040
222583311
222586905
222590091
222590160
222606760
222620417
222620557
222626313
222626912
222630323
222632500
222643927
222647320
222653684
222658414
222664932
222675305
222676347
222677275
222687175
222687545
222690212
222690388
222692652
222693065
222693789
222700901
222701247
222701953
222707355
222712985
222713645
222715572
222715908
222727905
222729775
222731260
222732045
222734665
222736054
222736306
222736467
222741617
222741930
222742429
222743641
222747070
222747975
22276289
222775590
222780986
222783766
222785384
222787137
222795036
222795771
222798019
222800688
222801718
222805310
222826512
222834994
222839615
222840681
222841439
222844357
222844359
222855642
222855992
222857907
222863972
222865078
222866408
222866476
222867657
222881169
222883708
222889034
222891594
222892044
222892277
222892332
222893510
222896740
222897226
222897422
222898120
222899239
222900041
222900931
222905812
222906631
222907781
222910388
222911786
222918709
222921695
222921949
222925096
222926794
222936750
222937193
222937599
222938682
222938830
222938872
222939124
222939584
222940894
222943071
222943632
222944492
222945063
222945222
222945359
222947474
222949698
222955728
222955943
222956152
222959601
222964454
222964487
222970380
222970732
222977381
222981811
222993129
222997260
222998037
223000995
223001463
223002506
223004629
223007666
223009674
223011594
223012802
223015112
223015676
223016186
223016533
223020119
223022323
223034621
223034922
223037347
223037861
223038524
223042312
223048993
223049068
223050818
223050937
223051299
223053376
223053822
223055449
223059809
223060529
223062012
223062335
223063851
223069605
223076686
223077181
223077999
223078258
223082268
223083586
223084759
223091326
223094166
223094351
223096295
223097086
223098746
223103015
223103616
223114420
223115172
223115282
223127056
223134876
223143328
223148838
223150160
223150479
223152733
223165031
223179145
223204179
223205161
223212682
223215633
223217989
223224423
223224568
223225119
223225462
223226814
223229260
223230808
223233776
223247773
223258716
223258844
223259230
223262607
223264828
223264855
223273152
223277863
223281383
223289169
223290628
223294295
223299919
223304567
223313101
223326518
223332381
223336105
223336253
223338284
223348180
223348848
223350607
223358222
223366755
223367181
223369637
223369759
223374531
223382066
223412488
223412492
223420487
223420921
223421135
223425260
223428074
223429434
223438774
223445414
223447788
223469484
223476254
223476315
223476377
223482983
223484513
223485420
223488508
223494202
223496408
223506609
223507024
223515564
223520106
223528569
223530663
223530725
223535469
223541631
223547310
223553977
223554643
223555056
223556550
223561452
223585693
223589820
223592381
223592794
223604290
223621349
223626254
223630919
223637559
223638227
223640840
223645625
223653635
223661271
223661874
223663806
223664240
223666711
223672720
223685706
223687816
223690184
223690993
223694974
223702130
223703425
223705533
223712641
223713571
223715175
223715437
223715588
223720098
223720611
223724062
223728006
223744284
223747116
223758143
223760928
223767424
223771701
223773313
223775443
223776674
223779677
223781604
223785278
223792085
223797921
223798773
223800617
223802933
223804437
223807450
223810418
223811539
223812273
223818925
223819256
223820827
223820965
223830881
223831619
223835924
223847065
223856287
223856625
223869041
223869271
223874078
223878241
223880394
223882932
223884612
223887519
223887952
223889335
223890242
223891253
223898951
223907782
223908993
223909363
223911113
223911983
223916647
223929742
223946239
223952671
223962224
223962647
223964986
223968502
223968671
223970609
223970896
223974127
223975418
223986586
223988089
223990067
223991031
223994831
223999176
224002618
224004166
224008925
224020111
224021715
224030054
224030595
224031591
224032864
224036258
224053734
224061146
224066335
224072051
224076605
224076827
224077867
224082376
224084211
224088320
224088498
224093842
224103839
224107335
224112754
224118188
224121102
224122207
224130840
224133090
224134573
224134704
224135440
224137391
224139233
224141080
224142522
224144877
224147535
224149841
224175143
224184002
224188016
224188768
224191157
224191834
224192708
224192867
224196941
22420145
224203122
224204162
224207297
224207518
224207745
224209059
224211189
224218006
224229330
224229375
224241314
224242506
224251481
224257456
224266651
224276924
224278044
224282157
224303341
224307001
224307694
224310926
224315805
224322690
224332645
224340308
224353612
224353790
224356524
224361183
224362210
224362475
224366749
224367494
224368165
224371073
224372119
224375132
224378821
224379588
224387999
224389658
224398136
224417071
224417321
224417803
224418779
224420364
224421383
224421445
224431747
224433695
224436493
224446136
224455436
224457815
224476534
224477320
224478102
224478372
224481256
224484261
224484908
224485201
224485361
224494160
224495946
224498977
224499261
224502804
224542041
224549058
224549313
224550617
224551342
224554459
224555536
224558267
224558618
224561000
224579052
224579334
224586197
224587798
224590952
224591507
224610806
224613468
224617222
224630729
224642974
224645826
224648107
224656101
224656365
224662343
224668128
224670629
224674857
224681805
224696290
224696623
224702986
224706887
224707840
224723678
224727636
224728941
224737531
224740648
224743846
224751423
224764295
224766332
224767115
224767285
224768574
224774973
224775035
224786520
224792408
224792893
224806921
224808447
224815424
224816259
224824705
224826126
224849111
224876753
224877266
224878166
224878895
224879142
224882164
224882520
224885065
224885410
224895620
224898695
224899119
224900835
224902411
224903077
224906126
224907181
224909719
224913317
224914581
224917919
224918550
224919001
224919382
224919611
224919765
224920334
224920659
224922200
224922338
224923030
224924096
224926435
224927820
224929194
224929699
224929777
224929989
224930255
224930362
224930539
224930658
224930713
224931216
224931290
224931318
224931381
224931522
224931544
224931864
224931869
224931911
224932090
224932111
224932348
224932591
224932958
224932968
224934033
224934607
224934745
224934752
224934912
224935000
224935015
224935086
224935095
224935109
224935145
224935309
224935448
224935803
224935909
224935990
224936317
224936440
224936466
224936526
224936600
224936680
224936854
224936983
224937337
224937343
224937366
224937909
224937938
224938073
224938628
224939143
224941317
224947004
224948603
224948665
224954267
224961898
224963404
224963732
224963801
224964084
224964665
224965621
224966092
224977889
224981232
224984291
224986016
224986751
224988234
224989367
224990336
224990719
224992294
225002350
225018841
225023759
225047003
225047682
225047812
225048593
225048938
225050473
225052795
225054940
225055490
225059433
225059708
225063394
225065912
225073352
225077578
225100806
225101426
225102525
225105045
225106979
225107207
225107315
225108598
225108929
225109049
225109827
225112113
225112818
225118311
225123074
225124117
225129219
225135343
225160900
225161170
225161820
225162324
225163898
225164440
225165310
225166230
225168130
225168242
225168942
225172422
225173739
225173892
225176255
225177756
225177929
225181772
225182087
225182896
225186543
225195417
225196111
225196896
225217742
225219059
225221431
225223012
225224569
225228664
225233010
225234100
225235909
225236562
225238925
225243021
225245148
225255237
225272488
225280286
225280861
225285388
225288325
225300715
225300966
225304479
225306237
225307361
225309014
225314337
225314663
225316332
225316557
225316612
225317013
225317566
225318060
225318762
225319916
225320701
225321183
225321628
225322419
225323417
225324165
225324347
225324427
225325776
225326078
225326952
225327267
225327396
225327505
225328065
225328238
225328512
225328743
225328937
225329133
225329512
225329898
225330143
225330273
225330775
225331093
225331377
225331449
225331861
225331879
225332179
225332609
225332696
225332725
225332772
225332788
225332845
225332987
225333008
225333016
225333082
225333086
225333131
225333160
225333192
225333277
225333381
225333412
225333640
225333666
225334002
225334015
225334106
225334349
225334606
225334646
225334952
225335115
225335242
225335264
225335472
225335811
225335856
225335913
225335926
225335952
225336032
225336047
225336145
225336199
225336220
225336496
225336523
225336634
225336642
225336761
225336801
225336822
225336989
225337078
225354896
22540247
22553076
22566232
22579657
22586631
22606808
22886682
23048407
23506643
23602916
23818892
23857789
23874528
24131087
24201613
24220610
24261519
24390196
24611719
24761580
25091613
25234181
25247136
25253122
25591321
25631132
25727597
25846531
26203348
26608575
26646043
26729282
26892727
27236758
27483264
27540598
27704449
27871885
27896136
28076058
28814050
28890480
29063684
29068620
29106775
29402586
29420787
29544782
29838765
29852074
30160190
30172140
30256174
30291634
30322103
30383073
30399370
30401594
30460453
30542785
30572447
30599440
30856844
30956918
31043892
31160635
31312837
31317843
31688212
31748045
31876020
31919678
31975163
31986258
31989428
32654694
32741263
32885070
32961694
33054249
33163427
33334768
33372722
33401895
33403155
33617843
33645541
33671279
33678576
33871109
33970406
34010355
34425190
34568356
34808598
34900362
34904768
34911077
35137605
35243095
35285379
35317728
35348346
35612896
35912130
36092657
36137280
3616567
36386504
36714138
36978354
37108946
37206942
37254924
37267022
37275295
37378937
37608313
37616128
37624975
37849001
38011782
38239537
38256949
38328225
38989826
39164012
39196989
39363354
39413790
39420718
39511867
39595977
39846875
40044672
40091309
40302548
40308176
40356444
40402171
40465557
40555318
40557174
40564802
40591863
40727860
40815095
41002006
41044823
41177759
41178274
41374578
41375900
41623001
41777667
41839803
41966222
42035019
42330221
42367339
42375630
42380722
42399296
42412528
42436354
42565920
42621924
42688693
42728156
42876191
42911078
43025878
43211532
43275874
43439073
43851747
43855772
43887146
44132574
44295729
44306834
44347759
44412937
44628420
44628959
44642102
44684332
44694875
44794439
45015704
45045424
4508097
45105357
45181953
45220253
45346555
45398709
45402083
45480058
45683167
45722807
45748994
45765243
45891086
46051820
46110564
46116158
46463416
46495401
46524558
46533841
46582049
46690320
46708254
46775399
46784356
46826294
46831224
46942121
46997839
47011899
47067781
47095992
47112717
47122871
47247421
47248122
47359231
47400721
47401033
47408878
47447006
47482776
47496112
47559274
47560532
47572307
47697294
48006359
48108408
48110954
48157832
48390120
48402589
48451878
48794483
48942342
49041844
49042065
49107204
49112420
49152496
49175020
49235834
49273516
49358017
49475784
49482906
49511686
49636558
49716290
49725427
49730491
49786698
49793488
49826955
49842415
49932102
50096720
50114400
50131971
50134254
50291518
50298581
50366010
50705065
50811825
50953110
51001711
51065221
51126117
51157154
51178700
51324599
51409958
51781247
51796876
51875526
51876756
51976656
52028670
52045858
52101839
52217769
52338893
52520947
52591203
52603642
52664700
52827756
52887730
53092102
53096214
53189479
53333794
53401815
53495636
53638071
53727147
53808248
53818516
53872487
54089800
54094148
54128145
54146503
54241683
54361420
54377591
54475488
54541603
54600790
54648079
54656765
54688659
54901010
54951171
54957505
54992448
55042692
55050394
55115038
55227991
55766439
55790554
55841317
55898611
56114186
56213546
56424498
56711007
56770090
56814961
56881494
56944150
56979586
56997833
57011225
57073732
57082730
57155154
57177961
57194424
57200411
57305375
57311864
57423368
57431745
5748125
57512621
57580753
57604519
57672414
57694509
57704442
57735135
57839275
57848180
58014108
58025276
58054015
5812733
58173335
58227100
58260456
58269182
58335597
5836907
58399275
58459746
58568697
58611311
58616771
58673451
58738507
58798795
58920217
58920896
58990237
58993013
59123318
59196947
59207602
59264858
59269594
59282715
59317722
59368794
59405375
59410649
59451952
59521151
59540425
59571589
59634381
59639212
59639746
59681831
59770955
59898931
59901933
59922387
59929981
59935792
59940628
59993232
60019271
60079915
60088613
60102779
60133852
60152115
60395187
60511882
60521530
60584347
60596054
60621521
6078466
60793435
60824477
60853867
61031427
61035672
61090990
61105325
61236714
61252769
61298950
61331491
61351755
61407787
61412758
61461578
61546445
61618898
61678540
61688435
61702948
61811502
61843610
61871618
61892184
61919555
61950713
61982720
62096161
62125622
62132920
62155341
62324125
62349746
62589197
62630161
62668453
62721383
62771716
62776520
62796722
62798825
62806163
62872358
63110856
63113161
63169454
63275424
63330649
63370365
63395117
63414595
63429749
63484840
63497561
63582428
63638070
63723636
63809272
63866801
63870197
63871662
63901296
63922436
63969546
63976232
63997977
64218960
64246776
64303071
64307508
64315382
64390285
64491343
64509048
64516985
64702019
64786517
64869944
64901197
64945726
64946516
64993786
65007020
65098387
65200525
65273063
65328765
65376449
65382366
65445301
65457383
65472195
65481113
65610188
65767954
65801501
66092369
66104317
66243514
66272416
66288978
66335860
66376578
66640731
66674874
66727420
66815327
66839635
66843934
67015557
67026786
67038814
67126977
67279318
67291923
67356369
67459375
67503310
67900917
68003263
68107245
68182086
68264563
68310315
68323186
68334680
68398631
68431571
68668265
68668633
68842383
68913363
68969533
68995077
68999413
69000953
69007206
69082600
69113424
69170231
69176883
69208582
69216764
69284106
69298452
69301721
69331974
69538746
69654848
69658729
69670914
69756095
69838292
69890593
69897049
69911500
69981774
70030827
70140625
70383325
70393198
70470759
70747968
70763845
70779679
70787689
70823902
70900838
70904516
70912750
70944670
71008387
71134567
71355773
71369525
71379667
71646325
71659685
71661282
71930112
71951325
72017890
72052186
72129446
72148589
72156364
72227691
72269467
72270919
72312635
72359252
72403647
72439450
72521262
72533492
72546781
72552987
72670371
72934225
72964751
73026853
73137532
73142045
73226885
73239570
73254571
73338771
73507479
73596590
73718092
73801966
73874336
73879959
73900253
74172638
74378955
74762915
74777686
74861701
74867755
75133569
75164925
75191446
75223981
75278277
75309064
75326151
75412939
75423144
75516255
75522166
75524063
75538472
75611702
75751235
75806583
75889988
75960590
75999056
76000782
76157986
76198069
76198856
76200242
76330462
76423243
76659313
76691753
76698719
76745510
76767653
76811258
76921336
76927106
76927414
77008304
77121975
77126311
77188408
77189233
77232181
77255369
77396915
77505175
77515366
77650208
77667666
77716333
77731424
77799957
77936277
77980090
78053428
78072053
78241886
78261113
78289928
78369685
78453154
78456224
78462813
78464166
78474476
78479277
78495160
78500846
78526563
78573689
78656501
78736115
78756093
78786200
78792429
78817181
78917076
78929622
78938900
79124477
7916680
79192412
79211071
79246044
79336925
79477223
79745214
79748207
79771411
79772428
79860665
79873297
79881999
80118573
80124597
80171641
80174433
80177639
80242678
80321582
80419372
80524354
80542758
80650848
80705642
80717791
80727090
80734743
80746246
80758874
80814992
80834929
80929863
81096600
81126206
81133302
81138293
81153449
81233672
81365769
81375051
81382947
81390317
81575274
81580858
81589188
81590506
81609711
81655520
81797974
81846769
81896901
81897011
81900354
81931046
82006848
82009373
82020546
82094700
82108757
82194778
8227275
82316695
82393114
8242218
82508532
82748621
82756043
82942749
82947100
83016944
83050058
8307016
83087845
83148522
83167308
83265098
83288199
83516850
83548475
83664959
83672744
83784555
8398807
83994706
84178347
84219649
84237445
84272963
84314437
84331147
84421978
84553885
84570803
84666016
84706767
84750331
84771850
84802871
84902198
84908689
84948438
84988048
84991560
85009795
85032065
85169980
85173153
85227031
85227990
85306152
85335053
85353661
85386587
85393456
85413121
85489405
85491691
85508021
85517234
85518316
85571613
85586321
85590943
85595468
85595587
85595988
85602161
85602164
85607178
85627166
85665818
85698837
85702585
85722203
85809987
85858608
85906387
86012987
86035128
86264348
86296485
86339203
86341358
86602918
86671615
86819271
87113656
87189453
87352571
87463593
87475033
87760279
87804149
87945809
87979322
88090471
88103914
88158135
88277446
88430166
88449393
88533605
88725537
88794382
88821083
88929888
89077755
89181788
89247946
89413644
89479145
89589487
89618330
89674009
89691588
90053851
90068333
90146807
90319453
90324529
90333901
90344006
90376213
90857910
91056482
91272217
91360621
91423409
91443112
91600883
91710311
91819830
91831452
91880497
92146796
92165640
92183065
92225798
92271469
92354708
92429112
92672519
92680825
92786019
92981361
93265539
93541821
93603097
93705956
93822340
93917220
93932907
93990380
94126695
94139627
94318126
94771580
94835568
94919284
94945593
94953192
94977959
95000984
95098665
95134984
95525779
95542639
95561661
95576762
95680502
95710418
95728505
95878050
95889155
96030685
96123213
96219091
96253433
96340732
96427311
96432931
96435015
96519369
96522071
96544155
96588788
96640552
96765375
97379006
97408793
97825776
97843020
97930097
97943487
97952986
97972464
98007002
98073731
98110577
98118184
98223436
98363813
98375968
98430859
98457373
98474414
98720243
98732341
98738800
98752868
98773195
98833910
98881441
98910766
98990445
98995962
99108208
99119576
99158135
99183022
99208245
99229061
99248824
99275038
99293037
99373703
99377910
99444070
99601084
99715785
99833808
99836914
99898901
99910872
99996830
63015201
223155745
181377531
222143249
217900001
48261691
223758621
210635241
217583797
221001144
218953823
217842129
223800563
221713858
210908211
224262008
177957122
218368116
158249961
221888324
219017523
221844094
223856814
201698033
220753201
186347050
182935518
201665295
218678238
224253404
223906911
221324848
222001326
221759670
212064539
216692598
130778999
223213159
213244113
208760856
217688666
220661455
221741994
138088759
216166329
181863843
222544323
157719420
190273509
224213390
221027196
87771038
207268052
188749542
215183598
222850291
214345528
223648758
221836606
217947695
220923834
224651103
221069507
219247846
208264087
216934649
213647311
224937918
201941341
156821607
224346907
221977365
222329413
213157547
217524836
220208935
222313602
215384772
161414454
221091530
222563709
215045726
207447417
198657807
218646048
198519184
210443189
225242952
224692627
208316852
133363752
221050342
223725411
223880805
223564502
224750106
207050660
223147901
213915550
96163130
218006973
221144422
218523959
224160605
215097866
50890046
187773239
223400086
222648456
223449935
223579064
210117203
222165462
217457025
217153430
127762043
221710546
223479029
222857003
213590321
225139101
173072505
211356513
221028614
194783639
135126410
214329525
193834691
98150271
207610218
203336808
209953710
222515668
219386176
221895169
202622471
221162937
210867262
188312388
99990075
219069081
174644256
110667826
154037067
221564805
225239568
200432974
211897358
222043457
219814805
222247156
222892147
165442138
194676781
220166275
214564378
216825786
220480024
207152962
141856780
219296190
224974272
222518421
209546981
210703239
215651744
168087928
176289174
213600364
221834314
198989039
49450531
221926877
222811721
222522738
205165910
224932732
220020518
222889461
221238969
163714470
198626769
225332155
224920408
194778133
134983976
221054301
218489887
191518403
221549898
216598882
206997605
219892302
213402508
220618768
212643281
212342085
215962492
220482728
222015747
224937027
206452029
207624624
214306455
220592242
224922622
209983075
209651350
215435301
209176177
222408673
219203644
179658440
221841352
152868076
219667463
198171491
219093380
62962098
218686462
220947162
222087172
222948348
218426431
222215020
156017216
222247017
164167200
222304735
29138799
83617628
219832237
135938184
214134481
222848004
201372359
223313958
223659377
205869685
134504747
196612996
222561014
225326046
222716539
213185061
125425096
158708385
224306556
214018586
225324706
195431718
214003959
223203176
224413269
219286458
221448887
206932480
209809961
221500646
224933848
168591684
222539557
206765783
219432003
222616570
156526316
224886754
225281787
205863636
220414249
202407512
224081326
203806293
224128958
219796485
210365665
220916910
223489784
119348096
224535742
212651636
212814702
208906753
224104066
210900288
223587795
121218281
189131597
224935848
223083654
179846793
166932972
153885138
172532784
222946343
218687354
217141771
222352199
222356750
158405253
203663073
133478262
221943499
166910787
217389893
222344313
220533017
219278536
223205590
199673958
184891470
222479179
187835694
222419408
191597985
222105343
203374611
207165418
218786352
203833438
223657937
215951757
223959653
222781658
139902843
222096064
213313538
221379736
207626916
223005004
51637674
209869925
74996926
221655013
215206614
218233784
183505002
221174112
219949520
213624590
152130081
217241674
213518447
222057813
224933433
219999643
219838713
222026103
224833505
44067633
198355777
213249537
217147995
197856517
221711018
206583768
197631398
223994192
150989121
185717039
207363602
108329971
222302916
193800883
214998258
225295056
216284210
207503552
223659793
221191328
204251184
198723265
222966679
218562710
133425029
221175607
221773332
205158408
223914081
224413319
191565029
216391685
218864302
221546730
222321034
225333968
54967701
161449791
195225688
197792429
224078464
215074753
224652247
218797872
157504395
220542850
221952830
223963399
214630264
219109133
203077531
210519622
225164129
204909223
218799242
162238483
223985021
208618359
214617482
223550923
223842450
217616886
223043161
219649224
223880581
219603159
165312806
131159558
223645249
223826264
225082193
219687755
222118584
215735627
223486762
196299633
159049230
219996264
224034109
164444723
209739173
139699417
133780503
223238132
210803843
225335593
223955719
223947637
208577088
223536254
216951693
224937085
147423549
224764637
217798567
211455416
21850272
207555558
215481716
204259616
221137438
221698809
224804363
215186119
223371936
225103023
224790921
224250653
221245990
197504190
225043735
123366920
210215329
223484597
94403988
224561865
210901687
194866747
222359308
139334048
211415626
217616915
187298005
221972257
221108304
142768650
194069335
224756035
224364194
223477313
182718212
194772290
214021122
211544958
217838846
224255256
221701162
209273332
221566181
215248486
220034346
210604341
217330474
224932428
223911071
224653032
225101433
218624427
172008217
195007876
224703805
222207237
225321830
205309710
224199752
212892834
219886295
210237836
223070002
207053324
170402629
54915665
218473059
221840876
223922606
199808468
222005985
200737234
179963775
135790664
222152764
223919422
222428118
200907615
211556936
224928818
224476530
122353276
224617405
222948075
61195538
213024444
185339970
214662693
206286258
225334484
218271481
217228921
211871104
155114686
207840869
222430995
214120900
223923748
224485436
225102820
208356866
201109685
216010521
148093754
224932950
221884636
222155142
220172661
216077044
224471110
225318449
224212233
220174526
223422069
217405045
224244241
142334322
171495643
207033501
223069443
225283992
224262111
218342718
218764534
210521614
222594691
225240631
225329683
223009928
222233943
145062302
200641545
222587020
218629115
221673696
173558249
198807316
216983893
156123450
224881619
169256791
182464779
165457177
220383636
224722815
166563002
224462122
223655402
121910588
211482926
225050373
189432377
80755423
200994628
182398354
223871445
225332447
148890661
118628928
223203178
198155531
224788142
222143988
221167108
184794033
197040710
110807514
194086273
212303697
222486813
220713209
221791342
203097575
216219671
222290915
209428131
219514432
223338658
212865776
217088996
218970834
216361720
218505555
212515017
211799544
220285011
215496446
218448234
173576145
213347168
214706553
207049208
224832778
223633524
209543318
202916805
223317079
194511858
221001197
80121405
156714639
166494373
189023272
176124152
221192880
224035901
221001983
211868939
219753686
206209836
223800403
221840644
220105269
224278660
218569101
222163985
209503662
153390111
111962738
224890915
150626961
206357745
202526771
146017306
140152107
206367813
150179555
97095419
151198329
225231341
221707652
222307939
221657362
224233326
217383959
190633664
222780605
223884597
218589612
203173328
222730855
192397387
213679687
221718877
221953968
213538197
224909222
221842856
218737464
200354650
221332497
222054955
176035829
212616076
212426242
225328769
224150939
214250872
222519451
222538589
187991683
218260259
219402110
224050726
209709151
127066693
205202722
220671874
216372597
221502006
220284761
224306088
221571638
220068944
73695639
222888804
215592084
221854375
164140685
219449699
223917898
176445340
193872870
213672814
214113346
219715909
221123140
220034305
76118739
223494810
186396990
214251102
220959759
209743357
33354635
215260606
71898910
209985661
218438685
194320336
222850403
217622890
175244272
221052653
205250230
219053320
222160002
40522330
223409447
224580095
147562210
165678276
219569732
224487043
222411627
141340900
218010943
212018840
200406494
219985983
221744339
219372426
225049834
221953842
223053652
221922489
220519449
221167035
74924612
224940103
213720760
212908606
219916967
212481442
224933340
225304307
225334714
222141662
214947158
222479261
175240866
100472245
222245573
220446711
60072916
209051120
219977089
157741707
219618267
162217880
185443035
211663158
221183669
216254215
182225286
224125921
224931861
195482520
219080345
221470630
223204828
223369815
144460497
224918056
202323343
223258200
221104313
224189382
222639907
222412049
165023547
223763510
223687328
196549847
217733479
205211439
198621162
225335220
221797947
207662944
220903802
213050789
223096751
221077154
225025582
207905175
225233961
217272952
221791243
219564757
222803226
223044210
219243825
158640171
187779399
222196354
221752447
223144712
220619378
194247826
152926383
178533154
221946103
213396931
206978620
223156832
138540133
221599885
197032051
223341037
220105531
225125951
222026815
194644496
220069522
220090776
220500593
103843159
174878063
211882575
191267161
224653799
220900890
217886330
224020381
224541368
224609315
201360471
182225799
142889165
142157080
217008363
218562693
181673346
223667209
224773882
220897448
211908374
220644303
216363219
224836171
225317658
55442343
223386527
219281359
222894768
219304672
224773688
225250555
222033375
214253095
219872918
180118263
203189697
201954614
222535609
216034271
225275334
224937416
209955562
207095151
210184223
184573989
220437865
178876636
152044073
215729296
42639432
223309995
222281464
215042616
218247521
215074871
194284225
206233694
218455526
219406911
75439734
85356579
215490368
224670057
182755657
190551264
219550694
221269252
223667772
222263576
219501094
174182193
208053204
224143094
218193652
177979249
208862377
216778903
225137573
77705254
217895694
225053206
146338065
175139725
225333046
225108064
139620472
222420899
159116666
216917037
219449843
207351049
218159377
175583449
221593750
223612280
186992429
219460583
180688683
217932171
224802581
224925028
225125587
223208003
221681537
221467457
21719212
217541184
221698280
223435509
41407344
166795034
217212078
222698487
214670843
217281116
223168756
157322076
222734564
49049415
193721101
87698188
216088357
212070696
206665975
222102518
170818498
224269309
223970776
221403796
179380002
222842327
218002940
218372489
210246198
221371269
218625178
225229868
221712958
218597874
216899715
216360035
224276974
224365044
225335843
193820790
209124426
224936718
224219003
223076483
216323223
217529093
201902522
216090548
219730455
218190651
221323191
197296523
223064333
222977289
206788156
215236696
221096246
223309013
221841606
218715365
208429480
220207789
84732726
208824221
225335400
223430226
221522331
217166510
223979677
200290225
220862226
223300194
60331175
182339231
210471306
219613773
223371458
219021215
221871843
223857537
204253774
221271845
214306734
215703093
219955546
198475603
200043667
219464983
220491625
217320763
153366312
224156784
220556531
223077809
199147017
211639972
221805444
223305873
216429093
212223594
216705896
220226650
164138480
222785303
186580481
221931955
218562592
136666238
221355077
42008567
218708418
111163598
221746523
215216859
188859944
221145543
219226685
116621160
194705273
211634124
209708783
218867963
223104001
219194083
203089024
172695182
212048382
217204468
222541634
205659456
158527990
181828808
222958494
225335881
103212114
217114875
222476680
225225821
214422291
211499216
213204699
174098592
214770382
45799903
195020335
217379952
223999625
180580260
221755560
216811588
158104866
196804834
218006810
224479365
216895795
119116966
113375395
220959488
221973512
198595961
207337164
175575175
217086757
202247736
84426933
220436181
225331380
207156725
224999815
222144742
213971332
216325534
209497130
217507617
222005319
219680297
224078011
207057926
223130872
225022037
142912731
218663756
184060416
178071250
194634201
217468581
222491859
47660123
18097283
219871632
208748953
216538316
211687945
212836238
218155857
80637210
166906118
178329955
213117684
210632365
195194353
223967842
220986862
222952600
190676723
223965848
221852924
223533673
221054433
225120160
207607904
225044929
220262605
192894835
220415871
224645771
191263295
195836086
223458476
204636592
194604086
222423713
128559622
217641070
225304325
221748723
213687773
217242641
218127838
172997000
222275445
134426620
225334950
216536441
220155018
175324611
214942478
63962969
215646681
222672117
210323403
214787045
170238703
214775899
220670260
184004054
225037340
208543941
159202603
211900732
51425567
222374605
225087475
148562516
134359693
135772167
60004543
200890011
225005023
224712607
223054638
222170494
209131118
197211289
223766767
158571000
216204232
136316373
219598322
214301384
211582953
220466651
224880404
218342619
225105948
198509640
222433298
216803657
192950734
209900027
217902776
222516775
222165957
204651766
127801984
219275868
218561247
219814520
220899563
219613136
215646797
220448078
220927926
221154480
98779966
208418915
199588468
225219599
220642591
223206462
194512374
179480096
174675391
217325535
220148265
224759375
216844122
221094860
222088206
219226466
214210713
216670297
217157208
218013314
221469830
217575662
222467610
210469441
220111524
222487872
222763795
224087709
138889485
194604813
225132561
176179612
55194906
220973373
213769766
223397509
195319394
159075271
192014989
221151214
220204086
222370260
220169876
213566330
100279853
224225153
206894886
224589129
189210569
224990927
223753720
224375931
223483373
223854102
224922821
210888899
199736428
215648165
220532689
219339314
79087608
206157336
224920247
181738835
208316608
155127841
218175273
222793883
206362488
223492655
221367760
199974062
217725265
212977417
213838016
225222613
218843897
221264441
130311969
213916475
207089947
212476199
215534899
222047338
219930958
213449867
220786538
222896369
211977742
222853307
214214846
208629817
213842897
218572330
218992582
220236582
194613188
222131579
224080249
220590903
222998864
224156013
220944631
220917602
219027026
224928154
205326418
162296997
224931182
224933081
200619713
222413616
221144652
215552890
221404502
225335973
223904113
224937384
219644173
211503914
222439389
219077059
213882704
214821687
219631779
125594746
205393608
197775246
131583211
222161728
171981492
219393599
223091421
219741532
223223552
222102139
210741014
219174346
217016979
222756833
166915234
217158278
218850825
221605696
200712739
205390452
224934464
223680408
225134180
221368201
223362014
225047145
222415969
220554899
220635840
223095452
223759453
202691468
81096269
224410581
222919194
219580333
212052711
224916876
223471031
166260715
221112029
220845411
194067304
182173837
163582269
222746237
222150302
224936405
222161291
223095118
215779836
221473352
206591548
224086939
224364165
199133155
174626506
190005562
220599992
184118370
187073035
218672024
191954129
220375130
209584039
208925829
217738041
222022228
156230865
221417879
215711357
224920576
218620901
224254696
220295191
96458566
224535365
216812393
212028413
220009435
199668087
217968963
183081510
222810030
45091129
212011380
86836715
115001788
209115791
208478546
208751616
217374233
224934199
213525988
221864372
211025471
219007101
222356816
223896859
130126974
183149475
140358850
214867394
125182066
147026070
207209295
217912885
221495760
220091172
209703474
218869303
220606843
224287984
223629177
224548896
221376211
171081316
224306285
158929765
219628450
224223554
211199441
224936577
121147076
223698778
209594625
222254894
224025949
217147790
211922070
211720872
217613536
224133845
207091675
220588406
162892095
192259368
220789796
220088684
225332079
209240450
208672298
219241338
216141936
195507710
223069032
155866850
210815579
134466501
185091997
222642424
222244476
221663466
223561024
217910467
224934171
54775776
211480520
217752713
220947193
220175983
212244762
208352174
224927395
216072205
216363870
197260325
206236981
212587470
222096128
207976563
161751423
220613043
218920102
144745834
207401007
179598963
53820793
218470080
221270347
222527333
220448285
195690840
57449698
184161247
221375512
218402040
104555036
221956796
181905695
223149858
201240967
222459390
222848963
221620558
219282519
224921807
197151069
221118369
222990039
215330867
155070139
223235829
213507004
222514521
223496584
221664824
165362662
220321804
221602980
218858699
197467937
225322913
224936344
173658897
211292403
215489761
219897784
145712724
223382792
224104724
211485324
204131631
47813372
220290772
224282778
216126577
222844234
222843457
198161333
106671225
220415765
219973609
209653026
224762047
216724533
178781917
211582120
194101448
204830065
220591462
224936576
220839206
222682529
216266234
212833109
223753899
223703224
224937195
221449535
221702036
194700028
185372317
224932382
218007814
217316326
207450737
208909462
216080411
216736657
222855811
224936377
225180305
220891525
220199813
223665755
220915046
220353099
222232080
125647551
214630564
165913408
220868079
215130080
220973065
224929633
221212208
222193599
201539283
221400688
134863685
186438914
208786083
221494752
215425300
220264338
221960703
211085857
225327407
222411147
224935123
217952993
223391211
213615919
149847684
198249782
224933409
211720618
222356660
221812068
220816138
216254226
223841227
214063615
223001627
217622171
216679970
208856415
224935908
225204401
62253767
225140741
153029601
220419199
222292690
222604409
165354850
219475652
179677965
223314525
215901942
224340405
61392422
222521232
215125703
215252545
201552077
189184752
222632516
206424283
214626112
225112133
218513107
209541535
215213766
203982798
207784389
221100004
225153514
217531006
85347538
216326548
224259143
222740620
224476529
213451620
218027707
218023267
224827447
220747576
165904107
222143031
222156016
214716316
222524924
113709032
179889650
224578373
198313686
