199244701
200742384
206955877
220340816
219393187
199287279
225139325
223613586
222637665
220189264
219816430
222964080
187821847
133059337
182943602
146175434
213226281
75689451
182075937
183032057
222510899
221654195
65069483
209190085
139137852
220785821
161808845
193200102
224374412
210022221
219216307
216585060
198147873
221144164
88810535
136144667
225267219
225297450
215036866
220633162
224765340
215905365
222219298
222893142
223398580
221451639
221614498
222167698
225327046
222283278
213269591
138496002
218069887
221006541
224144217
222448991
220597813
180380188
157145587
220759588
156518464
211241159
222247580
158525649
206499366
222219010
224190427
218567896
215706522
222541332
223534676
211745515
206175205
217170387
194989620
214553159
211098535
210501764
214247063
221301830
177384013
205588870
215835462
224960072
217669943
219907617
201729315
222367817
223796001
217147869
209338247
225105037
139117051
210486672
212690384
221516615
137249237
221196379
222527012
218800161
188149392
224035969
223313067
217821072
179480037
220540164
213278466
207943028
217337734
194418938
224588921
223508730
223717805
218218669
223767679
221668681
225102210
222431092
199924952
225223696
207369256
165217874
219953757
198811012
207901421
137188912
207153404
223040432
218687341
215706450
197425667
215008564
175171683
224936758
224612282
206029697
199314558
214380325
223316001
136724002
223896086
223041205
173121575
221660647
144019001
149352954
221520217
200396892
189898600
224999849
142986011
225332101
217037472
218061792
224258369
216010340
225281482
219748632
207061224
223997943
209962306
117417003
199439838
198547268
214952718
208954540
222196350
212420290
42423648
212760413
211298086
104093512
218564230
202415044
222688451
222412179
222052263
206030241
170047143
158301163
182433999
194935441
220459823
217650926
223165764
221387410
200986645
224933066
156698519
216972673
157604581
217442937
202592108
225336432
175561639
219146281
210637403
206005266
223864947
194244497
210192925
218897723
137893911
197634909
191769603
217540193
174383355
214379946
219334048
206181726
224300084
216867849
220967026
218836535
223860207
224437228
220260788
204139106
220788952
199591764
214715272
221141109
222819249
223559867
186071885
221649862
223592726
193582668
202501697
223384339
220792957
217906274
224077617
225181462
224708714
104781851
159196077
220788823
223787204
183266020
222361444
210597810
203008013
214479460
208803624
74127368
190067162
214192861
225252898
222913131
207097087
224935223
222593346
188077952
208251355
164356115
211021988
220264391
210748432
221741196
217917751
224589785
167042310
196573921
171360837
219974214
224841828
223232134
211871039
222286583
205854787
199699353
221838723
216114328
48034067
204082186
113321758
195560561
177476796
224269511
218557629
201200959
221848171
214325621
224937368
211913684
44731398
216872602
215801339
210306274
213514721
171915656
189855037
197333941
220174008
212553136
200704818
207775689
223393273
224934089
218335555
222253772
176807207
221954148
223820046
221769944
161938056
217726913
208107954
222074981
148358422
223119234
56373933
217437898
210373916
223638362
96415817
218757199
224367042
219306060
220846427
202494985
221345696
202934032
218365818
176822488
194745306
216266969
186562996
217778110
223909622
213945069
200522462
220757176
217631538
218392172
217186109
211947212
224074511
222620987
206749970
207037690
73653102
209553126
63765790
215846512
224716042
220689226
217515941
71149399
192700619
218845619
141724672
201548990
219460348
225176982
136879013
195348682
225332730
164154660
218740949
206623704
221253376
206417530
76743999
224323664
193387900
225128910
220797757
225140691
222412782
143685714
190532464
157902642
210213697
217521946
204723355
212476238
172175857
185011753
219573809
213501647
221364603
217373055
216024225
222114163
158998865
216508404
219021369
218738691
224324021
184934000
206686826
211686955
216558930
222972573
209444959
172427421
212989055
224535294
85373030
168782455
172006138
221122005
221048375
209656781
224942665
113234352
219999274
218057210
222638564
154266487
129834404
214328028
217535346
203168660
222110076
215873048
212039633
212094665
207167556
224603007
219604786
217901977
224497786
152627680
170369989
204595576
220576389
222946203
221546282
224955118
104618739
215561429
220314076
57351812
224932599
225330625
212698887
129166221
220956473
216823767
218427127
213247565
194783775
214432311
80142635
219922967
221157142
143086044
212657463
223103506
223442051
213513797
222660924
223355532
225155915
219237381
200354782
216085045
213884972
222357905
211412753
218348320
225191205
221546386
220318050
216886370
222726412
224020231
219629489
217033066
208642834
220482696
222469912
221637369
216014345
215130063
185518581
220323073
223743429
224249051
220404295
221791089
210424325
211251912
155121061
216838569
220475980
215020184
225190639
216309163
189094141
222408794
125338923
209826949
215841223
216890693
175198476
220897023
218475897
202953805
220678808
193892928
205930848
158620725
121400316
224933084
223366441
210057082
181434709
154143124
221467008
207184837
212850652
216833829
195986679
210584044
225113123
219024675
154934855
208584922
224936456
213507227
222190230
216743848
224664566
106073132
124046495
97748571
61901800
213205177
212537441
194107452
225308652
210748383
63207008
214449632
197484561
225207895
85306840
210306773
216746014
222463138
111808390
221495137
213192516
224651178
211366145
127533463
214661233
223478594
223100904
220790417
221831449
219720649
212847196
220827922
182724125
224602276
126324670
184127481
220163234
214906622
166815234
217958222
215640509
109961273
205129541
211366791
199847549
47568933
199598739
223526440
225185734
217014364
222299050
219824960
221972753
218400667
183562873
202207617
211812569
194447169
208804913
213334737
224587526
224824029
222461943
201001029
221449210
147736951
146472830
223479316
214769140
225278976
212427302
222979220
219399027
181784999
221998392
222965195
177772965
223219439
221709250
71357513
199292945
215028187
222123211
220225947
225279239
195362049
223142312
213182515
70895557
212848040
200921696
213235600
207432861
19202269
126834450
130417366
217265461
224444846
223226595
213644321
214999681
197636149
224933181
212594524
157499779
224304551
129705187
195444875
204784226
197182811
221618385
220726849
199837584
154977436
220009434
215089889
219558878
218057045
222863395
156722527
225049421
198755021
222916352
223202962
224099048
214038491
222378381
220212899
225149623
219085462
209708244
220981335
206226418
201089194
209905837
216515860
224650168
192043507
166194546
219884961
224190513
222054395
198363413
217362174
219842632
217161125
212969722
220853328
221194929
216203886
220405848
222263736
164086298
225111589
215152979
139773825
219982491
210279687
224234737
223661019
211086877
213039482
179270252
222275365
173244929
224933058
222633572
147606818
206965221
217731762
224206911
225333503
213892234
222254436
187336855
210240317
128065066
221416203
211922675
224928836
222344225
216228308
223648374
225319500
215621008
150555767
185801174
217149473
198028588
224782633
222835685
217104165
179847733
201093122
126606394
222196489
222959694
223795942
212274413
214360658
217876814
223855998
220628694
206687200
205825705
224843812
219088546
222949258
220472687
221949457
220333493
223139822
164842002
210525493
154507655
224912426
215840575
164396280
212801792
218980994
219303826
221758652
220280703
214745926
202582354
223805580
206217624
223641904
223105840
221286532
212852436
224133848
208344126
223700604
217899500
219861226
155297473
207626840
222901009
212377594
131349571
222459574
220494017
221163580
222403666
211161123
224920112
223867974
220586548
135001350
132259142
44857684
57822969
206667483
211094404
218506443
215610126
222151100
219734465
223799406
224592241
144790441
224937562
223298147
211176548
224180596
213094895
201346741
219202577
182033871
211580767
224882752
223366086
107022866
219277977
221704859
215841438
214991334
194518557
218398071
224188252
220396695
221830789
149022160
218299849
195002358
209984918
200058092
220474073
158633248
221146649
202236603
215618037
223725323
207266283
217266323
196799245
217903619
200541276
198269907
218470419
54667723
217784643
210091094
215541879
212529659
210389570
205315304
151817379
202525754
218342866
223196629
224307284
220334363
216071027
129823504
223051050
220151175
222292559
137186208
223389339
221194949
208045515
216806995
206107536
215134274
217429450
20426690
218419262
219565703
219894066
207495158
218008071
185094053
222224661
222679721
209554017
222042915
38004712
223851892
205242028
219602311
222158770
224080687
224937068
213955470
219124513
221730918
135664890
209516300
218669257
224932354
218343737
219893027
161281643
221501779
172612296
217327811
223109543
115385441
205581601
216378513
219772427
225335447
189904656
224993324
218439019
209797721
217619745
223913505
218793614
217718123
217505281
214816372
214550356
224918978
145668321
207018234
224215366
216568215
218765154
116059841
216886094
220226908
208323079
218936984
207367471
225004214
222468992
221517745
219452047
214005509
209770220
222430039
224646823
221366767
219334788
222617439
199626860
222531291
215487908
221731280
219364307
220233470
224084236
212878000
208189055
224031404
224932373
217784767
224323406
221960740
220493218
85472217
222429996
213000580
214069754
215544510
220222895
215533770
220998166
220055906
85470603
187694990
221980239
224879362
212006397
219500649
77934484
179420108
210197957
213617746
209306687
224033748
224923028
174227073
222980923
224874705
223211160
219478983
188445588
163117245
210913403
224932615
214196892
212243518
223745288
222554972
222582601
131837155
95063680
222564502
90575511
129709384
222958822
222983696
192544544
136246825
222514223
224367480
175152343
219133145
204505112
221678531
222448723
215955242
213730109
212154775
223048253
220351941
143715569
61391231
221794655
218576980
188941895
218501755
199064064
216946771
222289499
208639658
80730044
218181250
224785969
214124773
214846127
146558152
224151447
218948236
224148642
220919695
209434694
199822378
211062864
223925470
218800013
218890995
172360452
218845394
220472100
203644046
225319752
197981708
225001400
216066736
203849238
222100404
158534978
214211976
222367881
165291816
222085160
215447989
221017979
224318627
154109785
209536931
220713138
207889445
214716490
221169864
221193297
223320964
195834809
181103286
222990508
209591733
222277664
222655278
215205566
222584785
118328535
129590293
77066485
221002349
218457925
223304701
220793813
164120324
222492022
207948917
224918561
89072209
223531345
196518220
222836960
205677256
217444049
215181937
213045053
218841397
216381976
190377856
216232262
225049038
225329923
225334664
222815053
220975786
176177256
219142888
224556740
209069803
179652537
217507803
223025311
173208625
224094454
181297574
162798318
220655614
220319785
155207253
219129413
219583544
220566678
219265976
65251998
222127306
159089793
220869636
215426036
202589566
189099064
221665148
224062940
220675321
222482484
186983735
203025016
216715138
129868907
168150989
217905612
224598373
225180118
216381600
224929974
221749618
218496588
225333943
217328166
223214125
207865918
222991195
212711155
222691827
221719315
213669592
217132342
214946275
217272606
199529028
222586191
212712996
219863246
223647314
212866929
221473660
216141031
221439975
215513806
224016351
222166094
198842588
222983655
219194992
198152996
220367211
89672199
224192859
220798673
223386837
220704682
225167856
156290482
220004871
201600270
110622018
222083078
225332355
213027758
221548172
209741933
89471160
207612612
220600516
220571525
76873952
210102909
143768968
222735733
224942964
221843677
225223718
219176636
219339328
45554526
202638823
211211948
220346009
224936232
220327224
213428168
210419810
179968851
222843767
217258089
220815733
149159768
215745337
223343453
223418727
220445830
224491224
220539540
225333692
220474505
217668219
220608655
223418428
223964391
216886183
219149051
224937596
223615499
223613176
223441678
215723892
221577864
44507158
222165452
219517410
225158084
223273267
218958626
161884462
205016257
213563666
222786024
217690460
77643840
224063901
222692801
217386520
223753044
199426583
222122037
222122577
220565229
173700390
216276980
222670110
202009022
214802460
215842658
211696974
223894287
58981593
192038979
222368658
224091674
216481317
219760743
218982910
214197127
223637479
221372168
225232069
221017805
185593301
219066250
220512393
177022841
193641045
132621586
217820944
217351170
219447235
223363529
222529321
212164135
214630379
220643504
203542794
222304468
224532619
218506985
213979841
220416773
221918492
223284336
220698196
220972528
173203251
215301484
156621489
221326566
223691055
218133956
221953646
219817504
204166543
220749230
219569068
210956721
223915251
221103435
200790943
217779610
224172224
220842589
213363874
222174039
223218723
190504679
217207224
222893959
192420056
197774117
220096299
217178308
223943534
205474625
224478352
223436815
224416814
218103985
79947261
225181334
201392066
196952678
94626495
155556890
125502922
221934859
212501765
223287044
222886312
225163380
210207862
142694458
224313094
213947305
224694334
207890584
225050041
218821090
51659933
219759290
225133485
75807184
221447385
220769362
225333790
222359270
216437700
174411820
216427793
220263672
157015957
215400756
223256608
221474637
215650344
224160518
223108762
221725860
224687202
221121121
60441696
223797267
211655574
117305665
222680382
217622470
225047102
212800970
218135741
212474610
224989285
220926724
212404532
186958117
216577207
222389653
217558424
217225178
220653774
199513741
216974823
209650424
215094468
220854871
175234458
210499696
214501341
63802374
207825233
184334181
68142507
180994404
219229500
214716493
211432530
177474280
213095572
224935860
220695280
220957795
224523229
219977790
224854877
216944504
217782705
217908691
140491445
224931404
216559888
224435175
218840546
224967364
222612085
183963304
218032891
225332373
224158302
201818885
222430345
225327206
75219127
211210487
197139462
219106357
218562880
155807570
225157086
217693546
216477551
193140602
224421569
221973170
223015834
206074950
222050801
76483638
225111928
224988873
222583657
213399358
76889290
218462849
211242868
208634931
223437693
221605788
216947842
225332025
221802686
223103901
215552229
155103537
120004087
211286626
200562884
153783632
216551792
211687168
220549804
214022570
222113389
212507532
218524697
219828021
205644860
210414672
94403269
85202392
206761518
212986222
205720663
219494075
220525955
225332239
223675610
219128871
221723003
225123060
223805775
220801418
221221462
196566276
225225885
219043010
217557858
217014637
60670229
173090210
129033787
147427754
202755911
217410052
78522276
223554455
215553959
219409127
194744945
137436710
156915549
224176333
220721416
67882175
220616232
224936565
211489155
215494368
208688675
225221518
213281194
196592626
39899293
195068134
221306432
219323160
221594993
202836323
224933870
136019266
225117196
210466665
225050930
222592954
207065137
207895822
199770434
207067525
143780246
212574143
206671176
215328079
217035388
213885058
104592963
224996894
222000656
224936404
194606643
221312497
214667745
167939750
221861475
224931873
225051310
196909972
217223278
222315316
209480644
221496975
169880096
184353774
224417144
212038341
220962388
216884578
219173687
153359534
222940917
222014279
222901299
221413911
222514978
217961068
223611215
208106844
208823306
217084521
213787693
112547532
225131864
81295313
210066110
221833527
222470160
222411261
212648065
221372298
223171494
225336509
224359832
210602452
196530551
214842049
221414339
209654291
222564187
204794167
206921178
217379375
224765532
207495809
208455613
217624024
209740146
222297179
220270259
221657824
225326070
222804714
175162342
210880229
161847933
216062574
143427583
224560540
146132684
215208991
216735361
219448385
157529048
139454684
67127578
223076247
199882782
214587908
220473888
201290849
225167229
191504494
217904792
114205920
225318039
210264867
125732578
225278493
215180568
189216692
61122271
218121485
61438059
219136741
217382208
61557956
215662503
213095339
194638450
221448018
146435311
218789205
205337805
207549055
222701923
216307296
220842616
211574910
222196442
214720071
223478722
224306774
225329689
219902440
221940588
214247960
222477806
217669812
206831230
216473395
146321352
167877441
156600055
222192929
135131005
224642805
152668228
177902271
183827614
223313481
174198687
222721985
223584741
225122073
220813389
223098517
214300919
224924428
184937338
205654851
220658992
207825092
189947535
216730587
204290044
224831886
225336525
203812892
157052601
216728288
218454843
218704187
217560802
218315124
222378198
134392227
210010197
225333901
220591739
210262200
174220620
93791859
205927204
223009039
210226737
220457370
202639405
165216658
220952952
217780710
214252108
223800950
216832223
223424355
217347585
92723451
124934008
215611711
170040314
165292753
219306812
41846975
220666347
216803761
214820433
213774135
221004467
225321308
199619533
216208608
208450482
214432593
216898959
221378288
211891374
219823966
121994058
199501921
214727235
219400253
224590587
219717935
222998604
216775380
220481898
224937130
218843181
222592006
207623582
224646848
216862566
211056557
216066765
220907449
225299352
221520931
216844587
224083653
222230428
212346051
223584658
210268071
219578430
136125109
223158102
207041360
216473383
224540112
113412761
225326288
68685610
155178373
222952602
210175206
218479169
193117843
222300405
220898580
211146018
222358371
65161696
223531023
174135887
212975420
89742402
217723387
195746646
195691694
221597398
207093782
224959602
151920189
224222657
221026617
213746896
224086557
224207861
207291643
221658230
152653179
213564070
220693356
220650628
220503519
221020298
210860274
212706701
221470842
165800783
217664177
218056955
221410920
221344462
220478952
218806587
221804672
171738161
195989681
195949068
200893030
212336930
224928244
111349122
174417848
220534006
215182241
214580677
182029344
198904782
154711718
224818775
224268761
171388947
224920001
220175745
213235310
193750041
213622451
219246087
206293891
223823059
222053300
222413184
225040951
221698799
224885755
221499832
223693998
166581162
217919032
217964293
222462053
225276459
181836133
217256822
221961366
167871337
223012623
225332633
222021511
193215645
221841277
224832480
219108211
174617155
205235168
224929199
200447742
49843086
191783827
224558050
223258992
210580123
222813209
222379524
217186172
220156188
222305802
222772826
216853783
210803696
178957930
217046298
218479061
198631084
209604551
224884083
222952344
218885559
220318969
223506046
215314694
223025869
225216068
215127697
224935165
187800577
190927559
213568571
219225044
222628297
214720863
203087761
224896951
218525719
217116498
216604465
222436755
194716037
202015776
225139012
127073616
225105042
206163864
212486085
219293940
214420905
220313505
221565516
210990793
215842626
223087474
136882343
225327246
223262281
220904972
225247398
214364194
221211820
198389030
200604170
223135252
200929266
225275158
219805279
198747206
223211686
224932134
185250780
213885039
220333511
215148037
222467591
66762557
218107649
224535433
216974135
223075078
221169743
222655219
222112240
165247736
217007861
122463578
222320291
225298666
220858595
218548129
222225610
221703501
225050028
136598582
224262455
221448646
179211034
222563289
95188649
182112391
224189679
223021027
222572215
219603237
194787117
132367262
157504510
215532408
225092300
220562211
114109479
204086912
223870016
198811394
190885113
112708823
218416947
208124716
221838394
225072106
193220035
220237607
212255435
206105390
130879279
177875675
183607510
225333783
207986747
211919620
224441759
214547493
210847868
221191105
217955696
214606416
224910659
165001555
224245242
216628078
214610723
221852331
213747364
221203301
222944046
225130928
221012906
219755253
225221455
157394962
149324521
120088098
215956998
221814320
57897848
222857724
209912295
222864945
222813386
203192419
223779756
223433807
221113351
145626087
110422098
214269627
220211495
202059762
216059424
219904028
210448674
224796310
213315096
223531516
151367078
221173918
223868442
212013330
207888691
125295693
221234792
225334506
209535856
218203931
216529431
202080759
78383092
222797036
207364691
224991437
220135533
214645789
223915874
50728882
222868906
93981014
220764459
223068652
209068438
188401449
173812157
224934858
220167475
163544730
209948114
212561995
224931215
221816601
210263807
214362667
208246168
143731080
180210446
219950533
213297739
210973112
144206069
216331314
154022376
216057523
214875832
203178531
139247665
171904796
210722868
219513540
222597499
195066523
222731325
220697498
134799765
224103721
45917394
223139005
220794824
164571078
217969975
173320875
151891961
224492499
222558749
202847703
207174960
216661415
223428296
224088497
197776224
206161515
219278888
194104831
205163025
221452468
223091454
223214090
199735695
223510794
147624538
224567959
222852102
225161852
123432816
218895332
211986335
225332914
220445717
223935267
216613604
219284536
159029774
225227970
220204259
190280787
181068817
220033942
202247484
222997247
223950506
214545380
183891342
82309414
223107085
206253988
143025310
220325000
177281999
224538363
171987294
156604542
217257924
182988691
211063075
221201859
214261847
215311391
206801237
222617206
207581070
214576461
224556347
222533160
213841417
224478186
221481745
211281416
223527549
221403206
202907633
178461880
223402980
220433042
175400858
220971206
216811428
218811676
219195907
225336277
216121157
75050682
213464573
224920513
213955175
221306165
210242006
196068104
219931828
223365929
75226570
217799120
211240676
221592360
222943316
220784387
220199541
219975976
198076739
219040838
197199457
222018954
221626676
206737609
222808817
163562739
218032873
224359791
42221856
193103159
223207379
217507809
225164204
166644512
218787047
169196068
194723268
208635636
220471212
219274653
219406449
149092350
198278977
222485202
43896141
187120186
212237825
217341676
220421997
223003142
223418684
119116030
222139259
212756636
155017019
223146358
191052967
225331228
223267384
210555460
213724929
175960995
208507315
198815744
222196319
39062059
197259296
222565231
218924962
209047302
217536650
223927504
85133840
127815143
200083152
206326974
220024504
219943620
224928574
206223876
213970560
216949211
213286886
208874616
224606868
83047919
220748345
221381978
222596797
223691565
222140842
189297696
221888391
217902794
164215053
224387862
223293243
222154953
223485264
209104534
219884212
219897166
223419457
211688730
213218775
221841917
50750824
215620298
217198270
146104525
127911821
218863053
158686353
217443017
224469025
223077172
211342418
223138712
188064911
219978437
211271666
199230019
221113118
214181341
220660184
163713880
173935755
147429018
225114434
178711928
205778108
224951664
221447333
222764355
220640438
216604501
199368128
225159097
218823269
220929626
223911755
119791604
122555333
53989392
222482603
219063336
224936495
207529298
222369132
188870924
219094659
72426655
183911615
100092548
209716820
162007342
223058138
195128295
164368005
224544561
220995591
225219854
221155993
225196693
222621295
217146549
140228182
224934382
202131628
198298191
213067225
224495428
212473607
199127342
216417903
209524029
85584228
219603361
215537268
217228913
216825663
193188183
218072559
221963628
222478341
149781680
216948160
212345079
213532495
202957585
212330962
99580110
219122748
224149492
222984679
223793016
219830847
222197685
199590604
204464920
223688413
222177113
217008932
217918467
212344297
223959745
225107159
222276374
223371048
202775680
209945518
179472311
214845620
203874358
205667618
200430468
214364603
220428877
221097264
221120823
219148747
215241758
205758964
224956110
224002233
145225728
218104243
217927755
219999231
176920097
207554691
220101766
220166812
224931495
217329885
221718204
217150553
222702092
223206246
219449576
220499029
214318977
151292494
215150970
205696692
191574764
215076349
223665105
184868827
222014301
192492640
225238333
215199041
218890894
223556127
212250105
124197348
148057277
223244908
157111436
225248235
127818486
132839521
130411505
222908231
213672766
139191253
217927464
216614944
210303103
214898637
218582335
224931735
212771102
207054588
210211790
199209822
190807609
139722453
218506401
203780732
224188391
130882073
206964051
221577789
61108483
222287400
202905256
220872542
220279346
202414859
189176899
218805701
184600129
223335819
192639074
225238737
216877165
212113794
224129433
148079154
223231012
221000002
127908049
223097998
217085441
195243652
61569677
185084979
223531868
151484473
177482420
209079419
224006578
203272322
213866164
217293366
110605132
104303481
223128874
223551026
214945968
225311553
220442942
217005618
223927598
131295151
219500120
225335522
224929718
224246382
216209251
223274500
221758292
198985965
75966993
221749215
188143800
220951420
161343341
222805202
185569136
222149746
98664112
216709531
219449752
224794980
96074022
216117212
199774827
205270116
223339034
120776012
221563101
220511262
222056788
210918306
218637432
204183680
224933709
221630235
223308785
216878030
225330052
99220944
208755822
221938168
213081512
195977110
199440714
222565459
127751163
216884652
219555305
222514514
216990037
220472328
204613819
212427258
210510121
221746937
89736532
223591051
183828857
221855013
219600867
205339324
198240677
224948230
130399340
210636696
216777927
225176723
221301348
224076226
215991086
221536546
164243104
210257136
204743234
222892190
220245271
209788966
199377527
223530554
224419417
158192114
216209314
218465621
219124126
207022145
221247027
71481383
223191353
217621753
222468045
222491808
219461967
189699180
146187807
217679000
180486378
106261871
202878172
218453127
136757606
125648191
224774205
222924159
210830877
140005688
220693423
207617070
222089789
220417258
225331810
213826418
216417163
148951075
207124937
225003499
214181728
222946029
136379561
222098182
206085957
222113757
218838283
122362623
218162333
222819154
222410068
188937976
220038962
225318910
184516444
219335669
220653523
171926226
214609746
222746747
139553853
223627186
172136100
216379970
217235835
224356294
133209511
194651590
219882397
204624678
217503292
40800225
215722676
223531422
141972305
223381974
204461691
215494026
224930817
215404485
195375943
177969456
218951713
156357906
213407859
222984358
217967191
168413735
191806683
223221859
221932709
215257170
221797596
214306202
225216520
175335816
218357897
212548249
217952334
205412269
223213990
221994288
188535492
220315860
221305359
148122299
223476190
215347028
216778886
214843708
148092989
220147712
220146401
114945393
222096036
139328998
222068824
222644830
219765685
223419985
222146424
218959805
218506843
177556384
200571311
211559146
223626317
139610193
225323801
224218697
224266239
105153118
222701625
74677285
165294484
224297353
224691055
224707309
222410304
218988860
221664064
219140425
185167645
225112758
200736727
178638172
220961129
217036847
224008238
220281463
225005106
220489458
199746344
223965298
207942867
220208610
218008020
205454233
50588552
215772248
183329121
219867976
185815847
224099697
157132507
221903290
223630629
222240797
222549396
209342129
220264767
220610915
176617027
215031132
190805869
177479362
115906640
134573708
218482353
222744227
219453589
225223407
218057311
210986501
224496674
222247511
220181733
224592339
158805677
213147582
223772082
219578513
61456159
217033870
155810986
113311485
223320971
187072601
220584137
224937253
221748388
224492648
206879723
195395672
220343005
208978642
223481848
220499947
72036353
210136784
210178805
210899350
206373484
213982974
209406708
218945650
224927789
132514155
223496617
222978259
215011094
224322076
222767684
181565188
220809057
221622723
214948421
219572418
220607147
225288741
222153918
80313498
222734357
222840460
224519914
168380633
194805674
208398167
224539328
216553961
220763278
177207636
45162751
143897624
225022616
210603928
217090212
224654963
209366682
208185864
222640326
218665284
223056331
222219448
218512380
198019334
194815673
147727620
211548245
216900144
224649271
199284008
223277234
207097067
191985100
205948834
215899935
214692877
210038832
102417935
222012759
213944839
224933142
224727706
220843031
217104892
217853101
224074999
224109664
210306097
214768898
216356134
213827793
186828467
221243574
217530626
193120079
217961316
215963066
208449051
223912301
215548258
222099075
221749642
225045192
216187711
224938639
222465726
213917510
222224683
224669666
63792552
221180821
188083581
215728662
198494269
207160552
220790146
224932804
220595739
222150723
221092247
194797647
215805840
222731781
221997395
195327020
224499358
72142177
184709691
199738051
210942564
218057372
223585965
224305000
212742910
224309724
186530670
206279402
224936171
213972400
223910668
221949251
209445695
221318757
222648500
189910345
223480393
224888215
224480827
175814981
224885175
122617607
224582799
222349189
219357646
224795064
223708724
206263557
211682237
220034130
221824991
216758967
52727260
196633774
211876599
222422287
219768693
215026377
222844207
202764273
224209852
221447317
220210114
202996002
215842072
224931445
222965765
217328745
222245108
219863287
207956573
137934538
222920895
202622722
92101360
68955949
221991907
220692004
212162282
219554935
224553988
212541857
224877332
224669170
218598114
166370529
179385681
216215358
107567541
223530719
199869283
219759009
217988515
223636155
75014709
224021577
174210529
203768772
6033214
211070312
74374348
219039545
134009794
225049550
223930417
222561640
220704261
169791203
222851636
224540071
106656240
224113884
223453262
215435067
208931159
210486456
216363292
224889760
193409676
216032071
211394420
224591711
221120843
207830651
168949043
216902221
219460214
207993368
129234723
216317599
219654940
220784581
224668143
223254023
224927688
216446946
181603814
177792880
212852273
223471312
212063330
210248591
200351669
187192731
220956138
225296680
220761083
207610211
213479647
129366741
216620229
223847317
217848917
225216147
206675603
218821803
224189517
225331694
225171323
224794215
209397043
167875766
219786523
219636519
225106692
221752537
210271981
125162213
220766153
225083933
220182671
216670046
205700814
222012139
220336753
220761125
225329014
211489172
221799121
188673552
224936253
196498247
195832882
221383885
199819033
222090885
174659543
219931313
222540764
225050901
219608398
218601294
217228524
221761581
225220351
216601338
147862208
216809205
222942205
215992125
115604944
224773752
70481100
221800008
221011877
222354816
222851754
48405416
196512815
184529012
217996474
222583114
115359295
206442628
199296300
209653609
225330506
91769285
218672458
220745581
210029301
207839373
220004406
215591829
217022926
220320537
220368491
223840197
221450505
216777983
222471122
224591208
104331925
220947710
153918907
222484937
64767226
199316973
220215546
176074335
212932773
146367046
163913584
224970098
223554201
218232837
86332647
215184363
198475382
217376438
153411971
221320410
225334350
217316439
225251112
201027085
223265260
161782425
208871690
193565966
223723324
137957054
224852576
225189007
195458641
221023068
217223018
222384273
180998309
201837177
218013603
221045151
223093319
215591796
220035453
214420445
212293216
217622730
141970796
223888039
224795361
191456818
217875424
223554761
170107972
220861113
214973320
222850335
177454198
206798623
218082582
219366085
218023158
172334996
222683732
219602002
218558220
225166775
218670851
216261399
211540740
225092852
218794743
214334336
89938220
222771951
225184834
222524719
220399372
212116567
224223758
154461602
189952749
222473829
151475622
217313929
125480752
68719361
222844510
221225625
115090213
218455328
223227823
220651454
220643250
211236231
217229091
212513060
213270582
222783823
210779030
225335461
219891178
223793238
214310655
219761718
165441299
220367022
195660806
222106588
217385057
205397006
224387630
137488732
225180670
225251508
197176052
224447011
151972944
222817322
222642899
221921628
219871749
225107214
224499186
222005674
71472831
216087185
173533131
201707744
221796684
219873967
212766511
217234197
222388371
187292756
224500802
217013014
219778343
220415350
147385742
207605731
223094611
220960993
223146202
215566506
220014997
223551165
217214149
123265759
225215336
214985048
122158725
210278186
217563037
215591933
216113961
217459090
224936139
225243125
169333275
216994215
221591223
164298522
198356602
220609328
219978521
163999613
225046870
220895889
189532707
225233730
220566625
202500948
224565459
224945890
158435982
221853094
217258357
203020572
216953866
211480448
222336465
206031283
198138780
208722392
222995404
217382087
224919763
224081971
224659637
219416582
109575690
219648897
223208026
205436352
219260537
211632433
221098368
220111301
218590192
215235869
220842246
211732660
220558589
224023504
143696715
222595384
220004694
214435717
223488727
219509286
220567087
203102141
222784937
223792024
199625258
224933191
222298027
211240659
217004139
144268756
175595895
169558984
224106286
152852895
209836179
219412062
205079618
222952667
222562563
206055407
223964225
215708252
220437289
223533434
220216662
221850666
203136116
214634739
223645890
220237776
75295436
156283066
222588228
224535487
190701750
189669564
224945214
158490619
209296340
222165901
214781716
214009584
151237250
221412268
222516609
218722229
218269454
184487208
213097560
222176088
218836241
221129424
214565461
204422050
222528743
221859880
205197530
219510732
221956058
223948481
222481369
194522645
190769455
191285901
60437931
220591937
189352456
200045554
138984761
134250866
223478746
210361035
74761351
205534807
183321573
219757024
224335087
225102267
161953739
224917806
146319651
206668230
210276168
207126365
223124551
221403776
225193970
219975265
222317276
198978446
220843786
223287234
203199439
225332804
223903817
216920591
224822418
225251011
225011329
223060142
153013813
219832882
207816797
217171928
225225757
222147358
220742465
199530471
220149792
221839690
200263691
179285468
200175444
78386718
129956257
193029257
188062544
210327649
225077750
225331161
196247131
224382062
221428220
203262772
224937799
219314886
222036602
224708927
214351646
219789108
141305471
208452841
225336115
220473909
221046631
224879087
209337033
222132010
221111509
219677143
212533339
217438831
218708205
221523061
220212861
173579471
224530841
171275333
222908776
201148562
224822883
208118680
222042643
221416822
211999831
218007698
225041833
208321238
219253973
222406873
208041291
215967215
212770981
214265248
210360957
209858446
221676904
223859792
180951604
211771523
209481046
209762441
223396274
210749127
51965308
220003154
217012184
224936906
214256670
222376716
207329536
221357325
223720465
217805853
198247448
217763600
223876133
225334591
217469440
176617869
218259640
218330350
213137591
224936619
220643401
152598724
146581313
225219093
162170896
214246228
218099793
211206345
193804492
210574091
220950686
216407362
221885558
223970118
224372915
195285596
190822949
217874527
224168654
154648330
220642422
220538108
224783481
221145634
221022901
151683273
73170325
222995096
215242270
221801278
224355905
225336716
191303005
187793422
222977285
180858651
220067953
209788077
217151331
205644547
146649488
206152503
168351172
224286575
225225532
200936913
223550904
223482143
213476958
215530607
175211312
216008303
223288739
191081502
221194142
218475159
219924548
156342757
223814479
50653568
144403716
214822366
215253452
224341661
217579550
217060900
221991497
222999062
211708595
221800111
217255166
218443894
222093177
205549686
222074633
156722680
222469312
221747594
213221788
192087459
220889741
219393041
180346133
154652854
208546052
222516368
207668515
215266705
225335805
154198968
223700564
187862122
215663117
220757930
217718477
211939556
216782863
218895046
220660425
215356976
224201325
221397162
222482522
199229742
220929667
203243299
151209986
224734081
223013221
172010242
207524502
225326852
220894878
218906236
222406734
127758352
207095337
208901826
221137597
179231323
209968378
216845831
212652203
106308374
210399022
138998291
213583689
196959571
218893941
216788953
216689611
221118164
135939246
191498367
206862320
208978925
221621327
200993653
222434134
220098639
217204634
221300327
94050036
220036532
145514957
213767937
218139025
206966376
221688984
114378343
219302065
207817091
213233340
195747033
220465766
217888046
223317551
201844295
221960266
219825073
181335098
225055666
122008145
40053127
223092373
205828114
224139515
215291150
163335592
222112168
190662497
221844902
221793580
59739838
214129103
199633882
163702637
225242069
222815172
208302792
218906458
224182252
213477545
224993581
222218238
221161472
221404354
224165107
193742470
221269016
219500687
224391295
221196605
222893634
179057830
215235465
150053875
220033103
165912834
209637441
219389745
203107612
161873389
205391270
208041884
206692633
215660442
222147418
213634610
223260458
185373620
165794063
199287812
179404057
214018999
223992291
222198415
225105465
214253878
224932463
198443627
179538060
224936396
141971855
225125447
224418769
222576137
136157964
204245548
221155417
221157597
220837768
224886968
219227836
218765709
180190944
218059662
203047802
203594137
212775706
161621528
224268291
191184246
219406922
224932190
194507703
222896518
215712890
222293097
200883183
216307905
209858545
219578829
203038022
221672067
216289128
194746049
222012311
209710139
221126519
219685434
223792667
209062028
221278031
225324037
224372884
222209544
216162066
215640100
221817769
189132280
212423943
223539184
224935013
206325158
218923225
157966021
207040403
54463640
224848264
211837149
209860778
224931302
222065014
220316641
189868919
220641965
175130868
210535411
180226477
153873240
218897236
176603498
215561879
156754828
165222710
209837098
222568877
135611817
210550033
223150441
198622642
219650495
222789025
219385876
221431710
224920604
73464383
216883037
214607147
220009240
220032960
223763005
211721585
210328935
165807388
223434007
209541541
220178074
155729838
172795910
212041294
200419705
223230032
225184592
175576073
223963268
195761208
220416570
215243786
124661683
223087872
163942533
215851289
175222787
217726991
203635738
209549188
223334631
217801665
205739653
218026296
207098999
219748822
215054663
203373176
224562142
224925917
221690127
167795685
222190910
215772398
220384829
217321556
224929730
114656906
223157576
214277254
207035447
165562467
219511710
220377213
215603404
210276616
221797129
219780114
223101281
221304782
130362116
222861212
61443603
213284209
218112891
134695726
218764772
203399777
225331214
222675543
216793759
219570346
218907545
222893167
224936191
200078275
206756196
220338446
221657225
215841654
217679162
164218656
222071389
219937945
207160107
223767161
225328217
217808892
206830860
198663489
225333708
216674168
212931982
217798637
206931373
205157209
216152484
221600355
151899874
195866225
174612752
172691334
223462242
222006188
224805422
205695233
223372885
199755671
219868456
207286688
203487062
215238975
70764248
220316544
225023963
220657607
223639609
216921736
224841161
218015421
207416051
117257084
85604862
224925447
209555917
205732480
220786362
221326286
164832711
212874072
182973895
119020044
181797783
222017008
218076747
149504060
222315868
181113859
218740419
191564647
211832017
207564190
222210038
119298428
223728338
220529046
206029258
220554037
212519698
223453146
223630999
190251061
223493373
139699377
218605802
214559961
185622871
221430473
219948408
196450981
220331886
77823018
119508325
198078546
138993956
207989129
224492124
175873986
218387477
223493111
196203819
223682912
202241037
209117002
208315564
223126106
216837306
209791775
222996210
205592779
222462928
222838528
173154453
225116570
212590195
212390266
222407791
180576639
222892016
223702277
222345297
218424258
210794981
219977071
199961864
222931125
209155486
221355390
222956404
186256346
207746116
216778558
219081506
217902222
137135346
69660627
225159353
217721734
222986999
221069557
220646632
223447844
127741000
222515197
222509132
216008244
206432276
203785379
222889402
179419963
222125833
222489477
222182695
216085461
206973171
186535024
219497975
206473860
214822526
64521070
221005226
221095314
220793450
217746961
212741611
215234102
141258221
220339985
207435977
217547107
225186187
10024642
170402082
220102791
219871404
220561910
214676379
220418701
216075152
224451865
220448744
213244137
202122212
224826644
218071763
205096860
222894562
206111271
222418997
192284722
222841430
207729570
223586884
196134673
223776927
223589290
198237048
225336160
202957751
224991135
222124651
222146310
213673309
223079897
212657015
218154235
194697232
223664826
219599031
215235687
222930341
205157235
209903087
204849137
214641087
217686380
207312192
210327510
224993594
208172613
150796810
187744613
176486787
213886887
213409959
222159621
223261183
221200395
109469029
221836264
214799488
214877497
215307135
219703624
61675685
199610953
223595415
169644144
223285808
218624444
214686829
218368630
224737373
161214932
196449772
220788527
211738860
218758139
214225788
189141161
224921937
225325452
225128350
179956517
225317803
218174884
135401502
220751248
223050880
220738164
202246902
218933923
224517177
215544700
188484056
222754504
219703649
215885015
222860435
223529920
218648368
179883669
217412353
225114408
149663160
224508795
223989456
221148717
221721387
212483106
225220824
157786901
187401791
224968069
216145839
213526141
217719464
212949619
218529487
115843796
222992442
202244281
223642186
215844132
208703797
217124794
219519448
225333695
221749224
223259744
188072649
222203740
216741021
221844260
220653299
222304204
223043803
223122067
222462878
222922694
172025190
205152924
211305086
152529006
222512742
220379055
222389864
207617113
213279394
216780332
222675768
223067030
222326266
211699449
129387517
215712458
224203111
33121661
189391880
168884208
222921141
225048729
214099185
224082265
208760677
126015932
220821421
225332094
146499342
217202945
216308658
203484458
215931348
225226127
224192084
193376809
185111223
158428059
224929628
223364757
223630907
223310709
220865060
216684184
207206874
221997407
210406901
222837368
166752023
219131738
213771140
223179407
198022737
200642875
212327989
225176468
220600118
225284127
177876341
114260010
212994518
192971401
218939027
220379989
225332413
221649353
223145450
220441990
225167727
212483916
179129804
222483318
214116059
223880932
220654395
217674844
222121122
216378268
225335900
217253755
195752687
219449563
223784092
215437971
218241080
217975321
222050824
216869574
216417722
222955950
215271598
74767189
169613428
201591678
222008421
224932335
181067155
15624825
224075324
221763198
223256277
219665863
223278903
211480345
217009785
224241973
174707669
220586919
210749745
219453473
166184301
224621323
161403348
202587435
216571073
198095637
210591344
85291462
208367575
218618285
219521919
135677819
205242447
219473204
217721788
201699481
219605178
215994307
178136879
220966600
222426547
224190269
224650488
137072710
217347533
181152890
212003492
217316914
218760834
223876549
217384103
222471259
223380503
200429419
219142179
225059460
223877044
213842060
223962091
211438393
223016609
222565998
218677983
218512109
212227407
204316163
225323996
223310072
210326702
178864940
223432434
204082076
221635884
122436124
224202012
225013992
96789369
139241790
211325502
223864184
223422347
135809500
211074854
224084177
225330754
200097216
220731641
224936985
221192156
192982995
162256265
220510190
224885270
164401077
217244342
224851280
207607133
54756344
216478705
152131921
179654496
222194531
225077770
223830987
215246002
198162455
222429465
74237304
181499534
137208080
216518654
224938903
202124155
224040520
220381774
219883522
224384851
142274007
222734105
184647898
224942530
220156045
222527198
224136372
223047193
215897429
205383065
224135367
118911307
211672822
222114571
220296165
224149060
136871384
221007241
212675980
154011570
85416078
125290233
81898776
157912718
223570431
224937633
220512667
224115136
222814218
225333272
209708478
211674595
221462305
217039382
222620536
223699107
220758829
143741856
213133326
182969603
47678732
222176772
204166500
220445276
220009793
172160436
133915525
217822730
188199222
222313453
225220594
198827104
222826465
190343370
220278306
219244016
201308427
172271453
218506590
217147902
225053002
205246444
221552307
222431315
222841497
224123180
224909006
216056047
153940205
224914958
221467187
213507210
209559314
197627334
222994979
216803421
221010233
225316776
222750808
214947888
218028509
194507182
212957102
170494692
138064870
202692238
218061644
222867079
189973848
223691278
223457592
218089723
222614296
218402767
222789655
221618569
224562467
210602536
223797323
212351797
212918163
200557739
217703212
215426159
195940748
223199436
218910335
214360872
222566980
223773828
223589845
199670102
178197905
188832904
219919924
224926602
208896927
221714563
116327044
207562268
223110670
223582632
77178060
218066352
225333026
221502077
211085177
197994323
205627023
78574549
225331493
209591152
136733212
106976223
225223977
216012263
215863444
218430459
223486726
81594034
217975559
224129173
147003251
224303949
206369259
213578156
224928311
221799720
219828739
224102545
221548107
217649396
224934783
224019280
218056724
220789834
191075125
221771205
221966544
210576573
218040356
221471445
120472782
225163758
75696889
223790157
213922558
183009172
184127988
220893230
72249514
221805025
220486885
183004471
212492886
208426704
194160827
223315667
220429472
218789407
220381354
221032199
223795208
223115859
204259974
212766119
215647180
214081269
222866446
218706288
215443214
222025310
217065524
212754460
222904846
205488823
221248792
188554171
224202116
210153729
222150617
224930173
224760123
219124719
221103845
221305698
130656488
221021520
224091127
215721076
215665362
143700025
222632951
220683128
146926230
223547052
223272942
194693404
198152066
164402940
224937159
149302002
20646338
205202290
49795963
225288636
170381353
222293611
219870522
209594649
216318434
225318841
218055443
211087805
113328947
223638457
212664919
222948312
223951180
224823164
213416633
39839538
224931938
218321781
204107897
219513032
224124261
71372656
218986185
223986357
223651525
174990147
192259108
215515635
225103629
165371148
218506879
66418479
224936449
224882340
222411165
224916128
212799604
196474010
204745307
219782649
217477090
61102585
185143258
225332927
204046341
206079823
224932312
209606934
218027813
217157881
72265480
221099574
224128831
82199225
212435727
170614691
205496446
199245439
223387841
225335963
225335125
208453685
217869365
221023688
223807126
213356178
107446220
196129128
213301201
223918422
217693585
197376460
208262227
116739142
190375925
220802446
212495409
224923392
225335753
213252483
222400596
208365514
220424463
216064065
163284919
224150396
141025153
216767520
222878188
75686241
127831045
223036922
220481376
218506429
216813972
224893490
201976916
208995855
220413757
115467922
140357519
211580502
213234224
224927376
78154184
225336521
151075649
210434341
216955267
219608386
222800571
217147937
67273518
205399998
221825613
217374207
225332824
207828665
223203370
219723821
219617363
223442422
222133352
224932290
213023586
216087950
221152828
186919861
152863650
225280965
208057899
224616603
207120455
192572546
225074945
224936772
220439096
202899215
210542939
221749647
200887317
224186923
209177952
224357683
209055110
224041190
223008315
209103532
200159071
206755670
213177099
144694274
216783396
221762681
221756554
219097557
110255776
211438155
184639631
220534363
182748041
209147695
222902051
217804380
218795458
219833856
213708369
217791461
222320242
200571742
217874694
224023755
215550024
220470502
211695224
223744372
212562664
209598546
217338852
220370767
223542072
211458044
127057487
220253719
134127521
224928677
210799947
220802352
201338871
222480358
223200716
216531242
175171855
51417633
218506856
209294667
118981134
81987225
224154690
173321450
206092940
220183322
224934187
223637023
215235855
212668543
209376055
219474432
220852706
208882916
220346540
206285463
207608050
219006057
137664805
216729758
222464985
209017966
222277439
215043305
216446754
195287350
224259688
225061929
152105939
220995299
220742444
217730896
223421017
221598531
206711867
188289560
220762100
224367530
223310413
201574635
200794534
220369174
220419704
223907506
126378890
224723019
223837662
182872714
216729740
220379315
223308572
221725199
216675221
211101139
217785387
215863149
213849545
220731677
222018009
222195339
217950103
221309579
224160917
90269398
222998942
219773877
225072844
222411484
221741914
224566090
218670385
225069637
214422485
143755613
225333386
193820523
213469205
182932939
209804972
224410987
206151453
222858247
225043136
223261095
174890018
219188380
15762025
187732554
168072056
223602047
215266799
223692713
203592755
222911260
159094471
223529823
179587649
178417522
220783296
223045928
212116919
215217600
140293056
224122964
209979307
113334964
85329167
223040881
217377629
223668622
148152948
220322590
224931910
221055713
221554180
225283754
165114692
217562717
225326438
221936559
147572131
219663991
210375816
213243432
224563509
224996946
224935717
216948006
222025730
211494606
222095757
139940581
155099274
146894796
221364594
214262800
178533843
210383604
207219824
218073403
221506222
221267819
219363899
222837924
223610966
223658054
152952281
179465378
57760440
207832665
224936352
220634193
220266513
220302557
222565679
155095205
219500136
224994035
207698840
224162979
221853391
220211855
219705345
221921225
224933736
216226425
222642601
173217109
215535446
223493292
224381964
132175736
201917803
213083896
208537826
219050468
219780823
222430585
223806496
224833227
202065215
222873006
168754708
223437021
214254878
223099088
223069963
204749150
177687758
215022743
225033521
220352314
216829657
220611615
217778087
218810783
225049331
208268503
222271462
210363783
194784558
139746080
211993604
220044404
224933070
218935406
211870856
202500654
75832210
221658026
222666376
217626310
222597314
165921682
214065906
214005417
224652739
142519103
223164490
209592538
220423251
223872811
217231061
185699613
224651183
223257417
217440320
224063376
221203028
222359663
211300045
215664062
213100411
221076037
153988961
199889293
220271330
220659332
55158391
223274292
217260214
223503138
222942630
223909533
197561725
216161101
127639416
222301766
206439846
224247986
223192691
215198343
214310397
222866320
213979965
223139451
206011887
218105585
173429629
211763424
214977558
217818395
224208621
216404237
215781618
131092917
206358273
213339208
211241640
218504927
195995455
211996765
223468725
221859634
221750254
166738601
224442148
210321962
215940071
221023702
216419191
220541340
124841232
222654370
218250815
224932985
219500098
169277604
220691287
204667586
224601604
215040602
205632016
142170543
221365463
210697450
206532840
221467961
209538955
224469508
68646813
214630664
220970522
177553368
181967495
212095616
218790358
147098860
221053963
220210445
172160115
190915821
222689413
223539113
217219727
207646498
217301052
210584849
153362178
218302351
221888781
223015213
220480558
215953365
217634697
224305521
221224063
222168431
199081180
222116594
219018754
224770015
214951192
208041248
213354029
219241479
223566012
80066386
187783327
220948880
219271834
146679935
224936742
225068587
211329375
214318128
220911650
220360005
194784671
217440308
135027870
220846441
223084944
221794122
147327621
207631716
221634799
224322663
220495210
224918614
209370128
222843039
219974943
222600396
119897607
224253268
224924894
212409647
104048977
126250871
220013584
222544123
224270913
209896910
217957121
223206711
217668066
198380474
196580325
220367309
221229661
200116746
207779251
221688513
142510891
225011508
215900395
223366921
218137014
222870138
217513926
205355231
181255507
199815493
210904438
148741732
89481872
223390537
218971761
219297653
225186361
224159521
220917851
220970380
219945346
224186136
225304067
215904997
223868453
223341616
215646934
223368661
223530604
223189964
225187917
223964045
202665149
194282248
224280059
224920775
208350011
224970695
141846786
179332767
223582610
148107848
208590653
222420028
216670214
146155604
217458895
136993776
169421143
136131538
215592605
205912216
224421561
222851436
221124201
151987523
216329230
222667935
210363315
207993122
210067593
221155741
223585513
225217183
224988853
214306106
216511520
222562052
33979394
222189989
222094629
220447115
219760812
224042736
221980452
213281181
222575672
223068565
207110035
223585266
219641645
218802665
151966845
223788044
219456036
195072567
218907569
220837783
208521302
211480777
180306507
217913704
223613854
215154204
222197485
202037266
124014228
203510114
220342466
44972909
206642885
225133929
216472189
224964199
218265812
220314892
200400653
213470085
218164176
224156395
134413594
124049698
221961229
223483527
175141255
224036214
219521915
221121654
150785993
172935505
211992962
218843689
224235780
222092503
215802320
225343372
146966350
219286631
222993408
222853907
164203697
211182356
222839880
206152984
203927481
161081032
218504290
218623115
142698910
72250362
109084344
205413239
222051312
224356135
219225269
101886350
219361618
150799812
146077696
200050745
222857511
223693087
210729980
218293363
142633808
216942776
136728912
208939983
179362560
58744408
223419531
151016202
224133235
199600247
224638291
221902805
220514043
224612178
221442035
221992450
225062058
224825159
216145613
195503583
202189607
217343085
206461193
212169833
184773061
176940451
211875450
223747423
43936293
209432797
224126691
219943240
221165423
194618099
219278116
222788501
127810387
223906867
225010589
225335928
188641668
224928882
222100710
220975643
195533047
215873685
214124387
221375771
221548831
215236183
215548675
221882282
222894036
164224479
223852696
222052050
223797210
217443670
210361801
172968444
223713541
224265730
179788342
206904924
223263099
211061525
224675316
200485349
224359158
142946306
220801094
214119805
113535399
207996993
218399782
143733858
221475772
211696477
225331960
214882650
124853734
225134973
206522405
222621006
218187088
219390400
196665006
220036969
138698682
224909184
171838513
167801842
217010399
106951644
140325496
209273492
220460833
215481215
199755238
215432626
224927204
221231601
219444207
222637233
222981355
222835426
202047264
223824406
221065203
207296770
224507656
141269670
211093811
222538837
214736176
218168427
156237398
206262424
217453271
224466281
220563761
212378174
222221469
218764448
220152900
221558777
223846389
174144208
220435695
223436801
211089684
213584697
222416370
157188397
181641995
199830399
220181715
224499800
218997314
101840116
216947613
218460937
222381179
223012338
219244119
219023211
225291183
222474212
214825069
220391132
207098077
221209545
222009313
222762022
201818221
211510002
220267052
217258496
191176829
199765608
222300739
222382620
219482753
219758762
208383494
197127924
223092941
201348469
224361801
221997333
220458613
212487361
173456255
188567294
224030646
207777825
207452435
86538577
212650443
224915206
221133732
224477911
64581559
206573347
165289222
225334722
219437192
216341919
222463614
222686956
194785337
214109105
223691621
224932608
223050801
216720059
217797134
222215048
223279119
217838949
223632877
223965424
225165059
225111738
118170501
219839385
225336804
223496952
207780735
224273434
210065795
210070364
213025029
215383235
149347327
193662572
202429180
215668604
213511682
216188325
210809235
215366394
220529022
221566739
216119388
222161323
219347340
211955232
199838396
222593711
219707383
223604852
223510481
221343923
194322157
138569911
225016909
68544948
174461716
222542007
206168488
225089010
206035600
221601466
222937413
209116520
222193084
222533573
174197140
219291174
223366714
225140140
222571369
214874475
219653728
165108906
222304185
224991354
70786306
218479368
202516856
223009368
169313276
180792489
138264196
212791733
219351288
221348726
225336054
147945220
176404494
222839930
221997681
222462987
178558195
219873176
220172019
219560974
212343297
224242555
222967290
196139868
219277200
213298502
210498356
221497437
221094625
224930440
224795449
223923132
224187382
223358437
219390768
221228018
219610433
18493737
213859486
172792830
218144513
170162074
211605437
159073884
225331318
198144773
223433623
217151672
224935230
217723846
211150594
214829894
224937241
225334226
219707082
224358911
175123071
223703335
216142085
219602373
196325131
223854816
141970700
218017063
224741736
173721665
211644614
219508407
222906031
223490387
219181546
78401345
206981971
224392571
221806195
216273968
222677365
212162341
224821812
221792629
225052879
170959882
215598855
169044690
192753232
224476471
81483212
223314590
222899862
212368762
192404313
225322749
219006574
209553188
209395792
59927322
222890359
225327277
172562701
224936235
213050251
223262366
215179626
218689967
221520550
210972731
223460240
222895781
220808203
215841623
222621471
138509304
139918751
223341928
224892832
148104786
223986725
210177710
216792224
200069002
221791768
222825525
221276565
218559254
190149674
224306004
112369209
200811185
199840627
219590598
28876048
199370903
61531666
211263890
124669694
224906395
69547686
220211289
220835547
216893378
218019200
179882197
219778502
221673259
223129257
222679182
224067534
213841461
212965752
219189885
224336376
220474481
196536822
225111379
221449447
221320792
199354120
220845849
222975761
221770709
222519328
167793443
218842036
223894424
219881237
217558916
225220639
150738784
223054406
218047263
210029296
217754486
222264405
218104685
224879260
221931670
216061253
225333746
225329720
225048908
218426379
223629813
209534189
193974401
218500972
194705477
225143176
218895249
224987406
216381231
225326491
224245772
223696885
223092122
223974172
205545310
224094588
161259807
210962289
223589269
223069258
216010123
218290684
210092989
209216232
223058324
196289523
219120618
193728496
215852517
213252107
213782495
212848132
205233645
225103632
216921897
220329828
220264778
222161755
200891069
141762969
225157126
148136666
222156731
225049367
219671671
223536083
216598836
182830212
223405604
220558056
217175151
218796370
225329413
225019746
221262922
220480988
223016801
224919704
222463153
213468574
215868004
223695398
202608315
223925585
216165018
194442981
214433172
220951998
69540593
224970311
221665313
219837305
221134694
221300766
216327320
221689017
59216769
221606703
184894433
56750880
221543506
215781776
196668326
224024574
217738008
208680162
224696039
209763953
224079907
104315589
212115201
222175906
207447956
217842883
224931645
214420048
216263989
221762276
99723832
136975179
207109190
224825108
220764557
219813690
210004038
198751076
157730658
213960246
222704814
224372370
179574003
210683231
221355478
222304918
223366918
206893602
219675121
219829845
175641629
223258163
141545913
224918152
225334590
218712448
224936173
152791475
222757565
223436683
118597062
217922347
224611620
211138024
216527195
204549731
172969177
207569476
218237103
220901718
220693265
222361994
20822240
208550490
37499849
224930937
218967450
219047830
213226442
222137596
199268325
216560364
221747752
201367964
196403235
224994226
115298354
216835282
225331929
220339826
219833251
224918428
216305373
224933776
135112942
214776861
224263235
210776028
225334148
188362729
216890961
224933920
207181059
195034677
224933886
221091951
182746068
220552676
224997083
214865170
224336243
213672386
221416274
219501198
221249387
221378725
217726177
221532231
192770511
221900278
224901211
194437726
127784341
215483085
219610022
164107342
224247127
222204430
198835186
225332327
217994953
123833804
211250656
212165819
211984452
200080002
215291068
207228225
216007412
221809739
194644634
217257622
163951961
224271783
221813110
221762046
193986529
219654024
211113683
218867125
224307470
184068538
157666906
215864135
102630421
211455110
224252515
176739023
218007947
224448490
217013956
216787536
196356882
221325114
218609500
217277095
221792990
222536703
166634851
208639497
215498036
148600827
191757142
180490920
201819141
215917305
107923537
202225020
150027373
179978665
220329560
218057371
222647343
219931747
216871390
222652620
214744703
225108769
223539632
223922391
221004932
221318561
217663134
222974762
218191915
222202414
207459900
80193007
207720117
84085884
189389155
112943103
218710231
211089522
219003217
207378735
216780413
224615365
223802158
222995041
225044574
208448133
218715334
220696397
217839848
225335785
222122745
214302941
202170463
146804651
201802592
206122737
192944599
222906537
210416079
221776329
223186622
223033893
217093089
216071646
136072196
223030915
217925311
213336026
219711884
201687594
219190719
212105414
161541941
224880309
222062209
211917664
213619884
218855175
224711278
191275566
222310736
220005212
218596894
224931106
198623468
211736262
216184807
62880614
212821433
154968832
220980608
205953119
217849716
215257001
220423107
222771802
220287195
215993717
207953790
147156140
219391343
200069897
224077118
219282212
214812409
216818070
220474414
103700361
205387004
225333024
223316813
224481313
221302707
222528138
224835218
222320426
221725557
174353192
224603925
214335858
218036074
212450866
219537830
223910964
213128407
217123338
220592044
224994551
194956098
218765435
210771365
220417458
205228374
223291049
215855841
219188670
225218898
211647370
219950052
220235505
218895250
224932359
218320128
223853002
222268406
74672438
223708231
202146794
219996607
215711790
149000149
220852741
209707037
207491827
209369203
223209125
224077289
188279115
223243618
208909417
200584208
224189449
192973644
225165807
217569853
218133702
210410414
220379835
223370196
211764692
224936518
126288035
223263334
225332390
225329430
157845692
223583960
216364067
211375935
200335134
214585153
211924363
225118111
220368883
219815520
222918179
217557511
217727829
156104104
224924990
203604547
205921946
209790508
220112313
65636560
166632551
212762756
205556059
188255737
210872790
212799013
224336459
225169851
220691997
133185339
217839315
207299230
214493365
223522951
98732384
225066900
124806809
212966276
212868388
177180728
222524587
211595486
214617378
222968380
206523026
213457230
211501927
134516599
219093433
222157547
224001473
173167923
208477596
218912028
71375293
222739268
224250452
217904194
221909566
147201064
222954472
216376154
222518577
215235891
211744311
125273534
210421122
146342647
224936482
222532949
221925176
204172642
219949452
215980446
197831405
221653415
219021096
221361179
194644617
191309586
220588629
224934573
223236204
218563662
214768877
163269517
223557838
179260297
216395654
219184268
76496487
223283308
220080873
219100022
220233355
213184745
219145113
222568977
182596934
219798219
217254996
212419754
211357675
222156543
45078364
209076310
77832240
147250659
146347259
224656208
212502389
218032684
220961443
215240555
209288850
218129540
220709831
217864195
219255731
159282943
209359823
223438519
220605348
225327836
140781102
66267236
217912571
150734282
198154238
74676725
219759285
136788161
223537249
209709077
218063099
224153906
203793580
207879061
85278632
185590334
222087151
222942325
223008286
223029019
222816866
156651567
224292328
217282229
222299124
113269717
179863387
164146087
217676293
220660885
130998378
216414612
224245322
187499119
221768419
63404039
221142035
211633769
215456318
224318880
209293481
193205461
140352199
195016366
199766550
221312768
211901790
172009231
220095013
201917917
223848244
215819636
225321525
222894724
211895539
212674460
112479383
166768688
223338291
219240921
220898989
225334423
190787483
174559269
222464197
211551425
225105717
198452340
223290626
124429967
149146875
211948874
50134333
208295574
213177162
110498145
216616961
214617994
205325047
225321128
213424314
222462789
210606365
225067382
222191774
211927783
211376469
220160604
73472123
221308410
217967925
220534780
200401933
224447716
185360937
206767870
161662220
223466301
206911753
219123148
219651300
164331146
151168679
225336218
143710497
224013855
96308296
218486726
162655551
221297440
62480987
200118743
212375915
223745759
224263452
211165587
208351483
222193626
222516735
221904194
212482857
222239676
225014628
222759919
217902738
224104917
202438289
177583234
208597177
221707526
225329508
224924876
199388783
218494794
208510590
149974328
217614223
223970111
209373957
194341632
198273078
221406713
224291097
215542970
223018996
219859802
211560259
225050646
217789665
173449964
195849978
217976017
222146403
217442906
208172855
91704118
220323032
215621884
223475774
161434164
220311536
224966194
222941589
213894287
225158134
222329726
222745404
188514146
220702102
196489792
222800121
221570480
224093473
143437806
208631101
135286089
223019303
186077511
221366788
217777718
220290524
223067828
205344988
220205317
215592224
224246263
218583010
205322663
224908802
225231855
193418552
221618935
217234454
215358554
120576730
225182379
151300930
224940079
222070249
220946129
209289605
211862348
215082743
218560615
221718620
200075533
167804419
214259821
148546170
225327137
209183557
224937572
219404077
216484783
221630202
224387971
206097260
154177274
206234649
222844662
222381409
218287983
224372891
212846643
217670031
224369337
221758296
222539842
221418780
223138279
176084119
222429257
120026159
212329641
207328927
211469715
217680594
216536576
218343718
219342667
218749349
126165232
213562240
214981831
223668186
205399559
224231772
221965919
225321665
223724595
219126997
221160612
218843743
225246665
224923949
222570353
173266277
222112428
220328551
211052493
214957241
219391645
221306525
132684122
217830041
214829428
224595302
224784203
216735752
207263428
197108113
187684975
217521152
223834930
224825896
116528423
224553546
212907417
218977705
195231841
165462950
222956185
192198052
213852661
209866251
66286001
218355977
225171176
107620938
210306460
139476575
215237059
184394463
197938121
222901243
221281106
215474104
222463973
205236045
137309730
224720126
214901901
224132487
220369231
222271601
201635536
220591219
220440148
214967933
216379892
216533187
154200875
211350720
222238043
209594622
214443470
222829153
220410614
214803656
224657498
223569763
220842629
166041810
221469256
224931918
222850369
220122003
201972446
223093795
173426664
210380527
213096615
203626789
219925208
218533689
221014366
141844190
211771561
222783238
207300551
207606608
31622669
216093335
132579976
214262833
172172405
217269874
211646652
216322735
225327168
197531991
174367200
214775712
224363842
218338086
220281595
192874691
217634855
209848097
212097982
77711106
166399741
221076373
198617811
224961266
224917337
190379163
224845606
213754997
168645699
220232915
222468146
217507838
65558187
207249993
187598236
221881637
221870890
220600580
214665780
132356734
216082920
206076513
218861221
210655086
208243066
216134456
198169204
214054519
215552974
222604618
220970834
202234555
219368163
204667633
193605673
224767568
206089397
154204145
208660030
221096961
217726421
223258191
184137277
219992933
225111851
223141395
221045934
111172254
175107644
213022648
189293512
212096046
222355139
224936081
212041896
193109286
207155784
224482548
155396754
173002726
221763234
167914172
209047312
224140646
221401598
223729556
173205433
223374141
225331279
138839293
100450540
79140417
221675528
221655022
220884059
224920929
215015033
201466695
222461445
65074956
221468333
49167874
225156054
212697964
215705801
214923571
223344401
221965954
219202757
213151569
213968617
223606070
213460094
220104020
224192890
201131429
154459626
219561153
151193886
223296968
44430622
220899592
215098350
199897387
221752435
100119685
222586083
204153939
218228422
212048554
207349431
75338414
209653574
222244584
223938299
218520324
181449067
221274879
150738588
89201061
219178108
216573115
219565022
225316887
223962547
222504764
220261753
221547618
144487514
214875890
223655049
218793580
210713491
224335869
217485702
216187757
208293928
219905282
205649389
208486708
225277106
94829422
222487163
221717718
223046991
218708315
161141726
216105447
118843789
197097253
162934030
217877237
209357779
216845855
214956419
219571216
223148880
215755379
213306018
221662262
224266836
225005554
213477645
188101165
217110876
216397666
220028898
222301945
216044513
216829799
172704592
182667404
217914882
223263501
219299494
217084517
197532349
220910775
220469654
208594113
213851852
209407356
222421664
224545416
225246911
212912510
216474517
208710508
175124241
221272764
173145787
222078400
221670938
162553576
219070904
217906014
222096812
214807261
205387272
218164226
219239203
217876121
217350936
209681474
207624794
221989918
207431717
220557368
213024978
153491937
217055677
213079303
217787973
128599752
225225282
180224749
44292860
224930996
183441216
202598709
212161982
224933762
179759996
223976431
221051184
204893822
222621474
201362243
220653805
216028931
222520504
218405342
56528130
222679620
103212701
39886761
176838762
210869080
225213419
212048908
224930749
225334624
148944852
208844073
190284787
183783688
225276699
224904723
222532958
216752697
223379190
219608002
215066662
141209140
147116383
211145591
222956616
225060028
221976402
219277581
147113259
222551839
186037737
224943392
199813510
207204550
221063327
222103612
223094541
206652034
222247524
224353947
215675418
47059109
219703030
218905576
225276651
220767351
146378342
215155119
188346620
223008964
205650268
206147517
218495295
219320806
161469713
220008011
208307716
210310799
221796123
215966478
217378093
213126228
224221116
217147914
224933279
224932124
182358054
222129442
223184903
213231922
223159934
224059079
210009852
195109804
223391785
107607104
221161891
220472080
221077728
215450253
127112506
147190287
224643579
224099476
96665534
223963242
225107346
221168631
219937344
179138457
222315253
219343063
199964870
213883738
212104328
220475549
199063314
221748692
168812858
225107639
181786859
201625443
212997204
213077423
225284108
206151370
218649258
223315949
224313878
215557047
214251937
223394260
155743276
223630020
216869228
221583439
89566735
212105909
109794190
165256828
223047405
218964269
218693962
220360749
212350760
207958450
210966917
218839752
216186835
225119216
219738199
222411846
161479255
209600979
200338930
224562443
218327156
218755776
197630198
225336925
163344416
144823069
216511736
223653339
57005457
58683579
224360639
174561912
218897657
205614359
144327975
225166686
216369713
222624294
217550170
219677598
221010439
219656393
145508933
224149735
130093555
223584944
208411463
220743263
191807068
196827974
172819163
218740605
220334598
223956034
222947702
180111774
221769377
179399051
194824381
221340040
206359134
222945175
215015385
92970226
219279102
222479860
220638697
221169327
217233451
221276328
222383564
159326796
108659845
219653653
218630614
221702533
216853130
218479712
204842044
223146246
225045043
216900296
222920235
205554606
223715215
212512051
139525180
213866710
121365214
207080618
224932424
222969411
220392601
223815118
219540904
224087576
211053712
222513033
199270326
197645694
223003702
219645551
170215503
219925254
189160575
211878066
215903204
146698397
216359601
86616859
215974121
223739579
224162583
220793797
205456948
208690439
193911299
214960519
223204885
217741140
174553448
222621927
223883557
224469396
216314423
225335226
222970454
204163259
172749067
221746634
200880359
221810649
211557971
220364395
223944856
213503806
218863867
223350413
222788631
225053181
222692522
220115867
221425181
217238609
221271369
223961976
218477132
220951227
220725072
214549020
221957490
221668405
223380813
193048814
223866887
211687655
223965008
212790895
224267987
223364352
223605039
209604145
220972403
139409248
109203427
223049675
222435226
125274391
207108818
220545411
219787917
214169776
222153824
219571361
221998433
188442886
217098260
224184005
205113245
71000599
213284929
224381920
221548603
191636459
212667931
219977827
224986938
220091405
218836370
222759202
123434905
219780459
223745064
219891495
200818855
213792268
222137192
222585018
223259356
173355209
224320321
222297284
208235925
222550486
199151879
221859039
200940893
59323678
206830349
221889514
223740178
198664010
222208033
223730513
218011262
181877997
206218862
214024103
220205998
222170591
210202533
207552200
214821991
213672739
207526594
76321160
218950699
222247136
217505746
207035857
217319821
202797363
225047190
214263687
214478786
217255265
202344832
219569720
219870831
222379737
212012501
210257533
143683563
224952982
223119078
176404520
208868295
224972265
198236881
205903312
219771222
223577542
223383719
205080791
165800374
209233781
194618112
224522491
224311398
219070296
211743124
222998094
210712326
201566063
217624523
224481334
213178422
222732273
68897883
207038933
222187056
216886019
214708179
224101116
222501980
223093958
219735189
47176792
224934641
225188890
221922082
214716292
221395903
225175001
225158157
223442058
218792729
49781429
220419908
219527910
225167805
220526959
216187728
180824143
211494490
211632910
173562283
225088237
215445331
216946854
193650290
220314561
182839512
225006437
225333723
151324224
217988562
209711460
182428850
202928349
223558859
207333473
223900702
219184882
218812406
151453788
132337183
223601308
202677017
214837591
209483047
224631279
214756351
218656403
223482674
217381785
222626050
222072575
216645460
215703571
221624398
220367305
209800561
222851037
218313552
210426791
223062617
222670893
214613636
224927407
199816998
153701901
205398155
224988620
145799881
224303705
222992737
206251296
202362713
219780202
213399405
218258658
223379776
224281523
215535006
57109970
200634813
219561004
197569507
224925520
218605139
223918920
221888808
207605930
135106592
222735039
186478441
196972812
145770115
224934395
204432802
220307960
113316279
207089560
216414098
224946000
207474089
185982579
140451499
205854383
60873664
224937604
223258893
208121543
209924637
146782924
158725419
219819142
205156241
207099792
200296060
218857228
220186556
192576380
142095247
225333857
194621170
212209016
218843925
222607007
221759492
219226561
153463508
220648756
203073246
223984024
215109342
224427743
222461658
220716751
212305732
207522597
139827040
221328444
220524924
224936149
220477079
215779922
220357921
147782373
220599335
190662744
214774522
218007842
220490203
220980482
223393293
223794743
139693676
222801737
223521124
222682391
137200318
214946657
194627086
203418340
222631150
199501579
222981356
220277801
222231874
223367667
222321590
193971307
217664891
209120850
225325047
196511036
171109364
223890112
222352214
216318332
216396852
221554208
223743162
183764687
39822146
224942316
221718798
222554792
218657399
221632878
222318506
225058672
172807130
224936393
17987869
218950453
99896314
222919308
73609370
83476451
210697623
79188311
198682256
221034259
222606331
194622826
211228060
188014761
192865023
221681167
222905801
224254456
219385061
165692984
218560550
223270662
224088652
210333381
222619563
219357479
52003755
217748888
213720902
216493235
220240141
190791877
118827491
219869106
217406233
217963320
140329144
147519618
221057357
187431318
165221116
210355110
221802521
223720982
210796445
220204009
222762866
192134085
103432716
218012949
139626595
219852515
224986685
220239962
224301272
225322420
222849717
219262995
210770585
223609213
146722244
221994725
219664063
219620715
220216379
219100368
209348729
224604895
74547844
224497127
188165440
219564809
195298219
214774955
224932358
222745666
217116166
219471367
218885255
225171226
219713029
222794660
213953904
223311453
217663855
216929137
213033214
217930101
224954356
118600198
213209827
132057231
222146446
223324975
202922734
221675866
126849866
132658542
100771410
221023665
221248455
224246451
64322008
224198345
216025627
205326198
218179253
209743220
221507384
221406324
214017302
216418645
224970792
225332923
219273198
221889743
222027630
223703342
208109446
220544424
172550127
224328420
220537493
209129320
199272054
200655981
217580973
223560440
207606802
182495120
223962740
224919774
152011290
211631092
217511484
211349130
209901266
222505589
220089241
199705666
213183623
204435604
178634726
172736786
221286063
221106468
215100247
221675115
147727119
212377874
217901427
215295444
222535552
204941560
210238163
224934245
220655219
224221039
225188978
221961406
182591151
218457462
189266134
221842898
225106106
220468425
219351853
188688757
224980971
207017547
134676253
225110375
168172628
220694467
222353192
223346891
69266002
220724516
141682201
221252615
214389020
212527789
223812119
213226358
221659610
154792330
205964880
214691723
222893314
220068210
212091926
223804283
217616676
225220934
156618305
220474166
180125655
215338710
214722235
191305867
215395334
223803378
194695829
181112947
176873494
221306203
141342226
223485292
212798391
165578452
167951057
224396888
223946972
222549230
224921093
221670882
69204983
210176667
208675316
218313982
224707001
214181781
220649214
213059634
224760432
223643514
223093546
218969507
54666461
136535257
218687194
221498297
211426536
225335147
222318858
225256268
204733660
225333656
198386242
211981856
220369208
143390910
202755514
158189946
220360422
216706867
223660982
225055068
218901484
220688854
220916206
193831113
145676680
218333539
219465342
211981600
222305685
207060332
223635911
220608981
211595518
224372443
209597174
222411474
220106191
163776523
219173511
219124597
190914844
216782341
222119814
224362298
221753207
187166532
210871195
151988042
224933472
216900974
224089212
221799024
224911123
222963918
218506324
220964829
194797553
217806297
72449888
209380744
190282516
218166820
225053675
223664359
224100730
205197355
213527609
146554069
203397683
224018437
193077999
184554425
140640284
223931659
222076916
178706595
222479587
224111372
145510162
137903045
170408553
146271712
222599129
206191974
224099077
213050179
223909098
219351496
222812678
143703009
194862249
222794556
223883684
150064271
129053589
219654759
39199438
212493971
205931760
218749300
222693223
222281171
214260760
219148717
197941837
219706872
214367656
222473181
209461190
207747712
221002805
224682561
213427762
219394989
218310316
217573809
215594886
224928263
220509932
222368916
224882076
221379176
165336727
205615736
221599913
217316445
75186912
218432914
222468172
218648298
202663548
169052821
223653037
211764989
220386959
203364463
220187498
222045810
223857583
224971629
152591463
223144333
198517053
222345400
222143607
224509376
198568152
222196303
225157811
185524403
217503568
214831119
217357498
223636321
213520981
212329234
155547111
221003584
224937859
224937892
205424175
225335633
222221285
224326173
222780869
220146857
201178858
211636684
224419808
224932102
203946098
224037280
216799813
215716436
172030290
217838368
220648954
219299287
220932193
219239907
193490125
224711279
223853354
207516359
222889132
120501073
218286216
214246733
217198405
221308664
210589777
220573319
224785612
215148804
225333115
223146252
224933393
195203974
222252657
222383132
220054127
224426462
206227411
223021532
221659359
218263418
207287130
214248337
67531076
135109665
222962133
222545622
219479948
200745969
155236111
194787263
218947893
225329807
218956470
209104199
224280048
132958236
222674162
201638169
176185463
216917861
73149996
223610522
221494347
222169388
223409435
219079636
220900027
195567458
218743269
189295290
224928501
149249453
223608123
222322432
222981961
200879204
164900351
201382154
166595325
225335599
219277416
178640087
222676956
212535788
220954360
222061210
221936645
225329059
223194713
195130216
96987547
148112677
212700169
195043590
145556568
223276522
219437442
147079629
217689114
218160149
218793595
199997226
207629915
214545662
220313057
77207765
220259403
215300581
220211376
217170362
223302123
225334841
166190298
110290109
225010745
220422817
174570976
221330501
225063894
218354090
220643111
220592163
213619724
205962695
207229039
224935170
219955298
225331498
81462060
181960536
222053802
220718901
152867191
215833068
215795818
206865549
216064757
217103456
224481511
51676025
221228579
206977277
218848690
223910449
220567888
217458633
225323594
218106937
216886318
225043843
221365030
219129080
171422465
212975511
206875471
218622988
77918820
214613908
215346448
224948402
219887726
120910913
224075108
223597316
171395351
216471536
216707254
222465782
223713358
220485578
210061050
183019226
223107091
210414571
217343713
168080986
217074969
223057696
224936639
225330182
224094271
222267406
221288350
214419592
221349944
221705494
208863105
222984834
218793711
223160073
221367012
195508113
172158994
224936498
215955799
214708906
213977352
209538743
219618530
135348990
217897211
209475785
216444057
225334677
222246837
122355105
217376989
139434855
221719310
217283502
219923135
224050439
224766761
221887141
222950836
224563724
217926661
175750664
222045805
225179757
207284328
224385661
221098236
221807067
217211723
224106173
211948467
208239109
219384313
222982430
224440230
210305684
222839109
220273578
223751043
221285021
222389412
214868443
218901024
224934418
222326109
223095252
222785965
209594925
218686919
222419414
223176063
222116340
98214127
207768158
218333418
219570358
119324931
223670677
139700082
185092418
214029241
223036528
221351829
220537598
222908720
181569848
194801970
220533052
141844138
210470215
216207842
217517968
223909450
205852060
185354745
216377037
200992941
222305536
224336634
218795723
207597609
146860277
223510817
225017893
205308752
117530803
220218644
222150905
222152969
225221459
199600799
53553929
223065256
213998156
222246292
224050529
209685472
206272253
218722881
186376020
220801571
199065560
225313454
222707942
216889473
219174904
225334058
206622796
195358709
170622676
217678790
47759165
215799970
225141872
220209135
214447166
214733913
224649315
207163396
220287247
195380234
224721907
210334190
218989719
215151909
152595116
220799064
224930011
225048416
224918475
223040955
222952671
211096592
221454868
221968207
208100294
219350423
196686607
213619462
222061022
129241667
225028900
220603764
224992011
220320610
219896043
223937703
221048397
122638265
215049348
220441766
219968645
224074697
216491877
216195929
131586213
151192733
204770737
193642451
222947979
218423412
74103789
209924450
224908591
147503206
223059347
221885773
210762017
222636584
223581994
221481881
137902375
215134220
219440952
221619112
217771475
186536615
211580001
224475598
147743165
225113688
219869472
224926512
216307700
223693177
211265412
223162128
190498807
223985802
224071614
213396166
221224245
217321582
150655198
206186923
221367302
211992473
217792732
220316476
46212145
154255897
174149715
225167545
225316623
221791534
187763653
224881066
224079949
219176664
224834496
222361202
224342260
224934744
183084501
221274892
169241160
224921942
223530527
224958496
215591518
216147868
207305480
105676378
220318867
214541227
220258158
214366127
209728878
206177433
221607463
220897373
146892240
207614133
206643116
205864542
225019594
223767290
192303328
207707232
219009369
224632925
225224484
213782759
146976443
221753365
220290977
224011480
222904254
139073929
215646759
223127734
222146303
219515015
220984786
223496516
223091151
223719825
224352060
129914473
181548052
221020694
199275184
210181914
210365034
220163816
222021578
204447099
213563032
224466806
198400537
215989315
223663068
224479210
223383715
110419468
71293336
134354065
72797673
222278765
224216263
220784586
217406319
195424099
192079220
153689223
224063494
224812902
225170535
210242933
224910069
149384722
222599587
225285986
174813092
224935937
211598406
220957582
209980669
209160349
220664310
218283984
225218777
220899204
221095913
209277730
215680979
196111864
223200783
184626240
217905637
220940521
217627380
116291615
153436955
222109882
207746441
223581944
143160280
223067486
217725892
222622650
213164704
225108695
146470248
96021609
195904840
222555147
225322220
220691942
74774536
203012922
223476451
120630034
224884029
224510345
204821722
186262723
218108142
223926838
215009226
219411985
211885252
218294715
223907236
221752381
223805610
174818571
210139047
177487464
222395382
214382271
183038838
182968974
221048734
221649319
223107429
218678808
224923128
208668648
215076326
220208253
223945742
207639124
222566294
225201626
210818174
221404072
224067167
225014161
158544817
221451622
178979913
224789587
187957099
213846054
222260162
209628385
220571095
218956667
208514794
222814201
225173748
205716226
222714515
219227895
212756370
185743843
218226773
211486531
224361912
221607489
180598081
219558247
143996336
208510225
210769213
221263315
221773313
201288165
222304071
222558013
213165098
225124332
150782434
216885286
202125304
220457359
118187439
169632748
224992804
186192052
221838432
155317236
204336046
225247718
225242176
224991639
214316607
220950223
217075239
223115525
223136608
212299042
203682562
112110491
211978728
222786196
223413949
197121814
215994418
134391910
91286687
202579552
223229725
221880830
199741482
216637573
127519469
210486851
223485899
222410434
212118504
223163554
216211496
214474991
219511060
213651990
222620981
207599332
219175366
221249283
205406972
217030410
219830712
210019334
205505173
222892140
212598386
196072336
211173265
225019651
221412635
200935281
223883657
127144210
220433981
197172119
186619475
221726354
216604116
224905359
222378732
219942954
216373144
215400543
213738553
182934784
213404678
219541681
127797818
223430529
184949437
223325301
152608379
81280142
225333744
225336178
214721235
223806594
221414939
216620631
211708462
224431291
74677217
106549224
224977012
136372983
102908969
222451858
210774260
223755888
220224051
225053066
221738770
219265291
221052393
218200592
201664628
216951415
216185578
222644132
208911668
207365280
221018625
213820465
219301675
215033049
140911699
142782703
219273055
220536062
217957953
224920589
218691021
211045982
168863719
225110075
85057420
212748292
221460647
219678507
128563794
212686880
215125034
212115849
221500443
222836638
218950571
217021710
223641480
223933260
137291222
203309304
218452675
203607363
221308250
62743824
224266366
217975462
224351687
194596889
203459901
209968165
223145183
217839867
224586285
223069865
207625132
219033352
211240080
217215946
190769221
220314577
221411238
183300970
211314562
168335004
87480297
218401582
223723035
76103878
221252275
218813374
218913348
224919524
221681067
222170527
219619871
187030150
215720552
212818635
217470572
224920585
222769051
221455832
222864684
225330374
168652805
207857552
218740924
215384656
192312482
220273227
129118239
224764391
203894288
189582862
176906802
166122953
209414385
158327531
178029678
223789429
223048990
108553015
212997876
216192844
212984935
206744445
221353101
221945552
219956459
222469292
150553108
186050157
223417628
210333524
172293493
208611419
217636825
206426088
220782980
149944244
217682203
220597238
200164769
197354592
221521173
221709194
213142897
85579577
220574186
136729942
215900633
222411728
200449670
118648499
198001778
164426967
193672054
195575025
173924936
181571688
215016678
147344464
220262814
218702175
209324268
85325189
212099790
214946496
223053292
216921401
135821849
224625703
204247903
169834450
214120881
218520255
131300225
222517228
224931936
70400549
192116809
224373582
174140571
194316790
195976136
225060565
223763849
223647798
216061476
220458962
224184216
216122703
222346306
219449607
49325505
220428936
222224552
215963491
209652972
225015015
219652720
212592506
225222588
218787630
136761223
220953532
222443142
217899671
225197787
131226700
215772710
205558623
222671998
223465694
222969039
162243974
223527565
224042271
224074596
195507499
223913940
214020543
221889207
222194436
224125749
166148451
207105285
206220312
221328271
187684206
220871613
221014168
198744639
205879763
223395848
135689602
215836357
145503235
213178600
222339326
97638456
216158697
220473899
204957873
216543987
196187053
222477093
222727023
200308546
223784025
208645010
224081907
223104446
219865998
224657623
220367358
141779401
225223666
216979238
136891356
222790694
195307627
224303585
223239394
214151824
224034500
223364875
155000645
173451061
210277434
223049013
167666890
220282946
221379291
222353488
223524725
75591083
182626903
217932610
218677005
200584646
212970515
113421064
222167102
216911329
219592176
200790329
217898422
206887407
217950439
194607108
224935619
202352761
215091959
157832109
213693040
221885869
213242465
221070278
77236290
221220514
213279492
201592325
214616297
219552094
223521267
200996604
217205857
219343994
222823903
221890509
212803070
214670132
198734404
211164762
221079160
207883891
221103040
220323766
174894703
222120016
221710826
217515350
217143056
206135951
216191160
224306612
223554256
220032925
198273191
97042176
220836857
207792729
222308048
224366836
75772804
205899103
220469624
225389269
224285045
213885089
216885547
220498922
221610295
224935805
219058185
220432124
224476519
218410840
222095302
209903643
214256933
204750977
218908026
225192019
218372401
222731855
218420540
217838897
124067040
220664988
223094182
220685602
220436572
222526682
203937228
222109452
222196479
219402192
221528524
214887989
215460838
216857780
219569678
212291717
127764321
207034915
211926732
206856859
217909738
210609497
223768855
173696049
225323511
220047604
225320243
211632244
224074673
211260382
223022886
211021394
220766920
147412497
209159368
199131730
221896824
221854263
214186915
199672241
124716131
219007201
221018610
225098183
221191391
166436649
216674385
220595501
222448416
206434973
215258361
221320826
87265525
217778063
212331305
222317736
118281147
214834030
220592725
215451558
127805184
223531012
220764995
210696831
223047340
218457684
216143654
224157185
217410219
169074492
183012235
213411111
200429184
221870666
187657254
224074008
217145941
198275128
218007692
222266656
76145702
216188021
222317934
205051051
210970893
194524505
209778729
139966438
222590227
219843351
205692685
167910714
200913229
225136322
93577215
218864675
222669077
221085486
216284561
223172185
132553628
222214103
222534804
224439927
64238745
221705775
188910833
222204036
220789598
216147597
200804309
214639035
210802501
214430648
125464269
196880210
224940204
165329154
219622643
221811747
162632425
221520741
218429806
219186543
222525878
206385136
223759605
225092405
224388038
202901779
222839717
225325722
198804421
132658418
198479485
207617016
217206499
210146501
195770942
223471922
224660430
222059618
219134215
94129445
190883671
215131292
75757556
223472080
223996929
179846843
225309313
223615879
115088937
222207447
217637719
79414895
210064766
214553871
224912991
179359181
206683979
223659882
223911188
64767251
217245648
178952725
207150481
212101872
209245920
140048762
194066126
134370957
223125121
225276415
214281535
223702676
208618587
212370204
209862187
98234700
220267761
151652997
212393753
212695912
222017417
206431680
223540090
223091661
222249351
224784975
217908854
186848870
212593085
220346482
217546186
221174568
207199760
209785653
225335548
220466324
224151989
181750601
222155022
217287255
154880440
224527007
217356986
167731184
163903128
221494330
205471950
221543645
211633825
158899610
222077772
220205319
218685387
224945792
224840083
212111740
224235154
184122701
175928018
210702006
130164745
222855295
214722839
217098247
219871695
221475389
220954966
206074894
223421214
208914275
223107963
211832562
194889496
222860243
218976791
220428944
215154794
212661924
215087971
221972864
150560549
201947060
121269457
191928114
224668238
181794225
87250119
217616755
204773001
204897369
217376700
135376267
217016932
221419071
221511825
213823178
225029818
222383369
220444957
216365448
178191338
220865709
225243001
164859347
216213572
217559840
210749852
221712123
222210590
220240876
207644583
178610162
168938527
220534491
77301723
223017692
219277135
218850968
188283390
222727967
82766004
207849478
185971484
215948599
225047757
214721833
219097430
70793641
120303955
223050186
224780476
221085500
221932732
222837402
179332253
113325460
207286497
214719498
215900769
223520377
218478100
224155461
223672227
46127644
210697782
224898711
217852299
225186752
193604982
205718809
222908649
223340864
219603301
225220731
221557686
184253214
166250992
198656959
214195395
220758888
42582082
102115188
218899029
221626324
223581873
223289537
209135650
94556667
218167827
112476904
92209594
222057637
220633910
212653177
216842121
224031838
69192030
223116395
224976086
222017734
225336597
221114345
220543703
135357421
219386096
221838506
222545683
225327213
215187174
137739102
216048826
222368365
219010031
214310470
214643555
220562064
223281777
218242138
222468640
217775343
209824768
225324835
220615637
197099945
223736878
204612290
225316578
218843678
218017252
223205191
212958575
222741403
218456629
221840832
196711902
223721001
158451938
221826962
216632648
213780665
218832671
223770141
221773386
217883989
63026222
220379012
223649184
195900454
222275729
194760104
179964969
215439147
223435063
172886382
41996763
224914063
222201301
221382626
221065089
216263677
223117178
223359809
206583309
218005571
222046227
220205483
147433181
223890908
211445631
224933557
216125225
220861524
223395603
162083356
220293451
221509028
224921639
222415850
203406122
224934747
165319174
214510532
222803851
205651306
221805969
214467706
147696491
221205827
180117312
216001249
219545280
219989237
223007894
219040753
222913613
224107544
221778513
221044305
51405845
164268591
168557060
215972117
224195685
210014373
220994493
147116636
133921360
218421107
223143544
58356054
219603106
219086442
223776206
218696430
202841411
224918524
212727779
224310705
210638722
222670236
222821217
57333056
221005083
218871890
225317835
217517250
174010410
225325112
206587629
224262882
220964566
223630661
221704901
223476544
224169841
203414583
184532198
219333753
86598553
166271486
208041849
222529144
161580596
224891460
118082773
221052336
219411183
136858155
225321923
177885343
224320144
215960032
222434786
221683493
220220610
224198959
167907978
210140518
155837813
224150408
223654225
222922326
213320329
216847811
220897499
224932652
214437081
217979106
214890858
223383112
224933670
178829958
196259102
221466822
224345318
225336309
220218367
221928978
225276831
222836833
214045351
224155277
201451015
223139932
214246023
220238777
221024288
221002789
202407399
132461816
223613950
225161902
220811671
19302586
209199759
218223319
212035668
72910917
47854535
223031616
221745754
224010109
213826335
70539942
223854930
221204003
116918972
221993304
225018925
142409803
222732618
201820662
225318588
215150263
208908075
187782949
191723161
222261259
220364955
195240821
214570143
223259786
223923335
216973845
218082229
224764911
223207074
220243282
217507877
136037703
217862023
199807002
224794428
223689856
197662128
221186331
224465028
225069356
224563201
224937452
167738303
222263672
224449370
204317598
213938214
222726120
222359486
218860391
207848032
223481326
62823484
221808835
222512244
224326765
219550432
222233990
222942293
224108585
215631458
224053511
222295783
224652844
224932383
217671000
224934213
221873439
224311038
218202855
217116769
203954328
223338457
222344602
214453538
224355779
222040820
220369316
179647208
223804315
223665652
154553781
224020176
212344004
206248262
216740411
220843477
221149546
221890602
182031411
221384543
151064550
223633589
213646034
218924588
224880466
217051272
224026148
222522245
216678148
225177018
218082316
220749127
158454740
217778020
222080680
218159964
208575558
223246023
218469995
224338568
106252076
221012867
221794443
217562903
224422583
133613642
218800220
140366168
224591846
222424651
218034326
210677899
155712964
222909956
210539105
220691542
203782330
200124403
215091834
202282845
211643842
206647696
220909598
91728229
18199276
129633106
218399135
136225185
207600167
223792166
222368097
222713421
205326349
222765002
210346695
182699385
62351463
213586450
213203108
40133769
220797492
214677715
102144638
224924413
219348698
187697209
212169401
223054231
225018467
204881887
223165954
214547352
211799596
215646977
222867846
224991515
224189252
221468481
217567950
222369770
181831921
221258755
221078291
214420024
217027804
223418598
222792637
219003346
207117342
196363533
225111026
224931521
220534532
195912427
169309324
224555568
180969215
224787804
111884208
224275809
202908190
198008756
206565163
193225350
218813078
151167129
194735267
198772353
208442546
222196032
224763510
225044490
221302591
220641589
222946285
225333702
210172513
216121328
224101500
224986409
125967587
220389383
178560881
209104024
224191715
222642635
215316772
222253858
221391729
220312443
221747631
196979645
167035663
225140251
217253782
222533600
222673616
106307687
202665371
223870420
210763354
223808684
222910769
207153975
211634402
164177638
224398276
221163972
214500252
215684090
208307135
149878431
222412168
77393071
199694445
137023595
208574032
186137395
214876123
221840987
210635396
207549449
213031657
215770894
219830022
223265458
207366222
221546531
94860659
224410018
221856203
219227194
223162379
224933602
211744557
221640337
222545734
199395305
221443890
225323340
195829943
217547215
220204709
224821660
222164419
205494991
217051629
225108595
161903644
215518582
206564970
218824629
161477080
209272326
225336626
223420890
147552488
222141724
221068024
222785091
216830233
215591699
219543476
221702475
106275408
195363005
212626155
223516719
203876381
195613660
219550682
220978130
211354364
224054029
221801352
211249217
223060776
207623296
221673138
215706242
219412536
218760175
220114876
221756260
221976461
219706568
215457904
223326839
224580166
164324698
222850375
223753116
76776151
219590035
222256080
218895003
219444004
208693470
216188751
205854237
214006369
215407855
121450851
224824875
178204308
168057304
220741795
195041095
200141409
208576202
140679214
219472394
114164812
223601808
212748233
173468791
214396486
207115579
208771514
212597084
150238737
211927802
224938490
220823814
219185905
213671441
210016188
210576635
219076085
224769041
142790319
177633927
137002666
223884713
207378616
224934493
207933310
218414700
180493494
215545355
221377940
223701649
224657335
221303876
212092857
207292879
139426422
139095042
212274244
219220561
188960268
214380850
176795999
43429657
199737188
223882114
220048227
152605444
223590270
195111089
206694726
224661473
220790059
221113983
107823446
199365874
221651017
212100309
220644068
207400567
207118523
213944718
220845852
222090361
77400781
143068425
223063208
221713198
216832424
205733884
223151732
216315147
184690776
145689434
216072102
224208443
172394739
223411745
174864070
168573916
192651332
216779341
50710708
222360128
170460659
217686933
222734804
219556793
207434993
224931581
111886661
224029131
177306284
223181869
163230242
200572399
210229423
215615930
190704921
212657730
219505321
224931932
218226533
222533762
209186614
224936347
224038521
221013441
225199218
222735162
118651621
224934695
223035447
224963797
210146827
215107984
222200926
57763299
222493626
222994676
152754799
223772215
218739504
222756748
218249806
199433538
202501681
179570541
198985440
190663111
195828935
220188657
223837719
218405232
221060972
188310312
220205851
210191956
215129627
171636811
79570429
222737807
215613114
121729365
150850960
225117408
223746027
197131625
219012325
220264887
222807262
217505016
215014333
217635422
223706859
223853665
224310151
224154080
57245628
210335103
39616694
224928728
225336928
136631479
220031911
217738936
221889978
214821307
213096941
104710050
109550420
221001894
215234505
224534546
218735121
210884825
55661544
198287340
225234097
224737006
181425208
222247122
195387717
218032790
211208280
218826490
219984724
174369714
161930200
169922104
221045188
152042605
221303902
178628007
222954789
161543813
202485533
217284249
218164205
225333799
225058689
218778859
222667365
222303510
170071929
220647768
161543105
224084008
220625497
219642653
154354557
214534052
223496504
224773837
121468147
222062935
215515176
206874020
208250547
220849468
204702595
224934924
188201896
222433573
210868555
221410983
222912117
221813562
210366645
217314409
221417860
197721159
208253446
207787428
215014305
222601189
220325143
166266453
172098003
222975731
220750801
221689276
222880124
192449694
222726339
221932963
219925634
223551738
212382634
221774351
223022016
217872185
220175484
214988032
217780044
222944093
135017329
218754633
221612273
213201389
222586279
219702951
218950233
224732655
223390444
220038765
199617385
222062094
220106881
225316726
214198625
209742115
224991468
69308021
220823156
223394858
193675896
186654800
220864703
223554429
182748071
216298499
206085274
224928579
222906450
216825406
188378459
219887603
225069091
205784147
220091515
222245814
168210832
220388450
224105474
224925724
217575138
191166379
216771451
213227057
218804338
212855494
222891351
215691159
216859249
188844015
222233902
210920517
224248061
219189325
219126073
224509248
219818891
217748835
204771527
45338748
214841532
214741269
222426140
202141909
221704677
218370149
224926172
224320735
218411326
223152398
198275470
66630383
212437779
182975916
220199600
219841099
222106018
220796423
224190524
225252571
128564489
214541433
207437382
177538765
218279657
201717795
207612527
218083137
220508886
219668130
223473498
209375856
224926029
225319605
141736759
220260328
224478588
214050741
146340866
172626781
222689234
225331454
223695403
194816429
194781181
225332621
220750867
221976129
170345371
221760863
152262482
184119558
221702059
218709557
221731738
216011476
151487969
163641565
210373134
206072298
223148986
224420039
215217014
155480801
207387016
213400319
223178027
217522867
192403310
214020355
206931801
222784030
220841459
220903426
174876191
221663449
211884833
217542558
225327855
