run_tag,seed,set_id,target_item_id,target_item_fg,rank,hit@1,hit@3,hit@5,hit@10,hit@30,hit@50,top10_ids
none_subset,4,171638917,143094107,46,113,0,0,0,0,0,0,"[""118566996"", ""203136854"", ""212690484"", ""181547294"", ""78134637"", ""134911669"", ""116259633"", ""105678196"", ""111956915"", ""87779396""]"
none_subset,4,208805759,172213324,37,94,0,0,0,0,0,0,"[""146527115"", ""84182599"", ""160185355"", ""213471023"", ""164221751"", ""174857211"", ""214087269"", ""157806065"", ""106487104"", ""136202261""]"
none_subset,4,17682761,16847694,4,142,0,0,0,0,0,0,"[""76515539"", ""123881493"", ""176039610"", ""149599673"", ""12396291"", ""86878993"", ""143874929"", ""117660981"", ""184587206"", ""51294207""]"
none_subset,4,206425236,182182628,62,391,0,0,0,0,0,0,"[""74279773"", ""156503039"", ""205736250"", ""194289010"", ""191710575"", ""115226483"", ""179449692"", ""123145266"", ""206434730"", ""153551332""]"
none_subset,4,96522071,63831737,62,706,0,0,0,0,0,0,"[""187612359"", ""124265654"", ""203208937"", ""62110369"", ""109870390"", ""145797588"", ""97032103"", ""210301365"", ""136225463"", ""149461258""]"
none_subset,4,223685706,211215649,62,48,0,0,0,0,0,1,"[""172105200"", ""207430576"", ""200006687"", ""203908924"", ""138087303"", ""190440971"", ""204130130"", ""203289300"", ""180567034"", ""181107629""]"
none_subset,4,147517821,95204606,43,236,0,0,0,0,0,0,"[""164097777"", ""183525953"", ""141162020"", ""98581026"", ""13118738"", ""121279267"", ""126702260"", ""212213338"", ""147179804"", ""143371562""]"
none_subset,4,224898695,211310787,43,24,0,0,0,0,1,1,"[""185311632"", ""182050443"", ""140993217"", ""194184168"", ""108684069"", ""201409854"", ""114163759"", ""207656544"", ""145672403"", ""166301530""]"
none_subset,4,179865492,149982827,43,191,0,0,0,0,0,0,"[""121279267"", ""195408710"", ""183525953"", ""200208585"", ""67909736"", ""119675310"", ""197613208"", ""127254122"", ""164097777"", ""164251704""]"
none_subset,4,194623623,167483448,43,268,0,0,0,0,0,0,"[""145546533"", ""190480160"", ""190843616"", ""204268653"", ""164268294"", ""194880726"", ""197429046"", ""44381000"", ""202632673"", ""168068475""]"
none_subset,4,64901197,21114364,37,14,0,0,0,0,1,1,"[""119227333"", ""94966858"", ""88534873"", ""14688074"", ""105224939"", ""29496516"", ""45171964"", ""76841920"", ""95030361"", ""187043151""]"
none_subset,4,48390120,53902698,57,393,0,0,0,0,0,0,"[""152197992"", ""194409455"", ""122408162"", ""99443492"", ""161319979"", ""201144087"", ""157953377"", ""86194826"", ""208033509"", ""193665572""]"
none_subset,4,185836801,158101824,46,49,0,0,0,0,0,1,"[""208099409"", ""45375287"", ""205769669"", ""206921287"", ""201507987"", ""158115780"", ""72730720"", ""153467283"", ""162270850"", ""121587868""]"
none_subset,4,187310061,145798245,38,1475,0,0,0,0,0,0,"[""10199751"", ""12905940"", ""105898974"", ""203702170"", ""20918033"", ""125066164"", ""45579165"", ""182866917"", ""182145202"", ""169021759""]"
none_subset,4,104313212,96852581,38,1078,0,0,0,0,0,0,"[""187612197"", ""114131241"", ""178462865"", ""76417560"", ""153191207"", ""94494397"", ""208225541"", ""207656146"", ""204686788"", ""185939341""]"
none_subset,4,187766683,138627636,38,609,0,0,0,0,0,0,"[""136444097"", ""128168264"", ""156737499"", ""25899558"", ""73613191"", ""139423553"", ""151407481"", ""173253112"", ""73148680"", ""93265631""]"
none_subset,4,121522189,108702236,37,73,0,0,0,0,0,0,"[""198753304"", ""154316487"", ""106674292"", ""127873279"", ""177489890"", ""119926476"", ""200025016"", ""157252149"", ""168359992"", ""176130397""]"
none_subset,4,204087433,151140876,64,278,0,0,0,0,0,0,"[""181352764"", ""202708847"", ""140315964"", ""141045171"", ""96431966"", ""151597543"", ""112056185"", ""152603802"", ""28993485"", ""210444502""]"
none_subset,4,224082376,211118858,46,18,0,0,0,0,1,1,"[""133461188"", ""142436010"", ""210856802"", ""212730825"", ""100881714"", ""108934756"", ""170881830"", ""13414842"", ""181020941"", ""141003470""]"
none_subset,4,222150050,212009781,46,223,0,0,0,0,0,0,"[""211809590"", ""208062801"", ""144865911"", ""204065707"", ""133738518"", ""210738657"", ""141613878"", ""204015032"", ""211911671"", ""203644944""]"
none_subset,4,190301469,142721484,64,1032,0,0,0,0,0,0,"[""103416735"", ""60124479"", ""204125965"", ""152312239"", ""213429313"", ""93476336"", ""26075068"", ""67144823"", ""138115654"", ""177005001""]"
none_subset,4,176118406,126107165,4,218,0,0,0,0,0,0,"[""124951123"", ""114282417"", ""188882555"", ""176720818"", ""169964492"", ""197475541"", ""123481544"", ""55380045"", ""209208627"", ""201481091""]"
none_subset,4,195103529,156583528,37,180,0,0,0,0,0,0,"[""105274553"", ""14688074"", ""126574209"", ""78200756"", ""96256428"", ""95030361"", ""120040052"", ""115215869"", ""163474582"", ""29496516""]"
none_subset,4,125632866,106707342,46,453,0,0,0,0,0,0,"[""108971427"", ""182136657"", ""171227160"", ""171227152"", ""190224714"", ""176647062"", ""147047749"", ""205168224"", ""145084375"", ""165738313""]"
none_subset,4,205169662,176761183,46,46,0,0,0,0,0,1,"[""142436010"", ""133461188"", ""210829117"", ""181020941"", ""100881714"", ""142626177"", ""141682649"", ""211118858"", ""76370473"", ""212208758""]"
none_subset,4,216362905,199422479,4,23,0,0,0,0,1,1,"[""149665952"", ""193807530"", ""191033158"", ""186739934"", ""191246391"", ""157092256"", ""214613376"", ""207143420"", ""213127345"", ""210482913""]"
none_subset,4,218660454,201505284,37,19,0,0,0,0,1,1,"[""141241455"", ""137062195"", ""213471023"", ""146527115"", ""185266696"", ""182489418"", ""188918346"", ""134046020"", ""209543868"", ""185411714""]"
none_subset,4,212773280,66287825,38,111,0,0,0,0,0,0,"[""136373067"", ""206303400"", ""31197704"", ""99075342"", ""143848258"", ""188214175"", ""169021759"", ""148428740"", ""123821164"", ""156263699""]"
none_subset,4,206924747,120111663,37,24,0,0,0,0,1,1,"[""183268600"", ""195715759"", ""186646910"", ""129112777"", ""145100939"", ""160293528"", ""178707192"", ""141382831"", ""168569670"", ""187609211""]"
none_subset,4,225321183,165942764,38,104,0,0,0,0,0,0,"[""154434048"", ""166298317"", ""90207738"", ""180533985"", ""203712106"", ""159326492"", ""128745438"", ""48122067"", ""160449838"", ""170764066""]"
none_subset,4,168804719,143552622,38,224,0,0,0,0,0,0,"[""155797305"", ""197433311"", ""36621623"", ""124508627"", ""158536496"", ""142190823"", ""204806709"", ""167345837"", ""182862963"", ""212854070""]"
none_subset,4,220290280,103551862,38,153,0,0,0,0,0,0,"[""52441610"", ""107235965"", ""102778559"", ""62361505"", ""198468875"", ""55877012"", ""162918532"", ""5564013"", ""8550716"", ""44557915""]"
none_subset,4,223264855,210449055,46,8,0,0,0,1,1,1,"[""141231449"", ""208021339"", ""170458031"", ""163797849"", ""150950478"", ""195201064"", ""206397421"", ""210449055"", ""103702743"", ""125568463""]"
none_subset,4,162360608,125993794,46,232,0,0,0,0,0,0,"[""60048301"", ""164665349"", ""96527698"", ""105169863"", ""164912617"", ""61233280"", ""195577148"", ""112097565"", ""98678440"", ""209050134""]"
none_subset,4,216831984,189625872,43,565,0,0,0,0,0,0,"[""180428174"", ""195756368"", ""198087076"", ""76057400"", ""202632009"", ""184875265"", ""185851616"", ""202626349"", ""209156407"", ""202628040""]"
none_subset,4,204045918,177005001,64,432,0,0,0,0,0,0,"[""213362681"", ""208979760"", ""172848022"", ""168247151"", ""206088529"", ""195426035"", ""94673226"", ""58475692"", ""195227005"", ""207826820""]"
none_subset,4,217726865,201428570,37,184,0,0,0,0,0,0,"[""203829614"", ""142113211"", ""142508806"", ""194297564"", ""167674987"", ""98524176"", ""195831532"", ""174850296"", ""173621712"", ""150316929""]"
none_subset,4,87463593,85383706,62,621,0,0,0,0,0,0,"[""186790061"", ""122201530"", ""10132068"", ""150920608"", ""69121381"", ""57745589"", ""86925187"", ""123687816"", ""57612738"", ""161006191""]"
none_subset,4,214117863,192935597,37,2221,0,0,0,0,0,0,"[""121116115"", ""147751334"", ""174852305"", ""94672340"", ""156440997"", ""187712911"", ""189275863"", ""194533002"", ""113225323"", ""101532006""]"
none_subset,4,224936983,213071251,4,2035,0,0,0,0,0,0,"[""173055109"", ""144373105"", ""16847694"", ""139852579"", ""184087480"", ""153223626"", ""141488485"", ""199942377"", ""191214295"", ""202360528""]"
none_subset,4,93603097,60362710,43,128,0,0,0,0,0,0,"[""164285938"", ""160058303"", ""179054743"", ""180961442"", ""158792208"", ""177067604"", ""198078019"", ""143611276"", ""214118453"", ""123633665""]"
none_subset,4,187597152,159511688,43,325,0,0,0,0,0,0,"[""159118897"", ""205682935"", ""192085655"", ""192942930"", ""145672403"", ""182840886"", ""128075960"", ""213430450"", ""108194109"", ""143679029""]"
none_subset,4,190851843,159310869,62,802,0,0,0,0,0,0,"[""128579095"", ""180324136"", ""32728587"", ""187570461"", ""203394975"", ""67139578"", ""181195424"", ""195935444"", ""167750528"", ""50552393""]"
none_subset,4,196105523,142410249,46,33,0,0,0,0,0,1,"[""127609272"", ""192338677"", ""158778091"", ""204632637"", ""207664468"", ""138971583"", ""212809187"", ""168220730"", ""152527976"", ""157599774""]"
none_subset,4,136725851,119103678,64,1640,0,0,0,0,0,0,"[""76186918"", ""209061676"", ""127488797"", ""201566530"", ""92304326"", ""77671900"", ""168818090"", ""143939537"", ""146495081"", ""157380435""]"
none_subset,4,112847004,76325050,62,2,0,1,1,1,1,1,"[""56951341"", ""76325050"", ""183670981"", ""122507339"", ""61834333"", ""122004752"", ""127465305"", ""60093528"", ""190440971"", ""138202773""]"
none_subset,4,223800617,204625446,57,2450,0,0,0,0,0,0,"[""175258156"", ""181234241"", ""142405798"", ""154111784"", ""209414993"", ""209223615"", ""211162081"", ""203703634"", ""181594395"", ""180210247""]"
none_subset,4,207634709,173641656,4,220,0,0,0,0,0,0,"[""214498383"", ""116474962"", ""196185031"", ""109208452"", ""207566657"", ""70897180"", ""49427839"", ""56998165"", ""214893406"", ""105063903""]"
none_subset,4,143194372,105903674,62,402,0,0,0,0,0,0,"[""25260455"", ""79175068"", ""145797588"", ""190355590"", ""52919918"", ""106048307"", ""190708058"", ""192396971"", ""128533237"", ""200582902""]"
none_subset,4,223653635,137387134,38,464,0,0,0,0,0,0,"[""172110259"", ""146217898"", ""138353042"", ""138617508"", ""23348079"", ""150241983"", ""122392168"", ""189045957"", ""159333154"", ""183401482""]"
none_subset,4,200657214,172403921,64,297,0,0,0,0,0,0,"[""204738388"", ""116423938"", ""157000160"", ""208915255"", ""47134269"", ""215220099"", ""204824313"", ""157313823"", ""207683325"", ""160686884""]"
none_subset,4,216779292,190972176,37,353,0,0,0,0,0,0,"[""209172941"", ""187423310"", ""191538851"", ""182193027"", ""100843460"", ""210502009"", ""193491703"", ""209855515"", ""149483145"", ""187719393""]"
none_subset,4,182035821,128546016,46,392,0,0,0,0,0,0,"[""169602941"", ""71898634"", ""53654857"", ""209924661"", ""203313787"", ""102458654"", ""121587868"", ""77257734"", ""169485140"", ""206921287""]"
none_subset,4,194866551,212675214,4,108,0,0,0,0,0,0,"[""161593927"", ""131037236"", ""36482821"", ""186229725"", ""50763233"", ""69840720"", ""206800954"", ""163708754"", ""180263848"", ""77686093""]"
none_subset,4,225322419,170619898,46,37,0,0,0,0,0,1,"[""150754478"", ""162507293"", ""203677273"", ""172082320"", ""212429674"", ""163043438"", ""163309329"", ""81506359"", ""186533601"", ""89165049""]"
none_subset,4,201591559,165125789,37,607,0,0,0,0,0,0,"[""206528763"", ""208265418"", ""174822665"", ""193030442"", ""169257920"", ""99231086"", ""76963567"", ""182513421"", ""139391729"", ""68382382""]"
none_subset,4,141072966,123492526,43,66,0,0,0,0,0,0,"[""146898856"", ""177238440"", ""177473145"", ""141726609"", ""76024222"", ""77959463"", ""202388962"", ""75839769"", ""104255136"", ""144399603""]"
none_subset,4,224977889,179987053,64,387,0,0,0,0,0,0,"[""173622745"", ""136053941"", ""195841911"", ""173115999"", ""203723833"", ""209149616"", ""212429237"", ""165717472"", ""177968315"", ""157187324""]"
none_subset,4,156172606,127505414,46,34,0,0,0,0,0,1,"[""85083810"", ""150742725"", ""175049394"", ""138718760"", ""118565908"", ""135639820"", ""146467155"", ""78015202"", ""61158856"", ""207379889""]"
none_subset,4,215424098,197090565,4,17,0,0,0,0,1,1,"[""180843726"", ""196161368"", ""154267881"", ""65093674"", ""213127345"", ""207143420"", ""195543776"", ""27693819"", ""213979278"", ""72626014""]"
none_subset,4,216241505,178492296,64,1870,0,0,0,0,0,0,"[""151937589"", ""190101231"", ""132092603"", ""162037337"", ""214177607"", ""153271284"", ""191104169"", ""76747946"", ""139856523"", ""132868443""]"
none_subset,4,219075657,210332530,64,892,0,0,0,0,0,0,"[""56995363"", ""194941994"", ""115621700"", ""129093190"", ""181671018"", ""154682545"", ""166289001"", ""60032340"", ""138750171"", ""105267083""]"
none_subset,4,170744268,140986770,37,265,0,0,0,0,0,0,"[""143766198"", ""88157034"", ""158649481"", ""127087324"", ""192947279"", ""168553107"", ""64708093"", ""183023489"", ""197603112"", ""208265418""]"
none_subset,4,185559036,145311547,64,117,0,0,0,0,0,0,"[""72224328"", ""32972748"", ""179411117"", ""193734151"", ""165315994"", ""213581190"", ""92309560"", ""141237466"", ""85531879"", ""131413365""]"
none_subset,4,191927841,164310767,4,1546,0,0,0,0,0,0,"[""188882555"", ""190075149"", ""198809896"", ""197475541"", ""187408602"", ""65093674"", ""77968334"", ""200589143"", ""144240877"", ""186220965""]"
none_subset,4,186439481,147379276,37,2132,0,0,0,0,0,0,"[""145502443"", ""195375302"", ""110465452"", ""196428679"", ""187761375"", ""17206468"", ""136371572"", ""119227333"", ""180546104"", ""190113798""]"
none_subset,4,195896697,168959530,4,1010,0,0,0,0,0,0,"[""195717749"", ""156979281"", ""149909385"", ""196849929"", ""206799452"", ""50883863"", ""143719082"", ""213815291"", ""144373105"", ""125616982""]"
none_subset,4,180511197,143567150,57,229,0,0,0,0,0,0,"[""172961532"", ""72917901"", ""199513063"", ""100527593"", ""72930010"", ""63237169"", ""121334134"", ""194197270"", ""49145437"", ""126063136""]"
none_subset,4,216339481,124479122,38,183,0,0,0,0,0,0,"[""133973101"", ""201835961"", ""206039176"", ""171180851"", ""157657051"", ""204880845"", ""192509185"", ""100749834"", ""80251442"", ""194370723""]"
none_subset,4,212459275,190214362,37,22,0,0,0,0,1,1,"[""159816408"", ""174690214"", ""190646486"", ""165582044"", ""176300467"", ""147947722"", ""94672340"", ""160849705"", ""91173744"", ""164430683""]"
none_subset,4,178893444,124226339,38,232,0,0,0,0,0,0,"[""173658043"", ""133935928"", ""202076969"", ""158733811"", ""180907201"", ""177744065"", ""108386607"", ""192389960"", ""197273368"", ""172615024""]"
none_subset,4,216028097,148857953,4,159,0,0,0,0,0,0,"[""182361800"", ""176566249"", ""151681239"", ""183255480"", ""191690738"", ""42368928"", ""206799452"", ""148331489"", ""200344150"", ""194446742""]"
none_subset,4,217965214,194692490,64,424,0,0,0,0,0,0,"[""65959521"", ""209791442"", ""95501095"", ""95477523"", ""209176271"", ""182461347"", ""210451384"", ""76676235"", ""211873793"", ""198087057""]"
none_subset,4,194611756,157987350,37,177,0,0,0,0,0,0,"[""186828726"", ""192617496"", ""199918988"", ""213318077"", ""213851108"", ""173640245"", ""191911000"", ""107367982"", ""213416559"", ""194408004""]"
none_subset,4,216668373,177013550,57,529,0,0,0,0,0,0,"[""198176008"", ""193981972"", ""207373637"", ""195501199"", ""209465166"", ""195658816"", ""132207298"", ""200193952"", ""202655316"", ""210965226""]"
none_subset,4,208341500,177536477,64,225,0,0,0,0,0,0,"[""103189720"", ""119000250"", ""143760958"", ""193134463"", ""110653495"", ""54856875"", ""188912158"", ""62091212"", ""131416996"", ""162652790""]"
none_subset,4,210276311,165627910,43,57,0,0,0,0,0,0,"[""193746203"", ""168783197"", ""171112521"", ""205682935"", ""188954949"", ""170651164"", ""192942930"", ""197514276"", ""190372173"", ""164374132""]"
none_subset,4,194447304,167133568,4,3,0,1,1,1,1,1,"[""146144877"", ""204210360"", ""167133568"", ""206285668"", ""122965096"", ""202119489"", ""161499533"", ""210519490"", ""207098872"", ""128197551""]"
none_subset,4,151770127,132184275,4,1204,0,0,0,0,0,0,"[""149665952"", ""193807530"", ""165785804"", ""113199812"", ""197428008"", ""185596367"", ""205530255"", ""157092256"", ""165320417"", ""205698529""]"
none_subset,4,195984013,114925208,4,322,0,0,0,0,0,0,"[""117660981"", ""154444351"", ""150204940"", ""180266107"", ""87832508"", ""154039318"", ""192968334"", ""170278372"", ""207935824"", ""157092256""]"
none_subset,4,203521288,178501633,4,18,0,0,0,0,1,1,"[""169976903"", ""204310309"", ""200370265"", ""205463044"", ""165467719"", ""214740980"", ""195893708"", ""211170774"", ""213292202"", ""191516714""]"
none_subset,4,190187950,156774428,37,36,0,0,0,0,0,1,"[""194193597"", ""126406153"", ""119064031"", ""99194481"", ""208307303"", ""77985083"", ""175339837"", ""208321072"", ""209030923"", ""162736140""]"
none_subset,4,222464020,210880528,46,2,0,1,1,1,1,1,"[""211911671"", ""210880528"", ""204759997"", ""144865911"", ""208458622"", ""201461152"", ""208805779"", ""172827091"", ""208062801"", ""204919891""]"
none_subset,4,132565555,113657337,4,1362,0,0,0,0,0,0,"[""143548483"", ""174891772"", ""97922019"", ""123613267"", ""143872793"", ""117771611"", ""132723593"", ""81323441"", ""129568541"", ""102070606""]"
none_subset,4,207099433,169647353,38,16,0,0,0,0,1,1,"[""192884067"", ""188520870"", ""145998937"", ""159880360"", ""211428575"", ""214115231"", ""161064776"", ""52533378"", ""102371068"", ""173793300""]"
none_subset,4,118032060,106413750,57,265,0,0,0,0,0,0,"[""205338620"", ""183982826"", ""211940844"", ""196946701"", ""209096131"", ""85332654"", ""204632529"", ""182256012"", ""202770273"", ""204632527""]"
none_subset,4,140028642,122514493,38,113,0,0,0,0,0,0,"[""99912896"", ""124479122"", ""126393314"", ""211021392"", ""134912948"", ""182664472"", ""90058765"", ""138465874"", ""100503292"", ""105651656""]"
none_subset,4,211747663,189684704,43,185,0,0,0,0,0,0,"[""197891724"", ""196316257"", ""198423070"", ""190049158"", ""156158359"", ""204620017"", ""209546973"", ""188036629"", ""158317587"", ""42219137""]"
none_subset,4,208853510,2440794,4,622,0,0,0,0,0,0,"[""200589462"", ""190079873"", ""27693819"", ""197294044"", ""190777127"", ""182361800"", ""151681239"", ""16813724"", ""194212862"", ""176566249""]"
none_subset,4,119939603,77390218,43,33,0,0,0,0,0,1,"[""101732318"", ""192268643"", ""166272408"", ""16113826"", ""184705867"", ""126861866"", ""209145709"", ""111562797"", ""200905407"", ""204045985""]"
none_subset,4,224144877,212214175,64,1853,0,0,0,0,0,0,"[""68685146"", ""19492405"", ""196347311"", ""26075068"", ""123687478"", ""148497898"", ""79071973"", ""162672027"", ""146848980"", ""213387094""]"
none_subset,4,220795932,207846338,37,311,0,0,0,0,0,0,"[""179523073"", ""98327133"", ""14688074"", ""212406255"", ""144029506"", ""204920168"", ""187074262"", ""208764176"", ""153367008"", ""209167644""]"
none_subset,4,207732448,184091403,43,58,0,0,0,0,0,0,"[""188577365"", ""195756368"", ""122398206"", ""202626349"", ""192741559"", ""201905433"", ""201535486"", ""192493949"", ""201904386"", ""202632009""]"
none_subset,4,225336822,205907099,62,206,0,0,0,0,0,0,"[""118002181"", ""61834333"", ""192716019"", ""201461957"", ""73906788"", ""190955120"", ""169027396"", ""141274480"", ""203728936"", ""42723221""]"
none_subset,4,167882378,142219785,46,143,0,0,0,0,0,0,"[""39277627"", ""158778091"", ""194136520"", ""194782765"", ""103455997"", ""88450497"", ""179610678"", ""96833542"", ""72266723"", ""142410249""]"
none_subset,4,29106775,27258379,64,435,0,0,0,0,0,0,"[""119643934"", ""160400188"", ""92189436"", ""193298062"", ""200590603"", ""157313823"", ""195529634"", ""5095964"", ""128217933"", ""66546372""]"
none_subset,4,168893665,139920243,4,476,0,0,0,0,0,0,"[""176039610"", ""23408401"", ""48788833"", ""149472153"", ""213275113"", ""164130570"", ""22753311"", ""107528202"", ""188802396"", ""107717290""]"
none_subset,4,214253510,188912158,64,826,0,0,0,0,0,0,"[""186122058"", ""211669271"", ""132818593"", ""155213340"", ""64480139"", ""187944465"", ""144366134"", ""206276658"", ""200026497"", ""147667682""]"
none_subset,4,193591886,160455987,43,199,0,0,0,0,0,0,"[""126702260"", ""207541405"", ""210321299"", ""97240353"", ""141162020"", ""100333045"", ""154390259"", ""176475069"", ""159960194"", ""176776603""]"
none_subset,4,118161724,100748302,37,39,0,0,0,0,0,1,"[""191097659"", ""204790995"", ""207913496"", ""204882158"", ""169494298"", ""141505308"", ""204151797"", ""107504819"", ""196218557"", ""195332849""]"
none_subset,4,215011895,196161702,43,112,0,0,0,0,0,0,"[""192529072"", ""188577365"", ""201671217"", ""192493949"", ""209666551"", ""184091403"", ""188582305"", ""185851616"", ""195756368"", ""201905433""]"
none_subset,4,225316332,176647062,46,416,0,0,0,0,0,0,"[""12880586"", ""143366526"", ""151511658"", ""73765596"", ""10034854"", ""78570599"", ""127485588"", ""78696152"", ""208035235"", ""205635929""]"
none_subset,4,154511030,133334651,43,11,0,0,0,0,1,1,"[""162465061"", ""158387518"", ""204361588"", ""199927468"", ""208645724"", ""201910129"", ""190834097"", ""196729212"", ""182746332"", ""165627910""]"
none_subset,4,186598628,151356635,4,85,0,0,0,0,0,0,"[""72045166"", ""133639093"", ""144264277"", ""119644839"", ""202362364"", ""167104684"", ""158607543"", ""159049760"", ""116057633"", ""148281605""]"
none_subset,4,209211793,182918494,64,83,0,0,0,0,0,0,"[""188599489"", ""80281524"", ""53527257"", ""177536477"", ""103416735"", ""159020740"", ""62604823"", ""148740236"", ""12228373"", ""79734724""]"
none_subset,4,166776423,142659992,64,143,0,0,0,0,0,0,"[""146681358"", ""154742918"", ""27162317"", ""136116320"", ""105928549"", ""207152337"", ""166141828"", ""185230388"", ""150442809"", ""164183551""]"
none_subset,4,224931544,214491007,4,64,0,0,0,0,0,0,"[""173008557"", ""213461075"", ""179145991"", ""58216709"", ""169556971"", ""99318165"", ""147828982"", ""171818167"", ""133632260"", ""174535187""]"
none_subset,4,206806312,182744806,4,180,0,0,0,0,0,0,"[""213568542"", ""207819636"", ""167623478"", ""212129395"", ""210109068"", ""189899644"", ""181079699"", ""210273576"", ""188321672"", ""212682868""]"
none_subset,4,24220610,22753311,4,307,0,0,0,0,0,0,"[""45403148"", ""73118528"", ""25537887"", ""180266107"", ""207935824"", ""9924656"", ""164756819"", ""198808044"", ""79387876"", ""185515008""]"
none_subset,4,133160779,112758500,57,312,0,0,0,0,0,0,"[""153835333"", ""102740841"", ""161339845"", ""195606087"", ""116870503"", ""143146395"", ""188014203"", ""61177824"", ""207615117"", ""128244723""]"
none_subset,4,193221797,165852923,43,134,0,0,0,0,0,0,"[""190069327"", ""157995027"", ""185138279"", ""145698725"", ""166786389"", ""176776603"", ""57750732"", ""154390259"", ""192578315"", ""154676816""]"
none_subset,4,177455706,144724265,57,324,0,0,0,0,0,0,"[""148338437"", ""194409455"", ""201949837"", ""177152495"", ""160209667"", ""97187105"", ""81384167"", ""151775492"", ""203393348"", ""139178056""]"
none_subset,4,224446136,212848933,46,256,0,0,0,0,0,0,"[""158101824"", ""168220730"", ""167076699"", ""53826389"", ""163538004"", ""214250533"", ""208099409"", ""203339078"", ""175731097"", ""207429949""]"
none_subset,4,135791676,115841291,4,237,0,0,0,0,0,0,"[""152542463"", ""143929940"", ""200344150"", ""117471262"", ""24739010"", ""185429569"", ""149247164"", ""179909533"", ""105607313"", ""187540651""]"
none_subset,4,123883757,101956556,43,7,0,0,0,1,1,1,"[""196069283"", ""142700536"", ""113898898"", ""189791365"", ""192774637"", ""126861866"", ""101956556"", ""67606658"", ""144710651"", ""202367676""]"
none_subset,4,150059292,95211839,38,261,0,0,0,0,0,0,"[""69350726"", ""157091884"", ""171755799"", ""89552272"", ""163758025"", ""192587307"", ""96313601"", ""192721742"", ""191371664"", ""198984787""]"
none_subset,4,222911786,194208208,64,171,0,0,0,0,0,0,"[""173526297"", ""122391520"", ""131561726"", ""73923102"", ""194651505"", ""182762792"", ""143686140"", ""148133803"", ""108096010"", ""189988059""]"
none_subset,4,169390186,141820768,46,642,0,0,0,0,0,0,"[""210433201"", ""205997591"", ""212456358"", ""143345304"", ""210482648"", ""138953275"", ""144032873"", ""172940777"", ""212434023"", ""171785060""]"
none_subset,4,106211796,98301531,43,71,0,0,0,0,0,0,"[""162605137"", ""213416756"", ""16668651"", ""156158359"", ""50463859"", ""145708285"", ""100215754"", ""164251704"", ""197613208"", ""164527202""]"
none_subset,4,207822121,168368413,37,949,0,0,0,0,0,0,"[""184899990"", ""121642534"", ""151617295"", ""102265742"", ""161194648"", ""116929460"", ""152569501"", ""57231571"", ""179547907"", ""105586047""]"
none_subset,4,173952741,137448907,64,27,0,0,0,0,1,1,"[""203403083"", ""44092132"", ""200485858"", ""205317332"", ""151821517"", ""183225423"", ""194094670"", ""128085943"", ""156783415"", ""160842974""]"
none_subset,4,132397105,115405939,38,67,0,0,0,0,0,0,"[""170054565"", ""176682595"", ""112389064"", ""183174003"", ""117957932"", ""209121892"", ""350786"", ""163870082"", ""204637998"", ""114260093""]"
none_subset,4,187845660,157944770,38,1496,0,0,0,0,0,0,"[""113999751"", ""127539785"", ""130075591"", ""110664117"", ""140048877"", ""150241983"", ""189593063"", ""154112907"", ""174530040"", ""120618466""]"
none_subset,4,73239570,76736407,43,63,0,0,0,0,0,0,"[""4674477"", ""6516822"", ""39344788"", ""77335627"", ""15015983"", ""89731710"", ""74845533"", ""86885256"", ""74830022"", ""114763824""]"
none_subset,4,112714474,47487946,4,227,0,0,0,0,0,0,"[""78628063"", ""193934711"", ""142456567"", ""194290947"", ""207566657"", ""36482821"", ""205405501"", ""112475075"", ""88781085"", ""104674345""]"
none_subset,4,41177759,35986236,62,449,0,0,0,0,0,0,"[""51166926"", ""205954355"", ""150251996"", ""178800390"", ""144311507"", ""101101788"", ""158436111"", ""79930613"", ""184997209"", ""210957793""]"
none_subset,4,215955530,196599979,38,1456,0,0,0,0,0,0,"[""193857246"", ""186533660"", ""156904280"", ""195156235"", ""102259203"", ""136204876"", ""160303868"", ""174632713"", ""145998937"", ""186215206""]"
none_subset,4,161642740,31677187,57,214,0,0,0,0,0,0,"[""135805652"", ""135189717"", ""83357296"", ""145912634"", ""57499091"", ""92019154"", ""207173802"", ""212888684"", ""175154171"", ""142637706""]"
none_subset,4,181662774,136435762,64,83,0,0,0,0,0,0,"[""201421429"", ""97354544"", ""152368817"", ""187708913"", ""60032340"", ""141263401"", ""185723367"", ""15748792"", ""16060214"", ""147984435""]"
none_subset,4,194698210,161492615,62,1067,0,0,0,0,0,0,"[""184405626"", ""70859518"", ""149610279"", ""172191347"", ""207274549"", ""117977369"", ""155955578"", ""126525390"", ""194290546"", ""191390378""]"
none_subset,4,224551342,210587193,37,1392,0,0,0,0,0,0,"[""205491074"", ""143849339"", ""149216805"", ""122713998"", ""144537637"", ""146869816"", ""186590190"", ""61710118"", ""126794514"", ""212086610""]"
none_subset,4,219551975,123336352,4,104,0,0,0,0,0,0,"[""171159402"", ""179145991"", ""58216709"", ""201065368"", ""173008557"", ""172884595"", ""102041783"", ""215305148"", ""174535187"", ""206994288""]"
none_subset,4,171938037,142067377,57,36,0,0,0,0,0,1,"[""55753543"", ""24251920"", ""207541431"", ""201562377"", ""208224412"", ""171686923"", ""166225948"", ""99472835"", ""193318201"", ""159329515""]"
none_subset,4,176837709,144751910,43,148,0,0,0,0,0,0,"[""191363897"", ""125529016"", ""122715243"", ""146898856"", ""139853041"", ""167164193"", ""199553574"", ""102607958"", ""164354706"", ""97625037""]"
none_subset,4,214259253,193951937,4,1,1,1,1,1,1,1,"[""193951937"", ""98076075"", ""211901995"", ""214085481"", ""209607188"", ""212013306"", ""173717084"", ""188665796"", ""84556392"", ""205917654""]"
none_subset,4,211203351,190161584,4,297,0,0,0,0,0,0,"[""191627911"", ""168099979"", ""211858811"", ""185880119"", ""182294617"", ""191147915"", ""191209763"", ""190594964"", ""208268059"", ""194722275""]"
none_subset,4,222583311,208856053,46,27,0,0,0,0,1,1,"[""210836917"", ""174100562"", ""213513527"", ""203677273"", ""177432966"", ""211441287"", ""173832017"", ""148055243"", ""208306039"", ""187591614""]"
none_subset,4,216702719,94195633,43,628,0,0,0,0,0,0,"[""202367676"", ""155249274"", ""196069283"", ""106212567"", ""46154800"", ""120869286"", ""191701674"", ""192774637"", ""78684229"", ""148294908""]"
none_subset,4,80321582,75263094,4,134,0,0,0,0,0,0,"[""146249483"", ""194022496"", ""76519929"", ""210822020"", ""19861371"", ""161159839"", ""205285935"", ""206283069"", ""194142299"", ""188621383""]"
none_subset,4,219184191,154897282,64,19,0,0,0,0,1,1,"[""146444401"", ""194767716"", ""167354299"", ""128607088"", ""16060214"", ""152189504"", ""154897158"", ""19607163"", ""207446541"", ""101169098""]"
none_subset,4,183176780,110198506,64,94,0,0,0,0,0,0,"[""96431966"", ""83604987"", ""166840834"", ""211987351"", ""48108527"", ""60124479"", ""181352764"", ""8326062"", ""166141828"", ""187029541""]"
none_subset,4,171056375,144654385,57,819,0,0,0,0,0,0,"[""205233758"", ""211933610"", ""178369063"", ""107527615"", ""173797071"", ""78647223"", ""214483684"", ""191928738"", ""213974972"", ""176683923""]"
none_subset,4,211145215,65008311,64,543,0,0,0,0,0,0,"[""131569653"", ""167354299"", ""202713543"", ""152189504"", ""109320323"", ""189365972"", ""212485762"", ""21707133"", ""143450620"", ""99174684""]"
none_subset,4,143335274,124948775,64,457,0,0,0,0,0,0,"[""172848022"", ""186850320"", ""19492405"", ""63861102"", ""35312252"", ""20153108"", ""60124479"", ""5273113"", ""210873715"", ""151526168""]"
none_subset,4,210317700,167242346,43,171,0,0,0,0,0,0,"[""147117418"", ""204891079"", ""141417624"", ""210534170"", ""193482080"", ""151416547"", ""198166094"", ""186403472"", ""119499591"", ""113309612""]"
none_subset,4,125302687,110172598,46,37,0,0,0,0,0,1,"[""204029234"", ""205368126"", ""168398292"", ""199457581"", ""208805613"", ""171801408"", ""169165853"", ""161497124"", ""179861117"", ""161172541""]"
none_subset,4,197712540,167148116,62,807,0,0,0,0,0,0,"[""204830740"", ""201053460"", ""153551332"", ""196890627"", ""74279773"", ""6204449"", ""202459656"", ""167750528"", ""215325361"", ""76665110""]"
none_subset,4,181405760,150670825,57,74,0,0,0,0,0,0,"[""122751221"", ""57499088"", ""115422067"", ""195347666"", ""113601078"", ""82247874"", ""46337629"", ""171896766"", ""17825658"", ""145872351""]"
none_subset,4,195131888,162230699,37,586,0,0,0,0,0,0,"[""183122776"", ""146272807"", ""103348357"", ""75561865"", ""51471196"", ""196428679"", ""159726047"", ""159657746"", ""211922538"", ""128960957""]"
none_subset,4,222357683,210741382,64,91,0,0,0,0,0,0,"[""196286726"", ""183765574"", ""212267410"", ""200027492"", ""200505701"", ""199310873"", ""192779268"", ""200026497"", ""174719538"", ""198999126""]"
none_subset,4,225334106,194687988,64,7,0,0,0,1,1,1,"[""160006498"", ""174387123"", ""204286460"", ""62581454"", ""215021282"", ""162686675"", ""194687988"", ""151435657"", ""130672499"", ""143362090""]"
none_subset,4,217966035,188236265,43,141,0,0,0,0,0,0,"[""182399428"", ""185108178"", ""168115086"", ""195224828"", ""198054092"", ""212129667"", ""184875265"", ""185851616"", ""157129302"", ""183692897""]"
none_subset,4,183894489,155062344,4,45,0,0,0,0,0,1,"[""190079873"", ""194142299"", ""182361800"", ""187600900"", ""196849929"", ""125616982"", ""200589462"", ""195213429"", ""190777127"", ""206799452""]"
none_subset,4,205157486,178025991,38,1293,0,0,0,0,0,0,"[""99912896"", ""193054363"", ""203967736"", ""145865678"", ""169995762"", ""123821164"", ""134912948"", ""126267299"", ""207600315"", ""158102628""]"
none_subset,4,218060720,202888371,4,12,0,0,0,0,1,1,"[""195539587"", ""197294044"", ""200855615"", ""192582014"", ""73205799"", ""206172053"", ""189844318"", ""128197551"", ""207143420"", ""13245417""]"
none_subset,4,224066335,209924661,46,5,0,0,1,1,1,1,"[""142436010"", ""212208758"", ""207308677"", ""81754384"", ""209924661"", ""76370473"", ""61233280"", ""210829117"", ""141682649"", ""107277769""]"
none_subset,4,216604034,200072530,4,509,0,0,0,0,0,0,"[""190594964"", ""210958855"", ""183252412"", ""196167891"", ""189901460"", ""160129846"", ""183828133"", ""190495475"", ""186900944"", ""189645323""]"
none_subset,4,218016737,159848607,38,873,0,0,0,0,0,0,"[""198984787"", ""89552272"", ""58573176"", ""139117589"", ""98186259"", ""203692617"", ""111431777"", ""151839331"", ""76978137"", ""181094653""]"
none_subset,4,177566239,141237052,57,1336,0,0,0,0,0,0,"[""153321595"", ""205233758"", ""173797071"", ""152200569"", ""203550692"", ""178369063"", ""183349552"", ""180302528"", ""107527615"", ""183693697""]"
none_subset,4,191371158,163870082,38,2119,0,0,0,0,0,0,"[""169064521"", ""106812535"", ""91690080"", ""110457316"", ""139423553"", ""214890741"", ""205428792"", ""74626779"", ""154635759"", ""190550107""]"
none_subset,4,216909918,188573311,57,1685,0,0,0,0,0,0,"[""107527615"", ""178508676"", ""171526962"", ""199479829"", ""153321595"", ""191567189"", ""178369063"", ""161574754"", ""181594395"", ""121588049""]"
none_subset,4,125376573,111118568,46,4,0,0,1,1,1,1,"[""160547557"", ""77995654"", ""174623464"", ""111118568"", ""179855914"", ""180749212"", ""168398292"", ""173668368"", ""135710902"", ""179347666""]"
none_subset,4,211984624,191257698,43,813,0,0,0,0,0,0,"[""163505137"", ""163838965"", ""186098084"", ""154237024"", ""203489048"", ""204664629"", ""155951189"", ""105238183"", ""211382244"", ""183407909""]"
none_subset,4,221392704,184422473,64,53,0,0,0,0,0,0,"[""160686884"", ""116423938"", ""178492296"", ""108386270"", ""122175441"", ""202234647"", ""215220099"", ""157122738"", ""204824313"", ""145779083""]"
none_subset,4,136745457,33852949,43,21,0,0,0,0,1,1,"[""210940174"", ""118255723"", ""110840430"", ""143989763"", ""129483238"", ""193313194"", ""106625864"", ""164870997"", ""196291255"", ""140810008""]"
none_subset,4,220737012,181958298,64,817,0,0,0,0,0,0,"[""126785773"", ""157803989"", ""179015555"", ""168899904"", ""190786565"", ""138115654"", ""143752488"", ""165687007"", ""91451711"", ""152368057""]"
none_subset,4,221849722,209933189,64,195,0,0,0,0,0,0,"[""171898096"", ""203051964"", ""211171973"", ""195526734"", ""211179127"", ""56833135"", ""167849719"", ""179440048"", ""156400594"", ""191459593""]"
none_subset,4,217724128,188901420,43,1808,0,0,0,0,0,0,"[""168115086"", ""201671217"", ""185851616"", ""184091403"", ""209666551"", ""198087076"", ""194288073"", ""213483404"", ""143795279"", ""207732639""]"
none_subset,4,165441643,140335234,43,23,0,0,0,0,1,1,"[""98301531"", ""148487136"", ""84074518"", ""107634006"", ""165688631"", ""165627910"", ""208645724"", ""158387518"", ""88376416"", ""142593193""]"
none_subset,4,225238925,207720671,4,800,0,0,0,0,0,0,"[""68390034"", ""206636227"", ""180843726"", ""191033158"", ""190503853"", ""192410120"", ""191316160"", ""177825434"", ""75448584"", ""201211887""]"
none_subset,4,180492830,139771827,64,1305,0,0,0,0,0,0,"[""124274061"", ""124273952"", ""214114704"", ""120966979"", ""122150463"", ""143663551"", ""213581190"", ""167158322"", ""214883521"", ""62313025""]"
none_subset,4,204939461,176953234,43,643,0,0,0,0,0,0,"[""148554371"", ""132568100"", ""74321183"", ""78565510"", ""196562630"", ""60265144"", ""117626711"", ""24058906"", ""153591399"", ""7448774""]"
none_subset,4,182802597,152102790,37,789,0,0,0,0,0,0,"[""14688074"", ""96028215"", ""163474582"", ""96256428"", ""92247640"", ""126574209"", ""213471023"", ""69814974"", ""101351593"", ""164141851""]"
none_subset,4,211080371,190061959,57,79,0,0,0,0,0,0,"[""202655316"", ""193981972"", ""202358315"", ""202223376"", ""210440269"", ""209640231"", ""207134458"", ""210969230"", ""159050136"", ""145955425""]"
none_subset,4,219228373,193632638,4,332,0,0,0,0,0,0,"[""145020770"", ""73118528"", ""169715410"", ""208324043"", ""206007161"", ""206016133"", ""214212078"", ""195242863"", ""190228386"", ""164495014""]"
none_subset,4,215904390,197656203,37,961,0,0,0,0,0,0,"[""140749191"", ""81629443"", ""17206468"", ""157270034"", ""157158070"", ""140706897"", ""159020956"", ""105541683"", ""132867062"", ""146734205""]"
none_subset,4,60853867,58109729,64,70,0,0,0,0,0,0,"[""176571185"", ""93476336"", ""197041759"", ""35312252"", ""103416735"", ""67144823"", ""174183108"", ""119000250"", ""166489955"", ""206003254""]"
none_subset,4,216258569,199310873,64,85,0,0,0,0,0,0,"[""192779268"", ""200033728"", ""210148884"", ""211889722"", ""174719538"", ""206294617"", ""184550395"", ""195252307"", ""169931960"", ""199715478""]"
none_subset,4,208697129,156534875,57,2308,0,0,0,0,0,0,"[""128942017"", ""207134458"", ""175877174"", ""171165314"", ""200038101"", ""153152780"", ""193741544"", ""197135877"", ""97187105"", ""192913890""]"
none_subset,4,221332807,204074548,37,41,0,0,0,0,0,1,"[""186270944"", ""164430683"", ""209132129"", ""201380275"", ""165582044"", ""91173744"", ""183268600"", ""208828602"", ""151940120"", ""183010273""]"
none_subset,4,158468230,137553795,46,324,0,0,0,0,0,0,"[""170458031"", ""195996779"", ""195309442"", ""194491667"", ""211441313"", ""158778091"", ""109316691"", ""162292851"", ""203022989"", ""16900641""]"
none_subset,4,154712745,120183732,4,966,0,0,0,0,0,0,"[""202190653"", ""177531279"", ""79486528"", ""190621677"", ""213275113"", ""76515539"", ""176039610"", ""161643758"", ""159922963"", ""163859971""]"
none_subset,4,195774572,147879067,4,337,0,0,0,0,0,0,"[""195242863"", ""207935824"", ""144811459"", ""200198172"", ""145020770"", ""140664088"", ""180266107"", ""148526912"", ""103936826"", ""181278700""]"
none_subset,4,59898931,62581454,64,58,0,0,0,0,0,0,"[""70397289"", ""194031832"", ""206213762"", ""94863968"", ""138404501"", ""187914316"", ""68788331"", ""168668432"", ""160006498"", ""133169923""]"
none_subset,4,155749420,122781311,64,558,0,0,0,0,0,0,"[""202527449"", ""58109729"", ""19148525"", ""208560031"", ""212225448"", ""75157723"", ""193764051"", ""153266976"", ""197684604"", ""164717269""]"
none_subset,4,47011899,40866643,43,22,0,0,0,0,1,1,"[""189625872"", ""196728731"", ""197613208"", ""143942304"", ""200611512"", ""146783647"", ""150786957"", ""115347188"", ""188607279"", ""186702404""]"
none_subset,4,220696295,177473283,38,19,0,0,0,0,1,1,"[""66259210"", ""183401482"", ""128168264"", ""104506104"", ""193949384"", ""146217898"", ""139423553"", ""188362913"", ""11921513"", ""47432873""]"
none_subset,4,194762119,166095870,64,73,0,0,0,0,0,0,"[""188442124"", ""155116255"", ""181352764"", ""153450567"", ""152209904"", ""146950533"", ""111685759"", ""194687988"", ""84069250"", ""204286460""]"
none_subset,4,190084968,175993606,43,558,0,0,0,0,0,0,"[""160542632"", ""142502266"", ""186702404"", ""162142216"", ""158885545"", ""198423070"", ""136512962"", ""178546388"", ""127664189"", ""185338196""]"
none_subset,4,217507926,201534877,43,106,0,0,0,0,0,0,"[""188378226"", ""196286515"", ""184713890"", ""198017996"", ""182445092"", ""210797098"", ""202847647"", ""189547099"", ""189168111"", ""122818220""]"
none_subset,4,187617614,159982314,64,56,0,0,0,0,0,0,"[""191710817"", ""182426229"", ""12224624"", ""210148884"", ""210298620"", ""206705882"", ""200033728"", ""201460481"", ""157103060"", ""144399371""]"
none_subset,4,223179145,190160674,38,84,0,0,0,0,0,0,"[""178462865"", ""155332547"", ""16689432"", ""57745679"", ""130417987"", ""153901522"", ""206506072"", ""207390508"", ""162400962"", ""208225541""]"
none_subset,4,220373799,206798127,64,1195,0,0,0,0,0,0,"[""154049018"", ""113436023"", ""211873793"", ""128898155"", ""192579868"", ""184013986"", ""133192411"", ""111626622"", ""145311547"", ""74117799""]"
none_subset,4,223637559,212901239,62,66,0,0,0,0,0,0,"[""211070786"", ""211808810"", ""204577887"", ""200033285"", ""212180917"", ""204556096"", ""191604760"", ""121524691"", ""198039882"", ""207609626""]"
none_subset,4,19986897,10714728,64,292,0,0,0,0,0,0,"[""155183786"", ""140676990"", ""93609678"", ""142119938"", ""176297212"", ""67998486"", ""63474547"", ""96431966"", ""143686140"", ""204754543""]"
none_subset,4,63969546,67127804,38,236,0,0,0,0,0,0,"[""186580987"", ""157091884"", ""96313601"", ""170764066"", ""71896485"", ""69350726"", ""163758025"", ""89552272"", ""191371664"", ""192587307""]"
none_subset,4,221395948,195898137,64,22,0,0,0,0,1,1,"[""143686140"", ""67998486"", ""111626622"", ""155183786"", ""210444502"", ""201892870"", ""189988059"", ""155021743"", ""67792301"", ""58507091""]"
none_subset,4,198661128,155560065,62,703,0,0,0,0,0,0,"[""156966648"", ""104986019"", ""181082260"", ""170039176"", ""86956608"", ""186141115"", ""56568319"", ""156966802"", ""138222438"", ""140341920""]"
none_subset,4,199354315,173166016,46,775,0,0,0,0,0,0,"[""53826389"", ""168220730"", ""168693005"", ""170374096"", ""16900641"", ""204635544"", ""56920439"", ""170393915"", ""199522143"", ""207429949""]"
none_subset,4,204929841,67115226,64,948,0,0,0,0,0,0,"[""161581546"", ""95788322"", ""121664928"", ""106247745"", ""126992314"", ""131413365"", ""154412302"", ""203921886"", ""151821517"", ""147948598""]"
none_subset,4,199541886,172059519,57,159,0,0,0,0,0,0,"[""87360821"", ""86238073"", ""110306995"", ""62696356"", ""200892019"", ""195693404"", ""168026327"", ""17116273"", ""82520729"", ""73841445""]"
none_subset,4,120091890,104119068,38,486,0,0,0,0,0,0,"[""150241983"", ""180023471"", ""31197704"", ""214394715"", ""162918532"", ""8550716"", ""127539785"", ""100758724"", ""110664117"", ""171949747""]"
none_subset,4,219449591,203022989,46,30,0,0,0,0,1,1,"[""127266574"", ""194951479"", ""171227152"", ""74840350"", ""147047749"", ""212530716"", ""190224714"", ""115290677"", ""108971427"", ""171227160""]"
none_subset,4,209514176,119015902,64,270,0,0,0,0,0,0,"[""194941994"", ""192392140"", ""187887134"", ""128217933"", ""56995363"", ""138750171"", ""53453982"", ""129093190"", ""211987676"", ""166289001""]"
none_subset,4,222606760,211170774,4,1,1,1,1,1,1,1,"[""211170774"", ""192874247"", ""195596465"", ""201461303"", ""159850846"", ""209268749"", ""210721272"", ""156855089"", ""185133383"", ""195658954""]"
none_subset,4,214779256,192255903,37,138,0,0,0,0,0,0,"[""201740861"", ""206412545"", ""181408383"", ""138858879"", ""87450438"", ""45171964"", ""178961164"", ""144029506"", ""180221400"", ""206298544""]"
none_subset,4,63429749,67999092,43,103,0,0,0,0,0,0,"[""61394763"", ""188690647"", ""128927470"", ""116495348"", ""112406996"", ""167879223"", ""140052409"", ""89861307"", ""44768555"", ""198559418""]"
none_subset,4,223262607,212118908,62,205,0,0,0,0,0,0,"[""74290204"", ""32645477"", ""179248067"", ""208252625"", ""200747175"", ""211737562"", ""112414551"", ""14027620"", ""211861394"", ""81077749""]"
none_subset,4,223062012,19300541,64,436,0,0,0,0,0,0,"[""210923456"", ""158680148"", ""60291031"", ""185413694"", ""202712497"", ""179835610"", ""211980241"", ""184683737"", ""164719263"", ""76051036""]"
none_subset,4,220432170,207152337,64,344,0,0,0,0,0,0,"[""142119938"", ""86073600"", ""168501948"", ""122391520"", ""212355981"", ""209711556"", ""32252174"", ""145593128"", ""203921886"", ""108096010""]"
none_subset,4,153737395,111074216,43,1089,0,0,0,0,0,0,"[""160455987"", ""204609076"", ""200157421"", ""166344121"", ""203550060"", ""164527202"", ""171798974"", ""190372173"", ""212781685"", ""100704615""]"
none_subset,4,194696163,167520346,37,5,0,0,1,1,1,1,"[""117685268"", ""105162490"", ""206756006"", ""153421932"", ""167520346"", ""192323302"", ""214996997"", ""201572634"", ""174160467"", ""211987844""]"
none_subset,4,200983608,172966334,46,28,0,0,0,0,1,1,"[""176936176"", ""215506263"", ""146467155"", ""211122713"", ""212905783"", ""205545277"", ""206685083"", ""201925196"", ""168075889"", ""171733069""]"
none_subset,4,189277523,155652617,37,755,0,0,0,0,0,0,"[""92247640"", ""192142184"", ""51138626"", ""114171070"", ""213471023"", ""119357902"", ""150173254"", ""195740726"", ""128979302"", ""84838254""]"
none_subset,4,183819308,75267159,38,201,0,0,0,0,0,0,"[""169186989"", ""203991000"", ""90207738"", ""203712106"", ""172870064"", ""76211714"", ""184324660"", ""156470070"", ""206990464"", ""167722391""]"
none_subset,4,210681464,75207324,62,678,0,0,0,0,0,0,"[""199605491"", ""184547267"", ""186169702"", ""95885283"", ""161197715"", ""185168047"", ""196543115"", ""208220353"", ""185409558"", ""73570160""]"
none_subset,4,186491148,158909023,43,503,0,0,0,0,0,0,"[""205682935"", ""145672403"", ""195055432"", ""188954949"", ""171112521"", ""168783197"", ""197613208"", ""182050443"", ""201752513"", ""142593193""]"
none_subset,4,154201548,133490841,38,1376,0,0,0,0,0,0,"[""45579165"", ""66287825"", ""20918033"", ""179244626"", ""74273124"", ""165955684"", ""182369007"", ""6679232"", ""166558139"", ""120957343""]"
none_subset,4,195131076,156352803,62,1259,0,0,0,0,0,0,"[""210566449"", ""134618566"", ""68675469"", ""113904136"", ""185405124"", ""144733620"", ""206062280"", ""209151724"", ""113201214"", ""16086259""]"
none_subset,4,216519335,191134281,43,20,0,0,0,0,1,1,"[""187215484"", ""210822887"", ""201213450"", ""211582481"", ""124898415"", ""88578062"", ""206290556"", ""198078019"", ""164285938"", ""160058303""]"
none_subset,4,41044823,44855147,46,97,0,0,0,0,0,0,"[""181810712"", ""186542267"", ""145585718"", ""201991995"", ""39488511"", ""13333030"", ""160019718"", ""21000985"", ""8742737"", ""126662251""]"
none_subset,4,219470687,194555128,38,599,0,0,0,0,0,0,"[""55870666"", ""123821164"", ""171588996"", ""200830087"", ""145865678"", ""38003672"", ""169995762"", ""161128754"", ""139423294"", ""158102628""]"
none_subset,4,166718305,130215350,37,683,0,0,0,0,0,0,"[""92247640"", ""139391729"", ""96028215"", ""51749408"", ""205328844"", ""77617528"", ""195740726"", ""69814974"", ""143865659"", ""23924949""]"
none_subset,4,204251465,178340158,46,1875,0,0,0,0,0,0,"[""79988383"", ""105318716"", ""212848933"", ""203281173"", ""49883118"", ""137353337"", ""204316129"", ""211267103"", ""77899573"", ""84381800""]"
none_subset,4,81931046,44331632,4,1954,0,0,0,0,0,0,"[""169443962"", ""190871924"", ""114282417"", ""207022871"", ""55380045"", ""123481544"", ""205405501"", ""181206759"", ""161593927"", ""153069902""]"
none_subset,4,131319203,113130959,46,447,0,0,0,0,0,0,"[""144964708"", ""182917310"", ""205031717"", ""190907433"", ""79166546"", ""109629224"", ""132875626"", ""214806915"", ""108971427"", ""165738313""]"
none_subset,4,219931559,163474582,37,455,0,0,0,0,0,0,"[""53389573"", ""84838254"", ""193030442"", ""177489890"", ""98865638"", ""51981897"", ""139391729"", ""33066220"", ""119926476"", ""200915401""]"
none_subset,4,165243285,115621700,64,77,0,0,0,0,0,0,"[""60032340"", ""125561073"", ""15748792"", ""138803213"", ""207028000"", ""126298952"", ""126079819"", ""139747313"", ""141263401"", ""118284407""]"
none_subset,4,178539683,148170791,64,78,0,0,0,0,0,0,"[""192550031"", ""152603802"", ""211882934"", ""202708847"", ""105144259"", ""60521239"", ""67998486"", ""32842438"", ""141045171"", ""183047062""]"
none_subset,4,222658414,207485550,46,80,0,0,0,0,0,0,"[""158946684"", ""100503293"", ""201215254"", ""133674182"", ""64234906"", ""178111525"", ""62458353"", ""16339902"", ""203665704"", ""171694803""]"
none_subset,4,217352658,206437660,38,28,0,0,0,0,1,1,"[""48122067"", ""166298317"", ""111431777"", ""170764066"", ""90207738"", ""201994268"", ""116558662"", ""172870064"", ""154434048"", ""128745438""]"
none_subset,4,103718127,96028215,37,15,0,0,0,0,1,1,"[""10976521"", ""92247640"", ""169228866"", ""89464961"", ""165174023"", ""154409188"", ""51138626"", ""131943838"", ""184320957"", ""172603509""]"
none_subset,4,162456671,138969017,46,58,0,0,0,0,0,0,"[""102458654"", ""123341476"", ""215475381"", ""129879441"", ""71898634"", ""206921287"", ""50445939"", ""138179744"", ""133780489"", ""201507987""]"
none_subset,4,216674479,198492434,43,1458,0,0,0,0,0,0,"[""192383943"", ""203668670"", ""127006553"", ""164476094"", ""151666642"", ""46376130"", ""186549940"", ""197607322"", ""148801479"", ""207652935""]"
none_subset,4,139603810,111705025,64,138,0,0,0,0,0,0,"[""63897092"", ""130875563"", ""109320323"", ""201944222"", ""191000780"", ""164719263"", ""211980241"", ""113587141"", ""154504845"", ""31017779""]"
none_subset,4,221098990,208436202,62,55,0,0,0,0,0,0,"[""205216281"", ""193404726"", ""163475721"", ""133228837"", ""210975042"", ""200166708"", ""203449670"", ""201810908"", ""192938069"", ""130172677""]"
none_subset,4,211110760,190110099,38,119,0,0,0,0,0,0,"[""209590588"", ""66287825"", ""20918033"", ""149732635"", ""95643350"", ""45579165"", ""184109870"", ""125066164"", ""209921939"", ""182369007""]"
none_subset,4,180857019,123694454,62,726,0,0,0,0,0,0,"[""125457528"", ""212334345"", ""153978341"", ""72763415"", ""132102628"", ""154898137"", ""211901178"", ""167750533"", ""127488091"", ""95504070""]"
none_subset,4,219859647,195568098,38,275,0,0,0,0,0,0,"[""98186259"", ""203692617"", ""58573176"", ""76978137"", ""137715155"", ""142911344"", ""139117589"", ""198984787"", ""74122089"", ""91197511""]"
none_subset,4,198986504,172642297,4,124,0,0,0,0,0,0,"[""121290364"", ""179532049"", ""145583009"", ""160260159"", ""128402566"", ""19226881"", ""141501244"", ""123461456"", ""199361385"", ""202362364""]"
none_subset,4,30856844,29076426,57,548,0,0,0,0,0,0,"[""66485491"", ""51949929"", ""139028158"", ""83357296"", ""53594227"", ""211835809"", ""165585527"", ""122789892"", ""102488247"", ""178650612""]"
none_subset,4,165345006,112030355,4,564,0,0,0,0,0,0,"[""126589900"", ""201066059"", ""212819052"", ""210309601"", ""198052564"", ""212482379"", ""212457708"", ""213963033"", ""206285188"", ""215580343""]"
none_subset,4,182336608,152542463,4,35,0,0,0,0,0,1,"[""191461282"", ""154031903"", ""153223626"", ""173055109"", ""157040034"", ""62938611"", ""149247164"", ""157367139"", ""187602417"", ""16847694""]"
none_subset,4,186098484,136188138,43,135,0,0,0,0,0,0,"[""156395019"", ""160598030"", ""168943005"", ""192651386"", ""171798974"", ""183716498"", ""162644598"", ""154676816"", ""126415167"", ""137771001""]"
none_subset,4,179980581,151344613,46,212,0,0,0,0,0,0,"[""209163866"", ""157471709"", ""141876515"", ""192440420"", ""198984808"", ""64234906"", ""158806989"", ""52439531"", ""140208813"", ""31105163""]"
none_subset,4,211355631,184293865,37,2209,0,0,0,0,0,0,"[""195296935"", ""211802210"", ""207544886"", ""190788965"", ""191538851"", ""191911000"", ""201649016"", ""181408383"", ""197955172"", ""199340755""]"
none_subset,4,161242216,132026257,37,636,0,0,0,0,0,0,"[""116929460"", ""53074039"", ""57231571"", ""172213324"", ""152569501"", ""105586047"", ""169799464"", ""127670055"", ""131057179"", ""186871959""]"
none_subset,4,190560020,142502266,43,718,0,0,0,0,0,0,"[""75839769"", ""67021588"", ""155678818"", ""94195633"", ""4674477"", ""188810945"", ""106069814"", ""114763824"", ""117984925"", ""75839915""]"
none_subset,4,69113424,60246968,57,690,0,0,0,0,0,0,"[""175258156"", ""97187105"", ""181594395"", ""121588049"", ""151450966"", ""132146813"", ""129364577"", ""79860798"", ""153321595"", ""119144884""]"
none_subset,4,185411772,156513351,37,946,0,0,0,0,0,0,"[""213471023"", ""209118001"", ""141241455"", ""146527115"", ""192554825"", ""174160467"", ""197580749"", ""204790375"", ""92247640"", ""209543868""]"
none_subset,4,202861496,177515764,57,71,0,0,0,0,0,0,"[""210636826"", ""209082310"", ""195530334"", ""166582282"", ""195530341"", ""210148578"", ""195751744"", ""212470393"", ""207501600"", ""205792958""]"
none_subset,4,176803150,143477720,57,284,0,0,0,0,0,0,"[""159881542"", ""136519761"", ""135635917"", ""53594227"", ""110518281"", ""79824332"", ""100527593"", ""158659146"", ""183993242"", ""51949929""]"
none_subset,4,150385859,123931108,37,295,0,0,0,0,0,0,"[""98128705"", ""173645815"", ""163212625"", ""138291906"", ""214708320"", ""100774234"", ""152102790"", ""188083340"", ""140336042"", ""164415171""]"
none_subset,4,216868287,192721742,38,1296,0,0,0,0,0,0,"[""150442928"", ""182704194"", ""151607631"", ""138465835"", ""192992682"", ""192510359"", ""66416188"", ""192191594"", ""214890741"", ""96535503""]"
none_subset,4,174350883,132691040,64,1183,0,0,0,0,0,0,"[""96431966"", ""183047062"", ""202708847"", ""67998486"", ""147223868"", ""80281524"", ""141045171"", ""31683521"", ""139178433"", ""60260391""]"
none_subset,4,185800330,154928608,4,36,0,0,0,0,0,1,"[""65093674"", ""77968334"", ""146961197"", ""56134226"", ""154267881"", ""155106827"", ""137934343"", ""152685161"", ""192757426"", ""169697872""]"
none_subset,4,223830881,212907091,37,161,0,0,0,0,0,0,"[""212356952"", ""173981806"", ""184297463"", ""156905299"", ""118848444"", ""190511714"", ""138622989"", ""33563950"", ""209481700"", ""197633924""]"
none_subset,4,175129233,148649464,4,257,0,0,0,0,0,0,"[""169697872"", ""50883863"", ""44858664"", ""156469871"", ""146961197"", ""188761133"", ""154267881"", ""65093674"", ""72626014"", ""27693819""]"
none_subset,4,166787151,141175087,4,64,0,0,0,0,0,0,"[""149909385"", ""181672704"", ""86774130"", ""154031903"", ""157367139"", ""178305613"", ""54212504"", ""173055109"", ""184778089"", ""156633369""]"
none_subset,4,178702003,145336514,37,101,0,0,0,0,0,0,"[""101318206"", ""194297564"", ""161632409"", ""201869799"", ""189064377"", ""158117230"", ""183023489"", ""150612100"", ""91090509"", ""101679570""]"
none_subset,4,223621349,211355598,43,2927,0,0,0,0,0,0,"[""129193322"", ""159900716"", ""170439536"", ""110104374"", ""169363779"", ""127006553"", ""44768555"", ""203668670"", ""167879223"", ""127979191""]"
none_subset,4,132618727,115580201,64,215,0,0,0,0,0,0,"[""153266976"", ""209427345"", ""188820923"", ""212170326"", ""199922992"", ""78822097"", ""164717269"", ""190174399"", ""119531435"", ""211861347""]"
none_subset,4,215754265,193134463,64,288,0,0,0,0,0,0,"[""80098795"", ""119643934"", ""132818593"", ""160008395"", ""204379910"", ""214208964"", ""125457410"", ""167980707"", ""62313025"", ""148153014""]"
none_subset,4,215206264,183024716,38,112,0,0,0,0,0,0,"[""189745383"", ""152717874"", ""144249722"", ""161450028"", ""174919483"", ""188178632"", ""95420911"", ""191768974"", ""93923477"", ""155797305""]"
none_subset,4,54901010,62313025,64,247,0,0,0,0,0,0,"[""60032340"", ""104135674"", ""79234720"", ""204754543"", ""208220087"", ""115621700"", ""199244662"", ""153356810"", ""115580201"", ""155183786""]"
none_subset,4,207186479,182569606,64,978,0,0,0,0,0,0,"[""92304326"", ""132119758"", ""127488797"", ""146495081"", ""112902032"", ""77671900"", ""177500405"", ""165717472"", ""169151974"", ""156077786""]"
none_subset,4,217527501,201852288,43,26,0,0,0,0,1,1,"[""185851616"", ""201671217"", ""198087076"", ""168115086"", ""206283952"", ""184091403"", ""209286657"", ""201905433"", ""184633847"", ""192529072""]"
none_subset,4,95134984,91338793,64,77,0,0,0,0,0,0,"[""48108527"", ""143686140"", ""189988059"", ""60869518"", ""107088593"", ""5273113"", ""33116395"", ""150507317"", ""214563791"", ""25042695""]"
none_subset,4,222248279,132097649,64,354,0,0,0,0,0,0,"[""60032340"", ""181619566"", ""80281524"", ""103416735"", ""179201033"", ""62550428"", ""170931595"", ""98356519"", ""40134748"", ""188599489""]"
none_subset,4,224932111,213377880,37,2026,0,0,0,0,0,0,"[""166772714"", ""130806896"", ""195379499"", ""204161065"", ""125546857"", ""195073454"", ""193667358"", ""210307849"", ""212621102"", ""209585249""]"
none_subset,4,200099867,171331353,57,331,0,0,0,0,0,0,"[""182610634"", ""203631816"", ""211933610"", ""209125579"", ""199762687"", ""153321595"", ""153811102"", ""134701518"", ""143360433"", ""208636529""]"
none_subset,4,28890480,29496516,37,8,0,0,0,1,1,1,"[""5322119"", ""191370500"", ""21114364"", ""105224939"", ""96489539"", ""213026576"", ""49441853"", ""29496516"", ""139778879"", ""188967908""]"
none_subset,4,188485991,129428290,57,1539,0,0,0,0,0,0,"[""183993242"", ""170453821"", ""204648894"", ""110306995"", ""210849421"", ""184690297"", ""82173388"", ""195693404"", ""107527374"", ""121902729""]"
none_subset,4,223990067,213503390,46,92,0,0,0,0,0,0,"[""212730825"", ""170881830"", ""213191579"", ""108934756"", ""201436985"", ""168791195"", ""171636556"", ""209482743"", ""177962710"", ""207870356""]"
none_subset,4,220766414,204899704,46,213,0,0,0,0,0,0,"[""179347666"", ""213247950"", ""176341449"", ""214351472"", ""168398292"", ""194798510"", ""187734223"", ""214519972"", ""205043973"", ""179633525""]"
none_subset,4,105428378,101799122,57,257,0,0,0,0,0,0,"[""183993242"", ""121902729"", ""58773802"", ""206552998"", ""114861890"", ""170453821"", ""204648894"", ""157953377"", ""196935602"", ""206553944""]"
none_subset,4,221415344,206210969,38,240,0,0,0,0,0,0,"[""192509185"", ""204880845"", ""133973101"", ""99816295"", ""171180851"", ""201835961"", ""100749834"", ""180059769"", ""169004224"", ""206039176""]"
none_subset,4,174122963,115645977,43,146,0,0,0,0,0,0,"[""157711341"", ""155678818"", ""162142216"", ""49931795"", ""135449802"", ""56084025"", ""98314945"", ""146898856"", ""99992649"", ""4674477""]"
none_subset,4,180994473,153013889,43,206,0,0,0,0,0,0,"[""151416547"", ""70425482"", ""147117418"", ""136615619"", ""69088872"", ""141417624"", ""113309612"", ""204891079"", ""144482097"", ""204265427""]"
none_subset,4,219023019,201216088,37,162,0,0,0,0,0,0,"[""209794141"", ""154316487"", ""199643627"", ""201460790"", ""146962916"", ""188083340"", ""89454786"", ""185048961"", ""198753304"", ""133924998""]"
none_subset,4,148926185,126213900,38,689,0,0,0,0,0,0,"[""209258995"", ""113999751"", ""192596276"", ""180386955"", ""70118230"", ""151180760"", ""192992682"", ""213391406"", ""74617293"", ""149343290""]"
none_subset,4,225186543,209306349,64,48,0,0,0,0,0,1,"[""209768449"", ""153434885"", ""214502849"", ""196928465"", ""20371087"", ""139118223"", ""207826820"", ""207475739"", ""209956836"", ""206133696""]"
none_subset,4,194448536,162425061,57,498,0,0,0,0,0,0,"[""201562377"", ""207541431"", ""84085908"", ""24251920"", ""181449391"", ""198779965"", ""52498980"", ""177390672"", ""165678018"", ""192325921""]"
none_subset,4,110404311,101244088,46,270,0,0,0,0,0,0,"[""10034854"", ""78094109"", ""203778148"", ""208035235"", ""82040536"", ""208649860"", ""152639248"", ""162330233"", ""78004872"", ""180613841""]"
none_subset,4,213287532,188810102,62,363,0,0,0,0,0,0,"[""113936596"", ""125976562"", ""211026268"", ""207274549"", ""32936165"", ""213827571"", ""79994734"", ""171847859"", ""128240620"", ""204936767""]"
none_subset,4,209411379,186938336,64,746,0,0,0,0,0,0,"[""196368507"", ""207537844"", ""192779268"", ""174719538"", ""143939537"", ""197268810"", ""192179303"", ""196287148"", ""147671714"", ""169931960""]"
none_subset,4,213286958,185138279,43,19,0,0,0,0,1,1,"[""195866072"", ""153567645"", ""154676816"", ""214379964"", ""51679199"", ""211818404"", ""106164509"", ""176776603"", ""108317078"", ""108194109""]"
none_subset,4,152709066,131869463,62,18,0,0,0,0,1,1,"[""124884051"", ""167656283"", ""169027396"", ""173119325"", ""136423579"", ""161194868"", ""200271479"", ""110895997"", ""149304758"", ""146855578""]"
none_subset,4,157276690,134021529,46,1012,0,0,0,0,0,0,"[""203329657"", ""80195905"", ""150142821"", ""151511658"", ""131820392"", ""70517064"", ""181547294"", ""67021528"", ""108154891"", ""132184095""]"
none_subset,4,182936009,151046652,57,365,0,0,0,0,0,0,"[""159881542"", ""201562377"", ""24251920"", ""84085908"", ""82721637"", ""164678159"", ""139818390"", ""159329515"", ""136288842"", ""57673806""]"
none_subset,4,146826278,101892709,43,365,0,0,0,0,0,0,"[""211382244"", ""151082966"", ""191175133"", ""180987149"", ""188230609"", ""124514494"", ""125047033"", ""147992742"", ""172848378"", ""89479859""]"
none_subset,4,219724252,198719196,4,1557,0,0,0,0,0,0,"[""141278632"", ""148857953"", ""157040034"", ""157103009"", ""140694614"", ""194338856"", ""194377968"", ""94286928"", ""152566280"", ""144041734""]"
none_subset,4,205945839,96363827,38,306,0,0,0,0,0,0,"[""11921513"", ""61055606"", ""169804292"", ""69350726"", ""113456040"", ""106027581"", ""161064776"", ""193949384"", ""168749475"", ""172110259""]"
none_subset,4,191508297,162694671,37,11,0,0,0,0,1,1,"[""146869816"", ""61710118"", ""214037923"", ""153376485"", ""149216805"", ""138625062"", ""154028714"", ""153610553"", ""204242033"", ""208141094""]"
none_subset,4,174344547,145130578,43,1173,0,0,0,0,0,0,"[""61372398"", ""183029564"", ""181955635"", ""144463129"", ""73260900"", ""178810275"", ""204891079"", ""169890454"", ""213237056"", ""147117418""]"
none_subset,4,179853491,142381741,4,25,0,0,0,0,1,1,"[""173259969"", ""100007550"", ""183642706"", ""156456714"", ""144513042"", ""87832508"", ""137934343"", ""183725729"", ""152685161"", ""98834359""]"
none_subset,4,224307001,214059340,57,30,0,0,0,0,1,1,"[""211301569"", ""202655316"", ""183614539"", ""195530341"", ""175665700"", ""202650435"", ""212489788"", ""207262363"", ""209640231"", ""195501205""]"
none_subset,4,131744929,109194953,4,156,0,0,0,0,0,0,"[""197294044"", ""180096072"", ""128197551"", ""187502252"", ""13245417"", ""188799739"", ""211850911"", ""206172053"", ""191687910"", ""190530648""]"
none_subset,4,194577455,160559989,43,164,0,0,0,0,0,0,"[""174924037"", ""200392561"", ""168992911"", ""79676853"", ""197514276"", ""120765596"", ""129262032"", ""107227181"", ""175839074"", ""107634006""]"
none_subset,4,223281383,211309611,64,447,0,0,0,0,0,0,"[""210923456"", ""183047062"", ""185413694"", ""105928549"", ""203638583"", ""185454425"", ""142659992"", ""115774096"", ""110198506"", ""139771827""]"
none_subset,4,81025493,78954752,4,1039,0,0,0,0,0,0,"[""125970295"", ""13245417"", ""187502252"", ""188577796"", ""207243454"", ""211850911"", ""138439770"", ""126204466"", ""190530648"", ""205365317""]"
none_subset,4,209724916,131953748,46,110,0,0,0,0,0,0,"[""146029150"", ""184646371"", ""127947793"", ""139649558"", ""164421502"", ""193074174"", ""127547793"", ""103441022"", ""101304130"", ""167383627""]"
none_subset,4,166799764,141153033,4,756,0,0,0,0,0,0,"[""156103241"", ""93696567"", ""143929940"", ""188882555"", ""119765502"", ""190067899"", ""117471262"", ""181715447"", ""201735437"", ""112540745""]"
none_subset,4,217143516,199067357,4,1736,0,0,0,0,0,0,"[""123481544"", ""55380045"", ""124951123"", ""78540860"", ""153069902"", ""189945818"", ""197475541"", ""142657666"", ""169388531"", ""205789625""]"
none_subset,4,215629653,191815855,4,671,0,0,0,0,0,0,"[""181068928"", ""206213620"", ""201861112"", ""186774686"", ""110795459"", ""209341331"", ""163772112"", ""139613297"", ""67745233"", ""79131324""]"
none_subset,4,221840866,207035411,46,488,0,0,0,0,0,0,"[""198221243"", ""204484014"", ""207127154"", ""212469100"", ""180299995"", ""210734819"", ""209764015"", ""211063696"", ""211047288"", ""213571883""]"
none_subset,4,223496408,204100209,62,12,0,0,0,0,1,1,"[""170246818"", ""191710575"", ""134905481"", ""161194868"", ""212838708"", ""201108158"", ""6204449"", ""62502393"", ""192577715"", ""193241960""]"
none_subset,4,151221306,131867164,57,39,0,0,0,0,0,1,"[""148098437"", ""168418714"", ""197042183"", ""102488247"", ""157758093"", ""54771118"", ""206490564"", ""191244076"", ""72504192"", ""180192975""]"
none_subset,4,223907782,204531248,62,388,0,0,0,0,0,0,"[""85872148"", ""117977369"", ""184405626"", ""51057647"", ""39096505"", ""191653901"", ""190774517"", ""209556691"", ""82385738"", ""201947888""]"
none_subset,4,210576586,188709100,38,1240,0,0,0,0,0,0,"[""206728210"", ""177206358"", ""130737214"", ""209590588"", ""167863303"", ""169136130"", ""66287825"", ""203456374"", ""182369007"", ""208393437""]"
none_subset,4,182446210,153170090,43,1131,0,0,0,0,0,0,"[""115857968"", ""108662474"", ""51679199"", ""192559614"", ""201202736"", ""126415167"", ""176776603"", ""153090870"", ""132315079"", ""164374132""]"
none_subset,4,171268684,141590566,62,312,0,0,0,0,0,0,"[""160586788"", ""169027396"", ""186148744"", ""136423579"", ""201461957"", ""73411331"", ""140341920"", ""192458679"", ""167656283"", ""179977293""]"
none_subset,4,201550239,171788248,57,661,0,0,0,0,0,0,"[""210816632"", ""203157936"", ""215562071"", ""127821311"", ""206322918"", ""213502972"", ""212223973"", ""200025196"", ""209741084"", ""81024498""]"
none_subset,4,58459746,65096709,62,507,0,0,0,0,0,0,"[""86925187"", ""143261727"", ""67894406"", ""63080448"", ""53450905"", ""100144178"", ""80991195"", ""52848243"", ""10132068"", ""23907922""]"
none_subset,4,191502224,160114101,38,45,0,0,0,0,0,1,"[""204880845"", ""66334917"", ""180386955"", ""159333154"", ""192509185"", ""134905998"", ""139197933"", ""193252013"", ""73863273"", ""134912948""]"
none_subset,4,215786893,196347311,64,173,0,0,0,0,0,0,"[""167094250"", ""191629980"", ""144339648"", ""147984435"", ""61063233"", ""178690639"", ""94863968"", ""160741998"", ""103189720"", ""26395963""]"
none_subset,4,176901511,151937589,64,1,1,1,1,1,1,1,"[""151937589"", ""200250551"", ""127617798"", ""149734769"", ""202658571"", ""214177607"", ""205317332"", ""153271284"", ""182224096"", ""132092603""]"
none_subset,4,220693395,207534566,4,336,0,0,0,0,0,0,"[""194689928"", ""193871241"", ""182903930"", ""17083624"", ""80458410"", ""145435299"", ""207099785"", ""132101224"", ""75870943"", ""205390513""]"
none_subset,4,26646043,20739628,64,132,0,0,0,0,0,0,"[""187725266"", ""155183786"", ""127488045"", ""75327381"", ""105898966"", ""46094230"", ""107088593"", ""121260031"", ""196328856"", ""181441566""]"
none_subset,4,166363190,122642468,64,942,0,0,0,0,0,0,"[""167245652"", ""97352989"", ""154049018"", ""65008714"", ""156718510"", ""127617798"", ""187557702"", ""160009723"", ""108526378"", ""93943220""]"
none_subset,4,180913838,145507220,4,215,0,0,0,0,0,0,"[""159111889"", ""153223626"", ""186841122"", ""120205229"", ""177402240"", ""134534067"", ""199780246"", ""75193448"", ""200963901"", ""199942377""]"
none_subset,4,221849552,184639387,64,242,0,0,0,0,0,0,"[""60032340"", ""138803213"", ""170931595"", ""125561073"", ""103416735"", ""181619566"", ""109321941"", ""97354544"", ""188599489"", ""124110006""]"
none_subset,4,129643095,111866530,57,514,0,0,0,0,0,0,"[""174118568"", ""164248569"", ""145872351"", ""83990657"", ""115422067"", ""171896766"", ""166910126"", ""128122761"", ""169400993"", ""30933369""]"
none_subset,4,123692026,65832173,64,35,0,0,0,0,0,1,"[""65008714"", ""160009723"", ""97352989"", ""193944748"", ""159988781"", ""152762249"", ""70607335"", ""156766484"", ""100728693"", ""112210141""]"
none_subset,4,47095992,70310902,37,71,0,0,0,0,0,0,"[""105224939"", ""139778879"", ""183122776"", ""178961164"", ""14688074"", ""67501636"", ""53410176"", ""188967908"", ""65129121"", ""152204663""]"
none_subset,4,212545186,194446742,4,129,0,0,0,0,0,0,"[""191214295"", ""191461282"", ""195213429"", ""117471262"", ""173055109"", ""119106930"", ""153223626"", ""116057633"", ""16847694"", ""149247164""]"
none_subset,4,20049595,18153773,37,120,0,0,0,0,0,0,"[""115215869"", ""126574209"", ""105274553"", ""29496516"", ""181774091"", ""212809765"", ""188967908"", ""53389573"", ""78200756"", ""162492521""]"
none_subset,4,211951900,191630426,64,170,0,0,0,0,0,0,"[""196286726"", ""147671714"", ""200505701"", ""206276658"", ""192779268"", ""200027492"", ""191930990"", ""174719538"", ""192179303"", ""200026497""]"
none_subset,4,193988041,163314736,43,1059,0,0,0,0,0,0,"[""207549172"", ""214303326"", ""75648342"", ""186034089"", ""205502338"", ""140052409"", ""122454074"", ""146978431"", ""143497982"", ""138106208""]"
none_subset,4,189018141,157268947,43,686,0,0,0,0,0,0,"[""162142216"", ""198296892"", ""204620017"", ""195791947"", ""75839915"", ""155678818"", ""178546388"", ""195240617"", ""144064285"", ""102607958""]"
none_subset,4,198536720,168688083,64,1508,0,0,0,0,0,0,"[""89221384"", ""195269265"", ""212528042"", ""63832007"", ""140673231"", ""194286674"", ""85051125"", ""207666899"", ""161612772"", ""158685722""]"
none_subset,4,39420718,42815985,38,1735,0,0,0,0,0,0,"[""41040635"", ""11921513"", ""192443349"", ""188362913"", ""104506104"", ""192654276"", ""193133447"", ""197105990"", ""171755799"", ""89552272""]"
none_subset,4,101593746,88532160,4,1,1,1,1,1,1,1,"[""88532160"", ""192786300"", ""184476437"", ""169964492"", ""189945818"", ""191043947"", ""188882555"", ""141989738"", ""176720818"", ""194291179""]"
none_subset,4,210240448,188473910,57,223,0,0,0,0,0,0,"[""202358315"", ""102488247"", ""130769831"", ""198496404"", ""180448563"", ""79860798"", ""197135877"", ""193741544"", ""77876788"", ""175877174""]"
none_subset,4,59269594,64181476,62,442,0,0,0,0,0,0,"[""208335318"", ""117006578"", ""106023112"", ""150060889"", ""74242439"", ""135632302"", ""67833941"", ""172331495"", ""145492438"", ""77177472""]"
none_subset,4,185808450,157995027,43,426,0,0,0,0,0,0,"[""165082890"", ""127047625"", ""176670642"", ""144080652"", ""26809470"", ""59547777"", ""126702260"", ""32986495"", ""165487867"", ""99275271""]"
none_subset,4,168013738,132434051,46,167,0,0,0,0,0,0,"[""77329979"", ""109811257"", ""28656005"", ""130881127"", ""164953659"", ""136576031"", ""121389120"", ""146207857"", ""132957109"", ""176396453""]"
none_subset,4,217270369,200715240,46,191,0,0,0,0,0,0,"[""79809742"", ""186542267"", ""111095231"", ""183767116"", ""198454182"", ""132018635"", ""124510956"", ""150142821"", ""39488511"", ""148352358""]"
none_subset,4,223547310,203973211,37,37,0,0,0,0,0,1,"[""190113798"", ""174852305"", ""186429778"", ""147751334"", ""141505308"", ""198930981"", ""177501346"", ""196218557"", ""183005165"", ""133774120""]"
none_subset,4,212318389,142667925,43,30,0,0,0,0,1,1,"[""157129302"", ""190234147"", ""168115086"", ""183765224"", ""203348372"", ""195224828"", ""146783647"", ""212408069"", ""202227389"", ""159888018""]"
none_subset,4,177324952,148973040,37,2583,0,0,0,0,0,0,"[""147023317"", ""65802140"", ""143065524"", ""46870157"", ""146533593"", ""143680520"", ""173034966"", ""116929460"", ""155458733"", ""173457533""]"
none_subset,4,211611744,186868435,37,568,0,0,0,0,0,0,"[""195296935"", ""191911000"", ""153099679"", ""133351365"", ""157987350"", ""190788965"", ""196563012"", ""169228866"", ""204860223"", ""134901665""]"
none_subset,4,218795412,202803035,38,61,0,0,0,0,0,0,"[""117957932"", ""53899017"", ""145871617"", ""169063398"", ""161495460"", ""164922568"", ""167300693"", ""167575814"", ""112658377"", ""40757273""]"
none_subset,4,219400531,143663688,38,151,0,0,0,0,0,0,"[""38003672"", ""159333154"", ""183569499"", ""66334917"", ""52512643"", ""150802146"", ""180386955"", ""188626794"", ""179244626"", ""215150803""]"
none_subset,4,217376647,201569008,4,65,0,0,0,0,0,0,"[""105240256"", ""146357422"", ""205390513"", ""203537664"", ""162282416"", ""164258790"", ""211027940"", ""182903930"", ""203738355"", ""209043508""]"
none_subset,4,216088799,144351805,37,448,0,0,0,0,0,0,"[""140907909"", ""109130798"", ""201751423"", ""154980557"", ""160376991"", ""191232165"", ""151964729"", ""191630630"", ""161390704"", ""156583528""]"
none_subset,4,208352440,185108178,43,34,0,0,0,0,0,1,"[""185851616"", ""209666551"", ""201671217"", ""201905433"", ""189266294"", ""184091403"", ""198087076"", ""207732639"", ""143795279"", ""189297376""]"
none_subset,4,211237385,96072901,62,1142,0,0,0,0,0,0,"[""100144178"", ""86857938"", ""195229377"", ""127682307"", ""183577698"", ""127202560"", ""188646127"", ""124123475"", ""131405477"", ""114525243""]"
none_subset,4,165671697,139178056,57,413,0,0,0,0,0,0,"[""209726209"", ""165530822"", ""211144080"", ""211475673"", ""208164156"", ""123063081"", ""209083980"", ""214471380"", ""177152495"", ""190378651""]"
none_subset,4,44295729,44381000,43,351,0,0,0,0,0,0,"[""193045333"", ""109622560"", ""145708285"", ""207289652"", ""98800023"", ""100215754"", ""209622362"", ""205517780"", ""194524855"", ""126470047""]"
none_subset,4,180514026,151224480,38,83,0,0,0,0,0,0,"[""206039176"", ""204880845"", ""193532212"", ""174071678"", ""213591035"", ""204390915"", ""194296875"", ""126776975"", ""208147472"", ""176455959""]"
none_subset,4,179459421,138975756,4,56,0,0,0,0,0,0,"[""143929940"", ""191461282"", ""117471262"", ""156103241"", ""143852845"", ""158175855"", ""24739010"", ""152542463"", ""133755220"", ""157367139""]"
none_subset,4,69911500,74842038,64,528,0,0,0,0,0,0,"[""149734769"", ""95788322"", ""135170809"", ""171371555"", ""165717472"", ""191000780"", ""69227080"", ""92304326"", ""77671900"", ""153275921""]"
none_subset,4,216283732,194756089,64,1118,0,0,0,0,0,0,"[""212267410"", ""183765574"", ""196286726"", ""206235020"", ""211115970"", ""193910077"", ""190059523"", ""197322277"", ""140240190"", ""211307371""]"
none_subset,4,106124042,96300750,43,357,0,0,0,0,0,0,"[""139778348"", ""190193667"", ""196397416"", ""145947056"", ""191175133"", ""109286694"", ""10352796"", ""180987149"", ""199998641"", ""76380885""]"
none_subset,4,63723636,53962226,4,394,0,0,0,0,0,0,"[""145007084"", ""51294207"", ""86409470"", ""78628063"", ""129435163"", ""66047393"", ""86878993"", ""200384605"", ""204255951"", ""208770942""]"
none_subset,4,217030405,193323154,4,163,0,0,0,0,0,0,"[""191147915"", ""184199440"", ""200860968"", ""200030203"", ""193413498"", ""194689928"", ""201454668"", ""202902456"", ""197461829"", ""171567687""]"
none_subset,4,146272626,121017497,4,2363,0,0,0,0,0,0,"[""119898461"", ""148365289"", ""144264277"", ""195470202"", ""143222301"", ""44331632"", ""72045166"", ""202362364"", ""88932849"", ""173529593""]"
none_subset,4,63169454,61171734,62,848,0,0,0,0,0,0,"[""211638809"", ""194491562"", ""14027620"", ""81077749"", ""25260455"", ""1975349"", ""149631016"", ""167961448"", ""61172453"", ""61171338""]"
none_subset,4,139951358,118360748,38,1496,0,0,0,0,0,0,"[""151180760"", ""200830087"", ""142087844"", ""106812535"", ""196304269"", ""118389997"", ""110457316"", ""141000837"", ""179099953"", ""110566970""]"
none_subset,4,219099215,195408710,43,17,0,0,0,0,1,1,"[""128872941"", ""150794676"", ""191583920"", ""209546973"", ""111684767"", ""215382114"", ""202343187"", ""195240617"", ""132568100"", ""204449585""]"
none_subset,4,108373299,100087840,4,9,0,0,0,1,1,1,"[""126889201"", ""126241663"", ""50750891"", ""116488063"", ""144513042"", ""190871924"", ""186179720"", ""71990231"", ""100087840"", ""145007084""]"
none_subset,4,145393950,125541158,64,1305,0,0,0,0,0,0,"[""46094230"", ""80098795"", ""186122058"", ""214208964"", ""160008395"", ""155183786"", ""75760627"", ""62313025"", ""80281524"", ""75327381""]"
none_subset,4,194603701,164074443,43,2612,0,0,0,0,0,0,"[""191072085"", ""204268653"", ""190480160"", ""143996100"", ""113200738"", ""183716498"", ""116750362"", ""184136574"", ""168943005"", ""136188138""]"
none_subset,4,135137342,61171387,62,12,0,0,0,0,1,1,"[""150920608"", ""96438960"", ""179123782"", ""155253745"", ""60969101"", ""51047378"", ""196372563"", ""134618566"", ""74290204"", ""151606693""]"
none_subset,4,205922590,191564735,4,86,0,0,0,0,0,0,"[""185967985"", ""115483149"", ""186775950"", ""77929117"", ""171876720"", ""181288745"", ""141989738"", ""171447530"", ""112134542"", ""158581056""]"
none_subset,4,69176883,69796700,4,12,0,0,0,0,1,1,"[""181646106"", ""200439718"", ""168012970"", ""17083624"", ""206289183"", ""197475541"", ""205789625"", ""200691824"", ""203537664"", ""210643102""]"
none_subset,4,199757507,173646354,46,1140,0,0,0,0,0,0,"[""205235605"", ""205297053"", ""213127076"", ""215002844"", ""204377263"", ""208712486"", ""212306388"", ""165798625"", ""211540948"", ""215292694""]"
none_subset,4,212099690,190540665,37,38,0,0,0,0,0,1,"[""119227333"", ""88534873"", ""116240817"", ""157628611"", ""196563012"", ""151964729"", ""42842956"", ""178992708"", ""182254392"", ""183978577""]"
none_subset,4,211019075,189967410,37,367,0,0,0,0,0,0,"[""181408383"", ""191538851"", ""209855515"", ""196563012"", ""202030579"", ""211802210"", ""195296935"", ""186811713"", ""187719393"", ""199287233""]"
none_subset,4,219975561,203817887,46,531,0,0,0,0,0,0,"[""202822668"", ""171846733"", ""194132989"", ""213377993"", ""204314440"", ""186078356"", ""210724130"", ""204823121"", ""153459843"", ""172250706""]"
none_subset,4,123402692,108294591,64,514,0,0,0,0,0,0,"[""181619566"", ""146464930"", ""101169098"", ""179015555"", ""16060214"", ""157803989"", ""164929670"", ""97650176"", ""134091385"", ""56995363""]"
none_subset,4,198083039,151498509,38,6,0,0,0,1,1,1,"[""200673130"", ""61415611"", ""209121892"", ""207314698"", ""118583542"", ""151498509"", ""129585105"", ""190981092"", ""130325190"", ""77152212""]"
none_subset,4,214611919,195148065,57,2209,0,0,0,0,0,0,"[""209942989"", ""141122844"", ""200193952"", ""175877174"", ""195907765"", ""179079527"", ""145955425"", ""180302528"", ""109311521"", ""180448567""]"
none_subset,4,220092492,206938315,46,933,0,0,0,0,0,0,"[""209744189"", ""213559285"", ""174837469"", ""177432966"", ""201332278"", ""190450261"", ""211441287"", ""206220197"", ""99983742"", ""206935328""]"
none_subset,4,138853852,77040385,64,470,0,0,0,0,0,0,"[""136552233"", ""179440048"", ""153594881"", ""180165679"", ""211228726"", ""200969900"", ""187276264"", ""105144259"", ""192891016"", ""176569937""]"
none_subset,4,221257783,102422840,38,1329,0,0,0,0,0,0,"[""134861718"", ""74328058"", ""145712328"", ""112613741"", ""199347203"", ""151931969"", ""116918686"", ""177589338"", ""131972279"", ""186449527""]"
none_subset,4,176907998,108104818,43,446,0,0,0,0,0,0,"[""83385070"", ""76024222"", ""118869220"", ""75839769"", ""178871976"", ""115857968"", ""104255136"", ""157711341"", ""75960684"", ""204821849""]"
none_subset,4,224931381,196746909,43,1675,0,0,0,0,0,0,"[""162605137"", ""84074518"", ""154390259"", ""183716498"", ""195866072"", ""192651386"", ""210273616"", ""190069327"", ""207051663"", ""156395019""]"
none_subset,4,136719291,117265279,37,453,0,0,0,0,0,0,"[""92247640"", ""172603509"", ""89464961"", ""51138626"", ""96028215"", ""139391729"", ""10976521"", ""114171070"", ""119357902"", ""213471023""]"
none_subset,4,223055449,208225541,38,74,0,0,0,0,0,0,"[""188544896"", ""184519031"", ""64528586"", ""124441124"", ""132671829"", ""208395385"", ""204880845"", ""180784190"", ""159911050"", ""181358523""]"
none_subset,4,16895311,15445184,46,11,0,0,0,0,1,1,"[""209744189"", ""174837469"", ""184646371"", ""194951479"", ""213559285"", ""7231598"", ""197415730"", ""177432966"", ""201332278"", ""206220197""]"
none_subset,4,224021715,168493218,57,1170,0,0,0,0,0,0,"[""98039533"", ""141989435"", ""110109390"", ""169225136"", ""121902729"", ""170453821"", ""139945593"", ""82173388"", ""73841445"", ""205019471""]"
none_subset,4,124640008,98638263,43,369,0,0,0,0,0,0,"[""194880726"", ""164268294"", ""193746203"", ""155909920"", ""183640029"", ""197429046"", ""139391726"", ""212781685"", ""108684069"", ""204821849""]"
none_subset,4,219249665,165902956,64,68,0,0,0,0,0,0,"[""207446541"", ""123687478"", ""19607163"", ""187716249"", ""152368817"", ""167354299"", ""55563124"", ""30343221"", ""174183108"", ""211103357""]"
none_subset,4,171424229,144131536,46,683,0,0,0,0,0,0,"[""110670404"", ""207833370"", ""174515021"", ""157057084"", ""184445663"", ""173646354"", ""141613878"", ""121735540"", ""55986445"", ""145210755""]"
none_subset,4,217127611,198819588,43,60,0,0,0,0,0,0,"[""213429712"", ""211382244"", ""197514276"", ""143786573"", ""109124875"", ""144433706"", ""154081542"", ""94814195"", ""214379964"", ""154011793""]"
none_subset,4,165813773,146365324,64,104,0,0,0,0,0,0,"[""185413694"", ""155708697"", ""210923456"", ""131569653"", ""213253358"", ""75900945"", ""83781866"", ""162587856"", ""212485762"", ""205920501""]"
none_subset,4,200042536,172870419,4,49,0,0,0,0,0,1,"[""106956251"", ""141337241"", ""205510063"", ""213677286"", ""130751930"", ""169841826"", ""133410542"", ""197680529"", ""131936243"", ""143683664""]"
none_subset,4,197097038,158261628,4,136,0,0,0,0,0,0,"[""36482821"", ""105063903"", ""161593927"", ""207566657"", ""193746035"", ""56998165"", ""206800954"", ""196185031"", ""50763233"", ""191815855""]"
none_subset,4,216778873,183915016,38,939,0,0,0,0,0,0,"[""196742641"", ""209590588"", ""194797914"", ""209178832"", ""136204876"", ""169790696"", ""104610572"", ""169136130"", ""193591162"", ""149732635""]"
none_subset,4,218953973,203666766,37,1216,0,0,0,0,0,0,"[""104577943"", ""208935536"", ""209794141"", ""195462928"", ""190695285"", ""188083340"", ""159129159"", ""212381569"", ""202390862"", ""206636427""]"
none_subset,4,206688771,182583580,43,69,0,0,0,0,0,0,"[""184091403"", ""201671217"", ""186350594"", ""137241438"", ""213483404"", ""143795279"", ""185851616"", ""189297376"", ""210822887"", ""188582346""]"
none_subset,4,204369196,154791746,43,26,0,0,0,0,1,1,"[""158885545"", ""186702404"", ""189625872"", ""91544773"", ""128249636"", ""101762103"", ""136512962"", ""181265072"", ""108362017"", ""167246303""]"
none_subset,4,129079358,113744993,64,227,0,0,0,0,0,0,"[""210720310"", ""130875563"", ""63897092"", ""181162172"", ""169622540"", ""211475437"", ""113587141"", ""60291031"", ""29624756"", ""56593545""]"
none_subset,4,195208231,121864251,43,4,0,0,1,1,1,1,"[""75083855"", ""113309612"", ""134678718"", ""121864251"", ""75802625"", ""213210833"", ""194500859"", ""126470047"", ""178363726"", ""70425482""]"
none_subset,4,58269182,46694167,37,255,0,0,0,0,0,0,"[""150433252"", ""200686928"", ""200733855"", ""151601836"", ""159931625"", ""121097766"", ""142990642"", ""212047029"", ""170049514"", ""160156715""]"
none_subset,4,221615782,140437226,46,252,0,0,0,0,0,0,"[""102764457"", ""202547061"", ""79804197"", ""194138608"", ""171578170"", ""116109332"", ""211871274"", ""87562356"", ""105064165"", ""190907433""]"
none_subset,4,184464529,156023834,38,1011,0,0,0,0,0,0,"[""161002473"", ""125496594"", ""147345313"", ""149982401"", ""100946794"", ""147335135"", ""85120764"", ""81626812"", ""192315877"", ""186173164""]"
none_subset,4,109798719,99109493,4,67,0,0,0,0,0,0,"[""149599673"", ""149095048"", ""184587206"", ""148281605"", ""156103241"", ""114164900"", ""174692074"", ""150252011"", ""86878993"", ""116057633""]"
none_subset,4,223348848,206905678,46,368,0,0,0,0,0,0,"[""176834459"", ""171907300"", ""164912617"", ""172509742"", ""31288854"", ""114442083"", ""50541291"", ""78490755"", ""141682649"", ""82252188""]"
none_subset,4,210749575,189374784,64,258,0,0,0,0,0,0,"[""211115970"", ""183013744"", ""121255930"", ""194200854"", ""66459509"", ""191054297"", ""174009353"", ""199186089"", ""183765574"", ""87718318""]"
none_subset,4,65200525,70921117,4,54,0,0,0,0,0,0,"[""172890535"", ""149095048"", ""151009561"", ""54212504"", ""63004444"", ""156103241"", ""194446742"", ""143929940"", ""144373105"", ""158175855""]"
none_subset,4,225318762,211306464,64,2411,0,0,0,0,0,0,"[""165423791"", ""199685872"", ""195252134"", ""195080854"", ""201892870"", ""193870914"", ""186761660"", ""209176271"", ""195738495"", ""185442287""]"
none_subset,4,183310877,144208600,46,195,0,0,0,0,0,0,"[""136576031"", ""132957109"", ""83646259"", ""77329979"", ""130881127"", ""109811257"", ""131820664"", ""166648954"", ""103008825"", ""202089453""]"
none_subset,4,201356709,145440025,64,72,0,0,0,0,0,0,"[""121019691"", ""203804179"", ""196368309"", ""154255624"", ""184254034"", ""169338112"", ""139802525"", ""151868353"", ""199819866"", ""212480285""]"
none_subset,4,176378686,134848823,46,30,0,0,0,0,1,1,"[""157471709"", ""133674182"", ""129089284"", ""64234906"", ""52439531"", ""178111525"", ""132605956"", ""139649558"", ""68978046"", ""209163866""]"
none_subset,4,222940894,209989262,57,126,0,0,0,0,0,0,"[""167879790"", ""195891035"", ""189762370"", ""212867260"", ""209958566"", ""196086555"", ""113047535"", ""195891127"", ""122286186"", ""215562071""]"
none_subset,4,88533605,83379850,4,189,0,0,0,0,0,0,"[""164194074"", ""213281189"", ""213683350"", ""167564443"", ""138056332"", ""139110120"", ""134362005"", ""167351572"", ""139920243"", ""80946678""]"
none_subset,4,220934101,193423957,46,296,0,0,0,0,0,0,"[""193206170"", ""174586724"", ""204980714"", ""200169558"", ""167786912"", ""167900654"", ""191200569"", ""184612826"", ""167383627"", ""178779098""]"
none_subset,4,224885410,214210070,64,961,0,0,0,0,0,0,"[""191614451"", ""209149604"", ""173458489"", ""96320844"", ""160686884"", ""127196288"", ""202527449"", ""88397191"", ""201578875"", ""69248477""]"
none_subset,4,159315367,132450430,38,275,0,0,0,0,0,0,"[""200560256"", ""202371962"", ""195980472"", ""213422465"", ""174192462"", ""165157656"", ""171461647"", ""173474790"", ""110414927"", ""210816014""]"
none_subset,4,210632346,189168111,43,67,0,0,0,0,0,0,"[""127006553"", ""201852288"", ""214991554"", ""65148519"", ""206290556"", ""182583580"", ""165689945"", ""183765224"", ""119064343"", ""202367676""]"
none_subset,4,222206783,190313329,57,242,0,0,0,0,0,0,"[""210498921"", ""208742570"", ""207373637"", ""208607384"", ""209173908"", ""209465166"", ""209942989"", ""187760067"", ""191511773"", ""192913890""]"
none_subset,4,210714977,103646076,37,1418,0,0,0,0,0,0,"[""176184502"", ""163644147"", ""146818815"", ""166075041"", ""115896062"", ""157022245"", ""103057199"", ""153205116"", ""190228718"", ""149631379""]"
none_subset,4,188824063,150442809,64,957,0,0,0,0,0,0,"[""150944561"", ""145779083"", ""117481999"", ""154682545"", ""105267083"", ""200432002"", ""187363669"", ""181079853"", ""160686884"", ""132803751""]"
none_subset,4,223702130,213054200,64,480,0,0,0,0,0,0,"[""192779268"", ""200026497"", ""196286726"", ""183765574"", ""174719538"", ""147671714"", ""14286061"", ""14352417"", ""192179303"", ""67029925""]"
none_subset,4,215742496,197844035,37,62,0,0,0,0,0,0,"[""181408383"", ""191538851"", ""187719393"", ""209855515"", ""199287233"", ""100843460"", ""202030579"", ""208532302"", ""196563012"", ""213637743""]"
none_subset,4,209844304,183939554,46,1279,0,0,0,0,0,0,"[""212905783"", ""81506359"", ""132671791"", ""206905678"", ""172681042"", ""172696525"", ""138718760"", ""74936221"", ""125568463"", ""163043438""]"
none_subset,4,216185310,51303658,57,285,0,0,0,0,0,0,"[""98039533"", ""134702798"", ""158555938"", ""141989435"", ""161475669"", ""153367965"", ""169225136"", ""202223595"", ""110109390"", ""134701518""]"
none_subset,4,208473328,152102790,37,413,0,0,0,0,0,0,"[""169799265"", ""150316929"", ""142113211"", ""188646002"", ""211515544"", ""164126632"", ""143065905"", ""189695417"", ""204420256"", ""177317879""]"
none_subset,4,207495470,155647098,57,560,0,0,0,0,0,0,"[""122408162"", ""103801352"", ""151450966"", ""207589156"", ""121588049"", ""125339147"", ""181594395"", ""15301011"", ""194409455"", ""85942447""]"
none_subset,4,205232685,129483238,43,2,0,1,1,1,1,1,"[""105076717"", ""129483238"", ""186606199"", ""118470473"", ""202468279"", ""164582063"", ""72421330"", ""200535404"", ""178363726"", ""153586175""]"
none_subset,4,182353397,155017018,46,34,0,0,0,0,0,1,"[""139649558"", ""156554598"", ""197454401"", ""205030690"", ""213672603"", ""105064166"", ""193559506"", ""110268464"", ""214464211"", ""200400926""]"
none_subset,4,70030827,70970519,37,2564,0,0,0,0,0,0,"[""51981897"", ""152140191"", ""21423746"", ""151437967"", ""192597928"", ""214702437"", ""102688777"", ""151941209"", ""100563053"", ""99494874""]"
none_subset,4,210025236,188021776,4,33,0,0,0,0,0,1,"[""162058011"", ""200963901"", ""192331154"", ""204482650"", ""159111889"", ""201461303"", ""156855089"", ""199780246"", ""201765058"", ""206940426""]"
none_subset,4,216985572,200413923,4,1139,0,0,0,0,0,0,"[""165897952"", ""54000205"", ""53541477"", ""146976388"", ""193007590"", ""165023261"", ""154474714"", ""202002064"", ""48830519"", ""164130570""]"
none_subset,4,204910325,175836915,43,1715,0,0,0,0,0,0,"[""146783647"", ""157129302"", ""170809158"", ""178271380"", ""171948652"", ""189374146"", ""193992249"", ""192944095"", ""125908093"", ""185121060""]"
none_subset,4,164432507,140756132,4,1267,0,0,0,0,0,0,"[""163340296"", ""185880119"", ""180843726"", ""191209763"", ""160037231"", ""210484477"", ""168819498"", ""156979281"", ""155621797"", ""213127345""]"
none_subset,4,222268445,196324749,4,303,0,0,0,0,0,0,"[""16813724"", ""148086167"", ""205390513"", ""181915374"", ""185515008"", ""186370381"", ""177913898"", ""39175557"", ""209243592"", ""163772112""]"
none_subset,4,193224830,160586788,62,8,0,0,0,1,1,1,"[""169027396"", ""200271479"", ""167732430"", ""190955120"", ""73411331"", ""167656283"", ""61834333"", ""160586788"", ""201461957"", ""133699198""]"
none_subset,4,224218006,188646002,37,227,0,0,0,0,0,0,"[""127482058"", ""142288515"", ""205365116"", ""183268600"", ""148500212"", ""125867554"", ""124237457"", ""168569670"", ""139927209"", ""202170903""]"
none_subset,4,23506643,21760251,4,908,0,0,0,0,0,0,"[""72626014"", ""207143420"", ""213127345"", ""154267881"", ""133070539"", ""210643102"", ""190480175"", ""189202376"", ""180843726"", ""196161368""]"
none_subset,4,224398136,187714756,46,1423,0,0,0,0,0,0,"[""114654675"", ""205037505"", ""207380544"", ""206843208"", ""104767223"", ""109762523"", ""148554569"", ""153105815"", ""159536710"", ""121183627""]"
none_subset,4,216056265,171166574,38,11,0,0,0,0,1,1,"[""89552272"", ""198984787"", ""98186259"", ""203692617"", ""58573176"", ""168060673"", ""121483840"", ""76978137"", ""194014911"", ""111431777""]"
none_subset,4,206987839,182903930,4,41,0,0,0,0,0,1,"[""195480266"", ""206281257"", ""63712816"", ""177558432"", ""167937435"", ""214341619"", ""200243377"", ""210361777"", ""181079699"", ""212129395""]"
none_subset,4,145812135,7945877,43,716,0,0,0,0,0,0,"[""116652853"", ""58467420"", ""113535350"", ""157700498"", ""62551746"", ""167483448"", ""107227181"", ""204207508"", ""86505092"", ""157989085""]"
none_subset,4,223553977,211083413,46,138,0,0,0,0,0,0,"[""53547017"", ""106146754"", ""138809171"", ""141003470"", ""170235414"", ""138570829"", ""208171217"", ""172482275"", ""137561394"", ""146845946""]"
none_subset,4,219201325,204860223,37,18,0,0,0,0,1,1,"[""206587185"", ""188912090"", ""187324915"", ""168115320"", ""187502080"", ""192456013"", ""189202972"", ""191259466"", ""201649016"", ""183094359""]"
none_subset,4,172611375,138324707,4,78,0,0,0,0,0,0,"[""100007550"", ""156087328"", ""210926865"", ""94286928"", ""142766143"", ""154039318"", ""133977293"", ""190340453"", ""113622434"", ""126889201""]"
none_subset,4,64702019,66613547,62,1128,0,0,0,0,0,0,"[""93457918"", ""209579537"", ""125457528"", ""199182211"", ""168748685"", ""61035715"", ""132102628"", ""19018996"", ""170246818"", ""168270119""]"
none_subset,4,215237282,187005682,62,5,0,0,1,1,1,1,"[""146789147"", ""115226483"", ""15942056"", ""156503039"", ""187005682"", ""167750528"", ""83719006"", ""99412501"", ""162672578"", ""136225463""]"
none_subset,4,215263347,127485588,46,413,0,0,0,0,0,0,"[""160764333"", ""138623154"", ""134902485"", ""169081503"", ""188974662"", ""152716158"", ""214293298"", ""203161766"", ""195201064"", ""37708588""]"
none_subset,4,212297360,188733787,43,249,0,0,0,0,0,0,"[""163900593"", ""197891724"", ""85892413"", ""198296892"", ""183279101"", ""118969385"", ""63371049"", ""173981660"", ""179105716"", ""142567313""]"
none_subset,4,128704422,108044927,57,617,0,0,0,0,0,0,"[""82248629"", ""171021122"", ""196654350"", ""136092466"", ""202526079"", ""118260233"", ""207299521"", ""79470201"", ""208717293"", ""135872349""]"
none_subset,4,172799934,145955425,57,208,0,0,0,0,0,0,"[""117927111"", ""211114221"", ""201814707"", ""172994991"", ""108989200"", ""189624094"", ""189411035"", ""211902767"", ""179666076"", ""148395645""]"
none_subset,4,184395268,153686086,38,671,0,0,0,0,0,0,"[""161128754"", ""194792551"", ""180386955"", ""179081123"", ""204880845"", ""124750735"", ""188544896"", ""96678496"", ""84269497"", ""159911050""]"
none_subset,4,206664220,166795160,57,2282,0,0,0,0,0,0,"[""208904124"", ""204675376"", ""139482893"", ""173797071"", ""127410554"", ""153321595"", ""200009792"", ""202059060"", ""122877346"", ""163748731""]"
none_subset,4,215184570,142502113,43,363,0,0,0,0,0,0,"[""26288526"", ""167164193"", ""139853041"", ""199553574"", ""192247862"", ""164354706"", ""130448492"", ""176670642"", ""68189198"", ""175879766""]"
none_subset,4,214770999,191097659,37,354,0,0,0,0,0,0,"[""122241592"", ""148230413"", ""204420256"", ""188876971"", ""136896781"", ""138633431"", ""196225304"", ""201003118"", ""188877213"", ""114167582""]"
none_subset,4,223962647,212423754,43,163,0,0,0,0,0,0,"[""179054743"", ""139778348"", ""76380885"", ""166329703"", ""90011446"", ""109286694"", ""145947056"", ""133220748"", ""190193667"", ""114685239""]"
none_subset,4,222059057,210299128,64,84,0,0,0,0,0,0,"[""113587141"", ""60291031"", ""63897092"", ""163787427"", ""202712497"", ""210923456"", ""67164744"", ""164719263"", ""130875563"", ""140855645""]"
none_subset,4,210362338,187442156,43,144,0,0,0,0,0,0,"[""164354706"", ""192576430"", ""150459085"", ""67208060"", ""179312045"", ""186513838"", ""160065339"", ""93370896"", ""193444926"", ""118390825""]"
none_subset,4,198033903,169968522,62,1165,0,0,0,0,0,0,"[""55538884"", ""194230601"", ""153432818"", ""161635823"", ""136057001"", ""149622084"", ""82622035"", ""75620135"", ""189473848"", ""192607518""]"
none_subset,4,198278659,161464530,64,648,0,0,0,0,0,0,"[""170757529"", ""8325679"", ""193134463"", ""212371417"", ""52198318"", ""199685872"", ""155335431"", ""183334464"", ""203593619"", ""103562123""]"
none_subset,4,164817254,139849759,4,323,0,0,0,0,0,0,"[""58216709"", ""96998136"", ""193928045"", ""202598239"", ""169023851"", ""178871266"", ""172884595"", ""195744792"", ""173008557"", ""198909677""]"
none_subset,4,85489405,81233351,64,254,0,0,0,0,0,0,"[""65008714"", ""76747946"", ""193944748"", ""214169517"", ""208376832"", ""214515601"", ""73065988"", ""164732342"", ""195558974"", ""177539508""]"
none_subset,4,222151841,210480490,37,40,0,0,0,0,0,1,"[""146527115"", ""141241455"", ""194958352"", ""195113899"", ""157806065"", ""69814974"", ""181408383"", ""56675511"", ""213471023"", ""194706972""]"
none_subset,4,218452915,202712497,64,384,0,0,0,0,0,0,"[""207446541"", ""184410319"", ""174183108"", ""167354299"", ""103416735"", ""179015555"", ""67144823"", ""200859322"", ""131569653"", ""143450620""]"
none_subset,4,222844357,194951054,57,1400,0,0,0,0,0,0,"[""211144254"", ""211933589"", ""207272212"", ""170873799"", ""143823421"", ""206792330"", ""192532677"", ""188684328"", ""211639976"", ""213284456""]"
none_subset,4,222844359,206895628,37,522,0,0,0,0,0,0,"[""136574012"", ""174852305"", ""152342510"", ""204144823"", ""159816408"", ""160476275"", ""113225323"", ""207846338"", ""161417702"", ""144899760""]"
none_subset,4,222405069,139302940,43,421,0,0,0,0,0,0,"[""210940174"", ""75462011"", ""200715227"", ""103045536"", ""121507083"", ""164074443"", ""118255723"", ""184705867"", ""33852949"", ""193313194""]"
none_subset,4,212802909,192392140,64,282,0,0,0,0,0,0,"[""113436023"", ""145311547"", ""101574803"", ""209791442"", ""193870914"", ""122395189"", ""76676235"", ""170912580"", ""129130295"", ""131561726""]"
none_subset,4,165227043,95406694,38,3,0,1,1,1,1,1,"[""107235965"", ""206303400"", ""95406694"", ""58199619"", ""123502593"", ""180784190"", ""100758724"", ""105651656"", ""121756181"", ""100503292""]"
none_subset,4,223226814,22684085,64,1206,0,0,0,0,0,0,"[""154414779"", ""181162172"", ""169622540"", ""199462684"", ""173492513"", ""200016831"", ""122369604"", ""139747313"", ""200451748"", ""169253567""]"
none_subset,4,133071331,116922022,38,464,0,0,0,0,0,0,"[""14434511"", ""31197704"", ""108033709"", ""161128754"", ""180023471"", ""159835737"", ""206517908"", ""211269026"", ""92430066"", ""114004576""]"
none_subset,4,189952562,162391837,37,15,0,0,0,0,1,1,"[""187502080"", ""123163900"", ""131172661"", ""210053178"", ""75362158"", ""99494874"", ""210226726"", ""210502009"", ""134610044"", ""148067653""]"
none_subset,4,184595672,154888352,37,122,0,0,0,0,0,0,"[""164415171"", ""190113798"", ""186429778"", ""147751334"", ""200379642"", ""189275863"", ""128025445"", ""114167582"", ""137589893"", ""150707511""]"
none_subset,4,202354730,177124581,37,385,0,0,0,0,0,0,"[""209172335"", ""184297463"", ""173981806"", ""193680819"", ""187324915"", ""204077513"", ""195744990"", ""33563950"", ""173966675"", ""206298198""]"
none_subset,4,15900255,13589626,38,1019,0,0,0,0,0,0,"[""37709032"", ""200830087"", ""55870666"", ""14434511"", ""148700903"", ""123821164"", ""110664117"", ""199367174"", ""18107447"", ""195377514""]"
none_subset,4,218004661,202749231,62,9,0,0,0,1,1,1,"[""213066001"", ""211808810"", ""205736250"", ""191653901"", ""156885677"", ""180324136"", ""210489322"", ""209144744"", ""202749231"", ""156503039""]"
none_subset,4,224061146,179319840,37,1921,0,0,0,0,0,0,"[""21114364"", ""8855059"", ""16408764"", ""144351805"", ""188967908"", ""5322119"", ""155681803"", ""14688074"", ""24464195"", ""145358205""]"
none_subset,4,195311808,159203778,46,228,0,0,0,0,0,0,"[""74767597"", ""213237768"", ""174586724"", ""16339902"", ""177591787"", ""147425773"", ""167383627"", ""156489567"", ""191552921"", ""200400926""]"
none_subset,4,218739786,173622538,64,23,0,0,0,0,1,1,"[""183737495"", ""127444518"", ""194031832"", ""195252134"", ""112432197"", ""199685872"", ""146928282"", ""195080854"", ""149622839"", ""201926731""]"
none_subset,4,203549050,175661430,46,27,0,0,0,0,1,1,"[""209924155"", ""194132989"", ""186078356"", ""214520103"", ""173365679"", ""209764015"", ""213129976"", ""141781507"", ""184636221"", ""200555275""]"
none_subset,4,193647253,166289001,64,210,0,0,0,0,0,0,"[""121260031"", ""145311547"", ""150385215"", ""156673972"", ""101323481"", ""113312339"", ""151134804"", ""120966979"", ""209368038"", ""212572450""]"
none_subset,4,195734140,121706760,64,12,0,0,0,0,1,1,"[""179767835"", ""107753045"", ""168192238"", ""160686884"", ""137448907"", ""105854962"", ""141733590"", ""98518695"", ""128085943"", ""208628985""]"
none_subset,4,205647203,181206759,4,159,0,0,0,0,0,0,"[""205789625"", ""191889856"", ""20719982"", ""123481544"", ""169388531"", ""207022871"", ""88781085"", ""55380045"", ""142657666"", ""166929709""]"
none_subset,4,209177663,184196068,37,917,0,0,0,0,0,0,"[""99222832"", ""109845272"", ""199866100"", ""188083340"", ""202390862"", ""191097659"", ""209030923"", ""150426765"", ""149248013"", ""133924998""]"
none_subset,4,113428442,102099500,37,80,0,0,0,0,0,0,"[""16898206"", ""199385964"", ""167166017"", ""141382831"", ""186593902"", ""184920959"", ""209794141"", ""205328844"", ""96678439"", ""147794006""]"
none_subset,4,224930658,167116086,46,91,0,0,0,0,0,0,"[""111095231"", ""150142821"", ""191705183"", ""139504923"", ""70517064"", ""208035235"", ""99309357"", ""201966464"", ""153408319"", ""113503537""]"
none_subset,4,180106194,148861478,38,2928,0,0,0,0,0,0,"[""194567057"", ""166302090"", ""138015580"", ""155788187"", ""136198130"", ""212801979"", ""84270721"", ""153285645"", ""173618946"", ""169336593""]"
none_subset,4,145366343,121013474,43,2537,0,0,0,0,0,0,"[""202516482"", ""163402666"", ""160802034"", ""160295191"", ""163286400"", ""127635452"", ""104255136"", ""178871976"", ""146898856"", ""176722009""]"
none_subset,4,179017277,144305873,64,1859,0,0,0,0,0,0,"[""32245008"", ""202708847"", ""188599489"", ""96431966"", ""63861102"", ""80281524"", ""20148877"", ""58475692"", ""12228373"", ""190240397""]"
none_subset,4,208003567,155951189,43,5,0,0,1,1,1,1,"[""200905407"", ""204045985"", ""195659383"", ""183407909"", ""155951189"", ""197902347"", ""187566736"", ""198600357"", ""207656544"", ""204176913""]"
none_subset,4,218058960,202778075,37,347,0,0,0,0,0,0,"[""181408383"", ""57914905"", ""202325397"", ""194731784"", ""201740861"", ""209551298"", ""207544886"", ""213471023"", ""191241938"", ""146527115""]"
none_subset,4,71659685,73410413,62,39,0,0,0,0,0,1,"[""62333104"", ""64334636"", ""194327884"", ""30363312"", ""161652558"", ""185405124"", ""118353922"", ""192522899"", ""124563214"", ""74290204""]"
none_subset,4,193323565,161573660,64,1805,0,0,0,0,0,0,"[""105144259"", ""210444502"", ""185454425"", ""112345894"", ""152603802"", ""183047062"", ""144073843"", ""112056185"", ""126110968"", ""83485262""]"
none_subset,4,154348207,123825839,57,146,0,0,0,0,0,0,"[""17116273"", ""87360821"", ""81446713"", ""132304565"", ""105197367"", ""140724590"", ""200892019"", ""141157162"", ""157581181"", ""198478973""]"
none_subset,4,214551350,181553937,4,50,0,0,0,0,0,1,"[""189945818"", ""181690465"", ""123481544"", ""93013033"", ""197382040"", ""173611156"", ""195538864"", ""124951123"", ""142657666"", ""176720818""]"
none_subset,4,191446814,160553641,37,961,0,0,0,0,0,0,"[""190646486"", ""174852305"", ""174690214"", ""113225323"", ""212776036"", ""176300467"", ""157158070"", ""113068731"", ""182207000"", ""151207249""]"
none_subset,4,225161820,202394756,43,347,0,0,0,0,0,0,"[""201192710"", ""113309612"", ""188398971"", ""6516822"", ""162124393"", ""50642607"", ""118255723"", ""134678718"", ""181162961"", ""137286819""]"
none_subset,4,206083414,164648915,4,113,0,0,0,0,0,0,"[""123481544"", ""189945818"", ""55380045"", ""176720818"", ""197475541"", ""20719982"", ""205789625"", ""88781085"", ""169388531"", ""177949545""]"
none_subset,4,200716470,172461894,46,489,0,0,0,0,0,0,"[""77257734"", ""61233280"", ""212208758"", ""207308677"", ""141682649"", ""81754384"", ""205769669"", ""87748960"", ""121587868"", ""167776566""]"
none_subset,4,193219579,161417907,4,247,0,0,0,0,0,0,"[""86878993"", ""150252011"", ""146345148"", ""156382700"", ""196352343"", ""149599673"", ""142506151"", ""116057633"", ""159922963"", ""119106930""]"
none_subset,4,220471446,191884089,57,1699,0,0,0,0,0,0,"[""114756058"", ""83357296"", ""191244076"", ""103853253"", ""204015126"", ""207173802"", ""138875951"", ""145912634"", ""116672568"", ""77481636""]"
none_subset,4,176050835,76371718,57,1765,0,0,0,0,0,0,"[""211940844"", ""209603073"", ""141089456"", ""183982826"", ""208595279"", ""196946701"", ""201949837"", ""157221850"", ""77758551"", ""185584299""]"
none_subset,4,195995650,144433706,43,125,0,0,0,0,0,0,"[""157809653"", ""136188138"", ""85646132"", ""197429046"", ""171798974"", ""154390259"", ""192651386"", ""183716498"", ""176475069"", ""145698725""]"
none_subset,4,164892127,56920439,46,9,0,0,0,1,1,1,"[""210829117"", ""107277769"", ""53826389"", ""142436010"", ""109281699"", ""61233280"", ""108645014"", ""209924661"", ""56920439"", ""142626177""]"
none_subset,4,175210528,143843798,62,72,0,0,0,0,0,0,"[""180324136"", ""156885677"", ""134905481"", ""129445274"", ""195935444"", ""32728587"", ""130642042"", ""176645947"", ""20451062"", ""193241960""]"
none_subset,4,173173417,105144259,64,1,1,1,1,1,1,1,"[""105144259"", ""155021743"", ""210444502"", ""112345894"", ""136552233"", ""83485262"", ""67792301"", ""106833257"", ""190240397"", ""152603802""]"
none_subset,4,67356369,70700474,38,2020,0,0,0,0,0,0,"[""114055239"", ""117957932"", ""112389064"", ""108421334"", ""170281060"", ""37809434"", ""92914026"", ""126816860"", ""155814671"", ""153394371""]"
none_subset,4,213950863,194734151,4,16,0,0,0,0,1,1,"[""119644839"", ""122564854"", ""214521847"", ""153939423"", ""20198247"", ""213679625"", ""133639093"", ""122965096"", ""99699218"", ""194814735""]"
none_subset,4,210440719,183268600,37,108,0,0,0,0,0,0,"[""153610553"", ""128177539"", ""214037923"", ""110465452"", ""107567745"", ""154028714"", ""157140706"", ""138625062"", ""167076559"", ""190419656""]"
none_subset,4,209764098,187230625,4,1101,0,0,0,0,0,0,"[""180843726"", ""72626014"", ""196161368"", ""133070539"", ""213979278"", ""213127345"", ""27693819"", ""146961197"", ""154267881"", ""65093674""]"
none_subset,4,200550901,153434885,64,85,0,0,0,0,0,0,"[""59824769"", ""153533707"", ""212528042"", ""212170326"", ""119651772"", ""180661165"", ""210666920"", ""31566174"", ""201814913"", ""153266976""]"
none_subset,4,200049166,158107027,43,110,0,0,0,0,0,0,"[""157655830"", ""173923821"", ""68949275"", ""205822080"", ""202468279"", ""162160284"", ""200167896"", ""177635781"", ""201230840"", ""191235079""]"
none_subset,4,211103855,188323012,4,102,0,0,0,0,0,0,"[""191564735"", ""181288745"", ""119913706"", ""174865960"", ""149490941"", ""209018186"", ""206407599"", ""164270841"", ""172943291"", ""193746035""]"
none_subset,4,221521390,209286799,37,29,0,0,0,0,1,1,"[""199340755"", ""197844035"", ""190070434"", ""213318077"", ""188192294"", ""209161669"", ""191538851"", ""207544886"", ""195744990"", ""183693328""]"
none_subset,4,48110954,30916684,46,350,0,0,0,0,0,0,"[""114654675"", ""167353978"", ""107095516"", ""94769507"", ""157916182"", ""92258718"", ""205657343"", ""109762523"", ""201405465"", ""207380544""]"
none_subset,4,196614011,169468665,4,1274,0,0,0,0,0,0,"[""138104761"", ""211858811"", ""211663742"", ""199896638"", ""108202978"", ""137001312"", ""138966111"", ""13469891"", ""110512138"", ""153162863""]"
none_subset,4,194727534,163163335,46,658,0,0,0,0,0,0,"[""134691092"", ""207470239"", ""130151286"", ""136064669"", ""203456171"", ""87925672"", ""99908438"", ""213196140"", ""82615761"", ""214043725""]"
none_subset,4,199355812,171218749,37,9,0,0,0,1,1,1,"[""141014415"", ""164221751"", ""185266696"", ""127604459"", ""194706972"", ""185411714"", ""140057420"", ""84041477"", ""171218749"", ""149828994""]"
none_subset,4,176053122,147223868,64,312,0,0,0,0,0,0,"[""112345894"", ""155021743"", ""152603802"", ""183047062"", ""67792301"", ""207152337"", ""105144259"", ""136552233"", ""189988059"", ""209711556""]"
none_subset,4,219126120,174852488,46,26,0,0,0,0,1,1,"[""208224187"", ""144431749"", ""150754478"", ""205395255"", ""205463159"", ""78566379"", ""210836917"", ""80538986"", ""138911204"", ""211047288""]"
none_subset,4,171617902,150919901,37,103,0,0,0,0,0,0,"[""182640683"", ""175852737"", ""210226726"", ""187502080"", ""157945105"", ""197728159"", ""208141913"", ""209286799"", ""213416559"", ""116930061""]"
none_subset,4,212109450,191710817,64,8,0,0,0,1,1,1,"[""99916433"", ""156476311"", ""181063353"", ""81240114"", ""72224328"", ""22329772"", ""172741180"", ""191710817"", ""85531879"", ""150123553""]"
none_subset,4,220650923,203685400,62,289,0,0,0,0,0,0,"[""184558097"", ""182181459"", ""53450931"", ""138706009"", ""207366525"", ""54982974"", ""175175649"", ""200037328"", ""164097792"", ""74330892""]"
none_subset,4,215776763,184075689,64,706,0,0,0,0,0,0,"[""114420335"", ""151134804"", ""146946453"", ""75760627"", ""131215451"", ""201421429"", ""186761660"", ""63404553"", ""198417754"", ""193870914""]"
none_subset,4,200887910,175026491,4,117,0,0,0,0,0,0,"[""168908364"", ""189899644"", ""181664054"", ""167852505"", ""183689008"", ""183741193"", ""188321672"", ""177558432"", ""212639315"", ""183552560""]"
none_subset,4,140609862,114371520,43,19,0,0,0,0,1,1,"[""125638272"", ""166793601"", ""164097777"", ""188032543"", ""195408710"", ""204449585"", ""57715433"", ""123511609"", ""187717589"", ""98569973""]"
none_subset,4,216324411,180225691,64,244,0,0,0,0,0,0,"[""183765574"", ""195544569"", ""66459509"", ""121255930"", ""518627"", ""95501095"", ""211873793"", ""14286061"", ""206705882"", ""113436023""]"
none_subset,4,185965825,143179563,37,1346,0,0,0,0,0,0,"[""187423310"", ""136371572"", ""119051792"", ""209172941"", ""182681465"", ""209045757"", ""190261540"", ""194957772"", ""148800689"", ""208532302""]"
none_subset,4,148156280,126190470,46,93,0,0,0,0,0,0,"[""195201064"", ""77308664"", ""127761298"", ""138809171"", ""106146754"", ""138617659"", ""135652658"", ""80195905"", ""78007217"", ""22408044""]"
none_subset,4,218825862,164502051,43,1,1,1,1,1,1,1,"[""164502051"", ""201910129"", ""193581474"", ""165627910"", ""165688631"", ""201905417"", ""136611640"", ""97259925"", ""88577920"", ""166317231""]"
none_subset,4,217537085,195917241,43,6,0,0,0,1,1,1,"[""195756368"", ""83550407"", ""201904386"", ""145996061"", ""199920218"", ""195917241"", ""181666985"", ""71806238"", ""182746332"", ""202632009""]"
none_subset,4,164792352,129112756,46,53,0,0,0,0,0,0,"[""169485140"", ""45375287"", ""161736013"", ""56232589"", ""130443128"", ""204939347"", ""204723094"", ""146811180"", ""109829293"", ""159286654""]"
none_subset,4,224885065,214553497,4,35,0,0,0,0,0,1,"[""179145991"", ""174535187"", ""99318165"", ""171159402"", ""151978785"", ""169556971"", ""173008557"", ""133632260"", ""215305148"", ""112930320""]"
none_subset,4,174460622,98844359,4,14,0,0,0,0,1,1,"[""157103009"", ""172642297"", ""115124238"", ""159676437"", ""164449645"", ""144264277"", ""128402566"", ""119898461"", ""192314331"", ""151053517""]"
none_subset,4,198689470,167904329,46,721,0,0,0,0,0,0,"[""109531052"", ""203281173"", ""107418978"", ""207429949"", ""179454167"", ""162319258"", ""82260371"", ""173480802"", ""159369178"", ""109632736""]"
none_subset,4,136619257,116919077,38,345,0,0,0,0,0,0,"[""160066097"", ""120604620"", ""8550716"", ""192721742"", ""177027866"", ""181227444"", ""52441610"", ""102778559"", ""5564013"", ""122407287""]"
none_subset,4,220911687,207511006,46,430,0,0,0,0,0,0,"[""110268464"", ""116035823"", ""194811856"", ""140007339"", ""53760527"", ""151344613"", ""160110731"", ""110900877"", ""132690796"", ""158054071""]"
none_subset,4,206215905,193971301,46,63,0,0,0,0,0,0,"[""209168311"", ""210667015"", ""79060647"", ""210373455"", ""140861260"", ""174074948"", ""104638861"", ""145266309"", ""211053674"", ""180426325""]"
none_subset,4,147835919,109553539,57,566,0,0,0,0,0,0,"[""213401068"", ""197740362"", ""190635064"", ""183255175"", ""82721637"", ""211785457"", ""144992451"", ""196325559"", ""207070552"", ""207769496""]"
none_subset,4,217014172,199183086,4,347,0,0,0,0,0,0,"[""205600080"", ""202571906"", ""185360306"", ""195830492"", ""191316160"", ""160129846"", ""151451581"", ""190789377"", ""215600148"", ""208780104""]"
none_subset,4,221604106,47210633,46,521,0,0,0,0,0,0,"[""213655844"", ""210836917"", ""208306039"", ""209744189"", ""208224187"", ""213513527"", ""172512012"", ""203164041"", ""206672410"", ""208247963""]"
none_subset,4,225307361,167076720,4,1741,0,0,0,0,0,0,"[""56134226"", ""44842674"", ""77968334"", ""194377968"", ""194338856"", ""183018658"", ""214045806"", ""65093674"", ""154928608"", ""99472535""]"
none_subset,4,175812917,143083752,4,2,0,1,1,1,1,1,"[""96998136"", ""143083752"", ""190789377"", ""121767732"", ""173008557"", ""195744792"", ""208901976"", ""183255480"", ""213461075"", ""198241765""]"
none_subset,4,114303774,103124712,64,557,0,0,0,0,0,0,"[""98469115"", ""73276751"", ""102619257"", ""195841911"", ""209149616"", ""126295674"", ""177968315"", ""136053941"", ""177500405"", ""200043378""]"
none_subset,4,202509146,169250822,4,402,0,0,0,0,0,0,"[""185524151"", ""213963033"", ""210709127"", ""169847533"", ""91314033"", ""212636144"", ""177128650"", ""215351522"", ""199379442"", ""201062581""]"
none_subset,4,224965621,153434097,57,56,0,0,0,0,0,0,"[""128787820"", ""206215452"", ""204973375"", ""170873799"", ""205338620"", ""173685075"", ""180300061"", ""207956408"", ""183982826"", ""188918663""]"
none_subset,4,204840247,176456204,4,1827,0,0,0,0,0,0,"[""203537664"", ""173611156"", ""105240256"", ""211027940"", ""199751511"", ""189945818"", ""146357422"", ""168012970"", ""189844318"", ""13245417""]"
none_subset,4,117933765,105129945,46,249,0,0,0,0,0,0,"[""211693984"", ""179691172"", ""193636178"", ""200738941"", ""201405341"", ""172684450"", ""205463159"", ""212241762"", ""201512197"", ""212909361""]"
none_subset,4,211029286,188032543,43,315,0,0,0,0,0,0,"[""158885545"", ""188607279"", ""156158793"", ""132745959"", ""127664189"", ""126121357"", ""171665125"", ""73371698"", ""142567313"", ""147576869""]"
none_subset,4,184332298,128148041,57,489,0,0,0,0,0,0,"[""138406659"", ""211640040"", ""131667486"", ""99228573"", ""211785457"", ""153865654"", ""200462582"", ""95852954"", ""207070552"", ""208033509""]"
none_subset,4,172405255,137739430,43,42,0,0,0,0,0,1,"[""140993217"", ""136188138"", ""114163759"", ""191711172"", ""182050443"", ""204803959"", ""207898804"", ""198489911"", ""108684069"", ""168943005""]"
none_subset,4,129628659,112300488,62,964,0,0,0,0,0,0,"[""75620137"", ""209588722"", ""129878189"", ""89542780"", ""7191392"", ""178555370"", ""207318555"", ""159165682"", ""179860438"", ""44553273""]"
none_subset,4,191015798,157712872,43,523,0,0,0,0,0,0,"[""184091403"", ""209666551"", ""213483404"", ""146845623"", ""189266294"", ""185360446"", ""137241438"", ""201905433"", ""201671217"", ""178668945""]"
none_subset,4,151650613,129074795,37,873,0,0,0,0,0,0,"[""183122776"", ""27356144"", ""174101198"", ""103348357"", ""159657746"", ""58893791"", ""66495486"", ""77349262"", ""145815769"", ""211863626""]"
none_subset,4,217331110,200733855,37,31,0,0,0,0,0,1,"[""148515955"", ""194408004"", ""210502009"", ""199918988"", ""172689752"", ""191911000"", ""128098941"", ""173640245"", ""164351701"", ""87856941""]"
none_subset,4,222261498,194697374,64,2041,0,0,0,0,0,0,"[""131569653"", ""212485762"", ""213253358"", ""162587856"", ""79117002"", ""106156401"", ""56593545"", ""179216205"", ""96029631"", ""205920501""]"
none_subset,4,171262250,134980017,38,885,0,0,0,0,0,0,"[""158600836"", ""148395469"", ""160066097"", ""71461721"", ""61527883"", ""194116496"", ""130737214"", ""159213527"", ""133301327"", ""198366865""]"
none_subset,4,184540324,155460756,4,1864,0,0,0,0,0,0,"[""195539587"", ""203829299"", ""200588216"", ""191307999"", ""207791923"", ""207143420"", ""207099729"", ""196842418"", ""151451581"", ""140756132""]"
none_subset,4,218794085,181542391,37,16,0,0,0,0,1,1,"[""163655065"", ""149204589"", ""192913849"", ""53074039"", ""142640479"", ""191027835"", ""168021556"", ""75770971"", ""76976887"", ""164055285""]"
none_subset,4,184956157,157367139,4,129,0,0,0,0,0,0,"[""149095048"", ""144373105"", ""172890535"", ""156103241"", ""63004444"", ""190789377"", ""182557210"", ""173055109"", ""143929940"", ""155062344""]"
none_subset,4,175342849,125536521,43,45,0,0,0,0,0,1,"[""186549940"", ""205915561"", ""138107182"", ""145672403"", ""168783197"", ""164461764"", ""190372173"", ""166344121"", ""16668651"", ""120122284""]"
none_subset,4,121771536,46560698,57,2219,0,0,0,0,0,0,"[""209017000"", ""82074015"", ""46589694"", ""130769831"", ""125460144"", ""117615208"", ""204625446"", ""170340056"", ""27828345"", ""99750205""]"
none_subset,4,200570966,110053800,57,694,0,0,0,0,0,0,"[""194650480"", ""213299500"", ""202643099"", ""212461400"", ""52362364"", ""210566036"", ""211144254"", ""211668933"", ""211144150"", ""183322220""]"
none_subset,4,221513750,203597419,64,357,0,0,0,0,0,0,"[""206880666"", ""116860085"", ""176873473"", ""149270814"", ""65008306"", ""196906365"", ""92304326"", ""130269008"", ""107218617"", ""212429237""]"
none_subset,4,142673438,100854450,38,1208,0,0,0,0,0,0,"[""192884067"", ""214115231"", ""145998937"", ""128022775"", ""209330718"", ""115258171"", ""176559079"", ""157714512"", ""118659816"", ""173793300""]"
none_subset,4,201772249,176689628,4,183,0,0,0,0,0,0,"[""157610724"", ""108202978"", ""211663742"", ""88383463"", ""13713734"", ""212636144"", ""149710961"", ""213532039"", ""126589900"", ""169868864""]"
none_subset,4,195569513,158417007,37,474,0,0,0,0,0,0,"[""209057260"", ""126694563"", ""163475905"", ""131492520"", ""168021556"", ""145798285"", ""192576617"", ""173524493"", ""204662722"", ""53074039""]"
none_subset,4,114045368,77678538,64,121,0,0,0,0,0,0,"[""96431966"", ""128021063"", ""12228373"", ""188378620"", ""60032340"", ""156692119"", ""32245008"", ""149484929"", ""60046348"", ""182382634""]"
none_subset,4,219729199,189984269,43,102,0,0,0,0,0,0,"[""183029564"", ""157809653"", ""103510499"", ""211890870"", ""156395019"", ""116962789"", ""176475069"", ""154097129"", ""130163312"", ""178361669""]"
none_subset,4,78453154,79994734,62,57,0,0,0,0,0,0,"[""75207324"", ""212966939"", ""113866351"", ""53450905"", ""70381552"", ""74887373"", ""194803893"", ""179203933"", ""29357769"", ""45997741""]"
none_subset,4,205309599,160068637,37,1145,0,0,0,0,0,0,"[""169257920"", ""211215773"", ""200937476"", ""196431210"", ""210082244"", ""144568931"", ""183797214"", ""208937894"", ""192386281"", ""206528763""]"
none_subset,4,215803527,121260031,64,56,0,0,0,0,0,0,"[""14286061"", ""200043378"", ""187503442"", ""76676235"", ""14352417"", ""66459509"", ""95501095"", ""67029925"", ""181441566"", ""211873793""]"
none_subset,4,222161193,127768087,4,30,0,0,0,0,1,1,"[""106341011"", ""215222519"", ""187942970"", ""215306387"", ""125970295"", ""195621034"", ""183407107"", ""126624504"", ""105544053"", ""211850911""]"
none_subset,4,161392807,94016043,62,750,0,0,0,0,0,0,"[""184146697"", ""211808810"", ""156442595"", ""129445274"", ""51213351"", ""62502393"", ""156885677"", ""6204449"", ""195303938"", ""172684698""]"
none_subset,4,155741367,134502106,57,1539,0,0,0,0,0,0,"[""125339147"", ""161319979"", ""121902729"", ""122408162"", ""165637321"", ""65038796"", ""188990309"", ""49660194"", ""52958427"", ""207899750""]"
none_subset,4,220807537,204659845,57,101,0,0,0,0,0,0,"[""191497108"", ""169347129"", ""208786775"", ""209048371"", ""143670064"", ""107527615"", ""134898435"", ""209092004"", ""141989435"", ""180363453""]"
none_subset,4,56997833,61128649,62,697,0,0,0,0,0,0,"[""32728587"", ""156885677"", ""130642042"", ""180324136"", ""142923518"", ""113547578"", ""176645947"", ""141080496"", ""46446514"", ""207242661""]"
none_subset,4,220381743,205089575,62,1546,0,0,0,0,0,0,"[""161511273"", ""188189839"", ""134970871"", ""152815967"", ""138120106"", ""168785007"", ""143261727"", ""188696626"", ""59483405"", ""96054130""]"
none_subset,4,61236714,59245151,43,104,0,0,0,0,0,0,"[""120188232"", ""171888747"", ""59547777"", ""78343862"", ""61372398"", ""186726793"", ""64909841"", ""178833613"", ""98581026"", ""10352796""]"
none_subset,4,207455362,183689008,4,206,0,0,0,0,0,0,"[""190079873"", ""207143420"", ""197090565"", ""190777127"", ""203829299"", ""200589462"", ""207099729"", ""73205799"", ""207097865"", ""195539587""]"
none_subset,4,168341646,130621262,38,1632,0,0,0,0,0,0,"[""117957932"", ""151180760"", ""114055239"", ""205428792"", ""112389064"", ""120618466"", ""106812535"", ""118389997"", ""76490987"", ""350786""]"
none_subset,4,218576676,200806157,46,401,0,0,0,0,0,0,"[""165704043"", ""172509742"", ""105064166"", ""200400926"", ""160019718"", ""194051265"", ""120932240"", ""82615761"", ""110268464"", ""89928081""]"
none_subset,4,124317114,109323350,57,2133,0,0,0,0,0,0,"[""210840925"", ""210262988"", ""148083172"", ""107833046"", ""169798721"", ""191567189"", ""185769659"", ""189194901"", ""83553966"", ""138727053""]"
none_subset,4,216420739,198700939,57,43,0,0,0,0,0,1,"[""187760067"", ""212489788"", ""213974986"", ""211047562"", ""195501205"", ""209465166"", ""208101032"", ""207501600"", ""210498921"", ""209173908""]"
none_subset,4,205170167,180083904,62,839,0,0,0,0,0,0,"[""195057440"", ""199493591"", ""204150547"", ""130605260"", ""148739677"", ""178253540"", ""173885386"", ""203766686"", ""183910851"", ""72314516""]"
none_subset,4,220045550,101312348,38,146,0,0,0,0,0,0,"[""64397678"", ""124833754"", ""56367133"", ""27784922"", ""147686192"", ""193002592"", ""147335135"", ""171909035"", ""204224738"", ""206865806""]"
none_subset,4,174047840,135451052,4,14,0,0,0,0,1,1,"[""191300394"", ""174865960"", ""174535187"", ""46147970"", ""171876720"", ""191564735"", ""161281171"", ""56795758"", ""171159402"", ""179805334""]"
none_subset,4,180512284,115629895,64,132,0,0,0,0,0,0,"[""159022081"", ""159992550"", ""74509782"", ""200043378"", ""136401281"", ""102619257"", ""173622745"", ""124192379"", ""184189116"", ""76186918""]"
none_subset,4,176245799,145782832,38,21,0,0,0,0,1,1,"[""93923477"", ""69722104"", ""188178632"", ""181551206"", ""64731721"", ""44353494"", ""168166428"", ""29779319"", ""134304833"", ""155797305""]"
none_subset,4,214546595,195055828,37,575,0,0,0,0,0,0,"[""181408383"", ""198478244"", ""213637743"", ""98327133"", ""202222318"", ""201742088"", ""191538851"", ""206278149"", ""209855515"", ""87450438""]"
none_subset,4,57177961,60838304,43,440,0,0,0,0,0,0,"[""58467420"", ""75839769"", ""127635452"", ""106069814"", ""50216046"", ""38841821"", ""152014829"", ""83385070"", ""157711341"", ""181167814""]"
none_subset,4,172933460,63641982,64,269,0,0,0,0,0,0,"[""151526168"", ""119000250"", ""204754543"", ""186850320"", ""174095805"", ""58475692"", ""172848022"", ""208220087"", ""201882684"", ""181162172""]"
none_subset,4,170199834,129359241,64,50,0,0,0,0,0,1,"[""174772202"", ""212572450"", ""179411117"", ""64620490"", ""132289907"", ""45933851"", ""168179093"", ""165315994"", ""201033612"", ""144399371""]"
none_subset,4,223672720,197363388,43,260,0,0,0,0,0,0,"[""125361053"", ""193064532"", ""153525929"", ""132568100"", ""194291256"", ""111596381"", ""139158977"", ""199715257"", ""156572884"", ""162124393""]"
none_subset,4,224815424,126550195,64,245,0,0,0,0,0,0,"[""101586852"", ""131561726"", ""101574803"", ""209791442"", ""148133803"", ""73923102"", ""178700962"", ""209711556"", ""194651505"", ""125541158""]"
none_subset,4,207612822,176670740,37,115,0,0,0,0,0,0,"[""209154292"", ""208141913"", ""209286799"", ""213318077"", ""180787570"", ""211802210"", ""123971162"", ""199287233"", ""186811713"", ""183693328""]"
none_subset,4,163945645,191529007,62,1417,0,0,0,0,0,0,"[""110202670"", ""146664101"", ""106557292"", ""188261405"", ""102076897"", ""84991316"", ""210213676"", ""124432701"", ""154961429"", ""201321273""]"
none_subset,4,180060816,144264277,4,136,0,0,0,0,0,0,"[""94319899"", ""115483149"", ""141186510"", ""185262753"", ""154203183"", ""162040118"", ""179909533"", ""144067777"", ""164449645"", ""141085810""]"
none_subset,4,195375510,162200226,37,841,0,0,0,0,0,0,"[""213471023"", ""209543868"", ""174160467"", ""185411714"", ""182489418"", ""141241455"", ""205328844"", ""143865659"", ""150173254"", ""140057420""]"
none_subset,4,225243021,214643235,4,704,0,0,0,0,0,0,"[""191316160"", ""189899644"", ""205600080"", ""210484477"", ""188321672"", ""207791923"", ""212129395"", ""195830492"", ""187257731"", ""183552560""]"
none_subset,4,106834933,91942518,38,464,0,0,0,0,0,0,"[""44557915"", ""171248361"", ""176455982"", ""123502593"", ""194365263"", ""186723077"", ""206952174"", ""58199619"", ""151805156"", ""73438643""]"
none_subset,4,211646926,181045567,4,677,0,0,0,0,0,0,"[""145094055"", ""94319899"", ""115483149"", ""139418370"", ""185429569"", ""193026353"", ""190789377"", ""145646315"", ""208901976"", ""155703180""]"
none_subset,4,210605564,186646910,37,7,0,0,0,1,1,1,"[""184997997"", ""119051792"", ""186471450"", ""190788723"", ""192456013"", ""184083591"", ""186646910"", ""186079431"", ""77617528"", ""174850296""]"
none_subset,4,224918550,214968505,4,67,0,0,0,0,0,0,"[""185880119"", ""144683728"", ""148331489"", ""142381741"", ""202705628"", ""94286928"", ""194142299"", ""155106827"", ""146249483"", ""160037231""]"
none_subset,4,198480847,171775539,46,124,0,0,0,0,0,0,"[""45769216"", ""164665349"", ""61233280"", ""160771991"", ""16900641"", ""92873779"", ""179855914"", ""212168388"", ""208143888"", ""172912744""]"
none_subset,4,79745214,81812584,64,2925,0,0,0,0,0,0,"[""165717472"", ""126295674"", ""195841911"", ""177968315"", ""92304326"", ""174916841"", ""77671900"", ""136053941"", ""98469115"", ""157187324""]"
none_subset,4,48794483,75554045,38,364,0,0,0,0,0,0,"[""134908634"", ""211267789"", ""82057494"", ""55757524"", ""110415230"", ""136280716"", ""132024150"", ""128245742"", ""204165631"", ""167722391""]"
none_subset,4,167721852,138308946,4,728,0,0,0,0,0,0,"[""169992252"", ""214275181"", ""126589900"", ""205463044"", ""213963033"", ""199379442"", ""205498846"", ""212819052"", ""215580343"", ""199552231""]"
none_subset,4,155450786,132289907,64,284,0,0,0,0,0,0,"[""115629895"", ""188619722"", ""154046140"", ""211216257"", ""200883111"", ""158126671"", ""126647422"", ""72224328"", ""192779268"", ""210516871""]"
none_subset,4,223592381,207755116,37,45,0,0,0,0,0,1,"[""137062195"", ""185266696"", ""174850296"", ""142630827"", ""150950507"", ""127604459"", ""153551614"", ""141241455"", ""188918346"", ""205328844""]"
none_subset,4,128891295,113764919,57,1220,0,0,0,0,0,0,"[""140761987"", ""182367509"", ""122157148"", ""133448263"", ""150231110"", ""206116320"", ""171450864"", ""138785776"", ""209991023"", ""156232619""]"
none_subset,4,217777998,201905433,43,344,0,0,0,0,0,0,"[""211667378"", ""164527202"", ""192529072"", ""193585048"", ""189168111"", ""196161702"", ""185897088"", ""190372173"", ""197253083"", ""192319538""]"
none_subset,4,211481710,190789377,4,72,0,0,0,0,0,0,"[""192331154"", ""192424356"", ""160129846"", ""182794391"", ""190594964"", ""206940426"", ""189901460"", ""186930348"", ""188074441"", ""190161584""]"
none_subset,4,224668128,214336951,43,917,0,0,0,0,0,0,"[""75083855"", ""126470047"", ""134678718"", ""213210833"", ""87001748"", ""53018260"", ""75802625"", ""194759873"", ""76510127"", ""164991678""]"
none_subset,4,201662927,176402227,4,28,0,0,0,0,1,1,"[""195480266"", ""168012970"", ""214341619"", ""184090522"", ""181079699"", ""167937435"", ""206289183"", ""201591292"", ""177338367"", ""164648915""]"
none_subset,4,215705728,79130254,64,362,0,0,0,0,0,0,"[""109850825"", ""174848979"", ""200969900"", ""163128971"", ""177080791"", ""2720880"", ""81594152"", ""156885595"", ""203544848"", ""139856523""]"
none_subset,4,207269457,109562038,46,78,0,0,0,0,0,0,"[""170881830"", ""212730825"", ""141722116"", ""167339905"", ""211336503"", ""210393362"", ""180426325"", ""108934756"", ""81216321"", ""138953275""]"
none_subset,4,203378996,177115567,64,225,0,0,0,0,0,0,"[""208979760"", ""139771827"", ""153896185"", ""20371087"", ""212225448"", ""78406024"", ""173492513"", ""86754048"", ""207826820"", ""196219732""]"
none_subset,4,170514974,135092085,64,410,0,0,0,0,0,0,"[""179411117"", ""201033612"", ""189535903"", ""122391520"", ""142231631"", ""136600772"", ""165315994"", ""212355981"", ""72224328"", ""168501948""]"
none_subset,4,213853352,191305287,64,959,0,0,0,0,0,0,"[""31017779"", ""130875563"", ""113587141"", ""210720310"", ""63897092"", ""60291031"", ""206396108"", ""105016789"", ""109320323"", ""201944222""]"
none_subset,4,161660267,137935033,43,561,0,0,0,0,0,0,"[""205133651"", ""185196782"", ""196746909"", ""158182394"", ""153170090"", ""204620017"", ""208578922"", ""159165495"", ""117984925"", ""213956523""]"
none_subset,4,205652281,115405939,38,1087,0,0,0,0,0,0,"[""125496543"", ""64397678"", ""186173164"", ""197527964"", ""115694557"", ""100946794"", ""118437549"", ""132567182"", ""204224738"", ""167983168""]"
none_subset,4,213799986,154324585,64,233,0,0,0,0,0,0,"[""76747946"", ""136347027"", ""73065988"", ""173458489"", ""214515601"", ""200883111"", ""214169517"", ""146391695"", ""201736243"", ""99425109""]"
none_subset,4,202508544,174770035,4,2184,0,0,0,0,0,0,"[""141130959"", ""143872793"", ""140425447"", ""63027674"", ""111047550"", ""99699218"", ""159734891"", ""171029402"", ""157939590"", ""149759096""]"
none_subset,4,224242506,213870777,4,20,0,0,0,0,1,1,"[""212819052"", ""126589900"", ""169023851"", ""215274929"", ""210871478"", ""175640583"", ""215580343"", ""207397948"", ""210303017"", ""214275181""]"
none_subset,4,205929679,180795487,46,218,0,0,0,0,0,0,"[""158946684"", ""100503293"", ""201215254"", ""68978046"", ""203665704"", ""129089284"", ""184407267"", ""31477620"", ""193612892"", ""132605956""]"
none_subset,4,176134296,148457347,4,186,0,0,0,0,0,0,"[""157752611"", ""162653386"", ""145618143"", ""142506151"", ""194446742"", ""129435163"", ""184994826"", ""91321970"", ""86878993"", ""165897952""]"
none_subset,4,215164166,191705183,46,268,0,0,0,0,0,0,"[""144423993"", ""204270051"", ""151511658"", ""124310282"", ""113000796"", ""181810712"", ""53849507"", ""170352052"", ""150142821"", ""201991995""]"
none_subset,4,209594529,187225097,4,438,0,0,0,0,0,0,"[""182361800"", ""27693819"", ""181054833"", ""176566249"", ""50883863"", ""209124215"", ""208530280"", ""133632260"", ""78155271"", ""148331489""]"
none_subset,4,194785559,166812865,64,736,0,0,0,0,0,0,"[""207446541"", ""19607163"", ""146444401"", ""128607088"", ""121260031"", ""153330413"", ""167354299"", ""123687478"", ""133214115"", ""146630451""]"
none_subset,4,194818892,161497124,46,2,0,1,1,1,1,1,"[""205368126"", ""161497124"", ""168398292"", ""160547557"", ""161172541"", ""204029234"", ""173222203"", ""199457581"", ""179855914"", ""180749212""]"
none_subset,4,209422927,176978968,43,15,0,0,0,0,1,1,"[""120188232"", ""134461446"", ""186925656"", ""160710926"", ""133220748"", ""178833613"", ""204570694"", ""185028548"", ""191701553"", ""204449585""]"
none_subset,4,209385137,181057790,64,734,0,0,0,0,0,0,"[""204125965"", ""143752488"", ""138115654"", ""195529634"", ""103416735"", ""179668314"", ""157313823"", ""31017779"", ""165687007"", ""116380815""]"
none_subset,4,193926930,119064343,43,2,0,1,1,1,1,1,"[""67606658"", ""119064343"", ""113898898"", ""91124875"", ""196069283"", ""143611276"", ""101956556"", ""215052803"", ""197867680"", ""144710651""]"
none_subset,4,124522237,100809776,46,134,0,0,0,0,0,0,"[""168442343"", ""78390422"", ""201508287"", ""186533909"", ""203778148"", ""191974228"", ""209764015"", ""186078356"", ""173365679"", ""172671263""]"
none_subset,4,117909099,104680991,4,301,0,0,0,0,0,0,"[""202119489"", ""202290969"", ""168222985"", ""21060681"", ""164495014"", ""193059683"", ""169281042"", ""164936492"", ""215209407"", ""186774686""]"
none_subset,4,222892332,172547115,46,284,0,0,0,0,0,0,"[""208719036"", ""201436985"", ""212730825"", ""210582711"", ""180426325"", ""212261718"", ""209156183"", ""213978791"", ""171636556"", ""204899704""]"
none_subset,4,223690993,208584357,38,65,0,0,0,0,0,0,"[""186723077"", ""123502593"", ""107235965"", ""170938980"", ""180784190"", ""121756181"", ""206303400"", ""95406694"", ""58199619"", ""207763939""]"
none_subset,4,216068584,28421314,38,163,0,0,0,0,0,0,"[""98186259"", ""198984787"", ""168804724"", ""146798535"", ""171755799"", ""67490532"", ""55877012"", ""161419745"", ""8550716"", ""102778559""]"
none_subset,4,190170843,149389681,38,24,0,0,0,0,1,1,"[""41147018"", ""129455316"", ""107256101"", ""207326334"", ""179000829"", ""196569551"", ""114095793"", ""198703958"", ""183272380"", ""211015168""]"
none_subset,4,117081899,100690598,38,49,0,0,0,0,0,1,"[""206039176"", ""162345431"", ""185960895"", ""204375245"", ""171832078"", ""105902861"", ""207694901"", ""187247098"", ""151224480"", ""173785088""]"
none_subset,4,210583888,188696626,62,79,0,0,0,0,0,0,"[""115226483"", ""194289010"", ""74279773"", ""187207232"", ""162715321"", ""207100364"", ""58086605"", ""196890627"", ""187005682"", ""206434730""]"
none_subset,4,196081246,162009040,43,225,0,0,0,0,0,0,"[""196397416"", ""162630675"", ""128872941"", ""195408710"", ""133220748"", ""145130578"", ""171888747"", ""196554944"", ""155249274"", ""150794676""]"
none_subset,4,182521870,115864237,64,669,0,0,0,0,0,0,"[""200043378"", ""193536959"", ""143656811"", ""149253481"", ""76676235"", ""176297212"", ""108267343"", ""208234215"", ""103124712"", ""184076586""]"
none_subset,4,181876499,103017168,46,1785,0,0,0,0,0,0,"[""203644944"", ""204100293"", ""206299484"", ""202822668"", ""144865911"", ""112985650"", ""177381146"", ""208431676"", ""167383627"", ""214729100""]"
none_subset,4,201650625,86380155,37,286,0,0,0,0,0,0,"[""169770537"", ""116929460"", ""65802140"", ""110655675"", ""88872127"", ""100819191"", ""133089722"", ""189064377"", ""208575649"", ""101679570""]"
none_subset,4,194797571,165829832,46,239,0,0,0,0,0,0,"[""105064166"", ""213225779"", ""182701626"", ""164719903"", ""116968490"", ""200806157"", ""130584459"", ""171226535"", ""163735549"", ""178870249""]"
none_subset,4,161979809,124110006,64,443,0,0,0,0,0,0,"[""199462684"", ""215138112"", ""202090142"", ""210720310"", ""200969900"", ""203597416"", ""156833951"", ""212527992"", ""130875563"", ""165792749""]"
none_subset,4,225320701,209631907,46,74,0,0,0,0,0,0,"[""186724430"", ""194138608"", ""142410249"", ""194136520"", ""53654857"", ""71898634"", ""102458654"", ""169485140"", ""205031717"", ""165024808""]"
none_subset,4,208048114,179803138,46,318,0,0,0,0,0,0,"[""150142821"", ""111095231"", ""99309357"", ""191705183"", ""194301324"", ""116259633"", ""154244912"", ""201966464"", ""80195905"", ""154821670""]"
none_subset,4,217747016,200331414,46,26,0,0,0,0,1,1,"[""149547737"", ""126522124"", ""99309357"", ""192440420"", ""181905212"", ""194301324"", ""52439531"", ""84576505"", ""68978046"", ""75642384""]"
none_subset,4,220095257,194465314,4,538,0,0,0,0,0,0,"[""194142299"", ""142381741"", ""200589143"", ""154928608"", ""145094055"", ""158175855"", ""119765502"", ""151681239"", ""191461282"", ""182361800""]"
none_subset,4,161307230,127751465,37,41,0,0,0,0,0,1,"[""57231571"", ""121642534"", ""29945880"", ""187547548"", ""156634898"", ""152569501"", ""151617295"", ""131030641"", ""155084012"", ""188131021""]"
none_subset,4,155302456,108320509,46,338,0,0,0,0,0,0,"[""174560765"", ""108479850"", ""113414214"", ""120982254"", ""204958677"", ""172940777"", ""106996414"", ""211336503"", ""126852013"", ""143345304""]"
none_subset,4,222071826,210310500,46,94,0,0,0,0,0,0,"[""171636556"", ""204219042"", ""201436985"", ""210856802"", ""211159708"", ""209482743"", ""211118858"", ""208719036"", ""125993794"", ""140498480""]"
none_subset,4,140138854,119093613,46,88,0,0,0,0,0,0,"[""97623791"", ""102529512"", ""37708588"", ""167265746"", ""69153615"", ""73765596"", ""12880586"", ""108786028"", ""150407343"", ""183484544""]"
none_subset,4,224948603,193793367,64,10,0,0,0,1,1,1,"[""135170809"", ""165717472"", ""163956163"", ""174916841"", ""98469115"", ""126295674"", ""153275921"", ""69227080"", ""206142030"", ""193793367""]"
none_subset,4,195295522,132751926,43,524,0,0,0,0,0,0,"[""198313310"", ""200893142"", ""71789204"", ""211601112"", ""177591827"", ""190193667"", ""94971864"", ""146666532"", ""203338637"", ""177067604""]"
none_subset,4,216305480,199422802,4,2,0,1,1,1,1,1,"[""195751544"", ""199422802"", ""89332658"", ""213815291"", ""19861371"", ""153991203"", ""184087480"", ""152566280"", ""185880119"", ""12396291""]"
none_subset,4,135081167,112930320,4,160,0,0,0,0,0,0,"[""182361800"", ""194377968"", ""194338856"", ""183725729"", ""148331489"", ""144995106"", ""151681239"", ""194898252"", ""176819214"", ""154928608""]"
none_subset,4,211700245,189799383,38,1415,0,0,0,0,0,0,"[""169004224"", ""100749834"", ""99816295"", ""171180851"", ""205112185"", ""169804292"", ""133973101"", ""192509185"", ""203526643"", ""114889567""]"
none_subset,4,225327396,209208662,37,11,0,0,0,0,1,1,"[""127873279"", ""134901665"", ""152102790"", ""188083340"", ""106674292"", ""183923787"", ""179751402"", ""89714653"", ""121841349"", ""146962916""]"
none_subset,4,207497237,148800689,37,6,0,0,0,1,1,1,"[""128177539"", ""203829614"", ""184357547"", ""157140706"", ""178462679"", ""148800689"", ""155788179"", ""61710118"", ""193608318"", ""212047029""]"
none_subset,4,183537865,152727959,37,337,0,0,0,0,0,0,"[""192387012"", ""73988555"", ""45171964"", ""212782587"", ""159574917"", ""206412545"", ""190075252"", ""180546104"", ""139391729"", ""120040052""]"
none_subset,4,181613499,152639237,46,69,0,0,0,0,0,0,"[""143366526"", ""78516486"", ""108786028"", ""122229490"", ""44366670"", ""208035235"", ""79086260"", ""150142821"", ""104330915"", ""187714756""]"
none_subset,4,222590160,202552531,64,367,0,0,0,0,0,0,"[""161643481"", ""119651772"", ""30343221"", ""146444401"", ""207446541"", ""124198714"", ""145930227"", ""90150674"", ""201058531"", ""155360700""]"
none_subset,4,211345994,178305613,4,97,0,0,0,0,0,0,"[""190075149"", ""187408602"", ""197475541"", ""190830943"", ""188882555"", ""65093674"", ""148382740"", ""201432635"", ""194472584"", ""210240441""]"
none_subset,4,224751423,214758060,64,178,0,0,0,0,0,0,"[""88248087"", ""213788530"", ""111705025"", ""206003254"", ""113587141"", ""186937016"", ""174340250"", ""163787427"", ""29624756"", ""144281937""]"
none_subset,4,180288071,147531803,43,36,0,0,0,0,0,1,"[""175993606"", ""126415167"", ""192317105"", ""207851646"", ""197891724"", ""188036629"", ""129211206"", ""148202513"", ""118484592"", ""198423070""]"
none_subset,4,213770937,194478821,38,24,0,0,0,0,1,1,"[""168166428"", ""205170862"", ""181203442"", ""186432633"", ""151342069"", ""189738652"", ""205051314"", ""190110099"", ""184089057"", ""145782832""]"
none_subset,4,199143075,151630608,64,700,0,0,0,0,0,0,"[""183047062"", ""141045171"", ""185454425"", ""144073843"", ""112345894"", ""120420310"", ""152603802"", ""115774096"", ""168633758"", ""60260391""]"
none_subset,4,127293138,102741176,37,307,0,0,0,0,0,0,"[""211746985"", ""156898538"", ""162977839"", ""170049514"", ""188679659"", ""89714653"", ""196774938"", ""154316487"", ""148248330"", ""146962916""]"
none_subset,4,159187996,127512781,64,105,0,0,0,0,0,0,"[""194941994"", ""181619566"", ""62550428"", ""149715107"", ""60032340"", ""188038298"", ""213229768"", ""160603185"", ""129093190"", ""167740456""]"
none_subset,4,41839803,66009090,64,570,0,0,0,0,0,0,"[""44495615"", ""193135598"", ""122273058"", ""207446541"", ""107795593"", ""188550102"", ""115792264"", ""197388497"", ""151051885"", ""188599489""]"
none_subset,4,197586002,170310110,57,966,0,0,0,0,0,0,"[""202643099"", ""213299500"", ""194650480"", ""212461400"", ""197209314"", ""181102109"", ""207541431"", ""195340987"", ""211668933"", ""212206681""]"
none_subset,4,220845685,165756140,46,487,0,0,0,0,0,0,"[""209621390"", ""204632637"", ""209145387"", ""205325118"", ""206400304"", ""138519024"", ""164719903"", ""210648100"", ""205012393"", ""202794672""]"
none_subset,4,144723417,126898247,37,1313,0,0,0,0,0,0,"[""146527115"", ""213471023"", ""137062195"", ""141241455"", ""181988758"", ""209118001"", ""57914905"", ""194670256"", ""185266696"", ""194561255""]"
none_subset,4,221140475,161194868,62,1,1,1,1,1,1,1,"[""161194868"", ""110895997"", ""124884051"", ""195518176"", ""201108158"", ""105231780"", ""192458679"", ""128589400"", ""75511022"", ""207078341""]"
none_subset,4,215133517,173279591,43,1,1,1,1,1,1,1,"[""173279591"", ""185696449"", ""177473145"", ""169770541"", ""177472789"", ""86486091"", ""144399603"", ""114685682"", ""134999759"", ""90011446""]"
none_subset,4,118955952,96112528,62,194,0,0,0,0,0,0,"[""41098400"", ""123548762"", ""148739677"", ""195303938"", ""178555370"", ""56085996"", ""184997209"", ""159165682"", ""173152279"", ""179860438""]"
none_subset,4,161520335,121775976,37,364,0,0,0,0,0,0,"[""42842956"", ""29496516"", ""103348357"", ""214129979"", ""183978577"", ""70624061"", ""187043151"", ""151964729"", ""190113798"", ""151199532""]"
none_subset,4,215206177,183901246,57,531,0,0,0,0,0,0,"[""194300354"", ""65038796"", ""95852954"", ""171103233"", ""201144087"", ""52958427"", ""116424830"", ""178080778"", ""201926544"", ""211148392""]"
none_subset,4,187691330,154904834,38,178,0,0,0,0,0,0,"[""192191594"", ""157993089"", ""88485908"", ""149343290"", ""214890741"", ""157714512"", ""65034285"", ""128022775"", ""145998937"", ""169064521""]"
none_subset,4,225332725,214896797,4,13,0,0,0,0,1,1,"[""200247233"", ""197859740"", ""206288930"", ""200198172"", ""101990520"", ""191536688"", ""191183275"", ""203130825"", ""156841339"", ""156892251""]"
none_subset,4,174712116,139342323,4,486,0,0,0,0,0,0,"[""176599974"", ""193746035"", ""191564735"", ""140664871"", ""181288745"", ""149264383"", ""174865960"", ""191300394"", ""132138279"", ""207421525""]"
none_subset,4,87804149,85130633,57,505,0,0,0,0,0,0,"[""199205992"", ""201836899"", ""211088598"", ""131818594"", ""148672945"", ""171298197"", ""200304767"", ""209725971"", ""177353155"", ""195340987""]"
none_subset,4,195850285,136445502,38,27,0,0,0,0,1,1,"[""193669795"", ""161419745"", ""137272079"", ""143848258"", ""164618247"", ""194567057"", ""140979774"", ""125505087"", ""122560021"", ""61530422""]"
none_subset,4,37254924,41145233,43,141,0,0,0,0,0,0,"[""192287850"", ""197580291"", ""184693526"", ""165742476"", ""196601703"", ""118484592"", ""200253605"", ""192576430"", ""196197826"", ""202003110""]"
none_subset,4,177089730,143848258,38,48,0,0,0,0,0,1,"[""182704194"", ""122560021"", ""193857539"", ""211454407"", ""98186259"", ""201030455"", ""181781147"", ""211021392"", ""67490532"", ""194792335""]"
none_subset,4,142279373,116393868,46,784,0,0,0,0,0,0,"[""71898634"", ""147047749"", ""115290677"", ""102458654"", ""205031717"", ""201879785"", ""157105476"", ""53654857"", ""208143888"", ""111715361""]"
none_subset,4,166547112,131943838,37,232,0,0,0,0,0,0,"[""116967483"", ""166280219"", ""197590287"", ""126929630"", ""151941209"", ""194918694"", ""152140191"", ""156898538"", ""127873279"", ""200025016""]"
none_subset,4,217687223,52992112,62,10,0,0,0,1,1,1,"[""15942056"", ""156966802"", ""115226483"", ""58086605"", ""156966648"", ""167352840"", ""45997741"", ""111672985"", ""203397613"", ""52992112""]"
none_subset,4,222413500,210871676,62,73,0,0,0,0,0,0,"[""202235121"", ""172997177"", ""213066001"", ""192448420"", ""193966350"", ""200035811"", ""94242464"", ""189767660"", ""210275902"", ""198209451""]"
none_subset,4,209967205,169591737,4,121,0,0,0,0,0,0,"[""149095048"", ""120663751"", ""199942377"", ""139852579"", ""191695909"", ""151518049"", ""191214295"", ""138975756"", ""153223626"", ""186841122""]"
none_subset,4,186680627,155875698,57,2087,0,0,0,0,0,0,"[""177152495"", ""211212706"", ""172288940"", ""210148578"", ""190378651"", ""113047535"", ""195818826"", ""209366221"", ""197912016"", ""209149314""]"
none_subset,4,207494441,183750892,4,134,0,0,0,0,0,0,"[""192331154"", ""191147915"", ""181099732"", ""199780246"", ""146764647"", ""192877167"", ""206940426"", ""205600080"", ""203746928"", ""188074441""]"
none_subset,4,186903115,100680008,38,373,0,0,0,0,0,0,"[""154880168"", ""121550726"", ""100758724"", ""122392168"", ""155332547"", ""206303400"", ""121028401"", ""105651656"", ""95395941"", ""154107984""]"
none_subset,4,113317297,100882487,46,95,0,0,0,0,0,0,"[""182136657"", ""146029150"", ""145084375"", ""147047749"", ""190224714"", ""171227152"", ""171227160"", ""108971427"", ""207529569"", ""28587929""]"
none_subset,4,204024681,158075100,64,47,0,0,0,0,0,1,"[""183047062"", ""152603802"", ""60260391"", ""144073843"", ""168633758"", ""141045171"", ""112345894"", ""153490486"", ""67998486"", ""105144259""]"
none_subset,4,212904755,150577652,4,745,0,0,0,0,0,0,"[""117471262"", ""171447530"", ""194142299"", ""152566280"", ""136474102"", ""112540745"", ""160260159"", ""153991203"", ""130299986"", ""191695096""]"
none_subset,4,224986751,214961917,37,1102,0,0,0,0,0,0,"[""153367008"", ""182207000"", ""136574012"", ""178244096"", ""146393296"", ""173432313"", ""174772190"", ""190251047"", ""174852305"", ""113225323""]"
none_subset,4,170918900,135776258,43,397,0,0,0,0,0,0,"[""144399603"", ""144628962"", ""146187604"", ""208786844"", ""212423754"", ""160802034"", ""211382244"", ""90011446"", ""173279591"", ""169770541""]"
none_subset,4,134673711,98741685,38,1314,0,0,0,0,0,0,"[""146723193"", ""199347203"", ""155422545"", ""179018718"", ""207948213"", ""176682595"", ""142598311"", ""145697018"", ""200285040"", ""139134458""]"
none_subset,4,219248296,151333626,38,135,0,0,0,0,0,0,"[""31980662"", ""206506072"", ""200931885"", ""130168090"", ""159911050"", ""101461920"", ""208225541"", ""67142038"", ""189210574"", ""149579144""]"
none_subset,4,209157409,181045567,4,101,0,0,0,0,0,0,"[""145618143"", ""195213429"", ""170725190"", ""172890535"", ""151681239"", ""63004444"", ""162653386"", ""192473388"", ""147740083"", ""183534248""]"
none_subset,4,184280693,156251697,4,1247,0,0,0,0,0,0,"[""148281605"", ""181715447"", ""119644839"", ""153939423"", ""116057633"", ""119106930"", ""120663751"", ""200963901"", ""34047790"", ""150679730""]"
none_subset,4,207680174,181683776,4,232,0,0,0,0,0,0,"[""149095048"", ""144373105"", ""9766161"", ""176867327"", ""162653386"", ""115266425"", ""179812166"", ""172890535"", ""199942377"", ""182263629""]"
none_subset,4,111155748,99862014,64,2062,0,0,0,0,0,0,"[""181619566"", ""80281524"", ""62550428"", ""179201033"", ""188820923"", ""187708913"", ""124198714"", ""214583586"", ""194941994"", ""193072604""]"
none_subset,4,93917220,63699736,38,472,0,0,0,0,0,0,"[""156836340"", ""155788187"", ""194567057"", ""79241550"", ""153285645"", ""156481100"", ""109987226"", ""128953329"", ""156470070"", ""84270721""]"
none_subset,4,146255762,81332784,46,107,0,0,0,0,0,0,"[""138254448"", ""208171217"", ""142607225"", ""139114542"", ""144208600"", ""58412205"", ""134493849"", ""166648954"", ""140434515"", ""199253164""]"
none_subset,4,142940456,124330451,38,144,0,0,0,0,0,0,"[""204637998"", ""197735844"", ""199347203"", ""109987226"", ""126884451"", ""65478593"", ""169820470"", ""142598311"", ""139134458"", ""199035650""]"
none_subset,4,42688693,17141705,62,569,0,0,0,0,0,0,"[""194803893"", ""161511273"", ""32384255"", ""72936314"", ""94546694"", ""117835777"", ""97195771"", ""160329216"", ""114361554"", ""135330582""]"
none_subset,4,182878818,146962695,43,606,0,0,0,0,0,0,"[""126415167"", ""123028053"", ""198423070"", ""160966785"", ""59458719"", ""192317105"", ""197613208"", ""111684767"", ""60157409"", ""110717688""]"
none_subset,4,63113161,69904249,38,1113,0,0,0,0,0,0,"[""99824538"", ""12905940"", ""96313601"", ""76978137"", ""89552272"", ""198984787"", ""79372963"", ""71896485"", ""203692617"", ""60873658""]"
none_subset,4,191742216,160129846,4,806,0,0,0,0,0,0,"[""99472535"", ""19861371"", ""191209763"", ""206283069"", ""139342323"", ""185880119"", ""207322592"", ""71990231"", ""177825434"", ""165904972""]"
none_subset,4,186945430,148682248,62,1693,0,0,0,0,0,0,"[""45997741"", ""162263431"", ""45013331"", ""75207324"", ""70381552"", ""96688945"", ""78481865"", ""113866351"", ""212966939"", ""85137253""]"
none_subset,4,168756817,142537342,46,477,0,0,0,0,0,0,"[""78516486"", ""190912236"", ""132867538"", ""195464981"", ""44366670"", ""205635929"", ""177423877"", ""12880586"", ""178445507"", ""169711662""]"
none_subset,4,216158444,190316507,37,217,0,0,0,0,0,0,"[""209000043"", ""203730564"", ""193995538"", ""212172992"", ""194731784"", ""164058126"", ""151808122"", ""209128550"", ""190569345"", ""201660893""]"
none_subset,4,189801807,161417702,37,2474,0,0,0,0,0,0,"[""181913855"", ""139307132"", ""106674292"", ""143141997"", ""81213674"", ""99231086"", ""168964563"", ""195462928"", ""189822829"", ""154316487""]"
none_subset,4,210174308,188363722,57,456,0,0,0,0,0,0,"[""166993395"", ""156972409"", ""141728487"", ""117267405"", ""122751221"", ""195854271"", ""205233758"", ""188514510"", ""188097035"", ""206210266""]"
none_subset,4,77232181,78627576,38,865,0,0,0,0,0,0,"[""125546461"", ""158733811"", ""177744065"", ""209121892"", ""205529136"", ""139178008"", ""203545957"", ""103574709"", ""213273339"", ""173658043""]"
none_subset,4,65445301,60424871,43,443,0,0,0,0,0,0,"[""163402666"", ""126937971"", ""127635452"", ""76024222"", ""58467420"", ""178678331"", ""144167451"", ""98570059"", ""75839769"", ""85304386""]"
none_subset,4,200314721,165590843,4,79,0,0,0,0,0,0,"[""116474962"", ""109194953"", ""207566657"", ""178007810"", ""61021963"", ""164270841"", ""161606528"", ""169250822"", ""194641932"", ""212675214""]"
none_subset,4,220444471,185912167,38,308,0,0,0,0,0,0,"[""55877012"", ""192721742"", ""106027581"", ""198984787"", ""210930251"", ""83087072"", ""98186259"", ""132680001"", ""53254163"", ""76978137""]"
none_subset,4,212615904,184071121,37,79,0,0,0,0,0,0,"[""190646486"", ""176300467"", ""94672340"", ""156440997"", ""212776036"", ""174690214"", ""92273591"", ""187712911"", ""207481345"", ""156884960""]"
none_subset,4,30383073,28656005,46,109,0,0,0,0,0,0,"[""138809171"", ""166648954"", ""212690484"", ""85070500"", ""114169237"", ""53547017"", ""174613608"", ""155058299"", ""168262204"", ""113055815""]"
none_subset,4,194714542,159200395,37,198,0,0,0,0,0,0,"[""190113798"", ""125097939"", ""183122776"", ""170350787"", ""154980557"", ""188967908"", ""165207478"", ""177501346"", ""161390704"", ""34478204""]"
none_subset,4,188912224,160058303,43,8,0,0,0,1,1,1,"[""201213450"", ""210822887"", ""202567733"", ""198078019"", ""168830681"", ""180961442"", ""124898415"", ""160058303"", ""187215484"", ""194022987""]"
none_subset,4,209501131,182010866,43,38,0,0,0,0,0,1,"[""44768555"", ""145855101"", ""127979191"", ""140052409"", ""194343309"", ""112406996"", ""152645436"", ""158624345"", ""170439536"", ""145672403""]"
none_subset,4,225329898,191805410,46,128,0,0,0,0,0,0,"[""146324638"", ""71898794"", ""108322993"", ""52439531"", ""192711504"", ""179344154"", ""176659851"", ""145504709"", ""78696152"", ""204633518""]"
none_subset,4,112958959,99222832,37,261,0,0,0,0,0,0,"[""149248013"", ""160929058"", ""105569391"", ""200164411"", ""141976904"", ""143030980"", ""194860062"", ""139571763"", ""142640479"", ""210549110""]"
none_subset,4,19734916,7496107,62,852,0,0,0,0,0,0,"[""174639103"", ""172843229"", ""185606507"", ""208719189"", ""178530215"", ""185886914"", ""172899019"", ""210489322"", ""176569557"", ""210452869""]"
none_subset,4,147796710,105081789,64,379,0,0,0,0,0,0,"[""69227080"", ""135170809"", ""77671900"", ""132289907"", ""191000780"", ""72224328"", ""165717472"", ""149734769"", ""92304326"", ""184683737""]"
none_subset,4,183931082,116857348,64,35,0,0,0,0,0,1,"[""194941994"", ""146444401"", ""16060214"", ""60032340"", ""123687478"", ""128607088"", ""115621700"", ""201970343"", ""97650176"", ""151366408""]"
none_subset,4,182877168,151964729,37,572,0,0,0,0,0,0,"[""96028215"", ""89464961"", ""23924949"", ""143946320"", ""131943838"", ""29496516"", ""84948088"", ""90418462"", ""184320957"", ""139391729""]"
none_subset,4,68668633,74117799,64,1374,0,0,0,0,0,0,"[""174848979"", ""147553253"", ""118412828"", ""139856523"", ""58379904"", ""180848420"", ""192498685"", ""214169517"", ""173458489"", ""210635321""]"
none_subset,4,180590735,151400588,38,289,0,0,0,0,0,0,"[""111489526"", ""108645662"", ""102368805"", ""164922568"", ""111176393"", ""151180760"", ""62510663"", ""133274826"", ""155138201"", ""126600062""]"
none_subset,4,223878241,203489048,43,450,0,0,0,0,0,0,"[""213139647"", ""125529231"", ""89809066"", ""177227364"", ""178819152"", ""150578488"", ""88578062"", ""207445919"", ""189165560"", ""204057759""]"
none_subset,4,72312635,43476772,64,164,0,0,0,0,0,0,"[""69248477"", ""94082722"", ""190043031"", ""98740806"", ""62550428"", ""127196288"", ""173246608"", ""193072604"", ""156194814"", ""208915255""]"
none_subset,4,216670544,200173512,43,68,0,0,0,0,0,0,"[""210822887"", ""201213450"", ""184633847"", ""187215484"", ""198087076"", ""206290556"", ""182445092"", ""203417954"", ""186350594"", ""185851616""]"
none_subset,4,79772428,72670018,62,1781,0,0,0,0,0,0,"[""190186845"", ""56568319"", ""153016015"", ""167266244"", ""105067970"", ""207100364"", ""206434730"", ""66544323"", ""150070859"", ""186756267""]"
none_subset,4,189014795,156066426,43,17,0,0,0,0,1,1,"[""129483238"", ""196291255"", ""165548600"", ""213020277"", ""163370879"", ""159945426"", ""198092139"", ""89360655"", ""210940174"", ""158916391""]"
none_subset,4,196576597,167833938,57,1211,0,0,0,0,0,0,"[""213078674"", ""153865654"", ""143721865"", ""212108240"", ""213579155"", ""66276958"", ""46560698"", ""110700925"", ""194951054"", ""60292004""]"
none_subset,4,42436354,48307499,37,215,0,0,0,0,0,0,"[""81981879"", ""147794006"", ""51749408"", ""171006297"", ""16898206"", ""80328768"", ""23924949"", ""156934315"", ""143147405"", ""130778917""]"
none_subset,4,210977349,189901460,4,1052,0,0,0,0,0,0,"[""86000147"", ""174535187"", ""188468393"", ""133070539"", ""179145991"", ""163340296"", ""119900827"", ""174770035"", ""204141781"", ""112930320""]"
none_subset,4,133539481,116918686,38,1447,0,0,0,0,0,0,"[""146473396"", ""190122858"", ""104610572"", ""102368805"", ""107056132"", ""177615389"", ""107054492"", ""158100308"", ""201553356"", ""91690080""]"
none_subset,4,194518674,155647098,57,1200,0,0,0,0,0,0,"[""202725978"", ""202626135"", ""200892019"", ""110730358"", ""159020175"", ""87345780"", ""63293833"", ""204648894"", ""149427907"", ""176835551""]"
none_subset,4,175295469,143875665,43,863,0,0,0,0,0,0,"[""130448492"", ""140922487"", ""146898856"", ""121414926"", ""29596208"", ""101275830"", ""68189198"", ""177473145"", ""145906971"", ""99992649""]"
none_subset,4,206040429,135449945,62,224,0,0,0,0,0,0,"[""167750528"", ""119531432"", ""15942056"", ""115226483"", ""162672578"", ""193705208"", ""186756267"", ""167266244"", ""206434730"", ""156966802""]"
none_subset,4,134957970,112046908,38,141,0,0,0,0,0,0,"[""206303400"", ""154880168"", ""136989956"", ""207390535"", ""206925334"", ""149349102"", ""162629010"", ""67142038"", ""155332547"", ""162918532""]"
none_subset,4,42375630,46481554,46,333,0,0,0,0,0,0,"[""79596435"", ""50497846"", ""132957109"", ""188997673"", ""120660699"", ""29516698"", ""177872819"", ""78347549"", ""145192070"", ""76058535""]"
none_subset,4,135329967,116929460,37,4,0,0,1,1,1,1,"[""82620936"", ""101004970"", ""142630827"", ""116929460"", ""75770636"", ""207755116"", ""208900697"", ""37024390"", ""105586047"", ""164141851""]"
none_subset,4,207552768,183764775,4,48,0,0,0,0,0,1,"[""191316160"", ""210484477"", ""206636227"", ""188468393"", ""180843726"", ""205600080"", ""163340296"", ""197090565"", ""203542152"", ""196161368""]"
none_subset,4,223911113,213295875,62,66,0,0,0,0,0,0,"[""208719189"", ""210489322"", ""207609626"", ""211808810"", ""195303938"", ""191313815"", ""174639103"", ""211070786"", ""185606507"", ""172843229""]"
none_subset,4,171901450,134701518,57,1021,0,0,0,0,0,0,"[""174577939"", ""177111182"", ""167495362"", ""163924604"", ""152811727"", ""191111309"", ""208035957"", ""75722520"", ""143993691"", ""165671190""]"
none_subset,4,94318126,79219323,37,155,0,0,0,0,0,0,"[""81629443"", ""174690214"", ""157270034"", ""183021602"", ""207846338"", ""191849051"", ""144899760"", ""161417702"", ""76037021"", ""88534873""]"
none_subset,4,66674874,71990231,4,397,0,0,0,0,0,0,"[""156103241"", ""143929940"", ""149095048"", ""177849963"", ""93696567"", ""190067899"", ""119644839"", ""182763611"", ""143852845"", ""133639093""]"
none_subset,4,197036077,146304930,57,79,0,0,0,0,0,0,"[""147735917"", ""109983619"", ""162086507"", ""44099846"", ""57896054"", ""84446338"", ""113655478"", ""200415629"", ""163533843"", ""113047535""]"
none_subset,4,207669242,183225705,43,330,0,0,0,0,0,0,"[""166329703"", ""193590200"", ""106212567"", ""89809066"", ""206290556"", ""202216480"", ""178819152"", ""154632495"", ""109221510"", ""88578062""]"
none_subset,4,180751434,150129745,64,466,0,0,0,0,0,0,"[""121260031"", ""151373996"", ""105898966"", ""183013744"", ""46094230"", ""181441566"", ""97428675"", ""173661276"", ""147984435"", ""14286061""]"
none_subset,4,221126045,201704588,43,23,0,0,0,0,1,1,"[""204268653"", ""97506344"", ""164268294"", ""108684069"", ""207051663"", ""193746203"", ""194880726"", ""208309750"", ""94814195"", ""197514276""]"
none_subset,4,223230808,212216117,37,112,0,0,0,0,0,0,"[""201561139"", ""150316929"", ""167674987"", ""142508806"", ""196469804"", ""85275000"", ""209386603"", ""209172335"", ""169799265"", ""142113211""]"
none_subset,4,177789215,145698626,4,284,0,0,0,0,0,0,"[""190621677"", ""173055109"", ""159922963"", ""144373105"", ""150679730"", ""184849383"", ""120663751"", ""139852579"", ""149599673"", ""184587206""]"
none_subset,4,222158033,209156180,37,35,0,0,0,0,0,1,"[""60946553"", ""145639775"", ""107504819"", ""132869646"", ""136711963"", ""101905613"", ""50495635"", ""176171377"", ""162164654"", ""44375205""]"
none_subset,4,192119956,149266469,37,604,0,0,0,0,0,0,"[""146869816"", ""166280219"", ""194918694"", ""160156715"", ""170049514"", ""151601836"", ""194957772"", ""139307132"", ""209172941"", ""164351701""]"
none_subset,4,121225892,105854316,43,10,0,0,0,1,1,1,"[""129262032"", ""99218293"", ""113535350"", ""178419736"", ""153557023"", ""107227181"", ""97506344"", ""207958000"", ""163223965"", ""105854316""]"
none_subset,4,179492657,148382065,43,1392,0,0,0,0,0,0,"[""186549940"", ""119064343"", ""195408710"", ""102424723"", ""90198681"", ""164476094"", ""167879223"", ""174689753"", ""138585496"", ""193435206""]"
none_subset,4,224149841,213430450,43,113,0,0,0,0,0,0,"[""170439536"", ""207021897"", ""197992371"", ""204358109"", ""194343309"", ""164252684"", ""127979191"", ""140052409"", ""145855101"", ""129193322""]"
none_subset,4,197596838,159701581,37,1028,0,0,0,0,0,0,"[""161390704"", ""190113798"", ""206967323"", ""212776036"", ""170350787"", ""203837820"", ""209587702"", ""200379642"", ""183978577"", ""190948029""]"
none_subset,4,221943904,206506072,38,1090,0,0,0,0,0,0,"[""151805156"", ""100854450"", ""123502593"", ""153686086"", ""207763939"", ""180784190"", ""181340196"", ""194365263"", ""210249861"", ""44557915""]"
none_subset,4,185015935,150778048,37,89,0,0,0,0,0,0,"[""187043151"", ""186986472"", ""105274553"", ""53410176"", ""29496516"", ""178992708"", ""123259140"", ""138020902"", ""139778879"", ""153538224""]"
none_subset,4,214248010,195057440,62,1403,0,0,0,0,0,0,"[""69002225"", ""58086605"", ""191201365"", ""186169702"", ""190355590"", ""145797588"", ""136225463"", ""187612359"", ""115226483"", ""135449877""]"
none_subset,4,156067516,81576657,62,147,0,0,0,0,0,0,"[""127168363"", ""201325161"", ""113994482"", ""79071994"", ""176569557"", ""110927257"", ""96381369"", ""172843229"", ""209151724"", ""32645477""]"
none_subset,4,128825916,106268905,43,133,0,0,0,0,0,0,"[""83550407"", ""64515020"", ""145996061"", ""126470047"", ""87001748"", ""120122284"", ""82996098"", ""199700611"", ""213210833"", ""194759873""]"
none_subset,4,223217989,198209727,64,1452,0,0,0,0,0,0,"[""98469115"", ""132289907"", ""102619257"", ""163956163"", ""133319690"", ""101323481"", ""209368038"", ""136053941"", ""181874277"", ""87246800""]"
none_subset,4,225332788,205095267,37,1927,0,0,0,0,0,0,"[""191148698"", ""150765445"", ""131581832"", ""166149565"", ""212196373"", ""82961419"", ""207481345"", ""197238711"", ""134994151"", ""187021020""]"
none_subset,4,221285969,23574939,57,2526,0,0,0,0,0,0,"[""145037371"", ""207095476"", ""191111309"", ""163266264"", ""164536801"", ""203970549"", ""110518281"", ""135509545"", ""186967871"", ""164678159""]"
none_subset,4,187728126,143773318,38,1074,0,0,0,0,0,0,"[""99753126"", ""91690080"", ""180347138"", ""205283530"", ""118132660"", ""200830087"", ""196304269"", ""107054492"", ""153394371"", ""209239234""]"
none_subset,4,158852994,136540208,46,279,0,0,0,0,0,0,"[""86091554"", ""209824689"", ""77408378"", ""201215254"", ""129089284"", ""200878445"", ""204026475"", ""145094112"", ""163538004"", ""161442585""]"
none_subset,4,209913415,168442721,62,843,0,0,0,0,0,0,"[""99563204"", ""135449877"", ""165119271"", ""91550082"", ""50662129"", ""76665110"", ""100102954"", ""194230029"", ""46446514"", ""134905481""]"
none_subset,4,199877634,146180479,4,589,0,0,0,0,0,0,"[""213835807"", ""138324707"", ""144683728"", ""86957065"", ""193858344"", ""56134226"", ""156456714"", ""191033158"", ""200450899"", ""94286928""]"
none_subset,4,167765054,138066138,37,1739,0,0,0,0,0,0,"[""168816718"", ""201044584"", ""198513727"", ""210666947"", ""212542886"", ""201741807"", ""183519446"", ""197238711"", ""189787964"", ""206404092""]"
none_subset,4,221305283,194840920,4,409,0,0,0,0,0,0,"[""193873768"", ""180748130"", ""198430694"", ""154473913"", ""204678434"", ""205530255"", ""165619853"", ""78864979"", ""208950650"", ""138230611""]"
none_subset,4,207655443,162346539,4,964,0,0,0,0,0,0,"[""53882418"", ""214498383"", ""65412208"", ""210301282"", ""59005387"", ""166646423"", ""168012970"", ""193934711"", ""111743235"", ""165105661""]"
none_subset,4,224728941,177872819,46,1010,0,0,0,0,0,0,"[""160110731"", ""139649558"", ""193559506"", ""113999669"", ""158946684"", ""110900877"", ""192342929"", ""194811856"", ""59097004"", ""156554598""]"
none_subset,4,164312178,139504923,46,514,0,0,0,0,0,0,"[""109829293"", ""209621390"", ""204039714"", ""204632637"", ""175722045"", ""171974189"", ""32186937"", ""180375963"", ""138519024"", ""204723094""]"
none_subset,4,39511867,44749628,64,289,0,0,0,0,0,0,"[""46094230"", ""186122058"", ""144339648"", ""94645332"", ""168668432"", ""80281524"", ""63404553"", ""187708913"", ""25588585"", ""80098795""]"
none_subset,4,221007278,204863011,46,186,0,0,0,0,0,0,"[""172197706"", ""207308677"", ""166648954"", ""135652658"", ""81754384"", ""164627162"", ""168093078"", ""138617659"", ""206921287"", ""161757619""]"
none_subset,4,188340553,126776964,38,477,0,0,0,0,0,0,"[""190122858"", ""169283590"", ""203456655"", ""213380358"", ""144257088"", ""95952428"", ""103134592"", ""81577148"", ""178132616"", ""201312801""]"
none_subset,4,176191491,147433235,43,436,0,0,0,0,0,0,"[""56249203"", ""151416547"", ""198166094"", ""99130868"", ""86505092"", ""163095786"", ""116652853"", ""73260900"", ""66798140"", ""69088872""]"
none_subset,4,225285388,210009094,64,419,0,0,0,0,0,0,"[""207726882"", ""211889722"", ""214403909"", ""150570854"", ""205489483"", ""174719538"", ""184550395"", ""187276264"", ""64748486"", ""176590943""]"
none_subset,4,217256940,95787846,64,371,0,0,0,0,0,0,"[""192057548"", ""213581190"", ""131413365"", ""97353101"", ""179411117"", ""92309560"", ""154412302"", ""204273384"", ""64566466"", ""106247745""]"
none_subset,4,219286194,200007082,4,209,0,0,0,0,0,0,"[""68173330"", ""143253664"", ""176741246"", ""200439718"", ""112919636"", ""201618660"", ""181646106"", ""201066421"", ""165324074"", ""191498286""]"
none_subset,4,225328937,182217673,43,56,0,0,0,0,0,0,"[""170523305"", ""180794567"", ""144080652"", ""165082890"", ""98581026"", ""4674477"", ""15015983"", ""61372398"", ""79511837"", ""132568100""]"
none_subset,4,216776054,195252060,64,772,0,0,0,0,0,0,"[""168712424"", ""207826820"", ""168247151"", ""196286888"", ""207475739"", ""31566174"", ""20371087"", ""186937016"", ""210666920"", ""213788530""]"
none_subset,4,88929888,84904092,57,29,0,0,0,0,1,1,"[""82248629"", ""84202088"", ""79470201"", ""135872349"", ""196654350"", ""202526079"", ""208717293"", ""171021120"", ""57596469"", ""207299521""]"
none_subset,4,215442765,190481856,4,246,0,0,0,0,0,0,"[""147828982"", ""214896797"", ""56795758"", ""82830352"", ""167076720"", ""177857518"", ""161281171"", ""172033376"", ""169556971"", ""159659843""]"
none_subset,4,225059433,215139393,38,256,0,0,0,0,0,0,"[""206039176"", ""204375245"", ""205235184"", ""157625011"", ""173304858"", ""211398537"", ""205465606"", ""51837774"", ""191670247"", ""185960895""]"
none_subset,4,164525297,140610901,38,516,0,0,0,0,0,0,"[""192510359"", ""200481961"", ""159326492"", ""166302090"", ""193857539"", ""172963177"", ""182704194"", ""122560021"", ""188800913"", ""212801979""]"
none_subset,4,152402202,130496317,43,19,0,0,0,0,1,1,"[""138106208"", ""75802625"", ""72421330"", ""213210833"", ""137017957"", ""104265595"", ""75648342"", ""144482097"", ""68949275"", ""205605896""]"
none_subset,4,222866408,169019310,38,95,0,0,0,0,0,0,"[""74273124"", ""127539785"", ""159835737"", ""148428740"", ""201541368"", ""123821164"", ""165955684"", ""44504337"", ""202182110"", ""110664117""]"
none_subset,4,185814053,155908916,4,77,0,0,0,0,0,0,"[""98834359"", ""173259969"", ""100007550"", ""189148609"", ""179258061"", ""113622434"", ""156901917"", ""183725729"", ""144683728"", ""214968505""]"
none_subset,4,198199442,165933677,62,1241,0,0,0,0,0,0,"[""195510107"", ""117977369"", ""191653901"", ""129898062"", ""155955578"", ""156885677"", ""67539912"", ""194424066"", ""184405626"", ""195935444""]"
none_subset,4,183922776,54000205,4,225,0,0,0,0,0,0,"[""73118528"", ""163608455"", ""144811459"", ""197455821"", ""180266107"", ""214212078"", ""174141513"", ""202002064"", ""207935824"", ""184994826""]"
none_subset,4,61105325,66742812,43,595,0,0,0,0,0,0,"[""164252684"", ""170439536"", ""194705635"", ""136434782"", ""132175560"", ""202847647"", ""129193322"", ""172285662"", ""172004209"", ""198017996""]"
none_subset,4,187045406,156470070,38,470,0,0,0,0,0,0,"[""109987226"", ""91690080"", ""126884451"", ""180487810"", ""204224738"", ""160041957"", ""128953329"", ""127571400"", ""110457316"", ""204637998""]"
none_subset,4,41623001,47719129,4,143,0,0,0,0,0,0,"[""164526532"", ""78628063"", ""129435163"", ""178109092"", ""51294207"", ""163852424"", ""23408401"", ""151518049"", ""205703795"", ""16236445""]"
none_subset,4,81846769,79676853,43,424,0,0,0,0,0,0,"[""178272808"", ""168714665"", ""123925115"", ""84316516"", ""157989085"", ""101587771"", ""193853476"", ""75777764"", ""118470473"", ""209726854""]"
none_subset,4,203548595,87345780,57,347,0,0,0,0,0,0,"[""191111309"", ""165671190"", ""202980559"", ""139367767"", ""195801582"", ""75722520"", ""181893956"", ""207301406"", ""173887076"", ""125915675""]"
none_subset,4,126281703,108003168,38,248,0,0,0,0,0,0,"[""206277956"", ""186169057"", ""129585105"", ""82057494"", ""111431777"", ""51837774"", ""213805230"", ""141804705"", ""67506534"", ""73432323""]"
none_subset,4,215144932,196368309,64,292,0,0,0,0,0,0,"[""200033728"", ""210148884"", ""16466362"", ""122150463"", ""143663551"", ""119491080"", ""199715478"", ""22329772"", ""204007990"", ""78458855""]"
none_subset,4,213811620,63293833,57,454,0,0,0,0,0,0,"[""65090075"", ""53594227"", ""51949929"", ""211835809"", ""21487414"", ""14439949"", ""66485491"", ""139028158"", ""29422189"", ""55903132""]"
none_subset,4,224184002,212293169,64,10,0,0,0,1,1,1,"[""88397191"", ""69248477"", ""193072604"", ""166184401"", ""208915255"", ""62550428"", ""161824377"", ""156194814"", ""173246608"", ""212293169""]"
none_subset,4,139698862,117866061,37,38,0,0,0,0,0,1,"[""122241592"", ""208576745"", ""159129159"", ""117786165"", ""195462928"", ""122748929"", ""92919228"", ""73172650"", ""145706391"", ""193680819""]"
none_subset,4,222045268,210273576,4,78,0,0,0,0,0,0,"[""199379224"", ""181915374"", ""191301984"", ""206947052"", ""183741193"", ""204202021"", ""213568542"", ""131992278"", ""36554500"", ""187535990""]"
none_subset,4,63275424,65960411,43,1744,0,0,0,0,0,0,"[""156989303"", ""120188232"", ""194855616"", ""199412521"", ""161591199"", ""200681002"", ""184170758"", ""127816748"", ""206941043"", ""176565044""]"
none_subset,4,201091796,171038010,4,1683,0,0,0,0,0,0,"[""198281595"", ""196470181"", ""201357350"", ""150456310"", ""86385298"", ""102233014"", ""214968505"", ""149264383"", ""56795758"", ""80097875""]"
none_subset,4,213506306,194031199,4,450,0,0,0,0,0,0,"[""202571906"", ""172884595"", ""196167891"", ""208780104"", ""185360306"", ""183509496"", ""153410659"", ""191316160"", ""180815842"", ""182581077""]"
none_subset,4,224617222,171025610,64,1487,0,0,0,0,0,0,"[""169811379"", ""152337991"", ""202400540"", ""96535844"", ""191320922"", ""203217424"", ""187029541"", ""176953865"", ""135996572"", ""62581454""]"
none_subset,4,142769851,111061767,43,1954,0,0,0,0,0,0,"[""158391463"", ""211890870"", ""45817946"", ""203178329"", ""183029564"", ""57750732"", ""201690715"", ""157809653"", ""127000704"", ""39026970""]"
none_subset,4,218995188,165024808,46,587,0,0,0,0,0,0,"[""193074174"", ""209128578"", ""167383627"", ""129427671"", ""206745230"", ""167464610"", ""184646371"", ""194854155"", ""194811856"", ""187611963""]"
none_subset,4,214405765,74204224,43,77,0,0,0,0,0,0,"[""203668670"", ""148801479"", ""186549940"", ""145855101"", ""162612749"", ""54786988"", ""138812364"", ""151666642"", ""5568612"", ""146894509""]"
none_subset,4,163127963,134221699,38,386,0,0,0,0,0,0,"[""16689432"", ""136989956"", ""67142038"", ""207390508"", ""145720442"", ""150630196"", ""206506072"", ""194245127"", ""158493521"", ""49778371""]"
none_subset,4,134092901,118156059,43,418,0,0,0,0,0,0,"[""61372398"", ""120188232"", ""183029564"", ""144463129"", ""181955635"", ""193103331"", ""184970697"", ""76970617"", ""127816748"", ""178810275""]"
none_subset,4,205692591,82808529,64,2026,0,0,0,0,0,0,"[""144073843"", ""32842438"", ""183047062"", ""191946769"", ""210444502"", ""112056185"", ""147451743"", ""180165679"", ""112345894"", ""60260391""]"
none_subset,4,208366867,183270553,37,204,0,0,0,0,0,0,"[""48071159"", ""191232165"", ""166660731"", ""191630630"", ""158784072"", ""201913249"", ""100944933"", ""162868831"", ""141081466"", ""175392694""]"
none_subset,4,183543814,155947772,38,643,0,0,0,0,0,0,"[""180386955"", ""159333154"", ""38003672"", ""189997217"", ""125066164"", ""171588996"", ""201541368"", ""158101671"", ""126012999"", ""179244626""]"
none_subset,4,132852676,69248477,64,310,0,0,0,0,0,0,"[""131141531"", ""103416735"", ""181619566"", ""179015555"", ""67144823"", ""90897593"", ""119643934"", ""127488045"", ""169220249"", ""160008395""]"
none_subset,4,195382135,166571190,46,480,0,0,0,0,0,0,"[""202999067"", ""166024976"", ""200814907"", ""70517064"", ""178445507"", ""126396079"", ""207806044"", ""196161188"", ""78516486"", ""160304046""]"
none_subset,4,20438195,11666277,62,361,0,0,0,0,0,0,"[""168785007"", ""194803893"", ""32936165"", ""160329216"", ""143261727"", ""74887373"", ""120579969"", ""8737650"", ""161511273"", ""53450905""]"
none_subset,4,188427762,130875451,38,637,0,0,0,0,0,0,"[""193325020"", ""186173164"", ""183904957"", ""125496543"", ""154762222"", ""167983168"", ""107054492"", ""167316011"", ""135789043"", ""118437549""]"
none_subset,4,60824477,58955704,64,235,0,0,0,0,0,0,"[""160842974"", ""194094670"", ""138800320"", ""121442493"", ""128085943"", ""179740887"", ""137448907"", ""149715107"", ""44092132"", ""69885765""]"
none_subset,4,140198057,118242163,38,97,0,0,0,0,0,0,"[""211769488"", ""204637998"", ""64731721"", ""177602054"", ""109987226"", ""126884451"", ""196742641"", ""167575814"", ""199347203"", ""91690080""]"
none_subset,4,184399712,154732137,37,110,0,0,0,0,0,0,"[""195296935"", ""196563012"", ""190075252"", ""191911000"", ""207698281"", ""169228866"", ""153099679"", ""195583647"", ""179751402"", ""93983706""]"
none_subset,4,220020505,138026153,38,399,0,0,0,0,0,0,"[""167154256"", ""157714512"", ""41147018"", ""205645402"", ""173793300"", ""207326334"", ""202697291"", ""107256101"", ""172935259"", ""179000829""]"
none_subset,4,201728666,174586724,46,3,0,1,1,1,1,1,"[""165953966"", ""127947793"", ""174586724"", ""196783083"", ""193074174"", ""187611963"", ""139649558"", ""155017018"", ""184612826"", ""197415730""]"
none_subset,4,29544782,17588522,4,258,0,0,0,0,0,0,"[""175596949"", ""159049760"", ""200570078"", ""40365043"", ""164495014"", ""171792193"", ""116057633"", ""144046125"", ""114633318"", ""68871068""]"
none_subset,4,174272749,143611276,43,291,0,0,0,0,0,0,"[""207021897"", ""200894620"", ""198313310"", ""168783197"", ""200893142"", ""167623966"", ""207898804"", ""144345531"", ""182050443"", ""198489911""]"
none_subset,4,199053162,161334927,57,1312,0,0,0,0,0,0,"[""118860917"", ""183152391"", ""205149327"", ""209465166"", ""207601730"", ""195503806"", ""211653597"", ""183442245"", ""213085507"", ""208101032""]"
none_subset,4,76745510,71210763,46,1206,0,0,0,0,0,0,"[""205769669"", ""210837002"", ""112097565"", ""61233280"", ""164665349"", ""208074451"", ""114943400"", ""98678440"", ""164953659"", ""164912617""]"
none_subset,4,199131029,144049941,62,2214,0,0,0,0,0,0,"[""156885677"", ""134377605"", ""76665110"", ""135449877"", ""195935444"", ""180324136"", ""185145276"", ""173850609"", ""181195424"", ""176645947""]"
none_subset,4,187224507,153091037,37,719,0,0,0,0,0,0,"[""141087936"", ""151497086"", ""165767706"", ""147794006"", ""143147405"", ""200024420"", ""102274756"", ""81981879"", ""186593902"", ""132009085""]"
none_subset,4,224740648,154090124,38,270,0,0,0,0,0,0,"[""45579165"", ""74273124"", ""201541368"", ""159835737"", ""20918033"", ""179876069"", ""6679232"", ""66287825"", ""149732635"", ""151108044""]"
none_subset,4,220439487,203377602,62,238,0,0,0,0,0,0,"[""203335692"", ""186756267"", ""167750528"", ""197129044"", ""134120804"", ""135157671"", ""203397613"", ""187005682"", ""146789147"", ""22079020""]"
none_subset,4,219251026,203992364,64,36,0,0,0,0,0,1,"[""120036834"", ""109320323"", ""136347027"", ""174340250"", ""88397191"", ""111705025"", ""209149604"", ""19548710"", ""113587141"", ""76747946""]"
none_subset,4,187508039,136496108,62,786,0,0,0,0,0,0,"[""156885677"", ""180324136"", ""46446514"", ""91550082"", ""76665110"", ""188263596"", ""194707540"", ""134905481"", ""148844442"", ""204100209""]"
none_subset,4,214067749,181646106,4,31,0,0,0,0,0,1,"[""152685161"", ""65093674"", ""214968505"", ""137934343"", ""144995106"", ""201066421"", ""183642706"", ""183725729"", ""200691824"", ""156901917""]"
none_subset,4,216694304,200271479,62,1,1,1,1,1,1,1,"[""200271479"", ""167732430"", ""167656283"", ""210197649"", ""190955120"", ""150180683"", ""109144733"", ""124421602"", ""133699198"", ""183670981""]"
none_subset,4,201918089,176600488,46,2462,0,0,0,0,0,0,"[""205769669"", ""206921287"", ""45375287"", ""208099409"", ""79988383"", ""201507987"", ""130443128"", ""138326639"", ""121587868"", ""169485140""]"
none_subset,4,47122871,41756235,43,379,0,0,0,0,0,0,"[""59841256"", ""189165560"", ""182972054"", ""204057759"", ""201013343"", ""94325948"", ""124169369"", ""180951430"", ""74957401"", ""54226204""]"
none_subset,4,222892044,211669271,64,789,0,0,0,0,0,0,"[""103562123"", ""141031821"", ""108051613"", ""114137962"", ""202253212"", ""56833135"", ""54856875"", ""130094229"", ""172458661"", ""111358319""]"
none_subset,4,169319496,136515877,43,24,0,0,0,0,1,1,"[""160598030"", ""162605137"", ""100215754"", ""195866072"", ""18292202"", ""126415167"", ""120594115"", ""84074518"", ""65189990"", ""168131196""]"
none_subset,4,125288533,108861780,4,119,0,0,0,0,0,0,"[""36482821"", ""161593927"", ""190871924"", ""162319116"", ""50763233"", ""169250822"", ""131037236"", ""204256104"", ""207566657"", ""206800954""]"
none_subset,4,195356107,167530279,62,37,0,0,0,0,0,1,"[""150945055"", ""146878510"", ""192716019"", ""150826025"", ""176333450"", ""95641166"", ""72763415"", ""56951341"", ""214110785"", ""125457528""]"
none_subset,4,208455419,184515969,37,22,0,0,0,0,1,1,"[""188967908"", ""152762226"", ""158117230"", ""115215869"", ""42842956"", ""109130798"", ""127087324"", ""133932837"", ""213026576"", ""58893791""]"
none_subset,4,208182607,182783107,62,1929,0,0,0,0,0,0,"[""121464697"", ""56951341"", ""156966802"", ""146878510"", ""176333450"", ""93458026"", ""189571937"", ""141274480"", ""146315787"", ""130184436""]"
none_subset,4,214465153,187955925,38,414,0,0,0,0,0,0,"[""201030455"", ""92430066"", ""14434511"", ""181242432"", ""116226486"", ""171755799"", ""149982401"", ""148428740"", ""200830087"", ""12905940""]"
none_subset,4,186760791,155870634,4,1668,0,0,0,0,0,0,"[""183725729"", ""152685161"", ""185787629"", ""119900827"", ""144513042"", ""184628720"", ""93467050"", ""189202376"", ""189401835"", ""151009561""]"
none_subset,4,194665533,157482383,46,164,0,0,0,0,0,0,"[""68978046"", ""64234906"", ""140827649"", ""129089284"", ""110268464"", ""99453113"", ""113591349"", ""194862890"", ""100503293"", ""174465659""]"
none_subset,4,218470994,203493090,4,575,0,0,0,0,0,0,"[""213281189"", ""210301282"", ""199802363"", ""166646423"", ""211821321"", ""202725813"", ""208649934"", ""167026168"", ""6658108"", ""79457205""]"
none_subset,4,223715437,208996795,62,513,0,0,0,0,0,0,"[""181082260"", ""123217124"", ""163318709"", ""193871414"", ""202517117"", ""43654675"", ""209588722"", ""163318703"", ""211467888"", ""170918707""]"
none_subset,4,69981774,24433447,62,1618,0,0,0,0,0,0,"[""127682307"", ""86295030"", ""213858568"", ""187064730"", ""188361417"", ""13653122"", ""125173216"", ""205137345"", ""52152330"", ""185409558""]"
none_subset,4,220609947,191700438,37,118,0,0,0,0,0,0,"[""153610553"", ""192414071"", ""137567904"", ""149298273"", ""209045757"", ""179319840"", ""172283615"", ""128177539"", ""204666072"", ""199886459""]"
none_subset,4,172785626,140687112,62,1223,0,0,0,0,0,0,"[""106557292"", ""209579537"", ""94546694"", ""194843976"", ""110202670"", ""210678182"", ""59483405"", ""168266887"", ""152815967"", ""136870941""]"
none_subset,4,209414180,186937016,64,18,0,0,0,0,1,1,"[""206276658"", ""192179303"", ""211987351"", ""195529634"", ""187944465"", ""162686675"", ""210110340"", ""191930990"", ""195536773"", ""60124479""]"
none_subset,4,182325239,78218137,64,1157,0,0,0,0,0,0,"[""103416735"", ""179015555"", ""181619566"", ""138115654"", ""174183108"", ""152368817"", ""116380815"", ""131141531"", ""188599489"", ""123167911""]"
none_subset,4,172259600,140907909,37,775,0,0,0,0,0,0,"[""21423746"", ""121116115"", ""127087324"", ""166075041"", ""132606216"", ""69288982"", ""171828064"", ""23924949"", ""153205116"", ""33066220""]"
none_subset,4,177017394,148559209,43,823,0,0,0,0,0,0,"[""153567645"", ""154676816"", ""156881929"", ""204821849"", ""108194109"", ""185138279"", ""183640029"", ""214379964"", ""157240824"", ""51679199""]"
none_subset,4,218283913,195332849,37,16,0,0,0,0,1,1,"[""164430683"", ""205465612"", ""195301608"", ""132867062"", ""162276026"", ""118522369"", ""116449619"", ""168157454"", ""162275547"", ""208828602""]"
none_subset,4,224935448,200715695,38,55,0,0,0,0,0,0,"[""203456374"", ""86748527"", ""206728210"", ""184698900"", ""191737393"", ""88479809"", ""189303189"", ""211127039"", ""209454122"", ""209921939""]"
none_subset,4,59634381,63004444,4,152,0,0,0,0,0,0,"[""206799452"", ""194446742"", ""144373105"", ""54212504"", ""50883863"", ""155062344"", ""178305613"", ""145303232"", ""182361800"", ""197921332""]"
none_subset,4,223974127,213482572,46,113,0,0,0,0,0,0,"[""213130291"", ""210880528"", ""201461152"", ""173634775"", ""173421370"", ""200584617"", ""204759997"", ""204540006"", ""215124824"", ""79809742""]"
none_subset,4,187675681,111085092,38,84,0,0,0,0,0,0,"[""171755799"", ""171949747"", ""113999751"", ""92430066"", ""116226486"", ""66334917"", ""207664747"", ""201030455"", ""161128754"", ""209320022""]"
none_subset,4,210813984,181699642,4,78,0,0,0,0,0,0,"[""173259969"", ""191033158"", ""189148609"", ""145800774"", ""186739934"", ""183642706"", ""144683728"", ""144995106"", ""201066421"", ""56134226""]"
none_subset,4,123223889,104127006,46,4,0,0,1,1,1,1,"[""179855914"", ""160547557"", ""16900641"", ""104127006"", ""204635544"", ""169165853"", ""142626177"", ""192689229"", ""138971583"", ""204373612""]"
none_subset,4,135523212,116240817,37,58,0,0,0,0,0,0,"[""88534873"", ""66495486"", ""119227333"", ""76841920"", ""42842956"", ""103348357"", ""119576252"", ""211863626"", ""190540665"", ""151964729""]"
none_subset,4,181412969,166272408,43,752,0,0,0,0,0,0,"[""88578062"", ""203995902"", ""210958988"", ""177227364"", ""213139647"", ""211582481"", ""160067277"", ""194022987"", ""187215484"", ""210778994""]"
none_subset,4,195193381,160686884,64,75,0,0,0,0,0,0,"[""128217933"", ""92189436"", ""156476311"", ""146887481"", ""53453982"", ""157803989"", ""201449249"", ""173438440"", ""160400188"", ""129093190""]"
none_subset,4,8242218,6658108,4,417,0,0,0,0,0,0,"[""205390513"", ""206276218"", ""185596367"", ""45403148"", ""185362507"", ""198808044"", ""12178422"", ""209043508"", ""212639315"", ""213679625""]"
none_subset,4,209410188,185723367,64,1049,0,0,0,0,0,0,"[""76676235"", ""173526297"", ""193536959"", ""150385215"", ""131561726"", ""117014804"", ""209791442"", ""170912580"", ""145311547"", ""193870914""]"
none_subset,4,179871206,150394632,37,656,0,0,0,0,0,0,"[""169510905"", ""184357547"", ""209794141"", ""178981277"", ""151546541"", ""110465452"", ""204666072"", ""198753304"", ""187389375"", ""145502443""]"
none_subset,4,163060754,106343904,62,390,0,0,0,0,0,0,"[""134377605"", ""214511493"", ""13867381"", ""150940601"", ""167750528"", ""88475705"", ""203394975"", ""213328054"", ""212737935"", ""203378728""]"
none_subset,4,216062725,172884595,4,60,0,0,0,0,0,0,"[""160129846"", ""195830492"", ""181099732"", ""205600080"", ""202571906"", ""179532049"", ""186827392"", ""185360306"", ""189901460"", ""73825216""]"
none_subset,4,199958816,173824567,46,1862,0,0,0,0,0,0,"[""135883318"", ""137569131"", ""170790096"", ""143366526"", ""129338201"", ""143689220"", ""8742737"", ""92258718"", ""178808064"", ""21000985""]"
none_subset,4,183586159,128098941,37,411,0,0,0,0,0,0,"[""140164328"", ""190113798"", ""181777102"", ""200379642"", ""164415171"", ""132747199"", ""163785036"", ""117257931"", ""147751334"", ""17206468""]"
none_subset,4,139811710,121324439,62,772,0,0,0,0,0,0,"[""212334345"", ""153978341"", ""128533237"", ""209579537"", ""194230029"", ""125457528"", ""145797588"", ""132102628"", ""58086605"", ""204100209""]"
none_subset,4,170237519,117006578,62,6,0,0,0,1,1,1,"[""164086518"", ""78481865"", ""80344615"", ""45013331"", ""42940692"", ""117006578"", ""96688945"", ""70381552"", ""62366035"", ""162263431""]"
none_subset,4,195318248,161147605,37,295,0,0,0,0,0,0,"[""16898206"", ""165767706"", ""89454786"", ""156260279"", ""184920959"", ""150950507"", ""199385964"", ""52435800"", ""165689309"", ""167166017""]"
none_subset,4,206075921,169435001,46,318,0,0,0,0,0,0,"[""65618657"", ""153503851"", ""121183627"", ""159536710"", ""205657343"", ""47199408"", ""154894208"", ""201405465"", ""74187345"", ""207380544""]"
none_subset,4,100867984,91035907,57,467,0,0,0,0,0,0,"[""29270498"", ""122877346"", ""179666076"", ""117927111"", ""88411977"", ""11488289"", ""97187105"", ""138657391"", ""119144884"", ""154843596""]"
none_subset,4,209791876,107331925,43,193,0,0,0,0,0,0,"[""156158359"", ""153040976"", ""212033090"", ""197613208"", ""194288073"", ""200208585"", ""164251704"", ""155260520"", ""184875265"", ""146783647""]"
none_subset,4,224130840,194261583,46,303,0,0,0,0,0,0,"[""151502148"", ""203506552"", ""134421881"", ""136423014"", ""209162282"", ""202089453"", ""201469244"", ""206602271"", ""205283945"", ""207537150""]"
none_subset,4,223420921,212469100,46,56,0,0,0,0,0,0,"[""136320022"", ""211028341"", ""210498678"", ""171164335"", ""207323221"", ""144431749"", ""205208810"", ""209482743"", ""205395255"", ""207227762""]"
none_subset,4,222677275,209124215,4,231,0,0,0,0,0,0,"[""205600080"", ""196161368"", ""188468393"", ""215237393"", ""203466268"", ""188602972"", ""187535990"", ""195510728"", ""191316160"", ""180843726""]"
none_subset,4,140229338,122181220,57,386,0,0,0,0,0,0,"[""110306995"", ""204658040"", ""97187105"", ""128122761"", ""122789892"", ""99723323"", ""65090075"", ""40488723"", ""186597709"", ""107527374""]"
none_subset,4,196267500,142499231,4,62,0,0,0,0,0,0,"[""202167018"", ""12396291"", ""122564854"", ""167643231"", ""149759096"", ""93696567"", ""202362364"", ""184087480"", ""181843286"", ""174891772""]"
none_subset,4,184906862,153113645,37,472,0,0,0,0,0,0,"[""209045757"", ""169510905"", ""204074550"", ""137567904"", ""140488555"", ""192414071"", ""178981277"", ""61710118"", ""100949402"", ""193704109""]"
none_subset,4,204995496,164098406,64,68,0,0,0,0,0,0,"[""152337991"", ""187914316"", ""151064154"", ""187029541"", ""62581454"", ""191320922"", ""206213762"", ""202400540"", ""203217424"", ""204394947""]"
none_subset,4,150224460,124215587,38,241,0,0,0,0,0,0,"[""171072811"", ""84080355"", ""156470070"", ""79241550"", ""156836340"", ""211199092"", ""132744896"", ""111373874"", ""138558031"", ""207844498""]"
none_subset,4,222981811,211809068,4,758,0,0,0,0,0,0,"[""207985124"", ""180575809"", ""185133383"", ""188285916"", ""195078992"", ""188605425"", ""210655795"", ""201059508"", ""212482379"", ""215580451""]"
none_subset,4,119236072,106792362,38,1669,0,0,0,0,0,0,"[""167154238"", ""183239354"", ""192992682"", ""28399802"", ""113999751"", ""71896485"", ""200830087"", ""145999061"", ""79372963"", ""74617293""]"
none_subset,4,78479277,55373470,64,1571,0,0,0,0,0,0,"[""159745593"", ""127512781"", ""107659439"", ""155789483"", ""215220099"", ""182570567"", ""173622957"", ""34755694"", ""144281937"", ""126848368""]"
none_subset,4,213826296,194374377,37,1345,0,0,0,0,0,0,"[""187812442"", ""193679263"", ""185048961"", ""186179843"", ""121116115"", ""198753304"", ""143946320"", ""16898206"", ""186593902"", ""209794141""]"
none_subset,4,179398796,143030980,37,34,0,0,0,0,0,1,"[""64645018"", ""173457533"", ""146533593"", ""46870157"", ""148861378"", ""93923480"", ""56844437"", ""33563950"", ""155458733"", ""143680520""]"
none_subset,4,224139233,211667378,43,5,0,0,1,1,1,1,"[""189168111"", ""192529072"", ""166148334"", ""185897088"", ""211667378"", ""156158359"", ""164527202"", ""196161702"", ""193585048"", ""202628040""]"
none_subset,4,88158135,76586668,37,3,0,1,1,1,1,1,"[""210451253"", ""79464358"", ""76586668"", ""84416822"", ""134055274"", ""93720497"", ""63368910"", ""211415830"", ""130515422"", ""188240250""]"
none_subset,4,221359391,202029162,64,2538,0,0,0,0,0,0,"[""167211150"", ""70607335"", ""154324585"", ""164732342"", ""214169517"", ""168315905"", ""208033167"", ""65008714"", ""132521925"", ""96320844""]"
none_subset,4,195794862,124508627,38,1,1,1,1,1,1,1,"[""124508627"", ""139494203"", ""197433311"", ""123259370"", ""66553240"", ""159213527"", ""140030159"", ""198366865"", ""203336468"", ""86748527""]"
none_subset,4,166498224,123480831,4,75,0,0,0,0,0,0,"[""185556523"", ""202167018"", ""110512138"", ""129568541"", ""215452386"", ""138966111"", ""143548483"", ""174891772"", ""51992415"", ""117771611""]"
none_subset,4,113510417,102624613,38,207,0,0,0,0,0,0,"[""48003015"", ""152196582"", ""193133447"", ""206925334"", ""161128754"", ""207390508"", ""132671829"", ""178462865"", ""116918686"", ""157264118""]"
none_subset,4,213563483,190912236,46,151,0,0,0,0,0,0,"[""205031717"", ""208708242"", ""68647858"", ""155950947"", ""100882487"", ""35549011"", ""129338201"", ""78094109"", ""200814907"", ""132699103""]"
none_subset,4,213076500,192410120,4,150,0,0,0,0,0,0,"[""190789377"", ""202571906"", ""185360306"", ""195830492"", ""191462142"", ""205600080"", ""182904703"", ""160129846"", ""192473388"", ""215600148""]"
none_subset,4,207371562,85388350,38,131,0,0,0,0,0,0,"[""194346900"", ""159911050"", ""208225541"", ""130168090"", ""67142038"", ""31980662"", ""181834833"", ""204092180"", ""151483185"", ""206506072""]"
none_subset,4,170799193,142786924,62,2214,0,0,0,0,0,0,"[""146789147"", ""193705208"", ""190955120"", ""156503039"", ""162672578"", ""129328061"", ""67163751"", ""209579537"", ""73906788"", ""211691904""]"
none_subset,4,157935470,137663096,64,577,0,0,0,0,0,0,"[""157313823"", ""119643934"", ""195529634"", ""200590603"", ""197648445"", ""193298062"", ""204125965"", ""212293169"", ""193764051"", ""47134269""]"
none_subset,4,221793800,207709809,64,163,0,0,0,0,0,0,"[""70397289"", ""187914316"", ""206213762"", ""133169923"", ""68788331"", ""152337991"", ""194031832"", ""160006498"", ""95187471"", ""201344830""]"
none_subset,4,163553686,140059192,43,2196,0,0,0,0,0,0,"[""174578139"", ""100333045"", ""4674477"", ""59328880"", ""188032543"", ""74830022"", ""175993606"", ""127459019"", ""154142943"", ""69852060""]"
none_subset,4,79477223,50363701,64,1424,0,0,0,0,0,0,"[""63861102"", ""172848022"", ""140676990"", ""155183786"", ""204754543"", ""148414231"", ""141777886"", ""131141531"", ""186850320"", ""58475692""]"
none_subset,4,62806163,67822220,62,1558,0,0,0,0,0,0,"[""122377328"", ""95885283"", ""178964015"", ""101066716"", ""148891602"", ""160610901"", ""209401746"", ""186943676"", ""70315472"", ""117006578""]"
none_subset,4,222707355,210160269,62,499,0,0,0,0,0,0,"[""213971984"", ""212180917"", ""211808810"", ""198039882"", ""149874064"", ""153551332"", ""136291796"", ""210983882"", ""211318916"", ""165284774""]"
none_subset,4,110437116,87886557,62,196,0,0,0,0,0,0,"[""195842978"", ""188860992"", ""190914570"", ""141918937"", ""190418447"", ""181091254"", ""177326283"", ""191059034"", ""132104523"", ""52773606""]"
none_subset,4,80727090,51294207,4,586,0,0,0,0,0,0,"[""119900827"", ""112930320"", ""171159402"", ""162346539"", ""174535187"", ""151649288"", ""150456310"", ""155908916"", ""82830352"", ""151451581""]"
none_subset,4,147100623,128611931,62,113,0,0,0,0,0,0,"[""149461258"", ""145797588"", ""45959409"", ""61635952"", ""13874746"", ""150458051"", ""198734216"", ""209844093"", ""95729283"", ""61854824""]"
none_subset,4,190773415,153434097,57,915,0,0,0,0,0,0,"[""171078924"", ""204394071"", ""176848473"", ""152130845"", ""24251920"", ""103644387"", ""141395308"", ""201562377"", ""148491701"", ""86699063""]"
none_subset,4,224133090,194938661,4,235,0,0,0,0,0,0,"[""145698626"", ""159604649"", ""198314550"", ""144251877"", ""160116581"", ""195819596"", ""151428878"", ""54212504"", ""206799452"", ""176819214""]"
none_subset,4,221095450,207841001,37,1253,0,0,0,0,0,0,"[""210226726"", ""210562159"", ""197238711"", ""209161669"", ""204075228"", ""213416559"", ""168816718"", ""206864139"", ""164058126"", ""210666947""]"
none_subset,4,208008581,28587929,46,16,0,0,0,0,1,1,"[""212530716"", ""108971427"", ""146029150"", ""171227160"", ""167337155"", ""210724130"", ""167525245"", ""213475469"", ""102548981"", ""171227152""]"
none_subset,4,210415984,188761133,4,349,0,0,0,0,0,0,"[""152685161"", ""195717749"", ""153876614"", ""146961197"", ""65093674"", ""194377968"", ""194338856"", ""77968334"", ""169697872"", ""16813724""]"
none_subset,4,182600643,144143200,37,842,0,0,0,0,0,0,"[""106674292"", ""131943838"", ""126554078"", ""84838254"", ""154513499"", ""121841349"", ""144129822"", ""53389573"", ""168359992"", ""127873279""]"
none_subset,4,210471413,190358880,46,432,0,0,0,0,0,0,"[""167383627"", ""184612826"", ""193874948"", ""154894208"", ""127947793"", ""193074174"", ""194854155"", ""193811192"", ""111614660"", ""156263625""]"
none_subset,4,135107773,96824128,38,856,0,0,0,0,0,0,"[""113398847"", ""202829895"", ""131848218"", ""146695977"", ""160101192"", ""83782511"", ""200453592"", ""106211361"", ""116919077"", ""190453683""]"
none_subset,4,124840811,110325303,38,468,0,0,0,0,0,0,"[""194567057"", ""84270721"", ""192510359"", ""159326492"", ""171705376"", ""166302090"", ""172963177"", ""200481961"", ""138015580"", ""168951957""]"
none_subset,4,217084111,200875902,4,1345,0,0,0,0,0,0,"[""180843726"", ""168819498"", ""177825434"", ""65093674"", ""191033158"", ""186739934"", ""148331489"", ""215198902"", ""139342323"", ""192410120""]"
none_subset,4,115285017,104128337,62,9,0,0,0,1,1,1,"[""64031678"", ""135330582"", ""212966939"", ""117835777"", ""143139548"", ""32936165"", ""157472228"", ""32200239"", ""104128337"", ""182000351""]"
none_subset,4,194202949,167566947,46,445,0,0,0,0,0,0,"[""206453483"", ""195780279"", ""167967668"", ""170881830"", ""53547017"", ""164627162"", ""207326970"", ""137561394"", ""159369178"", ""142436010""]"
none_subset,4,49482906,56833135,64,44,0,0,0,0,0,1,"[""200859322"", ""82808529"", ""153271284"", ""70939079"", ""185413694"", ""202713543"", ""131569653"", ""83781866"", ""44132236"", ""95857401""]"
none_subset,4,150814959,102116724,46,400,0,0,0,0,0,0,"[""70517064"", ""37708588"", ""143366526"", ""111095231"", ""8742737"", ""44855147"", ""13333030"", ""102529512"", ""123314603"", ""79809742""]"
none_subset,4,182574603,153205005,37,551,0,0,0,0,0,0,"[""29496516"", ""88534873"", ""186986472"", ""119227333"", ""94966858"", ""187043151"", ""42842956"", ""178992708"", ""151964729"", ""105224939""]"
none_subset,4,182596207,154443104,64,14,0,0,0,0,1,1,"[""60032340"", ""109321941"", ""204824313"", ""124110006"", ""118284407"", ""138803213"", ""195702681"", ""125561073"", ""160986661"", ""149715107""]"
none_subset,4,175107909,99469226,38,169,0,0,0,0,0,0,"[""110664117"", ""213205324"", ""201541368"", ""215150803"", ""126012999"", ""183569499"", ""200830087"", ""38003672"", ""214394715"", ""179244626""]"
none_subset,4,172386087,144723349,37,63,0,0,0,0,0,0,"[""38725558"", ""186986472"", ""64645018"", ""88534873"", ""21114364"", ""141163497"", ""8855059"", ""136302765"", ""29496516"", ""103348357""]"
none_subset,4,186539771,57596469,57,250,0,0,0,0,0,0,"[""208717293"", ""63293833"", ""38003133"", ""203136628"", ""71702477"", ""182790464"", ""176835551"", ""76371725"", ""187389197"", ""31931980""]"
none_subset,4,224433695,130607036,64,939,0,0,0,0,0,0,"[""100752496"", ""115621700"", ""194941994"", ""60032340"", ""201970343"", ""188038298"", ""97650176"", ""181671018"", ""123687478"", ""146444401""]"
none_subset,4,220875311,206145191,62,332,0,0,0,0,0,0,"[""150919912"", ""172997177"", ""156503039"", ""206964681"", ""212180917"", ""206664307"", ""125264671"", ""179449692"", ""191710575"", ""141693897""]"
none_subset,4,209289778,206437718,38,415,0,0,0,0,0,0,"[""121564255"", ""192587307"", ""157091884"", ""8550716"", ""192721742"", ""197105990"", ""53254163"", ""192933104"", ""55877012"", ""46449031""]"
none_subset,4,211633732,186938801,64,474,0,0,0,0,0,0,"[""211889722"", ""192779268"", ""147671714"", ""88249240"", ""196286726"", ""174719538"", ""200027492"", ""184550395"", ""187138250"", ""208628985""]"
none_subset,4,192954657,121769331,37,1131,0,0,0,0,0,0,"[""170049514"", ""183923787"", ""126929630"", ""212047029"", ""154954077"", ""162977839"", ""208576745"", ""153205116"", ""152102790"", ""186298213""]"
none_subset,4,211337769,60532395,4,126,0,0,0,0,0,0,"[""186934020"", ""202119489"", ""206285668"", ""20198247"", ""181658560"", ""156103241"", ""122965096"", ""85958586"", ""142536914"", ""119644839""]"
none_subset,4,207359338,180794567,43,193,0,0,0,0,0,0,"[""164251704"", ""197613208"", ""168131196"", ""190770204"", ""212033090"", ""156158359"", ""200208585"", ""72463184"", ""121279267"", ""119675310""]"
none_subset,4,181119347,152594710,38,144,0,0,0,0,0,0,"[""199367174"", ""200830087"", ""98477697"", ""18107447"", ""165955684"", ""179244626"", ""200700536"", ""183569499"", ""105047287"", ""185682289""]"
none_subset,4,192089775,141708436,43,158,0,0,0,0,0,0,"[""144744853"", ""193020832"", ""118470473"", ""209388269"", ""200045234"", ""160065339"", ""198558883"", ""104570734"", ""190006266"", ""129633706""]"
none_subset,4,169202014,115792264,64,149,0,0,0,0,0,0,"[""200859322"", ""118462041"", ""95857401"", ""167354299"", ""145930227"", ""196328856"", ""185413694"", ""209370105"", ""78359767"", ""70939079""]"
none_subset,4,155898722,126525390,62,614,0,0,0,0,0,0,"[""32936165"", ""131432619"", ""146533271"", ""59483405"", ""167750528"", ""160329216"", ""179203933"", ""141754702"", ""188696626"", ""83719006""]"
none_subset,4,211085207,187320580,4,20,0,0,0,0,1,1,"[""202571906"", ""155908916"", ""195830492"", ""190789377"", ""181099732"", ""205600080"", ""201357350"", ""186079283"", ""185360306"", ""192473388""]"
none_subset,4,111236993,97545603,37,1827,0,0,0,0,0,0,"[""194408004"", ""192617496"", ""191911000"", ""121097766"", ""210502009"", ""183094359"", ""187324915"", ""186828726"", ""201561139"", ""199918988""]"
none_subset,4,85665818,81445491,62,550,0,0,0,0,0,0,"[""112177351"", ""184997209"", ""117977369"", ""136598057"", ""154898111"", ""104468361"", ""154207517"", ""203890639"", ""202743016"", ""208722933""]"
none_subset,4,199996991,170147206,4,170,0,0,0,0,0,0,"[""190340453"", ""130389344"", ""199183086"", ""155250171"", ""144067777"", ""213835807"", ""154203183"", ""210482913"", ""141085810"", ""146649572""]"
none_subset,4,164955237,134994151,37,1711,0,0,0,0,0,0,"[""204151797"", ""208828602"", ""113225323"", ""208671848"", ""134304749"", ""159020956"", ""174852305"", ""162276026"", ""157270034"", ""207799963""]"
none_subset,4,217442847,201658546,43,11,0,0,0,0,1,1,"[""188409353"", ""194502581"", ""213139647"", ""88578062"", ""197580291"", ""177227364"", ""186565827"", ""182972054"", ""181080509"", ""191134281""]"
none_subset,4,172403730,76977277,38,241,0,0,0,0,0,0,"[""121564255"", ""49391991"", ""138353042"", ""92183743"", ""173793300"", ""57745679"", ""151333626"", ""122392168"", ""123668400"", ""101699801""]"
none_subset,4,140287781,123170607,43,213,0,0,0,0,0,0,"[""26288526"", ""139853041"", ""191363897"", ""209552250"", ""125981589"", ""125529016"", ""59420171"", ""64192807"", ""199553574"", ""68189198""]"
none_subset,4,200638032,172191290,37,1419,0,0,0,0,0,0,"[""132869646"", ""145639775"", ""211987844"", ""180243968"", ""209002652"", ""172870615"", ""211317455"", ""209553393"", ""180243965"", ""80808834""]"
none_subset,4,119991899,107659439,64,140,0,0,0,0,0,0,"[""92189436"", ""149715107"", ""128217933"", ""138800320"", ""157000160"", ""160400188"", ""166289001"", ""166184401"", ""208915255"", ""178492296""]"
none_subset,4,198158905,164230111,46,390,0,0,0,0,0,0,"[""32186937"", ""194733810"", ""109987121"", ""22408044"", ""134160126"", ""186116554"", ""121346371"", ""215475381"", ""129879441"", ""84576505""]"
none_subset,4,209598796,186925656,43,961,0,0,0,0,0,0,"[""50216046"", ""193281522"", ""118156059"", ""212847147"", ""129743380"", ""38841821"", ""146898856"", ""182659497"", ""54249020"", ""103931815""]"
none_subset,4,203010575,176571185,64,1062,0,0,0,0,0,0,"[""135170809"", ""76747946"", ""200883111"", ""115629895"", ""69227080"", ""187406196"", ""149734769"", ""120675251"", ""85531879"", ""72224328""]"
none_subset,4,222626912,171227160,46,379,0,0,0,0,0,0,"[""78094109"", ""182917310"", ""205031717"", ""100882487"", ""211380085"", ""165738313"", ""155950947"", ""182136657"", ""32288484"", ""102529512""]"
none_subset,4,61618898,60295246,62,781,0,0,0,0,0,0,"[""161511273"", ""137777502"", ""112414551"", ""185405124"", ""118018270"", ""70189978"", ""198734216"", ""81077749"", ""136347565"", ""134618566""]"
none_subset,4,205174555,122483687,62,1558,0,0,0,0,0,0,"[""122973055"", ""4357432"", ""75207324"", ""60189912"", ""212966939"", ""70381552"", ""48622006"", ""53450905"", ""44501361"", ""150920608""]"
none_subset,4,225336989,131581832,37,1616,0,0,0,0,0,0,"[""192597928"", ""147143113"", ""200025016"", ""103057199"", ""111730268"", ""192387012"", ""93714502"", ""165637927"", ""188679659"", ""152140191""]"
none_subset,4,198174415,129949845,43,63,0,0,0,0,0,0,"[""171833857"", ""29596208"", ""185822792"", ""136943547"", ""198166094"", ""182355269"", ""130448492"", ""214876955"", ""163095786"", ""192784424""]"
none_subset,4,184554656,86866783,43,75,0,0,0,0,0,0,"[""90011446"", ""144399603"", ""76860540"", ""118625390"", ""111985578"", ""147442949"", ""89680114"", ""156158793"", ""73371698"", ""133582641""]"
none_subset,4,223713571,173196317,64,1605,0,0,0,0,0,0,"[""183737495"", ""127444518"", ""194031832"", ""201926731"", ""199685872"", ""195252134"", ""165423791"", ""195080854"", ""142226293"", ""105284015""]"
none_subset,4,199746354,169922901,4,27,0,0,0,0,1,1,"[""51485643"", ""152194990"", ""22753311"", ""149472153"", ""129435163"", ""49427839"", ""173244086"", ""177531279"", ""136053108"", ""164130570""]"
none_subset,4,207524726,180961442,43,34,0,0,0,0,0,1,"[""213483404"", ""210822887"", ""140307868"", ""202227389"", ""206290556"", ""165285962"", ""182583580"", ""198320674"", ""201213450"", ""183765224""]"
none_subset,4,224986236,194958352,37,174,0,0,0,0,0,0,"[""181408383"", ""180221400"", ""157945105"", ""202030579"", ""201740861"", ""192323302"", ""197844035"", ""178961164"", ""210226726"", ""206298544""]"
none_subset,4,223299919,212317993,4,84,0,0,0,0,0,0,"[""194722275"", ""198615413"", ""191627911"", ""211858811"", ""190594964"", ""191147915"", ""195078992"", ""180575809"", ""168099979"", ""180843726""]"
none_subset,4,164990518,140488166,4,479,0,0,0,0,0,0,"[""169868864"", ""143872793"", ""56691048"", ""81323441"", ""207726716"", ""172642297"", ""214275181"", ""97922019"", ""202413766"", ""211538436""]"
none_subset,4,154133298,146207857,46,319,0,0,0,0,0,0,"[""162996731"", ""131820664"", ""138969592"", ""205356898"", ""207162326"", ""108720557"", ""165298998"", ""165299984"", ""120233208"", ""174074948""]"
none_subset,4,224478372,211203480,38,14,0,0,0,0,1,1,"[""133973101"", ""180059769"", ""192509185"", ""171180851"", ""192654285"", ""122560021"", ""157035510"", ""173080745"", ""163016681"", ""206039176""]"
none_subset,4,45015704,71089233,64,200,0,0,0,0,0,0,"[""155183786"", ""138322181"", ""151134804"", ""203509707"", ""193870914"", ""153356810"", ""129130295"", ""120966979"", ""193536959"", ""63404553""]"
none_subset,4,223077999,209174509,4,200,0,0,0,0,0,0,"[""190121568"", ""156855089"", ""209268749"", ""201461303"", ""211170774"", ""195078992"", ""204482650"", ""201765058"", ""195596465"", ""98076075""]"
none_subset,4,67459375,72266723,46,559,0,0,0,0,0,0,"[""194811856"", ""113654919"", ""21000985"", ""51224844"", ""59097004"", ""110268464"", ""92989081"", ""16339902"", ""139649558"", ""142030111""]"
none_subset,4,210856081,39020816,57,307,0,0,0,0,0,0,"[""148098437"", ""213078674"", ""209144105"", ""102488247"", ""213406997"", ""170340056"", ""198496404"", ""197042183"", ""187950832"", ""119746964""]"
none_subset,4,186892785,139178433,64,370,0,0,0,0,0,0,"[""120966979"", ""130603525"", ""153356810"", ""131141531"", ""124508209"", ""80098795"", ""182762792"", ""106003200"", ""46094230"", ""204007990""]"
none_subset,4,101611615,63641979,62,127,0,0,0,0,0,0,"[""215235431"", ""156885677"", ""201108158"", ""182029851"", ""116117359"", ""195900799"", ""191872666"", ""94106347"", ""146490896"", ""124432701""]"
none_subset,4,159166978,135553147,4,51,0,0,0,0,0,0,"[""197046560"", ""164258790"", ""136053108"", ""146976388"", ""206947052"", ""204086663"", ""207099566"", ""45403148"", ""213414254"", ""191301984""]"
none_subset,4,225235285,37219891,64,1110,0,0,0,0,0,0,"[""118284407"", ""124110006"", ""115197132"", ""208439755"", ""195702681"", ""204824313"", ""182382634"", ""69904366"", ""109321941"", ""138803213""]"
none_subset,4,197791490,167800204,46,2,0,1,1,1,1,1,"[""132077090"", ""167800204"", ""194782765"", ""213326669"", ""204314440"", ""174492089"", ""155463873"", ""204823121"", ""143258032"", ""143813249""]"
none_subset,4,102418082,80903797,57,476,0,0,0,0,0,0,"[""76371725"", ""125904741"", ""143993691"", ""202526079"", ""85888656"", ""196654350"", ""188702606"", ""161916051"", ""172059758"", ""202759768""]"
none_subset,4,114268368,97820261,43,29,0,0,0,0,1,1,"[""143996100"", ""191072085"", ""183716498"", ""184136574"", ""154110926"", ""56967833"", ""155438071"", ""61372398"", ""183029564"", ""146832585""]"
none_subset,4,202665173,176931775,46,1299,0,0,0,0,0,0,"[""173406684"", ""211441287"", ""204980714"", ""213699346"", ""213513527"", ""174100562"", ""110540035"", ""100881714"", ""178779098"", ""214020106""]"
none_subset,4,111494545,100563053,37,563,0,0,0,0,0,0,"[""107202977"", ""204790375"", ""206382148"", ""72951233"", ""213471023"", ""145706391"", ""141475747"", ""148592059"", ""146127372"", ""192380217""]"
none_subset,4,128208179,109410545,4,14,0,0,0,0,1,1,"[""199361385"", ""191695096"", ""72045166"", ""201526042"", ""144264277"", ""157205433"", ""180567795"", ""202362364"", ""145583009"", ""143252456""]"
none_subset,4,223127056,190228521,43,315,0,0,0,0,0,0,"[""133220748"", ""185419010"", ""120188232"", ""185196782"", ""172946257"", ""208578922"", ""151379615"", ""191577900"", ""204449585"", ""64251949""]"
none_subset,4,199815355,39903440,38,1938,0,0,0,0,0,0,"[""49778371"", ""162221630"", ""176455982"", ""213020081"", ""170400945"", ""188544896"", ""206506072"", ""67142038"", ""176455959"", ""204880845""]"
none_subset,4,182672197,161159839,4,119,0,0,0,0,0,0,"[""72045166"", ""187133003"", ""200030203"", ""119898461"", ""129815138"", ""144264277"", ""209180066"", ""125311774"", ""201454668"", ""119644839""]"
none_subset,4,102786047,89332658,4,185,0,0,0,0,0,0,"[""144067777"", ""141085810"", ""154636066"", ""154203183"", ""164449645"", ""187092507"", ""179909533"", ""133977293"", ""152542463"", ""24739010""]"
none_subset,4,202861919,191600925,37,467,0,0,0,0,0,0,"[""133932837"", ""188967908"", ""60946553"", ""143826001"", ""50495635"", ""109130798"", ""111625300"", ""165315733"", ""132869646"", ""125097939""]"
none_subset,4,219927448,193004529,64,884,0,0,0,0,0,0,"[""214634539"", ""196906365"", ""205896464"", ""174100903"", ""208135267"", ""39329217"", ""144627869"", ""169622540"", ""202090142"", ""213086438""]"
none_subset,4,225166230,193874948,46,180,0,0,0,0,0,0,"[""133674182"", ""205037505"", ""201215254"", ""62458353"", ""16339902"", ""205586250"", ""139649558"", ""158946684"", ""157471709"", ""193559506""]"
none_subset,4,224481256,213026403,37,100,0,0,0,0,0,0,"[""189381669"", ""182681465"", ""183552543"", ""127087324"", ""159707679"", ""91090509"", ""171828064"", ""100819191"", ""194030924"", ""153136383""]"
none_subset,4,220758990,207726716,4,3,0,1,1,1,1,1,"[""183858161"", ""189899644"", ""207726716"", ""164571288"", ""194722275"", ""191147915"", ""181079699"", ""188613028"", ""202705628"", ""175026491""]"
none_subset,4,176026002,139094513,62,2013,0,0,0,0,0,0,"[""75511022"", ""161304261"", ""147789503"", ""104598173"", ""202517117"", ""184558097"", ""45844190"", ""124530936"", ""113201214"", ""128570958""]"
none_subset,4,220209094,206351628,62,45,0,0,0,0,0,1,"[""210489322"", ""191313815"", ""206841068"", ""197247155"", ""213866096"", ""213066001"", ""207489645"", ""208719189"", ""191982155"", ""185886914""]"
none_subset,4,146131699,126937971,43,25,0,0,0,0,1,1,"[""76024222"", ""75959067"", ""183697177"", ""119543305"", ""157711341"", ""127635452"", ""152014829"", ""85304386"", ""202516482"", ""118952445""]"
none_subset,4,68842383,63103166,43,45,0,0,0,0,0,1,"[""197607286"", ""99720576"", ""205605896"", ""164991678"", ""151392250"", ""138106208"", ""144932091"", ""154180471"", ""75802625"", ""48032933""]"
none_subset,4,210482844,180546104,37,244,0,0,0,0,0,0,"[""155458733"", ""171333475"", ""145502443"", ""88534873"", ""195375302"", ""204623141"", ""169052319"", ""192786781"", ""10976521"", ""120893128""]"
none_subset,4,216831546,173645815,37,743,0,0,0,0,0,0,"[""188912090"", ""148500212"", ""191259466"", ""200576630"", ""176608529"", ""148752102"", ""168115320"", ""212381571"", ""212381569"", ""210646051""]"
none_subset,4,187441994,119644839,4,34,0,0,0,0,0,1,"[""120663751"", ""119106930"", ""170725190"", ""114164900"", ""196352343"", ""148281605"", ""25513745"", ""184587206"", ""191461282"", ""149599673""]"
none_subset,4,196491620,119913706,4,54,0,0,0,0,0,0,"[""157346101"", ""195396635"", ""204256104"", ""191564735"", ""49499187"", ""181288745"", ""209176316"", ""180862612"", ""137677513"", ""197102258""]"
none_subset,4,220704990,205103637,38,242,0,0,0,0,0,0,"[""159326492"", ""200481961"", ""85372024"", ""159548291"", ""203712106"", ""169186989"", ""198703958"", ""179000829"", ""129455316"", ""192510359""]"
none_subset,4,224737531,214583872,62,1235,0,0,0,0,0,0,"[""153895442"", ""156966648"", ""210871676"", ""128594783"", ""166012487"", ""16082541"", ""180623952"", ""17218907"", ""145498643"", ""169808391""]"
none_subset,4,212277464,191640347,38,1,1,1,1,1,1,1,"[""191640347"", ""138353042"", ""146217898"", ""193949384"", ""194346900"", ""172110259"", ""192463786"", ""104506104"", ""208862181"", ""102891416""]"
none_subset,4,221616984,206390086,4,577,0,0,0,0,0,0,"[""200439718"", ""181646106"", ""200691824"", ""152685161"", ""65093674"", ""197475541"", ""187408602"", ""80458410"", ""105762137"", ""185741584""]"
none_subset,4,221470979,99992649,43,96,0,0,0,0,0,0,"[""89731710"", ""74845533"", ""115940251"", ""92847015"", ""114763824"", ""193982039"", ""67021588"", ""4674477"", ""27781370"", ""126851290""]"
none_subset,4,224379588,201747658,64,200,0,0,0,0,0,0,"[""209768449"", ""211307371"", ""214634539"", ""214310641"", ""169622540"", ""202090142"", ""201860541"", ""203850201"", ""209956836"", ""173447641""]"
none_subset,4,225331093,214581587,37,544,0,0,0,0,0,0,"[""201660893"", ""213416559"", ""207544886"", ""203730564"", ""173966675"", ""191911000"", ""190569345"", ""207698281"", ""209000043"", ""192617496""]"
none_subset,4,211473178,188195572,43,1467,0,0,0,0,0,0,"[""193408178"", ""205346867"", ""159511688"", ""136136174"", ""166301530"", ""202847647"", ""104160293"", ""84782336"", ""170651164"", ""180214878""]"
none_subset,4,36092657,16082541,62,1059,0,0,0,0,0,0,"[""56568319"", ""92980980"", ""167029837"", ""197681506"", ""76087987"", ""150061205"", ""180366851"", ""52020678"", ""52773606"", ""129878189""]"
none_subset,4,223001463,181988758,37,6,0,0,0,1,1,1,"[""137062195"", ""141241455"", ""146527115"", ""160185355"", ""213471023"", ""181988758"", ""168016376"", ""124237457"", ""89171973"", ""183710535""]"
none_subset,4,106023746,90207738,38,191,0,0,0,0,0,0,"[""150442928"", ""36930305"", ""80604101"", ""73789534"", ""76211714"", ""158221656"", ""88415306"", ""54324303"", ""87832627"", ""170150125""]"
none_subset,4,195768416,168830681,43,1274,0,0,0,0,0,0,"[""198320674"", ""95818019"", ""153170090"", ""181771791"", ""140307868"", ""195474760"", ""193992249"", ""160792622"", ""181873878"", ""132795248""]"
none_subset,4,215293653,191131185,37,179,0,0,0,0,0,0,"[""208532302"", ""209172941"", ""191538851"", ""187423310"", ""199287233"", ""186811713"", ""206299844"", ""195296935"", ""201649016"", ""187134525""]"
none_subset,4,196727000,169363779,43,132,0,0,0,0,0,0,"[""199973560"", ""130951250"", ""204986935"", ""53410226"", ""180214878"", ""199927468"", ""202074012"", ""166301530"", ""164461764"", ""139086592""]"
none_subset,4,211716540,191244076,57,621,0,0,0,0,0,0,"[""82520729"", ""110306995"", ""87360821"", ""22891994"", ""86238073"", ""86264024"", ""171524744"", ""211007808"", ""62696356"", ""46330390""]"
none_subset,4,209299411,160039265,46,392,0,0,0,0,0,0,"[""151511658"", ""161736013"", ""154821670"", ""142789905"", ""197859726"", ""140412713"", ""162330233"", ""99228098"", ""150142821"", ""194301324""]"
none_subset,4,198036682,168536218,57,976,0,0,0,0,0,0,"[""115422067"", ""178239143"", ""145872351"", ""30933369"", ""116672568"", ""57499088"", ""171896766"", ""113601078"", ""166910126"", ""14350598""]"
none_subset,4,119614837,105604280,62,545,0,0,0,0,0,0,"[""58202036"", ""209588722"", ""129878189"", ""87886557"", ""210154412"", ""66824965"", ""201968923"", ""126310925"", ""183577698"", ""127142933""]"
none_subset,4,129835987,112971301,57,793,0,0,0,0,0,0,"[""166910126"", ""115422067"", ""57499088"", ""207173802"", ""113601078"", ""83357296"", ""174118568"", ""65090075"", ""57499091"", ""146970000""]"
none_subset,4,198143042,167740456,64,81,0,0,0,0,0,0,"[""146444401"", ""19607163"", ""138322181"", ""121260031"", ""107055611"", ""194941994"", ""116857348"", ""194767716"", ""90897593"", ""123687478""]"
none_subset,4,212433167,192413607,4,17,0,0,0,0,1,1,"[""205277943"", ""75870943"", ""194689928"", ""182903930"", ""80458410"", ""207099785"", ""105762137"", ""200030203"", ""193871241"", ""177949545""]"
none_subset,4,152837769,132595203,64,418,0,0,0,0,0,0,"[""200974603"", ""56593545"", ""208979760"", ""190759249"", ""213253358"", ""207080740"", ""211171973"", ""169353292"", ""208560031"", ""213788530""]"
none_subset,4,188548219,157989085,43,5,0,0,1,1,1,1,"[""84316516"", ""178272808"", ""126632799"", ""134507863"", ""157989085"", ""101587771"", ""204265427"", ""209483560"", ""199412521"", ""168714665""]"
none_subset,4,223728006,96029631,64,536,0,0,0,0,0,0,"[""95987224"", ""60032340"", ""114607994"", ""109707327"", ""79734724"", ""170931595"", ""57808446"", ""103416735"", ""127512781"", ""177536477""]"
none_subset,4,84272963,83729071,46,12,0,0,0,0,1,1,"[""138718760"", ""169602941"", ""130443128"", ""170560461"", ""169485140"", ""103629761"", ""127505414"", ""163163335"", ""207585798"", ""130984046""]"
none_subset,4,196987465,176715532,4,216,0,0,0,0,0,0,"[""145020770"", ""144811459"", ""206506678"", ""203419431"", ""184994826"", ""91321970"", ""73118528"", ""159049760"", ""162653386"", ""195242863""]"
none_subset,4,141116855,120205229,4,16,0,0,0,0,1,1,"[""199942377"", ""191214295"", ""115266425"", ""154031903"", ""185967985"", ""176867327"", ""153223626"", ""77682387"", ""188323012"", ""192875206""]"
none_subset,4,224307694,209183284,4,449,0,0,0,0,0,0,"[""212819052"", ""200370265"", ""205463044"", ""214582809"", ""203618170"", ""215580343"", ""211901995"", ""214085481"", ""140968055"", ""211608400""]"
none_subset,4,217204938,201202736,43,27,0,0,0,0,1,1,"[""211890870"", ""186807991"", ""210321299"", ""174164151"", ""132315079"", ""166242589"", ""176475069"", ""201907130"", ""206283952"", ""209759690""]"
none_subset,4,224764295,213740987,37,70,0,0,0,0,0,0,"[""191538851"", ""190070434"", ""209349722"", ""180787570"", ""124434815"", ""172689752"", ""204373346"", ""182193027"", ""199287233"", ""191800688""]"
none_subset,4,223771701,212690484,46,48,0,0,0,0,0,1,"[""78134637"", ""134911669"", ""116259633"", ""137046920"", ""162224700"", ""181547294"", ""140861260"", ""118566996"", ""201909624"", ""210288248""]"
none_subset,4,140862338,122704847,46,79,0,0,0,0,0,0,"[""176659851"", ""141876515"", ""178975230"", ""64234906"", ""192859823"", ""62458353"", ""157916182"", ""65618657"", ""153105815"", ""79809742""]"
none_subset,4,213056534,193369779,4,66,0,0,0,0,0,0,"[""180843726"", ""177825434"", ""199021905"", ""191209763"", ""210484477"", ""168819498"", ""163340296"", ""191316160"", ""211385428"", ""201211887""]"
none_subset,4,220474906,196341965,64,978,0,0,0,0,0,0,"[""187033175"", ""121260031"", ""186093978"", ""79233838"", ""193870914"", ""195227005"", ""151373996"", ""114420335"", ""189971087"", ""46094230""]"
none_subset,4,220693428,207538350,64,31,0,0,0,0,0,1,"[""136038725"", ""86356781"", ""73065988"", ""65008714"", ""206936057"", ""141938100"", ""154324585"", ""74256345"", ""193944748"", ""152762249""]"
none_subset,4,216735988,200278482,37,89,0,0,0,0,0,0,"[""195296935"", ""195744990"", ""183693328"", ""175852737"", ""190788965"", ""206298198"", ""213318077"", ""168115320"", ""211802210"", ""191911000""]"
none_subset,4,202583639,164265663,46,1358,0,0,0,0,0,0,"[""214464211"", ""206204582"", ""178722271"", ""160110731"", ""193559506"", ""198984808"", ""30916684"", ""158806989"", ""105064166"", ""205030690""]"
none_subset,4,62132920,62710943,38,311,0,0,0,0,0,0,"[""109987226"", ""192315877"", ""126884451"", ""204637998"", ""91690080"", ""147345313"", ""147335135"", ""155589050"", ""117957932"", ""167575814""]"
none_subset,4,222276478,88088262,46,43,0,0,0,0,0,1,"[""114654675"", ""109762523"", ""107095516"", ""179800703"", ""178726814"", ""201991995"", ""102529512"", ""184894786"", ""77388181"", ""178808064""]"
none_subset,4,142328598,90967487,43,134,0,0,0,0,0,0,"[""90011446"", ""118625390"", ""114685239"", ""114685682"", ""158354567"", ""161725098"", ""203523440"", ""147442949"", ""192039114"", ""190193667""]"
none_subset,4,222715908,149731729,64,1103,0,0,0,0,0,0,"[""146444401"", ""194941994"", ""116857348"", ""154897158"", ""187708913"", ""19607163"", ""194767716"", ""73275498"", ""16060214"", ""63993803""]"
none_subset,4,222358302,207658724,37,50,0,0,0,0,0,1,"[""109845272"", ""209794141"", ""151424214"", ""198753304"", ""190695285"", ""150906032"", ""209030923"", ""208321072"", ""90418462"", ""140688222""]"
none_subset,4,202039416,156469871,4,271,0,0,0,0,0,0,"[""69796700"", ""193934711"", ""193589374"", ""197475541"", ""210543315"", ""205405501"", ""189945818"", ""190480175"", ""185741584"", ""168012970""]"
none_subset,4,221196688,208626958,64,221,0,0,0,0,0,0,"[""134312075"", ""56833135"", ""112345894"", ""68279782"", ""108773457"", ""78359767"", ""98518695"", ""185413694"", ""171898096"", ""126589451""]"
none_subset,4,85702585,46410175,46,1608,0,0,0,0,0,0,"[""214169191"", ""142436010"", ""107277769"", ""21270188"", ""79694314"", ""168458372"", ""56920439"", ""138486785"", ""81754384"", ""207308677""]"
none_subset,4,218171263,145005553,37,194,0,0,0,0,0,0,"[""204662722"", ""170992936"", ""204006241"", ""205465612"", ""207409548"", ""161080765"", ""164535707"", ""168675802"", ""204161065"", ""125546857""]"
none_subset,4,218461841,203631816,57,804,0,0,0,0,0,0,"[""210498921"", ""211047562"", ""75578331"", ""143605523"", ""187760067"", ""134525592"", ""207323988"", ""165109337"", ""120441699"", ""201646967""]"
none_subset,4,216991822,193646222,37,240,0,0,0,0,0,0,"[""145112155"", ""122241592"", ""49608053"", ""150316929"", ""188877213"", ""193680819"", ""196225304"", ""188876971"", ""33563950"", ""148230413""]"
none_subset,4,117366450,105854775,64,1,1,1,1,1,1,1,"[""105854775"", ""74256345"", ""190167812"", ""187707055"", ""112210141"", ""130210660"", ""193757766"", ""173159881"", ""174387123"", ""188536293""]"
none_subset,4,224936466,214708320,37,125,0,0,0,0,0,0,"[""93714502"", ""192597928"", ""166280219"", ""159931625"", ""200025016"", ""152102790"", ""152140191"", ""138291906"", ""103057199"", ""188679659""]"
none_subset,4,199206136,173069545,46,352,0,0,0,0,0,0,"[""114442083"", ""175485760"", ""177268870"", ""152531642"", ""212084332"", ""197876190"", ""202864075"", ""146947584"", ""201647833"", ""210667015""]"
none_subset,4,220225073,159846758,64,1177,0,0,0,0,0,0,"[""19607163"", ""128607088"", ""181619566"", ""146444401"", ""123687478"", ""194767716"", ""90897593"", ""207446541"", ""151051885"", ""187716249""]"
none_subset,4,224909719,199223722,43,287,0,0,0,0,0,0,"[""156395019"", ""168943005"", ""192651386"", ""183716498"", ""160598030"", ""98301531"", ""171798974"", ""178361669"", ""84074518"", ""157809653""]"
none_subset,4,219754120,56998165,4,1,1,1,1,1,1,1,"[""56998165"", ""70897180"", ""105063903"", ""171860963"", ""193746035"", ""191815855"", ""169250822"", ""186229725"", ""196185031"", ""207566657""]"
none_subset,4,222199311,197129998,64,1093,0,0,0,0,0,0,"[""207726882"", ""199715478"", ""210148884"", ""211889722"", ""206294617"", ""205489483"", ""139802525"", ""200033728"", ""174719538"", ""176590943""]"
none_subset,4,178764676,150167398,38,16,0,0,0,0,1,1,"[""139494203"", ""104042988"", ""95323314"", ""124508627"", ""126012999"", ""179876069"", ""180179363"", ""145871617"", ""148395469"", ""182862963""]"
none_subset,4,74861701,75777764,43,1233,0,0,0,0,0,0,"[""160058303"", ""121013474"", ""164285938"", ""177067604"", ""106212567"", ""188230609"", ""196397416"", ""183703868"", ""170053319"", ""211382244""]"
none_subset,4,215705047,192928912,64,764,0,0,0,0,0,0,"[""186122058"", ""147667682"", ""180848420"", ""118412828"", ""156784913"", ""146946453"", ""144339648"", ""156718510"", ""46094230"", ""192550031""]"
none_subset,4,96253433,84850725,57,260,0,0,0,0,0,0,"[""99723323"", ""110306995"", ""135805652"", ""128122761"", ""65090075"", ""122789892"", ""166910126"", ""115422067"", ""83357296"", ""86238073""]"
none_subset,4,78786200,68716648,38,779,0,0,0,0,0,0,"[""117957932"", ""124169140"", ""177945691"", ""192315877"", ""191903812"", ""113999751"", ""37809434"", ""112389064"", ""145871617"", ""92914026""]"
none_subset,4,212764906,178111525,46,25,0,0,0,0,1,1,"[""21000985"", ""165636439"", ""213130291"", ""51224844"", ""142537342"", ""130390168"", ""168398015"", ""215124824"", ""204759997"", ""181935054""]"
none_subset,4,81897011,81506359,46,17,0,0,0,0,1,1,"[""132671791"", ""202166206"", ""172696525"", ""172082320"", ""212429674"", ""206905678"", ""214293298"", ""138570829"", ""215531733"", ""150754478""]"
none_subset,4,81375051,76257409,46,13,0,0,0,0,1,1,"[""84381800"", ""136819405"", ""149651450"", ""83729071"", ""89045186"", ""174504603"", ""99228098"", ""55986445"", ""138718760"", ""111790816""]"
none_subset,4,221098404,206360846,57,2721,0,0,0,0,0,0,"[""195854357"", ""68798250"", ""171903975"", ""112462103"", ""66312499"", ""208595279"", ""185584299"", ""201144087"", ""207343683"", ""103023172""]"
none_subset,4,148154417,127482214,62,622,0,0,0,0,0,0,"[""159227409"", ""213770244"", ""210543459"", ""86956608"", ""191201365"", ""120041482"", ""159161171"", ""80656120"", ""184569700"", ""184547267""]"
none_subset,4,138331862,120603737,38,718,0,0,0,0,0,0,"[""68644542"", ""93923477"", ""174760342"", ""64397678"", ""77338935"", ""97894835"", ""100712745"", ""96696628"", ""69722104"", ""147242050""]"
none_subset,4,222687175,179521185,64,11,0,0,0,0,1,1,"[""96431966"", ""60260391"", ""48108527"", ""210444502"", ""83573568"", ""147223868"", ""69741518"", ""213387094"", ""83485262"", ""155183786""]"
none_subset,4,146278045,65453441,64,61,0,0,0,0,0,0,"[""194400653"", ""208682751"", ""16060214"", ""179277239"", ""19607163"", ""205134381"", ""154897158"", ""123687478"", ""82429709"", ""195393000""]"
none_subset,4,210956025,189777046,37,144,0,0,0,0,0,0,"[""200441050"", ""195296935"", ""133173167"", ""209154292"", ""202137970"", ""141656944"", ""202227327"", ""205328844"", ""194831266"", ""180843184""]"
none_subset,4,221277599,206404092,37,265,0,0,0,0,0,0,"[""213318077"", ""188192294"", ""197844035"", ""210666947"", ""183519446"", ""213416559"", ""208141913"", ""123971162"", ""192323302"", ""187299907""]"
none_subset,4,142468301,118290351,38,626,0,0,0,0,0,0,"[""134912948"", ""148230390"", ""156263699"", ""182664472"", ""161128754"", ""116918686"", ""17181391"", ""136373067"", ""112758547"", ""122514493""]"
none_subset,4,63871662,164350669,62,1465,0,0,0,0,0,0,"[""204555441"", ""197247155"", ""195501951"", ""179824517"", ""211808810"", ""191653901"", ""121524691"", ""205736250"", ""174851934"", ""208719189""]"
none_subset,4,126841239,112648778,4,727,0,0,0,0,0,0,"[""84024207"", ""159364641"", ""197382040"", ""212786536"", ""205311074"", ""53953930"", ""58216709"", ""167118184"", ""195490349"", ""139073104""]"
none_subset,4,210335925,188608634,62,650,0,0,0,0,0,0,"[""125264671"", ""121524691"", ""64365794"", ""185606507"", ""162715321"", ""191211417"", ""211070786"", ""194473155"", ""150777456"", ""96112528""]"
none_subset,4,112596910,97501013,64,19,0,0,0,0,1,1,"[""149715107"", ""138800320"", ""44092132"", ""204824313"", ""47134269"", ""62550428"", ""183225423"", ""116423938"", ""118284407"", ""160842974""]"
none_subset,4,199748989,172689752,37,888,0,0,0,0,0,0,"[""128930862"", ""102008698"", ""163644147"", ""204657866"", ""174122871"", ""198698977"", ""133041134"", ""162977839"", ""211746985"", ""206896025""]"
none_subset,4,211675955,179876069,38,269,0,0,0,0,0,0,"[""52512643"", ""145871617"", ""149562058"", ""92914026"", ""159333154"", ""132332085"", ""209921939"", ""177867333"", ""213992866"", ""14434511""]"
none_subset,4,52338893,51749408,37,2,0,1,1,1,1,1,"[""205328844"", ""51749408"", ""80433944"", ""139391729"", ""143865659"", ""185048961"", ""23924949"", ""143946320"", ""89464961"", ""142630827""]"
none_subset,4,151846351,125139020,38,714,0,0,0,0,0,0,"[""206303400"", ""188214175"", ""165955684"", ""184684820"", ""194365263"", ""179244626"", ""95406694"", ""55870666"", ""74273124"", ""177960404""]"
none_subset,4,223630919,138971583,46,34,0,0,0,0,0,1,"[""212685047"", ""160255339"", ""208628924"", ""204635544"", ""203310461"", ""207328366"", ""45769216"", ""166127396"", ""207032128"", ""111118568""]"
none_subset,4,78464166,78864979,4,160,0,0,0,0,0,0,"[""51485643"", ""164936492"", ""144990362"", ""12867445"", ""202048121"", ""210958374"", ""48354895"", ""207533227"", ""214893406"", ""50065591""]"
none_subset,4,63497561,64365794,62,965,0,0,0,0,0,0,"[""207242661"", ""128099824"", ""151308081"", ""103928317"", ""121568505"", ""32728587"", ""128570958"", ""153690999"", ""67139578"", ""142923518""]"
none_subset,4,169329752,142832546,62,144,0,0,0,0,0,0,"[""10132068"", ""79777747"", ""67894406"", ""103593430"", ""186936582"", ""143261727"", ""86925187"", ""136204771"", ""82871684"", ""178643278""]"
none_subset,4,213406863,191235079,43,1926,0,0,0,0,0,0,"[""193026545"", ""206941043"", ""144080652"", ""165082890"", ""101683090"", ""140052556"", ""80682255"", ""195326177"", ""135474915"", ""144939868""]"
none_subset,4,217747231,201328927,37,868,0,0,0,0,0,0,"[""209172941"", ""208532302"", ""187423310"", ""199287233"", ""172689752"", ""121097766"", ""128098941"", ""162977839"", ""180787570"", ""151601836""]"
none_subset,4,216056810,205283530,38,267,0,0,0,0,0,0,"[""145871617"", ""52512643"", ""92914026"", ""117957932"", ""37809434"", ""149562058"", ""155814671"", ""191903812"", ""112389064"", ""37709032""]"
none_subset,4,115228040,60103240,43,251,0,0,0,0,0,0,"[""6516822"", ""188032543"", ""69852060"", ""13748467"", ""213746773"", ""120597166"", ""166793601"", ""49147135"", ""188468452"", ""194217103""]"
none_subset,4,224934752,213859538,4,2305,0,0,0,0,0,0,"[""206285668"", ""167564443"", ""80946678"", ""211821321"", ""74840410"", ""136900812"", ""174680568"", ""140425447"", ""201224926"", ""213679625""]"
none_subset,4,224920659,203746928,4,799,0,0,0,0,0,0,"[""160037231"", ""154031903"", ""199780246"", ""153223626"", ""159111889"", ""115442302"", ""152566280"", ""196176687"", ""153111279"", ""130299986""]"
none_subset,4,219762088,199973345,38,280,0,0,0,0,0,0,"[""158453764"", ""209921939"", ""116922022"", ""86748527"", ""211127039"", ""34453687"", ""196915199"", ""189605638"", ""133939663"", ""195269238""]"
none_subset,4,213506280,193992725,37,513,0,0,0,0,0,0,"[""212047029"", ""163644147"", ""61710118"", ""162977839"", ""170049514"", ""176116685"", ""186298213"", ""185677825"", ""203829614"", ""146818815""]"
none_subset,4,200948847,172308661,4,462,0,0,0,0,0,0,"[""161281171"", ""214896797"", ""209715606"", ""126042350"", ""105544053"", ""207568797"", ""177857518"", ""167076720"", ""207680766"", ""207099526""]"
none_subset,4,223592794,211808810,62,19,0,0,0,0,1,1,"[""136225463"", ""161194868"", ""80656120"", ""155653139"", ""183222767"", ""214748374"", ""156489473"", ""169803718"", ""133228837"", ""191710575""]"
none_subset,4,222240838,208431676,46,113,0,0,0,0,0,0,"[""207515067"", ""209156183"", ""212730825"", ""201436985"", ""212434559"", ""205463159"", ""211141745"", ""210366645"", ""175834543"", ""205235605""]"
none_subset,4,188294095,131192536,62,43,0,0,0,0,0,1,"[""113542136"", ""140609707"", ""25260455"", ""172904337"", ""32645477"", ""100144178"", ""60969101"", ""154422217"", ""22547515"", ""127953008""]"
none_subset,4,216777466,200026065,4,13,0,0,0,0,1,1,"[""193481695"", ""185880119"", ""192410120"", ""193001991"", ""206636227"", ""191216846"", ""205015632"", ""199422479"", ""194142299"", ""192316575""]"
none_subset,4,116549437,105006245,4,2165,0,0,0,0,0,0,"[""117771611"", ""171447530"", ""136474102"", ""202362364"", ""153991203"", ""143548483"", ""189645323"", ""129568541"", ""201582207"", ""89332658""]"
none_subset,4,222218561,209759690,43,21,0,0,0,0,1,1,"[""164527202"", ""192529072"", ""185897088"", ""174164151"", ""190677683"", ""166148334"", ""201668961"", ""190372173"", ""201906627"", ""138107182""]"
none_subset,4,209513662,120682854,62,642,0,0,0,0,0,0,"[""94546694"", ""106557292"", ""156442595"", ""209579537"", ""18880304"", ""93574093"", ""100102954"", ""46446514"", ""192739483"", ""124432701""]"
none_subset,4,200275719,83719006,62,1869,0,0,0,0,0,0,"[""61344621"", ""187198512"", ""84336981"", ""86857938"", ""193455135"", ""39520749"", ""60969101"", ""100144178"", ""195229377"", ""10132068""]"
none_subset,4,190685103,156263699,38,462,0,0,0,0,0,0,"[""145871617"", ""117957932"", ""127751166"", ""112389064"", ""159174919"", ""161495460"", ""149562058"", ""158118726"", ""123220669"", ""202803035""]"
none_subset,4,198811297,171174687,43,221,0,0,0,0,0,0,"[""120188232"", ""156989303"", ""76380885"", ""185419010"", ""183703868"", ""133220748"", ""109286694"", ""184170758"", ""94195633"", ""166329703""]"
none_subset,4,113308459,99472535,4,48,0,0,0,0,0,1,"[""140966958"", ""72626014"", ""65093644"", ""144498775"", ""100087840"", ""119654700"", ""22766945"", ""201765058"", ""71990231"", ""173965616""]"
none_subset,4,155246815,133410542,4,123,0,0,0,0,0,0,"[""138891074"", ""30383831"", ""160135566"", ""139110120"", ""164634484"", ""201829388"", ""209455299"", ""196926090"", ""169922901"", ""206167938""]"
none_subset,4,201975649,157072589,4,506,0,0,0,0,0,0,"[""189945818"", ""212215373"", ""200855615"", ""189844318"", ""177949545"", ""190233287"", ""200820966"", ""203738355"", ""105240256"", ""173611156""]"
none_subset,4,215047128,118658701,62,32,0,0,0,0,0,1,"[""120555954"", ""214600448"", ""205794412"", ""75511022"", ""197142886"", ""188314835"", ""198517114"", ""113201214"", ""194424066"", ""110841166""]"
none_subset,4,206022811,148282226,43,859,0,0,0,0,0,0,"[""175879766"", ""178425205"", ""167164193"", ""150825286"", ""164354706"", ""191363897"", ""89602786"", ""199553574"", ""132707717"", ""148635203""]"
none_subset,4,199864614,172433080,46,24,0,0,0,0,1,1,"[""188889120"", ""204632637"", ""173222203"", ""212809187"", ""163919581"", ""71210763"", ""136819405"", ""84381800"", ""209621390"", ""127609272""]"
none_subset,4,220643000,205007406,46,44,0,0,0,0,0,1,"[""208143888"", ""111715361"", ""123341476"", ""194361633"", ""121346371"", ""87562356"", ""179533802"", ""105129945"", ""212168388"", ""201879785""]"
none_subset,4,216743416,200374313,62,96,0,0,0,0,0,0,"[""88462361"", ""143227017"", ""204527959"", ""124432701"", ""211334137"", ""116117359"", ""116947577"", ""211900236"", ""209171711"", ""193404726""]"
none_subset,4,225236562,161174151,38,73,0,0,0,0,0,0,"[""204880845"", ""157657051"", ""126776975"", ""100749834"", ""182866917"", ""111639650"", ""194370723"", ""192509185"", ""139197933"", ""145624721""]"
none_subset,4,202941849,146473396,38,120,0,0,0,0,0,0,"[""209631773"", ""183239301"", ""147395238"", ""193325020"", ""167575814"", ""102166943"", ""161002473"", ""141000837"", ""214716995"", ""181307563""]"
none_subset,4,214912385,193435206,43,23,0,0,0,0,1,1,"[""202626349"", ""201535486"", ""182399428"", ""190234147"", ""168115086"", ""192996306"", ""185108178"", ""201468592"", ""143322462"", ""203348372""]"
none_subset,4,218248280,168911726,62,103,0,0,0,0,0,0,"[""181082260"", ""79802279"", ""139116865"", ""76325050"", ""140662974"", ""150061205"", ""52577956"", ""82622035"", ""189754029"", ""191304046""]"
none_subset,4,224766332,214740980,4,1173,0,0,0,0,0,0,"[""213319159"", ""204133139"", ""205486501"", ""192581557"", ""201066059"", ""169388531"", ""207202974"", ""214643235"", ""203714769"", ""199502835""]"
none_subset,4,117069997,102651632,64,1281,0,0,0,0,0,0,"[""35312252"", ""60124479"", ""188599489"", ""12228373"", ""26075068"", ""210873715"", ""151526168"", ""103416735"", ""161612772"", ""58475692""]"
none_subset,4,213188680,161792498,38,2117,0,0,0,0,0,0,"[""136204876"", ""128022775"", ""145998937"", ""56711957"", ""193857246"", ""211427284"", ""149389681"", ""180386955"", ""174632713"", ""209178832""]"
none_subset,4,220679820,206905310,38,2155,0,0,0,0,0,0,"[""169004224"", ""171180851"", ""100749834"", ""169804292"", ""205465606"", ""190269757"", ""133973101"", ""205112185"", ""114889567"", ""185056887""]"
none_subset,4,221546219,209268749,4,97,0,0,0,0,0,0,"[""210309601"", ""212023025"", ""214582809"", ""140447135"", ""212457708"", ""207534566"", ""213963033"", ""203618170"", ""210498460"", ""138178873""]"
none_subset,4,174244672,145708285,43,7,0,0,0,1,1,1,"[""209622362"", ""207289652"", ""49195232"", ""53018260"", ""116979481"", ""194524855"", ""145708285"", ""207192922"", ""194759873"", ""98800023""]"
none_subset,4,195486271,162650154,4,2420,0,0,0,0,0,0,"[""181068928"", ""153395320"", ""207177061"", ""195475614"", ""84839916"", ""144373105"", ""145303232"", ""125616982"", ""60532395"", ""155062344""]"
none_subset,4,211414159,190677021,4,244,0,0,0,0,0,0,"[""203466268"", ""198221149"", ""194160187"", ""215237393"", ""212316416"", ""182581077"", ""208780104"", ""210550451"", ""183509496"", ""195744792""]"
none_subset,4,207097731,172004450,37,136,0,0,0,0,0,0,"[""187043151"", ""186986472"", ""202778075"", ""29496516"", ""151199532"", ""185636932"", ""120181686"", ""103348357"", ""153601190"", ""199857856""]"
none_subset,4,197355434,101295733,57,1017,0,0,0,0,0,0,"[""82248629"", ""211497981"", ""79470201"", ""57596469"", ""84202088"", ""171021120"", ""109587179"", ""171021122"", ""205927639"", ""151872768""]"
none_subset,4,196705804,159536710,46,14,0,0,0,0,1,1,"[""137171317"", ""182764303"", ""76061645"", ""188865413"", ""209980383"", ""184357726"", ""109762523"", ""201991995"", ""139939742"", ""190115727""]"
none_subset,4,96123213,57499091,57,1,1,1,1,1,1,1,"[""57499091"", ""145912634"", ""102975387"", ""207173802"", ""65090075"", ""135189717"", ""142637706"", ""211835809"", ""200675765"", ""92019154""]"
none_subset,4,194700626,167539255,43,393,0,0,0,0,0,0,"[""168783197"", ""193746203"", ""190372173"", ""208309750"", ""155909920"", ""212781685"", ""108684069"", ""194880726"", ""183640029"", ""170651164""]"
none_subset,4,180198150,144472808,43,228,0,0,0,0,0,0,"[""166329703"", ""194855616"", ""177067604"", ""205985198"", ""191701553"", ""139778348"", ""202367676"", ""163838965"", ""196397416"", ""76380885""]"
none_subset,4,219126828,194850161,37,964,0,0,0,0,0,0,"[""174852305"", ""162276026"", ""94672340"", ""190251047"", ""113225323"", ""178244096"", ""156440997"", ""180649299"", ""136574012"", ""164430683""]"
none_subset,4,215842137,196239631,46,1015,0,0,0,0,0,0,"[""213196140"", ""160019718"", ""108196994"", ""136576031"", ""194051265"", ""21000985"", ""89928081"", ""79523323"", ""183767116"", ""188997673""]"
none_subset,4,83265098,79402696,57,577,0,0,0,0,0,0,"[""204015126"", ""145912634"", ""83357296"", ""33713680"", ""92019154"", ""14752857"", ""212888684"", ""207173802"", ""142637706"", ""196626617""]"
none_subset,4,208515574,171247461,38,35,0,0,0,0,0,1,"[""197470467"", ""145720442"", ""169526603"", ""158083734"", ""164421767"", ""206506072"", ""155841677"", ""67142038"", ""168932142"", ""194420087""]"
none_subset,4,210266375,188509360,4,1982,0,0,0,0,0,0,"[""193871241"", ""200030203"", ""145435299"", ""151053517"", ""180005065"", ""119898461"", ""194689928"", ""200860968"", ""205277943"", ""190229699""]"
none_subset,4,153599918,133357830,4,82,0,0,0,0,0,0,"[""122758097"", ""205917654"", ""211901995"", ""194758869"", ""194450967"", ""141167432"", ""211663742"", ""123613267"", ""98076075"", ""49499187""]"
none_subset,4,216308930,199436569,46,927,0,0,0,0,0,0,"[""194132989"", ""172250706"", ""205019069"", ""142707487"", ""186078356"", ""158137442"", ""213296616"", ""209924155"", ""201024429"", ""200735434""]"
none_subset,4,185521301,148267226,43,1278,0,0,0,0,0,0,"[""137780242"", ""125638272"", ""195408710"", ""128872941"", ""191248601"", ""111684767"", ""173981660"", ""195240617"", ""209546973"", ""205287113""]"
none_subset,4,216626064,174101143,37,57,0,0,0,0,0,0,"[""207698281"", ""73910372"", ""206404092"", ""195744990"", ""107872662"", ""193680819"", ""173966675"", ""195296935"", ""168115320"", ""209172335""]"
none_subset,4,201445063,172961532,57,38,0,0,0,0,0,1,"[""44191816"", ""100527593"", ""58773802"", ""31932356"", ""152353485"", ""46463211"", ""88411977"", ""26167339"", ""149164338"", ""82074015""]"
none_subset,4,212406032,192225398,64,84,0,0,0,0,0,0,"[""195529634"", ""187944465"", ""206276658"", ""196368309"", ""192179303"", ""191930990"", ""211987351"", ""211669271"", ""119531435"", ""200026497""]"
none_subset,4,186306982,151305355,37,138,0,0,0,0,0,0,"[""173499684"", ""192533600"", ""209167644"", ""187761375"", ""182207000"", ""174852305"", ""189661292"", ""157139216"", ""140164328"", ""196563012""]"
none_subset,4,222169874,208254357,4,38,0,0,0,0,0,1,"[""215351522"", ""212636144"", ""212786536"", ""126589900"", ""101189812"", ""205356216"", ""17588522"", ""202029081"", ""203037592"", ""213532039""]"
none_subset,4,162236020,112624575,64,29,0,0,0,0,1,1,"[""141045171"", ""126589451"", ""112345894"", ""112056185"", ""185454425"", ""137644883"", ""120420310"", ""190240397"", ""139856523"", ""183047062""]"
none_subset,4,168320824,179660373,57,8,0,0,0,1,1,1,"[""82248629"", ""161021821"", ""79470201"", ""129142528"", ""136092466"", ""36469237"", ""196654350"", ""179660373"", ""135212557"", ""211608674""]"
none_subset,4,218867529,206874130,46,257,0,0,0,0,0,0,"[""109762523"", ""184646371"", ""159536710"", ""146029150"", ""206843208"", ""114654675"", ""104767223"", ""107095516"", ""209941947"", ""132867538""]"
none_subset,4,215513854,191711172,43,16,0,0,0,0,1,1,"[""44768555"", ""127979191"", ""158737000"", ""139778348"", ""200893142"", ""152645436"", ""147836645"", ""187717589"", ""207021897"", ""174689753""]"
none_subset,4,207321461,183535868,37,1455,0,0,0,0,0,0,"[""148896266"", ""187423310"", ""209172941"", ""192870188"", ""208532302"", ""186811713"", ""195296935"", ""146013472"", ""149483145"", ""156134296""]"
none_subset,4,116345342,103729719,43,853,0,0,0,0,0,0,"[""186549940"", ""183307521"", ""35003932"", ""153540939"", ""198559418"", ""144475989"", ""145672403"", ""128927470"", ""90198681"", ""197607322""]"
none_subset,4,181908159,89431258,46,591,0,0,0,0,0,0,"[""180829317"", ""162153442"", ""174665100"", ""176647062"", ""172250706"", ""212781522"", ""145094112"", ""208431287"", ""156045025"", ""182136657""]"
none_subset,4,224938628,213744352,46,50,0,0,0,0,0,1,"[""155260589"", ""188865413"", ""129240074"", ""182764303"", ""168398292"", ""179861117"", ""179347666"", ""208605842"", ""76061645"", ""137171317""]"
none_subset,4,156330511,127442429,37,422,0,0,0,0,0,0,"[""81981879"", ""127087324"", ""156934315"", ""123163900"", ""21423746"", ""33066220"", ""183552543"", ""163644147"", ""183251892"", ""146042259""]"
none_subset,4,89618330,82109720,62,53,0,0,0,0,0,0,"[""204830740"", ""24686208"", ""146789147"", ""100102954"", ""6204449"", ""51213351"", ""18880304"", ""201053460"", ""119124932"", ""18162642""]"
none_subset,4,186734724,120186615,64,108,0,0,0,0,0,0,"[""138322181"", ""155183786"", ""198417754"", ""188912158"", ""193870914"", ""146848989"", ""114420335"", ""186761660"", ""107055611"", ""159428920""]"
none_subset,4,137663265,121152864,37,1081,0,0,0,0,0,0,"[""51138626"", ""145502443"", ""92247640"", ""188083340"", ""10976521"", ""172603509"", ""126729562"", ""133924998"", ""127873279"", ""131943838""]"
none_subset,4,184932665,153873960,46,76,0,0,0,0,0,0,"[""78516486"", ""208035235"", ""211752694"", ""150142821"", ""143366526"", ""190980199"", ""205635929"", ""181805492"", ""206995470"", ""148352358""]"
none_subset,4,176808962,144873226,38,184,0,0,0,0,0,0,"[""85274599"", ""71140696"", ""173253112"", ""113745991"", ""188178632"", ""126942864"", ""189745383"", ""145697018"", ""181551206"", ""28528703""]"
none_subset,4,40091309,46137767,62,73,0,0,0,0,0,0,"[""193136181"", ""15942056"", ""45997741"", ""42940692"", ""147431302"", ""180001774"", ""45013331"", ""183231385"", ""117006578"", ""197129044""]"
none_subset,4,186263172,157798849,37,964,0,0,0,0,0,0,"[""180409690"", ""195292057"", ""197344850"", ""142288515"", ""183175888"", ""190251047"", ""183268600"", ""91173744"", ""154436028"", ""165980002""]"
none_subset,4,212278606,188191658,62,2266,0,0,0,0,0,0,"[""87531727"", ""57612738"", ""150060889"", ""195501951"", ""91942219"", ""199527738"", ""60359990"", ""180640041"", ""174963383"", ""185886914""]"
none_subset,4,7916680,5126262,38,1883,0,0,0,0,0,0,"[""12905940"", ""122139403"", ""149982401"", ""92914026"", ""126884451"", ""60873658"", ""79372963"", ""155589050"", ""53171694"", ""113496860""]"
none_subset,4,212566660,192314331,4,383,0,0,0,0,0,0,"[""104918014"", ""205530255"", ""81195353"", ""107688044"", ""50416429"", ""179735008"", ""159676437"", ""175423172"", ""214759064"", ""145528975""]"
none_subset,4,171758770,144073843,64,13,0,0,0,0,1,1,"[""105144259"", ""155021743"", ""136552233"", ""106833257"", ""152603802"", ""82453175"", ""179440048"", ""180165679"", ""202708847"", ""164633014""]"
none_subset,4,56944150,58074978,62,1262,0,0,0,0,0,0,"[""166907143"", ""185405124"", ""131405477"", ""144733620"", ""94106347"", ""43654675"", ""73410413"", ""128177020"", ""124123475"", ""176309620""]"
none_subset,4,177136220,149224518,46,348,0,0,0,0,0,0,"[""141613878"", ""133738518"", ""184445663"", ""207833370"", ""38013346"", ""175049394"", ""181269509"", ""210738657"", ""168124994"", ""209179234""]"
none_subset,4,221464984,208901976,4,85,0,0,0,0,0,0,"[""179812166"", ""135451052"", ""46147970"", ""188323012"", ""209018186"", ""171876720"", ""190218932"", ""179805334"", ""53953930"", ""213461075""]"
none_subset,4,211415678,190685714,4,328,0,0,0,0,0,0,"[""192473388"", ""146764647"", ""126810749"", ""181099732"", ""191509023"", ""187602417"", ""192877167"", ""141212383"", ""72373127"", ""187600900""]"
none_subset,4,212123398,153789770,38,7,0,0,0,1,1,1,"[""93923477"", ""96696628"", ""27784922"", ""29779319"", ""146400702"", ""181551206"", ""153789770"", ""69722104"", ""44353494"", ""116918686""]"
none_subset,4,214057362,159356640,38,12,0,0,0,0,1,1,"[""192443797"", ""205529136"", ""140998433"", ""206343268"", ""171618124"", ""63443950"", ""195830981"", ""65188291"", ""78540845"", ""207557776""]"
none_subset,4,225018699,203644944,46,59,0,0,0,0,0,0,"[""198221243"", ""209764015"", ""141781507"", ""207127154"", ""212469100"", ""200860795"", ""204484014"", ""191974228"", ""173365679"", ""200555275""]"
none_subset,4,189614427,161963154,37,438,0,0,0,0,0,0,"[""207481345"", ""176300467"", ""190646486"", ""196133478"", ""209587702"", ""147947722"", ""212776036"", ""92273591"", ""174690214"", ""84312811""]"
none_subset,4,142392731,121824532,64,697,0,0,0,0,0,0,"[""183213131"", ""149506115"", ""201421429"", ""177536477"", ""63474547"", ""53527257"", ""188599489"", ""97354544"", ""123694415"", ""63965447""]"
none_subset,4,223015676,203967736,38,54,0,0,0,0,0,0,"[""170938980"", ""171832078"", ""176455982"", ""167193773"", ""204390915"", ""194365263"", ""64528586"", ""180367929"", ""176455959"", ""194296875""]"
none_subset,4,225055490,201955493,62,1450,0,0,0,0,0,0,"[""192772254"", ""203908924"", ""81576657"", ""205145270"", ""189968625"", ""194031762"", ""204577887"", ""191313815"", ""195520149"", ""189162855""]"
none_subset,4,193926677,166513470,4,53,0,0,0,0,0,0,"[""153979554"", ""192413607"", ""145729078"", ""134534067"", ""175750166"", ""130284203"", ""196926090"", ""140425447"", ""136900812"", ""134243031""]"
none_subset,4,127823271,106159013,46,10,0,0,0,1,1,1,"[""100946720"", ""93024322"", ""80535119"", ""138953275"", ""109562038"", ""213699346"", ""162796958"", ""139114542"", ""140434515"", ""106159013""]"
none_subset,4,216006681,191329499,43,381,0,0,0,0,0,0,"[""150794676"", ""195240617"", ""128872941"", ""188613551"", ""205287113"", ""57715433"", ""176953234"", ""192366567"", ""72741345"", ""74618421""]"
none_subset,4,217243654,200894620,43,5,0,0,1,1,1,1,"[""182050443"", ""214379964"", ""208009091"", ""191711172"", ""200894620"", ""147836645"", ""168783197"", ""173924308"", ""213429712"", ""207021897""]"
none_subset,4,182940563,150904300,37,1514,0,0,0,0,0,0,"[""202222440"", ""154409188"", ""45171964"", ""21114364"", ""96028215"", ""206412545"", ""14688074"", ""187043151"", ""181408383"", ""94966858""]"
none_subset,4,187573727,146649572,4,290,0,0,0,0,0,0,"[""77968334"", ""65093674"", ""186220965"", ""201066421"", ""152685161"", ""192757426"", ""198809896"", ""195895955"", ""204285378"", ""144995106""]"
none_subset,4,138080259,65008714,64,3,0,1,1,1,1,1,"[""193944748"", ""112210141"", ""65008714"", ""94191912"", ""187557702"", ""159988781"", ""100728693"", ""152762249"", ""204745194"", ""156718510""]"
none_subset,4,192631686,153052637,37,1368,0,0,0,0,0,0,"[""61710118"", ""214037923"", ""170879853"", ""128177539"", ""204074550"", ""140488555"", ""182681465"", ""182444653"", ""153610553"", ""149221878""]"
none_subset,4,221997368,208214699,64,2,0,1,1,1,1,1,"[""214403909"", ""208214699"", ""187138250"", ""184550395"", ""211889722"", ""200030150"", ""185230388"", ""176590943"", ""88249240"", ""142556394""]"
none_subset,4,43275874,36274453,46,12,0,0,0,0,1,1,"[""118565908"", ""204270051"", ""78015202"", ""119093613"", ""113660921"", ""194051265"", ""129427671"", ""103963518"", ""204759997"", ""154821670""]"
none_subset,4,208549473,188974237,38,354,0,0,0,0,0,0,"[""146217898"", ""138345880"", ""192443349"", ""121639115"", ""104506104"", ""8550716"", ""188362913"", ""160779270"", ""102778559"", ""176574849""]"
none_subset,4,201632722,146950826,38,131,0,0,0,0,0,0,"[""145998937"", ""11921513"", ""156461111"", ""160303868"", ""128022775"", ""195156235"", ""186533660"", ""156904280"", ""136204876"", ""113456040""]"
none_subset,4,156160045,132801199,4,79,0,0,0,0,0,0,"[""164258790"", ""183741193"", ""210301282"", ""183754777"", ""212277102"", ""205025057"", ""213679625"", ""214893406"", ""167026168"", ""212675214""]"
none_subset,4,72156364,74091865,62,20,0,0,0,0,1,1,"[""149622084"", ""57611649"", ""194855016"", ""210005684"", ""192607518"", ""153432818"", ""169967722"", ""76325050"", ""115093732"", ""188045603""]"
none_subset,4,223313101,212092681,64,337,0,0,0,0,0,0,"[""119651772"", ""207826820"", ""196286888"", ""207475739"", ""196368309"", ""20371087"", ""186937016"", ""195426035"", ""153533707"", ""97403292""]"
none_subset,4,223233776,212219845,37,173,0,0,0,0,0,0,"[""191538851"", ""210502009"", ""201649016"", ""199287233"", ""206302770"", ""209349722"", ""190070434"", ""193730114"", ""195908286"", ""206569261""]"
none_subset,4,211371620,158157895,62,154,0,0,0,0,0,0,"[""193136181"", ""117006578"", ""42940692"", ""101066716"", ""149301183"", ""162263431"", ""45997741"", ""74242439"", ""89597505"", ""70315472""]"
none_subset,4,126256433,96974114,43,701,0,0,0,0,0,0,"[""24907697"", ""140922487"", ""175312707"", ""62487581"", ""110638290"", ""154544914"", ""47578647"", ""159158518"", ""27371713"", ""83383823""]"
none_subset,4,212358680,179747268,57,1208,0,0,0,0,0,0,"[""200193952"", ""211047562"", ""195907765"", ""193981972"", ""175665700"", ""185245568"", ""195530341"", ""155345748"", ""141122844"", ""213974986""]"
none_subset,4,206969260,182904703,4,29,0,0,0,0,1,1,"[""192473388"", ""200344150"", ""187600900"", ""202571906"", ""190079873"", ""188074441"", ""151451581"", ""200589462"", ""201469264"", ""190777127""]"
none_subset,4,219081552,202282525,46,60,0,0,0,0,0,0,"[""137150022"", ""162796958"", ""93024322"", ""214043725"", ""211895860"", ""178779098"", ""166651210"", ""167900654"", ""193206170"", ""213237768""]"
none_subset,4,210487268,179668314,64,612,0,0,0,0,0,0,"[""127196288"", ""166184401"", ""146887481"", ""129093190"", ""208915255"", ""92189436"", ""128217933"", ""47134269"", ""147899970"", ""173438440""]"
none_subset,4,225336145,74450876,64,33,0,0,0,0,0,1,"[""132289907"", ""144399371"", ""181874277"", ""142231631"", ""72224328"", ""85531879"", ""179411117"", ""191000780"", ""165315994"", ""81240114""]"
none_subset,4,175331456,146513683,37,277,0,0,0,0,0,0,"[""105541683"", ""128885740"", ""195332849"", ""176300467"", ""136884669"", ""177169600"", ""155943767"", ""191365709"", ""204339441"", ""193268783""]"
none_subset,4,213944371,194670256,37,39,0,0,0,0,0,1,"[""181408383"", ""192323302"", ""197844035"", ""206412545"", ""209161669"", ""201740861"", ""180221400"", ""189521463"", ""141656944"", ""188568572""]"
none_subset,4,134360438,111735082,62,629,0,0,0,0,0,0,"[""118002181"", ""190955120"", ""192716019"", ""73906788"", ""201461957"", ""194230267"", ""61834333"", ""134917876"", ""192458679"", ""203728936""]"
none_subset,4,187101284,147810982,62,1586,0,0,0,0,0,0,"[""113542136"", ""127953008"", ""207133151"", ""156564557"", ""131405477"", ""159960911"", ""94106347"", ""131192536"", ""86925187"", ""192396971""]"
none_subset,4,203507410,173887076,57,591,0,0,0,0,0,0,"[""210440269"", ""195530341"", ""193741544"", ""187950832"", ""202358315"", ""166582282"", ""195530334"", ""207134458"", ""201814707"", ""193303170""]"
none_subset,4,166673610,121103119,62,702,0,0,0,0,0,0,"[""55538884"", ""19018996"", ""194230601"", ""96744852"", ""139296753"", ""194711367"", ""189473848"", ""203378428"", ""91022274"", ""166506446""]"
none_subset,4,193152815,165031640,57,72,0,0,0,0,0,0,"[""185648769"", ""163252829"", ""190632146"", ""142032570"", ""78545033"", ""118260233"", ""152191898"", ""167696704"", ""138406619"", ""206220726""]"
none_subset,4,168799431,143547772,4,28,0,0,0,0,1,1,"[""76519929"", ""204285378"", ""210822020"", ""194022496"", ""19861371"", ""140966958"", ""65093644"", ""108202978"", ""68390034"", ""159150083""]"
none_subset,4,210308666,184170758,43,1329,0,0,0,0,0,0,"[""214985972"", ""184974306"", ""85892413"", ""153525929"", ""142502266"", ""181265072"", ""163900593"", ""196316257"", ""179105716"", ""108207501""]"
none_subset,4,125809748,98272991,43,779,0,0,0,0,0,0,"[""155249274"", ""146413132"", ""35117971"", ""191701553"", ""125480188"", ""18294635"", ""162630675"", ""171888747"", ""202367676"", ""214100347""]"
none_subset,4,215481738,119637829,37,59,0,0,0,0,0,0,"[""212047029"", ""103057199"", ""170049514"", ""139307132"", ""39048064"", ""186298213"", ""146818815"", ""155926657"", ""189268503"", ""156884960""]"
none_subset,4,141347617,74290204,62,891,0,0,0,0,0,0,"[""127682307"", ""63297817"", ""190061187"", ""86295030"", ""125457528"", ""213858568"", ""188105464"", ""210017823"", ""186943676"", ""188361417""]"
none_subset,4,182735542,154615570,46,144,0,0,0,0,0,0,"[""121346371"", ""208143888"", ""123341476"", ""87562356"", ""102458654"", ""194361633"", ""105129945"", ""111715361"", ""210836993"", ""50445939""]"
none_subset,4,84948438,81936846,38,894,0,0,0,0,0,0,"[""206303400"", ""58199619"", ""207390535"", ""121550726"", ""163646287"", ""107235965"", ""95406694"", ""18962742"", ""155332547"", ""95395941""]"
none_subset,4,88430166,74375092,43,383,0,0,0,0,0,0,"[""127254122"", ""60265144"", ""83383823"", ""125638272"", ""68154365"", ""204211869"", ""47578647"", ""197607322"", ""119064343"", ""27371713""]"
none_subset,4,176270924,148352358,46,35,0,0,0,0,0,1,"[""143366526"", ""37708588"", ""80195905"", ""102529512"", ""44855147"", ""111095231"", ""188974662"", ""129338201"", ""122229490"", ""153152250""]"
none_subset,4,207983115,184519995,37,24,0,0,0,0,1,1,"[""201913249"", ""187256075"", ""169922684"", ""175392694"", ""187443642"", ""156583528"", ""151708259"", ""181022161"", ""185236300"", ""184921004""]"
none_subset,4,202143797,175175649,62,195,0,0,0,0,0,0,"[""176309620"", ""131192536"", ""59277045"", ""203510715"", ""132245237"", ""154706721"", ""96917986"", ""191872666"", ""184129119"", ""210213676""]"
none_subset,4,219249066,191590282,43,79,0,0,0,0,0,0,"[""205517780"", ""98301531"", ""130556843"", ""169542784"", ""88376416"", ""140335234"", ""168943005"", ""98800023"", ""100333045"", ""207289652""]"
none_subset,4,143722693,114162936,62,275,0,0,0,0,0,0,"[""99563204"", ""204100209"", ""156487231"", ""134905481"", ""153978341"", ""204737909"", ""124381580"", ""156442595"", ""179155211"", ""73563944""]"
none_subset,4,222014463,202121759,46,829,0,0,0,0,0,0,"[""203329657"", ""80195905"", ""151511658"", ""132184095"", ""67021528"", ""124457377"", ""83729071"", ""111000639"", ""163401902"", ""88672257""]"
none_subset,4,220324774,206942069,37,56,0,0,0,0,0,0,"[""210226726"", ""201649016"", ""191911000"", ""211802210"", ""175852737"", ""116930061"", ""192617496"", ""82620936"", ""190788965"", ""191538851""]"
none_subset,4,214979493,195545920,62,193,0,0,0,0,0,0,"[""79802279"", ""202517117"", ""139116865"", ""181082260"", ""52577956"", ""144733620"", ""155560065"", ""209596945"", ""213830821"", ""193455158""]"
none_subset,4,197174102,158079920,46,16,0,0,0,0,1,1,"[""120932240"", ""200400926"", ""82615761"", ""205315794"", ""156554598"", ""134691092"", ""210348218"", ""197454401"", ""213672603"", ""177472740""]"
none_subset,4,152593815,120566127,43,277,0,0,0,0,0,0,"[""68189198"", ""192784424"", ""130448492"", ""76970617"", ""181167814"", ""99992649"", ""29596208"", ""127635452"", ""113849955"", ""201259036""]"
none_subset,4,190704652,159919899,4,30,0,0,0,0,1,1,"[""145020770"", ""52380679"", ""144811459"", ""167104684"", ""207935824"", ""117660981"", ""48788833"", ""206506678"", ""159922963"", ""86878993""]"
none_subset,4,224353612,83339178,38,1605,0,0,0,0,0,0,"[""159333154"", ""168166428"", ""206518481"", ""23769172"", ""179876069"", ""72905115"", ""135777951"", ""141368646"", ""26955008"", ""195402979""]"
none_subset,4,168810096,141477316,43,289,0,0,0,0,0,0,"[""155318109"", ""163286400"", ""149017403"", ""138924839"", ""113535350"", ""204821849"", ""112624655"", ""99218293"", ""178871976"", ""126937971""]"
none_subset,4,174234845,111077753,46,54,0,0,0,0,0,0,"[""201024429"", ""184407267"", ""116838538"", ""145504709"", ""135883318"", ""204540006"", ""210041962"", ""169970147"", ""78004872"", ""89084644""]"
none_subset,4,224964084,214177607,64,329,0,0,0,0,0,0,"[""161410919"", ""107753045"", ""141733590"", ""207683325"", ""88249240"", ""108386270"", ""208628985"", ""165562858"", ""204738388"", ""210298620""]"
none_subset,4,223051299,211888794,43,16,0,0,0,0,1,1,"[""189168111"", ""196161702"", ""163551195"", ""53410226"", ""192529072"", ""136136174"", ""195756368"", ""190677683"", ""180214878"", ""185897088""]"
none_subset,4,211447713,190729057,62,233,0,0,0,0,0,0,"[""190355590"", ""94242464"", ""109870390"", ""124000667"", ""200035811"", ""210275902"", ""172997177"", ""145797588"", ""183755648"", ""202235121""]"
none_subset,4,121895414,109316691,46,9,0,0,0,1,1,1,"[""211441313"", ""170458031"", ""206672410"", ""195309442"", ""207931525"", ""32294401"", ""172512012"", ""208188298"", ""109316691"", ""208306039""]"
none_subset,4,18612263,16900641,46,413,0,0,0,0,0,0,"[""205769669"", ""209105168"", ""83646259"", ""205356898"", ""167776566"", ""204367824"", ""109811257"", ""28656005"", ""136576031"", ""203456171""]"
none_subset,4,148987859,126187915,43,25,0,0,0,0,1,1,"[""196069283"", ""16113826"", ""123633665"", ""154215969"", ""118456882"", ""142700536"", ""192774637"", ""202567733"", ""166752829"", ""126861866""]"
none_subset,4,192255303,159931342,37,36,0,0,0,0,0,1,"[""96256428"", ""14688074"", ""126574209"", ""115215869"", ""29496516"", ""95030361"", ""127678430"", ""101351593"", ""163474582"", ""120040052""]"
none_subset,4,212166333,53324130,38,32,0,0,0,0,0,1,"[""194567057"", ""137272079"", ""166302090"", ""135581400"", ""115293027"", ""169336593"", ""127669212"", ""212801979"", ""149270771"", ""168951957""]"
none_subset,4,178200938,144995106,4,11,0,0,0,0,1,1,"[""152685161"", ""119654700"", ""198809896"", ""186220965"", ""65093644"", ""77968334"", ""65093674"", ""201066421"", ""72626014"", ""121025812""]"
none_subset,4,41375900,28575466,46,40,0,0,0,0,0,1,"[""79523323"", ""19664212"", ""186542267"", ""183767116"", ""108196994"", ""113654919"", ""50497846"", ""158102584"", ""194051265"", ""129112756""]"
none_subset,4,219197772,123741380,57,140,0,0,0,0,0,0,"[""207095476"", ""107833046"", ""171686923"", ""128778844"", ""205639687"", ""201562377"", ""211535882"", ""170873799"", ""211909378"", ""156534875""]"
none_subset,4,204165479,152716158,46,98,0,0,0,0,0,0,"[""212690484"", ""87962961"", ""155058299"", ""118566996"", ""130390168"", ""77308664"", ""134902485"", ""67021528"", ""201966464"", ""85070500""]"
none_subset,4,195123621,145157871,37,1468,0,0,0,0,0,0,"[""91090509"", ""189381669"", ""133932837"", ""171828064"", ""158117230"", ""127087324"", ""121775976"", ""181774091"", ""194551250"", ""188967908""]"
none_subset,4,198657322,169742657,64,2193,0,0,0,0,0,0,"[""114420335"", ""159428920"", ""188912158"", ""198417754"", ""146946453"", ""149253481"", ""143686140"", ""210373505"", ""146848989"", ""187986160""]"
none_subset,4,168167112,136167456,46,302,0,0,0,0,0,0,"[""212730825"", ""211336503"", ""168791195"", ""210433201"", ""195720861"", ""103172216"", ""212220560"", ""210482648"", ""170881830"", ""166724206""]"
none_subset,4,217865263,202190653,4,9,0,0,0,1,1,1,"[""165023261"", ""163608455"", ""202002064"", ""48830519"", ""198949108"", ""185515008"", ""211167678"", ""79486528"", ""202190653"", ""165897952""]"
none_subset,4,178717273,127619503,46,222,0,0,0,0,0,0,"[""191705183"", ""118566996"", ""111095231"", ""99309357"", ""201966464"", ""116259633"", ""149547737"", ""84576505"", ""203329657"", ""194301324""]"
none_subset,4,157200645,104767223,46,1,1,1,1,1,1,1,"[""104767223"", ""148554569"", ""121183627"", ""114654675"", ""65618657"", ""74187345"", ""206843208"", ""205037505"", ""201405465"", ""109762523""]"
none_subset,4,212472649,167019414,43,342,0,0,0,0,0,0,"[""117984925"", ""46154800"", ""170809412"", ""191701553"", ""155249274"", ""202367676"", ""105238183"", ""54226204"", ""120869286"", ""125860815""]"
none_subset,4,180957275,117294409,43,303,0,0,0,0,0,0,"[""119064343"", ""38196926"", ""194288467"", ""183691121"", ""125638272"", ""189266294"", ""127254122"", ""61394763"", ""195408710"", ""35671043""]"
none_subset,4,197644343,170533485,4,679,0,0,0,0,0,0,"[""203618170"", ""210498460"", ""154438637"", ""181206759"", ""47487946"", ""206408008"", ""202936499"", ""207201000"", ""211428834"", ""214582809""]"
none_subset,4,220083412,188854517,4,319,0,0,0,0,0,0,"[""194814735"", ""214521847"", ""201735437"", ""184281117"", ""181715447"", ""183252412"", ""93696567"", ""186779159"", ""193843184"", ""198374943""]"
none_subset,4,182691252,148133803,64,1439,0,0,0,0,0,0,"[""167245652"", ""158428439"", ""108526378"", ""12329772"", ""154049018"", ""202658571"", ""164643454"", ""196328856"", ""213272815"", ""200859322""]"
none_subset,4,224088320,207903647,38,816,0,0,0,0,0,0,"[""149343290"", ""128168264"", ""104610572"", ""145998937"", ""51821730"", ""136444097"", ""192884067"", ""169064521"", ""88485908"", ""192191594""]"
none_subset,4,207157271,181831554,62,441,0,0,0,0,0,0,"[""191802528"", ""182479029"", ""209130399"", ""193245188"", ""97699076"", ""200278691"", ""155669593"", ""116849391"", ""161492615"", ""95641166""]"
none_subset,4,219549589,205463159,46,86,0,0,0,0,0,0,"[""208458622"", ""212261718"", ""177962710"", ""214251597"", ""208805779"", ""204899704"", ""211572610"", ""212730825"", ""205297053"", ""213683775""]"
none_subset,4,61412758,66544309,64,46,0,0,0,0,0,1,"[""146444401"", ""194767716"", ""188128198"", ""181619566"", ""144358079"", ""46094230"", ""85881610"", ""5106586"", ""121260031"", ""90897593""]"
none_subset,4,225234100,214923237,37,1204,0,0,0,0,0,0,"[""163424021"", ""128025445"", ""191029008"", ""164415171"", ""201603265"", ""198930981"", ""173645815"", ""55796783"", ""100748302"", ""150426765""]"
none_subset,4,200993442,173622745,64,2027,0,0,0,0,0,0,"[""103562123"", ""193134463"", ""156692119"", ""131215451"", ""54856875"", ""183298074"", ""56647291"", ""170757529"", ""141777886"", ""141263401""]"
none_subset,4,216975459,206528763,37,1300,0,0,0,0,0,0,"[""142113211"", ""173621712"", ""183268600"", ""140618489"", ""194297564"", ""203829614"", ""143065905"", ""142508806"", ""164126632"", ""174850296""]"
none_subset,4,225336801,188214175,38,75,0,0,0,0,0,0,"[""165955684"", ""74273124"", ""18107447"", ""133136953"", ""123821164"", ""184109870"", ""169021759"", ""179244626"", ""140979774"", ""203702170""]"
none_subset,4,215838281,178821617,64,915,0,0,0,0,0,0,"[""207537844"", ""5009200"", ""77671900"", ""179835610"", ""193084026"", ""165717472"", ""181529530"", ""143939537"", ""127488797"", ""195536621""]"
none_subset,4,194636789,164687853,43,272,0,0,0,0,0,0,"[""210822887"", ""206290556"", ""187215484"", ""201213450"", ""182445092"", ""182583580"", ""72644649"", ""188378226"", ""209862942"", ""189297376""]"
none_subset,4,222074084,210312086,4,302,0,0,0,0,0,0,"[""207791923"", ""197090565"", ""67839146"", ""177056777"", ""191316160"", ""183552560"", ""183730691"", ""204007557"", ""207099785"", ""189899644""]"
none_subset,4,220528235,207323221,46,896,0,0,0,0,0,0,"[""214030585"", ""212848933"", ""78516486"", ""212118911"", ""84381800"", ""162264344"", ""99228098"", ""134541468"", ""212401560"", ""89045186""]"
none_subset,4,172457210,121255930,64,306,0,0,0,0,0,0,"[""74117799"", ""78359767"", ""12329772"", ""164643454"", ""145930227"", ""102619257"", ""146365324"", ""154046140"", ""154049018"", ""196328856""]"
none_subset,4,113903010,100293557,64,111,0,0,0,0,0,0,"[""179201033"", ""204824313"", ""156194814"", ""60032340"", ""138800320"", ""62550428"", ""56995363"", ""80281524"", ""149715107"", ""194094670""]"
none_subset,4,221302940,208849613,4,558,0,0,0,0,0,0,"[""206235969"", ""113199812"", ""138626625"", ""204869184"", ""203498392"", ""209754995"", ""205390513"", ""193807530"", ""206016133"", ""206007161""]"
none_subset,4,69000953,64234906,46,7,0,0,0,1,1,1,"[""203665704"", ""100503293"", ""158946684"", ""68978046"", ""171694803"", ""105148782"", ""64234906"", ""113591349"", ""201215254"", ""140827649""]"
none_subset,4,218842170,160041957,38,310,0,0,0,0,0,0,"[""193054363"", ""203967736"", ""199367174"", ""192191594"", ""140979774"", ""123821164"", ""176883176"", ""174772308"", ""141798974"", ""156263699""]"
none_subset,4,220261952,197046560,4,428,0,0,0,0,0,0,"[""210301282"", ""211821321"", ""167026168"", ""73706611"", ""127947361"", ""212806729"", ""136107743"", ""166646423"", ""139110120"", ""53882418""]"
none_subset,4,139219419,121721790,62,275,0,0,0,0,0,0,"[""127488091"", ""117835777"", ""143139548"", ""124381580"", ""52773606"", ""153978341"", ""209579537"", ""150070859"", ""56305255"", ""138120106""]"
none_subset,4,125389659,110880028,46,322,0,0,0,0,0,0,"[""77995654"", ""206921287"", ""212208758"", ""77257734"", ""81216321"", ""133461188"", ""87748960"", ""172197706"", ""104661030"", ""130443128""]"
none_subset,4,184714311,156401211,4,526,0,0,0,0,0,0,"[""195213429"", ""151681239"", ""182361800"", ""195717749"", ""206799452"", ""153876614"", ""169697872"", ""126107165"", ""194377968"", ""62938611""]"
none_subset,4,211685637,190316113,37,149,0,0,0,0,0,0,"[""191911000"", ""210226726"", ""210502009"", ""201649016"", ""196469804"", ""192617496"", ""82620936"", ""192456013"", ""167674987"", ""207544886""]"
none_subset,4,120923788,107088593,64,382,0,0,0,0,0,0,"[""138322181"", ""155183786"", ""121260031"", ""193870914"", ""199244662"", ""68685146"", ""203509707"", ""56995363"", ""142232452"", ""107055611""]"
none_subset,4,210445554,188816532,62,2666,0,0,0,0,0,0,"[""194289010"", ""117006578"", ""145492438"", ""174963383"", ""101066716"", ""206301685"", ""100460340"", ""182866713"", ""70069885"", ""183472540""]"
none_subset,4,204017555,160815179,46,443,0,0,0,0,0,0,"[""171227152"", ""171227160"", ""147047749"", ""108971427"", ""194951479"", ""190224714"", ""145084375"", ""103250951"", ""182136657"", ""48022144""]"
none_subset,4,143197618,98469115,64,5,0,0,1,1,1,1,"[""181874277"", ""200497374"", ""163956163"", ""76668217"", ""98469115"", ""193793367"", ""157190922"", ""136053941"", ""111165071"", ""135170809""]"
none_subset,4,61843610,66079869,38,328,0,0,0,0,0,0,"[""200830087"", ""12905940"", ""55870666"", ""148419997"", ""138757742"", ""79372963"", ""14434511"", ""171588996"", ""35695557"", ""203702170""]"
none_subset,4,203049884,177204083,46,149,0,0,0,0,0,0,"[""63753442"", ""180613841"", ""162330233"", ""132534712"", ""73765596"", ""78004872"", ""82040536"", ""127485588"", ""78696152"", ""180795459""]"
none_subset,4,200273238,174160548,62,70,0,0,0,0,0,0,"[""32645477"", ""209151724"", ""172904337"", ""113994482"", ""22547515"", ""79071994"", ""192522899"", ""201325161"", ""189021318"", ""197595797""]"
none_subset,4,70787689,44688477,4,131,0,0,0,0,0,0,"[""193413498"", ""200963901"", ""192331154"", ""191214295"", ""181715447"", ""186930348"", ""194508039"", ""162058011"", ""204482650"", ""120663751""]"
none_subset,4,176078735,146569456,43,370,0,0,0,0,0,0,"[""204649733"", ""215513285"", ""26288526"", ""204570694"", ""191363897"", ""125981589"", ""139853041"", ""160710926"", ""150459085"", ""161359602""]"
none_subset,4,135329136,117265551,37,561,0,0,0,0,0,0,"[""206412545"", ""142665464"", ""201740861"", ""141656944"", ""202137970"", ""55814438"", ""195296935"", ""157945105"", ""153099679"", ""191911000""]"
none_subset,4,153938737,131288527,43,208,0,0,0,0,0,0,"[""196197826"", ""120544015"", ""26638732"", ""100704615"", ""180157887"", ""188577365"", ""143758890"", ""198092127"", ""119361928"", ""178058556""]"
none_subset,4,212479224,192156118,64,1418,0,0,0,0,0,0,"[""182762792"", ""203921886"", ""203544848"", ""211228726"", ""136401281"", ""178043240"", ""147880315"", ""120966979"", ""152305563"", ""148133803""]"
none_subset,4,166278715,129815138,4,828,0,0,0,0,0,0,"[""143253664"", ""176741246"", ""153459958"", ""200439718"", ""181646106"", ""146961197"", ""191498286"", ""112919636"", ""152685161"", ""206283069""]"
none_subset,4,199772169,172344853,46,201,0,0,0,0,0,0,"[""179440577"", ""208458622"", ""211987120"", ""178086628"", ""210499137"", ""159049004"", ""215428176"", ""208503568"", ""138639851"", ""135652658""]"
none_subset,4,175220215,132450375,43,117,0,0,0,0,0,0,"[""188409353"", ""192928288"", ""191134281"", ""206290556"", ""115302143"", ""196161576"", ""195590215"", ""182726743"", ""197224556"", ""197833947""]"
none_subset,4,177080967,137979950,43,1325,0,0,0,0,0,0,"[""100464186"", ""143317431"", ""191363897"", ""189490489"", ""192987043"", ""201006052"", ""117984925"", ""114763824"", ""188613551"", ""150794676""]"
none_subset,4,209299010,186780001,37,33,0,0,0,0,0,1,"[""181408383"", ""197844035"", ""201742088"", ""197633924"", ""191504755"", ""209154292"", ""194958352"", ""199340755"", ""157806065"", ""160068637""]"
none_subset,4,199596057,171152123,46,986,0,0,0,0,0,0,"[""204484014"", ""144865911"", ""207127154"", ""208458622"", ""198221243"", ""210667015"", ""210373455"", ""210734819"", ""208712486"", ""212905783""]"
none_subset,4,123077927,110091642,43,1509,0,0,0,0,0,0,"[""210940174"", ""129483238"", ""196291255"", ""193313194"", ""89360655"", ""166706405"", ""121507083"", ""180648286"", ""121864251"", ""143989763""]"
none_subset,4,190493038,120673072,43,1031,0,0,0,0,0,0,"[""54226204"", ""156158793"", ""133582641"", ""73371698"", ""57556019"", ""104771940"", ""125480188"", ""124169369"", ""59841256"", ""189165560""]"
none_subset,4,86671615,52955195,46,91,0,0,0,0,0,0,"[""81754384"", ""207308677"", ""107277769"", ""209924661"", ""53826389"", ""213234426"", ""61233280"", ""142436010"", ""76370473"", ""56920439""]"
none_subset,4,31043892,31980662,38,21,0,0,0,0,1,1,"[""199402447"", ""99026554"", ""78137458"", ""101461920"", ""76417560"", ""113652490"", ""81584170"", ""201872814"", ""200931885"", ""133753057""]"
none_subset,4,145451831,124127139,64,418,0,0,0,0,0,0,"[""131215451"", ""167980707"", ""65008175"", ""194756089"", ""46094230"", ""63404553"", ""155867691"", ""186122058"", ""211889089"", ""75760627""]"
none_subset,4,153747275,126063136,57,1689,0,0,0,0,0,0,"[""121902729"", ""107527374"", ""183993242"", ""110306995"", ""127670415"", ""125339147"", ""139191535"", ""40488723"", ""139164571"", ""211148392""]"
none_subset,4,224656101,204256104,4,2816,0,0,0,0,0,0,"[""210109068"", ""151053517"", ""148023845"", ""104121894"", ""213465461"", ""115124238"", ""141885667"", ""180005065"", ""183858161"", ""207099566""]"
none_subset,4,99715785,93457918,62,27,0,0,0,0,1,1,"[""92648178"", ""167530279"", ""117835777"", ""153978341"", ""212334345"", ""58086605"", ""124381580"", ""52773606"", ""135590435"", ""99563204""]"
none_subset,4,219010765,200564628,4,92,0,0,0,0,0,0,"[""206636227"", ""208780104"", ""191627911"", ""193481695"", ""210484477"", ""193001991"", ""207726716"", ""191316160"", ""212591356"", ""183690665""]"
none_subset,4,201660768,149982401,38,448,0,0,0,0,0,0,"[""128168264"", ""177473283"", ""183401482"", ""69350726"", ""191338884"", ""180386955"", ""123255496"", ""47432873"", ""110664117"", ""212088933""]"
none_subset,4,121673786,101155263,46,43,0,0,0,0,0,1,"[""105169863"", ""212208758"", ""141682649"", ""107277769"", ""100881714"", ""142436010"", ""108713383"", ""61233280"", ""53826389"", ""210829117""]"
none_subset,4,72533492,74205538,46,2014,0,0,0,0,0,0,"[""211870655"", ""108322993"", ""205233162"", ""146324638"", ""12880586"", ""186533233"", ""176659851"", ""191328220"", ""71898794"", ""182222562""]"
none_subset,4,189529390,161349329,38,178,0,0,0,0,0,0,"[""181736422"", ""130075591"", ""127751166"", ""113999751"", ""108645662"", ""151180760"", ""124169140"", ""139423553"", ""149343290"", ""191640347""]"
none_subset,4,152773694,132893169,43,1860,0,0,0,0,0,0,"[""210931289"", ""173857826"", ""160081132"", ""153965768"", ""141811973"", ""205961338"", ""144008610"", ""189444157"", ""166319032"", ""118470473""]"
none_subset,4,124950338,109922545,46,485,0,0,0,0,0,0,"[""129461367"", ""212822100"", ""209170192"", ""208726649"", ""211336503"", ""200287645"", ""170651505"", ""201469244"", ""160673739"", ""208171217""]"
none_subset,4,195925802,168412771,46,344,0,0,0,0,0,0,"[""204484014"", ""149224518"", ""212469100"", ""159049004"", ""212013801"", ""208458622"", ""203644119"", ""204919891"", ""168612179"", ""208805779""]"
none_subset,4,180507726,148096344,4,35,0,0,0,0,0,1,"[""192786300"", ""184476437"", ""192424356"", ""146764647"", ""192331065"", ""194291179"", ""191461282"", ""194507763"", ""187602417"", ""93013033""]"
none_subset,4,159100819,135216969,37,1541,0,0,0,0,0,0,"[""168678804"", ""210605188"", ""196981506"", ""33066220"", ""147794006"", ""119926476"", ""185048961"", ""154316487"", ""195886526"", ""163644147""]"
none_subset,4,158660557,138316929,4,2630,0,0,0,0,0,0,"[""169922901"", ""152194990"", ""206506678"", ""214409401"", ""139296574"", ""202190653"", ""207149590"", ""193747557"", ""155673155"", ""203419431""]"
none_subset,4,181277813,121966763,46,37,0,0,0,0,0,1,"[""78516486"", ""129338201"", ""178445507"", ""160304046"", ""160302868"", ""190912236"", ""153152250"", ""143366526"", ""132867538"", ""176661515""]"
none_subset,4,182127641,142274306,43,270,0,0,0,0,0,0,"[""186098084"", ""189165560"", ""181981190"", ""178425205"", ""190670405"", ""178546388"", ""183703868"", ""209483560"", ""164354706"", ""140754805""]"
none_subset,4,75516255,77338935,38,1848,0,0,0,0,0,0,"[""110664117"", ""154112907"", ""171588996"", ""213205324"", ""89532322"", ""71896485"", ""127062761"", ""212088933"", ""55870666"", ""69350726""]"
none_subset,4,147462172,80777048,62,119,0,0,0,0,0,0,"[""146789147"", ""143457218"", ""65307631"", ""88475705"", ""48197595"", ""210678182"", ""32263557"", ""57547838"", ""195842978"", ""73563944""]"
none_subset,4,220651840,145906971,43,2,0,1,1,1,1,1,"[""120544015"", ""145906971"", ""74652569"", ""201441807"", ""173249585"", ""196286515"", ""193587212"", ""56249203"", ""157371611"", ""93370908""]"
none_subset,4,223856287,209585249,37,59,0,0,0,0,0,0,"[""195014964"", ""172689752"", ""202782009"", ""207544886"", ""190569345"", ""210502009"", ""203730564"", ""209172941"", ""190070434"", ""187134525""]"
none_subset,4,174298031,146247846,38,414,0,0,0,0,0,0,"[""206506072"", ""158083734"", ""194420087"", ""92748634"", ""163280205"", ""207390535"", ""198468875"", ""163646287"", ""166395194"", ""177616565""]"
none_subset,4,217510317,201829388,4,2820,0,0,0,0,0,0,"[""182581077"", ""208780104"", ""206636227"", ""194160187"", ""215237393"", ""203466268"", ""183509496"", ""205600080"", ""196026500"", ""191316160""]"
none_subset,4,216906744,117474006,64,766,0,0,0,0,0,0,"[""193084026"", ""92304326"", ""181529530"", ""179835610"", ""165717472"", ""169151974"", ""186981669"", ""77671900"", ""151937269"", ""106066941""]"
none_subset,4,195740306,168712424,64,30,0,0,0,0,1,1,"[""212528042"", ""31566174"", ""207826820"", ""166840834"", ""153533707"", ""193656471"", ""196286888"", ""151526168"", ""206133696"", ""60124479""]"
none_subset,4,175571502,147515846,37,1157,0,0,0,0,0,0,"[""192870188"", ""208532302"", ""199287233"", ""209045757"", ""156606418"", ""180787570"", ""146013472"", ""187423310"", ""186811713"", ""165174023""]"
none_subset,4,40555318,42368928,4,82,0,0,0,0,0,0,"[""152685161"", ""207143420"", ""72626014"", ""197109183"", ""27693819"", ""73205799"", ""93467050"", ""195543776"", ""213127345"", ""190079873""]"
none_subset,4,221748782,110119636,46,106,0,0,0,0,0,0,"[""194051265"", ""133459219"", ""173450384"", ""205927935"", ""176931775"", ""136576031"", ""77329979"", ""32062492"", ""101552604"", ""28355710""]"
none_subset,4,215076418,191423965,43,496,0,0,0,0,0,0,"[""100976417"", ""196601703"", ""147531803"", ""99234253"", ""202003110"", ""199487526"", ""112544549"", ""164354706"", ""109574039"", ""118484592""]"
none_subset,4,217106992,185861853,43,1381,0,0,0,0,0,0,"[""191423965"", ""214985972"", ""202169801"", ""99989757"", ""206195766"", ""169633199"", ""206174678"", ""138361155"", ""212363809"", ""205822080""]"
none_subset,4,223869271,163921484,64,733,0,0,0,0,0,0,"[""126785773"", ""179767835"", ""109908915"", ""116423938"", ""160686884"", ""184407904"", ""157000160"", ""109661801"", ""204325611"", ""147755307""]"
none_subset,4,187098073,159199323,43,5,0,0,1,1,1,1,"[""29596208"", ""49833634"", ""197580291"", ""195905048"", ""159199323"", ""120544015"", ""168503240"", ""119445851"", ""196197826"", ""26288526""]"
none_subset,4,221251045,204415558,62,64,0,0,0,0,0,0,"[""206841068"", ""213066001"", ""172997177"", ""204372796"", ""196478095"", ""210489322"", ""211070786"", ""185606507"", ""212412503"", ""121524691""]"
none_subset,4,222910388,155647098,57,112,0,0,0,0,0,0,"[""141804981"", ""120642977"", ""104220240"", ""170402935"", ""122144601"", ""187976706"", ""211007726"", ""83774267"", ""75645739"", ""207781223""]"
none_subset,4,199764194,164130570,4,435,0,0,0,0,0,0,"[""211167678"", ""141658555"", ""206007161"", ""73118528"", ""16813724"", ""53541477"", ""185515008"", ""209043508"", ""185596367"", ""192968334""]"
none_subset,4,170511974,157139216,37,1894,0,0,0,0,0,0,"[""214523405"", ""126027022"", ""203829614"", ""140618489"", ""192227530"", ""128177539"", ""194297564"", ""182681465"", ""173621712"", ""70970519""]"
none_subset,4,197042942,164967199,38,19,0,0,0,0,1,1,"[""135835902"", ""206210969"", ""207422358"", ""159911050"", ""208767896"", ""162768145"", ""172835232"", ""86777177"", ""160303868"", ""165274768""]"
none_subset,4,69298452,70517064,46,91,0,0,0,0,0,0,"[""201991995"", ""8742737"", ""77388181"", ""150142821"", ""208649860"", ""148352358"", ""178808064"", ""139912235"", ""102529512"", ""150407343""]"
none_subset,4,223561452,212197427,37,373,0,0,0,0,0,0,"[""207544886"", ""172689752"", ""203730564"", ""195014964"", ""199340755"", ""187134525"", ""191911000"", ""173640245"", ""206942069"", ""199918988""]"
none_subset,4,168452676,118222122,62,631,0,0,0,0,0,0,"[""215517289"", ""200166708"", ""131320559"", ""127168363"", ""209099816"", ""200033285"", ""201240617"", ""144999053"", ""208252625"", ""110927257""]"
none_subset,4,181794300,151145810,43,10,0,0,0,1,1,1,"[""197613208"", ""209546973"", ""195408710"", ""66709739"", ""148264493"", ""208096405"", ""66709745"", ""168131196"", ""137780242"", ""151145810""]"
none_subset,4,208095656,127927081,64,80,0,0,0,0,0,0,"[""61171786"", ""194242273"", ""186093978"", ""121322111"", ""211959757"", ""187029541"", ""62581454"", ""152337991"", ""156784913"", ""187914316""]"
none_subset,4,225335926,211911671,46,1975,0,0,0,0,0,0,"[""84422038"", ""143758782"", ""143366526"", ""182222562"", ""208649860"", ""192277978"", ""198522018"", ""176661515"", ""82040536"", ""154884885""]"
none_subset,4,222130069,210417882,37,941,0,0,0,0,0,0,"[""116929460"", ""205300777"", ""202157886"", ""211483573"", ""50482792"", ""210226726"", ""143874999"", ""210562159"", ""170278658"", ""136614813""]"
none_subset,4,223720098,212621102,37,33,0,0,0,0,0,1,"[""189787964"", ""209000043"", ""207605603"", ""214409508"", ""164058126"", ""143729945"", ""208742868"", ""99567115"", ""190569345"", ""206129800""]"
none_subset,4,194097330,148051499,38,920,0,0,0,0,0,0,"[""149343290"", ""56711957"", ""128022775"", ""99798516"", ""136204876"", ""165671081"", ""145998937"", ""215127574"", ""211427284"", ""193857246""]"
none_subset,4,125412100,109590796,38,55,0,0,0,0,0,0,"[""105576133"", ""136949110"", ""99075342"", ""130190832"", ""209895579"", ""126891166"", ""202112251"", ""126945620"", ""178462865"", ""207390535""]"
none_subset,4,220801144,195510728,4,2,0,1,1,1,1,1,"[""171567687"", ""195510728"", ""183542149"", ""200860968"", ""155790722"", ""196558620"", ""198615413"", ""158986768"", ""146764647"", ""185133383""]"
none_subset,4,217784024,202030579,37,829,0,0,0,0,0,0,"[""148067653"", ""123163900"", ""183552543"", ""211987844"", ""203837820"", ""149676779"", ""127087324"", ""210502009"", ""187502080"", ""108765924""]"
none_subset,4,206497499,180165679,64,2,0,1,1,1,1,1,"[""144073843"", ""180165679"", ""185454425"", ""210298620"", ""98518695"", ""48108527"", ""197268810"", ""185606335"", ""208628985"", ""183047062""]"
none_subset,4,197513260,170959122,37,908,0,0,0,0,0,0,"[""200567894"", ""210698150"", ""162193794"", ""100748286"", ""119926476"", ""115463757"", ""172603509"", ""100590821"", ""80032224"", ""115347272""]"
none_subset,4,33403155,35616285,43,136,0,0,0,0,0,0,"[""155249274"", ""196069283"", ""43872203"", ""146413132"", ""35117971"", ""154215969"", ""202367676"", ""18294635"", ""214100347"", ""97096238""]"
none_subset,4,221402730,204219042,46,5,0,0,1,1,1,1,"[""164912617"", ""141682649"", ""105169863"", ""164627162"", ""204219042"", ""138953275"", ""112097565"", ""212208758"", ""60048301"", ""141722116""]"
none_subset,4,195197020,167026168,4,890,0,0,0,0,0,0,"[""203037592"", ""211845271"", ""215351522"", ""212636144"", ""132213065"", ""205510063"", ""171026892"", ""82267423"", ""174649936"", ""210655795""]"
none_subset,4,220975574,141715949,4,562,0,0,0,0,0,0,"[""190503853"", ""213696130"", ""195516477"", ""119900827"", ""162346539"", ""138784306"", ""176566249"", ""86385298"", ""179569445"", ""189202376""]"
none_subset,4,212378064,191930990,64,1215,0,0,0,0,0,0,"[""194941994"", ""121260031"", ""174387123"", ""156281163"", ""147984435"", ""154044867"", ""94645332"", ""212572450"", ""172741180"", ""151373996""]"
none_subset,4,197335719,155926657,37,352,0,0,0,0,0,0,"[""162977839"", ""212047029"", ""170049514"", ""105969122"", ""186298213"", ""145001936"", ""189722088"", ""207110453"", ""129998409"", ""183994388""]"
none_subset,4,214372554,195229377,62,1586,0,0,0,0,0,0,"[""179248067"", ""185125027"", ""174160548"", ""178376577"", ""186774247"", ""191211417"", ""185606507"", ""172899019"", ""195420835"", ""206301685""]"
none_subset,4,76767653,75859148,43,468,0,0,0,0,0,0,"[""75839769"", ""155678818"", ""141669650"", ""4674477"", ""146898856"", ""67021588"", ""157711341"", ""86370719"", ""102607958"", ""90355123""]"
none_subset,4,196529391,109531052,46,550,0,0,0,0,0,0,"[""99228098"", ""13940893"", ""84381800"", ""169602941"", ""200077838"", ""78390422"", ""136819405"", ""187241582"", ""128970500"", ""203161766""]"
none_subset,4,210307148,183994388,37,275,0,0,0,0,0,0,"[""174850296"", ""186646910"", ""134610044"", ""165689309"", ""193679263"", ""199385964"", ""204657562"", ""165767706"", ""208900697"", ""147794006""]"
none_subset,4,219399718,189822829,37,293,0,0,0,0,0,0,"[""207110453"", ""212047029"", ""155900040"", ""170049514"", ""105969122"", ""183994388"", ""168964563"", ""162977839"", ""148248330"", ""210646051""]"
none_subset,4,60793435,67564757,4,1158,0,0,0,0,0,0,"[""139418370"", ""183255480"", ""145646315"", ""145094055"", ""191690738"", ""176819214"", ""155703180"", ""203130825"", ""179145991"", ""173008557""]"
none_subset,4,225050473,214079589,43,415,0,0,0,0,0,0,"[""135901868"", ""165432333"", ""79844098"", ""204467227"", ""164461764"", ""191893050"", ""208309750"", ""16668651"", ""208008027"", ""166301530""]"
none_subset,4,151461843,106574616,4,669,0,0,0,0,0,0,"[""194212862"", ""187320580"", ""144016634"", ""204940248"", ""157092256"", ""185596367"", ""169715410"", ""150204940"", ""213696130"", ""176566249""]"
none_subset,4,224963404,215124824,46,630,0,0,0,0,0,0,"[""158806989"", ""157864488"", ""198984808"", ""157884203"", ""211693984"", ""169636588"", ""98678440"", ""214464211"", ""77203173"", ""134507475""]"
none_subset,4,213395193,157545455,64,33,0,0,0,0,0,1,"[""162686675"", ""106851845"", ""182199798"", ""210055173"", ""204286460"", ""155116255"", ""121294809"", ""194687988"", ""178918657"", ""193010516""]"
none_subset,4,199347721,170470044,37,2433,0,0,0,0,0,0,"[""214532522"", ""197238711"", ""183519446"", ""189787964"", ""213318077"", ""185694778"", ""191191501"", ""212542886"", ""168816718"", ""210666947""]"
none_subset,4,213525214,213548440,37,252,0,0,0,0,0,0,"[""208532302"", ""199287233"", ""100843460"", ""191538851"", ""187719393"", ""56675511"", ""190261540"", ""116240817"", ""187423310"", ""187409312""]"
none_subset,4,12996076,10587748,38,1306,0,0,0,0,0,0,"[""179234058"", ""81220432"", ""156424467"", ""66259210"", ""186767110"", ""71896485"", ""192587307"", ""191371664"", ""157091884"", ""193563274""]"
none_subset,4,221170771,133192411,64,70,0,0,0,0,0,0,"[""143663551"", ""73923102"", ""119491080"", ""131561726"", ""78458855"", ""117014804"", ""173661276"", ""95501095"", ""99174752"", ""114822134""]"
none_subset,4,201268285,171087357,38,172,0,0,0,0,0,0,"[""191737393"", ""155797300"", ""193575305"", ""203456374"", ""142598311"", ""138028240"", ""213567992"", ""160518076"", ""184698900"", ""155797305""]"
none_subset,4,68995077,74320615,4,4,0,0,1,1,1,1,"[""203934220"", ""178452683"", ""167133568"", ""74320615"", ""164949793"", ""194644230"", ""162721825"", ""166377219"", ""169250822"", ""149264383""]"
none_subset,4,212774105,192870188,37,17,0,0,0,0,1,1,"[""209154292"", ""181408383"", ""100843460"", ""186811713"", ""191538851"", ""149483145"", ""213637743"", ""194958352"", ""187719393"", ""190070434""]"
none_subset,4,157241973,131569653,64,3,0,1,1,1,1,1,"[""91451711"", ""133870534"", ""131569653"", ""109320323"", ""79117002"", ""126460114"", ""179015555"", ""144281937"", ""200859322"", ""211486542""]"
none_subset,4,81138293,75083855,43,13,0,0,0,0,1,1,"[""87001748"", ""141417624"", ""207753535"", ""134678718"", ""183295863"", ""205605896"", ""100947091"", ""122820009"", ""113309612"", ""199920218""]"
none_subset,4,225048938,214258455,43,53,0,0,0,0,0,0,"[""16113826"", ""202567733"", ""158792208"", ""136644867"", ""177591827"", ""113898898"", ""77390218"", ""198313310"", ""101956556"", ""111562797""]"
none_subset,4,207291591,183508594,62,610,0,0,0,0,0,0,"[""213066001"", ""200035811"", ""153723208"", ""193966350"", ""172997177"", ""110870208"", ""202235121"", ""136225463"", ""204372796"", ""180623952""]"
none_subset,4,52045858,56867133,64,105,0,0,0,0,0,0,"[""188599489"", ""183213131"", ""177536477"", ""159020740"", ""63474547"", ""53527257"", ""189932460"", ""79734724"", ""40134748"", ""148740236""]"
none_subset,4,205176585,170787140,57,30,0,0,0,0,1,1,"[""156232619"", ""150231110"", ""120441699"", ""182367509"", ""171450864"", ""195784287"", ""207138935"", ""160016419"", ""180565561"", ""183357998""]"
none_subset,4,212795619,192825778,43,489,0,0,0,0,0,0,"[""180442618"", ""201915238"", ""153040976"", ""165710029"", ""212033090"", ""178271380"", ""193182630"", ""182118129"", ""171291776"", ""194288073""]"
none_subset,4,166582260,128927470,43,129,0,0,0,0,0,0,"[""162605137"", ""160598030"", ""186549940"", ""145708285"", ""145672403"", ""211890870"", ""177260407"", ""120122284"", ""205682935"", ""33389792""]"
none_subset,4,198655574,169540744,46,411,0,0,0,0,0,0,"[""103702743"", ""181620594"", ""206397421"", ""134911669"", ""166650343"", ""205037941"", ""162647828"", ""204402051"", ""104252496"", ""165354631""]"
none_subset,4,221746788,209644299,57,1401,0,0,0,0,0,0,"[""200193952"", ""193981972"", ""175665700"", ""172994991"", ""202655316"", ""211301569"", ""211047562"", ""195530341"", ""202223376"", ""211357002""]"
none_subset,4,207159870,180180313,43,2591,0,0,0,0,0,0,"[""201915238"", ""178271380"", ""66867545"", ""173758947"", ""173027033"", ""180442618"", ""171859659"", ""204412532"", ""165285962"", ""157655830""]"
none_subset,4,180137394,139482893,57,129,0,0,0,0,0,0,"[""86264024"", ""134702798"", ""192963179"", ""186713988"", ""188894472"", ""184690297"", ""143701254"", ""199492827"", ""62696356"", ""31932356""]"
none_subset,4,207494840,180293005,43,99,0,0,0,0,0,0,"[""184091403"", ""201671217"", ""201905433"", ""184633847"", ""207732639"", ""198087076"", ""190234147"", ""168115086"", ""185360446"", ""185851616""]"
none_subset,4,166456543,141754702,62,15,0,0,0,0,1,1,"[""146789147"", ""106557292"", ""195842978"", ""110202670"", ""210678182"", ""94546694"", ""152815967"", ""88475705"", ""123665712"", ""141918937""]"
none_subset,4,208513820,105697718,38,664,0,0,0,0,0,0,"[""83815570"", ""67142038"", ""206506072"", ""173181289"", ""194346900"", ""159911050"", ""102891416"", ""181834833"", ""204092180"", ""168932142""]"
none_subset,4,225221431,212209084,38,2664,0,0,0,0,0,0,"[""167863303"", ""187015482"", ""189931109"", ""138241186"", ""66287825"", ""184684820"", ""192468068"", ""184547134"", ""181177544"", ""188590677""]"
none_subset,4,60152115,66191550,62,893,0,0,0,0,0,0,"[""125457528"", ""82382971"", ""193136181"", ""51166926"", ""72763415"", ""214110785"", ""192716019"", ""76575420"", ""177494592"", ""95504070""]"
none_subset,4,145050847,108780050,62,498,0,0,0,0,0,0,"[""124381580"", ""198498662"", ""123665712"", ""94546694"", ""120273284"", ""106557292"", ""178902736"", ""188860992"", ""152815967"", ""110202670""]"
none_subset,4,75326151,76211714,38,375,0,0,0,0,0,0,"[""198984787"", ""76978137"", ""132680001"", ""58573176"", ""211454407"", ""203692617"", ""164618247"", ""192468068"", ""206277956"", ""46729593""]"
none_subset,4,213978608,193719358,37,48,0,0,0,0,0,1,"[""153111696"", ""162977839"", ""123163900"", ""21423746"", ""187502080"", ""163644147"", ""81981879"", ""151560800"", ""212047029"", ""210502009""]"
none_subset,4,218457342,194932553,62,34,0,0,0,0,0,1,"[""81077749"", ""198734216"", ""178706930"", ""22547515"", ""149631016"", ""14027620"", ""211638809"", ""185409558"", ""86857938"", ""25260455""]"
none_subset,4,193377068,165122778,37,511,0,0,0,0,0,0,"[""105274553"", ""78200756"", ""33534621"", ""149676779"", ""153538224"", ""191060958"", ""144080332"", ""120041856"", ""194553077"", ""169268977""]"
none_subset,4,89589487,83202485,46,1425,0,0,0,0,0,0,"[""115290677"", ""167525245"", ""83856659"", ""151344613"", ""212530716"", ""140208813"", ""147047749"", ""104709418"", ""144757929"", ""114943400""]"
none_subset,4,224696290,214638533,62,141,0,0,0,0,0,0,"[""191059034"", ""174610207"", ""175175649"", ""188261405"", ""184129119"", ""164097792"", ""158763261"", ""150571696"", ""200037328"", ""126216841""]"
none_subset,4,162311238,138254448,46,672,0,0,0,0,0,0,"[""172912744"", ""188865413"", ""208143888"", ""164665349"", ""92873779"", ""98678440"", ""76061645"", ""206885929"", ""45769216"", ""212168388""]"
none_subset,4,175322909,76695262,4,9,0,0,0,1,1,1,"[""90951087"", ""210517999"", ""186900944"", ""207064032"", ""211473289"", ""146168593"", ""195470202"", ""194814735"", ""76695262"", ""161499533""]"
none_subset,4,222800688,36154029,38,401,0,0,0,0,0,0,"[""164618247"", ""132680001"", ""203371728"", ""102495634"", ""198984787"", ""55877012"", ""206277956"", ""203507733"", ""207390535"", ""143848258""]"
none_subset,4,215156969,195420835,62,115,0,0,0,0,0,0,"[""204531248"", ""197247155"", ""210489322"", ""206841068"", ""191313815"", ""185886914"", ""179064472"", ""191982155"", ""190458412"", ""214078993""]"
none_subset,4,183037168,120540825,4,337,0,0,0,0,0,0,"[""152685161"", ""65093674"", ""201066421"", ""56134226"", ""186220965"", ""183642706"", ""183725729"", ""144995106"", ""200589143"", ""77968334""]"
none_subset,4,192698417,152937191,46,111,0,0,0,0,0,0,"[""9347442"", ""109623726"", ""151502148"", ""101842282"", ""115429456"", ""86906554"", ""205283945"", ""213174015"", ""35845876"", ""136423014""]"
none_subset,4,210250678,186793142,37,925,0,0,0,0,0,0,"[""64645018"", ""169228866"", ""173457533"", ""49608053"", ""73910372"", ""155458733"", ""87364828"", ""191434197"", ""164882856"", ""90418462""]"
none_subset,4,225317566,211199092,38,179,0,0,0,0,0,0,"[""146847513"", ""154434048"", ""204165631"", ""82057494"", ""170996483"", ""176888228"", ""207707019"", ""79223397"", ""145417944"", ""167722391""]"
none_subset,4,207437634,182659497,43,1443,0,0,0,0,0,0,"[""157655830"", ""124359099"", ""66867545"", ""141811973"", ""209248830"", ""166319032"", ""67063550"", ""189572218"", ""121261536"", ""193064532""]"
none_subset,4,219925303,203332786,46,59,0,0,0,0,0,0,"[""204484014"", ""211063696"", ""213571883"", ""211047288"", ""212469100"", ""198221243"", ""144865911"", ""208458622"", ""207127154"", ""202137925""]"
none_subset,4,75223981,52112999,43,268,0,0,0,0,0,0,"[""160065339"", ""213093649"", ""202169801"", ""162198664"", ""99989757"", ""91544773"", ""118470473"", ""100453266"", ""205961338"", ""187498153""]"
none_subset,4,71379667,76087987,62,374,0,0,0,0,0,0,"[""192607518"", ""169027396"", ""146855578"", ""144314189"", ""76325050"", ""169222138"", ""109692351"", ""61834333"", ""99424689"", ""115093732""]"
none_subset,4,219528748,203831460,4,201,0,0,0,0,0,0,"[""180843726"", ""177825434"", ""202705628"", ""206636227"", ""194160187"", ""191316160"", ""182581077"", ""201211887"", ""191209763"", ""213127345""]"
none_subset,4,179886884,126851290,43,934,0,0,0,0,0,0,"[""147777434"", ""194625477"", ""141669650"", ""188032543"", ""191424159"", ""123511609"", ""205276629"", ""16616489"", ""198054821"", ""133917164""]"
none_subset,4,199133253,167463798,57,43,0,0,0,0,0,1,"[""209364645"", ""128244723"", ""210450439"", ""210313644"", ""179083953"", ""203721811"", ""157848271"", ""139818390"", ""143146395"", ""179462743""]"
none_subset,4,198580834,171442385,64,1477,0,0,0,0,0,0,"[""149734769"", ""177629176"", ""77671900"", ""153271284"", ""210516871"", ""69227080"", ""200250551"", ""214895692"", ""188619722"", ""143939537""]"
none_subset,4,225300715,213981943,4,14,0,0,0,0,1,1,"[""191033158"", ""180843726"", ""177825434"", ""190503853"", ""210643102"", ""186739934"", ""68390034"", ""206303506"", ""206636227"", ""191316160""]"
none_subset,4,157631874,136653363,57,403,0,0,0,0,0,0,"[""208750964"", ""186295421"", ""172052085"", ""174340588"", ""213078674"", ""77481636"", ""169445601"", ""203319169"", ""204648878"", ""206360846""]"
none_subset,4,165208445,118426569,37,322,0,0,0,0,0,0,"[""213379343"", ""90418462"", ""199784147"", ""190012810"", ""167520346"", ""200869738"", ""112273803"", ""121206303"", ""150173254"", ""80032224""]"
none_subset,4,224096688,210720310,64,326,0,0,0,0,0,0,"[""140855645"", ""207537844"", ""147223868"", ""185087026"", ""204125965"", ""137464692"", ""143752488"", ""202712497"", ""163787427"", ""96431966""]"
none_subset,4,203186317,174768557,46,84,0,0,0,0,0,0,"[""196561672"", ""207032128"", ""166651210"", ""209624108"", ""177620953"", ""211895860"", ""214043725"", ""82260371"", ""158674717"", ""205012393""]"
none_subset,4,216954841,199909890,57,62,0,0,0,0,0,0,"[""200193952"", ""175665700"", ""200908206"", ""193981972"", ""202655316"", ""211301569"", ""195530341"", ""196862956"", ""207262363"", ""212489788""]"
none_subset,4,100196055,12971165,62,185,0,0,0,0,0,0,"[""194932553"", ""200747175"", ""162164137"", ""185409558"", ""94930933"", ""211861394"", ""198734216"", ""149631016"", ""112414551"", ""194491562""]"
none_subset,4,198581127,170448238,38,1271,0,0,0,0,0,0,"[""190453683"", ""27784922"", ""206925334"", ""206303400"", ""60638606"", ""34147341"", ""211348390"", ""121550726"", ""186976770"", ""206952174""]"
none_subset,4,168355648,137479175,38,20,0,0,0,0,1,1,"[""185960895"", ""137850254"", ""206039176"", ""133973101"", ""180907201"", ""205465606"", ""51837774"", ""194294464"", ""188036287"", ""187247098""]"
none_subset,4,170061836,143425658,43,1442,0,0,0,0,0,0,"[""160058303"", ""164285938"", ""136644867"", ""210570556"", ""197195883"", ""189281341"", ""211601112"", ""76158891"", ""177591827"", ""198313310""]"
none_subset,4,212711506,180954842,4,504,0,0,0,0,0,0,"[""174535187"", ""191564735"", ""193746035"", ""46147970"", ""159659843"", ""191300394"", ""107564311"", ""179145991"", ""56795758"", ""50763598""]"
none_subset,4,219885238,205623617,38,986,0,0,0,0,0,0,"[""45579165"", ""214394715"", ""179876069"", ""110664117"", ""213984936"", ""179244626"", ""23769172"", ""74273124"", ""213205324"", ""189593063""]"
none_subset,4,169746280,144067777,4,67,0,0,0,0,0,0,"[""213835807"", ""75448584"", ""204860189"", ""131274606"", ""100007550"", ""153417658"", ""190340453"", ""199941729"", ""180866990"", ""173259969""]"
none_subset,4,215897845,198167076,37,714,0,0,0,0,0,0,"[""210549110"", ""204827377"", ""172267662"", ""85363083"", ""138622989"", ""122241592"", ""154942150"", ""160929058"", ""108625125"", ""211128975""]"
none_subset,4,222712985,205605896,43,47,0,0,0,0,0,1,"[""211890870"", ""127000704"", ""175827163"", ""103510499"", ""183029564"", ""158391463"", ""157809653"", ""178361669"", ""57750732"", ""120122284""]"
none_subset,4,225354896,213854988,64,239,0,0,0,0,0,0,"[""208915255"", ""127196288"", ""193756438"", ""173438440"", ""166184401"", ""92189436"", ""129093190"", ""192962906"", ""160686884"", ""198307794""]"
none_subset,4,166539373,127486066,43,1122,0,0,0,0,0,0,"[""75959067"", ""160802034"", ""112624655"", ""152014829"", ""136346634"", ""202516482"", ""178678331"", ""163580763"", ""157700498"", ""129262032""]"
none_subset,4,215651900,198253024,43,1703,0,0,0,0,0,0,"[""170078458"", ""39026970"", ""107227181"", ""79844098"", ""50463859"", ""15648138"", ""174475381"", ""204479993"", ""165954042"", ""202139400""]"
none_subset,4,175282370,147789503,62,1022,0,0,0,0,0,0,"[""162672578"", ""207274549"", ""22079020"", ""204830740"", ""76665110"", ""167750528"", ""187005682"", ""135157671"", ""146533271"", ""186756267""]"
none_subset,4,130529842,108202978,4,6,0,0,0,1,1,1,"[""143872793"", ""81323441"", ""97922019"", ""202167018"", ""174891772"", ""108202978"", ""129568541"", ""196824847"", ""122758097"", ""110512138""]"
none_subset,4,179936358,127444518,64,253,0,0,0,0,0,0,"[""139856523"", ""183563770"", ""156718510"", ""118412828"", ""145970325"", ""183129773"", ""1943884"", ""193944748"", ""138798142"", ""86356781""]"
none_subset,4,210240539,180843184,37,1202,0,0,0,0,0,0,"[""212047029"", ""176184502"", ""39048064"", ""129735644"", ""93714502"", ""103057199"", ""194918694"", ""186713888"", ""146818815"", ""115896062""]"
none_subset,4,109340384,82615761,46,81,0,0,0,0,0,0,"[""154821670"", ""142789905"", ""190358880"", ""102024389"", ""194301324"", ""151511658"", ""150142821"", ""214112052"", ""140412713"", ""120932240""]"
none_subset,4,125263343,63742103,43,280,0,0,0,0,0,0,"[""205947664"", ""182612609"", ""84756708"", ""204670587"", ""82745740"", ""144744853"", ""203191672"", ""197833947"", ""191090235"", ""104265595""]"
none_subset,4,177581339,148891602,62,4,0,0,1,1,1,1,"[""198734216"", ""194491562"", ""185409558"", ""148891602"", ""110230095"", ""211638809"", ""162164137"", ""200747175"", ""112414551"", ""1975349""]"
none_subset,4,147507819,127110332,4,779,0,0,0,0,0,0,"[""170513678"", ""160037231"", ""123148492"", ""177402240"", ""213307240"", ""65056929"", ""126889201"", ""182060832"", ""185107867"", ""133977293""]"
none_subset,4,185832813,157483642,38,455,0,0,0,0,0,0,"[""145871617"", ""112389064"", ""133136953"", ""108421334"", ""117957932"", ""37809434"", ""155814671"", ""52512643"", ""92914026"", ""127751166""]"
none_subset,4,133390280,116380815,64,421,0,0,0,0,0,0,"[""188442124"", ""179201033"", ""200859322"", ""211861347"", ""159995787"", ""159020740"", ""84069250"", ""128617251"", ""91130206"", ""47318174""]"
none_subset,4,224188768,209144226,4,1091,0,0,0,0,0,0,"[""211385428"", ""177056777"", ""177825434"", ""210643102"", ""191316160"", ""191033158"", ""206182205"", ""202705628"", ""207322592"", ""213053357""]"
none_subset,4,204189415,178690639,64,996,0,0,0,0,0,0,"[""105898966"", ""192179303"", ""172848022"", ""181057790"", ""183765574"", ""206235020"", ""107088593"", ""103313660"", ""192033857"", ""197322277""]"
none_subset,4,224774973,201514296,4,235,0,0,0,0,0,0,"[""145094055"", ""145646315"", ""143083752"", ""193729388"", ""77929117"", ""181054833"", ""193026353"", ""139418370"", ""208530280"", ""164653181""]"
none_subset,4,68969533,71896649,43,7,0,0,0,1,1,1,"[""59547777"", ""127415515"", ""99275271"", ""26288526"", ""125981589"", ""39270363"", ""71896649"", ""76970617"", ""132121212"", ""91252683""]"
none_subset,4,184528435,157000160,64,42,0,0,0,0,0,1,"[""119643934"", ""160400188"", ""138800320"", ""149715107"", ""140382659"", ""157313823"", ""156194814"", ""5095964"", ""92189436"", ""62550428""]"
none_subset,4,217233640,200276907,57,884,0,0,0,0,0,0,"[""121902729"", ""49660194"", ""125339147"", ""143721865"", ""171103233"", ""194409455"", ""143608153"", ""122408162"", ""160209667"", ""83088208""]"
none_subset,4,205414078,173613850,37,31,0,0,0,0,0,1,"[""161390704"", ""136895908"", ""25189123"", ""113068731"", ""141976904"", ""133932837"", ""136884669"", ""174852305"", ""102340455"", ""190113798""]"
none_subset,4,219210134,129157661,62,326,0,0,0,0,0,0,"[""212334345"", ""125457528"", ""167750533"", ""154898137"", ""192396971"", ""211901178"", ""175893857"", ""205254156"", ""132102628"", ""195015114""]"
none_subset,4,210308727,188582346,43,181,0,0,0,0,0,0,"[""93370896"", ""192493949"", ""188577365"", ""147531803"", ""188081829"", ""97240353"", ""209666551"", ""99275271"", ""157129302"", ""190339173""]"
none_subset,4,220061372,176638353,38,465,0,0,0,0,0,0,"[""159326492"", ""200481961"", ""136198130"", ""172963177"", ""212801979"", ""166302090"", ""165798857"", ""192510359"", ""182704194"", ""143671272""]"
none_subset,4,165005935,140787335,37,466,0,0,0,0,0,0,"[""57231571"", ""207755116"", ""29945880"", ""102062794"", ""122714440"", ""116929460"", ""103432765"", ""127751465"", ""75388468"", ""46870157""]"
none_subset,4,208127837,182589994,4,1223,0,0,0,0,0,0,"[""115483149"", ""171876720"", ""199361385"", ""191632128"", ""208901976"", ""172067870"", ""84024207"", ""192402919"", ""94319899"", ""201707698""]"
none_subset,4,189123633,157978827,57,1123,0,0,0,0,0,0,"[""179662298"", ""130444806"", ""149850648"", ""78647223"", ""197740362"", ""121902729"", ""211785457"", ""131667486"", ""213401068"", ""165653229""]"
none_subset,4,192277312,164630992,37,1136,0,0,0,0,0,0,"[""204827377"", ""164454930"", ""148230413"", ""209030923"", ""122241592"", ""128930862"", ""80669323"", ""154942150"", ""85363083"", ""169592229""]"
none_subset,4,75309064,52192033,62,352,0,0,0,0,0,0,"[""204830740"", ""146789147"", ""203335692"", ""201053460"", ""191516840"", ""114952714"", ""76665110"", ""148682248"", ""167750528"", ""176890524""]"
none_subset,4,168898746,135190327,4,744,0,0,0,0,0,0,"[""144251877"", ""183018658"", ""149909385"", ""174770035"", ""202877780"", ""194446742"", ""48788833"", ""126889201"", ""54212504"", ""148382740""]"
none_subset,4,212699649,192786781,37,240,0,0,0,0,0,0,"[""196563012"", ""169228866"", ""195583647"", ""152555454"", ""195296935"", ""191434197"", ""173227324"", ""211554952"", ""196367171"", ""215022412""]"
none_subset,4,222826512,211366913,4,1868,0,0,0,0,0,0,"[""193589374"", ""206167938"", ""165105661"", ""205405501"", ""171902128"", ""193934711"", ""190480175"", ""201079257"", ""185309627"", ""78628063""]"
none_subset,4,125292216,98251420,64,745,0,0,0,0,0,0,"[""31017779"", ""130875563"", ""210720310"", ""109320323"", ""113587141"", ""206396108"", ""174340250"", ""111705025"", ""91451711"", ""160001929""]"
none_subset,4,51324599,58097180,46,85,0,0,0,0,0,0,"[""210856802"", ""133461188"", ""177962710"", ""142436010"", ""108934756"", ""209482743"", ""212730825"", ""171636556"", ""210498678"", ""125993794""]"
none_subset,4,194689227,166582282,57,549,0,0,0,0,0,0,"[""191366717"", ""156972409"", ""188097035"", ""166993395"", ""195854271"", ""142032570"", ""204761139"", ""172991246"", ""200107430"", ""206210266""]"
none_subset,4,191595821,152140191,37,715,0,0,0,0,0,0,"[""150261210"", ""204074550"", ""175772166"", ""192414071"", ""199385964"", ""167166017"", ""100949402"", ""144537637"", ""156260279"", ""61710118""]"
none_subset,4,208172107,180444990,57,1160,0,0,0,0,0,0,"[""30933369"", ""171896766"", ""212108240"", ""145872351"", ""195891082"", ""115422067"", ""157231058"", ""176499539"", ""134533921"", ""200018099""]"
none_subset,4,176034795,136870941,62,47,0,0,0,0,0,1,"[""213659099"", ""188696626"", ""52919918"", ""17141885"", ""74169769"", ""10132068"", ""168785007"", ""186936582"", ""53450905"", ""23907922""]"
none_subset,4,224954267,213874481,57,45,0,0,0,0,0,1,"[""112833560"", ""206215452"", ""209801964"", ""173370077"", ""150599001"", ""210562346"", ""147873420"", ""193349740"", ""183212516"", ""189194901""]"
none_subset,4,206646569,146138879,43,480,0,0,0,0,0,0,"[""210561607"", ""184091403"", ""188582346"", ""201905433"", ""76736407"", ""213483404"", ""185859497"", ""185360446"", ""182896324"", ""201535486""]"
none_subset,4,220428891,159171932,62,519,0,0,0,0,0,0,"[""194370491"", ""196070321"", ""126907607"", ""178655632"", ""163318703"", ""203772593"", ""195545920"", ""37722747"", ""189968625"", ""146315787""]"
none_subset,4,22606808,8169319,38,602,0,0,0,0,0,0,"[""112389064"", ""169820470"", ""70118559"", ""117957932"", ""170054565"", ""114055239"", ""204637998"", ""150167398"", ""65478593"", ""176682595""]"
none_subset,4,30160190,12185913,37,108,0,0,0,0,0,0,"[""208576745"", ""152170362"", ""169228866"", ""188877213"", ""208935536"", ""92919228"", ""179751402"", ""154732137"", ""187389375"", ""158285690""]"
none_subset,4,212721610,170130815,62,12,0,0,0,0,1,1,"[""178655632"", ""198039882"", ""196890627"", ""189968625"", ""191074130"", ""185851832"", ""131432619"", ""213971984"", ""212503126"", ""208956211""]"
none_subset,4,221406167,207078341,62,1527,0,0,0,0,0,0,"[""145492438"", ""166108651"", ""194289010"", ""117006578"", ""45997741"", ""156814814"", ""178964015"", ""144182128"", ""60239293"", ""101066716""]"
none_subset,4,222839615,209151724,62,1424,0,0,0,0,0,0,"[""198039882"", ""213971984"", ""148732654"", ""212901239"", ""121524691"", ""36007287"", ""108664006"", ""210983882"", ""196890627"", ""200537553""]"
none_subset,4,126605714,109388920,38,364,0,0,0,0,0,0,"[""36930305"", ""135782942"", ""171705376"", ""57892689"", ""89791661"", ""163127755"", ""208643724"", ""194567057"", ""196923114"", ""183611043""]"
none_subset,4,194731511,167530327,43,1049,0,0,0,0,0,0,"[""205947664"", ""111074216"", ""52880574"", ""163223965"", ""159511688"", ""155830174"", ""107193923"", ""130316231"", ""207958000"", ""172611335""]"
none_subset,4,66727420,71700919,62,4,0,0,1,1,1,1,"[""146789147"", ""203335692"", ""203397613"", ""71700919"", ""167750528"", ""56305255"", ""208742016"", ""197129044"", ""191516840"", ""141754702""]"
none_subset,4,181094644,144008610,43,84,0,0,0,0,0,0,"[""182870508"", ""171140458"", ""179105716"", ""167246303"", ""180906126"", ""124643121"", ""214303326"", ""199268133"", ""189262880"", ""151392250""]"
none_subset,4,221501627,203329956,4,1081,0,0,0,0,0,0,"[""213568542"", ""209183284"", ""209852269"", ""206947052"", ""203466268"", ""204310309"", ""211570817"", ""173483209"", ""190677021"", ""212316416""]"
none_subset,4,208044188,184633847,43,239,0,0,0,0,0,0,"[""186350594"", ""188378226"", ""119064343"", ""170652158"", ""201671217"", ""153867752"", ""210822887"", ""90198681"", ""189547099"", ""184713890""]"
none_subset,4,177475760,146586089,46,315,0,0,0,0,0,0,"[""93122967"", ""132018635"", ""167116086"", ""124510956"", ""130390168"", ""15325925"", ""142707487"", ""198454182"", ""188974662"", ""106915000""]"
none_subset,4,142208020,104629798,4,551,0,0,0,0,0,0,"[""213461075"", ""46147970"", ""197859740"", ""200247233"", ""143083752"", ""206288930"", ""172943291"", ""206386977"", ""156892251"", ""191554056""]"
none_subset,4,221527577,208465437,64,112,0,0,0,0,0,0,"[""208560031"", ""190759249"", ""211171973"", ""164453126"", ""209756225"", ""200966465"", ""191459593"", ""212258528"", ""200974603"", ""88248087""]"
none_subset,4,131146589,110871984,57,49,0,0,0,0,0,1,"[""205832430"", ""180363453"", ""79035945"", ""83698486"", ""159894413"", ""55747400"", ""152200569"", ""145670007"", ""153321595"", ""146037680""]"
none_subset,4,213281507,181022161,37,369,0,0,0,0,0,0,"[""191241938"", ""209128550"", ""209736185"", ""188568572"", ""209167644"", ""184818286"", ""144029506"", ""206298544"", ""212406255"", ""153367008""]"
none_subset,4,212546911,174095805,64,160,0,0,0,0,0,0,"[""151051885"", ""19607163"", ""128607088"", ""123687478"", ""187716249"", ""151366408"", ""167740456"", ""208682751"", ""136435762"", ""115018492""]"
none_subset,4,225336047,215237393,4,47,0,0,0,0,0,1,"[""206636227"", ""191316160"", ""210484477"", ""180843726"", ""163340296"", ""177825434"", ""208780104"", ""188468393"", ""194160187"", ""210643102""]"
none_subset,4,207292943,183515849,37,476,0,0,0,0,0,0,"[""201660893"", ""212172992"", ""193995538"", ""209128550"", ""203730564"", ""151808122"", ""206298544"", ""207698281"", ""184818286"", ""194731784""]"
none_subset,4,214575745,178361669,43,17,0,0,0,0,1,1,"[""127000704"", ""183029564"", ""157809653"", ""183716498"", ""57750732"", ""204884209"", ""154390259"", ""39026970"", ""176475069"", ""113199180""]"
none_subset,4,216243905,156564557,62,71,0,0,0,0,0,0,"[""210566449"", ""144733620"", ""127953008"", ""128177020"", ""152708416"", ""22547515"", ""131405477"", ""122174001"", ""202517117"", ""68675469""]"
none_subset,4,49842415,55380045,4,65,0,0,0,0,0,0,"[""193934711"", ""112475075"", ""168012970"", ""142456567"", ""88781085"", ""78628063"", ""207566657"", ""171902128"", ""70897180"", ""205405501""]"
none_subset,4,224134573,211732658,43,445,0,0,0,0,0,0,"[""186549940"", ""127321663"", ""103510499"", ""197607322"", ""119064343"", ""214285576"", ""164476094"", ""90198681"", ""18269900"", ""44768555""]"
none_subset,4,197471071,164882856,37,94,0,0,0,0,0,0,"[""64645018"", ""209849639"", ""213471023"", ""145330672"", ""150108945"", ""96028215"", ""55814438"", ""184320957"", ""157474416"", ""192142184""]"
none_subset,4,192139157,158262693,46,666,0,0,0,0,0,0,"[""152102459"", ""140110070"", ""75642384"", ""99309357"", ""93317617"", ""52439531"", ""86246820"", ""48678802"", ""113099475"", ""192440420""]"
none_subset,4,221117693,208465437,64,4,0,0,1,1,1,1,"[""193757766"", ""154324585"", ""199512980"", ""208465437"", ""65008714"", ""143362090"", ""74256345"", ""100728693"", ""136038725"", ""197079216""]"
none_subset,4,210748135,189303189,38,439,0,0,0,0,0,0,"[""209921939"", ""20918033"", ""166558139"", ""182369007"", ""133939663"", ""45579165"", ""66287825"", ""212701168"", ""6679232"", ""159835737""]"
none_subset,4,220670566,207544514,46,55,0,0,0,0,0,0,"[""144865911"", ""208712486"", ""212905783"", ""214520103"", ""203644944"", ""186568176"", ""201015003"", ""211809590"", ""213129976"", ""212600322""]"
none_subset,4,120743636,80901718,62,941,0,0,0,0,0,0,"[""106557292"", ""46446514"", ""94546694"", ""143685562"", ""128570958"", ""192739483"", ""151308081"", ""82677281"", ""18880304"", ""91550082""]"
none_subset,4,170860127,144431749,46,367,0,0,0,0,0,0,"[""171227160"", ""171227152"", ""147047749"", ""108971427"", ""212530716"", ""115290677"", ""194951479"", ""127266574"", ""47270149"", ""201879785""]"
none_subset,4,221293922,209552430,38,242,0,0,0,0,0,0,"[""156629865"", ""162400962"", ""153191207"", ""173253112"", ""94494397"", ""214005999"", ""191640347"", ""188178632"", ""167491323"", ""85274599""]"
none_subset,4,225182087,211440718,46,467,0,0,0,0,0,0,"[""176936176"", ""202999067"", ""146467155"", ""171733069"", ""207806044"", ""200814907"", ""205321897"", ""169081503"", ""163797849"", ""215506263""]"
none_subset,4,216471219,199896638,4,304,0,0,0,0,0,0,"[""191316160"", ""210484477"", ""206636227"", ""205600080"", ""194160187"", ""208780104"", ""191627911"", ""183690665"", ""182581077"", ""201211887""]"
none_subset,4,118979230,104184872,4,475,0,0,0,0,0,0,"[""167074809"", ""161643758"", ""116474962"", ""173244086"", ""78628063"", ""49427839"", ""149472153"", ""178007810"", ""207566657"", ""206800954""]"
none_subset,4,129558141,112904882,57,144,0,0,0,0,0,0,"[""206389885"", ""198149699"", ""178602787"", ""112463102"", ""166094087"", ""204015126"", ""57219486"", ""127946988"", ""131546113"", ""137169261""]"
none_subset,4,49793488,56858349,37,48,0,0,0,0,0,1,"[""145112155"", ""122241592"", ""163655065"", ""33563950"", ""150316929"", ""148230413"", ""201258368"", ""202157886"", ""196225304"", ""200142647""]"
none_subset,4,166111740,138875951,57,1212,0,0,0,0,0,0,"[""55747400"", ""190730924"", ""182623124"", ""198339576"", ""129142528"", ""215231413"", ""180363453"", ""191403097"", ""118458266"", ""173235697""]"
none_subset,4,197106991,168633750,64,47,0,0,0,0,0,1,"[""169220249"", ""138273912"", ""203509707"", ""105898966"", ""139479463"", ""66546372"", ""122395189"", ""172848022"", ""139771827"", ""142232452""]"
none_subset,4,194626135,159778737,43,206,0,0,0,0,0,0,"[""119499591"", ""185799642"", ""141872568"", ""153967986"", ""177473145"", ""119953689"", ""163095786"", ""144399603"", ""85213040"", ""192784424""]"
none_subset,4,181264592,151693658,43,548,0,0,0,0,0,0,"[""204821849"", ""75960684"", ""212781685"", ""55350013"", ""120765596"", ""59161409"", ""149017403"", ""144167451"", ""178871976"", ""157240824""]"
none_subset,4,81655520,64645018,37,158,0,0,0,0,0,0,"[""147515846"", ""203728756"", ""175073082"", ""202358108"", ""192918531"", ""197633924"", ""47402452"", ""142700161"", ""212907091"", ""55503887""]"
none_subset,4,186626833,158995129,4,768,0,0,0,0,0,0,"[""174770035"", ""50883863"", ""176566249"", ""182361800"", ""194446742"", ""206799452"", ""42368928"", ""79131324"", ""169697872"", ""156469871""]"
none_subset,4,184075069,155788187,38,41,0,0,0,0,0,1,"[""166302090"", ""84270721"", ""66416188"", ""150442928"", ""40757273"", ""193857539"", ""117334028"", ""194567057"", ""112929576"", ""137272079""]"
none_subset,4,164253476,137017957,43,100,0,0,0,0,0,0,"[""168040178"", ""151563609"", ""82996098"", ""49076043"", ""83550407"", ""91110398"", ""164476094"", ""87001748"", ""197607322"", ""78183771""]"
none_subset,4,53189479,58202036,62,269,0,0,0,0,0,0,"[""178555370"", ""153432818"", ""194855016"", ""208033879"", ""96744852"", ""75620135"", ""185371912"", ""136057001"", ""169967722"", ""203736902""]"
none_subset,4,204632100,179860438,62,1100,0,0,0,0,0,0,"[""82677281"", ""138706009"", ""103554595"", ""59277045"", ""212697335"", ""102076897"", ""208996795"", ""153654825"", ""36007287"", ""115022799""]"
none_subset,4,186430496,157710674,4,3,0,1,1,1,1,1,"[""130299986"", ""152566280"", ""157710674"", ""153991203"", ""191561303"", ""125829483"", ""175423172"", ""120263120"", ""119810553"", ""117771611""]"
none_subset,4,190239977,153645570,46,33,0,0,0,0,0,1,"[""145094112"", ""209824689"", ""202061415"", ""207664468"", ""203062604"", ""171974189"", ""161442585"", ""206120139"", ""131042947"", ""175609249""]"
none_subset,4,152645042,129938752,4,549,0,0,0,0,0,0,"[""171159402"", ""119900827"", ""147828982"", ""82830352"", ""162346539"", ""179145991"", ""207099526"", ""102233014"", ""174535187"", ""172033376""]"
none_subset,4,223970609,186513838,43,57,0,0,0,0,0,0,"[""146898856"", ""120544015"", ""122777054"", ""130448492"", ""164354706"", ""60125434"", ""75959067"", ""213093649"", ""177238440"", ""144744853""]"
none_subset,4,220373806,134986006,64,1767,0,0,0,0,0,0,"[""159020740"", ""109321941"", ""60032340"", ""80281524"", ""124110006"", ""147554849"", ""188599489"", ""194094670"", ""179201033"", ""138803213""]"
none_subset,4,188858187,159326492,38,36,0,0,0,0,0,1,"[""156904280"", ""99798516"", ""171108508"", ""41147018"", ""183272380"", ""215127574"", ""193857246"", ""165671081"", ""113456040"", ""195156235""]"
none_subset,4,138465630,121166403,64,69,0,0,0,0,0,0,"[""144339648"", ""191629980"", ""147984435"", ""193870914"", ""114420335"", ""167094250"", ""61063233"", ""103189720"", ""178690639"", ""94645332""]"
none_subset,4,211220544,190261540,37,85,0,0,0,0,0,0,"[""195296935"", ""207544886"", ""209154292"", ""202328948"", ""200441050"", ""141656944"", ""197844035"", ""209161669"", ""199340755"", ""209128550""]"
none_subset,4,222172345,210502009,37,2,0,1,1,1,1,1,"[""187502080"", ""210502009"", ""153111696"", ""173640245"", ""148515955"", ""195908286"", ""187134525"", ""131172661"", ""116930061"", ""187324915""]"
none_subset,4,210649040,187098404,4,153,0,0,0,0,0,0,"[""19861371"", ""168224067"", ""144251877"", ""108196063"", ""181843286"", ""183018658"", ""140694614"", ""176599974"", ""137001312"", ""204285378""]"
none_subset,4,172401573,136885554,4,972,0,0,0,0,0,0,"[""190594964"", ""191147915"", ""201454668"", ""190495475"", ""207726716"", ""183858161"", ""203048719"", ""193843184"", ""186900944"", ""194722275""]"
none_subset,4,198446240,172127274,46,1364,0,0,0,0,0,0,"[""121689381"", ""166650343"", ""202794672"", ""194795218"", ""143813249"", ""194051906"", ""82260371"", ""194933430"", ""206477450"", ""174074948""]"
none_subset,4,221000272,132694650,38,345,0,0,0,0,0,0,"[""159911050"", ""188544896"", ""170400945"", ""208395385"", ""162221630"", ""130168090"", ""162391436"", ""204880845"", ""173785088"", ""204375245""]"
none_subset,4,218290917,203335692,62,1593,0,0,0,0,0,0,"[""170130815"", ""184519587"", ""178655632"", ""212503126"", ""187877499"", ""176814216"", ""207503734"", ""185851832"", ""208719189"", ""191074130""]"
none_subset,4,65007020,68802281,38,988,0,0,0,0,0,0,"[""204880845"", ""146217898"", ""201835961"", ""194346900"", ""193133447"", ""138353042"", ""69350726"", ""190417621"", ""192463786"", ""123190192""]"
none_subset,4,197043451,159400456,4,1686,0,0,0,0,0,0,"[""67564757"", ""143701762"", ""112871050"", ""117574602"", ""179874926"", ""166063106"", ""73943138"", ""86502666"", ""200344150"", ""122270433""]"
none_subset,4,114733185,103929022,38,203,0,0,0,0,0,0,"[""133973101"", ""203526643"", ""100749834"", ""151839331"", ""171180851"", ""188326498"", ""169004224"", ""147134119"", ""157657051"", ""192509185""]"
none_subset,4,216976333,200727306,46,88,0,0,0,0,0,0,"[""213129976"", ""212905783"", ""175661430"", ""84439889"", ""210310500"", ""209924155"", ""77388181"", ""93122967"", ""207061761"", ""51224844""]"
none_subset,4,206557262,179815729,46,48,0,0,0,0,0,1,"[""130390168"", ""204919891"", ""213326669"", ""210880528"", ""201461152"", ""181935054"", ""200735701"", ""159049004"", ""195661570"", ""208805779""]"
none_subset,4,218013861,191544375,37,740,0,0,0,0,0,0,"[""153052400"", ""175339837"", ""80627031"", ""178981277"", ""192710334"", ""155814820"", ""104989552"", ""128930862"", ""164445165"", ""169592229""]"
none_subset,4,215027850,191695909,4,14,0,0,0,0,1,1,"[""191214295"", ""200963901"", ""153223626"", ""192331154"", ""187602417"", ""119106930"", ""173055109"", ""192424356"", ""196862937"", ""191461282""]"
none_subset,4,218137799,195366615,57,110,0,0,0,0,0,0,"[""161339845"", ""100944857"", ""139534989"", ""44101662"", ""116870503"", ""102740841"", ""61177824"", ""171866039"", ""211350813"", ""209726209""]"
none_subset,4,182518110,146811180,46,10,0,0,0,1,1,1,"[""158102584"", ""108196994"", ""127996266"", ""136576031"", ""118565908"", ""129112756"", ""162224700"", ""204270051"", ""131406447"", ""146811180""]"
none_subset,4,186526977,157711341,43,216,0,0,0,0,0,0,"[""207851646"", ""143317431"", ""163980868"", ""111684767"", ""189490489"", ""204620017"", ""144064285"", ""201006052"", ""129211206"", ""188810945""]"
none_subset,4,33401895,32817983,4,1497,0,0,0,0,0,0,"[""144990362"", ""74691545"", ""193928045"", ""53835713"", ""194643860"", ""46147970"", ""203914397"", ""213461075"", ""62971785"", ""210303017""]"
none_subset,4,172732971,144032873,46,80,0,0,0,0,0,0,"[""98678440"", ""61233280"", ""164665349"", ""53826389"", ""203343668"", ""203310461"", ""108713383"", ""210837002"", ""112097565"", ""195577148""]"
none_subset,4,223797921,213040734,38,859,0,0,0,0,0,0,"[""213984936"", ""181358523"", ""213020081"", ""194365263"", ""70700474"", ""141801740"", ""213109347"", ""123190192"", ""204880845"", ""184519031""]"
none_subset,4,80419372,82483628,37,702,0,0,0,0,0,0,"[""51749408"", ""191525669"", ""143946320"", ""176706329"", ""153205116"", ""147794006"", ""205328844"", ""121116115"", ""152741672"", ""80433944""]"
none_subset,4,147571867,127324464,4,684,0,0,0,0,0,0,"[""103936826"", ""144264277"", ""157103009"", ""188580686"", ""50337874"", ""167104684"", ""176734316"", ""158607543"", ""52380679"", ""159049760""]"
none_subset,4,222359219,207833356,46,522,0,0,0,0,0,0,"[""194132989"", ""204314440"", ""141781507"", ""200860795"", ""186078356"", ""210724130"", ""209764015"", ""198221243"", ""168815908"", ""210734819""]"
none_subset,4,203349711,170522671,43,289,0,0,0,0,0,0,"[""204884209"", ""130163312"", ""169542784"", ""156395019"", ""190843616"", ""146832585"", ""56967833"", ""74505132"", ""70510072"", ""210534170""]"
none_subset,4,120641096,103008131,38,380,0,0,0,0,0,0,"[""203507733"", ""126891166"", ""126945620"", ""163127755"", ""79792389"", ""192511828"", ""123008289"", ""207844498"", ""171072811"", ""136043837""]"
none_subset,4,216669978,178992260,37,519,0,0,0,0,0,0,"[""121097766"", ""192456013"", ""134610044"", ""201649016"", ""183094359"", ""208900697"", ""191259466"", ""188912090"", ""187324915"", ""82620936""]"
none_subset,4,204035625,174726875,46,159,0,0,0,0,0,0,"[""166127396"", ""160255339"", ""172684450"", ""167548901"", ""203310461"", ""212685047"", ""164665349"", ""135710902"", ""168398292"", ""207328366""]"
none_subset,4,164719682,128734627,4,297,0,0,0,0,0,0,"[""154444351"", ""44074775"", ""52380679"", ""50948393"", ""117660981"", ""148526912"", ""197216670"", ""202902456"", ""191788416"", ""181278700""]"
none_subset,4,213307455,190160674,38,19,0,0,0,0,1,1,"[""208225541"", ""194853957"", ""130417987"", ""67142038"", ""159911050"", ""206506072"", ""194346900"", ""207390508"", ""178462865"", ""102891416""]"
none_subset,4,208045885,184636221,46,17,0,0,0,0,1,1,"[""193685035"", ""208712486"", ""214520103"", ""141874387"", ""201015003"", ""133168724"", ""177107115"", ""212600322"", ""213129976"", ""209924155""]"
none_subset,4,46826294,52904807,46,637,0,0,0,0,0,0,"[""49032725"", ""76370473"", ""35369060"", ""109623726"", ""203763329"", ""167424905"", ""163712975"", ""81754384"", ""51571558"", ""208099409""]"
none_subset,4,220476616,174679814,46,588,0,0,0,0,0,0,"[""155463873"", ""210724130"", ""206477450"", ""171073715"", ""213475469"", ""162153442"", ""165789966"", ""143258032"", ""205748662"", ""204823121""]"
none_subset,4,222590091,200613653,4,10,0,0,0,1,1,1,"[""204256104"", ""203962091"", ""206407599"", ""153116755"", ""195396635"", ""157346101"", ""191564735"", ""196114621"", ""169052104"", ""200613653""]"
none_subset,4,206560652,182375861,64,735,0,0,0,0,0,0,"[""183013744"", ""200026497"", ""121255930"", ""105898966"", ""195252307"", ""183765574"", ""192779268"", ""196286726"", ""214208964"", ""194200854""]"
none_subset,4,222018935,176659851,46,56,0,0,0,0,0,0,"[""177423877"", ""52439531"", ""205635929"", ""178975230"", ""155710762"", ""208649860"", ""123063424"", ""78696152"", ""143366526"", ""128782682""]"
none_subset,4,174311064,31477620,46,231,0,0,0,0,0,0,"[""209163866"", ""64234906"", ""146290398"", ""29968635"", ""31105163"", ""111102057"", ""140208813"", ""157471709"", ""183722605"", ""105064166""]"
none_subset,4,220220721,205033787,64,959,0,0,0,0,0,0,"[""205920501"", ""74117799"", ""78407435"", ""202253212"", ""126953299"", ""164643454"", ""209576150"", ""75157723"", ""169695317"", ""83781866""]"
none_subset,4,213968069,127491303,64,49,0,0,0,0,0,1,"[""195841911"", ""136053941"", ""103614032"", ""177968315"", ""126295674"", ""111165071"", ""163956163"", ""139261502"", ""174916841"", ""98469115""]"
none_subset,4,193510383,166148334,43,238,0,0,0,0,0,0,"[""156158359"", ""97259925"", ""210446525"", ""81376188"", ""208096405"", ""193581474"", ""126415167"", ""141669650"", ""155260520"", ""151315223""]"
none_subset,4,74378955,76860540,43,833,0,0,0,0,0,0,"[""171888747"", ""71896649"", ""146413132"", ""163664846"", ""18294635"", ""35117971"", ""196554944"", ""178833613"", ""178850565"", ""201006052""]"
none_subset,4,187671417,159726047,37,933,0,0,0,0,0,0,"[""21423746"", ""157674411"", ""102688777"", ""101192063"", ""168553107"", ""51981897"", ""152140191"", ""103057199"", ""160156715"", ""192307803""]"
none_subset,4,216626967,200018099,57,34,0,0,0,0,0,1,"[""124988423"", ""161386817"", ""131597737"", ""180470536"", ""171903975"", ""201144087"", ""113082402"", ""164182166"", ""86194826"", ""65575319""]"
none_subset,4,178731218,138045329,38,1963,0,0,0,0,0,0,"[""125496543"", ""186173164"", ""64397678"", ""197527964"", ""155012065"", ""183904957"", ""164678834"", ""68213151"", ""193325020"", ""124929096""]"
none_subset,4,212652729,97006048,64,131,0,0,0,0,0,0,"[""131215451"", ""25588585"", ""122642468"", ""123694415"", ""60032340"", ""63404553"", ""97354544"", ""149002642"", ""151134804"", ""154897158""]"
none_subset,4,216781914,183401482,38,69,0,0,0,0,0,0,"[""208862181"", ""146217898"", ""156629865"", ""138353042"", ""158650746"", ""155332547"", ""194853957"", ""162400962"", ""191640347"", ""138617508""]"
none_subset,4,215548177,191201429,64,89,0,0,0,0,0,0,"[""112210141"", ""203723833"", ""73065988"", ""152762249"", ""207538350"", ""198499830"", ""65008714"", ""187557702"", ""168805608"", ""214515601""]"
none_subset,4,49112420,55870666,38,15,0,0,0,0,1,1,"[""79742438"", ""101312348"", ""113999751"", ""201603990"", ""89532322"", ""149166152"", ""28399802"", ""154762222"", ""124750735"", ""107054492""]"
none_subset,4,112229833,90046103,62,1771,0,0,0,0,0,0,"[""173119325"", ""179030233"", ""180292453"", ""97811642"", ""95641166"", ""211690905"", ""150558575"", ""57509321"", ""188209487"", ""181250275""]"
none_subset,4,222798019,204666596,37,676,0,0,0,0,0,0,"[""207913496"", ""106674292"", ""181777102"", ""204338788"", ""198930981"", ""204151797"", ""140749191"", ""154131322"", ""195292057"", ""201460790""]"
none_subset,4,162212011,137979982,37,100,0,0,0,0,0,0,"[""190113798"", ""173645815"", ""126554078"", ""198930981"", ""125097939"", ""146272807"", ""17206468"", ""144129822"", ""84838254"", ""159574917""]"
none_subset,4,222729775,85051125,64,2923,0,0,0,0,0,0,"[""157187324"", ""136053941"", ""173115999"", ""184189116"", ""173622745"", ""205896464"", ""124434930"", ""177500405"", ""165717472"", ""195841911""]"
none_subset,4,192372732,146869722,43,1555,0,0,0,0,0,0,"[""179054743"", ""196554944"", ""202367676"", ""153591399"", ""27781370"", ""101892709"", ""166329703"", ""170809412"", ""125480188"", ""78684229""]"
none_subset,4,217514040,199435154,64,388,0,0,0,0,0,0,"[""96822403"", ""168805608"", ""211216257"", ""172741180"", ""72224328"", ""108526378"", ""115629895"", ""121442493"", ""79121811"", ""154044867""]"
none_subset,4,224966092,186693429,62,368,0,0,0,0,0,0,"[""211069026"", ""94106347"", ""209579537"", ""72010081"", ""152444456"", ""52848243"", ""106048307"", ""159960911"", ""52919918"", ""128732740""]"
none_subset,4,189612365,159428920,64,509,0,0,0,0,0,0,"[""173526297"", ""131561726"", ""101586852"", ""91922866"", ""214883521"", ""209791442"", ""76676235"", ""198087057"", ""194651505"", ""119491080""]"
none_subset,4,191377667,134898435,57,1565,0,0,0,0,0,0,"[""214410443"", ""160209667"", ""54653008"", ""138202869"", ""17825658"", ""65120912"", ""82247874"", ""86194826"", ""29076426"", ""85942447""]"
none_subset,4,206769854,159356640,38,93,0,0,0,0,0,0,"[""171618124"", ""171705376"", ""128235238"", ""102106304"", ""65188291"", ""163127755"", ""138606216"", ""101964968"", ""155436166"", ""192383017""]"
none_subset,4,220929088,112058073,46,531,0,0,0,0,0,0,"[""208224187"", ""210836917"", ""29622301"", ""212546063"", ""93024322"", ""213513527"", ""212203488"", ""203164041"", ""120963350"", ""144032873""]"
none_subset,4,179538606,151497086,37,1502,0,0,0,0,0,0,"[""197393743"", ""194551250"", ""150612100"", ""127087324"", ""133932837"", ""91090509"", ""173613850"", ""161147605"", ""189064377"", ""183552543""]"
none_subset,4,221038829,196683792,37,99,0,0,0,0,0,0,"[""122241592"", ""133761960"", ""163655065"", ""200142647"", ""192913849"", ""148230413"", ""204420256"", ""150316929"", ""201258368"", ""195292057""]"
none_subset,4,165586635,134534067,4,332,0,0,0,0,0,0,"[""139110120"", ""167351572"", ""213679625"", ""28937335"", ""23408401"", ""204918407"", ""209174117"", ""53882418"", ""82160974"", ""215427558""]"
none_subset,4,195848103,162286261,38,355,0,0,0,0,0,0,"[""170400945"", ""145151055"", ""185863262"", ""214289443"", ""119096193"", ""188111028"", ""151224480"", ""76417560"", ""101461920"", ""187929963""]"
none_subset,4,220912443,207073486,37,277,0,0,0,0,0,0,"[""201913256"", ""192918531"", ""210287080"", ""122713998"", ""171338279"", ""202022086"", ""182193027"", ""147515846"", ""164990042"", ""192414071""]"
none_subset,4,193820333,166578765,57,250,0,0,0,0,0,0,"[""200462582"", ""99228573"", ""125339147"", ""122408162"", ""138406659"", ""208033509"", ""95852954"", ""211640040"", ""131667486"", ""194409455""]"
none_subset,4,150808157,92919228,37,56,0,0,0,0,0,0,"[""43972733"", ""101004970"", ""188375000"", ""140336042"", ""103057199"", ""116967483"", ""200025016"", ""144990749"", ""164351701"", ""192597928""]"
none_subset,4,212483794,191516840,62,145,0,0,0,0,0,0,"[""110870208"", ""73356588"", ""153895442"", ""190693769"", ""144819719"", ""210871676"", ""180623952"", ""136225463"", ""104016143"", ""200033535""]"
none_subset,4,222586905,200625253,38,82,0,0,0,0,0,0,"[""154112907"", ""193325020"", ""67127804"", ""167983168"", ""167154238"", ""128168264"", ""207911331"", ""113999751"", ""94347039"", ""158600836""]"
none_subset,4,224919765,130431142,38,458,0,0,0,0,0,0,"[""90207738"", ""81577148"", ""195119395"", ""140995196"", ""181177544"", ""169283590"", ""194853645"", ""83451778"", ""125896997"", ""201603990""]"
none_subset,4,202447850,174772759,4,97,0,0,0,0,0,0,"[""126589900"", ""202029081"", ""188285916"", ""199379442"", ""212819052"", ""213963033"", ""211037756"", ""170901415"", ""210709127"", ""210871478""]"
none_subset,4,215976635,192786942,4,1917,0,0,0,0,0,0,"[""190079873"", ""190777127"", ""200589462"", ""194212862"", ""159567986"", ""187320580"", ""192473388"", ""212392746"", ""153275481"", ""187600900""]"
none_subset,4,82194778,79107019,4,1466,0,0,0,0,0,0,"[""140998592"", ""143548483"", ""126889201"", ""116662369"", ""202167018"", ""137001312"", ""143852845"", ""133755220"", ""100087840"", ""93696567""]"
none_subset,4,224387999,184189116,64,10,0,0,0,1,1,1,"[""195841911"", ""136053941"", ""177968315"", ""126295674"", ""157187324"", ""103614032"", ""174916841"", ""102619257"", ""165717472"", ""184189116""]"
none_subset,4,213309114,193765182,43,456,0,0,0,0,0,0,"[""201905433"", ""207732639"", ""213483404"", ""184091403"", ""188582346"", ""184633847"", ""202626349"", ""185360446"", ""190234147"", ""201535486""]"
none_subset,4,223661874,212936458,46,679,0,0,0,0,0,0,"[""142789905"", ""151511658"", ""119093613"", ""140412713"", ""154821670"", ""188405182"", ""194301324"", ""77518021"", ""144423993"", ""64629457""]"
none_subset,4,212537205,179805334,4,4,0,0,1,1,1,1,"[""179812166"", ""135451052"", ""190218932"", ""179805334"", ""188323012"", ""203620126"", ""212618414"", ""151681239"", ""46147970"", ""193566719""]"
none_subset,4,151244613,101842282,46,1388,0,0,0,0,0,0,"[""136064669"", ""172604491"", ""134691092"", ""87925672"", ""212857036"", ""130151286"", ""205471355"", ""186888123"", ""174769835"", ""174100562""]"
none_subset,4,45722807,50828732,43,5,0,0,1,1,1,1,"[""200220026"", ""215014856"", ""107227181"", ""98638580"", ""50828732"", ""135901868"", ""199973560"", ""208008027"", ""108189291"", ""174924037""]"
none_subset,4,224929777,195586695,37,422,0,0,0,0,0,0,"[""177385023"", ""206895628"", ""179387733"", ""28242894"", ""200678174"", ""208828602"", ""183710535"", ""166104236"", ""200220844"", ""70970519""]"
none_subset,4,206216646,181913855,37,323,0,0,0,0,0,0,"[""213318077"", ""199340755"", ""202328948"", ""186828726"", ""209161669"", ""207544886"", ""213416559"", ""192617496"", ""188192294"", ""173966675""]"
none_subset,4,181717793,152170362,37,166,0,0,0,0,0,0,"[""133173167"", ""148500212"", ""214708320"", ""195296935"", ""188912090"", ""187812442"", ""160293528"", ""212263607"", ""152910319"", ""193679263""]"
none_subset,4,200991937,173243692,46,450,0,0,0,0,0,0,"[""184975322"", ""176659851"", ""184407267"", ""184894786"", ""68647858"", ""148554569"", ""192859823"", ""201024429"", ""178975230"", ""114654675""]"
none_subset,4,222049533,207671783,62,821,0,0,0,0,0,0,"[""140069180"", ""180256255"", ""150122632"", ""210941490"", ""149386623"", ""148066008"", ""194296646"", ""142387882"", ""210326667"", ""187978938""]"
none_subset,4,204109889,167786912,46,24,0,0,0,0,1,1,"[""174665100"", ""204813635"", ""175609249"", ""86091554"", ""176131148"", ""145094112"", ""171073715"", ""202061415"", ""164517856"", ""172374310""]"
none_subset,4,168882604,142990642,37,603,0,0,0,0,0,0,"[""210226726"", ""211987844"", ""181022161"", ""206864139"", ""210562159"", ""201649016"", ""187502080"", ""202137970"", ""143138392"", ""189777046""]"
none_subset,4,221069980,203082308,38,1347,0,0,0,0,0,0,"[""135581008"", ""201098742"", ""110817617"", ""134199596"", ""213040734"", ""181933334"", ""177493383"", ""200389144"", ""167491323"", ""100712745""]"
none_subset,4,182527539,148427041,46,1566,0,0,0,0,0,0,"[""142436010"", ""133461188"", ""212208758"", ""164627162"", ""205395255"", ""76370473"", ""181020941"", ""209924661"", ""211118858"", ""210829117""]"
none_subset,4,212383124,187865140,62,162,0,0,0,0,0,0,"[""122377328"", ""95885283"", ""199605491"", ""211638809"", ""178706930"", ""198734216"", ""208220353"", ""206928582"", ""67056893"", ""209844093""]"
none_subset,4,68999413,66312499,57,71,0,0,0,0,0,0,"[""211785457"", ""68798250"", ""208595279"", ""197740362"", ""201144087"", ""103023172"", ""207070552"", ""158316894"", ""213401068"", ""144992451""]"
none_subset,4,217259695,197313086,64,1987,0,0,0,0,0,0,"[""132818593"", ""152312239"", ""105879570"", ""63297294"", ""101224348"", ""186850320"", ""187944465"", ""204125965"", ""195536773"", ""183515676""]"
none_subset,4,215906332,195670135,37,113,0,0,0,0,0,0,"[""58893791"", ""150887352"", ""161632409"", ""184518066"", ""5322119"", ""204165195"", ""101318206"", ""145396971"", ""188967908"", ""169052319""]"
none_subset,4,188376502,154513499,37,370,0,0,0,0,0,0,"[""174852305"", ""94672340"", ""147947722"", ""190646486"", ""191969605"", ""144899760"", ""161390704"", ""192371053"", ""187712911"", ""77541701""]"
none_subset,4,212475067,188036287,38,525,0,0,0,0,0,0,"[""161174151"", ""188626794"", ""149637816"", ""187932569"", ""134905998"", ""192509185"", ""100749834"", ""160491945"", ""171180851"", ""127751166""]"
none_subset,4,62096161,68173330,4,2,0,1,1,1,1,1,"[""153417658"", ""68173330"", ""129269545"", ""170613385"", ""164449645"", ""113628354"", ""151053517"", ""180866990"", ""201618660"", ""50337874""]"
none_subset,4,224554459,166524884,4,64,0,0,0,0,0,0,"[""164949793"", ""169250822"", ""111743235"", ""53882418"", ""213281189"", ""141337241"", ""161593927"", ""186229725"", ""131037236"", ""210497898""]"
none_subset,4,189951179,161430444,4,686,0,0,0,0,0,0,"[""142381741"", ""141212383"", ""126810749"", ""194291179"", ""88932849"", ""200860968"", ""105762137"", ""101829627"", ""191147915"", ""173611156""]"
none_subset,4,215842891,184297463,37,768,0,0,0,0,0,0,"[""148896266"", ""179319840"", ""209045757"", ""158771565"", ""126447515"", ""192936092"", ""148800689"", ""174692372"", ""170879853"", ""156134296""]"
none_subset,4,214739235,195720861,46,84,0,0,0,0,0,0,"[""178405632"", ""205545277"", ""209170192"", ""172966334"", ""200287645"", ""205463159"", ""207323221"", ""213307342"", ""212905783"", ""209179234""]"
none_subset,4,206072652,181715447,4,37,0,0,0,0,0,1,"[""193413498"", ""190594964"", ""183252412"", ""201454668"", ""153928357"", ""158545727"", ""199777290"", ""190091385"", ""164284194"", ""191462142""]"
none_subset,4,206177259,179647447,64,973,0,0,0,0,0,0,"[""123694415"", ""138322181"", ""147984435"", ""146444401"", ""123687478"", ""154897158"", ""19607163"", ""122642468"", ""194767716"", ""187716249""]"
none_subset,4,142290622,76024222,43,6,0,0,0,1,1,1,"[""182840886"", ""146073359"", ""202111236"", ""163580763"", ""190691284"", ""76024222"", ""151833757"", ""163402666"", ""199487526"", ""176722009""]"
none_subset,4,202412222,158080441,46,2211,0,0,0,0,0,0,"[""197949897"", ""193512680"", ""194862890"", ""72730720"", ""58540862"", ""79804197"", ""141321618"", ""153467283"", ""194733810"", ""201270244""]"
none_subset,4,163715496,81019320,62,347,0,0,0,0,0,0,"[""176309620"", ""161511273"", ""143261727"", ""186936582"", ""168785007"", ""134702240"", ""141090046"", ""211877317"", ""213659099"", ""151558190""]"
none_subset,4,198298853,116967483,37,1,1,1,1,1,1,1,"[""116967483"", ""190113798"", ""106674292"", ""32618321"", ""81340320"", ""81213674"", ""151941209"", ""141976904"", ""152140191"", ""144129822""]"
none_subset,4,201629648,177326361,4,198,0,0,0,0,0,0,"[""208698322"", ""207726716"", ""199422479"", ""137789521"", ""206636227"", ""185880119"", ""193481695"", ""168908364"", ""200026065"", ""210482913""]"
none_subset,4,224806921,169256692,64,356,0,0,0,0,0,0,"[""181059548"", ""142119938"", ""108096010"", ""132803751"", ""140315964"", ""105144259"", ""162550857"", ""156951305"", ""164633014"", ""180165679""]"
none_subset,4,210987562,166294055,57,1839,0,0,0,0,0,0,"[""148338437"", ""180417908"", ""128122761"", ""110306995"", ""194409455"", ""132769262"", ""135517724"", ""143608153"", ""99723323"", ""82186270""]"
none_subset,4,188274572,139817083,57,745,0,0,0,0,0,0,"[""213401068"", ""52362364"", ""181449391"", ""68798250"", ""159329515"", ""114118888"", ""200047293"", ""130444806"", ""214819488"", ""194866236""]"
none_subset,4,195309530,167146845,62,60,0,0,0,0,0,0,"[""204100209"", ""192577715"", ""134905481"", ""180324136"", ""156885677"", ""67295737"", ""129898062"", ""58086605"", ""130642042"", ""165119271""]"
none_subset,4,106261779,95323314,38,15,0,0,0,0,1,1,"[""214394715"", ""171949747"", ""127539785"", ""150241983"", ""179876069"", ""189593063"", ""110664117"", ""177325365"", ""140048877"", ""165409487""]"
none_subset,4,155364037,133136953,38,248,0,0,0,0,0,0,"[""124508627"", ""139494203"", ""145871617"", ""182862963"", ""150167398"", ""198969641"", ""173614407"", ""200715695"", ""158118726"", ""66553240""]"
none_subset,4,39846875,32581466,43,14,0,0,0,0,1,1,"[""215513285"", ""139780746"", ""137029434"", ""67909736"", ""99275271"", ""204649733"", ""191583920"", ""201006052"", ""74321183"", ""139853041""]"
none_subset,4,5836907,1483768,38,774,0,0,0,0,0,0,"[""129585105"", ""202076969"", ""206197845"", ""165611039"", ""137850254"", ""165587581"", ""213591035"", ""132694650"", ""135874550"", ""73044615""]"
none_subset,4,76698719,76775257,43,1045,0,0,0,0,0,0,"[""15648138"", ""199700611"", ""75083855"", ""200220026"", ""174475381"", ""188272758"", ""203886811"", ""205562168"", ""134678718"", ""165710841""]"
none_subset,4,47496112,49076043,43,1508,0,0,0,0,0,0,"[""111987995"", ""146138879"", ""86885256"", ""15015983"", ""4674477"", ""89731710"", ""114763824"", ""54249020"", ""120188232"", ""76970617""]"
none_subset,4,58616771,53254163,38,1547,0,0,0,0,0,0,"[""197527964"", ""85120764"", ""106812535"", ""100946794"", ""115694557"", ""149166152"", ""125496543"", ""107054492"", ""192315877"", ""186173164""]"
none_subset,4,174209940,143084610,37,491,0,0,0,0,0,0,"[""166280219"", ""155926657"", ""130025536"", ""156898538"", ""194918694"", ""152140191"", ""157140706"", ""212047029"", ""151941209"", ""65584321""]"
none_subset,4,150928717,115857968,43,20,0,0,0,0,1,1,"[""153090870"", ""144080652"", ""147836645"", ""106164509"", ""108317078"", ""168943005"", ""151763502"", ""147828168"", ""192559614"", ""195866072""]"
none_subset,4,173281141,136363959,64,1465,0,0,0,0,0,0,"[""152212755"", ""110653495"", ""37617561"", ""62091212"", ""149002642"", ""63404553"", ""60046348"", ""78359767"", ""66280758"", ""131215451""]"
none_subset,4,156725012,5564013,38,218,0,0,0,0,0,0,"[""8550716"", ""127539785"", ""74162023"", ""101699801"", ""150241983"", ""110664117"", ""201418449"", ""189593063"", ""61517646"", ""192587307""]"
none_subset,4,222977381,163780128,46,409,0,0,0,0,0,0,"[""209744189"", ""15445184"", ""207529569"", ""146029150"", ""140208813"", ""65618657"", ""167525245"", ""121183627"", ""174837469"", ""205586250""]"
none_subset,4,163575137,127477193,46,142,0,0,0,0,0,0,"[""213234426"", ""207308677"", ""53826389"", ""81754384"", ""107277769"", ""139180688"", ""104231043"", ""212168388"", ""58412205"", ""208143888""]"
none_subset,4,134372610,117771611,4,25,0,0,0,0,1,1,"[""130299986"", ""153991203"", ""167643231"", ""202362364"", ""149759096"", ""68871068"", ""89332658"", ""144264277"", ""152566280"", ""200963858""]"
none_subset,4,203992258,192580997,62,2303,0,0,0,0,0,0,"[""105604280"", ""52020678"", ""104210649"", ""2463151"", ""204880318"", ""113925741"", ""129878189"", ""172913028"", ""84455640"", ""109692351""]"
none_subset,4,163776589,138439398,4,1867,0,0,0,0,0,0,"[""126604867"", ""146027073"", ""179804262"", ""145330172"", ""100007550"", ""67564757"", ""98834359"", ""126889201"", ""200110527"", ""203341087""]"
none_subset,4,217168708,196563012,37,24,0,0,0,0,1,1,"[""193656232"", ""209172941"", ""208532302"", ""187423310"", ""193491703"", ""195014964"", ""149483145"", ""172283615"", ""190070434"", ""202782009""]"
none_subset,4,188984952,157205433,4,884,0,0,0,0,0,0,"[""192331154"", ""181099732"", ""153928357"", ""160129846"", ""191462142"", ""203746928"", ""186930348"", ""195513078"", ""186779159"", ""190594964""]"
none_subset,4,194857246,159254584,64,17,0,0,0,0,1,1,"[""172741180"", ""53453982"", ""129093190"", ""99916433"", ""201298322"", ""201449249"", ""181063353"", ""194941994"", ""146444401"", ""156476311""]"
none_subset,4,224484908,212274680,46,780,0,0,0,0,0,0,"[""167464610"", ""193206170"", ""167900654"", ""134691092"", ""202794672"", ""196561672"", ""203425433"", ""167383627"", ""200400926"", ""204980714""]"
none_subset,4,181708189,141913559,64,52,0,0,0,0,0,0,"[""156766484"", ""203403083"", ""194094670"", ""204824313"", ""179949768"", ""128085943"", ""105267083"", ""208439755"", ""137448907"", ""110133798""]"
none_subset,4,218843935,177899370,37,37,0,0,0,0,0,1,"[""201913249"", ""151708259"", ""175392694"", ""167533619"", ""59086145"", ""139504256"", ""144143200"", ""147117395"", ""187443642"", ""131363055""]"
none_subset,4,83167308,81511985,38,559,0,0,0,0,0,0,"[""174919483"", ""179234058"", ""211890068"", ""149982401"", ""156629865"", ""151407481"", ""160779270"", ""76490987"", ""66259210"", ""81220432""]"
none_subset,4,224723678,214513561,46,925,0,0,0,0,0,0,"[""120963350"", ""213226745"", ""130881127"", ""205927935"", ""138953275"", ""171785060"", ""77329979"", ""199954459"", ""178870249"", ""171696517""]"
none_subset,4,126141821,110679107,64,392,0,0,0,0,0,0,"[""103168253"", ""104470943"", ""103562123"", ""126300011"", ""205033787"", ""125561073"", ""138803213"", ""10714728"", ""144873814"", ""130094229""]"
none_subset,4,223819256,212829195,4,24,0,0,0,0,1,1,"[""212819052"", ""169976903"", ""207985124"", ""211170774"", ""185133383"", ""195475614"", ""188509360"", ""159850846"", ""210721272"", ""192874247""]"
none_subset,4,218758658,207872675,4,142,0,0,0,0,0,0,"[""214085481"", ""202016099"", ""205463044"", ""140968055"", ""212819052"", ""210498460"", ""214582809"", ""149710961"", ""188665796"", ""211901995""]"
none_subset,4,204599690,175490651,37,1474,0,0,0,0,0,0,"[""198598972"", ""150316929"", ""202157886"", ""136186158"", ""142113211"", ""188646002"", ""164126632"", ""142508806"", ""126447640"", ""116929460""]"
none_subset,4,118743423,112596322,43,68,0,0,0,0,0,0,"[""196316257"", ""204649733"", ""197613208"", ""190172562"", ""201752513"", ""204018856"", ""190801453"", ""209546973"", ""72463184"", ""151145810""]"
none_subset,4,49273516,51343997,43,1954,0,0,0,0,0,0,"[""145855101"", ""158624345"", ""44768555"", ""127979191"", ""167879223"", ""170439536"", ""182526901"", ""140052409"", ""209858049"", ""112406996""]"
none_subset,4,182214621,144167451,43,267,0,0,0,0,0,0,"[""94195633"", ""144628962"", ""38841821"", ""144080652"", ""188810945"", ""157711341"", ""127635452"", ""54249020"", ""99992649"", ""98314945""]"
none_subset,4,223258716,212264146,64,417,0,0,0,0,0,0,"[""185087026"", ""186937016"", ""140855645"", ""20371087"", ""213788530"", ""210649942"", ""168823510"", ""163787427"", ""207826820"", ""56593545""]"
none_subset,4,211303932,189745855,37,617,0,0,0,0,0,0,"[""181408383"", ""178961164"", ""206412545"", ""211094404"", ""202030579"", ""154409188"", ""157945105"", ""201740861"", ""141656944"", ""206298544""]"
none_subset,4,215184577,12396291,4,5,0,0,1,1,1,1,"[""138975756"", ""181715447"", ""139852579"", ""191214295"", ""12396291"", ""200963901"", ""156103241"", ""120663751"", ""148281605"", ""117471262""]"
none_subset,4,155201106,134544825,46,1085,0,0,0,0,0,0,"[""172374310"", ""165636439"", ""160039265"", ""164517856"", ""206477450"", ""161736013"", ""129112756"", ""197859726"", ""204067367"", ""202488918""]"
none_subset,4,223332381,73148680,38,496,0,0,0,0,0,0,"[""52533378"", ""176638353"", ""203848623"", ""44092534"", ""179234058"", ""182180048"", ""186767110"", ""198024046"", ""165594878"", ""116430718""]"
none_subset,4,159223288,135883318,46,144,0,0,0,0,0,0,"[""150142821"", ""151511658"", ""154821670"", ""88672257"", ""148352358"", ""130256763"", ""142789905"", ""143366526"", ""102024389"", ""164400164""]"
none_subset,4,70900838,73568079,43,2091,0,0,0,0,0,0,"[""75839769"", ""125860815"", ""193186547"", ""164173391"", ""120869286"", ""146988920"", ""162680620"", ""89809066"", ""182726743"", ""55284074""]"
none_subset,4,225331449,214169191,46,4,0,0,1,1,1,1,"[""58412205"", ""138486785"", ""108645014"", ""214169191"", ""142607225"", ""9347442"", ""79694314"", ""208171217"", ""144208600"", ""205526955""]"
none_subset,4,198684180,167339905,46,641,0,0,0,0,0,0,"[""204544735"", ""120233208"", ""162996731"", ""208021339"", ""83646259"", ""210288248"", ""138617659"", ""205356898"", ""160764333"", ""199714166""]"
none_subset,4,214384789,194798510,46,35,0,0,0,0,0,1,"[""210780225"", ""209980383"", ""212384469"", ""190115727"", ""179347666"", ""182764303"", ""187734223"", ""214519972"", ""120543738"", ""195079694""]"
none_subset,4,219818034,205911104,37,357,0,0,0,0,0,0,"[""200278482"", ""48071159"", ""188568594"", ""197633924"", ""187735798"", ""200774626"", ""186539685"", ""178551362"", ""204373346"", ""197921134""]"
none_subset,4,221997901,206210266,57,5,0,0,1,1,1,1,"[""156972409"", ""122751221"", ""113601078"", ""166993395"", ""206210266"", ""188097035"", ""145872351"", ""57499088"", ""202934090"", ""115422067""]"
none_subset,4,186920256,159049004,46,291,0,0,0,0,0,0,"[""121689381"", ""118565908"", ""160764333"", ""113660921"", ""211987120"", ""16824274"", ""31288854"", ""170906364"", ""200735701"", ""93122967""]"
none_subset,4,218056613,202771850,46,82,0,0,0,0,0,0,"[""181732273"", ""202999067"", ""215506263"", ""211939126"", ""205321897"", ""181272095"", ""206397421"", ""163797849"", ""200814907"", ""211300023""]"
none_subset,4,216886230,165487867,43,87,0,0,0,0,0,0,"[""184091403"", ""209666551"", ""201535486"", ""168115086"", ""194288073"", ""185360446"", ""213483404"", ""188582346"", ""190234147"", ""202626349""]"
none_subset,4,218378620,200027218,4,937,0,0,0,0,0,0,"[""191147915"", ""190594964"", ""201454668"", ""153928357"", ""192331154"", ""181099732"", ""205600080"", ""191627911"", ""189901460"", ""191316160""]"
none_subset,4,157719491,126960326,38,2590,0,0,0,0,0,0,"[""149343290"", ""157993089"", ""109616522"", ""158101671"", ""201553356"", ""192191594"", ""89532322"", ""212067848"", ""154762222"", ""212014102""]"
none_subset,4,187662910,154743644,38,39,0,0,0,0,0,1,"[""196742641"", ""168166428"", ""64731721"", ""209178832"", ""147242050"", ""175989090"", ""191629943"", ""68644542"", ""205051314"", ""77338935""]"
none_subset,4,134718293,111167454,46,965,0,0,0,0,0,0,"[""205395255"", ""172512012"", ""208224187"", ""150754478"", ""170458031"", ""169602941"", ""209924661"", ""137553795"", ""144431749"", ""159369178""]"
none_subset,4,213859209,192226046,43,7,0,0,0,1,1,1,"[""209588885"", ""201230840"", ""192741559"", ""139419678"", ""196286515"", ""198558883"", ""192226046"", ""209248830"", ""122714725"", ""122398206""]"
none_subset,4,206162352,168565266,38,1352,0,0,0,0,0,0,"[""123190192"", ""138345880"", ""102778559"", ""151856683"", ""156629865"", ""146217898"", ""57745679"", ""192463786"", ""152196582"", ""153901522""]"
none_subset,4,148055484,125877587,37,559,0,0,0,0,0,0,"[""133924998"", ""207110453"", ""186646910"", ""200025016"", ""151546541"", ""156898538"", ""159931625"", ""129735644"", ""143805569"", ""200686928""]"
none_subset,4,127734101,103445343,38,1643,0,0,0,0,0,0,"[""211674256"", ""198366865"", ""212854070"", ""205639611"", ""138008558"", ""207911331"", ""128080279"", ""168565266"", ""25706087"", ""132194892""]"
none_subset,4,221652856,207844498,38,32,0,0,0,0,0,1,"[""142929788"", ""160595220"", ""192511828"", ""207656146"", ""177776793"", ""153376624"", ""199056148"", ""190453683"", ""126891166"", ""136949110""]"
none_subset,4,163657092,134259470,57,1409,0,0,0,0,0,0,"[""182623124"", ""172564451"", ""207601730"", ""206964493"", ""215231413"", ""174340588"", ""105063982"", ""143360433"", ""211539855"", ""190730924""]"
none_subset,4,181360595,149816343,38,19,0,0,0,0,1,1,"[""180386955"", ""160303868"", ""67086891"", ""145998937"", ""209803175"", ""136204876"", ""128022775"", ""118623949"", ""105898974"", ""156461111""]"
none_subset,4,184230547,92729753,43,50,0,0,0,0,0,1,"[""26638732"", ""70531248"", ""204884209"", ""103646438"", ""49526180"", ""157995027"", ""75809532"", ""75960684"", ""178058556"", ""83075724""]"
none_subset,4,218892881,204377471,62,334,0,0,0,0,0,0,"[""130664372"", ""146878510"", ""84455640"", ""42723221"", ""127069226"", ""61834333"", ""104986019"", ""121464697"", ""200030259"", ""39278122""]"
none_subset,4,222316119,209398208,62,1030,0,0,0,0,0,0,"[""86925187"", ""106557292"", ""165049336"", ""210681202"", ""52848243"", ""143261727"", ""210678182"", ""63080448"", ""106651758"", ""94546694""]"
none_subset,4,193210370,160712589,43,153,0,0,0,0,0,0,"[""163505137"", ""203338637"", ""123633665"", ""204163472"", ""197195883"", ""177067604"", ""202567733"", ""166272408"", ""204664629"", ""211814068""]"
none_subset,4,182202041,140052409,43,153,0,0,0,0,0,0,"[""207792788"", ""130316231"", ""188561727"", ""162612749"", ""170439536"", ""169363779"", ""180214878"", ""203668670"", ""103982740"", ""148801479""]"
none_subset,4,134768803,90327774,62,616,0,0,0,0,0,0,"[""113866351"", ""75207324"", ""164086518"", ""180001774"", ""212966939"", ""172190870"", ""187978938"", ""148871348"", ""48004410"", ""162263431""]"
none_subset,4,217563353,199826472,46,214,0,0,0,0,0,0,"[""192859823"", ""97623791"", ""132867538"", ""122704847"", ""84422038"", ""107095516"", ""184894786"", ""205883193"", ""208649860"", ""204315261""]"
none_subset,4,211981529,191647950,37,931,0,0,0,0,0,0,"[""116240817"", ""196563012"", ""136371572"", ""192387012"", ""119227333"", ""195296935"", ""191931364"", ""180546104"", ""187761375"", ""41705192""]"
none_subset,4,107710992,98812077,46,1373,0,0,0,0,0,0,"[""174861722"", ""205356898"", ""162996731"", ""207326970"", ""131820664"", ""120233208"", ""138617659"", ""89165049"", ""83646259"", ""138969592""]"
none_subset,4,169962620,140742765,38,156,0,0,0,0,0,0,"[""133136953"", ""37809434"", ""117957932"", ""214890741"", ""102368805"", ""125139020"", ""112389064"", ""108421334"", ""169064521"", ""167323493""]"
none_subset,4,192278370,153562476,37,33,0,0,0,0,0,1,"[""115215869"", ""14688074"", ""113199607"", ""127678430"", ""96256428"", ""173034966"", ""47579439"", ""126574209"", ""164141851"", ""24464195""]"
none_subset,4,193750891,163718468,38,1206,0,0,0,0,0,0,"[""146723193"", ""166506623"", ""139134458"", ""18798683"", ""158733811"", ""123652552"", ""125546461"", ""193575305"", ""177744065"", ""145408759""]"
none_subset,4,132375474,116488063,4,26,0,0,0,0,1,1,"[""195516477"", ""75448584"", ""72044288"", ""155621797"", ""210482913"", ""71990231"", ""130389344"", ""190503853"", ""140966958"", ""43073275""]"
none_subset,4,167902436,141447890,64,675,0,0,0,0,0,0,"[""182199798"", ""162686675"", ""206276658"", ""106851845"", ""130672499"", ""204286460"", ""173661276"", ""121294809"", ""210055173"", ""174387123""]"
none_subset,4,46775399,39242895,57,497,0,0,0,0,0,0,"[""125339147"", ""122408162"", ""85942447"", ""48586287"", ""186103660"", ""128512946"", ""86771304"", ""206552998"", ""206493285"", ""185861622""]"
none_subset,4,137693931,117946057,64,225,0,0,0,0,0,0,"[""124274061"", ""143663551"", ""214114704"", ""120966979"", ""124273952"", ""62313025"", ""152109736"", ""152305563"", ""111173960"", ""170757529""]"
none_subset,4,214329317,184721384,4,430,0,0,0,0,0,0,"[""191690738"", ""185429569"", ""163349092"", ""147828982"", ""102233014"", ""150577652"", ""139418370"", ""150456310"", ""147740083"", ""200344150""]"
none_subset,4,222121945,206201645,46,21,0,0,0,0,1,1,"[""184407267"", ""89431258"", ""145504709"", ""135883318"", ""79809742"", ""176659851"", ""105312754"", ""78004872"", ""52439531"", ""184975322""]"
none_subset,4,219276469,121108780,46,119,0,0,0,0,0,0,"[""64234906"", ""68978046"", ""110268464"", ""99453113"", ""53760527"", ""174465659"", ""129089284"", ""134848823"", ""105148782"", ""132605956""]"
none_subset,4,174730471,137617785,62,28,0,0,0,0,1,1,"[""150945055"", ""176333450"", ""122004752"", ""12231700"", ""109740115"", ""211690905"", ""186169702"", ""180292453"", ""167732430"", ""132102628""]"
none_subset,4,223350607,189844318,4,8,0,0,0,1,1,1,"[""201481091"", ""189945818"", ""171860963"", ""197475541"", ""128197551"", ""209208627"", ""205405501"", ""189844318"", ""70897180"", ""200855615""]"
none_subset,4,210849177,184994826,4,20,0,0,0,0,1,1,"[""195717749"", ""156469871"", ""169697872"", ""159922963"", ""163859971"", ""213979278"", ""123881493"", ""170725190"", ""153876614"", ""146961197""]"
none_subset,4,198434418,156991106,43,827,0,0,0,0,0,0,"[""169890454"", ""165082890"", ""181162961"", ""127047625"", ""126702260"", ""100333045"", ""165664636"", ""153840249"", ""185799642"", ""180794567""]"
none_subset,4,212436139,192418965,37,4,0,0,1,1,1,1,"[""164415171"", ""128025445"", ""132738380"", ""192418965"", ""169494298"", ""114167582"", ""205437401"", ""198930981"", ""187609211"", ""206662632""]"
none_subset,4,135940202,116675816,38,1062,0,0,0,0,0,0,"[""149292121"", ""113999751"", ""147345313"", ""85120764"", ""164429352"", ""156629865"", ""124833754"", ""147335135"", ""77338935"", ""94336615""]"
none_subset,4,225324347,213542128,62,934,0,0,0,0,0,0,"[""72569113"", ""181719051"", ""51057647"", ""176841734"", ""118558747"", ""27329790"", ""204737909"", ""79930613"", ""193455135"", ""57612738""]"
none_subset,4,122897043,99984234,64,829,0,0,0,0,0,0,"[""170931595"", ""119651772"", ""85051125"", ""103416735"", ""148497898"", ""153266976"", ""116866288"", ""212170326"", ""181619566"", ""145459533""]"
none_subset,4,213225848,193487145,62,135,0,0,0,0,0,0,"[""197247155"", ""211808810"", ""204555441"", ""163475721"", ""206841068"", ""170246818"", ""179824517"", ""205843076"", ""210489322"", ""205736250""]"
none_subset,4,194731015,132179046,37,46,0,0,0,0,0,1,"[""53074039"", ""142640479"", ""203680817"", ""136186158"", ""170334700"", ""169799464"", ""162999999"", ""98784541"", ""131057179"", ""102062794""]"
none_subset,4,217928932,180001774,62,323,0,0,0,0,0,0,"[""52020678"", ""24433447"", ""135784548"", ""194341665"", ""197681506"", ""167029837"", ""56568319"", ""2463151"", ""74220777"", ""92980980""]"
none_subset,4,190591674,156299022,62,1255,0,0,0,0,0,0,"[""61035715"", ""144501764"", ""75037502"", ""209312269"", ""130172677"", ""172331495"", ""206301685"", ""133742595"", ""61833524"", ""57578588""]"
none_subset,4,194020076,154816685,37,403,0,0,0,0,0,0,"[""174822665"", ""51981897"", ""210586766"", ""193030442"", ""96028215"", ""183023489"", ""101351593"", ""21114364"", ""139391729"", ""115215869""]"
none_subset,4,185433908,157103060,64,2,0,1,1,1,1,1,"[""205489483"", ""157103060"", ""94729022"", ""211889722"", ""136600772"", ""192057548"", ""188538570"", ""95788322"", ""144150605"", ""144993665""]"
none_subset,4,214333334,193747557,4,150,0,0,0,0,0,0,"[""78628063"", ""134534067"", ""144873512"", ""169025616"", ""192413607"", ""189821495"", ""130284203"", ""183542149"", ""138376766"", ""171567687""]"
none_subset,4,220774580,173807681,57,202,0,0,0,0,0,0,"[""127660482"", ""191896588"", ""65120912"", ""53369429"", ""122408162"", ""62330389"", ""122156014"", ""128512946"", ""113539802"", ""138202869""]"
none_subset,4,212592127,192227012,43,330,0,0,0,0,0,0,"[""182399428"", ""168115086"", ""195224828"", ""201535486"", ""178067710"", ""192825043"", ""189297376"", ""198054092"", ""185108178"", ""209666551""]"
none_subset,4,176224761,133870924,62,57,0,0,0,0,0,0,"[""106557292"", ""94546694"", ""136870941"", ""210678182"", ""188696626"", ""52848243"", ""160329216"", ""138120106"", ""188860992"", ""59483405""]"
none_subset,4,60511882,57556019,43,102,0,0,0,0,0,0,"[""132793063"", ""164870997"", ""86885256"", ""101587771"", ""68189198"", ""16074591"", ""178272808"", ""149772191"", ""167043645"", ""115216679""]"
none_subset,4,176736999,148395645,57,56,0,0,0,0,0,0,"[""151450966"", ""121588049"", ""183212516"", ""119144884"", ""181594395"", ""196083775"", ""160137602"", ""191497108"", ""205668901"", ""177076078""]"
none_subset,4,218343977,206869723,38,216,0,0,0,0,0,0,"[""154880168"", ""163646287"", ""198468875"", ""122877312"", ""102778559"", ""162918532"", ""34147341"", ""149349102"", ""158782357"", ""62361505""]"
none_subset,4,196559457,168093078,46,52,0,0,0,0,0,0,"[""211987120"", ""179440577"", ""208458622"", ""212013801"", ""215428176"", ""147341866"", ""204919891"", ""135652658"", ""25531112"", ""102057588""]"
none_subset,4,218455353,203551786,57,347,0,0,0,0,0,0,"[""186378387"", ""210472458"", ""213286264"", ""194650480"", ""191527643"", ""197209314"", ""213299500"", ""192532677"", ""148083172"", ""202643099""]"
none_subset,4,165941570,140069180,62,1760,0,0,0,0,0,0,"[""188696626"", ""106651758"", ""17141885"", ""150251996"", ""154092784"", ""98255078"", ""213659099"", ""79930613"", ""75061598"", ""188189839""]"
none_subset,4,177072822,143701254,57,63,0,0,0,0,0,0,"[""99228573"", ""121902729"", ""183993242"", ""125339147"", ""211844405"", ""180417908"", ""157953377"", ""107527374"", ""122408162"", ""194409455""]"
none_subset,4,209291892,186707401,4,102,0,0,0,0,0,0,"[""215305148"", ""58216709"", ""202598239"", ""195526680"", ""213461075"", ""173008557"", ""138898252"", ""74691545"", ""172884595"", ""133632260""]"
none_subset,4,223884612,208874258,46,728,0,0,0,0,0,0,"[""208719036"", ""194733454"", ""201436985"", ""201742113"", ""180426325"", ""171636556"", ""146947584"", ""212730825"", ""209175273"", ""213912195""]"
none_subset,4,94835568,89522692,57,967,0,0,0,0,0,0,"[""186103660"", ""206553944"", ""184690297"", ""85942447"", ""107389503"", ""169874437"", ""122408162"", ""86771304"", ""48586287"", ""58773802""]"
none_subset,4,192891376,165467719,4,235,0,0,0,0,0,0,"[""210469105"", ""203776159"", ""195617414"", ""135840440"", ""205446753"", ""154438637"", ""203618170"", ""175640583"", ""206940580"", ""211901995""]"
none_subset,4,217721954,201858021,43,261,0,0,0,0,0,0,"[""88408415"", ""116979481"", ""205517780"", ""126415167"", ""79676853"", ""59161409"", ""104715442"", ""190843616"", ""197876233"", ""139462778""]"
none_subset,4,221359312,208935536,37,1192,0,0,0,0,0,0,"[""212752270"", ""165980002"", ""212864198"", ""201561139"", ""201276299"", ""215506448"", ""180960330"", ""207544886"", ""201925530"", ""207110453""]"
none_subset,4,215331446,149874064,62,210,0,0,0,0,0,0,"[""172997177"", ""206841068"", ""204577887"", ""211070786"", ""212412503"", ""213066001"", ""150919912"", ""141693897"", ""200033285"", ""206664307""]"
none_subset,4,139464065,119695215,46,34,0,0,0,0,0,1,"[""64234906"", ""79809742"", ""68978046"", ""188529439"", ""110268464"", ""134848823"", ""53760527"", ""129248142"", ""48678802"", ""194301324""]"
none_subset,4,224134704,141588596,64,277,0,0,0,0,0,0,"[""205920501"", ""162587856"", ""202978110"", ""213253358"", ""213564938"", ""78407435"", ""209576150"", ""213086582"", ""202253212"", ""165902956""]"
none_subset,4,77515366,62510663,38,511,0,0,0,0,0,0,"[""143671272"", ""182704194"", ""159326492"", ""206067851"", ""151607631"", ""201030455"", ""161419745"", ""157714512"", ""192510359"", ""167323493""]"
none_subset,4,210242510,187758639,57,604,0,0,0,0,0,0,"[""213974972"", ""201084593"", ""210498921"", ""203550692"", ""209726587"", ""214349938"", ""210472458"", ""208742570"", ""187760067"", ""184846697""]"
none_subset,4,52520947,48837235,43,1133,0,0,0,0,0,0,"[""76970617"", ""192784424"", ""165082890"", ""50216046"", ""26809470"", ""4674477"", ""127047625"", ""201259036"", ""126702260"", ""63099395""]"
none_subset,4,151596094,130169954,64,1474,0,0,0,0,0,0,"[""120966979"", ""62313025"", ""153356810"", ""203544848"", ""124274061"", ""211228726"", ""106003200"", ""182762792"", ""130603525"", ""124273952""]"
none_subset,4,193213668,158425166,43,48,0,0,0,0,0,1,"[""96300750"", ""142451013"", ""27781370"", ""125480188"", ""57556019"", ""114167233"", ""60265144"", ""62487581"", ""138296370"", ""145947056""]"
none_subset,4,112643081,88781085,4,58,0,0,0,0,0,0,"[""193934711"", ""116474962"", ""78628063"", ""36482821"", ""171902128"", ""169443962"", ""161593927"", ""191889856"", ""185309627"", ""112475075""]"
none_subset,4,225317013,211226206,38,207,0,0,0,0,0,0,"[""119050794"", ""98526198"", ""67355451"", ""186580987"", ""177027866"", ""187724785"", ""25706087"", ""95211839"", ""151758386"", ""111238191""]"
none_subset,4,30572447,32643267,4,199,0,0,0,0,0,0,"[""171447530"", ""51992415"", ""167643231"", ""202362364"", ""129568541"", ""143548483"", ""210169790"", ""174891772"", ""110512138"", ""189645323""]"
none_subset,4,66195263,65467624,62,209,0,0,0,0,0,0,"[""82382971"", ""24686208"", ""18880304"", ""161635823"", ""92445171"", ""160400128"", ""170213166"", ""189107795"", ""162818813"", ""193136181""]"
none_subset,4,84991560,83781980,64,33,0,0,0,0,0,1,"[""144281937"", ""109320323"", ""128304968"", ""91451711"", ""173622957"", ""201270567"", ""199383617"", ""174340250"", ""36064693"", ""133870534""]"
none_subset,4,46524558,48022144,46,440,0,0,0,0,0,0,"[""176659851"", ""97623791"", ""108322993"", ""167856948"", ""37708588"", ""211870655"", ""73765596"", ""71898794"", ""86246820"", ""192859823""]"
none_subset,4,183342833,152655552,64,160,0,0,0,0,0,0,"[""64566466"", ""106247745"", ""200033728"", ""121664928"", ""154919593"", ""199715478"", ""131413365"", ""129288036"", ""121756376"", ""210148884""]"
none_subset,4,181269384,115216411,37,1725,0,0,0,0,0,0,"[""192597928"", ""152140191"", ""192387012"", ""158117230"", ""126554078"", ""152762226"", ""93714502"", ""180546104"", ""175146389"", ""200025016""]"
none_subset,4,91056482,73092635,64,679,0,0,0,0,0,0,"[""127512781"", ""125561073"", ""138803213"", ""109321941"", ""115462129"", ""95987224"", ""40134748"", ""118284407"", ""124110006"", ""60032340""]"
none_subset,4,220391193,205792958,57,13,0,0,0,0,1,1,"[""213078674"", ""215562071"", ""210636826"", ""189762370"", ""210148578"", ""166538115"", ""188906002"", ""209164848"", ""207501600"", ""208971595""]"
none_subset,4,181647504,153601190,37,690,0,0,0,0,0,0,"[""209154292"", ""181408383"", ""187719393"", ""202328948"", ""207544886"", ""195296935"", ""191538851"", ""211802210"", ""186811713"", ""197955172""]"
none_subset,4,179942590,150466997,37,107,0,0,0,0,0,0,"[""111730268"", ""57231571"", ""184518066"", ""58893791"", ""113199607"", ""210586766"", ""183023489"", ""115215869"", ""121642534"", ""161632409""]"
none_subset,4,210824348,169684033,46,134,0,0,0,0,0,0,"[""161736013"", ""197859726"", ""149733973"", ""99228098"", ""151511658"", ""78015202"", ""71367321"", ""116259633"", ""191705183"", ""204270051""]"
none_subset,4,217340355,185411714,37,471,0,0,0,0,0,0,"[""124237457"", ""143052602"", ""186464825"", ""28242894"", ""211519251"", ""206813158"", ""203276996"", ""183710535"", ""210587193"", ""212752270""]"
none_subset,4,204515041,180375963,46,136,0,0,0,0,0,0,"[""162783785"", ""72266723"", ""210561703"", ""123813852"", ""170566401"", ""213196140"", ""160161837"", ""150978725"", ""149633160"", ""173519244""]"
none_subset,4,225217742,214911402,38,113,0,0,0,0,0,0,"[""206039176"", ""188544896"", ""173785088"", ""208395385"", ""202152397"", ""31980662"", ""171832078"", ""170938980"", ""205018667"", ""176455959""]"
none_subset,4,175108320,145872351,57,391,0,0,0,0,0,0,"[""102975387"", ""118212639"", ""200675765"", ""204015126"", ""154845037"", ""145912634"", ""207784265"", ""21487414"", ""120012973"", ""33713680""]"
none_subset,4,75999056,78200756,37,70,0,0,0,0,0,0,"[""14688074"", ""29496516"", ""21114364"", ""95030361"", ""105224939"", ""45171964"", ""42842956"", ""115215869"", ""151199532"", ""187043151""]"
none_subset,4,20364924,18292202,43,56,0,0,0,0,0,0,"[""49833634"", ""173492161"", ""194521804"", ""91252683"", ""26809470"", ""159358087"", ""163402666"", ""192287850"", ""74422992"", ""176670642""]"
none_subset,4,178083941,115348570,4,88,0,0,0,0,0,0,"[""103936826"", ""142536914"", ""184320812"", ""173611156"", ""197428008"", ""193807530"", ""126204466"", ""203829299"", ""196324749"", ""185320366""]"
none_subset,4,186627163,155334274,37,346,0,0,0,0,0,0,"[""120893128"", ""198257576"", ""105970731"", ""149498553"", ""200939819"", ""140907909"", ""150438835"", ""144524949"", ""202547182"", ""169268977""]"
none_subset,4,223640840,70510072,43,20,0,0,0,0,1,1,"[""205517780"", ""79844098"", ""140335234"", ""98800023"", ""100215754"", ""207289652"", ""88376416"", ""98301531"", ""156395019"", ""190843616""]"
none_subset,4,224590952,214485432,4,82,0,0,0,0,0,0,"[""205917654"", ""203776159"", ""167062530"", ""170344780"", ""203305847"", ""191564735"", ""142085087"", ""153116755"", ""195617414"", ""206286077""]"
none_subset,4,185538692,155799399,64,531,0,0,0,0,0,0,"[""213581190"", ""132289907"", ""93630964"", ""193734151"", ""154412302"", ""41031023"", ""158242795"", ""126785773"", ""95788322"", ""92911620""]"
none_subset,4,214686293,194616691,64,1509,0,0,0,0,0,0,"[""215003074"", ""212258528"", ""195393000"", ""54502447"", ""142606748"", ""81233351"", ""155594648"", ""135156967"", ""88248087"", ""209427345""]"
none_subset,4,210390509,188665796,4,1115,0,0,0,0,0,0,"[""198615413"", ""146764647"", ""180843726"", ""195510728"", ""201432635"", ""171567687"", ""191209763"", ""191147915"", ""190574356"", ""200860968""]"
none_subset,4,221217825,206707770,62,283,0,0,0,0,0,0,"[""190955120"", ""189178547"", ""161141246"", ""129328061"", ""19018996"", ""167732430"", ""210197649"", ""154758359"", ""64365794"", ""190709473""]"
none_subset,4,182550457,152717874,38,233,0,0,0,0,0,0,"[""161002473"", ""204637998"", ""77338935"", ""147686192"", ""167575814"", ""114260093"", ""70118559"", ""150005617"", ""81511985"", ""186173164""]"
none_subset,4,206226210,145800774,4,6,0,0,0,1,1,1,"[""173259969"", ""126889201"", ""213835807"", ""113622434"", ""118938903"", ""145800774"", ""154636066"", ""183642706"", ""183725729"", ""100007550""]"
none_subset,4,216846155,200497747,57,2539,0,0,0,0,0,0,"[""210580310"", ""183614539"", ""133687274"", ""211301569"", ""207262363"", ""202650435"", ""203324938"", ""202655316"", ""190061959"", ""175665700""]"
none_subset,4,172014008,129527350,4,510,0,0,0,0,0,0,"[""159734891"", ""29952166"", ""145528975"", ""63027674"", ""171792193"", ""99699218"", ""187964382"", ""109285514"", ""141167432"", ""157939590""]"
none_subset,4,208296179,184997997,37,142,0,0,0,0,0,0,"[""195296935"", ""142665464"", ""191911000"", ""153099679"", ""154409188"", ""89464961"", ""172191290"", ""202137970"", ""157987350"", ""141656944""]"
none_subset,4,217618238,188912090,37,3,0,1,1,1,1,1,"[""192456013"", ""201649016"", ""188912090"", ""201561139"", ""82620936"", ""183094359"", ""121097766"", ""191259466"", ""187502080"", ""193335758""]"
none_subset,4,208456944,181755826,37,190,0,0,0,0,0,0,"[""142665464"", ""191911000"", ""195296935"", ""211094404"", ""196563012"", ""153099679"", ""194884803"", ""190075252"", ""154409188"", ""215022412""]"
none_subset,4,223016533,211895860,46,859,0,0,0,0,0,0,"[""205368126"", ""212685047"", ""207328366"", ""161497124"", ""160255339"", ""157752214"", ""207214319"", ""199457581"", ""166127396"", ""160547557""]"
none_subset,4,217669873,199520065,43,100,0,0,0,0,0,0,"[""211355598"", ""215090391"", ""159971774"", ""212033090"", ""201671217"", ""206730740"", ""185851616"", ""198087076"", ""184875265"", ""202227389""]"
none_subset,4,217086778,195170795,43,210,0,0,0,0,0,0,"[""196286515"", ""202632009"", ""202626349"", ""188577365"", ""185851616"", ""184633847"", ""195756368"", ""198087076"", ""201440672"", ""196197826""]"
none_subset,4,73879959,76963567,37,1385,0,0,0,0,0,0,"[""205328844"", ""51749408"", ""16898206"", ""185048961"", ""141382831"", ""147794006"", ""168678804"", ""160127507"", ""129112777"", ""142630827""]"
none_subset,4,176005672,141663938,46,967,0,0,0,0,0,0,"[""150226253"", ""173222203"", ""160815179"", ""171801408"", ""135571245"", ""173799041"", ""179384818"", ""141485098"", ""188889120"", ""202077303""]"
none_subset,4,218843910,204190038,43,44,0,0,0,0,0,1,"[""194022987"", ""88578062"", ""201213450"", ""160067277"", ""198322720"", ""210958988"", ""187215484"", ""211582481"", ""175374033"", ""182445092""]"
none_subset,4,171956234,145031350,57,4,0,0,1,1,1,1,"[""206210266"", ""122751221"", ""113601078"", ""145031350"", ""141728487"", ""57499088"", ""82247874"", ""115422067"", ""17825658"", ""64014597""]"
none_subset,4,220869576,207833813,4,222,0,0,0,0,0,0,"[""58216709"", ""172884595"", ""206288267"", ""179145991"", ""171159402"", ""202571906"", ""201065368"", ""119997383"", ""215305148"", ""178871266""]"
none_subset,4,211982172,139357935,38,262,0,0,0,0,0,0,"[""72092510"", ""132991311"", ""94347039"", ""144183456"", ""198969641"", ""206507354"", ""150167398"", ""170281060"", ""173614407"", ""77338935""]"
none_subset,4,225233010,214802477,4,91,0,0,0,0,0,0,"[""208780104"", ""184232332"", ""196167891"", ""193001991"", ""206636227"", ""210550451"", ""191316160"", ""190594964"", ""179532049"", ""189899644""]"
none_subset,4,179073322,149484929,64,33,0,0,0,0,0,1,"[""188599489"", ""80281524"", ""103416735"", ""79734724"", ""91130206"", ""159020740"", ""62604823"", ""32245008"", ""53527257"", ""12228373""]"
none_subset,4,171887554,143825464,37,287,0,0,0,0,0,0,"[""212047029"", ""207110453"", ""170049514"", ""188679659"", ""195462928"", ""152102790"", ""139307132"", ""148248330"", ""168964563"", ""156176895""]"
none_subset,4,218059850,202134853,4,122,0,0,0,0,0,0,"[""195475614"", ""191437384"", ""188509360"", ""214740980"", ""169976903"", ""204310309"", ""165467719"", ""212316416"", ""209341331"", ""183515246""]"
none_subset,4,158743654,131992278,4,130,0,0,0,0,0,0,"[""205277943"", ""75870943"", ""170613385"", ""104121894"", ""164258790"", ""156440021"", ""205390513"", ""66199264"", ""210109068"", ""105006245""]"
none_subset,4,154974237,76747946,64,43,0,0,0,0,0,1,"[""109320323"", ""113587141"", ""91451711"", ""31017779"", ""95788322"", ""126953299"", ""157803989"", ""128304968"", ""130875563"", ""160001929""]"
none_subset,4,120798918,108207501,43,319,0,0,0,0,0,0,"[""141052560"", ""112069335"", ""52112999"", ""189847532"", ""210570576"", ""149647107"", ""190843616"", ""203438993"", ""121314084"", ""124759667""]"
none_subset,4,218711794,179610678,46,24,0,0,0,0,1,1,"[""212530716"", ""171227160"", ""147047749"", ""195996779"", ""143182122"", ""127266574"", ""28587929"", ""171227152"", ""205168224"", ""74840350""]"
none_subset,4,209771338,126298952,64,687,0,0,0,0,0,0,"[""131569653"", ""210923456"", ""82808529"", ""109320323"", ""205920501"", ""83781866"", ""197129848"", ""139515295"", ""173980655"", ""126953299""]"
none_subset,4,216811142,187560968,57,1571,0,0,0,0,0,0,"[""172994991"", ""204720478"", ""200193952"", ""196862481"", ""202655316"", ""134898435"", ""193303170"", ""211301569"", ""211066095"", ""214349938""]"
none_subset,4,206217300,181915374,4,20,0,0,0,0,1,1,"[""202002064"", ""165023261"", ""165897952"", ""31486566"", ""123881493"", ""197455821"", ""79486528"", ""198949108"", ""174141513"", ""214304902""]"
none_subset,4,44794439,50008637,46,1090,0,0,0,0,0,0,"[""136576031"", ""196814702"", ""77329979"", ""181620594"", ""132957109"", ""103008825"", ""130881127"", ""204178124"", ""212690484"", ""111956915""]"
none_subset,4,183039122,153035417,64,584,0,0,0,0,0,0,"[""203544848"", ""204007990"", ""205317332"", ""200485858"", ""150442809"", ""156783415"", ""182224096"", ""210635321"", ""130896523"", ""93630964""]"
none_subset,4,217961343,201925196,46,166,0,0,0,0,0,0,"[""210738657"", ""204759997"", ""144865911"", ""143077183"", ""203644944"", ""204065707"", ""205239580"", ""200735434"", ""213805109"", ""142707487""]"
none_subset,4,211893524,190866330,37,544,0,0,0,0,0,0,"[""139778879"", ""156583528"", ""53410176"", ""213026576"", ""123259140"", ""120181686"", ""188240250"", ""201295768"", ""191370500"", ""178992708""]"
none_subset,4,220165510,204544735,46,467,0,0,0,0,0,0,"[""33873883"", ""136576031"", ""180874783"", ""213225779"", ""116968490"", ""212150567"", ""173217130"", ""77329979"", ""177872819"", ""137815967""]"
none_subset,4,220275954,119210439,64,118,0,0,0,0,0,0,"[""213581190"", ""154412302"", ""193734151"", ""157803989"", ""92911620"", ""22329772"", ""167388732"", ""158242795"", ""131413365"", ""93630964""]"
none_subset,4,221930753,128022852,38,13,0,0,0,0,1,1,"[""135905491"", ""214520378"", ""187955925"", ""102495634"", ""48003015"", ""85218964"", ""130328247"", ""188649450"", ""170217678"", ""80627012""]"
none_subset,4,186748969,155250171,4,685,0,0,0,0,0,0,"[""176039610"", ""129435163"", ""144251877"", ""177531279"", ""86878993"", ""208642632"", ""159922963"", ""48788833"", ""142506151"", ""164940716""]"
none_subset,4,190801262,84270721,38,174,0,0,0,0,0,0,"[""138606216"", ""169053066"", ""174358926"", ""204913338"", ""200330435"", ""132024150"", ""104835682"", ""44122357"", ""79792389"", ""203371728""]"
none_subset,4,45045424,37161164,64,205,0,0,0,0,0,0,"[""174095805"", ""127512781"", ""119000250"", ""211406038"", ""196347311"", ""115580201"", ""143760958"", ""148497898"", ""187775788"", ""151526168""]"
none_subset,4,224591507,214516118,57,334,0,0,0,0,0,0,"[""191366717"", ""215562071"", ""176831577"", ""101295733"", ""203157936"", ""197765268"", ""209725971"", ""201469289"", ""165031640"", ""210816632""]"
none_subset,4,198848081,99645029,62,1275,0,0,0,0,0,0,"[""150070859"", ""127488091"", ""52773606"", ""92648178"", ""93457918"", ""32200239"", ""209579537"", ""177494592"", ""117835777"", ""143139548""]"
none_subset,4,208482752,185153627,64,47,0,0,0,0,0,1,"[""142231631"", ""81240114"", ""72224328"", ""193734151"", ""85531879"", ""150123553"", ""165315994"", ""131413365"", ""95788322"", ""179411117""]"
none_subset,4,158174064,139073104,4,264,0,0,0,0,0,0,"[""174891772"", ""108202978"", ""143548483"", ""123613267"", ""184954811"", ""51992415"", ""129568541"", ""202167018"", ""132723593"", ""202362364""]"
none_subset,4,207873651,212293518,37,308,0,0,0,0,0,0,"[""155900040"", ""212047029"", ""195462928"", ""207110453"", ""210646051"", ""199315941"", ""156898538"", ""212035633"", ""133924998"", ""117786165""]"
none_subset,4,215617466,192772030,62,192,0,0,0,0,0,0,"[""172011253"", ""75511022"", ""116117359"", ""201810908"", ""59818909"", ""190456275"", ""206062280"", ""211334137"", ""182349928"", ""202843919""]"
none_subset,4,222741930,173657990,64,366,0,0,0,0,0,0,"[""95788322"", ""126992314"", ""147948598"", ""121664928"", ""182224096"", ""200004707"", ""55373470"", ""161581546"", ""203921886"", ""146681358""]"
none_subset,4,148097853,124876427,62,703,0,0,0,0,0,0,"[""198734216"", ""81077749"", ""211638809"", ""178706930"", ""14027620"", ""185409558"", ""134618566"", ""200747175"", ""1975349"", ""70189978""]"
none_subset,4,198298738,169253567,64,795,0,0,0,0,0,0,"[""129093190"", ""194941994"", ""208915255"", ""156194814"", ""92189436"", ""53453982"", ""201058531"", ""128217933"", ""119643934"", ""148153000""]"
none_subset,4,190470259,152369852,37,230,0,0,0,0,0,0,"[""206587185"", ""195296935"", ""214708320"", ""134901665"", ""191911000"", ""121097766"", ""40661702"", ""153099679"", ""204860223"", ""100774234""]"
none_subset,4,204257545,168960925,4,1997,0,0,0,0,0,0,"[""183750892"", ""90931027"", ""201461303"", ""214521847"", ""150251115"", ""188602972"", ""192944634"", ""200027218"", ""201061935"", ""183689996""]"
none_subset,4,168232305,143219721,46,285,0,0,0,0,0,0,"[""78390422"", ""13940893"", ""188974662"", ""76396478"", ""202371479"", ""82040536"", ""84422038"", ""212781522"", ""186724430"", ""203161766""]"
none_subset,4,192374914,99824538,38,1,1,1,1,1,1,1,"[""99824538"", ""169004224"", ""171180851"", ""69350726"", ""169804292"", ""133973101"", ""151839331"", ""130516684"", ""166298317"", ""132086583""]"
none_subset,4,174229052,125242387,37,62,0,0,0,0,0,0,"[""43972733"", ""17206468"", ""192387012"", ""192380217"", ""186429778"", ""149811179"", ""41705192"", ""145336514"", ""113257713"", ""117257931""]"
none_subset,4,139698211,119953689,43,715,0,0,0,0,0,0,"[""165579849"", ""63103158"", ""99275271"", ""181162961"", ""63099395"", ""60265144"", ""125981589"", ""76970617"", ""68189198"", ""24058906""]"
none_subset,4,113476119,101710549,37,259,0,0,0,0,0,0,"[""145112155"", ""126447640"", ""142113211"", ""193679263"", ""143065905"", ""208900697"", ""147023317"", ""122748929"", ""164454930"", ""142508806""]"
none_subset,4,150517658,104621823,57,60,0,0,0,0,0,0,"[""168026327"", ""113626263"", ""135805652"", ""143972708"", ""73841445"", ""156275704"", ""213085502"", ""200892019"", ""205642823"", ""87360821""]"
none_subset,4,184787612,156401201,4,40,0,0,0,0,0,1,"[""144811459"", ""148526912"", ""180266107"", ""207935824"", ""177486457"", ""162653386"", ""86878993"", ""105605834"", ""170725190"", ""195242863""]"
none_subset,4,192758748,129435163,4,33,0,0,0,0,0,1,"[""120663751"", ""148281605"", ""184587206"", ""149599673"", ""212372690"", ""150252011"", ""186841122"", ""150679730"", ""163852424"", ""51294207""]"
none_subset,4,77980090,79930613,62,2509,0,0,0,0,0,0,"[""181082260"", ""150061205"", ""132774570"", ""156677885"", ""139116865"", ""97595359"", ""167029837"", ""159171932"", ""70799922"", ""203464534""]"
none_subset,4,224368165,200983413,62,293,0,0,0,0,0,0,"[""163318703"", ""195545920"", ""163318709"", ""173885386"", ""84941218"", ""213194224"", ""203772593"", ""200812154"", ""37722747"", ""87886557""]"
none_subset,4,193642629,148004279,37,645,0,0,0,0,0,0,"[""128177539"", ""61710118"", ""163644147"", ""204074550"", ""170049514"", ""212047029"", ""204531217"", ""170879853"", ""199918065"", ""146818815""]"
none_subset,4,209818213,181059548,64,511,0,0,0,0,0,0,"[""179411117"", ""144399371"", ""72224328"", ""191710817"", ""85531879"", ""142231631"", ""187330722"", ""187406196"", ""136600772"", ""97353101""]"
none_subset,4,222281877,210666920,64,41,0,0,0,0,0,1,"[""174719538"", ""211889722"", ""210649942"", ""192179303"", ""169931960"", ""163787427"", ""185087026"", ""147671714"", ""196368507"", ""176590943""]"
none_subset,4,152546236,130642042,62,2,0,1,1,1,1,1,"[""210228776"", ""130642042"", ""199438255"", ""177326283"", ""182029851"", ""46446514"", ""65307631"", ""194843976"", ""151640359"", ""84991316""]"
none_subset,4,225336523,213295278,38,604,0,0,0,0,0,0,"[""95323314"", ""200830087"", ""124508627"", ""14434511"", ""127539785"", ""120618466"", ""165409487"", ""126012999"", ""111085092"", ""202182110""]"
none_subset,4,117415907,106212567,43,456,0,0,0,0,0,0,"[""67021173"", ""24907697"", ""51516713"", ""96300750"", ""54226204"", ""62487581"", ""125480188"", ""74375092"", ""77932206"", ""124169369""]"
none_subset,4,218502916,202570543,4,14,0,0,0,0,1,1,"[""167937435"", ""131936243"", ""196926090"", ""100677349"", ""78836369"", ""134243031"", ""195480266"", ""204466040"", ""158205918"", ""213465461""]"
none_subset,4,161939843,131664368,57,2054,0,0,0,0,0,0,"[""210450439"", ""195606087"", ""143823421"", ""179083953"", ""128244723"", ""203721811"", ""167463798"", ""209364645"", ""206792330"", ""179462743""]"
none_subset,4,12125768,10199751,38,1185,0,0,0,0,0,0,"[""71896485"", ""11921513"", ""167154256"", ""157091884"", ""63839835"", ""186767110"", ""25706087"", ""66259210"", ""152095341"", ""212169244""]"
none_subset,4,192950031,18519591,4,1692,0,0,0,0,0,0,"[""160037231"", ""196176687"", ""50948393"", ""198314550"", ""189401835"", ""185880119"", ""141278632"", ""154031903"", ""146649572"", ""191316160""]"
none_subset,4,188057870,153434097,57,67,0,0,0,0,0,0,"[""141989435"", ""86264024"", ""203413072"", ""209991023"", ""128908900"", ""138727053"", ""201949837"", ""206835206"", ""60749965"", ""142405798""]"
none_subset,4,216778927,200441050,37,159,0,0,0,0,0,0,"[""169228866"", ""73910372"", ""123336704"", ""152555454"", ""191434197"", ""194373378"", ""173227324"", ""160232517"", ""201742088"", ""196367171""]"
none_subset,4,209487514,123925115,43,202,0,0,0,0,0,0,"[""142550589"", ""168943005"", ""85646132"", ""136517572"", ""207051663"", ""197429046"", ""157682449"", ""191493447"", ""111723538"", ""204268653""]"
none_subset,4,143189949,123314603,46,699,0,0,0,0,0,0,"[""114442083"", ""172509742"", ""206092491"", ""140861260"", ""169229877"", ""103963518"", ""118565908"", ""65660831"", ""84439889"", ""79535690""]"
none_subset,4,30542785,32645292,64,315,0,0,0,0,0,0,"[""58475692"", ""155183786"", ""151526168"", ""172848022"", ""106833257"", ""96431966"", ""140676990"", ""202708847"", ""27162317"", ""204754543""]"
none_subset,4,125925327,110540565,4,96,0,0,0,0,0,0,"[""133033147"", ""112726802"", ""207122616"", ""198430694"", ""203341087"", ""199270520"", ""156440021"", ""103246617"", ""167442242"", ""78836369""]"
none_subset,4,221161508,205365317,4,10,0,0,0,1,1,1,"[""187502252"", ""206172053"", ""197294044"", ""13245417"", ""122581991"", ""197857103"", ""125970295"", ""52610271"", ""190530648"", ""205365317""]"
none_subset,4,195093679,167093379,64,1920,0,0,0,0,0,0,"[""214883521"", ""170912580"", ""209791442"", ""122395189"", ""198047155"", ""76676235"", ""209176271"", ""193536959"", ""129130295"", ""193870914""]"
none_subset,4,185207452,150088912,43,185,0,0,0,0,0,0,"[""126702260"", ""57750732"", ""76141967"", ""113199180"", ""100333045"", ""157809653"", ""89403432"", ""39026970"", ""204884209"", ""74505132""]"
none_subset,4,204829216,204576287,57,33,0,0,0,0,0,1,"[""206515366"", ""106989319"", ""209269586"", ""158499182"", ""172998313"", ""209262389"", ""124368240"", ""207615117"", ""167483506"", ""203703634""]"
none_subset,4,217161478,168008625,38,3,0,1,1,1,1,1,"[""165798838"", ""213984936"", ""168008625"", ""186533660"", ""195156235"", ""160303868"", ""194365263"", ""215127574"", ""210249861"", ""11921513""]"
none_subset,4,18109352,11662511,57,625,0,0,0,0,0,0,"[""78057939"", ""121902729"", ""110170047"", ""62330389"", ""148338437"", ""213472164"", ""128122761"", ""211148392"", ""82186270"", ""186296029""]"
none_subset,4,181734587,144976728,37,117,0,0,0,0,0,0,"[""174852305"", ""156440997"", ""157140706"", ""193407642"", ""152140191"", ""170524883"", ""126554078"", ""180546104"", ""136461731"", ""194533002""]"
none_subset,4,182489679,136685850,38,36,0,0,0,0,0,1,"[""116918686"", ""155422545"", ""152236293"", ""206867606"", ""193744229"", ""112540467"", ""78137458"", ""202202801"", ""96718826"", ""94834577""]"
none_subset,4,137577332,117410846,37,168,0,0,0,0,0,0,"[""145502443"", ""10976521"", ""150887352"", ""172603509"", ""195375302"", ""110465452"", ""175146389"", ""165174023"", ""51138626"", ""124537731""]"
none_subset,4,189957316,160247543,64,1129,0,0,0,0,0,0,"[""92309560"", ""192392140"", ""187887134"", ""151134804"", ""191281696"", ""153356810"", ""160400188"", ""32972748"", ""203509707"", ""174287144""]"
none_subset,4,117920506,105652021,57,142,0,0,0,0,0,0,"[""163344549"", ""186103660"", ""107389503"", ""206553944"", ""206493285"", ""85942447"", ""122408162"", ""157953377"", ""71949185"", ""200450069""]"
none_subset,4,210306785,188579852,43,3,0,1,1,1,1,1,"[""182870508"", ""66867545"", ""188579852"", ""179105716"", ""167246303"", ""138106208"", ""151392250"", ""163505137"", ""153525929"", ""146978431""]"
none_subset,4,49475784,49499187,4,49,0,0,0,0,0,1,"[""36482821"", ""161593927"", ""103376883"", ""190871924"", ""148649464"", ""184967461"", ""69840720"", ""77682387"", ""195648794"", ""203515307""]"
none_subset,4,221681530,209156407,43,2156,0,0,0,0,0,0,"[""193482080"", ""197607286"", ""99720576"", ""205605896"", ""188398971"", ""78516965"", ""144932091"", ""48032933"", ""35671043"", ""186403472""]"
none_subset,4,196575776,154163322,46,11,0,0,0,0,1,1,"[""79523323"", ""194862890"", ""165223697"", ""140827649"", ""154698834"", ""185043110"", ""79809742"", ""113591349"", ""100503293"", ""68978046""]"
none_subset,4,125407007,103135887,4,19,0,0,0,0,1,1,"[""146144877"", ""207098872"", ""210497898"", ""128197551"", ""138439770"", ""73205799"", ""205469263"", ""180856744"", ""195539587"", ""190530648""]"
none_subset,4,184242165,146542941,43,715,0,0,0,0,0,0,"[""198423070"", ""152263616"", ""156295009"", ""151577913"", ""186683968"", ""191701840"", ""197613208"", ""59458719"", ""179261540"", ""160542632""]"
none_subset,4,171742724,129452500,37,406,0,0,0,0,0,0,"[""208464643"", ""141505308"", ""191148698"", ""174690214"", ""190214362"", ""128885740"", ""136884669"", ""190646486"", ""150420105"", ""156940916""]"
none_subset,4,96219091,89954196,64,480,0,0,0,0,0,0,"[""193870914"", ""63404553"", ""114420335"", ""198417754"", ""151134804"", ""129130295"", ""193536959"", ""138322181"", ""79233838"", ""189142523""]"
none_subset,4,207037382,182362708,4,128,0,0,0,0,0,0,"[""50763598"", ""50883863"", ""194377968"", ""156469871"", ""44858664"", ""177466971"", ""194338856"", ""77968334"", ""144251877"", ""183018658""]"
none_subset,4,108642962,76074145,37,153,0,0,0,0,0,0,"[""43972733"", ""96028215"", ""120147293"", ""139290462"", ""79730026"", ""92247640"", ""152508279"", ""197580749"", ""76963567"", ""65584321""]"
none_subset,4,207959048,184472730,57,383,0,0,0,0,0,0,"[""206408448"", ""177610534"", ""205321546"", ""113103076"", ""196245087"", ""176835551"", ""204658040"", ""160599228"", ""172137516"", ""156354080""]"
none_subset,4,26729282,25189123,37,23,0,0,0,0,1,1,"[""190113798"", ""130025536"", ""141976904"", ""141505308"", ""139307132"", ""113068731"", ""137979982"", ""107504819"", ""156884960"", ""102340455""]"
none_subset,4,58173335,42842956,37,425,0,0,0,0,0,0,"[""21423746"", ""127087324"", ""51981897"", ""155606960"", ""161147605"", ""134150182"", ""101318206"", ""200025016"", ""161632409"", ""100774234""]"
none_subset,4,224417071,181242432,38,105,0,0,0,0,0,0,"[""201030455"", ""203692617"", ""164618247"", ""58573176"", ""73863273"", ""192509185"", ""198984787"", ""76978137"", ""142911344"", ""201906569""]"
none_subset,4,151725079,128872941,43,49,0,0,0,0,0,1,"[""195408710"", ""191248601"", ""204449585"", ""100333045"", ""161117276"", ""97240353"", ""126702260"", ""188032543"", ""98569973"", ""119675310""]"
none_subset,4,207326571,183542149,4,152,0,0,0,0,0,0,"[""192413607"", ""200860968"", ""194689928"", ""200030203"", ""190229699"", ""88932849"", ""171567687"", ""180005065"", ""200157160"", ""145435299""]"
none_subset,4,211025496,18107447,38,20,0,0,0,0,1,1,"[""133136953"", ""37809434"", ""169021759"", ""192992682"", ""138757742"", ""55870666"", ""151069586"", ""151607631"", ""202173346"", ""192191594""]"
none_subset,4,217030599,82795911,38,418,0,0,0,0,0,0,"[""183401482"", ""146217898"", ""138353042"", ""104506104"", ""128168264"", ""138345880"", ""186767110"", ""113999751"", ""158748191"", ""160779270""]"
none_subset,4,188181546,154236997,43,67,0,0,0,0,0,0,"[""177067604"", ""196069283"", ""210570556"", ""154766461"", ""123633665"", ""160058303"", ""164285938"", ""35616285"", ""192774637"", ""109890234""]"
none_subset,4,73874336,76020654,46,367,0,0,0,0,0,0,"[""176834459"", ""182764303"", ""201991995"", ""129506623"", ""139912235"", ""76493325"", ""109762523"", ""173799041"", ""188865413"", ""160523276""]"
none_subset,4,223336105,201484372,43,337,0,0,0,0,0,0,"[""171833857"", ""159358087"", ""184136574"", ""198166094"", ""155438071"", ""113849955"", ""194521804"", ""136943547"", ""73568079"", ""185822792""]"
none_subset,4,172573588,140685496,57,331,0,0,0,0,0,0,"[""167001981"", ""109983619"", ""113655478"", ""209958566"", ""182367509"", ""187256807"", ""57896054"", ""205026087"", ""127626189"", ""162693669""]"
none_subset,4,207694155,175183352,38,1490,0,0,0,0,0,0,"[""171057004"", ""132005414"", ""190043362"", ""184547134"", ""145961457"", ""125066164"", ""177206358"", ""98477697"", ""193591162"", ""153387624""]"
none_subset,4,207447521,183684975,38,1141,0,0,0,0,0,0,"[""94794120"", ""130737214"", ""190384477"", ""206821652"", ""174760342"", ""206728210"", ""70629467"", ""153687901"", ""179246503"", ""202126935""]"
none_subset,4,121281492,101816357,62,210,0,0,0,0,0,0,"[""186790061"", ""86925187"", ""79930613"", ""150251996"", ""10132068"", ""204737909"", ""106972114"", ""74343868"", ""84336599"", ""81849397""]"
none_subset,4,146254725,120966979,64,191,0,0,0,0,0,0,"[""203544848"", ""103124712"", ""182762792"", ""136401281"", ""124192379"", ""107218617"", ""195826161"", ""178043240"", ""129480867"", ""182400532""]"
none_subset,4,224706887,213532039,4,19,0,0,0,0,1,1,"[""133868832"", ""195617414"", ""210303017"", ""199478511"", ""193928045"", ""201465694"", ""210469105"", ""207062213"", ""165742976"", ""169023851""]"
none_subset,4,178855451,137171317,46,325,0,0,0,0,0,0,"[""201991995"", ""114654675"", ""107095516"", ""109762523"", ""139912235"", ""207529569"", ""152763272"", ""132867538"", ""159536710"", ""50541291""]"
none_subset,4,217105883,81054083,64,782,0,0,0,0,0,0,"[""129093190"", ""53453982"", ""146887481"", ""182570567"", ""156476311"", ""128217933"", ""201449249"", ""147899970"", ""187172686"", ""193072604""]"
none_subset,4,176809832,145961457,38,200,0,0,0,0,0,0,"[""183904957"", ""118437549"", ""161002473"", ""85968650"", ""186173164"", ""175183352"", ""204637998"", ""209064279"", ""114260093"", ""103005464""]"
none_subset,4,131680025,116100429,46,281,0,0,0,0,0,0,"[""213196140"", ""105380747"", ""194051265"", ""52904807"", ""166648954"", ""132957109"", ""134493849"", ""145051595"", ""99908438"", ""203456171""]"
none_subset,4,70823902,74505132,43,833,0,0,0,0,0,0,"[""133220748"", ""171888747"", ""78343862"", ""120188232"", ""150794676"", ""204449585"", ""153840249"", ""128872941"", ""178833613"", ""191577900""]"
none_subset,4,193646776,165824431,37,6,0,0,0,1,1,1,"[""209172335"", ""184297463"", ""190511714"", ""33563950"", ""184292036"", ""165824431"", ""73910372"", ""160068637"", ""191434197"", ""201742088""]"
none_subset,4,198154959,165953966,46,197,0,0,0,0,0,0,"[""105064166"", ""141876515"", ""21000985"", ""92989081"", ""160110731"", ""193559506"", ""165756140"", ""188529439"", ""156263625"", ""172912609""]"
none_subset,4,210635666,160101192,38,1560,0,0,0,0,0,0,"[""163524272"", ""108421334"", ""133136953"", ""150478263"", ""185682289"", ""149637319"", ""123220669"", ""158118726"", ""111085092"", ""215150803""]"
none_subset,4,207875176,183998344,64,101,0,0,0,0,0,0,"[""193656471"", ""192225398"", ""194031832"", ""166660652"", ""210901215"", ""201344830"", ""194242273"", ""209836031"", ""211115970"", ""132143736""]"
none_subset,4,92271469,31486566,4,100,0,0,0,0,0,0,"[""27693819"", ""197294044"", ""16813724"", ""169697872"", ""152685161"", ""65093674"", ""181054833"", ""50883863"", ""77968334"", ""146961197""]"
none_subset,4,69301721,67476398,43,2054,0,0,0,0,0,0,"[""183255762"", ""99720576"", ""169890454"", ""190817400"", ""86466727"", ""124512787"", ""181162961"", ""115899301"", ""136615619"", ""132793063""]"
none_subset,4,181215991,153410659,4,17,0,0,0,0,1,1,"[""202571906"", ""208780104"", ""185360306"", ""151451581"", ""191316160"", ""213696130"", ""207097865"", ""215305148"", ""205600080"", ""155908916""]"
none_subset,4,214070603,194734082,62,1583,0,0,0,0,0,0,"[""127168363"", ""144501764"", ""206927728"", ""131320559"", ""212901239"", ""128185768"", ""144002826"", ""203401813"", ""185069266"", ""201240617""]"
none_subset,4,139917419,114685239,43,167,0,0,0,0,0,0,"[""139778348"", ""193590200"", ""166329703"", ""106212567"", ""189165560"", ""204620017"", ""156158793"", ""164550665"", ""191701674"", ""192944095""]"
none_subset,4,189618304,147755307,64,37,0,0,0,0,0,1,"[""183047062"", ""60260391"", ""115774096"", ""152603802"", ""168633758"", ""144073843"", ""32252174"", ""203403083"", ""85660594"", ""202708847""]"
none_subset,4,223485420,203454842,43,425,0,0,0,0,0,0,"[""185196782"", ""111684767"", ""95818019"", ""204449585"", ""101683090"", ""172946257"", ""193992249"", ""153170090"", ""191583920"", ""135449802""]"
none_subset,4,168169889,78642212,37,478,0,0,0,0,0,0,"[""161194648"", ""103432765"", ""116929460"", ""151617295"", ""183797214"", ""76993042"", ""184899990"", ""207755116"", ""126447640"", ""169799464""]"
none_subset,4,162364932,106343634,43,2270,0,0,0,0,0,0,"[""141669650"", ""155678818"", ""75839769"", ""106069814"", ""67021588"", ""157711341"", ""4674477"", ""188810945"", ""75839915"", ""188468452""]"
none_subset,4,218839915,202818209,4,1389,0,0,0,0,0,0,"[""169697872"", ""154267881"", ""150204940"", ""126576121"", ""180266107"", ""202002064"", ""98834359"", ""180063242"", ""53962226"", ""146961197""]"
none_subset,4,135611244,108051613,64,371,0,0,0,0,0,0,"[""145970325"", ""131215451"", ""168897618"", ""104470943"", ""204286460"", ""160006498"", ""155578463"", ""194756089"", ""165423791"", ""114231099""]"
none_subset,4,174172764,143139548,62,547,0,0,0,0,0,0,"[""182479029"", ""214110785"", ""125457528"", ""177494592"", ""72763415"", ""95641166"", ""66046777"", ""56951341"", ""77400137"", ""180366851""]"
none_subset,4,193288803,165910240,4,1122,0,0,0,0,0,0,"[""183433217"", ""146649572"", ""200344150"", ""142381741"", ""151451581"", ""190503853"", ""195973920"", ""190079873"", ""207143420"", ""73205799""]"
none_subset,4,181708531,150920816,4,17,0,0,0,0,1,1,"[""195751544"", ""130299986"", ""199921056"", ""185880119"", ""153991203"", ""196849929"", ""192424356"", ""202362364"", ""195078992"", ""194142299""]"
none_subset,4,225333666,108214208,46,1246,0,0,0,0,0,0,"[""158946684"", ""192342929"", ""172518234"", ""139649558"", ""201215254"", ""113999669"", ""193559506"", ""129089284"", ""132605956"", ""155017018""]"
none_subset,4,207589915,183295863,43,22,0,0,0,0,1,1,"[""205605896"", ""141417624"", ""147117418"", ""188398971"", ""186403472"", ""78516965"", ""207753535"", ""213210833"", ""197607286"", ""87001748""]"
none_subset,4,175289913,145402193,62,398,0,0,0,0,0,0,"[""106557292"", ""123665712"", ""110202670"", ""63080448"", ""210678182"", ""141754702"", ""191059034"", ""152815967"", ""165049336"", ""146789147""]"
none_subset,4,221725055,204086663,4,92,0,0,0,0,0,0,"[""215580451"", ""207985124"", ""208424495"", ""168959530"", ""185133383"", ""171567687"", ""187535990"", ""201461303"", ""186392648"", ""204202021""]"
none_subset,4,140509426,123537400,43,411,0,0,0,0,0,0,"[""171866283"", ""184705867"", ""189841221"", ""197902347"", ""192268643"", ""55984729"", ""89041795"", ""115302143"", ""151416547"", ""207469777""]"
none_subset,4,143006205,121639115,38,1959,0,0,0,0,0,0,"[""182704194"", ""89552272"", ""98186259"", ""198984787"", ""122560021"", ""193252013"", ""142911344"", ""201030455"", ""194792335"", ""76978137""]"
none_subset,4,173539915,106919910,46,74,0,0,0,0,0,0,"[""213326669"", ""208458622"", ""207371225"", ""204919891"", ""181935054"", ""195661570"", ""159049004"", ""167800204"", ""210880528"", ""9347442""]"
none_subset,4,207681795,183858161,4,2513,0,0,0,0,0,0,"[""176599974"", ""158581056"", ""50750891"", ""207421525"", ""77682387"", ""153876637"", ""36482821"", ""186775950"", ""148649464"", ""161615770""]"
none_subset,4,84666016,79487599,38,505,0,0,0,0,0,0,"[""181391982"", ""111431777"", ""58573176"", ""48122067"", ""139117589"", ""201994268"", ""89552272"", ""198984787"", ""206277956"", ""170764066""]"
none_subset,4,218410318,198339576,57,41,0,0,0,0,0,1,"[""172564451"", ""189624094"", ""203365566"", ""211114221"", ""198700939"", ""182623124"", ""209164848"", ""189762370"", ""211954295"", ""57896054""]"
none_subset,4,222881169,211601112,43,1019,0,0,0,0,0,0,"[""27781370"", ""120188232"", ""194855616"", ""133220748"", ""126851290"", ""176978968"", ""96300750"", ""171665125"", ""166329703"", ""158425166""]"
none_subset,4,30460453,27886169,57,35,0,0,0,0,0,1,"[""201144087"", ""171903975"", ""180470536"", ""195854357"", ""180417908"", ""113082402"", ""157231058"", ""152187673"", ""144992451"", ""66374860""]"
none_subset,4,209663181,187096708,4,824,0,0,0,0,0,0,"[""188602972"", ""194022328"", ""183690665"", ""193843184"", ""183750892"", ""203542152"", ""203631314"", ""201454668"", ""184022783"", ""201461303""]"
none_subset,4,174792946,141087005,38,1307,0,0,0,0,0,0,"[""64731721"", ""168166428"", ""147242050"", ""145798245"", ""196742641"", ""145782832"", ""205051314"", ""69722104"", ""118659816"", ""209330718""]"
none_subset,4,224895620,212906250,62,828,0,0,0,0,0,0,"[""180167452"", ""194230029"", ""79175068"", ""58086605"", ""206707770"", ""207078341"", ""209579537"", ""128732740"", ""156239354"", ""128533237""]"
none_subset,4,213176528,193006708,62,15,0,0,0,0,1,1,"[""191211417"", ""124000667"", ""179064472"", ""185606507"", ""211070786"", ""161652558"", ""179248067"", ""194473155"", ""164876968"", ""194327884""]"
none_subset,4,206562248,180936569,4,1273,0,0,0,0,0,0,"[""160129846"", ""73825216"", ""189901460"", ""153928357"", ""178139392"", ""160260159"", ""117471262"", ""193729388"", ""192331154"", ""202571906""]"
none_subset,4,66843934,72626014,4,32,0,0,0,0,0,1,"[""144513042"", ""44842674"", ""177466971"", ""77968334"", ""194377968"", ""117660981"", ""70921117"", ""56134226"", ""99472535"", ""194338856""]"
none_subset,4,60088613,61834333,62,278,0,0,0,0,0,0,"[""72763415"", ""125457528"", ""70069885"", ""190955120"", ""137665706"", ""180001774"", ""124381580"", ""141274480"", ""173383036"", ""182479029""]"
none_subset,4,124442497,98571285,64,96,0,0,0,0,0,0,"[""159354842"", ""68788331"", ""152212755"", ""150390573"", ""193870914"", ""110653495"", ""70397289"", ""188536293"", ""130210660"", ""186761660""]"
none_subset,4,190839371,155360700,64,52,0,0,0,0,0,0,"[""80098795"", ""90897593"", ""186122058"", ""97428675"", ""147984435"", ""46094230"", ""187708913"", ""186850320"", ""193984019"", ""125457410""]"
none_subset,4,218856479,201961238,46,435,0,0,0,0,0,0,"[""180613841"", ""162020306"", ""191070592"", ""205635929"", ""206995470"", ""89473970"", ""187714756"", ""177423877"", ""182222562"", ""130827615""]"
none_subset,4,222643927,200883540,43,151,0,0,0,0,0,0,"[""201230840"", ""104021362"", ""122714725"", ""191423965"", ""186513838"", ""177166442"", ""143671449"", ""118390825"", ""192741559"", ""213093649""]"
none_subset,4,62668453,43248546,62,214,0,0,0,0,0,0,"[""195015114"", ""158763261"", ""192396971"", ""175893857"", ""212334345"", ""109143906"", ""167750533"", ""25260455"", ""125457528"", ""57861067""]"
none_subset,4,184230274,151064154,64,658,0,0,0,0,0,0,"[""46094230"", ""80281524"", ""186122058"", ""25588585"", ""159020740"", ""168668432"", ""167158322"", ""60032340"", ""147667682"", ""187708913""]"
none_subset,4,170473770,142088856,57,2357,0,0,0,0,0,0,"[""215562071"", ""213078674"", ""167879790"", ""195891035"", ""175969122"", ""124368240"", ""113764919"", ""212867260"", ""208750964"", ""121740705""]"
none_subset,4,203340424,150950507,37,3,0,1,1,1,1,1,"[""205328844"", ""51749408"", ""150950507"", ""143865659"", ""121834730"", ""201505284"", ""74069259"", ""166930108"", ""172603509"", ""147309436""]"
none_subset,4,199389071,163402666,43,313,0,0,0,0,0,0,"[""213210833"", ""121864251"", ""122820009"", ""198166094"", ""126470047"", ""210534170"", ""75083855"", ""194500859"", ""147117418"", ""206569394""]"
none_subset,4,220589904,125083388,57,639,0,0,0,0,0,0,"[""40488723"", ""121902729"", ""160823099"", ""139191535"", ""84818159"", ""36692830"", ""103801352"", ""47987945"", ""110871984"", ""110548220""]"
none_subset,4,151568193,130806896,37,256,0,0,0,0,0,0,"[""207913496"", ""140706897"", ""157139216"", ""173499684"", ""201603265"", ""184272506"", ""157270034"", ""84416822"", ""200431334"", ""204790995""]"
none_subset,4,136989307,110288630,43,732,0,0,0,0,0,0,"[""126702260"", ""78271168"", ""159960194"", ""135474915"", ""192574680"", ""192784424"", ""4674477"", ""99992649"", ""138958806"", ""100333045""]"
none_subset,4,218056967,199424998,57,147,0,0,0,0,0,0,"[""200193952"", ""202655316"", ""193981972"", ""155345748"", ""202223376"", ""175665700"", ""210472458"", ""210580310"", ""209640231"", ""211301569""]"
none_subset,4,172591982,132868443,64,234,0,0,0,0,0,0,"[""142119938"", ""182762792"", ""32252174"", ""122391520"", ""108096010"", ""155183786"", ""73923102"", ""179521185"", ""143686140"", ""67998486""]"
none_subset,4,201836453,172313882,57,235,0,0,0,0,0,0,"[""179056181"", ""14421433"", ""112463102"", ""140520673"", ""174340588"", ""177431158"", ""81688422"", ""170381290"", ""176076288"", ""171077145""]"
none_subset,4,68003263,73501307,62,270,0,0,0,0,0,0,"[""106557292"", ""94546694"", ""97195771"", ""152815967"", ""110202670"", ""123665712"", ""10132068"", ""50662129"", ""82871684"", ""57745589""]"
none_subset,4,211109558,184383180,43,273,0,0,0,0,0,0,"[""163286400"", ""149017403"", ""204821849"", ""178871976"", ""157682449"", ""207051663"", ""113535350"", ""139391726"", ""180180313"", ""75960684""]"
none_subset,4,212622062,147554849,64,95,0,0,0,0,0,0,"[""188442124"", ""160006498"", ""84069250"", ""114231099"", ""162686675"", ""128617251"", ""179277239"", ""204286460"", ""155116255"", ""152209904""]"
none_subset,4,222260160,180280221,57,62,0,0,0,0,0,0,"[""210193690"", ""195410736"", ""180952132"", ""210840925"", ""211475673"", ""128778844"", ""210160297"", ""204395145"", ""79527310"", ""209801964""]"
none_subset,4,77174414,75061598,62,757,0,0,0,0,0,0,"[""140609707"", ""108092106"", ""25260455"", ""32645477"", ""194491562"", ""169543207"", ""167961448"", ""1975349"", ""211638809"", ""174160548""]"
none_subset,4,168909992,67839146,4,496,0,0,0,0,0,0,"[""200691824"", ""187230625"", ""197475541"", ""146628629"", ""190075149"", ""156661425"", ""207968393"", ""65093674"", ""87832508"", ""179962753""]"
none_subset,4,175122358,143506887,46,603,0,0,0,0,0,0,"[""208458622"", ""179440577"", ""210582711"", ""211987120"", ""215428176"", ""204919891"", ""208503568"", ""204484014"", ""212013801"", ""210667015""]"
none_subset,4,189874544,159723912,38,878,0,0,0,0,0,0,"[""161128754"", ""134912948"", ""193054363"", ""148079431"", ""116918686"", ""156263699"", ""120710504"", ""203967736"", ""182664472"", ""96678496""]"
none_subset,4,171071618,129522432,46,1516,0,0,0,0,0,0,"[""127761298"", ""140861260"", ""116259633"", ""154821670"", ""199954459"", ""163780128"", ""130514762"", ""99580799"", ""105678196"", ""172785490""]"
none_subset,4,191924106,157289534,43,40,0,0,0,0,0,1,"[""127321663"", ""18269900"", ""214285576"", ""186549940"", ""207021897"", ""188561727"", ""5568612"", ""114163759"", ""44768555"", ""197607322""]"
none_subset,4,206362413,172681042,46,1582,0,0,0,0,0,0,"[""167776566"", ""211267103"", ""108479850"", ""210288248"", ""87748960"", ""209279100"", ""118474813"", ""183034895"", ""205769669"", ""204367824""]"
none_subset,4,201633160,161849641,43,27,0,0,0,0,1,1,"[""151666642"", ""203668670"", ""148801479"", ""78183771"", ""180648286"", ""54786988"", ""82996098"", ""139572029"", ""50642607"", ""89360655""]"
none_subset,4,95542639,84315130,64,272,0,0,0,0,0,0,"[""203544848"", ""80281524"", ""201421429"", ""159020740"", ""183213131"", ""128617251"", ""188599489"", ""79234720"", ""190543618"", ""147554849""]"
none_subset,4,214369799,195227005,64,540,0,0,0,0,0,0,"[""143686140"", ""67792301"", ""189988059"", ""194651505"", ""111626622"", ""113436023"", ""73923102"", ""124461680"", ""70627695"", ""151140876""]"
none_subset,4,174471635,145768091,38,259,0,0,0,0,0,0,"[""127539785"", ""110664117"", ""209347465"", ""191338884"", ""213205324"", ""153387624"", ""154112907"", ""189593063"", ""130075591"", ""149343290""]"
none_subset,4,135257569,112322089,43,10,0,0,0,1,1,1,"[""163505137"", ""86466727"", ""173923821"", ""209858049"", ""105076717"", ""124643121"", ""186098084"", ""183255762"", ""142274306"", ""112322089""]"
none_subset,4,130636449,114160813,4,486,0,0,0,0,0,0,"[""27693819"", ""182581077"", ""209124215"", ""181054833"", ""207097865"", ""78155271"", ""197090565"", ""190777127"", ""151978785"", ""146781680""]"
none_subset,4,15177212,7603895,38,1658,0,0,0,0,0,0,"[""136204876"", ""89532322"", ""171588996"", ""203702170"", ""158101671"", ""55870666"", ""151607631"", ""148419997"", ""192191594"", ""185164362""]"
none_subset,4,52603642,31883136,4,260,0,0,0,0,0,0,"[""158097383"", ""88932849"", ""181278700"", ""157040034"", ""155811314"", ""191461282"", ""141212383"", ""152542463"", ""149247164"", ""52380679""]"
none_subset,4,181183071,145455711,62,2095,0,0,0,0,0,0,"[""208335318"", ""172331495"", ""20863003"", ""57612738"", ""199527738"", ""58593242"", ""156487231"", ""74242439"", ""52919918"", ""34043935""]"
none_subset,4,142920094,124997135,46,1530,0,0,0,0,0,0,"[""187714756"", ""82040536"", ""148352358"", ""180613841"", ""194795218"", ""159384368"", ""120543738"", ""197859726"", ""165636439"", ""158174177""]"
none_subset,4,221966322,210148578,57,1,1,1,1,1,1,1,"[""210148578"", ""189624094"", ""210472448"", ""206066236"", ""209164848"", ""200031767"", ""188906002"", ""205792958"", ""209393238"", ""167483506""]"
none_subset,4,210311625,188128198,64,67,0,0,0,0,0,0,"[""181619566"", ""56995363"", ""194941994"", ""187708913"", ""146444401"", ""90897593"", ""147984435"", ""128607088"", ""60032340"", ""115621700""]"
none_subset,4,208642516,181658560,4,362,0,0,0,0,0,0,"[""117471262"", ""190161584"", ""153928357"", ""160129846"", ""181099732"", ""190789377"", ""178139392"", ""186930348"", ""191462142"", ""191909632""]"
none_subset,4,210355887,159111889,4,42,0,0,0,0,0,1,"[""139852579"", ""191214295"", ""138975756"", ""120663751"", ""150679730"", ""200963901"", ""181715447"", ""12396291"", ""191695909"", ""162058011""]"
none_subset,4,195643138,153364732,38,2122,0,0,0,0,0,0,"[""139423553"", ""149292121"", ""156645031"", ""183401482"", ""196852571"", ""151407481"", ""128168264"", ""158650746"", ""139135653"", ""104506104""]"
none_subset,4,218562162,203803641,37,268,0,0,0,0,0,0,"[""201649016"", ""193730114"", ""123971162"", ""206302770"", ""202227327"", ""192456013"", ""187299907"", ""186811713"", ""195908286"", ""209154292""]"
none_subset,4,193209414,150433252,37,683,0,0,0,0,0,0,"[""17206468"", ""125097939"", ""159574917"", ""186429778"", ""84416822"", ""190113798"", ""163424021"", ""63368910"", ""117257931"", ""144899760""]"
none_subset,4,215148607,192456013,37,25,0,0,0,0,1,1,"[""191538851"", ""201649016"", ""186811713"", ""193730114"", ""190070434"", ""199287233"", ""208532302"", ""195296935"", ""213637743"", ""211802210""]"
none_subset,4,82009373,82732179,38,164,0,0,0,0,0,0,"[""171072811"", ""74153327"", ""152299073"", ""165078139"", ""171338645"", ""128745438"", ""52880307"", ""170764066"", ""32618433"", ""79223397""]"
none_subset,4,225168942,203537664,4,1,1,1,1,1,1,1,"[""203537664"", ""168012970"", ""17083624"", ""184090522"", ""130751930"", ""105240256"", ""182903930"", ""211027940"", ""78836369"", ""206289183""]"
none_subset,4,110842833,100829470,64,368,0,0,0,0,0,0,"[""209726301"", ""193656471"", ""191930990"", ""193738837"", ""166840834"", ""160675869"", ""191790077"", ""128617251"", ""206276658"", ""150442809""]"
none_subset,4,201091097,171087357,38,186,0,0,0,0,0,0,"[""145871617"", ""117957932"", ""112389064"", ""149562058"", ""114055239"", ""112658377"", ""158118726"", ""147913145"", ""130421231"", ""139494203""]"
none_subset,4,180275335,126534292,43,1477,0,0,0,0,0,0,"[""197580291"", ""188409353"", ""192287850"", ""148142665"", ""200253605"", ""175879766"", ""211884232"", ""190076056"", ""93370908"", ""196197826""]"
none_subset,4,207552622,183766098,43,171,0,0,0,0,0,0,"[""188577365"", ""201905433"", ""195756368"", ""192493949"", ""210561607"", ""196286515"", ""184056715"", ""201535486"", ""100704615"", ""200883540""]"
none_subset,4,215096062,194235169,57,72,0,0,0,0,0,0,"[""159881542"", ""143771323"", ""120012296"", ""135635917"", ""163266264"", ""164678159"", ""111600891"", ""110518281"", ""201287535"", ""202980559""]"
none_subset,4,212439645,206673825,46,147,0,0,0,0,0,0,"[""126063597"", ""172696525"", ""99580799"", ""162507293"", ""81506359"", ""137046920"", ""163043438"", ""199954459"", ""89165049"", ""105678196""]"
none_subset,4,221703068,173447641,64,15,0,0,0,0,1,1,"[""200974603"", ""211171973"", ""169353292"", ""201240967"", ""209768449"", ""171898096"", ""199877052"", ""211309611"", ""167849719"", ""209697377""]"
none_subset,4,176526310,143605523,57,109,0,0,0,0,0,0,"[""125339147"", ""200450069"", ""122408162"", ""113539802"", ""86771304"", ""204417143"", ""52958427"", ""95852954"", ""128512946"", ""99300303""]"
none_subset,4,189188950,160181087,37,1422,0,0,0,0,0,0,"[""143946320"", ""148592059"", ""121116115"", ""192387012"", ""23924949"", ""126554078"", ""171828064"", ""192597928"", ""169268977"", ""84948088""]"
none_subset,4,225328238,214733871,4,984,0,0,0,0,0,0,"[""173611156"", ""188882555"", ""88932849"", ""146357422"", ""105240256"", ""75870943"", ""190229699"", ""164571288"", ""200030203"", ""188077197""]"
none_subset,4,168011617,139490116,43,2493,0,0,0,0,0,0,"[""193313194"", ""210940174"", ""196291255"", ""143989763"", ""132793063"", ""164870997"", ""118255723"", ""167043645"", ""129483238"", ""151416547""]"
none_subset,4,215899991,168105869,38,615,0,0,0,0,0,0,"[""188963004"", ""105651656"", ""154107984"", ""100758724"", ""154880168"", ""126393314"", ""151307252"", ""151483185"", ""35304652"", ""155332547""]"
none_subset,4,187060472,118284407,64,14,0,0,0,0,1,1,"[""204824313"", ""179201033"", ""194094670"", ""149715107"", ""138800320"", ""105267083"", ""109321941"", ""60032340"", ""62550428"", ""156885595""]"
none_subset,4,199521963,173374144,4,927,0,0,0,0,0,0,"[""23408401"", ""209607188"", ""142553971"", ""76515539"", ""190621677"", ""86878993"", ""213275113"", ""98076075"", ""129435163"", ""177531279""]"
none_subset,4,141423267,120893128,37,4,0,0,1,1,1,1,"[""161632409"", ""189381669"", ""149498553"", ""120893128"", ""29496516"", ""66740441"", ""58893791"", ""183023489"", ""105970731"", ""5322119""]"
none_subset,4,190661639,163146833,37,608,0,0,0,0,0,0,"[""210502009"", ""159707679"", ""99494874"", ""153136383"", ""148515955"", ""187423310"", ""123163900"", ""183552543"", ""127087324"", ""113148033""]"
none_subset,4,181361798,143875665,43,274,0,0,0,0,0,0,"[""201736764"", ""213956523"", ""144751910"", ""76057400"", ""203849841"", ""171126734"", ""192428087"", ""171948652"", ""197252415"", ""140709670""]"
none_subset,4,224077867,206921287,46,1456,0,0,0,0,0,0,"[""205184298"", ""202027223"", ""202553191"", ""174610357"", ""213503390"", ""161007649"", ""181731983"", ""205284050"", ""162441399"", ""136320022""]"
none_subset,4,152683770,127047625,43,719,0,0,0,0,0,0,"[""4674477"", ""87877269"", ""101275830"", ""56084025"", ""201092460"", ""51516713"", ""63103166"", ""167369551"", ""68189198"", ""181162961""]"
none_subset,4,216016642,170416318,64,348,0,0,0,0,0,0,"[""183563770"", ""74256345"", ""190078570"", ""168897618"", ""193757766"", ""145970325"", ""188881879"", ""54856875"", ""1943884"", ""62091212""]"
none_subset,4,60102779,64725135,62,155,0,0,0,0,0,0,"[""145492438"", ""147831197"", ""70069885"", ""45997741"", ""4357432"", ""114526627"", ""212966939"", ""214173290"", ""81266882"", ""187207232""]"
none_subset,4,213455053,190308923,64,1721,0,0,0,0,0,0,"[""122395189"", ""193870914"", ""116370931"", ""191305321"", ""143686140"", ""138322181"", ""203509707"", ""129130295"", ""209176271"", ""209791442""]"
none_subset,4,192031219,143134097,37,1727,0,0,0,0,0,0,"[""153610553"", ""146869816"", ""198314449"", ""144537637"", ""154120842"", ""202857509"", ""156898538"", ""192414071"", ""145502443"", ""155788179""]"
none_subset,4,222675305,211141745,46,16,0,0,0,0,1,1,"[""210856802"", ""209482743"", ""171636556"", ""201436985"", ""207227762"", ""210498678"", ""100881714"", ""212261718"", ""212730825"", ""204219042""]"
none_subset,4,223970896,201593808,46,64,0,0,0,0,0,0,"[""195661570"", ""209175470"", ""173106990"", ""154163322"", ""116838538"", ""162783785"", ""130390168"", ""207173393"", ""113117731"", ""165636439""]"
none_subset,4,191904523,87987044,43,363,0,0,0,0,0,0,"[""160058303"", ""164285938"", ""177067604"", ""136644867"", ""198313310"", ""203338637"", ""123633665"", ""170053319"", ""202567733"", ""210570556""]"
none_subset,4,220147780,204264183,43,1,1,1,1,1,1,1,"[""204264183"", ""205346867"", ""199822165"", ""205021454"", ""166301530"", ""132072123"", ""176520859"", ""145672403"", ""204018856"", ""52880574""]"
none_subset,4,207294174,124648849,64,580,0,0,0,0,0,0,"[""151526168"", ""71813245"", ""161612772"", ""208220087"", ""68685146"", ""79071973"", ""196347311"", ""191437806"", ""213362681"", ""67677743""]"
none_subset,4,61090990,64528586,38,412,0,0,0,0,0,0,"[""215127574"", ""211427284"", ""168008625"", ""186533660"", ""156904280"", ""195156235"", ""165798838"", ""149389681"", ""111639650"", ""157714512""]"
none_subset,4,222031920,210169790,4,4,0,0,1,1,1,1,"[""51992415"", ""164949793"", ""166377219"", ""210169790"", ""90951087"", ""75386523"", ""131039184"", ""203890372"", ""185556523"", ""210517999""]"
none_subset,4,200281730,146978431,43,10,0,0,0,1,1,1,"[""66867545"", ""179105716"", ""182870508"", ""197607286"", ""120122284"", ""67063550"", ""197613208"", ""100215754"", ""159786759"", ""146978431""]"
none_subset,4,188545297,159881542,57,1,1,1,1,1,1,1,"[""159881542"", ""109349817"", ""27828345"", ""114114026"", ""192963179"", ""117615208"", ""46589694"", ""83458535"", ""37599926"", ""41397459""]"
none_subset,4,225336220,213493571,37,1039,0,0,0,0,0,0,"[""158117230"", ""188967908"", ""201751423"", ""126554078"", ""152762226"", ""156094427"", ""120893128"", ""42842956"", ""147816478"", ""180932797""]"
none_subset,4,222464033,209731990,57,55,0,0,0,0,0,0,"[""209726587"", ""205233758"", ""210472458"", ""173797071"", ""201084593"", ""203550692"", ""52498980"", ""206821512"", ""209066709"", ""84950444""]"
none_subset,4,173202397,143762098,4,227,0,0,0,0,0,0,"[""196176687"", ""125829483"", ""160037231"", ""183692559"", ""154727199"", ""157710674"", ""133977293"", ""43073275"", ""152566280"", ""184232332""]"
none_subset,4,200110560,139423553,38,1399,0,0,0,0,0,0,"[""165955684"", ""179244626"", ""176883176"", ""140979774"", ""185682289"", ""151607631"", ""98477697"", ""138465835"", ""133939663"", ""38003672""]"
none_subset,4,222576969,205486444,4,76,0,0,0,0,0,0,"[""201066059"", ""203466268"", ""184322806"", ""211858811"", ""198087841"", ""212682868"", ""215237393"", ""210550451"", ""188406861"", ""213229652""]"
none_subset,4,201861045,163827058,43,298,0,0,0,0,0,0,"[""144482097"", ""70425482"", ""151416547"", ""199268133"", ""213210833"", ""50642607"", ""136615619"", ""75462011"", ""113309612"", ""144463129""]"
none_subset,4,143066951,123461456,4,354,0,0,0,0,0,0,"[""143852845"", ""143548483"", ""103497899"", ""116662369"", ""191695096"", ""144264277"", ""117771611"", ""201582207"", ""93696567"", ""177849963""]"
none_subset,4,222295119,210698206,46,67,0,0,0,0,0,0,"[""139629122"", ""83762138"", ""170637462"", ""138254448"", ""139114542"", ""160007768"", ""77329979"", ""108479850"", ""144032873"", ""162796958""]"
none_subset,4,127107551,81216321,46,78,0,0,0,0,0,0,"[""213234426"", ""81754384"", ""108645014"", ""153467283"", ""79694314"", ""138254448"", ""207308677"", ""109790613"", ""52432861"", ""214169191""]"
none_subset,4,206629394,181731983,46,15,0,0,0,0,1,1,"[""170987455"", ""162441399"", ""174610357"", ""208956852"", ""161007649"", ""211028341"", ""109632736"", ""78566379"", ""205100337"", ""109531052""]"
none_subset,4,217316035,201461478,37,821,0,0,0,0,0,0,"[""210226726"", ""82620936"", ""205300777"", ""116930061"", ""210502009"", ""194374377"", ""201576605"", ""201649016"", ""113148033"", ""196862128""]"
none_subset,4,184697794,156295124,37,1027,0,0,0,0,0,0,"[""212047029"", ""170049514"", ""166075041"", ""146818815"", ""153205116"", ""103057199"", ""121116115"", ""188679659"", ""134610044"", ""119637829""]"
none_subset,4,217902820,202548043,64,227,0,0,0,0,0,0,"[""211959757"", ""121322111"", ""211882934"", ""166840834"", ""199310873"", ""192550031"", ""129288036"", ""200505701"", ""187029541"", ""194031832""]"
none_subset,4,186431322,155610275,46,26,0,0,0,0,1,1,"[""214989922"", ""170915583"", ""155017018"", ""202512541"", ""213559309"", ""74187345"", ""193559506"", ""193636178"", ""126929494"", ""102083948""]"
none_subset,4,224935909,46549636,38,272,0,0,0,0,0,0,"[""186767110"", ""98526198"", ""46449031"", ""192587307"", ""177165475"", ""44097793"", ""188214883"", ""23348079"", ""182372767"", ""177027866""]"
none_subset,4,184281490,155589050,38,277,0,0,0,0,0,0,"[""139494203"", ""120618466"", ""123220669"", ""163524272"", ""111085092"", ""158118726"", ""151180760"", ""141000837"", ""161495460"", ""140030159""]"
none_subset,4,223929742,213067554,37,23,0,0,0,0,1,1,"[""180787570"", ""172689752"", ""199287233"", ""134528240"", ""206302770"", ""190070434"", ""192410378"", ""202101807"", ""206299844"", ""209349722""]"
none_subset,4,224919001,83383823,43,196,0,0,0,0,0,0,"[""66867545"", ""67063550"", ""48032933"", ""182870508"", ""138106208"", ""121261536"", ""196562630"", ""188579852"", ""197607286"", ""163900593""]"
none_subset,4,118506459,105678196,46,1963,0,0,0,0,0,0,"[""208811097"", ""134541468"", ""168366663"", ""187714756"", ""57427713"", ""203171500"", ""162264344"", ""77527113"", ""179384818"", ""79166546""]"
none_subset,4,222787137,211475169,37,121,0,0,0,0,0,0,"[""213318077"", ""107367982"", ""208864789"", ""171761243"", ""188730030"", ""175294487"", ""215506448"", ""204167684"", ""123971162"", ""202328948""]"
none_subset,4,213433089,192191594,38,161,0,0,0,0,0,0,"[""161064776"", ""67086891"", ""172110259"", ""11921513"", ""192884067"", ""113456040"", ""128022775"", ""145998937"", ""160303868"", ""105898974""]"
none_subset,4,220446731,198850848,46,34,0,0,0,0,0,1,"[""77408378"", ""200878445"", ""174586724"", ""204627117"", ""86091554"", ""187611963"", ""194951479"", ""156489567"", ""204026475"", ""202480156""]"
none_subset,4,209401024,136186158,37,1,1,1,1,1,1,1,"[""136186158"", ""150316929"", ""202157886"", ""142113211"", ""143065905"", ""171803364"", ""177317879"", ""188646002"", ""201258368"", ""169799265""]"
none_subset,4,108059103,96678496,38,154,0,0,0,0,0,0,"[""122139403"", ""12850729"", ""126884451"", ""161290599"", ""184915247"", ""12905940"", ""149982401"", ""128022852"", ""52512643"", ""66001771""]"
none_subset,4,83516850,73863273,38,967,0,0,0,0,0,0,"[""184519031"", ""188963004"", ""124508627"", ""8550716"", ""23348079"", ""176574849"", ""192463786"", ""143150197"", ""35304652"", ""128022767""]"
none_subset,4,224702986,214641639,4,61,0,0,0,0,0,0,"[""214275181"", ""215580343"", ""207985124"", ""212682868"", ""206285188"", ""205463044"", ""181079699"", ""210871478"", ""211570817"", ""212316416""]"
none_subset,4,155484371,129167787,64,351,0,0,0,0,0,0,"[""131215451"", ""61063233"", ""149002642"", ""63926364"", ""193888657"", ""196328856"", ""191629980"", ""79233838"", ""121824532"", ""138322181""]"
none_subset,4,220720641,179105589,62,1232,0,0,0,0,0,0,"[""195510107"", ""67539912"", ""124884051"", ""159227409"", ""210543459"", ""159161171"", ""207232907"", ""212906250"", ""105231780"", ""125567188""]"
none_subset,4,222632500,208037651,37,2195,0,0,0,0,0,0,"[""76963567"", ""201740861"", ""180221400"", ""142665464"", ""186828726"", ""208174544"", ""101004970"", ""196959829"", ""192617496"", ""189624198""]"
none_subset,4,223968502,210489322,62,35,0,0,0,0,0,1,"[""211070786"", ""204577887"", ""172997177"", ""212412503"", ""206841068"", ""200033285"", ""141693897"", ""197247155"", ""192447937"", ""185606507""]"
none_subset,4,98995962,88914492,37,2340,0,0,0,0,0,0,"[""57231571"", ""150887352"", ""24464195"", ""202222440"", ""173034966"", ""126574209"", ""139391729"", ""143825144"", ""21114364"", ""115215869""]"
none_subset,4,62872358,68354175,37,116,0,0,0,0,0,0,"[""101192063"", ""142665464"", ""150433252"", ""157674411"", ""102688777"", ""195054374"", ""161680150"", ""120147293"", ""156046454"", ""139391729""]"
none_subset,4,219731644,201910129,43,225,0,0,0,0,0,0,"[""189168111"", ""200611512"", ""188378226"", ""212188315"", ""196161702"", ""192319538"", ""136136174"", ""185108178"", ""211667378"", ""182399428""]"
none_subset,4,217607857,172851480,46,115,0,0,0,0,0,0,"[""144964708"", ""206995470"", ""78094109"", ""180829317"", ""132867538"", ""203778148"", ""79166546"", ""182136657"", ""78516486"", ""210468796""]"
none_subset,4,178761303,138296370,43,198,0,0,0,0,0,0,"[""46154800"", ""188032543"", ""144761192"", ""199412521"", ""140307868"", ""133220748"", ""80700126"", ""106212567"", ""120188232"", ""89731710""]"
none_subset,4,225101426,214129979,37,1581,0,0,0,0,0,0,"[""207956028"", ""212715570"", ""207035998"", ""214087269"", ""202781695"", ""210082244"", ""205773422"", ""203721801"", ""172288418"", ""211519251""]"
none_subset,4,166732634,138803213,64,157,0,0,0,0,0,0,"[""156885595"", ""202234647"", ""212527990"", ""194131488"", ""161963780"", ""204189526"", ""167980707"", ""192237530"", ""157122738"", ""203895694""]"
none_subset,4,193972506,175993606,43,1067,0,0,0,0,0,0,"[""191248601"", ""195408710"", ""153840249"", ""209546973"", ""111684767"", ""148264493"", ""128872941"", ""119675310"", ""204449585"", ""127254122""]"
none_subset,4,219517654,205395738,46,1510,0,0,0,0,0,0,"[""179347666"", ""214351472"", ""110716703"", ""168398292"", ""187734223"", ""208605842"", ""76020654"", ""136586472"", ""116218020"", ""129240074""]"
none_subset,4,222394753,82751027,64,2434,0,0,0,0,0,0,"[""166840834"", ""207152337"", ""151526168"", ""212264146"", ""106833257"", ""202708847"", ""156759658"", ""166141828"", ""85880294"", ""118169055""]"
none_subset,4,178708960,618472,4,154,0,0,0,0,0,0,"[""120663751"", ""12396291"", ""138975756"", ""50883863"", ""75828042"", ""156469871"", ""149599673"", ""98076075"", ""173965616"", ""93696567""]"
none_subset,4,221937448,208605842,46,4,0,0,1,1,1,1,"[""168398292"", ""188865413"", ""182764303"", ""208605842"", ""214351472"", ""179347666"", ""129240074"", ""179861117"", ""209980383"", ""155260589""]"
none_subset,4,59681831,65390256,37,1236,0,0,0,0,0,0,"[""142113211"", ""140618489"", ""28242894"", ""173621712"", ""70970519"", ""210587193"", ""148551230"", ""153551614"", ""188646002"", ""174850296""]"
none_subset,4,216161063,199021905,4,69,0,0,0,0,0,0,"[""196161368"", ""145435299"", ""213127345"", ""152685161"", ""180843726"", ""207143420"", ""65093674"", ""119654700"", ""198615413"", ""210643102""]"
none_subset,4,141503276,124722032,38,1300,0,0,0,0,0,0,"[""181227444"", ""121639115"", ""23348079"", ""8550716"", ""121564255"", ""47681542"", ""123190192"", ""128022767"", ""57745679"", ""92183743""]"
none_subset,4,200818359,153477691,46,109,0,0,0,0,0,0,"[""53849507"", ""194301324"", ""183767116"", ""99309357"", ""78524182"", ""165636439"", ""154698834"", ""164400164"", ""78004872"", ""129427678""]"
none_subset,4,188197866,159649299,4,231,0,0,0,0,0,0,"[""143852845"", ""121025812"", ""186220965"", ""119654700"", ""152685161"", ""183725729"", ""156471159"", ""150107268"", ""116662369"", ""154203183""]"
none_subset,4,213366824,193025476,57,61,0,0,0,0,0,0,"[""152187673"", ""149427907"", ""214125411"", ""50936577"", ""72917901"", ""200450069"", ""157953377"", ""202725978"", ""205371893"", ""177626941""]"
none_subset,4,221913179,203738355,4,11,0,0,0,0,1,1,"[""203537664"", ""214480072"", ""208445219"", ""212806729"", ""211027940"", ""199751511"", ""158205918"", ""138230611"", ""207568797"", ""140209528""]"
none_subset,4,203066647,173799041,46,9,0,0,0,1,1,1,"[""171801408"", ""190115727"", ""182764303"", ""201991995"", ""184357726"", ""209980383"", ""135571245"", ""113000796"", ""173799041"", ""209447630""]"
none_subset,4,224558267,213573078,4,178,0,0,0,0,0,0,"[""210643102"", ""211385428"", ""191147915"", ""145435299"", ""198615413"", ""193871241"", ""213127345"", ""194722275"", ""196161368"", ""180843726""]"
none_subset,4,191575863,163533043,38,2344,0,0,0,0,0,0,"[""149343290"", ""155138201"", ""172844872"", ""192992682"", ""153387624"", ""73613191"", ""157025597"", ""71896485"", ""209258995"", ""147263054""]"
none_subset,4,152866845,122408162,57,16,0,0,0,0,1,1,"[""184690297"", ""114861890"", ""58773802"", ""199101101"", ""125339147"", ""140413696"", ""85942447"", ""206552998"", ""136519761"", ""86264024""]"
none_subset,4,188395873,140840605,4,52,0,0,0,0,0,0,"[""171447530"", ""172852183"", ""201582207"", ""153991203"", ""156471159"", ""189645323"", ""136474102"", ""137001312"", ""147751136"", ""161159839""]"
none_subset,4,151503385,103784764,57,53,0,0,0,0,0,0,"[""211785457"", ""190635064"", ""197740362"", ""213401068"", ""138406659"", ""207070552"", ""201144087"", ""193517327"", ""131667486"", ""206545534""]"
none_subset,4,208927127,185848749,43,732,0,0,0,0,0,0,"[""75839769"", ""207597374"", ""146898856"", ""102691911"", ""73201099"", ""126121357"", ""140922487"", ""155678818"", ""113898093"", ""194217103""]"
none_subset,4,205461532,140573064,37,606,0,0,0,0,0,0,"[""43972733"", ""77395625"", ""159931342"", ""105071457"", ""213471023"", ""176184502"", ""153562476"", ""192554825"", ""157705941"", ""165920027""]"
none_subset,4,224112754,212305293,64,191,0,0,0,0,0,0,"[""193944748"", ""98740806"", ""214515601"", ""159988781"", ""100728693"", ""44115197"", ""69248477"", ""12225897"", ""96822403"", ""83890055""]"
none_subset,4,119398235,105775833,46,23,0,0,0,0,1,1,"[""201215254"", ""133674182"", ""107476988"", ""205586250"", ""129089284"", ""210962988"", ""140208813"", ""141876515"", ""194862890"", ""85427391""]"
none_subset,4,207366484,124198714,64,4,0,0,1,1,1,1,"[""16060214"", ""154897158"", ""105912376"", ""124198714"", ""116857348"", ""193072604"", ""158889653"", ""60114421"", ""63993803"", ""82429709""]"
none_subset,4,225109049,214562863,46,1031,0,0,0,0,0,0,"[""123341476"", ""194733810"", ""99228098"", ""206921287"", ""152114373"", ""134160126"", ""138179744"", ""128970500"", ""175344267"", ""168442343""]"
none_subset,4,220934470,174610207,62,535,0,0,0,0,0,0,"[""183670981"", ""122507339"", ""167732430"", ""211690905"", ""132110473"", ""73423883"", ""180292453"", ""189178547"", ""122004752"", ""144314189""]"
none_subset,4,185519268,155947615,37,1607,0,0,0,0,0,0,"[""153205005"", ""157140706"", ""182444653"", ""170879853"", ""110465452"", ""150438835"", ""182681465"", ""178462679"", ""128177539"", ""174852305""]"
none_subset,4,165565061,141108116,46,42,0,0,0,0,0,1,"[""199457581"", ""205368126"", ""161497124"", ""169165853"", ""160547557"", ""104127006"", ""209773758"", ""157752214"", ""179861117"", ""164665349""]"
none_subset,4,57082730,63027674,4,163,0,0,0,0,0,0,"[""117660981"", ""154359018"", ""195717749"", ""75263094"", ""149186815"", ""173965616"", ""157367139"", ""154444351"", ""156370579"", ""149909385""]"
none_subset,4,211683892,191211417,62,438,0,0,0,0,0,0,"[""194289010"", ""117006578"", ""145492438"", ""100460340"", ""62925716"", ""156503039"", ""162715321"", ""101066716"", ""187207232"", ""182866713""]"
none_subset,4,139717823,75771817,43,1014,0,0,0,0,0,0,"[""84802092"", ""112929002"", ""4674477"", ""75824520"", ""63099395"", ""192784424"", ""61372398"", ""143371562"", ""15015983"", ""68189198""]"
none_subset,4,210091083,187766426,43,68,0,0,0,0,0,0,"[""184091403"", ""188577365"", ""188582346"", ""197224556"", ""192493949"", ""209666551"", ""137241438"", ""194288073"", ""195756368"", ""146845623""]"
none_subset,4,215295632,194286674,64,124,0,0,0,0,0,0,"[""160006498"", ""135996572"", ""211228466"", ""187914316"", ""203217424"", ""151064154"", ""206213762"", ""191320922"", ""215021282"", ""133169923""]"
none_subset,4,220364834,206968122,43,143,0,0,0,0,0,0,"[""185851616"", ""196286515"", ""198087076"", ""180428174"", ""214348389"", ""183766098"", ""202632009"", ""197580291"", ""188577365"", ""201440672""]"
none_subset,4,219900526,180136836,64,1026,0,0,0,0,0,0,"[""181874277"", ""128304968"", ""81233438"", ""202169422"", ""76747946"", ""191606915"", ""143450620"", ""61171911"", ""139515295"", ""202552531""]"
none_subset,4,194649797,156951759,46,75,0,0,0,0,0,0,"[""113999669"", ""110900877"", ""139649558"", ""193559506"", ""158946684"", ""100503293"", ""74767597"", ""110268464"", ""160110731"", ""192342929""]"
none_subset,4,69538746,74156335,46,864,0,0,0,0,0,0,"[""161736013"", ""191705183"", ""197859726"", ""186116554"", ""204270051"", ""149733973"", ""99228098"", ""162224700"", ""109987121"", ""84576505""]"
none_subset,4,193132494,138376766,4,2258,0,0,0,0,0,0,"[""163859971"", ""193059683"", ""103984598"", ""190621677"", ""98076075"", ""18519591"", ""165023261"", ""28937335"", ""203419431"", ""46857523""]"
none_subset,4,225048593,215009156,4,338,0,0,0,0,0,0,"[""204256104"", ""213281189"", ""112914230"", ""210497898"", ""146144877"", ""205469263"", ""203962091"", ""201224926"", ""169841826"", ""169250822""]"
none_subset,4,129581033,114171070,37,201,0,0,0,0,0,0,"[""141241455"", ""213471023"", ""137062195"", ""146527115"", ""182387619"", ""98865638"", ""209543868"", ""182489418"", ""209118001"", ""214996997""]"
none_subset,4,218321305,201512197,46,115,0,0,0,0,0,0,"[""104767223"", ""109762523"", ""201405465"", ""96527698"", ""94769507"", ""114654675"", ""65618657"", ""204237929"", ""165803311"", ""159536710""]"
none_subset,4,206985091,171139802,46,245,0,0,0,0,0,0,"[""210667015"", ""175485760"", ""210373455"", ""212084332"", ""202864075"", ""213912195"", ""208874400"", ""207515067"", ""146947584"", ""209855151""]"
none_subset,4,221838599,209862942,43,35,0,0,0,0,0,1,"[""201213450"", ""210822887"", ""143484747"", ""168830681"", ""198078019"", ""202567733"", ""194022987"", ""160058303"", ""136773099"", ""186350594""]"
none_subset,4,200321888,151940220,43,27,0,0,0,0,1,1,"[""101683090"", ""56084025"", ""155678818"", ""4674477"", ""135449802"", ""54249020"", ""102607958"", ""135474915"", ""188810945"", ""162142216""]"
none_subset,4,215535939,188697817,57,38,0,0,0,0,0,1,"[""201185749"", ""172994991"", ""214160653"", ""210136489"", ""211902767"", ""213478012"", ""198700939"", ""201033205"", ""204720478"", ""193699814""]"
none_subset,4,207266546,153385111,43,1067,0,0,0,0,0,0,"[""166329703"", ""189165560"", ""156158793"", ""76860540"", ""96300750"", ""89809066"", ""164173391"", ""133582641"", ""171665125"", ""86931045""]"
none_subset,4,97952986,78148654,64,47,0,0,0,0,0,1,"[""194941994"", ""129093190"", ""208915255"", ""69248477"", ""173246608"", ""138016010"", ""127196288"", ""214336133"", ""62550428"", ""178000493""]"
none_subset,4,207322234,170790096,46,54,0,0,0,0,0,0,"[""143689220"", ""139912235"", ""59097004"", ""127547793"", ""209941947"", ""164205217"", ""156263625"", ""146029150"", ""88088262"", ""113055852""]"
none_subset,4,174006241,145006416,43,383,0,0,0,0,0,0,"[""207051663"", ""190069327"", ""149017403"", ""129262032"", ""204479993"", ""126937971"", ""167068838"", ""107227181"", ""75993405"", ""215014856""]"
none_subset,4,224882520,214818077,64,113,0,0,0,0,0,0,"[""74256345"", ""193757766"", ""105854775"", ""208465437"", ""154324585"", ""75157723"", ""81233351"", ""183563770"", ""179784406"", ""207726104""]"
none_subset,4,134515714,115022799,62,204,0,0,0,0,0,0,"[""127682307"", ""101101788"", ""130032376"", ""47074430"", ""178800390"", ""97811642"", ""102101017"", ""188241295"", ""158436111"", ""186145130""]"
none_subset,4,219832830,202547061,46,90,0,0,0,0,0,0,"[""203534611"", ""109531052"", ""201270244"", ""211028341"", ""174610357"", ""109632736"", ""203173810"", ""170987455"", ""167424905"", ""134232696""]"
none_subset,4,85335053,81210703,64,56,0,0,0,0,0,0,"[""60032340"", ""170931595"", ""126848368"", ""109707327"", ""181619566"", ""125561073"", ""138803213"", ""167679113"", ""201970343"", ""157803989""]"
none_subset,4,156462074,127285945,46,2566,0,0,0,0,0,0,"[""172385400"", ""208805613"", ""172433080"", ""207820778"", ""172608877"", ""172935649"", ""109663807"", ""212685047"", ""104127006"", ""80573814""]"
none_subset,4,57704442,78094109,46,38,0,0,0,0,0,1,"[""140412713"", ""194301324"", ""142789905"", ""165636439"", ""78004872"", ""180795459"", ""99309357"", ""10034854"", ""78696152"", ""180187517""]"
none_subset,4,81096600,78134637,46,138,0,0,0,0,0,0,"[""70517064"", ""134902485"", ""162224700"", ""172035206"", ""160764333"", ""118565908"", ""195201064"", ""116820479"", ""103963518"", ""167116086""]"
none_subset,4,212560078,154255624,64,183,0,0,0,0,0,0,"[""154682545"", ""194941994"", ""179201033"", ""117481999"", ""208915255"", ""160603185"", ""138750171"", ""156194814"", ""171442385"", ""149715107""]"
none_subset,4,205868899,179041576,43,17,0,0,0,0,1,1,"[""64515020"", ""53878026"", ""194759873"", ""207690552"", ""199927468"", ""83550407"", ""184481904"", ""164461764"", ""199700611"", ""120122284""]"
none_subset,4,200338966,172991246,57,98,0,0,0,0,0,0,"[""111557041"", ""203157936"", ""197765268"", ""172059758"", ""172288940"", ""209644299"", ""161339845"", ""170003774"", ""178238495"", ""210683531""]"
none_subset,4,207494992,182640683,37,102,0,0,0,0,0,0,"[""191911000"", ""210502009"", ""187502080"", ""195014964"", ""173640245"", ""99494874"", ""204860223"", ""187134525"", ""202872941"", ""121097766""]"
none_subset,4,221740966,187123822,43,211,0,0,0,0,0,0,"[""163402666"", ""127635452"", ""202516482"", ""181167814"", ""75959067"", ""178871976"", ""144167451"", ""113849955"", ""100178944"", ""85304386""]"
none_subset,4,211281613,188742491,57,1450,0,0,0,0,0,0,"[""190479114"", ""203157936"", ""172288940"", ""74683146"", ""87485702"", ""200047293"", ""207225097"", ""207177927"", ""172017798"", ""200869212""]"
none_subset,4,61811502,62437632,43,532,0,0,0,0,0,0,"[""183856655"", ""132793063"", ""153591399"", ""143989763"", ""169233442"", ""167043645"", ""164870997"", ""151416547"", ""112929002"", ""181353898""]"
none_subset,4,215391887,144646883,64,58,0,0,0,0,0,0,"[""161581546"", ""59982269"", ""32252174"", ""203403083"", ""200004707"", ""72527056"", ""181149251"", ""126992314"", ""85660594"", ""73537331""]"
none_subset,4,216666833,189845371,64,2,0,1,1,1,1,1,"[""146950533"", ""189845371"", ""141045171"", ""179835610"", ""193084026"", ""156400594"", ""199875184"", ""66094270"", ""142569884"", ""101323609""]"
none_subset,4,180386984,147179804,43,1257,0,0,0,0,0,0,"[""68189198"", ""63103166"", ""213093649"", ""101275830"", ""164354706"", ""195829200"", ""158885545"", ""146898856"", ""141708436"", ""51516713""]"
none_subset,4,224586197,211540948,46,87,0,0,0,0,0,0,"[""158946684"", ""200416651"", ""193559506"", ""113999669"", ""160110731"", ""194811856"", ""139649558"", ""59097004"", ""192342929"", ""201215254""]"
none_subset,4,193221613,160400128,62,59,0,0,0,0,0,0,"[""24686208"", ""75068139"", ""204527959"", ""128619709"", ""56749727"", ""192938069"", ""170246818"", ""174098955"", ""18162642"", ""65248700""]"
none_subset,4,218597493,199853407,46,582,0,0,0,0,0,0,"[""125568463"", ""118684332"", ""165758317"", ""138718760"", ""74936221"", ""103963518"", ""201925196"", ""135639820"", ""172509742"", ""144477614""]"
none_subset,4,192820418,158459700,57,2499,0,0,0,0,0,0,"[""201700155"", ""167001981"", ""130340352"", ""211497981"", ""170787140"", ""190487061"", ""205026087"", ""161021821"", ""122144532"", ""140761987""]"
none_subset,4,207407028,181818594,38,75,0,0,0,0,0,0,"[""188178632"", ""134304833"", ""171909035"", ""173253112"", ""179234058"", ""138345880"", ""143177511"", ""212169244"", ""193563274"", ""63839835""]"
none_subset,4,222261688,207080740,64,307,0,0,0,0,0,0,"[""210720310"", ""130875563"", ""179216205"", ""203597416"", ""204435589"", ""178800557"", ""63897092"", ""199462684"", ""212458263"", ""202090142""]"
none_subset,4,207680631,171694803,46,79,0,0,0,0,0,0,"[""111095231"", ""154698834"", ""186542267"", ""198454182"", ""22408044"", ""152102459"", ""79523323"", ""124510956"", ""160019718"", ""200337974""]"
none_subset,4,222664932,150981082,38,552,0,0,0,0,0,0,"[""128235238"", ""55757524"", ""152299073"", ""187847040"", ""127669129"", ""165924488"", ""207948213"", ""75371796"", ""34947118"", ""168644115""]"
none_subset,4,222564180,211116849,46,90,0,0,0,0,0,0,"[""203829459"", ""207173393"", ""143758782"", ""158137442"", ""204656481"", ""213805109"", ""167644413"", ""200735434"", ""205233162"", ""202822668""]"
none_subset,4,167728890,142870223,38,768,0,0,0,0,0,0,"[""37709032"", ""123220669"", ""125139020"", ""145871617"", ""202803035"", ""200830087"", ""116922022"", ""185682289"", ""128085075"", ""35695557""]"
none_subset,4,191614526,163637661,38,394,0,0,0,0,0,0,"[""186767110"", ""8550716"", ""192587307"", ""74162023"", ""44097793"", ""46449031"", ""23348079"", ""100680008"", ""66259210"", ""120726041""]"
none_subset,4,140595161,120915200,4,71,0,0,0,0,0,0,"[""188882555"", ""200589462"", ""190079873"", ""119765502"", ""190777127"", ""197475541"", ""192582014"", ""187600900"", ""194291179"", ""142381741""]"
none_subset,4,193442459,159536710,46,38,0,0,0,0,0,1,"[""184646371"", ""127947793"", ""174837469"", ""197415730"", ""209744189"", ""212786249"", ""193074174"", ""167383627"", ""184612826"", ""165953966""]"
none_subset,4,186435148,154474714,4,251,0,0,0,0,0,0,"[""199780246"", ""206940426"", ""190161584"", ""182060832"", ""159111889"", ""215580451"", ""200963901"", ""185107867"", ""155790722"", ""198070526""]"
none_subset,4,153151974,75168847,4,2673,0,0,0,0,0,0,"[""206167938"", ""66199264"", ""49427839"", ""204648246"", ""172302174"", ""78628063"", ""185309627"", ""112972489"", ""171902128"", ""171050004""]"
none_subset,4,174531745,134215872,38,45,0,0,0,0,0,1,"[""101461920"", ""152236293"", ""167802783"", ""124441124"", ""185863262"", ""173785088"", ""195462936"", ""151224480"", ""119096193"", ""201872814""]"
none_subset,4,199818563,171636556,46,3,0,1,1,1,1,1,"[""208719036"", ""210856802"", ""171636556"", ""212730825"", ""133461188"", ""201436985"", ""209482743"", ""166724206"", ""205208810"", ""108934756""]"
none_subset,4,198139928,139818390,57,1,1,1,1,1,1,1,"[""139818390"", ""55753543"", ""171686923"", ""128778844"", ""130006774"", ""210262988"", ""107833046"", ""99472835"", ""164678159"", ""191111309""]"
none_subset,4,59207602,63368910,37,73,0,0,0,0,0,0,"[""140164328"", ""140706897"", ""126694752"", ""181777102"", ""163424021"", ""140749191"", ""79621341"", ""117467918"", ""188550286"", ""147449459""]"
none_subset,4,222353403,210780225,46,233,0,0,0,0,0,0,"[""171907300"", ""105129945"", ""210836993"", ""102458654"", ""201879785"", ""133780489"", ""74840350"", ""87562356"", ""131545810"", ""208143888""]"
none_subset,4,121364748,105106630,46,1626,0,0,0,0,0,0,"[""111715361"", ""106915000"", ""116218020"", ""137142760"", ""170571507"", ""136909437"", ""131917509"", ""96527698"", ""96829389"", ""121346371""]"
none_subset,4,178792118,147113232,37,1111,0,0,0,0,0,0,"[""84838254"", ""53389573"", ""173645815"", ""92247640"", ""150426765"", ""189073734"", ""144129822"", ""139391729"", ""106674292"", ""55796783""]"
none_subset,4,212300309,192179303,64,26,0,0,0,0,1,1,"[""200505701"", ""192779268"", ""196286726"", ""147671714"", ""182199798"", ""162686675"", ""200027492"", ""191930990"", ""206276658"", ""142562860""]"
none_subset,4,62125622,54115082,38,312,0,0,0,0,0,0,"[""171949747"", ""180023471"", ""92430066"", ""161128754"", ""140979774"", ""38003672"", ""207433318"", ""111085092"", ""127539785"", ""148428740""]"
none_subset,4,194649630,162792725,4,58,0,0,0,0,0,0,"[""104680991"", ""17588522"", ""197680529"", ""51666202"", ""198430694"", ""136900812"", ""205356216"", ""189717776"", ""186674454"", ""171791158""]"
none_subset,4,195219984,168099979,4,11,0,0,0,0,1,1,"[""180843726"", ""191147915"", ""185880119"", ""198615413"", ""177825434"", ""191209763"", ""194722275"", ""191316160"", ""210484477"", ""194160187""]"
none_subset,4,185154036,157383240,4,320,0,0,0,0,0,0,"[""188882555"", ""200589462"", ""194291179"", ""191509023"", ""173611156"", ""203829299"", ""119765502"", ""103936826"", ""192582014"", ""190079873""]"
none_subset,4,212343018,191348108,62,583,0,0,0,0,0,0,"[""204830740"", ""146789147"", ""176890524"", ""167750528"", ""108294691"", ""83719006"", ""107052783"", ""203335692"", ""187005682"", ""165284774""]"
none_subset,4,190726056,153568815,37,142,0,0,0,0,0,0,"[""212047029"", ""188679659"", ""200025016"", ""159931625"", ""170049514"", ""162977839"", ""156176895"", ""207110453"", ""152102790"", ""126361288""]"
none_subset,4,193507395,159604649,4,1820,0,0,0,0,0,0,"[""150107268"", ""119654700"", ""159084171"", ""121025812"", ""186220965"", ""152685161"", ""201066421"", ""141212383"", ""144995106"", ""161159839""]"
none_subset,4,139775877,123347277,62,232,0,0,0,0,0,0,"[""208335318"", ""65823014"", ""75207324"", ""70069885"", ""69121381"", ""20863003"", ""123687816"", ""156487231"", ""114525243"", ""52919918""]"
none_subset,4,165803909,134312075,64,20,0,0,0,0,1,1,"[""63897092"", ""195252060"", ""213253358"", ""204435589"", ""162587856"", ""120256316"", ""155789349"", ""205920501"", ""56593545"", ""29624756""]"
none_subset,4,213336123,41040635,38,18,0,0,0,0,1,1,"[""209330718"", ""192884067"", ""51821730"", ""145998937"", ""118659816"", ""128022775"", ""128168264"", ""191640347"", ""181736422"", ""67086891""]"
none_subset,4,223712641,213066001,62,37,0,0,0,0,0,1,"[""150919912"", ""141693897"", ""125264671"", ""171189946"", ""204577887"", ""172997177"", ""75037502"", ""161652558"", ""124000667"", ""194927268""]"
none_subset,4,188203614,160523276,46,660,0,0,0,0,0,0,"[""77388181"", ""150142821"", ""151511658"", ""148352358"", ""164400164"", ""159384368"", ""201991995"", ""8742737"", ""130849339"", ""78015202""]"
none_subset,4,76691753,32855805,38,883,0,0,0,0,0,0,"[""92430066"", ""115694557"", ""55870666"", ""167983168"", ""85120764"", ""204224738"", ""186173164"", ""132567182"", ""116676602"", ""183904957""]"
none_subset,4,211609963,188607246,46,1780,0,0,0,0,0,0,"[""174837469"", ""209744189"", ""204683450"", ""206506200"", ""191200569"", ""180519021"", ""198850848"", ""165583283"", ""213731514"", ""7231598""]"
none_subset,4,193188423,160175255,4,918,0,0,0,0,0,0,"[""141085810"", ""115483149"", ""94319899"", ""157710674"", ""133977293"", ""208901976"", ""133755220"", ""176492594"", ""144067777"", ""155250171""]"
none_subset,4,72670371,74242439,62,7,0,0,0,1,1,1,"[""27329790"", ""209556691"", ""127682307"", ""52152330"", ""86295030"", ""184405626"", ""74242439"", ""154207517"", ""106024110"", ""90371836""]"
none_subset,4,220435553,195648794,4,602,0,0,0,0,0,0,"[""139849759"", ""203962091"", ""203037592"", ""142657666"", ""197680529"", ""212786536"", ""191889856"", ""196534986"", ""143683664"", ""168697069""]"
none_subset,4,62630161,9583876,43,22,0,0,0,0,1,1,"[""120597166"", ""123511609"", ""195408710"", ""183525953"", ""98357729"", ""212213338"", ""121279267"", ""164097777"", ""126702260"", ""188032543""]"
none_subset,4,225161170,215382114,43,1431,0,0,0,0,0,0,"[""183029564"", ""157809653"", ""154390259"", ""211890870"", ""203477271"", ""206283952"", ""166752829"", ""146832585"", ""176475069"", ""186807991""]"
none_subset,4,219010785,204190139,43,731,0,0,0,0,0,0,"[""187215484"", ""210822887"", ""188378226"", ""188409353"", ""182445092"", ""88578062"", ""210958988"", ""191629352"", ""196286515"", ""211582481""]"
none_subset,4,195665997,162780539,57,357,0,0,0,0,0,0,"[""85576723"", ""85291605"", ""85728689"", ""206215452"", ""198636169"", ""191268930"", ""154877704"", ""172859305"", ""208737490"", ""141609226""]"
none_subset,4,185700837,152440410,62,74,0,0,0,0,0,0,"[""166907143"", ""156239354"", ""176309620"", ""104016143"", ""211900236"", ""128177020"", ""190355590"", ""144733620"", ""145797588"", ""94106347""]"
none_subset,4,224932348,213559285,46,18,0,0,0,0,1,1,"[""171227160"", ""171227152"", ""108971427"", ""184646371"", ""194951479"", ""206220197"", ""212530716"", ""103250951"", ""209744189"", ""182136657""]"
none_subset,4,214185922,192910467,43,511,0,0,0,0,0,0,"[""207051663"", ""204268653"", ""171798974"", ""149017403"", ""85646132"", ""197429046"", ""125529150"", ""98638580"", ""94814195"", ""183640029""]"
none_subset,4,221111393,208458622,46,81,0,0,0,0,0,0,"[""213805109"", ""167644413"", ""212905783"", ""206587012"", ""204899704"", ""212380449"", ""184636221"", ""208805779"", ""202771850"", ""205239580""]"
none_subset,4,211684073,171142795,57,2127,0,0,0,0,0,0,"[""202358315"", ""145955425"", ""159050136"", ""126756828"", ""189411035"", ""79860798"", ""180448567"", ""207811664"", ""180448563"", ""117927111""]"
none_subset,4,153181442,132560295,4,1838,0,0,0,0,0,0,"[""152685161"", ""65093674"", ""77968334"", ""144513042"", ""72626014"", ""186220965"", ""137934343"", ""70921117"", ""154267881"", ""173965616""]"
none_subset,4,203591953,114525243,62,9,0,0,0,1,1,1,"[""96438960"", ""172191347"", ""123687816"", ""102919124"", ""164296058"", ""15723967"", ""78092395"", ""38312606"", ""114525243"", ""51323167""]"
none_subset,4,63370365,69511407,4,337,0,0,0,0,0,0,"[""145303232"", ""144373105"", ""155062344"", ""159049760"", ""116057633"", ""179525824"", ""127324464"", ""195213429"", ""209552417"", ""148526912""]"
none_subset,4,181332952,140664088,4,893,0,0,0,0,0,0,"[""120663751"", ""150679730"", ""151518049"", ""16847694"", ""184587206"", ""191695909"", ""139852579"", ""184087480"", ""149095048"", ""153223626""]"
none_subset,4,206157282,181822257,46,1145,0,0,0,0,0,0,"[""146467155"", ""212905783"", ""176936176"", ""181269509"", ""171733069"", ""169081503"", ""206685083"", ""172966334"", ""215506263"", ""170958662""]"
none_subset,4,181959599,144304634,43,6,0,0,0,1,1,1,"[""197580291"", ""196197826"", ""211884232"", ""192287850"", ""195905048"", ""144304634"", ""163223965"", ""67208060"", ""183766098"", ""119445851""]"
none_subset,4,51781247,25706087,38,44,0,0,0,0,0,1,"[""128168264"", ""189593063"", ""11921513"", ""149343290"", ""148395469"", ""104042988"", ""99798516"", ""45759986"", ""156461111"", ""179876069""]"
none_subset,4,223264828,202263291,4,258,0,0,0,0,0,0,"[""206800954"", ""36482821"", ""112475075"", ""50763233"", ""105063903"", ""161593927"", ""93517902"", ""64487189"", ""195689049"", ""195648794""]"
none_subset,4,192749905,162391057,37,233,0,0,0,0,0,0,"[""103731169"", ""152555454"", ""147023317"", ""160430913"", ""115215957"", ""128930862"", ""132034906"", ""173457533"", ""155458733"", ""173227324""]"
none_subset,4,208244305,184923239,37,109,0,0,0,0,0,0,"[""182640683"", ""175852737"", ""206942069"", ""208141913"", ""201649016"", ""183693328"", ""213416559"", ""195908286"", ""211802210"", ""183519446""]"
none_subset,4,224877266,58199619,38,13,0,0,0,0,1,1,"[""174456119"", ""52441610"", ""206303400"", ""198468875"", ""177027866"", ""107235965"", ""5564013"", ""55877012"", ""95406694"", ""163646287""]"
none_subset,4,220471236,187760067,57,44,0,0,0,0,0,1,"[""200031767"", ""117433607"", ""118860917"", ""188363722"", ""205792958"", ""111602940"", ""209465126"", ""190887402"", ""188906002"", ""203585740""]"
none_subset,4,224941317,203188239,64,58,0,0,0,0,0,0,"[""160087743"", ""169338112"", ""156476311"", ""146887481"", ""179740887"", ""108932971"", ""161213343"", ""161410919"", ""178000493"", ""81240114""]"
none_subset,4,209775944,169808391,62,99,0,0,0,0,0,0,"[""200033535"", ""180256255"", ""97032103"", ""186169702"", ""188793389"", ""191201365"", ""73356588"", ""187612359"", ""184547267"", ""203208937""]"
none_subset,4,213024345,193298115,37,671,0,0,0,0,0,0,"[""196563012"", ""116240817"", ""98327133"", ""100843460"", ""196469804"", ""209172941"", ""196862128"", ""187423310"", ""187719393"", ""191538851""]"
none_subset,4,213524880,181268534,37,49,0,0,0,0,0,1,"[""189381669"", ""191370500"", ""144524949"", ""96489539"", ""202222318"", ""100819191"", ""5322119"", ""29496516"", ""187819119"", ""145696871""]"
none_subset,4,224002618,161766916,4,20,0,0,0,0,1,1,"[""180266107"", ""192968334"", ""144811459"", ""207935824"", ""25537887"", ""73118528"", ""53962226"", ""202002064"", ""145020770"", ""174141513""]"
none_subset,4,213966596,193487215,62,1023,0,0,0,0,0,0,"[""135449877"", ""113547578"", ""165119271"", ""32728587"", ""10317873"", ""192577715"", ""205216250"", ""156885677"", ""76665110"", ""142923518""]"
none_subset,4,60521530,65802140,37,501,0,0,0,0,0,0,"[""173645815"", ""43972733"", ""190113798"", ""190075252"", ""140336042"", ""192597928"", ""166280219"", ""192387012"", ""55796783"", ""200025016""]"
none_subset,4,224989367,215160595,64,910,0,0,0,0,0,0,"[""105912376"", ""178908431"", ""184761054"", ""63993803"", ""211406038"", ""193072604"", ""127716478"", ""107659439"", ""15213878"", ""111669284""]"
none_subset,4,224935000,215080686,4,563,0,0,0,0,0,0,"[""191316160"", ""182581077"", ""205600080"", ""188468393"", ""210484477"", ""206636227"", ""180843726"", ""207097865"", ""183509496"", ""163340296""]"
none_subset,4,215554630,181874277,64,1,1,1,1,1,1,1,"[""181874277"", ""132289907"", ""81240114"", ""142231631"", ""72224328"", ""160001929"", ""157803989"", ""191000780"", ""149734769"", ""167172273""]"
none_subset,4,216889570,193584613,37,1029,0,0,0,0,0,0,"[""214708320"", ""148500212"", ""186009397"", ""187502080"", ""206587185"", ""134610044"", ""208436129"", ""212263607"", ""196683792"", ""188912090""]"
none_subset,4,217976095,202632009,43,566,0,0,0,0,0,0,"[""188409353"", ""211582481"", ""201213450"", ""210822887"", ""187215484"", ""206290556"", ""88578062"", ""143611276"", ""191629352"", ""191134281""]"
none_subset,4,221119686,204683450,46,8,0,0,0,1,1,1,"[""105318716"", ""49883118"", ""201537422"", ""193512459"", ""203062604"", ""202468445"", ""203164041"", ""204683450"", ""204316129"", ""214640950""]"
none_subset,4,178976339,95069051,62,16,0,0,0,0,1,1,"[""167352840"", ""156966802"", ""64790775"", ""150070859"", ""117835777"", ""133870924"", ""92648178"", ""143139548"", ""115226483"", ""152115593""]"
none_subset,4,174296396,144706392,64,175,0,0,0,0,0,0,"[""113436023"", ""143663551"", ""45933851"", ""145311547"", ""14286061"", ""95501095"", ""16466362"", ""14352417"", ""72224328"", ""119491080""]"
none_subset,4,162732020,106887245,64,178,0,0,0,0,0,0,"[""54856875"", ""141031821"", ""56833135"", ""173447641"", ""166109713"", ""100362069"", ""103562123"", ""213253358"", ""58077655"", ""173334389""]"
none_subset,4,188292667,134824400,37,134,0,0,0,0,0,0,"[""88534873"", ""119227333"", ""58893791"", ""66495486"", ""76841920"", ""196428679"", ""151964729"", ""140907909"", ""69214414"", ""17206468""]"
none_subset,4,219629690,184405228,37,421,0,0,0,0,0,0,"[""159838604"", ""201913256"", ""147515846"", ""192414071"", ""115477896"", ""198276617"", ""142700161"", ""122713998"", ""192918531"", ""149298273""]"
none_subset,4,192642639,164264613,38,429,0,0,0,0,0,0,"[""149732635"", ""209590588"", ""20918033"", ""209921939"", ""151108044"", ""45579165"", ""179876069"", ""206518481"", ""126012999"", ""199841905""]"
none_subset,4,184601754,157101149,37,229,0,0,0,0,0,0,"[""147820123"", ""116240817"", ""136371572"", ""194958352"", ""119227333"", ""153720008"", ""45171964"", ""190261540"", ""105224939"", ""69214414""]"
none_subset,4,152478006,73836701,46,674,0,0,0,0,0,0,"[""58540862"", ""179610678"", ""211854530"", ""99453113"", ""212767225"", ""117798860"", ""193512680"", ""197949897"", ""68978046"", ""141321618""]"
none_subset,4,221675799,209588885,43,99,0,0,0,0,0,0,"[""202626349"", ""185851616"", ""201535486"", ""168115086"", ""196286515"", ""214348389"", ""184091403"", ""182445092"", ""198054092"", ""195756368""]"
none_subset,4,151258498,129804983,37,370,0,0,0,0,0,0,"[""194193597"", ""191097659"", ""81213674"", ""99222832"", ""100748302"", ""178993628"", ""167619039"", ""150426765"", ""206411822"", ""204790995""]"
none_subset,4,171994800,140336042,37,31,0,0,0,0,0,1,"[""188679659"", ""100774234"", ""200025016"", ""159931625"", ""126361288"", ""106674292"", ""185048961"", ""129735644"", ""201252808"", ""165637927""]"
none_subset,4,76793789,79372963,38,48,0,0,0,0,0,1,"[""169021759"", ""148700903"", ""110457316"", ""133136953"", ""200830087"", ""192992682"", ""118132660"", ""74273124"", ""37809434"", ""199367174""]"
none_subset,4,218107163,201903468,62,429,0,0,0,0,0,0,"[""208719189"", ""185606507"", ""207609626"", ""195303938"", ""210489322"", ""211808810"", ""121524691"", ""207503734"", ""213066001"", ""174639103""]"
none_subset,4,193567991,138809171,46,107,0,0,0,0,0,0,"[""213196140"", ""99908438"", ""171226535"", ""200419946"", ""108196994"", ""194051265"", ""136576031"", ""111956915"", ""173423836"", ""132957109""]"
none_subset,4,60584347,64050779,43,721,0,0,0,0,0,0,"[""93370908"", ""122715243"", ""146898856"", ""148635203"", ""191424159"", ""182659497"", ""204158311"", ""63103158"", ""214014916"", ""102607958""]"
none_subset,4,139695886,103799422,38,323,0,0,0,0,0,0,"[""88485908"", ""192191594"", ""129590481"", ""115091528"", ""157993089"", ""65034285"", ""169064521"", ""181132638"", ""179000829"", ""214890741""]"
none_subset,4,224613468,214052031,62,576,0,0,0,0,0,0,"[""212090087"", ""172899019"", ""202743016"", ""194290546"", ""172843229"", ""205247044"", ""108664006"", ""187498961"", ""206509724"", ""117977369""]"
none_subset,4,177997398,140588027,57,1926,0,0,0,0,0,0,"[""148338437"", ""128122761"", ""149988933"", ""199908579"", ""46330390"", ""213472164"", ""141707543"", ""84818159"", ""110871984"", ""160823099""]"
none_subset,4,153056005,125339147,57,13,0,0,0,0,1,1,"[""121902729"", ""110306995"", ""138785776"", ""165674944"", ""211148392"", ""201926544"", ""139164571"", ""107527374"", ""127670415"", ""199908579""]"
none_subset,4,211216484,189303936,64,598,0,0,0,0,0,0,"[""127488045"", ""132818593"", ""63297294"", ""187708913"", ""105879570"", ""93604401"", ""116380815"", ""179015555"", ""181619566"", ""148979593""]"
none_subset,4,39595977,43972733,37,64,0,0,0,0,0,0,"[""133924998"", ""129735644"", ""145502443"", ""159931625"", ""93714502"", ""194655381"", ""200025016"", ""195670135"", ""152102790"", ""188679659""]"
none_subset,4,117986185,104705407,4,1142,0,0,0,0,0,0,"[""119654700"", ""204285378"", ""50883863"", ""205322075"", ""174891772"", ""65093644"", ""123613267"", ""120540825"", ""121025812"", ""168224067""]"
none_subset,4,138252107,119498324,62,622,0,0,0,0,0,0,"[""50662129"", ""99563204"", ""74331129"", ""75068139"", ""97195771"", ""100102954"", ""18162642"", ""204830740"", ""94546694"", ""57745589""]"
none_subset,4,223273152,212299208,62,74,0,0,0,0,0,0,"[""131293364"", ""168748685"", ""193863080"", ""66046777"", ""168908390"", ""156677885"", ""102157323"", ""51162437"", ""139126117"", ""114374574""]"
none_subset,4,114281259,95431648,38,838,0,0,0,0,0,0,"[""190453683"", ""167491323"", ""102812596"", ""162400962"", ""158650746"", ""86894062"", ""106211361"", ""206495941"", ""119135437"", ""121113125""]"
none_subset,4,193899357,165698022,43,2447,0,0,0,0,0,0,"[""188398971"", ""193482080"", ""207753535"", ""50642607"", ""78516965"", ""201192710"", ""172065222"", ""106625864"", ""210561607"", ""6516822""]"
none_subset,4,165710853,72951226,37,284,0,0,0,0,0,0,"[""128710800"", ""172213324"", ""175906876"", ""159427663"", ""93923480"", ""111516361"", ""200937476"", ""84182599"", ""214087269"", ""181014160""]"
none_subset,4,220600511,199866100,37,53,0,0,0,0,0,0,"[""195252247"", ""191191501"", ""73910372"", ""152555454"", ""169228866"", ""154947799"", ""173227324"", ""154803527"", ""179751402"", ""154731935""]"
none_subset,4,225300966,213218151,4,1162,0,0,0,0,0,0,"[""142416895"", ""171029402"", ""78628063"", ""167643231"", ""205703795"", ""207942600"", ""107170817"", ""177849963"", ""81723300"", ""167168943""]"
none_subset,4,104000026,92847015,43,71,0,0,0,0,0,0,"[""201006052"", ""150794676"", ""171888747"", ""178833613"", ""71896649"", ""215513285"", ""188613551"", ""78343862"", ""172946257"", ""163664846""]"
none_subset,4,182345427,126295732,64,502,0,0,0,0,0,0,"[""202708847"", ""162661871"", ""80281524"", ""179201033"", ""203544848"", ""156194814"", ""204824313"", ""105652723"", ""207152337"", ""114607994""]"
none_subset,4,162486343,128431328,38,181,0,0,0,0,0,0,"[""183174003"", ""83459172"", ""197735844"", ""102368805"", ""117957932"", ""196431383"", ""169820470"", ""167575814"", ""199973345"", ""169283590""]"
none_subset,4,224984291,213655844,46,7,0,0,0,1,1,1,"[""144431749"", ""80538986"", ""205395255"", ""76658512"", ""208224187"", ""78566379"", ""213655844"", ""210836917"", ""194052484"", ""150754478""]"
none_subset,4,84314437,78183845,46,764,0,0,0,0,0,0,"[""17698917"", ""78390422"", ""76396478"", ""168815908"", ""211555684"", ""206120139"", ""201508287"", ""203062604"", ""198522018"", ""212469100""]"
none_subset,4,218226410,199136571,43,853,0,0,0,0,0,0,"[""50216046"", ""114763824"", ""101587771"", ""212847147"", ""183856655"", ""146138879"", ""54249020"", ""125860815"", ""76736407"", ""181353898""]"
none_subset,4,49107204,49933218,46,970,0,0,0,0,0,0,"[""201469244"", ""83762138"", ""203506552"", ""109790613"", ""151502148"", ""127477193"", ""208171217"", ""134421881"", ""167346986"", ""209162282""]"
none_subset,4,214344335,163348531,37,208,0,0,0,0,0,0,"[""209045757"", ""187389375"", ""186593902"", ""184357547"", ""209794141"", ""167166017"", ""148896266"", ""169510905"", ""186646910"", ""121834730""]"
none_subset,4,31317843,23408401,4,260,0,0,0,0,0,0,"[""202360528"", ""144373105"", ""176867327"", ""149095048"", ""179812166"", ""9766161"", ""209018186"", ""194446742"", ""197921332"", ""138975756""]"
none_subset,4,224204162,212715570,37,10,0,0,0,1,1,1,"[""201572634"", ""211987844"", ""183519446"", ""172288418"", ""168816718"", ""192323302"", ""210666947"", ""146524904"", ""203721801"", ""212715570""]"
none_subset,4,189373853,130801453,4,382,0,0,0,0,0,0,"[""75870943"", ""164258790"", ""156440021"", ""207099566"", ""147048275"", ""148023845"", ""112726802"", ""104121894"", ""205277943"", ""66199264""]"
none_subset,4,222044678,167888045,62,307,0,0,0,0,0,0,"[""156489473"", ""205216281"", ""199182211"", ""133228837"", ""191604760"", ""212180917"", ""203449670"", ""213858912"", ""214748374"", ""201810908""]"
none_subset,4,208010109,163280205,38,97,0,0,0,0,0,0,"[""159911050"", ""136949110"", ""119096193"", ""128399228"", ""130168090"", ""206506072"", ""31980662"", ""101461920"", ""150630196"", ""130417987""]"
none_subset,4,205419462,160127507,37,1032,0,0,0,0,0,0,"[""191060958"", ""169268977"", ""136461731"", ""126554078"", ""105274553"", ""150173254"", ""204633870"", ""187043151"", ""120040052"", ""186986472""]"
none_subset,4,97825776,70629467,38,162,0,0,0,0,0,0,"[""77338935"", ""149562058"", ""144183456"", ""72092510"", ""149982401"", ""114260093"", ""103005464"", ""113496860"", ""85968650"", ""65478593""]"
none_subset,4,222906631,193455135,62,848,0,0,0,0,0,0,"[""192653562"", ""143226394"", ""158763261"", ""109143906"", ""175893857"", ""189619120"", ""190955120"", ""146789147"", ""205254156"", ""211691904""]"
none_subset,4,220459435,143226636,64,1689,0,0,0,0,0,0,"[""96431966"", ""60124479"", ""202708847"", ""12228373"", ""31683521"", ""35312252"", ""26075068"", ""188599489"", ""80281524"", ""210873715""]"
none_subset,4,51126117,37520314,43,1702,0,0,0,0,0,0,"[""18294635"", ""146413132"", ""143668677"", ""199412521"", ""155249274"", ""27781370"", ""142451013"", ""196554944"", ""101892709"", ""35117971""]"
none_subset,4,94523277,84248620,43,289,0,0,0,0,0,0,"[""106212567"", ""179054743"", ""148294908"", ""46154800"", ""73371698"", ""191701674"", ""158541186"", ""55284074"", ""120869286"", ""154632495""]"
none_subset,4,121083928,108934756,46,25,0,0,0,0,1,1,"[""205395255"", ""144431749"", ""142436010"", ""150754478"", ""212208758"", ""141583383"", ""100881714"", ""209924661"", ""164627162"", ""159369178""]"
none_subset,4,221352273,98882441,43,155,0,0,0,0,0,0,"[""211784042"", ""126702260"", ""164097777"", ""18051654"", ""183525953"", ""38196926"", ""103510499"", ""153090870"", ""158391463"", ""195866072""]"
none_subset,4,175473031,127669129,38,231,0,0,0,0,0,0,"[""19105395"", ""189745383"", ""188178632"", ""152717874"", ""174919483"", ""144249722"", ""104404349"", ""173253112"", ""161450028"", ""71140696""]"
none_subset,4,116625385,103725802,62,230,0,0,0,0,0,0,"[""18880304"", ""50662129"", ""100102954"", ""94546694"", ""146789147"", ""99563204"", ""204830740"", ""97195771"", ""92445171"", ""24686208""]"
none_subset,4,223988089,213483179,4,23,0,0,0,0,1,1,"[""206636227"", ""208780104"", ""191316160"", ""193481695"", ""210484477"", ""168908364"", ""189899644"", ""189167291"", ""192410120"", ""198221149""]"
none_subset,4,219120638,204141781,4,23,0,0,0,0,1,1,"[""191033158"", ""206303506"", ""200110527"", ""215198902"", ""210643102"", ""179258061"", ""75448584"", ""180063242"", ""186739934"", ""98834359""]"
none_subset,4,215082446,203402486,37,11,0,0,0,0,1,1,"[""148500212"", ""208436129"", ""210646051"", ""160293528"", ""150707511"", ""188912090"", ""164415171"", ""150904300"", ""168569670"", ""214708320""]"
none_subset,4,196002134,161849215,38,71,0,0,0,0,0,0,"[""99075342"", ""193054363"", ""136373067"", ""141798974"", ""170217658"", ""187725448"", ""153347093"", ""182664472"", ""133404015"", ""203967736""]"
none_subset,4,208449521,185245568,57,228,0,0,0,0,0,0,"[""134525592"", ""188457754"", ""208325814"", ""208983504"", ""205149327"", ""96446850"", ""183442245"", ""210498921"", ""214790006"", ""185223242""]"
none_subset,4,183171638,145779083,64,135,0,0,0,0,0,0,"[""179201033"", ""62550428"", ""80281524"", ""149715107"", ""204824313"", ""60032340"", ""138800320"", ""187708913"", ""138235993"", ""181619566""]"
none_subset,4,220410698,197891724,43,147,0,0,0,0,0,0,"[""195866072"", ""197613208"", ""120122284"", ""164251704"", ""160598030"", ""100215754"", ""72463184"", ""139993623"", ""168131196"", ""161849641""]"
none_subset,4,221535047,179411117,64,95,0,0,0,0,0,0,"[""98469115"", ""181874277"", ""132289907"", ""167172273"", ""147880315"", ""135170809"", ""160001929"", ""74450876"", ""191000780"", ""111495627""]"
none_subset,4,216601243,200027492,64,87,0,0,0,0,0,0,"[""192779268"", ""200033728"", ""210148884"", ""168805608"", ""173661276"", ""189535903"", ""174719538"", ""206705882"", ""211216257"", ""129288036""]"
none_subset,4,220873388,199918988,37,748,0,0,0,0,0,0,"[""147794006"", ""184920959"", ""185112282"", ""16898206"", ""212047029"", ""211318715"", ""195886526"", ""102274756"", ""188679659"", ""121116115""]"
none_subset,4,217693454,177166442,43,20,0,0,0,0,1,1,"[""122714725"", ""125552119"", ""109574039"", ""178042138"", ""157655830"", ""178008108"", ""206174678"", ""205961338"", ""191423965"", ""209588885""]"
none_subset,4,173520109,99275075,43,12,0,0,0,0,1,1,"[""215347381"", ""77390218"", ""166752829"", ""168068475"", ""203338637"", ""158792208"", ""215371526"", ""198313310"", ""201971973"", ""208008027""]"
none_subset,4,212767210,189061237,64,152,0,0,0,0,0,0,"[""182199798"", ""207331867"", ""200505701"", ""205632083"", ""187029541"", ""160442766"", ""142562860"", ""148720113"", ""194785114"", ""111611617""]"
none_subset,4,91880497,88249240,64,167,0,0,0,0,0,0,"[""160009723"", ""139856523"", ""138798142"", ""156766484"", ""127617798"", ""159988781"", ""214177607"", ""189002821"", ""70607335"", ""137644883""]"
none_subset,4,153313707,122241592,37,80,0,0,0,0,0,0,"[""171803364"", ""136186158"", ""143065524"", ""160929058"", ""85363083"", ""156905299"", ""105569391"", ""116929460"", ""202157886"", ""203680817""]"
none_subset,4,207456721,126618856,43,334,0,0,0,0,0,0,"[""197514276"", ""200392561"", ""205731190"", ""168992911"", ""107193923"", ""190691284"", ""192942930"", ""170651164"", ""174924037"", ""143190396""]"
none_subset,4,161209672,138898252,4,9,0,0,0,1,1,1,"[""88024994"", ""54000205"", ""131127839"", ""158225228"", ""154474714"", ""208770942"", ""194432953"", ""22753311"", ""138898252"", ""53886144""]"
none_subset,4,187312138,148067653,37,91,0,0,0,0,0,0,"[""136461731"", ""105274553"", ""78200756"", ""186986472"", ""187043151"", ""153601190"", ""204633870"", ""29496516"", ""204920168"", ""191060958""]"
none_subset,4,54146503,56795758,4,262,0,0,0,0,0,0,"[""77968334"", ""198809896"", ""56134226"", ""65093674"", ""139342323"", ""201066421"", ""148331489"", ""192752207"", ""155106827"", ""194377968""]"
none_subset,4,210255972,188314835,62,76,0,0,0,0,0,0,"[""142923518"", ""32728587"", ""194424066"", ""129898062"", ""182029851"", ""120555954"", ""195900799"", ""184570386"", ""128579095"", ""205794412""]"
none_subset,4,207031014,150231110,57,137,0,0,0,0,0,0,"[""173797071"", ""149101691"", ""139201198"", ""141707543"", ""130403648"", ""179663500"", ""89574390"", ""79035945"", ""145670007"", ""78647223""]"
none_subset,4,199520065,173406416,57,78,0,0,0,0,0,0,"[""215562071"", ""172288940"", ""203157936"", ""209741084"", ""140247091"", ""212223973"", ""213078674"", ""211475673"", ""211386571"", ""210816632""]"
none_subset,4,215503911,187812442,37,29,0,0,0,0,1,1,"[""199918065"", ""198753304"", ""149631379"", ""188679659"", ""121116115"", ""195886526"", ""119637829"", ""183923787"", ""177381199"", ""201252808""]"
none_subset,4,216752174,12178696,57,1185,0,0,0,0,0,0,"[""158555938"", ""170745002"", ""202223595"", ""192963179"", ""177626941"", ""214125411"", ""126063136"", ""138785143"", ""112042068"", ""72917901""]"
none_subset,4,196206050,103725130,62,725,0,0,0,0,0,0,"[""116117359"", ""75511022"", ""201810908"", ""167375117"", ""118353922"", ""176607034"", ""164559013"", ""210720075"", ""59818909"", ""206062280""]"
none_subset,4,195732783,167970913,62,3,0,1,1,1,1,1,"[""167296312"", ""157926065"", ""167970913"", ""57509321"", ""147492641"", ""204033047"", ""191519026"", ""79050446"", ""135577723"", ""203736902""]"
none_subset,4,219385996,204738388,64,26,0,0,0,0,1,1,"[""204824313"", ""179201033"", ""117481999"", ""208915255"", ""138800320"", ""154682545"", ""149715107"", ""164339637"", ""62550428"", ""184002672""]"
none_subset,4,164141610,140447135,4,76,0,0,0,0,0,0,"[""211901995"", ""193951937"", ""215675334"", ""214085481"", ""211608400"", ""181206759"", ""150251115"", ""214582809"", ""210498460"", ""149710961""]"
none_subset,4,207144471,179312045,43,37,0,0,0,0,0,1,"[""176722009"", ""26638732"", ""147531803"", ""207741214"", ""120594115"", ""67208060"", ""188577365"", ""1670089"", ""38569436"", ""160407494""]"
none_subset,4,218707519,194193597,37,2575,0,0,0,0,0,0,"[""212047029"", ""139307132"", ""195462928"", ""116967483"", ""156176895"", ""207110453"", ""166280219"", ""141976904"", ""87856941"", ""164351701""]"
none_subset,4,184643244,136188138,43,157,0,0,0,0,0,0,"[""157995027"", ""157682449"", ""154110926"", ""45817946"", ""185138279"", ""70531248"", ""192559614"", ""115857968"", ""191493447"", ""151763502""]"
none_subset,4,190676291,129735644,37,6,0,0,0,1,1,1,"[""200025016"", ""188679659"", ""198753304"", ""159931625"", ""126361288"", ""129735644"", ""143805569"", ""211746985"", ""100774234"", ""134150182""]"
none_subset,4,220483436,203171809,46,264,0,0,0,0,0,0,"[""197949897"", ""194361633"", ""105129945"", ""210836993"", ""209050134"", ""208143888"", ""179533802"", ""210837002"", ""133780489"", ""212168388""]"
none_subset,4,143144936,113922393,43,56,0,0,0,0,0,0,"[""100976417"", ""187123822"", ""159116232"", ""196601703"", ""163402666"", ""147531803"", ""116979481"", ""98747334"", ""76024222"", ""194759873""]"
none_subset,4,148639615,127456600,64,307,0,0,0,0,0,0,"[""97354544"", ""126079819"", ""199244662"", ""130509385"", ""121260031"", ""60032340"", ""196347311"", ""194941994"", ""93609678"", ""151134804""]"
none_subset,4,198739700,143853422,46,98,0,0,0,0,0,0,"[""143689220"", ""137569131"", ""88088262"", ""78696152"", ""170790096"", ""139912235"", ""183939554"", ""102024389"", ""154821670"", ""155710762""]"
none_subset,4,178363367,76515539,4,284,0,0,0,0,0,0,"[""144513042"", ""70921117"", ""126889201"", ""151009561"", ""93467050"", ""186179720"", ""185787629"", ""201514296"", ""183725729"", ""44842674""]"
none_subset,4,221497820,205217800,37,2443,0,0,0,0,0,0,"[""186828726"", ""192617496"", ""195908286"", ""173640245"", ""199918988"", ""213318077"", ""191911000"", ""196890344"", ""194408004"", ""204138156""]"
none_subset,4,212427235,192331154,4,4,0,0,1,1,1,1,"[""160129846"", ""160260159"", ""195513078"", ""192331154"", ""201357350"", ""72373127"", ""188074441"", ""192877167"", ""192331065"", ""73825216""]"
none_subset,4,225330143,209736185,37,140,0,0,0,0,0,0,"[""210478382"", ""203730564"", ""212621102"", ""190569345"", ""209585249"", ""207178377"", ""201572634"", ""208742868"", ""206129800"", ""187222340""]"
none_subset,4,149653684,129743423,46,558,0,0,0,0,0,0,"[""131488301"", ""177300409"", ""131440207"", ""144381527"", ""213237291"", ""144477614"", ""210667015"", ""74936221"", ""103172216"", ""107388413""]"
none_subset,4,222741617,189469136,62,382,0,0,0,0,0,0,"[""212334345"", ""69165087"", ""79175068"", ""145797588"", ""150458051"", ""203208937"", ""154898137"", ""211901178"", ""156884683"", ""109144733""]"
none_subset,4,213530281,132708440,4,243,0,0,0,0,0,0,"[""195717749"", ""79486528"", ""202002064"", ""163608455"", ""82742836"", ""31486566"", ""146961197"", ""184994826"", ""153876614"", ""202190653""]"
none_subset,4,221051112,158758245,46,1127,0,0,0,0,0,0,"[""213247950"", ""144865911"", ""210417568"", ""172827091"", ""208805779"", ""204759997"", ""213291067"", ""204919891"", ""203829459"", ""201015003""]"
none_subset,4,191124002,152338035,64,251,0,0,0,0,0,0,"[""147880315"", ""92304326"", ""165717472"", ""213913118"", ""77671900"", ""143939537"", ""174916841"", ""171371555"", ""182224096"", ""127488797""]"
none_subset,4,131711339,111176115,38,642,0,0,0,0,0,0,"[""211427284"", ""215127574"", ""157714512"", ""192884067"", ""127107925"", ""192191594"", ""173793300"", ""149389681"", ""115258171"", ""145998937""]"
none_subset,4,218053735,202872734,46,83,0,0,0,0,0,0,"[""204759997"", ""210738657"", ""143077183"", ""204065707"", ""118565908"", ""153870688"", ""64629457"", ""119093613"", ""208062801"", ""173634775""]"
none_subset,4,209953485,170224824,37,360,0,0,0,0,0,0,"[""201505284"", ""105418570"", ""151546541"", ""162193794"", ""141014415"", ""140057420"", ""172603509"", ""127604459"", ""169510905"", ""185411714""]"
none_subset,4,123145704,104800968,62,2861,0,0,0,0,0,0,"[""194491562"", ""203439933"", ""156814814"", ""187865140"", ""194290716"", ""195484367"", ""201710630"", ""206301685"", ""172331495"", ""129116887""]"
none_subset,4,220591624,189374146,43,338,0,0,0,0,0,0,"[""202626349"", ""212129667"", ""184633847"", ""195224828"", ""198087076"", ""210037205"", ""203348372"", ""201852288"", ""168115086"", ""202227389""]"
none_subset,4,207886052,180281437,57,1396,0,0,0,0,0,0,"[""193303170"", ""172994991"", ""195530341"", ""210440269"", ""195530334"", ""204720478"", ""211301569"", ""210636826"", ""206056996"", ""201814707""]"
none_subset,4,146729202,126538280,46,154,0,0,0,0,0,0,"[""208224187"", ""167967668"", ""150754478"", ""169673924"", ""108060129"", ""207326970"", ""163309329"", ""159369178"", ""163911793"", ""210836917""]"
none_subset,4,182901850,152170362,37,862,0,0,0,0,0,0,"[""190075252"", ""190113798"", ""192387012"", ""157945105"", ""142665464"", ""158106868"", ""206412545"", ""213042728"", ""173645815"", ""153601190""]"
none_subset,4,85386587,79117002,64,555,0,0,0,0,0,0,"[""119000250"", ""151051885"", ""208682751"", ""187716249"", ""181671018"", ""123687478"", ""115621700"", ""136435762"", ""151366408"", ""128607088""]"
none_subset,4,220108881,173970730,64,965,0,0,0,0,0,0,"[""14352417"", ""192779268"", ""14286061"", ""195252307"", ""95501095"", ""173661276"", ""105898966"", ""183013744"", ""200026497"", ""210451384""]"
none_subset,4,136231774,118321491,46,161,0,0,0,0,0,0,"[""154821670"", ""142537342"", ""194301324"", ""190358880"", ""102024389"", ""113055852"", ""143689220"", ""142789905"", ""77518021"", ""150142821""]"
none_subset,4,218076458,202391654,43,559,0,0,0,0,0,0,"[""168115086"", ""188378226"", ""182399428"", ""183691121"", ""210822887"", ""206290556"", ""185108178"", ""182445092"", ""190234147"", ""209666551""]"
none_subset,4,151457040,131972279,38,261,0,0,0,0,0,0,"[""158574234"", ""162735920"", ""162345431"", ""172020969"", ""167952254"", ""136949110"", ""105902861"", ""200412630"", ""100690598"", ""97582200""]"
none_subset,4,94771580,90931027,4,12,0,0,0,0,1,1,"[""16813724"", ""181915374"", ""148086167"", ""27693819"", ""165023261"", ""82742836"", ""161086623"", ""213979278"", ""169697872"", ""39175557""]"
none_subset,4,195834261,152715274,43,194,0,0,0,0,0,0,"[""153567645"", ""154676816"", ""210321299"", ""183640029"", ""171798974"", ""162644598"", ""132315079"", ""137771001"", ""176776603"", ""156395019""]"
none_subset,4,225335264,213936097,38,19,0,0,0,0,1,1,"[""159333154"", ""127751166"", ""37809434"", ""133136953"", ""56711957"", ""114055239"", ""108421334"", ""123816433"", ""191629943"", ""192654276""]"
none_subset,4,217442424,194999634,37,1096,0,0,0,0,0,0,"[""33563950"", ""193680819"", ""190511714"", ""184297463"", ""206298198"", ""187944548"", ""160232517"", ""209172335"", ""145112155"", ""192456013""]"
none_subset,4,170306265,132521306,62,1656,0,0,0,0,0,0,"[""172899019"", ""125264671"", ""146420142"", ""206301685"", ""72221818"", ""160614049"", ""60359990"", ""150060889"", ""87531727"", ""205247044""]"
none_subset,4,225100806,194420087,38,12,0,0,0,0,1,1,"[""206506072"", ""207390535"", ""145720442"", ""190160674"", ""130417987"", ""207390508"", ""112966589"", ""163280205"", ""136989956"", ""200521385""]"
none_subset,4,151560675,130163312,43,70,0,0,0,0,0,0,"[""183029564"", ""127000704"", ""147117418"", ""175827163"", ""73260900"", ""151416547"", ""158391463"", ""204884209"", ""141417624"", ""203178329""]"
none_subset,4,171987040,118260233,57,19,0,0,0,0,1,1,"[""190632146"", ""78545033"", ""142032570"", ""211588897"", ""163252829"", ""143684931"", ""204632527"", ""202770273"", ""140102042"", ""168045888""]"
none_subset,4,202153214,123069558,4,31,0,0,0,0,0,1,"[""200198172"", ""158546701"", ""211469837"", ""73118528"", ""165204223"", ""208950650"", ""206213620"", ""101990520"", ""163772112"", ""139479783""]"
none_subset,4,78072053,59483816,64,164,0,0,0,0,0,0,"[""179015555"", ""157803989"", ""212293169"", ""88397191"", ""138115654"", ""174340250"", ""105912376"", ""119643934"", ""103416735"", ""157313823""]"
none_subset,4,207493523,182899766,38,95,0,0,0,0,0,0,"[""205170862"", ""102106304"", ""206821652"", ""190110099"", ""194478821"", ""101964968"", ""76417560"", ""125100971"", ""138045329"", ""155422545""]"
none_subset,4,187751524,117977369,62,365,0,0,0,0,0,0,"[""185057131"", ""89506987"", ""52494258"", ""201053460"", ""154506894"", ""6204449"", ""212838708"", ""119124932"", ""24088467"", ""84991316""]"
none_subset,4,224353790,176867327,4,5,0,0,1,1,1,1,"[""149095048"", ""138975756"", ""199942377"", ""186841122"", ""176867327"", ""151518049"", ""139852579"", ""198070526"", ""191214295"", ""77682387""]"
none_subset,4,224963732,63150406,4,60,0,0,0,0,0,0,"[""22859510"", ""203618170"", ""210721272"", ""202029081"", ""101609584"", ""175640583"", ""166908180"", ""167351572"", ""209607188"", ""204134750""]"
none_subset,4,188363890,157022245,37,28,0,0,0,0,1,1,"[""187812442"", ""143946320"", ""193679263"", ""188679659"", ""214708320"", ""121116115"", ""153205116"", ""183923787"", ""185112282"", ""119637829""]"
none_subset,4,111391777,80592176,43,2600,0,0,0,0,0,0,"[""67208060"", ""190076056"", ""119119405"", ""184777155"", ""191701840"", ""198423070"", ""147531803"", ""112544549"", ""207408684"", ""163269973""]"
none_subset,4,185861316,157034330,43,1474,0,0,0,0,0,0,"[""121165459"", ""193238141"", ""215052803"", ""55355667"", ""127263729"", ""188032543"", ""138589509"", ""139603572"", ""177916694"", ""194625477""]"
none_subset,4,199220900,172517595,46,61,0,0,0,0,0,0,"[""113497361"", ""86091554"", ""162270850"", ""209824689"", ""200878445"", ""171974189"", ""204039714"", ""120660699"", ""211774611"", ""77408378""]"
none_subset,4,194601945,167254572,57,669,0,0,0,0,0,0,"[""202770273"", ""204632527"", ""205338582"", ""126962839"", ""118260233"", ""78545033"", ""182256012"", ""163252829"", ""209502529"", ""140041163""]"
none_subset,4,209766875,129198704,62,756,0,0,0,0,0,0,"[""202517117"", ""206062280"", ""146833356"", ""139116865"", ""213830821"", ""181082260"", ""196345674"", ""210566449"", ""207133151"", ""127953008""]"
none_subset,4,116160094,86336122,46,260,0,0,0,0,0,0,"[""200727306"", ""51224844"", ""140412713"", ""77518021"", ""12880586"", ""78696152"", ""191328220"", ""64629457"", ""206579192"", ""205019069""]"
none_subset,4,147717089,108862398,64,3,0,1,1,1,1,1,"[""139515295"", ""131569653"", ""108862398"", ""200497374"", ""96029631"", ""154504845"", ""7771724"", ""79117002"", ""148413683"", ""143662194""]"
none_subset,4,186626837,158545727,4,10,0,0,0,1,1,1,"[""120205229"", ""192786300"", ""192331065"", ""184476437"", ""174176796"", ""191509023"", ""194507763"", ""121290364"", ""160260159"", ""158545727""]"
none_subset,4,119314301,106027581,38,2,0,1,1,1,1,1,"[""8550716"", ""106027581"", ""76978137"", ""168804724"", ""179876069"", ""98186259"", ""102778559"", ""116226486"", ""98791025"", ""198984787""]"
none_subset,4,204757422,175989090,38,2038,0,0,0,0,0,0,"[""127507638"", ""169977461"", ""79794775"", ""91942518"", ""139871095"", ""145712328"", ""131972279"", ""162038910"", ""120704031"", ""180406128""]"
none_subset,4,219332289,205051314,38,7,0,0,0,1,1,1,"[""149816343"", ""180260568"", ""145782832"", ""181443633"", ""67086891"", ""160303868"", ""205051314"", ""181203442"", ""147242050"", ""187069957""]"
none_subset,4,186986097,133869230,62,1481,0,0,0,0,0,0,"[""93485203"", ""162429356"", ""212209791"", ""188657346"", ""132102628"", ""60498626"", ""150945055"", ""185125027"", ""127120146"", ""158541711""]"
none_subset,4,224030595,213046127,37,3,0,1,1,1,1,1,"[""204077513"", ""150765445"", ""213046127"", ""206129800"", ""206967323"", ""214409276"", ""209000043"", ""204161065"", ""214532522"", ""187021020""]"
none_subset,4,223060529,211190408,46,73,0,0,0,0,0,0,"[""136909437"", ""76061645"", ""137142760"", ""210970459"", ""169229877"", ""167548901"", ""210780225"", ""183049052"", ""209980383"", ""105169863""]"
none_subset,4,225333086,214293298,46,253,0,0,0,0,0,0,"[""177962710"", ""210448956"", ""209179234"", ""178405632"", ""205545277"", ""129461367"", ""105346807"", ""168220750"", ""173540309"", ""13414842""]"
none_subset,4,223202492,212168854,43,9,0,0,0,1,1,1,"[""176670642"", ""213237056"", ""124514494"", ""161692106"", ""192247862"", ""204884209"", ""183029564"", ""176475069"", ""212168854"", ""89403432""]"
none_subset,4,102160839,96260659,57,808,0,0,0,0,0,0,"[""83357296"", ""195891082"", ""191244076"", ""115422067"", ""132304565"", ""57914854"", ""30933369"", ""135805652"", ""211835809"", ""139028158""]"
none_subset,4,206290777,118125733,37,553,0,0,0,0,0,0,"[""192913849"", ""150765445"", ""187021020"", ""131581832"", ""163655065"", ""195715759"", ""143874999"", ""201258368"", ""150707511"", ""196683792""]"
none_subset,4,205775114,168366363,4,204,0,0,0,0,0,0,"[""141130959"", ""167104684"", ""111047550"", ""157103009"", ""158607543"", ""193891234"", ""81195353"", ""110480641"", ""207942600"", ""144264277""]"
none_subset,4,213047715,192139123,37,1501,0,0,0,0,0,0,"[""94672340"", ""146393296"", ""178244096"", ""205679951"", ""180649299"", ""156440997"", ""91173744"", ""207958727"", ""162276026"", ""196133478""]"
none_subset,4,207498692,142735207,64,1373,0,0,0,0,0,0,"[""153356810"", ""160008395"", ""153330413"", ""80098795"", ""151051885"", ""179015555"", ""119643934"", ""157803989"", ""124198714"", ""148153014""]"
none_subset,4,208946500,161751974,62,461,0,0,0,0,0,0,"[""176309620"", ""165049336"", ""106557292"", ""63080448"", ""210678182"", ""123665712"", ""143261727"", ""152815967"", ""188189839"", ""82227003""]"
none_subset,4,33617843,36111005,46,61,0,0,0,0,0,0,"[""138953275"", ""120963350"", ""131488301"", ""109562038"", ""58412205"", ""139114542"", ""142607225"", ""182701626"", ""203343668"", ""178870249""]"
none_subset,4,193642806,139649558,46,3,0,1,1,1,1,1,"[""154894208"", ""193074174"", ""139649558"", ""184612826"", ""127947793"", ""167383627"", ""196783083"", ""208493172"", ""177591787"", ""193874948""]"
none_subset,4,192026550,119096193,38,6,0,0,0,1,1,1,"[""145151055"", ""150630196"", ""178462865"", ""101461920"", ""187612197"", ""119096193"", ""185863262"", ""76417560"", ""102812596"", ""16689432""]"
none_subset,4,179279562,148395469,38,291,0,0,0,0,0,0,"[""79372963"", ""89552272"", ""96313601"", ""171755799"", ""12905940"", ""201030455"", ""98186259"", ""71896485"", ""45759986"", ""116226486""]"
none_subset,4,208649877,184547134,38,443,0,0,0,0,0,0,"[""123821164"", ""148428740"", ""18107447"", ""145865678"", ""181880655"", ""38003672"", ""215150803"", ""200830087"", ""179244626"", ""180023471""]"
none_subset,4,222409288,206947052,4,18,0,0,0,0,1,1,"[""45403148"", ""154473913"", ""209043508"", ""185596367"", ""113199812"", ""211469837"", ""164258790"", ""205530255"", ""206276218"", ""206235969""]"
none_subset,4,192463695,164467222,43,106,0,0,0,0,0,0,"[""183856655"", ""201006052"", ""212847147"", ""114763824"", ""148635203"", ""204570694"", ""176565044"", ""171948652"", ""140307868"", ""201736764""]"
none_subset,4,24131087,23370473,64,1588,0,0,0,0,0,0,"[""181619566"", ""19607163"", ""90897593"", ""187708913"", ""80281524"", ""138322181"", ""128607088"", ""176380655"", ""46094230"", ""155183786""]"
none_subset,4,219575931,204090999,57,1381,0,0,0,0,0,0,"[""98039533"", ""121902729"", ""141989435"", ""165637321"", ""206553944"", ""170453821"", ""183993242"", ""73841445"", ""184690297"", ""86264024""]"
none_subset,4,195871684,167314927,62,2471,0,0,0,0,0,0,"[""74242439"", ""143932676"", ""150060889"", ""174963383"", ""208335318"", ""186943676"", ""87531727"", ""117006578"", ""135632302"", ""101066716""]"
none_subset,4,196322778,76668217,64,26,0,0,0,0,1,1,"[""98469115"", ""165717472"", ""174916841"", ""163956163"", ""153275921"", ""126295674"", ""135170809"", ""132289907"", ""111495627"", ""167172273""]"
none_subset,4,216142657,191096738,4,283,0,0,0,0,0,0,"[""194142299"", ""185880119"", ""142381741"", ""192424356"", ""156471159"", ""160037231"", ""152566280"", ""171447530"", ""203048719"", ""146249483""]"
none_subset,4,82006848,78523755,64,39,0,0,0,0,0,1,"[""82808529"", ""44132236"", ""83781866"", ""74256345"", ""75157723"", ""205920501"", ""130094229"", ""90790862"", ""185413694"", ""155708697""]"
none_subset,4,217905927,201535486,43,310,0,0,0,0,0,0,"[""156158359"", ""197613208"", ""208096405"", ""168131196"", ""164251704"", ""138585496"", ""208864917"", ""192529072"", ""102424723"", ""166148334""]"
none_subset,4,208390545,59625040,46,1819,0,0,0,0,0,0,"[""173365679"", ""141781507"", ""131042947"", ""204314440"", ""209764015"", ""168442343"", ""200555275"", ""211555684"", ""200860795"", ""210643352""]"
none_subset,4,179369744,73560534,38,1073,0,0,0,0,0,0,"[""49391991"", ""121639115"", ""156424467"", ""179234058"", ""177165475"", ""181436319"", ""98078621"", ""186767110"", ""81220432"", ""144272305""]"
none_subset,4,101140480,94325281,64,1031,0,0,0,0,0,0,"[""155183786"", ""32252174"", ""202708847"", ""142119938"", ""96431966"", ""67998486"", ""60046348"", ""152603802"", ""209711556"", ""190240397""]"
none_subset,4,89674009,81691027,38,106,0,0,0,0,0,0,"[""200850313"", ""72092510"", ""26133933"", ""125136923"", ""114055239"", ""170281060"", ""158536496"", ""200715695"", ""155422545"", ""94336615""]"
none_subset,4,142761922,125568463,46,1470,0,0,0,0,0,0,"[""206995470"", ""170790096"", ""169435001"", ""143853422"", ""210626515"", ""160547931"", ""150142821"", ""197086187"", ""211380085"", ""208035235""]"
none_subset,4,33678576,15001776,64,817,0,0,0,0,0,0,"[""60032340"", ""155183786"", ""196347311"", ""25588585"", ""138322181"", ""97354544"", ""63474547"", ""115621700"", ""121260031"", ""151134804""]"
none_subset,4,179476917,141606114,4,93,0,0,0,0,0,0,"[""187964382"", ""138975756"", ""148281605"", ""149759096"", ""68871068"", ""122564854"", ""167643231"", ""122594682"", ""144373105"", ""12396291""]"
none_subset,4,223946239,213414254,4,77,0,0,0,0,0,0,"[""191147915"", ""183858161"", ""188321672"", ""207726716"", ""187535990"", ""189899644"", ""193871241"", ""171567687"", ""190091385"", ""200860968""]"
none_subset,4,174118254,143065905,37,3,0,1,1,1,1,1,"[""142113211"", ""140618489"", ""143065905"", ""173621712"", ""142508806"", ""70970519"", ""188646002"", ""183268600"", ""128944935"", ""28242894""]"
none_subset,4,183117973,115290940,37,739,0,0,0,0,0,0,"[""190113798"", ""114167582"", ""164415171"", ""186429778"", ""201003118"", ""173227324"", ""137589893"", ""125089746"", ""152555454"", ""191884055""]"
none_subset,4,175413260,130737214,38,453,0,0,0,0,0,0,"[""184191073"", ""183904957"", ""191080128"", ""135619578"", ""147412707"", ""105149146"", ""95952428"", ""109987226"", ""159426855"", ""191973875""]"
none_subset,4,209482859,181736422,38,19,0,0,0,0,1,1,"[""180386955"", ""128168264"", ""149343290"", ""136204876"", ""153387624"", ""145998937"", ""182521308"", ""56711957"", ""99798516"", ""212088933""]"
none_subset,4,221003754,206800954,4,1467,0,0,0,0,0,0,"[""156251697"", ""177860593"", ""213617512"", ""145955411"", ""184476437"", ""192786300"", ""185275943"", ""184753068"", ""176720818"", ""177949545""]"
none_subset,4,118883001,105063982,57,312,0,0,0,0,0,0,"[""202526079"", ""209502529"", ""210683531"", ""205338620"", ""204632529"", ""196654350"", ""196594818"", ""210204860"", ""205338582"", ""172059758""]"
none_subset,4,218366315,140803712,46,880,0,0,0,0,0,0,"[""180795459"", ""78696152"", ""176659851"", ""111077753"", ""206579192"", ""205019069"", ""178975230"", ""79809742"", ""78004872"", ""52439531""]"
none_subset,4,209894344,167892996,57,657,0,0,0,0,0,0,"[""97187105"", ""180302528"", ""117927111"", ""111084475"", ""57914854"", ""166094087"", ""52718700"", ""97375211"", ""159050136"", ""124098501""]"
none_subset,4,207061491,168928025,62,1276,0,0,0,0,0,0,"[""52773606"", ""151308081"", ""94546694"", ""106557292"", ""99563204"", ""170213166"", ""124381580"", ""150070859"", ""79798298"", ""138120106""]"
none_subset,4,201593798,161790106,43,63,0,0,0,0,0,0,"[""162612749"", ""166706405"", ""5568612"", ""188561727"", ""194941770"", ""166708862"", ""166301530"", ""121507083"", ""209145709"", ""207792788""]"
none_subset,4,225306237,215138112,64,324,0,0,0,0,0,0,"[""211889722"", ""174719538"", ""176590943"", ""184550395"", ""196368507"", ""207726882"", ""197268810"", ""200030150"", ""214403909"", ""150570854""]"
none_subset,4,143777051,114526627,62,1738,0,0,0,0,0,0,"[""205608634"", ""119396258"", ""73563944"", ""136598057"", ""205254156"", ""195015114"", ""146789147"", ""52192033"", ""57745589"", ""187198512""]"
none_subset,4,217014070,150945016,37,1165,0,0,0,0,0,0,"[""45171964"", ""178961164"", ""204920168"", ""139778879"", ""147435678"", ""187043151"", ""193825569"", ""210858780"", ""202222440"", ""154409188""]"
none_subset,4,180094400,149056162,37,162,0,0,0,0,0,0,"[""193030442"", ""53389573"", ""98865638"", ""200915401"", ""84838254"", ""144129822"", ""194094966"", ""131030641"", ""159574917"", ""213471023""]"
none_subset,4,207560852,183472917,62,565,0,0,0,0,0,0,"[""213066001"", ""191313815"", ""192772205"", ""172997177"", ""210489322"", ""202235121"", ""206841068"", ""197247155"", ""188217169"", ""125264671""]"
none_subset,4,184775118,154364197,64,2488,0,0,0,0,0,0,"[""146444401"", ""194941994"", ""130509385"", ""101169098"", ""121260031"", ""101323481"", ""162672027"", ""194767716"", ""123687478"", ""85881610""]"
none_subset,4,223690184,207948213,38,6,0,0,0,1,1,1,"[""126409844"", ""127507638"", ""63443950"", ""180907201"", ""139871095"", ""207948213"", ""173812439"", ""160601835"", ""176448085"", ""199402447""]"
none_subset,4,214828736,195583647,37,1818,0,0,0,0,0,0,"[""209585249"", ""195073454"", ""210478382"", ""210307849"", ""151312435"", ""211380775"", ""212621102"", ""162230699"", ""204373526"", ""210025924""]"
none_subset,4,191627223,164099332,62,2338,0,0,0,0,0,0,"[""156503039"", ""45997741"", ""117006578"", ""101066716"", ""191710575"", ""194289010"", ""187005682"", ""178964015"", ""15942056"", ""145492438""]"
none_subset,4,197554152,170263816,62,703,0,0,0,0,0,0,"[""113866351"", ""162263431"", ""114525243"", ""74242439"", ""42940692"", ""75207324"", ""45013331"", ""164086518"", ""117006578"", ""96606456""]"
none_subset,4,166510036,138606216,38,60,0,0,0,0,0,0,"[""211454407"", ""104770507"", ""143671272"", ""198984787"", ""203371728"", ""206918840"", ""164618247"", ""132680001"", ""46729593"", ""192654285""]"
none_subset,4,224499261,212715570,37,1,1,1,1,1,1,1,"[""212715570"", ""203721801"", ""108027894"", ""117685268"", ""173981806"", ""210562159"", ""201572634"", ""207956028"", ""172288418"", ""212542886""]"
none_subset,4,201827405,165105661,4,118,0,0,0,0,0,0,"[""44858664"", ""154474714"", ""123881493"", ""202002064"", ""165897952"", ""193566719"", ""200875902"", ""112972489"", ""193831253"", ""156469871""]"
none_subset,4,216775171,200451540,37,1,1,1,1,1,1,1,"[""200451540"", ""212715570"", ""205430382"", ""172288418"", ""210467440"", ""179758158"", ""177427251"", ""148596814"", ""203721801"", ""179242738""]"
none_subset,4,210702617,185394378,46,23,0,0,0,0,1,1,"[""78390422"", ""13940893"", ""76396478"", ""201508287"", ""168815908"", ""202371479"", ""17698917"", ""201311355"", ""214806915"", ""214023065""]"
none_subset,4,187312110,156634898,37,1238,0,0,0,0,0,0,"[""146127372"", ""206382148"", ""195462928"", ""176184502"", ""163365579"", ""145706391"", ""152102790"", ""43972733"", ""129519764"", ""159129159""]"
none_subset,4,199742206,157864488,46,117,0,0,0,0,0,0,"[""105064166"", ""160019718"", ""157884203"", ""203171809"", ""21000985"", ""193559506"", ""211693984"", ""158806989"", ""197116987"", ""214464211""]"
none_subset,4,196365631,167676599,57,945,0,0,0,0,0,0,"[""143993691"", ""149204965"", ""89118059"", ""173615718"", ""143096525"", ""111600891"", ""102144765"", ""163924604"", ""154845037"", ""103674969""]"
none_subset,4,181812252,156940916,37,39,0,0,0,0,0,1,"[""147751334"", ""174852305"", ""151305355"", ""154513499"", ""190113798"", ""114167582"", ""204882158"", ""204151797"", ""137979982"", ""157140706""]"
none_subset,4,218337644,143874999,37,28,0,0,0,0,1,1,"[""149406187"", ""164055285"", ""168021556"", ""131581832"", ""75770971"", ""80795762"", ""191027835"", ""149204589"", ""53074039"", ""192913849""]"
none_subset,4,144726662,190355590,62,1079,0,0,0,0,0,0,"[""48004410"", ""189107795"", ""207100364"", ""94546694"", ""124381580"", ""188696626"", ""70069885"", ""83719006"", ""117835777"", ""212966939""]"
none_subset,4,143700091,86486091,43,37,0,0,0,0,0,1,"[""38196926"", ""153867752"", ""188378226"", ""173924308"", ""198017996"", ""183751849"", ""188690647"", ""158737000"", ""119064343"", ""152362642""]"
none_subset,4,34396324,33876194,38,594,0,0,0,0,0,0,"[""149982401"", ""76490987"", ""60873658"", ""12905940"", ""211890068"", ""155589050"", ""122139403"", ""114055239"", ""79372963"", ""207244739""]"
none_subset,4,165802679,138538000,57,827,0,0,0,0,0,0,"[""117778876"", ""113810132"", ""194873205"", ""118105872"", ""174340588"", ""179858380"", ""172564451"", ""87015571"", ""81446713"", ""203365566""]"
none_subset,4,220573897,202329514,46,254,0,0,0,0,0,0,"[""88088262"", ""143689220"", ""153503851"", ""109762523"", ""154821670"", ""205657343"", ""159344605"", ""158038948"", ""59097004"", ""214112052""]"
none_subset,4,217689516,201024429,46,381,0,0,0,0,0,0,"[""21000985"", ""168398015"", ""16339902"", ""23740233"", ""110900877"", ""79146025"", ""142537342"", ""156263625"", ""186542267"", ""143689220""]"
none_subset,4,216403684,188213435,46,45,0,0,0,0,0,1,"[""182764303"", ""171801408"", ""134507475"", ""76061645"", ""155260589"", ""184357726"", ""201991995"", ""179861117"", ""137171317"", ""180455338""]"
none_subset,4,212699570,191197833,57,19,0,0,0,0,1,1,"[""163533843"", ""122751221"", ""188514510"", ""24439761"", ""44099846"", ""162086507"", ""136653363"", ""113601078"", ""57499088"", ""141728487""]"
none_subset,4,207300178,181324249,38,235,0,0,0,0,0,0,"[""113398847"", ""202119038"", ""111431777"", ""132680001"", ""95395941"", ""108693433"", ""95406694"", ""177616565"", ""180533985"", ""157753200""]"
none_subset,4,209930337,170725190,4,369,0,0,0,0,0,0,"[""77968334"", ""119654700"", ""50883863"", ""186220965"", ""200589143"", ""198809896"", ""152685161"", ""65093644"", ""65093674"", ""192757426""]"
none_subset,4,201722982,145042950,62,185,0,0,0,0,0,0,"[""191653901"", ""134905481"", ""193047150"", ""148423515"", ""99563204"", ""194380124"", ""136496108"", ""193681633"", ""179824517"", ""91550082""]"
none_subset,4,84237445,58379904,64,386,0,0,0,0,0,0,"[""141045171"", ""112056185"", ""183047062"", ""17386508"", ""185454425"", ""112345894"", ""185413694"", ""120420310"", ""126589451"", ""108773457""]"
none_subset,4,148404099,120181686,37,25,0,0,0,0,1,1,"[""115215869"", ""42842956"", ""213026576"", ""29496516"", ""188967908"", ""183122776"", ""118291817"", ""70624061"", ""53410176"", ""185636932""]"
none_subset,4,165463652,136057001,62,152,0,0,0,0,0,0,"[""144314189"", ""199438255"", ""110270218"", ""199714786"", ""173119325"", ""139296753"", ""169222138"", ""147492641"", ""210228776"", ""189178547""]"
none_subset,4,128434761,113148033,37,1707,0,0,0,0,0,0,"[""93714502"", ""152140191"", ""151437967"", ""200025016"", ""192597928"", ""140336042"", ""130025536"", ""191525669"", ""155606960"", ""194155044""]"
none_subset,4,222955728,208750964,57,210,0,0,0,0,0,0,"[""91035907"", ""108201708"", ""164248569"", ""155647098"", ""64014597"", ""84850725"", ""212108240"", ""47987945"", ""175953709"", ""117779935""]"
none_subset,4,205399887,171828064,37,1220,0,0,0,0,0,0,"[""145502443"", ""124537731"", ""150887352"", ""170224824"", ""116240817"", ""136371572"", ""154674968"", ""195375302"", ""119227333"", ""196428679""]"
none_subset,4,154200016,119703959,46,1155,0,0,0,0,0,0,"[""158008511"", ""170352052"", ""143366526"", ""133779076"", ""73765596"", ""128991595"", ""178317980"", ""79809742"", ""127761298"", ""126200509""]"
none_subset,4,217258793,201437730,46,910,0,0,0,0,0,0,"[""156109827"", ""132867538"", ""205233162"", ""191328220"", ""175661430"", ""184894786"", ""209924155"", ""108971427"", ""114654675"", ""207134724""]"
none_subset,4,196274175,165770420,4,672,0,0,0,0,0,0,"[""171791158"", ""138308946"", ""141167432"", ""140425447"", ""130284203"", ""113084668"", ""157939590"", ""210655795"", ""99699218"", ""107153632""]"
none_subset,4,225228664,213581190,64,30,0,0,0,0,1,1,"[""150123553"", ""81240114"", ""141447890"", ""181496296"", ""132289907"", ""179411117"", ""129359241"", ""165315994"", ""64620490"", ""144399371""]"
none_subset,4,110145801,87001748,43,460,0,0,0,0,0,0,"[""157655830"", ""124359099"", ""162160284"", ""141811973"", ""194952332"", ""192226046"", ""205822080"", ""81706080"", ""67063550"", ""181065510""]"
none_subset,4,184208582,153459958,4,185,0,0,0,0,0,0,"[""153417658"", ""104186703"", ""68173330"", ""200439718"", ""50337874"", ""148023845"", ""170613385"", ""181646106"", ""75870943"", ""113628354""]"
none_subset,4,165752538,120041482,62,5,0,0,1,1,1,1,"[""212906250"", ""159227409"", ""210301365"", ""213770244"", ""120041482"", ""187612359"", ""80656120"", ""136225463"", ""150458051"", ""186169702""]"
none_subset,4,163874536,135684313,64,12,0,0,0,0,1,1,"[""61171911"", ""63897092"", ""113587141"", ""131569653"", ""126953299"", ""109320323"", ""67164744"", ""139515295"", ""60291031"", ""154504845""]"
none_subset,4,203940995,156161422,57,1430,0,0,0,0,0,0,"[""143993149"", ""204163092"", ""144992451"", ""185622297"", ""214202331"", ""126989970"", ""207389160"", ""180362640"", ""180192975"", ""193957464""]"
none_subset,4,139110313,61947978,4,2178,0,0,0,0,0,0,"[""138975756"", ""12396291"", ""9766161"", ""176867327"", ""100087840"", ""77682387"", ""68871068"", ""77929117"", ""154031903"", ""204147907""]"
none_subset,4,225314337,215634830,4,96,0,0,0,0,0,0,"[""180843726"", ""65093674"", ""65093644"", ""213979278"", ""140966958"", ""76519929"", ""173965616"", ""189302306"", ""161159839"", ""192757426""]"
none_subset,4,144806003,124551267,64,314,0,0,0,0,0,0,"[""81240114"", ""85531879"", ""142231631"", ""213581190"", ""150123553"", ""72224328"", ""131413365"", ""193734151"", ""92911620"", ""154412302""]"
none_subset,4,209283968,165285962,43,147,0,0,0,0,0,0,"[""185121060"", ""190234147"", ""188032543"", ""192829480"", ""168115086"", ""194288073"", ""171291776"", ""195474760"", ""116267659"", ""123511609""]"
none_subset,4,216753232,200055457,4,37,0,0,0,0,0,1,"[""125970295"", ""158546701"", ""165785804"", ""208445219"", ""187502252"", ""206276218"", ""190777107"", ""188577796"", ""191307999"", ""214480072""]"
none_subset,4,224362475,158173439,37,402,0,0,0,0,0,0,"[""134528240"", ""187502080"", ""172689752"", ""148515955"", ""153111696"", ""195908286"", ""105969122"", ""206756006"", ""63579301"", ""162977839""]"
none_subset,4,178569882,147820123,37,1829,0,0,0,0,0,0,"[""100774234"", ""33066220"", ""168678804"", ""149017929"", ""173645815"", ""169198169"", ""200025016"", ""84838254"", ""150433252"", ""165637927""]"
none_subset,4,209604337,180575809,4,8,0,0,0,1,1,1,"[""168959530"", ""185133383"", ""195078992"", ""203746928"", ""192331154"", ""204482650"", ""207985124"", ""180575809"", ""182904703"", ""195596465""]"
none_subset,4,219992524,164025251,64,980,0,0,0,0,0,0,"[""181619566"", ""187708913"", ""60032340"", ""80281524"", ""124198714"", ""154897158"", ""146444401"", ""90897593"", ""62550428"", ""194767716""]"
none_subset,4,198508821,123613267,4,57,0,0,0,0,0,0,"[""159734891"", ""63027674"", ""187964382"", ""143872793"", ""171792193"", ""202167018"", ""149759096"", ""122564854"", ""143548483"", ""89332658""]"
none_subset,4,148636912,122818220,43,892,0,0,0,0,0,0,"[""38841821"", ""188468452"", ""189516243"", ""75839769"", ""139496028"", ""193281522"", ""50216046"", ""114763824"", ""100464186"", ""118484592""]"
none_subset,4,204825101,169992252,4,2225,0,0,0,0,0,0,"[""179532049"", ""138966111"", ""183050709"", ""137276271"", ""43073275"", ""176492594"", ""80560830"", ""147036535"", ""120205229"", ""125829483""]"
none_subset,4,57431745,56593545,64,391,0,0,0,0,0,0,"[""107795593"", ""77539256"", ""200859322"", ""167354299"", ""193135598"", ""62604823"", ""20739628"", ""188599489"", ""118462041"", ""212485762""]"
none_subset,4,194697388,132953502,46,581,0,0,0,0,0,0,"[""180804264"", ""165704043"", ""170915583"", ""213672603"", ""204631912"", ""83202485"", ""77203173"", ""156554598"", ""197454401"", ""169782796""]"
none_subset,4,189028515,146801519,57,371,0,0,0,0,0,0,"[""145955425"", ""153152780"", ""36514535"", ""200287721"", ""199848959"", ""180302528"", ""143608153"", ""143721865"", ""70631789"", ""126756828""]"
none_subset,4,223909363,193541472,46,524,0,0,0,0,0,0,"[""77388181"", ""178445507"", ""178726814"", ""179800703"", ""156109827"", ""123314603"", ""143758782"", ""100882487"", ""211870655"", ""190912236""]"
none_subset,4,138495758,95030361,37,374,0,0,0,0,0,0,"[""143946320"", ""153205116"", ""93714502"", ""23924949"", ""121116115"", ""171828064"", ""21423746"", ""152140191"", ""142990642"", ""152508279""]"
none_subset,4,179447751,138028240,38,48,0,0,0,0,0,1,"[""172923145"", ""177589338"", ""78540845"", ""131972279"", ""167575814"", ""179558506"", ""127571400"", ""204637998"", ""105179693"", ""185835448""]"
none_subset,4,127852537,81626812,38,3,0,1,1,1,1,1,"[""193325020"", ""161002473"", ""81626812"", ""94347039"", ""207911331"", ""169452238"", ""125496543"", ""128080279"", ""169820470"", ""116676602""]"
none_subset,4,212440905,192424356,4,80,0,0,0,0,0,0,"[""205600080"", ""185107867"", ""210484477"", ""191316160"", ""195830492"", ""201657691"", ""192877167"", ""195510728"", ""181099732"", ""194160187""]"
none_subset,4,157670348,132803751,64,5,0,0,1,1,1,1,"[""203544848"", ""62313025"", ""211228726"", ""153356810"", ""132803751"", ""120966979"", ""182762792"", ""187363669"", ""124273952"", ""153594881""]"
none_subset,4,191985062,164550665,43,1229,0,0,0,0,0,0,"[""186549940"", ""203668670"", ""197613208"", ""145672403"", ""57957728"", ""161849641"", ""164476094"", ""117294409"", ""195408710"", ""197607322""]"
none_subset,4,225336634,48071159,37,1055,0,0,0,0,0,0,"[""105274553"", ""144899760"", ""77541701"", ""148067653"", ""194553077"", ""121116115"", ""137463465"", ""133932837"", ""181774091"", ""168870168""]"
none_subset,4,217323822,191689967,43,18,0,0,0,0,1,1,"[""140052409"", ""170439536"", ""147535992"", ""207549172"", ""112406996"", ""194343309"", ""203668670"", ""128927470"", ""204018856"", ""197493511""]"
none_subset,4,225164440,210724091,4,197,0,0,0,0,0,0,"[""13713734"", ""213963033"", ""207141467"", ""181099236"", ""134362005"", ""186674454"", ""211538436"", ""214408664"", ""140447135"", ""138891074""]"
none_subset,4,216502332,140995261,43,81,0,0,0,0,0,0,"[""211382244"", ""151082966"", ""124514494"", ""180987149"", ""147992742"", ""208786844"", ""125047033"", ""156989303"", ""117813626"", ""200893142""]"
none_subset,4,200789230,174884757,46,93,0,0,0,0,0,0,"[""123813852"", ""210561703"", ""109790613"", ""129461367"", ""131950511"", ""167346986"", ""113117731"", ""201270244"", ""149633160"", ""155058299""]"
none_subset,4,45683167,52432861,46,709,0,0,0,0,0,0,"[""30916684"", ""209744189"", ""82252188"", ""31105163"", ""171696517"", ""165953966"", ""210837002"", ""207470239"", ""205315794"", ""200400926""]"
none_subset,4,219224895,204919891,46,1,1,1,1,1,1,1,"[""204919891"", ""207964729"", ""200735701"", ""206477450"", ""181935054"", ""121689381"", ""204757175"", ""209947619"", ""168398015"", ""209817753""]"
none_subset,4,223224568,213006920,46,382,0,0,0,0,0,0,"[""170881830"", ""142436010"", ""210856802"", ""212261718"", ""164627162"", ""78183845"", ""201436985"", ""209482743"", ""58097180"", ""125993794""]"
none_subset,4,127083376,117996544,57,68,0,0,0,0,0,0,"[""213471870"", ""201700155"", ""209164848"", ""207615117"", ""187256807"", ""103317928"", ""167483506"", ""206066236"", ""175714996"", ""124368240""]"
none_subset,4,216446649,208397174,4,473,0,0,0,0,0,0,"[""171567687"", ""201765058"", ""196558620"", ""201461303"", ""183542149"", ""209268749"", ""198615413"", ""155790722"", ""195510728"", ""192331154""]"
none_subset,4,194056816,156424467,38,202,0,0,0,0,0,0,"[""206506072"", ""163280205"", ""130417987"", ""207390535"", ""194420087"", ""194853957"", ""123190192"", ""130168090"", ""178462865"", ""122392168""]"
none_subset,4,209768067,185690306,43,134,0,0,0,0,0,0,"[""179312045"", ""164354706"", ""181353898"", ""167369551"", ""112929002"", ""187498153"", ""119499591"", ""101275830"", ""181162961"", ""194820899""]"
none_subset,4,161378081,138066138,37,1498,0,0,0,0,0,0,"[""126361288"", ""205519279"", ""204531217"", ""200025016"", ""128177539"", ""162977839"", ""163644147"", ""116967483"", ""159931625"", ""178462679""]"
none_subset,4,199991961,120391248,46,172,0,0,0,0,0,0,"[""142607225"", ""205283945"", ""166648954"", ""206602271"", ""208233608"", ""202089470"", ""101842282"", ""144208600"", ""134421881"", ""109562038""]"
none_subset,4,36386504,39048064,37,457,0,0,0,0,0,0,"[""158117230"", ""152762226"", ""190113798"", ""125097939"", ""58893791"", ""188967908"", ""101318206"", ""183978577"", ""115215869"", ""183122776""]"
none_subset,4,197952774,165792749,64,199,0,0,0,0,0,0,"[""131215451"", ""195252134"", ""167980707"", ""199685872"", ""165423791"", ""195080854"", ""138404501"", ""121824532"", ""150390573"", ""159354842""]"
none_subset,4,122096182,87877269,43,50,0,0,0,0,0,1,"[""133241822"", ""186662243"", ""63103166"", ""154791746"", ""128249636"", ""63371049"", ""186702404"", ""158885545"", ""120002560"", ""74169300""]"
none_subset,4,22886682,21359328,64,411,0,0,0,0,0,0,"[""155183786"", ""176790633"", ""110653495"", ""188912158"", ""196347311"", ""141777886"", ""186761660"", ""169253567"", ""159428920"", ""129167787""]"
none_subset,4,61407787,67349325,4,287,0,0,0,0,0,0,"[""70921117"", ""126889201"", ""126241663"", ""144513042"", ""184778089"", ""157367139"", ""86774130"", ""183642706"", ""137934343"", ""154928608""]"
none_subset,4,212437081,143484940,46,782,0,0,0,0,0,0,"[""158946684"", ""16339902"", ""194811856"", ""139649558"", ""174665100"", ""201215254"", ""113654919"", ""113999669"", ""172374310"", ""110268464""]"
none_subset,4,182850287,143852845,4,358,0,0,0,0,0,0,"[""187964382"", ""148281605"", ""116057633"", ""23408401"", ""184587206"", ""122564854"", ""149095048"", ""149599673"", ""141488485"", ""149759096""]"
none_subset,4,221042154,204510866,64,954,0,0,0,0,0,0,"[""131413365"", ""92309560"", ""150385215"", ""143663551"", ""133372020"", ""78458855"", ""141237466"", ""16466362"", ""106247745"", ""161581546""]"
none_subset,4,223103015,178722271,46,99,0,0,0,0,0,0,"[""214729100"", ""204100293"", ""205235605"", ""153459843"", ""207544514"", ""70629074"", ""208712486"", ""213293208"", ""208431676"", ""170255404""]"
none_subset,4,174489681,144526487,62,119,0,0,0,0,0,0,"[""204830740"", ""75068139"", ""176890524"", ""146789147"", ""149483143"", ""24686208"", ""207274549"", ""97684562"", ""168009154"", ""100102954""]"
none_subset,4,218666287,144917714,62,47,0,0,0,0,0,1,"[""146789147"", ""176309620"", ""165242584"", ""210678182"", ""190409559"", ""189469136"", ""101422214"", ""143261727"", ""151558190"", ""57861067""]"
none_subset,4,221192154,207699341,38,1203,0,0,0,0,0,0,"[""170400945"", ""23769172"", ""118623949"", ""184519031"", ""194792551"", ""201179317"", ""61527883"", ""160114101"", ""204880845"", ""209984929""]"
none_subset,4,144941476,126821762,38,850,0,0,0,0,0,0,"[""169063398"", ""74626779"", ""141000837"", ""200830087"", ""202541337"", ""180347138"", ""99753126"", ""133274826"", ""182761191"", ""205283530""]"
none_subset,4,213619452,191768974,38,599,0,0,0,0,0,0,"[""179234058"", ""56367133"", ""151407481"", ""145768091"", ""98791025"", ""29779319"", ""73148680"", ""139423553"", ""80390206"", ""193002592""]"
none_subset,4,214827627,189572218,43,14,0,0,0,0,1,1,"[""157655830"", ""67063550"", ""194952332"", ""66867545"", ""173923821"", ""68949275"", ""153525929"", ""162160284"", ""205822080"", ""173027033""]"
none_subset,4,219328727,140979774,38,3,0,1,1,1,1,1,"[""199367174"", ""176883176"", ""140979774"", ""96535503"", ""38003672"", ""185682289"", ""200830087"", ""149637319"", ""183569499"", ""133136953""]"
none_subset,4,223530663,212392746,4,20,0,0,0,0,1,1,"[""190777127"", ""209124215"", ""190079873"", ""181054833"", ""176566249"", ""159567986"", ""200589462"", ""187320580"", ""194212862"", ""208530280""]"
none_subset,4,198057881,165738313,46,734,0,0,0,0,0,0,"[""106915000"", ""124997135"", ""147354525"", ""183321047"", ""181810712"", ""149465021"", ""205007406"", ""183767116"", ""208143888"", ""102715451""]"
none_subset,4,217562623,201534233,37,692,0,0,0,0,0,0,"[""202358108"", ""175073082"", ""204373346"", ""56675511"", ""192870188"", ""191257187"", ""208210254"", ""156606418"", ""199476373"", ""180787570""]"
none_subset,4,191273457,154513499,37,99,0,0,0,0,0,0,"[""78795109"", ""186429778"", ""137589893"", ""107504819"", ""87364828"", ""60946553"", ""120040052"", ""190113798"", ""191097659"", ""125097939""]"
none_subset,4,157925005,137046920,46,1335,0,0,0,0,0,0,"[""172815469"", ""208740737"", ""208021339"", ""209279100"", ""109531052"", ""163712975"", ""198213747"", ""168458372"", ""213571883"", ""174530579""]"
none_subset,4,218360635,124963799,64,1337,0,0,0,0,0,0,"[""146444401"", ""128607088"", ""194767716"", ""146630451"", ""176380655"", ""19607163"", ""147984435"", ""187708913"", ""138322181"", ""115621700""]"
none_subset,4,217204674,201230405,37,1533,0,0,0,0,0,0,"[""184297463"", ""190511714"", ""149838464"", ""105569391"", ""212356952"", ""160068637"", ""197633924"", ""118848444"", ""33563950"", ""201742088""]"
none_subset,4,195377967,124845859,38,434,0,0,0,0,0,0,"[""151180760"", ""141000837"", ""192315877"", ""107054492"", ""196304269"", ""106812535"", ""202873538"", ""102676974"", ""155138201"", ""62710943""]"
none_subset,4,210339024,185121060,43,62,0,0,0,0,0,0,"[""201671217"", ""209666551"", ""194288073"", ""168115086"", ""185851616"", ""212033090"", ""184091403"", ""178271380"", ""200208585"", ""183691121""]"
none_subset,4,25591321,25531112,46,428,0,0,0,0,0,0,"[""212690484"", ""139629122"", ""77308664"", ""172482275"", ""166648954"", ""210902832"", ""106146754"", ""105678196"", ""160007768"", ""109790613""]"
none_subset,4,220977104,207585798,46,127,0,0,0,0,0,0,"[""172482275"", ""106146754"", ""80179617"", ""74936221"", ""113055815"", ""138570829"", ""171063505"", ""174697458"", ""206905678"", ""203823420""]"
none_subset,4,206971453,176333956,57,2551,0,0,0,0,0,0,"[""197135877"", ""202358315"", ""209144105"", ""171165314"", ""88233542"", ""145955425"", ""193741544"", ""170340056"", ""213406997"", ""180448563""]"
none_subset,4,85173153,82721637,57,198,0,0,0,0,0,0,"[""96925080"", ""204918452"", ""200047293"", ""181449391"", ""49533219"", ""109553539"", ""176499492"", ""176499539"", ""205139218"", ""165678018""]"
none_subset,4,193746263,162672578,62,1654,0,0,0,0,0,0,"[""211808810"", ""154758359"", ""184146697"", ""207609626"", ""156225790"", ""126216841"", ""143227017"", ""170246818"", ""212180917"", ""212090087""]"
none_subset,4,215212259,178271380,43,672,0,0,0,0,0,0,"[""183307521"", ""210561607"", ""188081829"", ""183691121"", ""194288467"", ""132352792"", ""141872568"", ""188690647"", ""98569973"", ""209333848""]"
none_subset,4,212427666,189544617,38,88,0,0,0,0,0,0,"[""91690080"", ""113999751"", ""148419997"", ""164429352"", ""180386955"", ""177945691"", ""203228550"", ""37809434"", ""127751166"", ""191903812""]"
none_subset,4,194717003,155463873,46,577,0,0,0,0,0,0,"[""211268424"", ""96527698"", ""206843208"", ""164222847"", ""152763272"", ""173570492"", ""139939742"", ""104767223"", ""204237929"", ""134507475""]"
none_subset,4,158897718,140582477,4,39,0,0,0,0,0,1,"[""164258790"", ""186370381"", ""103936826"", ""205390513"", ""138626625"", ""105240256"", ""173611156"", ""210345187"", ""197428008"", ""113199812""]"
none_subset,4,219295081,178678331,43,246,0,0,0,0,0,0,"[""59161409"", ""51679199"", ""167068838"", ""177260407"", ""157995027"", ""126415167"", ""156395019"", ""45817946"", ""190069327"", ""153567645""]"
none_subset,4,76927414,71340112,64,595,0,0,0,0,0,0,"[""143663551"", ""92309560"", ""151134804"", ""145311547"", ""120966979"", ""173526297"", ""150385215"", ""73923102"", ""63404553"", ""125019219""]"
none_subset,4,215201357,173499684,37,663,0,0,0,0,0,0,"[""124776037"", ""170224824"", ""151808122"", ""209167644"", ""208532302"", ""209172941"", ""99494874"", ""195014964"", ""156134296"", ""196469804""]"
none_subset,4,192010385,163370879,43,4,0,0,1,1,1,1,"[""183407909"", ""165548600"", ""156066426"", ""163370879"", ""163505137"", ""147782228"", ""209858049"", ""209145709"", ""166272408"", ""171004770""]"
none_subset,4,222003684,199643627,37,806,0,0,0,0,0,0,"[""212752270"", ""183710535"", ""124237457"", ""197344850"", ""200918008"", ""28242894"", ""174850296"", ""185266696"", ""143134097"", ""148551230""]"
none_subset,4,123221830,105229312,62,433,0,0,0,0,0,0,"[""15723967"", ""36007287"", ""172191347"", ""203401813"", ""96438960"", ""144501764"", ""127168363"", ""205145270"", ""168753901"", ""48466258""]"
none_subset,4,41777667,20451062,62,520,0,0,0,0,0,0,"[""15942056"", ""115226483"", ""58086605"", ""124381580"", ""203397613"", ""172190870"", ""182016711"", ""197129044"", ""56305255"", ""187978938""]"
none_subset,4,214609708,194378841,43,275,0,0,0,0,0,0,"[""188577365"", ""192493949"", ""201535486"", ""209666551"", ""185851616"", ""182399428"", ""184091403"", ""201905433"", ""188081829"", ""183691121""]"
none_subset,4,201631636,164249239,57,2672,0,0,0,0,0,0,"[""200107430"", ""191366717"", ""140102042"", ""171903975"", ""15346485"", ""151871480"", ""201175338"", ""107527615"", ""196862956"", ""153811102""]"
none_subset,4,222303816,157210468,64,336,0,0,0,0,0,0,"[""157803989"", ""22329772"", ""166184401"", ""98960696"", ""44092132"", ""183225423"", ""146887481"", ""156476311"", ""121442493"", ""212760622""]"
none_subset,4,225196896,207062213,4,463,0,0,0,0,0,0,"[""195526680"", ""207568797"", ""169556971"", ""138898252"", ""206938701"", ""159659843"", ""144990362"", ""207099526"", ""138230611"", ""159924658""]"
none_subset,4,176526689,141186510,4,32,0,0,0,0,0,1,"[""191461282"", ""94286928"", ""141989738"", ""191509023"", ""88932849"", ""142381741"", ""181699642"", ""158175855"", ""158097383"", ""154359018""]"
none_subset,4,134158719,111626622,64,31,0,0,0,0,0,1,"[""183047062"", ""112345894"", ""152603802"", ""141045171"", ""155021743"", ""144073843"", ""185454425"", ""105144259"", ""210444502"", ""190240397""]"
none_subset,4,185738290,156445649,43,249,0,0,0,0,0,0,"[""100215754"", ""138585496"", ""205576818"", ""208096405"", ""120122284"", ""168131196"", ""207289652"", ""129711936"", ""60157409"", ""164251704""]"
none_subset,4,78929622,62551746,43,8,0,0,0,1,1,1,"[""163286400"", ""126937971"", ""86505092"", ""119543305"", ""152014829"", ""159358087"", ""178678331"", ""62551746"", ""75959067"", ""49526180""]"
none_subset,4,220638795,189820722,62,1388,0,0,0,0,0,0,"[""190409559"", ""195842978"", ""207242661"", ""195303938"", ""165279109"", ""91022274"", ""28665915"", ""129445274"", ""123548762"", ""118935444""]"
none_subset,4,181417674,150636236,37,936,0,0,0,0,0,0,"[""131581832"", ""65802140"", ""183553498"", ""186429778"", ""109284654"", ""46870157"", ""120040052"", ""187576908"", ""193335447"", ""82620936""]"
none_subset,4,217955716,202541424,62,255,0,0,0,0,0,0,"[""211808810"", ""154758359"", ""212180917"", ""211070786"", ""184146697"", ""207609626"", ""191604760"", ""204556096"", ""200033285"", ""126216841""]"
none_subset,4,197274778,162094120,38,1348,0,0,0,0,0,0,"[""110664117"", ""31197704"", ""214394715"", ""154107984"", ""213205324"", ""180023471"", ""123821164"", ""213984936"", ""100758724"", ""148428740""]"
none_subset,4,223991031,164143533,43,90,0,0,0,0,0,0,"[""197613208"", ""186549940"", ""212188315"", ""140052409"", ""200611512"", ""195408710"", ""112406996"", ""197607322"", ""40866643"", ""164476094""]"
none_subset,4,189551059,147982801,64,138,0,0,0,0,0,0,"[""60032340"", ""80281524"", ""201421429"", ""97354544"", ""56995363"", ""25588585"", ""181619566"", ""187708913"", ""97650176"", ""63474547""]"
none_subset,4,220092240,206534835,46,180,0,0,0,0,0,0,"[""215506263"", ""214290787"", ""211122713"", ""172482275"", ""203332786"", ""188461614"", ""178405632"", ""181269509"", ""205545277"", ""172966334""]"
none_subset,4,222081085,208014228,62,116,0,0,0,0,0,0,"[""127502123"", ""152708416"", ""173359648"", ""159960911"", ""16086259"", ""22547515"", ""127953008"", ""32645477"", ""131405477"", ""114243605""]"
none_subset,4,208005240,182135095,38,514,0,0,0,0,0,0,"[""154762222"", ""107054492"", ""177325365"", ""110457316"", ""106812535"", ""192992682"", ""202829895"", ""192191594"", ""75182035"", ""190550107""]"
none_subset,4,212749359,190252763,62,29,0,0,0,0,1,1,"[""212180917"", ""154758359"", ""161141246"", ""143227017"", ""170246818"", ""123145266"", ""189178547"", ""156225790"", ""209171711"", ""214748374""]"
none_subset,4,207603778,179859426,64,634,0,0,0,0,0,0,"[""143966670"", ""147553253"", ""200432002"", ""207683325"", ""187330722"", ""192498685"", ""192057548"", ""188538570"", ""157122738"", ""122150463""]"
none_subset,4,180700824,147782228,43,147,0,0,0,0,0,0,"[""186098084"", ""163505137"", ""182870508"", ""163900593"", ""173027033"", ""179105716"", ""146978431"", ""115899301"", ""68949275"", ""179184092""]"
none_subset,4,162078852,137561394,46,2083,0,0,0,0,0,0,"[""58408382"", ""79804197"", ""215475381"", ""153467283"", ""102715451"", ""194733810"", ""197949897"", ""158115780"", ""179610678"", ""171578170""]"
none_subset,4,154751535,120400439,62,168,0,0,0,0,0,0,"[""73906788"", ""45997741"", ""146789147"", ""142285131"", ""214173290"", ""204830740"", ""92445171"", ""165969228"", ""187005682"", ""22079020""]"
none_subset,4,205385440,180183536,43,14,0,0,0,0,1,1,"[""149017403"", ""200157421"", ""212781685"", ""157700498"", ""153557023"", ""176742045"", ""204821849"", ""166706901"", ""113535350"", ""124834146""]"
none_subset,4,217428024,188814328,37,209,0,0,0,0,0,0,"[""191911000"", ""153099679"", ""154803527"", ""195296935"", ""142665464"", ""204860223"", ""194408004"", ""182513421"", ""188375000"", ""190075252""]"
none_subset,4,207648209,177493371,38,100,0,0,0,0,0,0,"[""100712745"", ""104560006"", ""165127673"", ""69118085"", ""42815985"", ""187847040"", ""177493383"", ""188178632"", ""180260568"", ""152192864""]"
none_subset,4,220367642,183947428,43,589,0,0,0,0,0,0,"[""151416547"", ""132793063"", ""16074591"", ""87001748"", ""144482097"", ""136615619"", ""89861307"", ""100947091"", ""141417624"", ""187498153""]"
none_subset,4,78456224,56925731,64,6,0,0,0,1,1,1,"[""183047062"", ""152603802"", ""144073843"", ""153594881"", ""105144259"", ""56925731"", ""209711556"", ""154119154"", ""207130264"", ""48108527""]"
none_subset,4,153218715,76074145,37,153,0,0,0,0,0,0,"[""43972733"", ""96028215"", ""120147293"", ""139290462"", ""79730026"", ""92247640"", ""152508279"", ""197580749"", ""76963567"", ""65584321""]"
none_subset,4,225333160,214752682,57,7,0,0,0,1,1,1,"[""191366717"", ""204761139"", ""140102042"", ""190632146"", ""200107430"", ""211588897"", ""214752682"", ""142032570"", ""212919594"", ""141655237""]"
none_subset,4,194805577,153660098,38,54,0,0,0,0,0,0,"[""192721742"", ""5564013"", ""160066097"", ""52441610"", ""8550716"", ""213984936"", ""120604620"", ""118383153"", ""141801572"", ""50333725""]"
none_subset,4,224455436,212356952,37,90,0,0,0,0,0,0,"[""208864789"", ""204373346"", ""180787570"", ""212907091"", ""181463702"", ""185138562"", ""199476373"", ""202358108"", ""208210254"", ""201695307""]"
none_subset,4,223887952,211269773,46,170,0,0,0,0,0,0,"[""205395255"", ""144431749"", ""80538986"", ""208224187"", ""78566379"", ""150754478"", ""213655844"", ""76658512"", ""142436010"", ""134493849""]"
none_subset,4,212848340,193024332,62,454,0,0,0,0,0,0,"[""161141246"", ""190355590"", ""168270119"", ""210197649"", ""213858912"", ""171189946"", ""201062295"", ""124265654"", ""187839762"", ""145797588""]"
none_subset,4,194817964,167658682,4,143,0,0,0,0,0,0,"[""162346539"", ""207099526"", ""155908916"", ""215305148"", ""213696130"", ""214896797"", ""151649288"", ""171159402"", ""105544053"", ""179145991""]"
none_subset,4,158748278,122229490,46,759,0,0,0,0,0,0,"[""173222203"", ""160547557"", ""161497124"", ""160523276"", ""161172541"", ""45769216"", ""104127006"", ""205368126"", ""168398292"", ""202077303""]"
none_subset,4,225333131,169909145,4,66,0,0,0,0,0,0,"[""211167678"", ""99427859"", ""104121894"", ""53541477"", ""202002064"", ""25537887"", ""210573149"", ""53962226"", ""126762069"", ""167146275""]"
none_subset,4,224932968,153434097,57,13,0,0,0,0,1,1,"[""173370077"", ""146595840"", ""209801964"", ""206215452"", ""166225948"", ""189194901"", ""123741380"", ""208568786"", ""211144254"", ""204675075""]"
none_subset,4,218941839,111095986,43,320,0,0,0,0,0,0,"[""100344935"", ""170078458"", ""77959463"", ""145112504"", ""150869116"", ""75809532"", ""89224299"", ""56249203"", ""202388962"", ""196880896""]"
none_subset,4,224032864,207683325,64,36,0,0,0,0,0,1,"[""166184401"", ""121442493"", ""208915255"", ""173246608"", ""160842974"", ""98740806"", ""178000493"", ""69248477"", ""190174399"", ""157313823""]"
none_subset,4,223758143,195474760,43,46,0,0,0,0,0,1,"[""188032543"", ""185121060"", ""120597166"", ""170689754"", ""202025930"", ""140343241"", ""184870842"", ""123511609"", ""212213338"", ""178276896""]"
none_subset,4,206563348,182388466,37,218,0,0,0,0,0,0,"[""186780001"", ""64645018"", ""119064031"", ""157474416"", ""209849639"", ""173227324"", ""191097659"", ""196303408"", ""194193597"", ""164882856""]"
none_subset,4,194783674,134991704,64,10,0,0,0,1,1,1,"[""74256345"", ""75157723"", ""62987671"", ""81233351"", ""78523755"", ""193944748"", ""139856523"", ""86356781"", ""156966555"", ""134991704""]"
none_subset,4,206513862,182294617,4,176,0,0,0,0,0,0,"[""125829483"", ""20198247"", ""99699218"", ""192314331"", ""191462142"", ""215600148"", ""153928357"", ""63030233"", ""146861531"", ""43073275""]"
none_subset,4,209369722,186220965,4,397,0,0,0,0,0,0,"[""145094055"", ""181054833"", ""179145991"", ""203910236"", ""133632260"", ""145646315"", ""214491007"", ""148331489"", ""176819214"", ""193026353""]"
none_subset,4,221006448,187395162,46,1088,0,0,0,0,0,0,"[""204540006"", ""210880528"", ""165636439"", ""116838538"", ""154163322"", ""209175470"", ""201461152"", ""183767116"", ""173106990"", ""113117731""]"
none_subset,4,127399801,112914230,4,1022,0,0,0,0,0,0,"[""187502252"", ""206172053"", ""195539587"", ""73205799"", ""190530648"", ""191246700"", ""207099729"", ""197294044"", ""203339357"", ""202888371""]"
none_subset,4,221143173,208600442,37,2304,0,0,0,0,0,0,"[""155900040"", ""211519251"", ""163475905"", ""53074039"", ""201561139"", ""201258368"", ""108420147"", ""170334700"", ""76993042"", ""131581832""]"
none_subset,4,198211585,169494298,37,584,0,0,0,0,0,0,"[""201561139"", ""132747199"", ""215506448"", ""165980002"", ""173966675"", ""195292057"", ""154436028"", ""196469804"", ""207110453"", ""169799265""]"
none_subset,4,194098459,130951250,43,112,0,0,0,0,0,0,"[""188561727"", ""184024262"", ""101956556"", ""18269900"", ""214991554"", ""172285662"", ""206389196"", ""154639083"", ""5568612"", ""77390218""]"
none_subset,4,219201730,203280734,46,468,0,0,0,0,0,0,"[""179440577"", ""204484014"", ""208458622"", ""211987120"", ""210582711"", ""206477450"", ""207379889"", ""215428176"", ""174074948"", ""209947567""]"
none_subset,4,190777900,158784072,37,307,0,0,0,0,0,0,"[""29496516"", ""21114364"", ""189381669"", ""158117230"", ""120893128"", ""119227333"", ""139778879"", ""202222440"", ""150887352"", ""42842956""]"
none_subset,4,198092424,168805608,64,118,0,0,0,0,0,0,"[""115629895"", ""154046140"", ""210516871"", ""188619722"", ""153271284"", ""105051169"", ""207537844"", ""96322019"", ""200883111"", ""143939537""]"
none_subset,4,206286757,171004770,43,6,0,0,0,1,1,1,"[""191175133"", ""177067604"", ""188230609"", ""160058303"", ""164285938"", ""171004770"", ""199998641"", ""202567733"", ""198313310"", ""197247575""]"
none_subset,4,205564196,167863303,38,625,0,0,0,0,0,0,"[""190269757"", ""213205324"", ""205112185"", ""69350726"", ""110664117"", ""112758593"", ""154112907"", ""207664747"", ""169804292"", ""92430066""]"
none_subset,4,192985777,157240824,43,10,0,0,0,1,1,1,"[""212781685"", ""107227181"", ""164268294"", ""149017403"", ""204821849"", ""200157421"", ""192537325"", ""202632673"", ""197514276"", ""157240824""]"
none_subset,4,51409958,57715433,43,894,0,0,0,0,0,0,"[""143989763"", ""183856655"", ""132793063"", ""153591399"", ""167043645"", ""164870997"", ""151416547"", ""193313194"", ""144463129"", ""115216679""]"
none_subset,4,161879676,133182836,46,966,0,0,0,0,0,0,"[""128991595"", ""57427713"", ""196574179"", ""177423877"", ""102024389"", ""138384198"", ""197086187"", ""213724398"", ""76257409"", ""213854328""]"
none_subset,4,107486473,50306957,46,2038,0,0,0,0,0,0,"[""154821670"", ""190358880"", ""158102584"", ""150142821"", ""204899003"", ""164400164"", ""149547737"", ""194301324"", ""108196994"", ""78015202""]"
none_subset,4,225334015,215052803,43,1150,0,0,0,0,0,0,"[""147117418"", ""141417624"", ""193482080"", ""205605896"", ""186403472"", ""210534170"", ""158391463"", ""169890454"", ""180095819"", ""127000704""]"
none_subset,4,223412488,184599616,57,157,0,0,0,0,0,0,"[""99228573"", ""156210442"", ""194409455"", ""152341837"", ""174010829"", ""85175186"", ""211844405"", ""138406659"", ""90186991"", ""206553898""]"
none_subset,4,216739658,149349102,38,38,0,0,0,0,0,1,"[""177027866"", ""121639115"", ""155332547"", ""98078621"", ""163646287"", ""101699801"", ""158083734"", ""102778559"", ""17545320"", ""163280205""]"
none_subset,4,207027464,100333045,43,96,0,0,0,0,0,0,"[""195408710"", ""59497573"", ""191583920"", ""127254122"", ""128872941"", ""125638272"", ""67909736"", ""204449585"", ""119675310"", ""68154365""]"
none_subset,4,158465263,113201214,62,405,0,0,0,0,0,0,"[""210275902"", ""198209451"", ""202235121"", ""196284726"", ""192448420"", ""104016143"", ""119457798"", ""94242464"", ""126658969"", ""162634986""]"
none_subset,4,212472298,192473388,4,30,0,0,0,0,1,1,"[""153928357"", ""160129846"", ""186930348"", ""192331154"", ""189901460"", ""73825216"", ""190594964"", ""181099732"", ""203746928"", ""190161584""]"
none_subset,4,23874528,18962742,38,140,0,0,0,0,0,0,"[""119050794"", ""98526198"", ""179234058"", ""156424467"", ""44097793"", ""13553369"", ""66259210"", ""121639115"", ""98078621"", ""188178632""]"
none_subset,4,222518800,209726301,64,26,0,0,0,0,1,1,"[""106833257"", ""200969900"", ""192237530"", ""212527992"", ""99984234"", ""207152337"", ""212527990"", ""136552233"", ""85880294"", ""192032956""]"
none_subset,4,219225797,202843919,62,149,0,0,0,0,0,0,"[""105231780"", ""15445290"", ""203449670"", ""124884051"", ""110895997"", ""184570386"", ""205751825"", ""195518176"", ""128589400"", ""161194868""]"
none_subset,4,189554580,159931625,37,79,0,0,0,0,0,0,"[""89464961"", ""143946320"", ""139391729"", ""92247640"", ""51749408"", ""23924949"", ""198753304"", ""172603509"", ""209794141"", ""152508279""]"
none_subset,4,224421445,214290787,46,1,1,1,1,1,1,1,"[""214290787"", ""208458622"", ""214251597"", ""211063696"", ""207323221"", ""141013834"", ""211911671"", ""208805779"", ""210499137"", ""173540309""]"
none_subset,4,200718784,166296209,37,1462,0,0,0,0,0,0,"[""195054374"", ""202328626"", ""142665464"", ""153601190"", ""103348357"", ""120181686"", ""210858780"", ""202872941"", ""80808834"", ""157945105""]"
none_subset,4,194752033,166083961,4,545,0,0,0,0,0,0,"[""190621677"", ""122594682"", ""164940716"", ""187964382"", ""23408401"", ""135190327"", ""166908180"", ""193831253"", ""170267536"", ""181306942""]"
none_subset,4,137437216,119531432,62,7,0,0,0,1,1,1,"[""64365794"", ""150070859"", ""131293364"", ""152444456"", ""137144214"", ""209579537"", ""119531432"", ""127488091"", ""93457918"", ""143139548""]"
none_subset,4,212533988,152110846,37,101,0,0,0,0,0,0,"[""116929460"", ""126447640"", ""75770636"", ""103432765"", ""101679570"", ""198598972"", ""211483573"", ""205300777"", ""180713169"", ""169799464""]"
none_subset,4,117485448,105762137,4,97,0,0,0,0,0,0,"[""189945818"", ""64578501"", ""123481544"", ""88781085"", ""191493353"", ""181690465"", ""142456567"", ""177949545"", ""190758417"", ""206126527""]"
none_subset,4,195747171,146962552,62,1107,0,0,0,0,0,0,"[""67539912"", ""120041482"", ""195510107"", ""159227409"", ""152196456"", ""59818909"", ""194424066"", ""79175068"", ""201108158"", ""209562276""]"
none_subset,4,210524748,85531879,64,12,0,0,0,0,1,1,"[""132289907"", ""144399371"", ""181874277"", ""165315994"", ""212572450"", ""174772202"", ""98469115"", ""142231631"", ""72224328"", ""64620490""]"
none_subset,4,222944492,211288019,43,337,0,0,0,0,0,0,"[""195866072"", ""93370896"", ""18292202"", ""160598030"", ""120594115"", ""173492161"", ""99275271"", ""162605137"", ""158391463"", ""177260407""]"
none_subset,4,174812963,184753068,4,946,0,0,0,0,0,0,"[""201469264"", ""183534248"", ""192473388"", ""149247164"", ""190789377"", ""181909843"", ""187320580"", ""185071400"", ""143929940"", ""191690738""]"
none_subset,4,206110934,142456567,4,1,1,1,1,1,1,1,"[""142456567"", ""78628063"", ""193934711"", ""131110163"", ""189945818"", ""192836046"", ""171902128"", ""64578501"", ""112475075"", ""90543409""]"
none_subset,4,215537450,191143369,43,160,0,0,0,0,0,0,"[""203338637"", ""136644867"", ""198313310"", ""177591827"", ""154215969"", ""118456882"", ""160058303"", ""180987149"", ""113200738"", ""166752829""]"
none_subset,4,185718600,145100939,37,248,0,0,0,0,0,0,"[""147794006"", ""184920959"", ""102274756"", ""187812442"", ""16898206"", ""195886526"", ""193679263"", ""208900697"", ""128597267"", ""166075041""]"
none_subset,4,220611333,143255863,43,59,0,0,0,0,0,0,"[""200893142"", ""139778348"", ""198313310"", ""158737000"", ""127321663"", ""114685239"", ""177591827"", ""44768555"", ""191175133"", ""190193667""]"
none_subset,4,48157832,53760527,46,73,0,0,0,0,0,0,"[""140827649"", ""171694803"", ""64234906"", ""68978046"", ""194862890"", ""203665704"", ""127619503"", ""113591349"", ""126605515"", ""193512680""]"
none_subset,4,219280378,203565055,37,279,0,0,0,0,0,0,"[""143874999"", ""181590682"", ""197238711"", ""168816718"", ""184297463"", ""173966675"", ""210562159"", ""201741807"", ""202157886"", ""75770971""]"
none_subset,4,223382066,212267410,64,61,0,0,0,0,0,0,"[""195529634"", ""206705882"", ""192779268"", ""183013744"", ""195252307"", ""196574884"", ""214208964"", ""182426229"", ""96822403"", ""144706392""]"
none_subset,4,161110919,132405642,37,1075,0,0,0,0,0,0,"[""122241592"", ""107202977"", ""149248013"", ""124354943"", ""152555454"", ""160430913"", ""154947799"", ""126929630"", ""92919228"", ""145706391""]"
none_subset,4,99910872,93265631,38,336,0,0,0,0,0,0,"[""64731721"", ""104386568"", ""158784944"", ""111373874"", ""111175760"", ""206865806"", ""171072811"", ""70632567"", ""171909035"", ""127107925""]"
none_subset,4,174486128,143996100,43,779,0,0,0,0,0,0,"[""196729212"", ""165627910"", ""165688631"", ""162465061"", ""167697776"", ""201910129"", ""198089149"", ""173407949"", ""116979481"", ""98301531""]"
none_subset,4,119806942,107498666,64,204,0,0,0,0,0,0,"[""189988059"", ""209711556"", ""48108527"", ""183047062"", ""78359767"", ""112345894"", ""108773457"", ""4145981"", ""141045171"", ""177080791""]"
none_subset,4,52887730,52014335,62,553,0,0,0,0,0,0,"[""52773606"", ""28665915"", ""190409559"", ""195842978"", ""134377605"", ""210681202"", ""160329216"", ""13867381"", ""76087987"", ""138120106""]"
none_subset,4,178854662,141417624,43,881,0,0,0,0,0,0,"[""194231584"", ""80700126"", ""54249020"", ""184170758"", ""121165459"", ""111987995"", ""196073854"", ""188032543"", ""144628962"", ""116267659""]"
none_subset,4,15268100,12969939,38,87,0,0,0,0,0,0,"[""76490987"", ""71896485"", ""25706087"", ""66259210"", ""197196790"", ""93265631"", ""186767110"", ""96313601"", ""68188580"", ""167154238""]"
none_subset,4,212645423,132121212,43,986,0,0,0,0,0,0,"[""180428174"", ""202626349"", ""182399428"", ""195224828"", ""198087076"", ""188582346"", ""201905433"", ""210037205"", ""198054092"", ""185851616""]"
none_subset,4,217571743,184920959,37,66,0,0,0,0,0,0,"[""205328844"", ""147309436"", ""182489418"", ""209794141"", ""99092830"", ""188918346"", ""192554825"", ""51749408"", ""96678439"", ""129112777""]"
none_subset,4,198279219,45997741,62,50,0,0,0,0,0,1,"[""131432619"", ""152444456"", ""190409559"", ""146789147"", ""193705208"", ""150061145"", ""128932637"", ""165284774"", ""206434730"", ""151558190""]"
none_subset,4,15443903,13798988,4,288,0,0,0,0,0,0,"[""154359018"", ""129269545"", ""153417658"", ""119898461"", ""201454668"", ""150107268"", ""88932849"", ""200030203"", ""174176796"", ""144264277""]"
none_subset,4,134645605,110234143,4,688,0,0,0,0,0,0,"[""181909843"", ""149247164"", ""156103241"", ""191462142"", ""201469264"", ""196676247"", ""146861531"", ""181278700"", ""146030654"", ""117471262""]"
none_subset,4,225182896,164582063,43,16,0,0,0,0,1,1,"[""105076717"", ""118470473"", ""178682090"", ""173923821"", ""163505137"", ""163900593"", ""154801139"", ""77511038"", ""186606199"", ""205822080""]"
none_subset,4,164760091,101504605,62,1595,0,0,0,0,0,0,"[""148066008"", ""210941490"", ""210326667"", ""142387882"", ""165226777"", ""200620813"", ""209556691"", ""187064730"", ""200029145"", ""73570160""]"
none_subset,4,223507024,156381928,37,1842,0,0,0,0,0,0,"[""76841920"", ""43972733"", ""88534873"", ""21114364"", ""150887352"", ""141475747"", ""152508279"", ""10976521"", ""58893791"", ""120893128""]"
none_subset,4,121980260,105912376,64,13,0,0,0,0,1,1,"[""157803989"", ""128304968"", ""179015555"", ""153330413"", ""152368057"", ""91451711"", ""88397191"", ""134091385"", ""126460114"", ""98960696""]"
none_subset,4,37616128,37809434,38,22,0,0,0,0,1,1,"[""112389064"", ""117957932"", ""145871617"", ""130421231"", ""114055239"", ""148360645"", ""149562058"", ""108421334"", ""112658377"", ""140742765""]"
none_subset,4,221666962,171006297,37,273,0,0,0,0,0,0,"[""208900697"", ""134610044"", ""142630827"", ""199385964"", ""167166017"", ""165689309"", ""187812442"", ""194266651"", ""204657562"", ""166075041""]"
none_subset,4,221195998,204315261,46,71,0,0,0,0,0,0,"[""114654675"", ""148554569"", ""175661430"", ""184894786"", ""156109827"", ""179800703"", ""77388181"", ""178808064"", ""21000985"", ""115324909""]"
none_subset,4,155700296,134950427,37,467,0,0,0,0,0,0,"[""156583528"", ""191630630"", ""201295768"", ""184921004"", ""162230699"", ""139778879"", ""191232165"", ""204920168"", ""187443642"", ""120181686""]"
none_subset,4,219384426,177423877,46,50,0,0,0,0,0,1,"[""192859823"", ""178975230"", ""132867538"", ""176659851"", ""114654675"", ""208649860"", ""107095516"", ""170790096"", ""148554569"", ""97623791""]"
none_subset,4,52591203,60048301,46,6,0,0,0,1,1,1,"[""213513527"", ""209744189"", ""166204499"", ""203343668"", ""82252188"", ""60048301"", ""204980714"", ""210837002"", ""61233280"", ""99417894""]"
none_subset,4,194720200,133465924,37,254,0,0,0,0,0,0,"[""165315733"", ""133932837"", ""120514294"", ""25189123"", ""149221878"", ""136895908"", ""136884669"", ""177169600"", ""155714315"", ""50495635""]"
none_subset,4,184703642,154097129,43,354,0,0,0,0,0,0,"[""76158891"", ""136644867"", ""215052803"", ""158792208"", ""166752829"", ""154766461"", ""113898898"", ""198313310"", ""189984269"", ""195601397""]"
none_subset,4,22540247,17218907,62,817,0,0,0,0,0,0,"[""45997741"", ""15942056"", ""187207232"", ""115226483"", ""78481865"", ""145492438"", ""117006578"", ""70069885"", ""45013331"", ""187005682""]"
none_subset,4,75524063,72221818,62,596,0,0,0,0,0,0,"[""182479029"", ""211690905"", ""125457528"", ""180292453"", ""167732430"", ""214110785"", ""174344189"", ""196129983"", ""56951341"", ""77400137""]"
none_subset,4,207611409,182081124,43,648,0,0,0,0,0,0,"[""146898856"", ""101275830"", ""140922487"", ""122777054"", ""130448492"", ""74652569"", ""213093649"", ""87877269"", ""104570734"", ""177473145""]"
none_subset,4,224366749,164627162,46,11,0,0,0,0,1,1,"[""150754478"", ""163309329"", ""162507293"", ""205395255"", ""172082320"", ""212429674"", ""203677273"", ""81506359"", ""172197706"", ""172199585""]"
none_subset,4,161997543,133742166,57,239,0,0,0,0,0,0,"[""173370077"", ""166225948"", ""205399595"", ""146595840"", ""171686923"", ""209801964"", ""57673806"", ""192532677"", ""52362364"", ""214449665""]"
none_subset,4,87189453,31739440,57,111,0,0,0,0,0,0,"[""128230073"", ""57673806"", ""193883899"", ""173370077"", ""171686923"", ""166225948"", ""201336486"", ""24251920"", ""55753543"", ""184973950""]"
none_subset,4,222925096,206088529,64,16,0,0,0,0,1,1,"[""35312252"", ""172848022"", ""60124479"", ""140855645"", ""8326062"", ""59824769"", ""58475692"", ""168247151"", ""108117280"", ""19492405""]"
none_subset,4,215536084,176499539,57,1362,0,0,0,0,0,0,"[""125339147"", ""197740362"", ""204145490"", ""179662298"", ""129352307"", ""86771304"", ""199101101"", ""134702798"", ""128512946"", ""136289629""]"
none_subset,4,194778493,48830519,4,14,0,0,0,0,1,1,"[""185515008"", ""211167678"", ""79387876"", ""206947052"", ""73118528"", ""199379224"", ""146976388"", ""209043508"", ""53541477"", ""165023261""]"
none_subset,4,174379685,114163759,43,1,1,1,1,1,1,1,"[""114163759"", ""127321663"", ""207021897"", ""198489911"", ""18269900"", ""207898804"", ""145855101"", ""188561727"", ""77390218"", ""118436830""]"
none_subset,4,67038814,50495635,37,108,0,0,0,0,0,0,"[""116929460"", ""110655675"", ""65802140"", ""211483573"", ""169770537"", ""143161006"", ""205300777"", ""101679570"", ""152110846"", ""202157886""]"
none_subset,4,218345110,176831577,57,1819,0,0,0,0,0,0,"[""63293833"", ""149427907"", ""151872768"", ""71702477"", ""202725978"", ""31931980"", ""202626135"", ""76371725"", ""188702606"", ""38003133""]"
none_subset,4,219470659,203497492,64,75,0,0,0,0,0,0,"[""162587856"", ""179216205"", ""84520046"", ""205920501"", ""108862398"", ""63897092"", ""58077655"", ""76907662"", ""204435589"", ""213253358""]"
none_subset,4,195024859,157002145,64,5,0,0,1,1,1,1,"[""192779268"", ""147671714"", ""96822403"", ""168805608"", ""157002145"", ""201736243"", ""115629895"", ""126647422"", ""200883111"", ""188619722""]"
none_subset,4,190170779,120932240,46,63,0,0,0,0,0,0,"[""205315794"", ""105064166"", ""184612826"", ""167383627"", ""111614660"", ""156554598"", ""156263625"", ""154894208"", ""158262693"", ""193467718""]"
none_subset,4,172736970,71742122,57,79,0,0,0,0,0,0,"[""189624094"", ""168668833"", ""70341779"", ""197342113"", ""182623124"", ""213471870"", ""212867260"", ""87015571"", ""138876045"", ""209414993""]"
none_subset,4,220347923,169443962,4,174,0,0,0,0,0,0,"[""186229725"", ""207566657"", ""105063903"", ""161593927"", ""70897180"", ""56998165"", ""116474962"", ""57958030"", ""36482821"", ""49427839""]"
none_subset,4,179957135,138995768,57,1096,0,0,0,0,0,0,"[""213406997"", ""156161422"", ""172994991"", ""77876788"", ""174340950"", ""84967169"", ""38003133"", ""148098437"", ""193303170"", ""180448563""]"
none_subset,4,133175234,137515745,43,509,0,0,0,0,0,0,"[""196069283"", ""35616285"", ""154766461"", ""84248620"", ""76158891"", ""109890234"", ""71735149"", ""154216019"", ""166752829"", ""188399184""]"
none_subset,4,211188780,173529593,4,1168,0,0,0,0,0,0,"[""102233014"", ""163349092"", ""119900827"", ""155908916"", ""147828982"", ""150456310"", ""139418370"", ""98834359"", ""191690738"", ""145094055""]"
none_subset,4,220588390,207413130,4,224,0,0,0,0,0,0,"[""205600080"", ""213160173"", ""203466268"", ""201657691"", ""182904703"", ""183509496"", ""203746928"", ""185360306"", ""215237393"", ""195510728""]"
none_subset,4,214980138,178112615,37,13,0,0,0,0,1,1,"[""209128550"", ""209161669"", ""188568572"", ""206298544"", ""213298601"", ""201660893"", ""168816718"", ""206864139"", ""191241938"", ""207698281""]"
none_subset,4,174184013,144305873,64,230,0,0,0,0,0,0,"[""203921886"", ""154412302"", ""41031023"", ""64566466"", ""126992314"", ""106247745"", ""97353101"", ""192057548"", ""124274061"", ""122150463""]"
none_subset,4,223294295,190533052,64,204,0,0,0,0,0,0,"[""146444401"", ""194941994"", ""60032340"", ""154897158"", ""116857348"", ""63993803"", ""181619566"", ""201970343"", ""85881610"", ""123687478""]"
none_subset,4,154270445,128589400,62,806,0,0,0,0,0,0,"[""188361417"", ""154207517"", ""208722933"", ""205608634"", ""213440363"", ""154898111"", ""189983212"", ""195994978"", ""185409558"", ""204527959""]"
none_subset,4,194962176,167846611,4,138,0,0,0,0,0,0,"[""210309601"", ""201829388"", ""208055757"", ""138178873"", ""213963033"", ""164194074"", ""191301984"", ""206345303"", ""138891074"", ""210970095""]"
none_subset,4,142475315,122639965,46,222,0,0,0,0,0,0,"[""187714756"", ""180613841"", ""180187517"", ""171974189"", ""144185503"", ""206995470"", ""191070592"", ""132534712"", ""162330233"", ""82040536""]"
none_subset,4,209210321,181408383,37,1,1,1,1,1,1,1,"[""181408383"", ""202030579"", ""202222318"", ""191538851"", ""209855515"", ""213637743"", ""183270553"", ""178410842"", ""198478244"", ""206278149""]"
none_subset,4,224767285,162605137,43,23,0,0,0,0,1,1,"[""160598030"", ""100215754"", ""207289652"", ""84074518"", ""98301531"", ""130556843"", ""205576818"", ""168131196"", ""127486066"", ""126415167""]"
none_subset,4,198827199,170711878,38,370,0,0,0,0,0,0,"[""173053311"", ""126531128"", ""213591035"", ""203526643"", ""119063324"", ""192554802"", ""159477810"", ""215139393"", ""153672609"", ""133691689""]"
none_subset,4,224053734,201823220,37,226,0,0,0,0,0,0,"[""209034394"", ""201572634"", ""211987844"", ""177427231"", ""117685268"", ""205430382"", ""202781695"", ""145639775"", ""200451540"", ""172288418""]"
none_subset,4,163763539,133301327,38,456,0,0,0,0,0,0,"[""18798683"", ""158733811"", ""146723193"", ""144257088"", ""81128902"", ""209121892"", ""145408759"", ""170054565"", ""166506623"", ""121097492""]"
none_subset,4,199964527,123167911,64,1320,0,0,0,0,0,0,"[""214350941"", ""128898155"", ""121428593"", ""200043378"", ""49185786"", ""209149616"", ""115629895"", ""92992619"", ""102619257"", ""184189116""]"
none_subset,4,156864623,110602938,64,409,0,0,0,0,0,0,"[""168805608"", ""112210141"", ""201736243"", ""161391861"", ""154049018"", ""65008714"", ""189002821"", ""112615204"", ""73065988"", ""126647422""]"
none_subset,4,120080094,106471808,62,159,0,0,0,0,0,0,"[""52919918"", ""208335318"", ""156369560"", ""211069026"", ""58593242"", ""149301183"", ""148891602"", ""75207324"", ""136347565"", ""161652558""]"
none_subset,4,207399071,177381146,46,905,0,0,0,0,0,0,"[""140861260"", ""211053674"", ""177300409"", ""104638861"", ""134864175"", ""145266309"", ""174074948"", ""164953659"", ""151203538"", ""141663938""]"
none_subset,4,182005354,7575539,46,616,0,0,0,0,0,0,"[""169602941"", ""205395255"", ""208224187"", ""71898634"", ""150754478"", ""53654857"", ""102458654"", ""213655844"", ""172512012"", ""121587868""]"
none_subset,4,147928605,89574390,57,258,0,0,0,0,0,0,"[""204657954"", ""165674944"", ""40488723"", ""160823099"", ""207122534"", ""128122761"", ""205832430"", ""107527374"", ""99723323"", ""110306995""]"
none_subset,4,219738889,193806850,4,389,0,0,0,0,0,0,"[""160501086"", ""163349092"", ""102233014"", ""139418370"", ""174535187"", ""209715606"", ""186775950"", ""172943291"", ""98834359"", ""42043129""]"
none_subset,4,221960992,199718807,46,21,0,0,0,0,1,1,"[""194733810"", ""134160126"", ""205007406"", ""192440420"", ""152114373"", ""204540006"", ""186116554"", ""102715451"", ""203523969"", ""215475381""]"
none_subset,4,219468209,205311074,4,246,0,0,0,0,0,0,"[""211538436"", ""211428834"", ""215274929"", ""88525097"", ""213532039"", ""213939970"", ""203965703"", ""200370265"", ""177128650"", ""210974244""]"
none_subset,4,207211685,178831771,46,78,0,0,0,0,0,0,"[""111095231"", ""208035235"", ""113869306"", ""211752694"", ""153408319"", ""139504923"", ""129338201"", ""150142821"", ""143366526"", ""181805492""]"
none_subset,4,165223251,140762187,64,523,0,0,0,0,0,0,"[""194941994"", ""128217933"", ""188802952"", ""129803266"", ""160603185"", ""187887134"", ""147899970"", ""166289001"", ""129093190"", ""181671018""]"
none_subset,4,220706937,205275326,38,273,0,0,0,0,0,0,"[""213567992"", ""207584606"", ""149533051"", ""78529743"", ""206343268"", ""193932504"", ""169336593"", ""205802345"", ""40757273"", ""171074464""]"
none_subset,4,195422256,129450808,38,293,0,0,0,0,0,0,"[""71896485"", ""66259210"", ""186767110"", ""127539785"", ""25706087"", ""74162023"", ""174530040"", ""189593063"", ""150241983"", ""171949747""]"
none_subset,4,181280255,149540936,4,567,0,0,0,0,0,0,"[""141186510"", ""191461282"", ""152566280"", ""144264277"", ""154359018"", ""181699642"", ""143852845"", ""184721384"", ""45909356"", ""142381741""]"
none_subset,4,204177482,175772166,37,398,0,0,0,0,0,0,"[""126753800"", ""201465437"", ""151497086"", ""119926476"", ""115216705"", ""89454786"", ""187502080"", ""147794006"", ""145112155"", ""200024420""]"
none_subset,4,221254086,76275548,62,3,0,1,1,1,1,1,"[""124884051"", ""159227409"", ""76275548"", ""195518176"", ""67539912"", ""105231780"", ""194424066"", ""148737562"", ""15445290"", ""210543459""]"
none_subset,4,220147185,185601973,46,66,0,0,0,0,0,0,"[""153503851"", ""139649558"", ""140208813"", ""65618657"", ""180804264"", ""205315794"", ""144757929"", ""165953966"", ""157884203"", ""127947793""]"
none_subset,4,222499635,206938701,4,294,0,0,0,0,0,0,"[""113199812"", ""205025057"", ""193807530"", ""190777107"", ""158546701"", ""179735008"", ""125970295"", ""126204466"", ""196324749"", ""188577796""]"
none_subset,4,225105045,179784665,4,69,0,0,0,0,0,0,"[""214341619"", ""206289183"", ""191493353"", ""183400970"", ""207099785"", ""169388531"", ""165955611"", ""107438445"", ""181690465"", ""177338367""]"
none_subset,4,194633079,152192864,38,1970,0,0,0,0,0,0,"[""193252013"", ""135782942"", ""134905998"", ""66334917"", ""73863273"", ""199885692"", ""69350726"", ""87832627"", ""126819812"", ""92430066""]"
none_subset,4,133771422,124110006,64,65,0,0,0,0,0,0,"[""60032340"", ""56995363"", ""149715107"", ""97650176"", ""116394697"", ""194941994"", ""138800320"", ""204824313"", ""205033787"", ""118284407""]"
none_subset,4,217721609,204158311,43,797,0,0,0,0,0,0,"[""210822887"", ""211582481"", ""201213450"", ""124898415"", ""206290556"", ""194022987"", ""187215484"", ""202216480"", ""189283285"", ""143611276""]"
none_subset,4,156283957,134055274,37,21,0,0,0,0,1,1,"[""145639775"", ""144974780"", ""40964362"", ""211415830"", ""93720497"", ""210451253"", ""156583528"", ""123259140"", ""188240250"", ""170597831""]"
none_subset,4,189497829,161417907,4,1001,0,0,0,0,0,0,"[""193807530"", ""197341708"", ""180096072"", ""197294044"", ""142536914"", ""211850911"", ""196729567"", ""105544053"", ""160484751"", ""214480072""]"
none_subset,4,214768274,180005065,4,43,0,0,0,0,0,1,"[""197428008"", ""156834256"", ""193807530"", ""103936826"", ""149665952"", ""169715410"", ""205698529"", ""203829299"", ""154444351"", ""165785804""]"
none_subset,4,92672519,81862127,62,490,0,0,0,0,0,0,"[""136598057"", ""205254156"", ""167750533"", ""119396258"", ""91504061"", ""132448455"", ""76575420"", ""154898111"", ""128619709"", ""179155211""]"
none_subset,4,120758894,107906676,38,333,0,0,0,0,0,0,"[""156424467"", ""96846772"", ""58573176"", ""89552272"", ""181391982"", ""194014911"", ""171072811"", ""186580987"", ""156481100"", ""139117589""]"
none_subset,4,202131990,171568733,64,1634,0,0,0,0,0,0,"[""83286491"", ""215138112"", ""130875563"", ""201860541"", ""210720310"", ""173699448"", ""23370473"", ""103274645"", ""155789483"", ""116423938""]"
none_subset,4,208255378,164620061,64,681,0,0,0,0,0,0,"[""147984435"", ""103189720"", ""94645332"", ""201421429"", ""79071973"", ""187725266"", ""68685146"", ""144339648"", ""93604401"", ""90897593""]"
none_subset,4,143701533,124776037,37,23,0,0,0,0,1,1,"[""212776036"", ""151808122"", ""140164328"", ""75817384"", ""92273591"", ""132747199"", ""143084610"", ""207481345"", ""94672340"", ""159020956""]"
none_subset,4,147489845,126856500,38,41,0,0,0,0,0,1,"[""102711373"", ""192511828"", ""79792389"", ""132024150"", ""201305488"", ""126945620"", ""157230609"", ""138241186"", ""211348390"", ""105576133""]"
none_subset,4,181871424,152108923,4,143,0,0,0,0,0,0,"[""148281605"", ""190621677"", ""116057633"", ""46857523"", ""34047790"", ""202190653"", ""165797585"", ""137958387"", ""193059683"", ""163852424""]"
none_subset,4,215405883,167356434,62,836,0,0,0,0,0,0,"[""122174001"", ""131192536"", ""134702240"", ""184129119"", ""210566449"", ""96917986"", ""128177020"", ""176309620"", ""127953008"", ""127502123""]"
none_subset,4,82748621,75642384,46,15,0,0,0,0,1,1,"[""52439531"", ""201966464"", ""162330233"", ""79809742"", ""126605515"", ""93317617"", ""181905212"", ""126522124"", ""99309357"", ""113591349""]"
none_subset,4,133015212,112540745,4,41,0,0,0,0,0,1,"[""103497899"", ""156471159"", ""141989738"", ""181699642"", ""143852845"", ""88932849"", ""191695096"", ""144264277"", ""158175855"", ""197860156""]"
none_subset,4,188556983,157457665,64,2026,0,0,0,0,0,0,"[""203544848"", ""124508209"", ""182762792"", ""211228726"", ""120675251"", ""182224096"", ""153594881"", ""132119758"", ""142119938"", ""132691040""]"
none_subset,4,174837067,126753800,37,195,0,0,0,0,0,0,"[""188679659"", ""129735644"", ""200025016"", ""159931625"", ""143805569"", ""100774234"", ""126361288"", ""212047029"", ""198753304"", ""170049514""]"
none_subset,4,222693065,130516684,38,408,0,0,0,0,0,0,"[""70662551"", ""74162023"", ""172844872"", ""152095341"", ""46449031"", ""139117589"", ""57288486"", ""107880171"", ""186767110"", ""159013209""]"
none_subset,4,99601084,83819346,38,636,0,0,0,0,0,0,"[""164922568"", ""145871617"", ""139494203"", ""111085092"", ""169063398"", ""141000837"", ""162052155"", ""182761191"", ""209571301"", ""158118726""]"
none_subset,4,157715047,101329146,38,331,0,0,0,0,0,0,"[""167863303"", ""192468068"", ""94794120"", ""156160419"", ""177136624"", ""163918036"", ""177206358"", ""109035411"", ""48122067"", ""157944770""]"
none_subset,4,26976717,26203195,4,980,0,0,0,0,0,0,"[""120663751"", ""149599673"", ""76515539"", ""184587206"", ""159922963"", ""153876614"", ""123881493"", ""176039610"", ""25513745"", ""75828042""]"
none_subset,4,185758286,144044758,46,121,0,0,0,0,0,0,"[""80573814"", ""205545277"", ""103629761"", ""172433080"", ""172385400"", ""133625276"", ""173222203"", ""104127006"", ""160547557"", ""109663807""]"
none_subset,4,185071093,157010792,37,629,0,0,0,0,0,0,"[""126554078"", ""158117230"", ""93714502"", ""192597928"", ""121116115"", ""152140191"", ""152762226"", ""84948088"", ""191525669"", ""134150182""]"
none_subset,4,180410610,149637816,38,274,0,0,0,0,0,0,"[""203422514"", ""109987226"", ""183904957"", ""150005617"", ""188709100"", ""178025991"", ""167575814"", ""112929576"", ""204224738"", ""91690080""]"
none_subset,4,190543446,155621797,4,79,0,0,0,0,0,0,"[""180843726"", ""72626014"", ""182581077"", ""213127345"", ""140966958"", ""169747228"", ""119654700"", ""177825434"", ""196161368"", ""65093644""]"
none_subset,4,194783535,112615204,64,73,0,0,0,0,0,0,"[""74256345"", ""154049018"", ""65008714"", ""193757766"", ""112210141"", ""163529947"", ""195558974"", ""194106443"", ""179784406"", ""197129848""]"
none_subset,4,209480438,187021020,37,212,0,0,0,0,0,0,"[""164415171"", ""192418965"", ""188083340"", ""154947799"", ""149248013"", ""169494298"", ""134901665"", ""114167582"", ""132738380"", ""152102790""]"
none_subset,4,217504200,201814913,64,17,0,0,0,0,1,1,"[""119651772"", ""207475739"", ""196286888"", ""207826820"", ""206276658"", ""153533707"", ""186937016"", ""196368309"", ""31566174"", ""195529634""]"
none_subset,4,44412937,30017242,4,1366,0,0,0,0,0,0,"[""155621797"", ""126889201"", ""165183012"", ""183792420"", ""182763611"", ""154474714"", ""112871050"", ""72044288"", ""126241663"", ""154727199""]"
none_subset,4,223556550,212168388,46,22,0,0,0,0,1,1,"[""179533802"", ""205586250"", ""74840350"", ""176659851"", ""171694803"", ""208143888"", ""76061645"", ""209050134"", ""143182122"", ""62458353""]"
none_subset,4,199370902,159384368,46,791,0,0,0,0,0,0,"[""79166546"", ""184646371"", ""144964708"", ""182136657"", ""197086187"", ""103251721"", ""210626515"", ""127947793"", ""204650950"", ""146029150""]"
none_subset,4,222943071,211704000,4,165,0,0,0,0,0,0,"[""215305148"", ""191246700"", ""86385298"", ""133632260"", ""209124215"", ""153410659"", ""213696130"", ""151978785"", ""207097865"", ""195744792""]"
none_subset,4,216267579,151817180,46,59,0,0,0,0,0,0,"[""186888123"", ""190450261"", ""134691092"", ""204650950"", ""103251721"", ""167786912"", ""172604491"", ""167383627"", ""208811097"", ""212857036""]"
none_subset,4,182699351,111176154,38,357,0,0,0,0,0,0,"[""192992682"", ""154762222"", ""120618466"", ""148700903"", ""177325365"", ""71896485"", ""168317669"", ""28399802"", ""155138201"", ""75182035""]"
none_subset,4,140033472,122407287,38,2045,0,0,0,0,0,0,"[""179000829"", ""157714512"", ""65034285"", ""41147018"", ""198703958"", ""107256101"", ""129455316"", ""111175760"", ""127107925"", ""85372024""]"
none_subset,4,133324109,117436576,43,1933,0,0,0,0,0,0,"[""193886266"", ""136611640"", ""166317231"", ""104733638"", ""199822165"", ""42219137"", ""86931045"", ""125361053"", ""198296892"", ""191424159""]"
none_subset,4,174213950,142506151,4,17,0,0,0,0,1,1,"[""180940683"", ""133755220"", ""145698626"", ""141714724"", ""144251877"", ""94286928"", ""86774130"", ""141085810"", ""181672704"", ""140694614""]"
none_subset,4,223812273,207942600,4,129,0,0,0,0,0,0,"[""116057633"", ""119644839"", ""159049760"", ""158607543"", ""153939423"", ""137958387"", ""114633318"", ""164495014"", ""145020770"", ""190621677""]"
none_subset,4,204104398,165151245,46,515,0,0,0,0,0,0,"[""52439531"", ""78004872"", ""145504709"", ""192440420"", ""89431258"", ""190980199"", ""152639248"", ""78696152"", ""126662251"", ""204633518""]"
none_subset,4,181095947,151971662,43,687,0,0,0,0,0,0,"[""146898856"", ""164354706"", ""97625037"", ""91892385"", ""7945877"", ""123492526"", ""91822269"", ""50216046"", ""176722009"", ""68219566""]"
none_subset,4,224899119,192651386,43,3,0,1,1,1,1,1,"[""156395019"", ""84074518"", ""192651386"", ""183716498"", ""157809653"", ""140335234"", ""39026970"", ""79844098"", ""154390259"", ""98800023""]"
none_subset,4,183967688,155670027,38,553,0,0,0,0,0,0,"[""190122858"", ""133274826"", ""99753126"", ""201312801"", ""202541337"", ""167575814"", ""127571400"", ""169283590"", ""169063398"", ""107235735""]"
none_subset,4,184280318,132671829,38,1090,0,0,0,0,0,0,"[""180386955"", ""105898974"", ""118623949"", ""136204876"", ""145998937"", ""128022775"", ""187952856"", ""159333154"", ""211427284"", ""209803175""]"
none_subset,4,216271458,196562630,43,925,0,0,0,0,0,0,"[""188032543"", ""146783647"", ""125361053"", ""202343187"", ""170689754"", ""204620017"", ""190227741"", ""122164817"", ""128872941"", ""138589509""]"
none_subset,4,49152496,53953930,4,20,0,0,0,0,1,1,"[""173008557"", ""58216709"", ""96998136"", ""208901976"", ""84024207"", ""171818167"", ""195744792"", ""201065368"", ""195490349"", ""171876720""]"
none_subset,4,66288978,69002225,62,770,0,0,0,0,0,0,"[""62110369"", ""115226483"", ""135330582"", ""161511273"", ""133870924"", ""143139548"", ""164761085"", ""193705208"", ""152444456"", ""182016711""]"
none_subset,4,220840372,207954191,57,347,0,0,0,0,0,0,"[""215562071"", ""213078674"", ""214059340"", ""172288940"", ""206964179"", ""196645302"", ""189762370"", ""191366717"", ""204078453"", ""130568371""]"
none_subset,4,147306031,128106423,64,718,0,0,0,0,0,0,"[""193536959"", ""114420335"", ""146946453"", ""124273952"", ""214883521"", ""167158322"", ""170912580"", ""194116859"", ""137043393"", ""151140876""]"
none_subset,4,225316557,181446055,38,7,0,0,0,1,1,1,"[""157714512"", ""192191594"", ""65034285"", ""174632713"", ""84080355"", ""193857246"", ""181446055"", ""174772308"", ""190122858"", ""214890741""]"
none_subset,4,174525131,136554419,46,1217,0,0,0,0,0,0,"[""181935054"", ""200735701"", ""31288854"", ""210880528"", ""215002844"", ""201461152"", ""137142760"", ""16824274"", ""204759997"", ""204919891""]"
none_subset,4,195885815,167310374,37,7,0,0,0,1,1,1,"[""207481345"", ""192913849"", ""191148698"", ""164055285"", ""187021020"", ""75770971"", ""167310374"", ""173579713"", ""149406187"", ""191027835""]"
none_subset,4,209210877,170072626,37,426,0,0,0,0,0,0,"[""215506448"", ""188857439"", ""176882095"", ""188814328"", ""181755826"", ""146962916"", ""210698150"", ""178112615"", ""206587173"", ""211400823""]"
none_subset,4,175741247,141574731,62,204,0,0,0,0,0,0,"[""137144214"", ""147831197"", ""188696626"", ""200537553"", ""207100364"", ""48004410"", ""150061145"", ""32200239"", ""117835777"", ""131432619""]"
none_subset,4,225332772,205095267,37,1927,0,0,0,0,0,0,"[""191148698"", ""150765445"", ""131581832"", ""166149565"", ""212196373"", ""82961419"", ""207481345"", ""197238711"", ""134994151"", ""187021020""]"
none_subset,4,207958562,129288036,64,154,0,0,0,0,0,0,"[""206133696"", ""192611577"", ""197112426"", ""211669271"", ""209061676"", ""207537844"", ""166840834"", ""215003074"", ""173318781"", ""211889722""]"
none_subset,4,208462466,174719538,64,5,0,0,1,1,1,1,"[""192779268"", ""211889722"", ""188619722"", ""195252307"", ""174719538"", ""169931960"", ""183515676"", ""211669271"", ""196368507"", ""210148884""]"
none_subset,4,218350216,203413072,57,183,0,0,0,0,0,0,"[""180448567"", ""210472458"", ""180302528"", ""210609885"", ""203550692"", ""97187105"", ""210570082"", ""175877174"", ""214349938"", ""145955425""]"
none_subset,4,184428330,141440077,4,7,0,0,0,1,1,1,"[""73118528"", ""45403148"", ""185515008"", ""79387876"", ""53541477"", ""25537887"", ""141440077"", ""9924656"", ""141658555"", ""211167678""]"
none_subset,4,201856004,167537206,64,22,0,0,0,0,1,1,"[""194941994"", ""127196288"", ""166289001"", ""129093190"", ""146887481"", ""193756438"", ""160603185"", ""128217933"", ""208915255"", ""188802952""]"
none_subset,4,215855432,169976903,4,528,0,0,0,0,0,0,"[""198615413"", ""205144961"", ""197090565"", ""180843726"", ""195510728"", ""194160187"", ""201432635"", ""211385428"", ""194722275"", ""198087841""]"
none_subset,4,211501789,190817084,43,151,0,0,0,0,0,0,"[""190234147"", ""168115086"", ""201671217"", ""185360446"", ""184091403"", ""192529072"", ""212129667"", ""202002225"", ""207732639"", ""195756368""]"
none_subset,4,175837973,147413615,62,224,0,0,0,0,0,0,"[""32645477"", ""172904337"", ""80991195"", ""152364935"", ""146276364"", ""22547515"", ""113659126"", ""100144178"", ""53450931"", ""103593430""]"
none_subset,4,204725838,161757069,37,457,0,0,0,0,0,0,"[""210502009"", ""173640245"", ""195908286"", ""208141913"", ""206942069"", ""182640683"", ""175852737"", ""116930061"", ""209286799"", ""206569261""]"
none_subset,4,197606699,145071351,43,1139,0,0,0,0,0,0,"[""199973560"", ""205731190"", ""197902347"", ""50828732"", ""204986935"", ""208020482"", ""130951250"", ""139086592"", ""199927468"", ""96529795""]"
none_subset,4,206736488,190493223,37,783,0,0,0,0,0,0,"[""202331502"", ""146869816"", ""145502443"", ""138625062"", ""115477896"", ""164445165"", ""153610553"", ""192414071"", ""194655381"", ""159838604""]"
none_subset,4,197959137,158555938,57,10,0,0,0,1,1,1,"[""202223595"", ""200462582"", ""211640040"", ""206545534"", ""209092004"", ""207769496"", ""99228573"", ""134898435"", ""203970534"", ""158555938""]"
none_subset,4,216898820,200589462,4,414,0,0,0,0,0,0,"[""187535990"", ""195596465"", ""162058011"", ""156855089"", ""201461303"", ""215580451"", ""158986768"", ""195510728"", ""196161368"", ""183750892""]"
none_subset,4,176239974,140616698,64,314,0,0,0,0,0,0,"[""151134804"", ""187887134"", ""203509707"", ""194941994"", ""97428675"", ""125457410"", ""201298322"", ""188802952"", ""147984435"", ""136904065""]"
none_subset,4,157988855,136552233,64,2089,0,0,0,0,0,0,"[""167354299"", ""194767716"", ""118462041"", ""5106586"", ""20739628"", ""200859322"", ""31683521"", ""146896479"", ""146444401"", ""145930227""]"
none_subset,4,161185024,112700405,62,83,0,0,0,0,0,0,"[""9716999"", ""27329790"", ""193455135"", ""118558747"", ""96381369"", ""86857938"", ""190061187"", ""184405626"", ""187198512"", ""74242439""]"
none_subset,4,214846555,195919621,37,171,0,0,0,0,0,0,"[""181408383"", ""191538851"", ""196563012"", ""98327133"", ""202030579"", ""207544886"", ""187719393"", ""209855515"", ""198478244"", ""100843460""]"
none_subset,4,182932307,154018041,43,100,0,0,0,0,0,0,"[""114685682"", ""114685239"", ""90011446"", ""138401608"", ""173279591"", ""144399603"", ""211382244"", ""200893142"", ""94971864"", ""212423754""]"
none_subset,4,223890242,213307240,4,7,0,0,0,1,1,1,"[""158986768"", ""171567687"", ""195510728"", ""183755478"", ""162058011"", ""214019748"", ""213307240"", ""187535990"", ""210192785"", ""186392648""]"
none_subset,4,126143600,102679360,64,11,0,0,0,0,1,1,"[""131569653"", ""212485762"", ""96029631"", ""167354299"", ""146365324"", ""143450620"", ""21707133"", ""126953299"", ""82808529"", ""139515295""]"
none_subset,4,221471597,201385646,38,336,0,0,0,0,0,0,"[""204985593"", ""165274768"", ""167193773"", ""176455982"", ""136949110"", ""167802783"", ""151224480"", ""200412630"", ""171248361"", ""124441124""]"
none_subset,4,173298299,124122804,38,80,0,0,0,0,0,0,"[""141804705"", ""132680001"", ""177616565"", ""165228799"", ""78448908"", ""108693433"", ""170764066"", ""172844872"", ""159013209"", ""210930251""]"
none_subset,4,218520406,203736902,62,511,0,0,0,0,0,0,"[""189754029"", ""103668310"", ""85051086"", ""181082260"", ""132521306"", ""51439459"", ""13775643"", ""131293364"", ""110663965"", ""189162855""]"
none_subset,4,224142522,204338788,37,21,0,0,0,0,1,1,"[""127482058"", ""169799265"", ""201067865"", ""136186158"", ""191027835"", ""133761960"", ""204454005"", ""101416944"", ""185919393"", ""163655065""]"
none_subset,4,202410361,174578139,43,1038,0,0,0,0,0,0,"[""204891079"", ""155406631"", ""118456882"", ""153591399"", ""183029564"", ""16113826"", ""166752829"", ""77936758"", ""75462011"", ""86540011""]"
none_subset,4,161146600,138785143,57,247,0,0,0,0,0,0,"[""172994991"", ""175665700"", ""193303170"", ""198700939"", ""183614539"", ""206056996"", ""211301569"", ""212489788"", ""204720478"", ""200193952""]"
none_subset,4,222069475,170340278,62,126,0,0,0,0,0,0,"[""127953008"", ""144733620"", ""207133151"", ""22547515"", ""210566449"", ""128177020"", ""202517117"", ""152708416"", ""184223858"", ""131405477""]"
none_subset,4,194411661,163223965,43,56,0,0,0,0,0,0,"[""111061767"", ""88426427"", ""76024222"", ""113125737"", ""138924839"", ""169219606"", ""196601703"", ""112544549"", ""86931045"", ""192942930""]"
none_subset,4,224932591,191606915,64,121,0,0,0,0,0,0,"[""154324585"", ""173458489"", ""214169517"", ""76747946"", ""164732342"", ""214515601"", ""202169422"", ""167537206"", ""195558974"", ""209149604""]"
none_subset,4,210415489,183542149,4,152,0,0,0,0,0,0,"[""192413607"", ""200860968"", ""194689928"", ""200030203"", ""190229699"", ""88932849"", ""171567687"", ""180005065"", ""200157160"", ""145435299""]"
none_subset,4,15571882,13426070,38,369,0,0,0,0,0,0,"[""18107447"", ""105047287"", ""183569499"", ""209239234"", ""179244626"", ""200700536"", ""165955684"", ""200830087"", ""158102628"", ""38003672""]"
none_subset,4,98110577,25513745,4,204,0,0,0,0,0,0,"[""78628063"", ""116474962"", ""193934711"", ""171902128"", ""91829997"", ""205405501"", ""161643758"", ""161593927"", ""112475075"", ""190871924""]"
none_subset,4,215808683,193202852,38,8,0,0,0,1,1,1,"[""170400945"", ""23769172"", ""118623949"", ""179119989"", ""201179317"", ""209921939"", ""179081123"", ""193202852"", ""184519031"", ""159333154""]"
none_subset,4,157938763,131128383,64,94,0,0,0,0,0,0,"[""115629895"", ""200883111"", ""154046140"", ""188619722"", ""69227080"", ""211216257"", ""105051169"", ""76747946"", ""108526378"", ""153271284""]"
none_subset,4,195879054,164721000,64,813,0,0,0,0,0,0,"[""141327265"", ""167740456"", ""115621700"", ""202169422"", ""168711759"", ""128607088"", ""94645332"", ""193964371"", ""171442385"", ""179992886""]"
none_subset,4,223876308,209808536,38,957,0,0,0,0,0,0,"[""93923477"", ""100712745"", ""174760342"", ""177493383"", ""68644542"", ""187069957"", ""69118085"", ""120501914"", ""123207683"", ""189745383""]"
none_subset,4,214132806,193403705,43,259,0,0,0,0,0,0,"[""66867545"", ""197607286"", ""48032933"", ""182870508"", ""40866643"", ""207549172"", ""146978431"", ""197607322"", ""151392250"", ""121261536""]"
none_subset,4,52664700,60411182,62,2234,0,0,0,0,0,0,"[""104016143"", ""44103941"", ""119150891"", ""119067436"", ""57144448"", ""97032103"", ""128594783"", ""135753852"", ""123214623"", ""13874746""]"
none_subset,4,200266803,114685239,43,2816,0,0,0,0,0,0,"[""144744853"", ""118255723"", ""76510127"", ""182612609"", ""203191672"", ""71806238"", ""141288211"", ""197833947"", ""87001748"", ""181666985""]"
none_subset,4,217984127,194136520,46,6,0,0,0,1,1,1,"[""209824689"", ""168220730"", ""214806915"", ""215006086"", ""103455997"", ""194136520"", ""194782765"", ""207664468"", ""134232696"", ""190907433""]"
none_subset,4,98474414,70434629,38,42,0,0,0,0,0,1,"[""128235238"", ""172773467"", ""180406128"", ""207948213"", ""211267789"", ""195844405"", ""165239224"", ""126409844"", ""133096810"", ""139871095""]"
none_subset,4,203033874,175785148,62,165,0,0,0,0,0,0,"[""211070786"", ""204577887"", ""211808810"", ""185851832"", ""213971984"", ""191211417"", ""125264671"", ""185606507"", ""200033285"", ""192447937""]"
none_subset,4,208098642,184209950,57,602,0,0,0,0,0,0,"[""171903975"", ""15022157"", ""199479829"", ""185584299"", ""107527615"", ""199762687"", ""204091701"", ""211568673"", ""151871480"", ""204632527""]"
none_subset,4,173574562,143597501,38,1120,0,0,0,0,0,0,"[""111639650"", ""204880845"", ""126776975"", ""192654276"", ""100749834"", ""169004224"", ""194370723"", ""176738509"", ""157657051"", ""182866917""]"
none_subset,4,90053851,87387447,64,3,0,1,1,1,1,1,"[""147451743"", ""199704764"", ""87387447"", ""199702986"", ""154364693"", ""139118223"", ""167643333"", ""56376408"", ""156925615"", ""166095870""]"
none_subset,4,161837918,127669239,38,50,0,0,0,0,0,1,"[""157993089"", ""192191594"", ""214890741"", ""190122858"", ""81577148"", ""65034285"", ""102368805"", ""169064521"", ""151069586"", ""202173346""]"
none_subset,4,177388849,149611213,46,2165,0,0,0,0,0,0,"[""173222203"", ""143484748"", ""79988383"", ""212809187"", ""127609272"", ""187714756"", ""160523276"", ""84381800"", ""141061297"", ""144964708""]"
none_subset,4,184500825,156456714,4,50,0,0,0,0,0,1,"[""147828982"", ""163349092"", ""150456310"", ""102233014"", ""139418370"", ""150577652"", ""160501086"", ""119900827"", ""214896797"", ""203130825""]"
none_subset,4,222767943,209217971,57,778,0,0,0,0,0,0,"[""147735917"", ""109983619"", ""57896054"", ""209168972"", ""209991023"", ""184248734"", ""171450864"", ""200415629"", ""206372915"", ""132189380""]"
none_subset,4,215241629,192731605,43,57,0,0,0,0,0,0,"[""210822887"", ""189297376"", ""188378226"", ""187215484"", ""206290556"", ""182445092"", ""182399428"", ""183691121"", ""189283285"", ""211582481""]"
none_subset,4,183100470,99417938,64,311,0,0,0,0,0,0,"[""159992550"", ""151937269"", ""200767454"", ""8645666"", ""187780688"", ""94325271"", ""202708847"", ""193084026"", ""93630964"", ""154119154""]"
none_subset,4,179107092,144454199,62,737,0,0,0,0,0,0,"[""161511273"", ""137144214"", ""152444456"", ""39996426"", ""143139548"", ""135330582"", ""209579537"", ""65335111"", ""186936582"", ""69863959""]"
none_subset,4,208304805,109143906,62,572,0,0,0,0,0,0,"[""208220353"", ""132448455"", ""199605491"", ""156814814"", ""12231700"", ""193487145"", ""122377328"", ""164922555"", ""168348573"", ""196543115""]"
none_subset,4,187084437,157264118,38,294,0,0,0,0,0,0,"[""126393314"", ""100758724"", ""105651656"", ""180023471"", ""207433318"", ""31197704"", ""154112696"", ""121028401"", ""44504337"", ""154107984""]"
none_subset,4,182829203,121637221,57,1664,0,0,0,0,0,0,"[""175877174"", ""202358315"", ""197135877"", ""198496404"", ""195801582"", ""209640231"", ""79860798"", ""207134458"", ""158459700"", ""99750205""]"
none_subset,4,222069124,145729982,43,219,0,0,0,0,0,0,"[""116683386"", ""170809412"", ""184649249"", ""162630675"", ""171665125"", ""113004095"", ""104957798"", ""54226204"", ""127655947"", ""125480188""]"
none_subset,4,103400294,94729022,64,1535,0,0,0,0,0,0,"[""208915255"", ""92189436"", ""121442493"", ""129093190"", ""128217933"", ""148153000"", ""187887134"", ""194835735"", ""194941994"", ""173357253""]"
none_subset,4,224914581,176953865,64,55,0,0,0,0,0,0,"[""195393000"", ""211102502"", ""142606748"", ""124191185"", ""44495615"", ""169811379"", ""115271433"", ""94822815"", ""194106443"", ""152209914""]"
none_subset,4,214666513,195619020,37,128,0,0,0,0,0,0,"[""210226726"", ""210562159"", ""181022161"", ""206864139"", ""204075228"", ""184292036"", ""206298544"", ""201913249"", ""183519446"", ""207413817""]"
none_subset,4,222321400,182166699,57,236,0,0,0,0,0,0,"[""173370077"", ""209801964"", ""189194901"", ""127679989"", ""193349740"", ""172859305"", ""134995367"", ""123741380"", ""147873420"", ""166225948""]"
none_subset,4,216944551,159359494,43,170,0,0,0,0,0,0,"[""180442618"", ""212033090"", ""171291776"", ""202025930"", ""185196782"", ""146783647"", ""153040976"", ""160717977"", ""182118129"", ""158182394""]"
none_subset,4,210707828,152227829,62,1796,0,0,0,0,0,0,"[""193245188"", ""182479029"", ""95641166"", ""193863080"", ""158788869"", ""72763415"", ""137617785"", ""186145130"", ""56951341"", ""214110785""]"
none_subset,4,180014956,142418825,38,214,0,0,0,0,0,0,"[""181781147"", ""195666912"", ""127669212"", ""208393437"", ""169336593"", ""200275336"", ""78529743"", ""143671381"", ""102161764"", ""214520378""]"
none_subset,4,215076463,163758025,38,38,0,0,0,0,0,1,"[""122392168"", ""101699801"", ""155332547"", ""143049584"", ""194420087"", ""193133447"", ""162629010"", ""120726041"", ""55877012"", ""177027866""]"
none_subset,4,205252925,169789662,46,310,0,0,0,0,0,0,"[""131545810"", ""79988383"", ""203171500"", ""196161712"", ""205769669"", ""45375287"", ""170393915"", ""168220730"", ""143484748"", ""104127006""]"
none_subset,4,183925854,153105815,46,7,0,0,0,1,1,1,"[""193559506"", ""105064166"", ""62458353"", ""160110731"", ""141876515"", ""143770600"", ""153105815"", ""59097004"", ""133674182"", ""158054071""]"
none_subset,4,224020111,198002699,46,106,0,0,0,0,0,0,"[""203534611"", ""211028341"", ""202547061"", ""174610357"", ""125545946"", ""76658512"", ""205395255"", ""144431749"", ""136320022"", ""100881714""]"
none_subset,4,187296862,158205918,4,504,0,0,0,0,0,0,"[""185596367"", ""16813724"", ""185362507"", ""161086623"", ""73118528"", ""205390513"", ""209043508"", ""165785804"", ""45403148"", ""185515008""]"
none_subset,4,220810360,138163284,64,159,0,0,0,0,0,0,"[""183047062"", ""143686140"", ""67998486"", ""48108527"", ""189988059"", ""152603802"", ""67792301"", ""111626622"", ""105144259"", ""168633758""]"
none_subset,4,223818925,199451041,4,1067,0,0,0,0,0,0,"[""191889856"", ""197928464"", ""149540936"", ""176713159"", ""148649464"", ""156841344"", ""93517902"", ""194647981"", ""176720818"", ""168021014""]"
none_subset,4,222921695,135905491,38,367,0,0,0,0,0,0,"[""200715695"", ""103005464"", ""169820470"", ""149562058"", ""142598311"", ""150167398"", ""85968650"", ""198969641"", ""112389064"", ""74328058""]"
none_subset,4,216187678,198809896,4,329,0,0,0,0,0,0,"[""215305148"", ""153410659"", ""195744792"", ""179145991"", ""207097865"", ""185360306"", ""133632260"", ""213696130"", ""162346539"", ""182581077""]"
none_subset,4,208818858,184790742,64,300,0,0,0,0,0,0,"[""162686675"", ""160006498"", ""121322111"", ""188442124"", ""211861347"", ""187029541"", ""187914316"", ""84069250"", ""155116255"", ""62581454""]"
none_subset,4,219722612,159255378,4,148,0,0,0,0,0,0,"[""159049760"", ""125311774"", ""144811459"", ""148526912"", ""116057633"", ""167104684"", ""119644839"", ""158607543"", ""164495014"", ""138626625""]"
none_subset,4,174150733,143077183,46,861,0,0,0,0,0,0,"[""134541468"", ""208811097"", ""49883118"", ""174549866"", ""154821670"", ""151511658"", ""77527113"", ""193512459"", ""142789905"", ""134691092""]"
none_subset,4,208472831,174516474,37,353,0,0,0,0,0,0,"[""209172941"", ""121097766"", ""196469804"", ""183094359"", ""202782009"", ""201561139"", ""195014964"", ""192227530"", ""210502009"", ""172689752""]"
none_subset,4,225331879,211781657,46,787,0,0,0,0,0,0,"[""133780489"", ""71898634"", ""102458654"", ""77257734"", ""206921287"", ""171907300"", ""53654857"", ""201507987"", ""105137217"", ""188027703""]"
none_subset,4,182892098,152196065,57,388,0,0,0,0,0,0,"[""180417908"", ""153865654"", ""211785457"", ""211640040"", ""194409455"", ""138406659"", ""12178696"", ""201144087"", ""131667486"", ""174010829""]"
none_subset,4,191191397,161679651,37,111,0,0,0,0,0,0,"[""188912090"", ""191259466"", ""206587185"", ""192456013"", ""201649016"", ""201561139"", ""183094359"", ""195296935"", ""168115320"", ""191911000""]"
none_subset,4,51157154,56376408,64,102,0,0,0,0,0,0,"[""86007149"", ""115271433"", ""111358319"", ""106887245"", ""108051613"", ""190459684"", ""88248087"", ""148683481"", ""160024731"", ""169392034""]"
none_subset,4,213506298,194022328,4,455,0,0,0,0,0,0,"[""215305148"", ""153410659"", ""203466268"", ""159511008"", ""138230066"", ""191246700"", ""183509496"", ""133632260"", ""182581077"", ""200277989""]"
none_subset,4,185600450,118284407,64,300,0,0,0,0,0,0,"[""202708847"", ""203544848"", ""80281524"", ""159020740"", ""147554849"", ""32245008"", ""165038599"", ""188599489"", ""128617251"", ""82453175""]"
none_subset,4,180909269,115463757,37,551,0,0,0,0,0,0,"[""23924949"", ""37024390"", ""143946320"", ""21423746"", ""120147293"", ""147143113"", ""96028215"", ""93714502"", ""99494874"", ""152140191""]"
none_subset,4,201721125,136423579,62,9,0,0,0,1,1,1,"[""160586788"", ""155653139"", ""161194868"", ""134917876"", ""120041482"", ""80656120"", ""109144733"", ""154719095"", ""136423579"", ""136225463""]"
none_subset,4,115556942,103936826,4,52,0,0,0,0,0,0,"[""173611156"", ""105240256"", ""146357422"", ""189945818"", ""189844318"", ""199751511"", ""182903930"", ""188882555"", ""203537664"", ""212215373""]"
none_subset,4,194887665,167548901,46,160,0,0,0,0,0,0,"[""114442083"", ""194750109"", ""203677273"", ""172604491"", ""212433966"", ""177300409"", ""167383627"", ""213237291"", ""87925672"", ""129506623""]"
none_subset,4,138219661,119900827,4,20,0,0,0,0,1,1,"[""86385298"", ""191225749"", ""191246700"", ""179569445"", ""133632260"", ""176566249"", ""198281595"", ""209124215"", ""102233014"", ""152351954""]"
none_subset,4,212540852,192319538,43,88,0,0,0,0,0,0,"[""150459085"", ""146616250"", ""201915238"", ""72463184"", ""171948652"", ""190770204"", ""184833199"", ""156158359"", ""196316257"", ""154801139""]"
none_subset,4,176555063,135810804,57,367,0,0,0,0,0,0,"[""200193952"", ""172994991"", ""141122844"", ""214349938"", ""199425070"", ""193981972"", ""187720102"", ""210498921"", ""204720478"", ""214160653""]"
none_subset,4,225173739,208033167,64,136,0,0,0,0,0,0,"[""69885765"", ""193944748"", ""98740806"", ""159988781"", ""179740887"", ""100728693"", ""70262578"", ""173246608"", ""203188239"", ""180848420""]"
none_subset,4,158468307,129585105,38,3,0,1,1,1,1,1,"[""82057494"", ""158733811"", ""129585105"", ""206990464"", ""209719272"", ""73789534"", ""192554802"", ""118583542"", ""158767731"", ""202877317""]"
none_subset,4,186450742,147354525,46,77,0,0,0,0,0,0,"[""182136657"", ""108971427"", ""146029150"", ""171227160"", ""145084375"", ""165738313"", ""207529569"", ""147047749"", ""201991995"", ""140437226""]"
none_subset,4,181047857,152412516,57,1103,0,0,0,0,0,0,"[""46330390"", ""127840872"", ""143608153"", ""169225136"", ""85942447"", ""104277585"", ""77451340"", ""39472658"", ""206552998"", ""58773802""]"
none_subset,4,91443112,85213040,43,956,0,0,0,0,0,0,"[""188690647"", ""187717589"", ""174689753"", ""127263729"", ""178382077"", ""211549610"", ""81062645"", ""179115971"", ""188032543"", ""173924308""]"
none_subset,4,119539452,106502277,43,1028,0,0,0,0,0,0,"[""141669650"", ""188032543"", ""185121060"", ""108655894"", ""178668945"", ""96854864"", ""188687228"", ""129844036"", ""54249020"", ""94195633""]"
none_subset,4,191907572,158126671,64,1,1,1,1,1,1,1,"[""158126671"", ""115629895"", ""154046140"", ""72224328"", ""188236622"", ""184683737"", ""126647422"", ""194230510"", ""145930227"", ""181874277""]"
none_subset,4,218261275,173939203,38,226,0,0,0,0,0,0,"[""171461647"", ""98740967"", ""145417944"", ""170996483"", ""150981082"", ""207475710"", ""119050794"", ""82057494"", ""201619850"", ""146847513""]"
none_subset,4,159177944,138639851,46,83,0,0,0,0,0,0,"[""106929021"", ""131018578"", ""79060647"", ""207379889"", ""115209508"", ""174613608"", ""97199428"", ""160764333"", ""131629489"", ""211440718""]"
none_subset,4,207369823,175349512,38,897,0,0,0,0,0,0,"[""98186259"", ""181242432"", ""161290599"", ""214520378"", ""171755799"", ""203525414"", ""102495634"", ""198984787"", ""147336783"", ""135782942""]"
none_subset,4,224642974,213296555,46,2457,0,0,0,0,0,0,"[""79523323"", ""155712241"", ""101194970"", ""72266723"", ""120660699"", ""154698834"", ""19664212"", ""165223697"", ""181905212"", ""141321618""]"
none_subset,4,153329728,132795249,43,223,0,0,0,0,0,0,"[""136611640"", ""185210795"", ""198322720"", ""203995902"", ""192528335"", ""103370780"", ""203424512"", ""187225322"", ""140810008"", ""97617721""]"
none_subset,4,224929989,146515707,38,333,0,0,0,0,0,0,"[""107235965"", ""44557915"", ""207390535"", ""171248361"", ""132325249"", ""55877012"", ""121756181"", ""58199619"", ""206303400"", ""52441610""]"
none_subset,4,221098190,195854271,57,5,0,0,1,1,1,1,"[""201084593"", ""190632146"", ""205233758"", ""206849327"", ""195854271"", ""203550692"", ""179899121"", ""161609848"", ""138365679"", ""142032570""]"
none_subset,4,155831788,132325249,38,1453,0,0,0,0,0,0,"[""149343290"", ""69350726"", ""209258995"", ""192596276"", ""189593063"", ""192654276"", ""182521308"", ""169804292"", ""201541368"", ""71896485""]"
none_subset,4,126845448,112937104,4,161,0,0,0,0,0,0,"[""115483149"", ""201065368"", ""155703180"", ""208901976"", ""94319899"", ""146861531"", ""192875206"", ""139418370"", ""185429569"", ""141085810""]"
none_subset,4,179361545,106038218,64,524,0,0,0,0,0,0,"[""195841911"", ""177968315"", ""136053941"", ""126295674"", ""174916841"", ""92304326"", ""103614032"", ""181529530"", ""163956163"", ""165717472""]"
none_subset,4,139449822,117334028,38,1654,0,0,0,0,0,0,"[""200830087"", ""55870666"", ""138757742"", ""151607631"", ""148419997"", ""133136953"", ""203702170"", ""171588996"", ""201541368"", ""151069586""]"
none_subset,4,221096484,205170862,38,88,0,0,0,0,0,0,"[""199402447"", ""148861478"", ""101461920"", ""113652490"", ""81584170"", ""99026554"", ""181834833"", ""100690598"", ""126428292"", ""173181289""]"
none_subset,4,194053252,144803619,37,267,0,0,0,0,0,0,"[""21423746"", ""127087324"", ""171828064"", ""149631379"", ""161147605"", ""121116115"", ""214702437"", ""147143113"", ""132606216"", ""160098809""]"
none_subset,4,193744363,162888304,4,308,0,0,0,0,0,0,"[""97922019"", ""56691048"", ""143872793"", ""196824847"", ""81323441"", ""205498846"", ""149710961"", ""80737939"", ""138966111"", ""169868864""]"
none_subset,4,56881494,59824769,64,82,0,0,0,0,0,0,"[""80281524"", ""181619566"", ""103416735"", ""53527257"", ""188599489"", ""187708913"", ""79734724"", ""90897593"", ""177536477"", ""105879570""]"
none_subset,4,213465163,187705042,62,797,0,0,0,0,0,0,"[""15942056"", ""58086605"", ""45013331"", ""164086518"", ""72763415"", ""69716297"", ""172190870"", ""124381580"", ""162263431"", ""113866351""]"
none_subset,4,208699858,179210556,64,5,0,0,1,1,1,1,"[""193944748"", ""203188239"", ""208376832"", ""206936057"", ""179210556"", ""154324585"", ""86356781"", ""156718510"", ""173458489"", ""65008714""]"
none_subset,4,195833750,123189996,64,83,0,0,0,0,0,0,"[""154412302"", ""213581190"", ""122150463"", ""200033728"", ""212760622"", ""131413365"", ""212355981"", ""181057229"", ""143966670"", ""192057548""]"
none_subset,4,181207777,144454199,62,498,0,0,0,0,0,0,"[""191074130"", ""62333104"", ""198039882"", ""182512987"", ""195044493"", ""137144214"", ""148732654"", ""64365794"", ""143139548"", ""72010081""]"
none_subset,4,211604132,188799739,4,673,0,0,0,0,0,0,"[""96998136"", ""208901976"", ""213491115"", ""123336352"", ""147422442"", ""115483149"", ""163349092"", ""138975756"", ""201065368"", ""185429569""]"
none_subset,4,218617140,203875366,57,2586,0,0,0,0,0,0,"[""163116154"", ""163006969"", ""177152495"", ""181495263"", ""205007795"", ""213085502"", ""88350614"", ""146305089"", ""207131148"", ""187983195""]"
none_subset,4,217487255,196511259,64,665,0,0,0,0,0,0,"[""194941994"", ""129093190"", ""208915255"", ""166289001"", ""138750171"", ""138016010"", ""123190927"", ""160603185"", ""193756438"", ""154682545""]"
none_subset,4,217577782,191677362,62,391,0,0,0,0,0,0,"[""191074130"", ""187705042"", ""190355590"", ""126658969"", ""115226483"", ""172997177"", ""208956211"", ""168447543"", ""185851832"", ""194590921""]"
none_subset,4,203358632,174101198,37,347,0,0,0,0,0,0,"[""50546747"", ""98865638"", ""145639775"", ""209553393"", ""53389573"", ""156094427"", ""132196508"", ""209034394"", ""136711963"", ""163345294""]"
none_subset,4,121248621,108713383,46,710,0,0,0,0,0,0,"[""194081652"", ""35369060"", ""153467283"", ""201879785"", ""105064165"", ""132077090"", ""194782765"", ""58540862"", ""193512680"", ""173886498""]"
none_subset,4,76000782,53594227,57,2,0,1,1,1,1,1,"[""58773802"", ""53594227"", ""14439949"", ""44191816"", ""100527593"", ""114861890"", ""85942447"", ""175340511"", ""99443492"", ""183993242""]"
none_subset,4,191982239,161813766,38,354,0,0,0,0,0,0,"[""122560021"", ""193857539"", ""137272079"", ""192509185"", ""193252013"", ""182704194"", ""161419745"", ""188626794"", ""201030455"", ""211021392""]"
none_subset,4,216739051,200370854,37,116,0,0,0,0,0,0,"[""210307849"", ""211571619"", ""210025924"", ""215631921"", ""195073454"", ""180837553"", ""190569345"", ""177838111"", ""211987844"", ""166772714""]"
none_subset,4,192931748,163620157,62,162,0,0,0,0,0,0,"[""142923518"", ""143843798"", ""32728587"", ""194805526"", ""148423515"", ""177811848"", ""133212921"", ""129898062"", ""125567188"", ""191614481""]"
none_subset,4,224192708,212429237,64,18,0,0,0,0,1,1,"[""136053941"", ""195841911"", ""177968315"", ""209149616"", ""195536621"", ""102619257"", ""163956163"", ""98469115"", ""184189116"", ""209301044""]"
none_subset,4,222889034,211582481,43,4,0,0,1,1,1,1,"[""201213450"", ""210822887"", ""187215484"", ""211582481"", ""136773099"", ""156536547"", ""168830681"", ""194022987"", ""186350594"", ""184024262""]"
none_subset,4,210329706,184254034,64,86,0,0,0,0,0,0,"[""174719538"", ""150570854"", ""196368507"", ""136600772"", ""201460481"", ""210148884"", ""197268810"", ""147223868"", ""169931960"", ""206235020""]"
none_subset,4,98720243,82453175,64,1890,0,0,0,0,0,0,"[""186122058"", ""160006498"", ""162686675"", ""168668432"", ""155116255"", ""184399585"", ""129288036"", ""94863968"", ""70397289"", ""121322111""]"
none_subset,4,191920165,151312076,38,213,0,0,0,0,0,0,"[""109987226"", ""126884451"", ""91690080"", ""204637998"", ""135619578"", ""127571400"", ""190122858"", ""128953329"", ""122139403"", ""183904957""]"
none_subset,4,193516549,141087936,37,2598,0,0,0,0,0,0,"[""98327133"", ""21114364"", ""202222440"", ""119227333"", ""181408383"", ""183285169"", ""150887352"", ""198478244"", ""179523073"", ""192786781""]"
none_subset,4,215181467,196352343,4,358,0,0,0,0,0,0,"[""199780246"", ""200963901"", ""187602417"", ""191214295"", ""159111889"", ""192331154"", ""191147915"", ""192424356"", ""146764647"", ""206940426""]"
none_subset,4,213470302,193563274,38,979,0,0,0,0,0,0,"[""204880845"", ""201835961"", ""132671829"", ""171180851"", ""35304652"", ""118202658"", ""207283376"", ""197680644"", ""154107984"", ""171755799""]"
none_subset,4,217382278,205030690,46,24,0,0,0,0,1,1,"[""193559506"", ""160110731"", ""133674182"", ""158946684"", ""100503293"", ""158806989"", ""201215254"", ""141876515"", ""62458353"", ""157884203""]"
none_subset,4,187772901,152337991,64,23,0,0,0,0,1,1,"[""160006498"", ""206213762"", ""94863968"", ""156281163"", ""70397289"", ""215021282"", ""73275498"", ""94645332"", ""63935560"", ""187914316""]"
none_subset,4,214506218,194775259,64,546,0,0,0,0,0,0,"[""109320323"", ""31017779"", ""91451711"", ""160001929"", ""131569653"", ""116380815"", ""154504845"", ""206396108"", ""184683737"", ""113587141""]"
none_subset,4,223760928,210450450,57,31,0,0,0,0,0,1,"[""215562071"", ""214059340"", ""213078674"", ""210816632"", ""211144150"", ""209364645"", ""194275459"", ""200869212"", ""193469879"", ""206221142""]"
none_subset,4,174683528,86091554,46,39,0,0,0,0,0,1,"[""145094112"", ""204314440"", ""162153442"", ""174665100"", ""204026475"", ""175609249"", ""131042947"", ""215006086"", ""208431287"", ""168815908""]"
none_subset,4,220595838,192805958,46,647,0,0,0,0,0,0,"[""191705183"", ""203329657"", ""118566996"", ""181547294"", ""32186937"", ""186116554"", ""84576505"", ""191376944"", ""67021528"", ""201966464""]"
none_subset,4,194436636,126011300,38,300,0,0,0,0,0,0,"[""82057494"", ""107906676"", ""73789534"", ""67559588"", ""209719272"", ""54324303"", ""212676450"", ""158767731"", ""158733811"", ""110415230""]"
none_subset,4,133292443,112902032,64,1828,0,0,0,0,0,0,"[""169622540"", ""56593545"", ""166489955"", ""213429313"", ""76425768"", ""208979760"", ""186937016"", ""207826820"", ""188550102"", ""165481383""]"
none_subset,4,95295742,55355667,43,1141,0,0,0,0,0,0,"[""197607286"", ""207753535"", ""78516965"", ""188398971"", ""205605896"", ""186403472"", ""141417624"", ""193482080"", ""121261536"", ""145996061""]"
none_subset,4,207550436,179000829,38,1,1,1,1,1,1,1,"[""179000829"", ""100750564"", ""213648542"", ""111175842"", ""198703958"", ""181343824"", ""159164039"", ""112758593"", ""190981092"", ""205787294""]"
none_subset,4,168234043,105284015,64,5,0,0,1,1,1,1,"[""173175226"", ""112432197"", ""210055173"", ""137648602"", ""105284015"", ""197129998"", ""142226293"", ""65008207"", ""138404501"", ""152209904""]"
none_subset,4,206867388,181331283,43,2145,0,0,0,0,0,0,"[""191701553"", ""202367676"", ""178850565"", ""172403975"", ""194855616"", ""166329703"", ""76860540"", ""144102192"", ""171888747"", ""35117971""]"
none_subset,4,154993550,127087324,37,77,0,0,0,0,0,0,"[""98329035"", ""142288546"", ""145112155"", ""119637829"", ""166075041"", ""145100939"", ""160237764"", ""153205116"", ""16898206"", ""187712911""]"
none_subset,4,215105169,196286726,64,1,1,1,1,1,1,1,"[""196286726"", ""147671714"", ""192779268"", ""206276658"", ""195529634"", ""174719538"", ""191930990"", ""169931960"", ""200027492"", ""196368309""]"
none_subset,4,221268804,179735008,4,57,0,0,0,0,0,0,"[""213679625"", ""45403148"", ""212277102"", ""73118528"", ""197046560"", ""156401201"", ""138626625"", ""204124240"", ""108342269"", ""206016133""]"
none_subset,4,191892692,164374132,43,100,0,0,0,0,0,0,"[""79676853"", ""145546533"", ""126415167"", ""116979481"", ""104715442"", ""200392561"", ""120765596"", ""190843616"", ""167697776"", ""163141517""]"
none_subset,4,190066343,162413549,37,120,0,0,0,0,0,0,"[""195296935"", ""169228866"", ""93983706"", ""190075252"", ""196563012"", ""184320957"", ""191911000"", ""196367171"", ""195583647"", ""179751402""]"
none_subset,4,172680642,130299986,4,7,0,0,0,1,1,1,"[""136474102"", ""171447530"", ""202362364"", ""200963858"", ""153991203"", ""138966111"", ""130299986"", ""123480831"", ""110512138"", ""191695096""]"
none_subset,4,124652082,111507227,46,451,0,0,0,0,0,0,"[""150142821"", ""143366526"", ""151511658"", ""205635929"", ""130256763"", ""148352358"", ""208035235"", ""70517064"", ""78570599"", ""102529512""]"
none_subset,4,211314847,179041527,46,110,0,0,0,0,0,0,"[""139649558"", ""140208813"", ""187829464"", ""214430451"", ""110268464"", ""117093898"", ""16339902"", ""31105163"", ""151344613"", ""81549989""]"
none_subset,4,216976389,193787837,64,1278,0,0,0,0,0,0,"[""200043378"", ""76676235"", ""184076586"", ""187503442"", ""14286061"", ""66459509"", ""213362149"", ""173526297"", ""193536959"", ""156077786""]"
none_subset,4,157899270,122844194,46,1188,0,0,0,0,0,0,"[""79988383"", ""121587868"", ""138326639"", ""105137217"", ""135173671"", ""210836993"", ""205769669"", ""162319258"", ""99417894"", ""105064165""]"
none_subset,4,31876020,35001266,46,54,0,0,0,0,0,0,"[""194051265"", ""50497846"", ""79523323"", ""19664212"", ""26599574"", ""183767116"", ""79596435"", ""51692336"", ""186542267"", ""32062492""]"
none_subset,4,136392754,104135674,64,163,0,0,0,0,0,0,"[""128217933"", ""194941994"", ""149715107"", ""119643934"", ""187887134"", ""92189436"", ""138800320"", ""192392140"", ""153356810"", ""53453982""]"
none_subset,4,174050717,146272807,37,331,0,0,0,0,0,0,"[""153367008"", ""197344850"", ""163424021"", ""140706897"", ""190251047"", ""180409690"", ""84416822"", ""146393296"", ""189934851"", ""213471023""]"
none_subset,4,85517234,16200082,4,339,0,0,0,0,0,0,"[""163349092"", ""147828982"", ""99318165"", ""139418370"", ""149144744"", ""201065368"", ""136384270"", ""173008557"", ""160501086"", ""174535187""]"
none_subset,4,60621521,66001771,38,15,0,0,0,0,1,1,"[""12850729"", ""184915247"", ""162038910"", ""213761986"", ""172923145"", ""178111049"", ""151931969"", ""78540845"", ""131972279"", ""83459172""]"
none_subset,4,195598730,168407756,62,233,0,0,0,0,0,0,"[""204527959"", ""200036900"", ""116947577"", ""143989434"", ""204435102"", ""80550172"", ""208722933"", ""143226394"", ""181376013"", ""212180917""]"
none_subset,4,194696531,165507559,4,95,0,0,0,0,0,0,"[""199361385"", ""177860593"", ""184753068"", ""164310767"", ""158097383"", ""156251697"", ""199796983"", ""131936243"", ""194122336"", ""184476437""]"
none_subset,4,172009441,143567150,57,288,0,0,0,0,0,0,"[""110306995"", ""86061978"", ""135805652"", ""99723323"", ""131732559"", ""22891994"", ""171524744"", ""100527593"", ""183993242"", ""82520729""]"
none_subset,4,106371568,81712775,62,1780,0,0,0,0,0,0,"[""60700827"", ""117835777"", ""56568319"", ""186756267"", ""15942056"", ""187005682"", ""162715321"", ""31775075"", ""207100364"", ""63887170""]"
none_subset,4,221354881,208956211,62,1911,0,0,0,0,0,0,"[""194803893"", ""161511273"", ""39996426"", ""152444456"", ""137144214"", ""186936582"", ""65335111"", ""211069026"", ""53450905"", ""120988606""]"
none_subset,4,140630550,105605834,4,633,0,0,0,0,0,0,"[""90543409"", ""185275943"", ""64578501"", ""148382740"", ""161417907"", ""177949545"", ""176720818"", ""189945818"", ""210240441"", ""169964492""]"
none_subset,4,205970803,181306942,4,29,0,0,0,0,1,1,"[""167351572"", ""187964382"", ""182060832"", ""122564854"", ""141488485"", ""23408401"", ""210721272"", ""98076075"", ""209607188"", ""142553971""]"
none_subset,4,175938816,147988293,37,95,0,0,0,0,0,0,"[""181408383"", ""98327133"", ""194958352"", ""87450438"", ""182388466"", ""116240817"", ""190261540"", ""206412545"", ""45171964"", ""149483145""]"
none_subset,4,81153449,13469891,4,323,0,0,0,0,0,0,"[""141488485"", ""181715447"", ""139852579"", ""151518049"", ""138975756"", ""120663751"", ""12396291"", ""98076075"", ""184087480"", ""16847694""]"
none_subset,4,220204771,206235969,4,21,0,0,0,0,1,1,"[""206007161"", ""163772112"", ""164936492"", ""211469837"", ""73118528"", ""161086623"", ""207533227"", ""203498392"", ""206016133"", ""206213620""]"
none_subset,4,219877685,204948467,38,129,0,0,0,0,0,0,"[""148708621"", ""39903440"", ""19105395"", ""32654945"", ""119050794"", ""174919483"", ""36621623"", ""119286551"", ""95420911"", ""144249722""]"
none_subset,4,19274693,16684342,57,1004,0,0,0,0,0,0,"[""215562071"", ""213078674"", ""209164848"", ""211954295"", ""166538115"", ""211403510"", ""207601730"", ""209236810"", ""159343304"", ""113047535""]"
none_subset,4,225328512,196270392,4,119,0,0,0,0,0,0,"[""210643102"", ""207143420"", ""189202376"", ""207099729"", ""152685161"", ""210573149"", ""213127345"", ""191246391"", ""190503853"", ""204860189""]"
none_subset,4,182525884,176722009,43,15,0,0,0,0,1,1,"[""120544015"", ""147419433"", ""177473145"", ""145906971"", ""160407494"", ""125934100"", ""123492526"", ""49526180"", ""123537400"", ""29596208""]"
none_subset,4,221015126,204675075,57,51,0,0,0,0,0,0,"[""171686923"", ""189194901"", ""193349740"", ""173370077"", ""166225948"", ""203970549"", ""141972495"", ""193883899"", ""191111309"", ""209801964""]"
none_subset,4,181083347,128431328,38,600,0,0,0,0,0,0,"[""202829895"", ""111489526"", ""106812535"", ""154762222"", ""74626779"", ""60873658"", ""108645662"", ""190550107"", ""200169056"", ""25899558""]"
none_subset,4,220376806,125977774,57,1858,0,0,0,0,0,0,"[""152200569"", ""210399533"", ""83698486"", ""30016302"", ""111084475"", ""164639309"", ""171076552"", ""159894413"", ""118458266"", ""153321595""]"
none_subset,4,218730195,181873326,46,399,0,0,0,0,0,0,"[""201270244"", ""109790613"", ""208099409"", ""153467283"", ""170987455"", ""138254448"", ""174610357"", ""203534611"", ""203763329"", ""213234426""]"
none_subset,4,124558600,83782511,38,626,0,0,0,0,0,0,"[""190453683"", ""156629865"", ""178462865"", ""153191207"", ""193133447"", ""121639115"", ""16689432"", ""166911507"", ""160779270"", ""130417987""]"
none_subset,4,115160424,76158891,43,190,0,0,0,0,0,0,"[""162630675"", ""60496830"", ""61473911"", ""133220748"", ""214100347"", ""67473151"", ""123794534"", ""57866098"", ""211382244"", ""158354567""]"
none_subset,4,156442038,50164634,38,173,0,0,0,0,0,0,"[""55254920"", ""115216449"", ""196280032"", ""155947772"", ""200085691"", ""112389064"", ""189799383"", ""181226544"", ""138438188"", ""142598311""]"
none_subset,4,208885105,182587351,57,87,0,0,0,0,0,0,"[""152187673"", ""196935602"", ""157953377"", ""202725978"", ""202626135"", ""51300213"", ""203388288"", ""177316731"", ""177626941"", ""180417908""]"
none_subset,4,186052675,156103241,4,634,0,0,0,0,0,0,"[""141186510"", ""172852183"", ""184721384"", ""207050878"", ""152566280"", ""144683728"", ""149621622"", ""136474102"", ""148331489"", ""191096738""]"
none_subset,4,157308666,133864561,64,292,0,0,0,0,0,0,"[""97354544"", ""177536477"", ""60032340"", ""53527257"", ""15748792"", ""170931595"", ""174095805"", ""179201033"", ""188599489"", ""97650176""]"
none_subset,4,212978518,144463129,43,8,0,0,0,1,1,1,"[""98581026"", ""61372398"", ""120188232"", ""89731710"", ""193103331"", ""143371562"", ""15015983"", ""144463129"", ""180465465"", ""204449585""]"
none_subset,4,47560532,52512643,38,937,0,0,0,0,0,0,"[""158600836"", ""128168264"", ""153687901"", ""160066097"", ""123255496"", ""206517908"", ""213205324"", ""133301327"", ""192920732"", ""110664117""]"
none_subset,4,185082634,155606960,37,589,0,0,0,0,0,0,"[""198753304"", ""106674292"", ""127873279"", ""92247640"", ""188083340"", ""133924998"", ""209794141"", ""81213674"", ""200025016"", ""205214483""]"
none_subset,4,134065570,100947091,43,5,0,0,1,1,1,1,"[""187498153"", ""118390825"", ""141417624"", ""137286819"", ""100947091"", ""63103166"", ""35671043"", ""205605896"", ""194068460"", ""193482080""]"
none_subset,4,72439450,72700486,62,341,0,0,0,0,0,0,"[""201461957"", ""190955120"", ""61171387"", ""133836024"", ""66046777"", ""4357432"", ""155253745"", ""168908390"", ""150920608"", ""71274832""]"
none_subset,4,85698837,84941218,62,14,0,0,0,0,1,1,"[""44103941"", ""104016143"", ""123214623"", ""119150891"", ""198209451"", ""127482214"", ""57144448"", ""210275902"", ""200033535"", ""190693769""]"
none_subset,4,213505891,193656232,37,42,0,0,0,0,0,1,"[""191538851"", ""208532302"", ""199287233"", ""209172941"", ""193730114"", ""187423310"", ""206302770"", ""210502009"", ""190070434"", ""186811713""]"
none_subset,4,69331974,52649296,37,769,0,0,0,0,0,0,"[""143946320"", ""89464961"", ""92247640"", ""139391729"", ""147106924"", ""212406255"", ""163424021"", ""96028215"", ""138858879"", ""205328844""]"
none_subset,4,97843020,93501781,37,2460,0,0,0,0,0,0,"[""150261210"", ""198314449"", ""92919228"", ""207110453"", ""157798849"", ""204666072"", ""172283615"", ""204563640"", ""137567904"", ""193485768""]"
none_subset,4,200593852,152312239,64,33,0,0,0,0,0,1,"[""103416735"", ""179015555"", ""131569653"", ""123167911"", ""93476336"", ""148413683"", ""133614550"", ""174183108"", ""130981735"", ""200859322""]"
none_subset,4,221454647,204823121,46,452,0,0,0,0,0,0,"[""213296616"", ""205019069"", ""204759997"", ""158137442"", ""209924155"", ""203915067"", ""186568176"", ""211116849"", ""142707487"", ""144865911""]"
none_subset,4,216238065,180956690,64,119,0,0,0,0,0,0,"[""195841911"", ""103614032"", ""136053941"", ""177968315"", ""126295674"", ""191638507"", ""192577471"", ""157187324"", ""174916841"", ""163956163""]"
none_subset,4,147848657,129086390,38,984,0,0,0,0,0,0,"[""212854070"", ""127539785"", ""140138816"", ""174530040"", ""120618466"", ""186767110"", ""25706087"", ""124508627"", ""148395469"", ""66259210""]"
none_subset,4,217952408,202627342,62,573,0,0,0,0,0,0,"[""212180917"", ""189178547"", ""206509724"", ""154758359"", ""187833512"", ""205247044"", ""203908924"", ""182728661"", ""104004010"", ""131599218""]"
none_subset,4,76659313,77257734,46,35,0,0,0,0,0,1,"[""121587868"", ""121346371"", ""169485140"", ""102458654"", ""45375287"", ""215475381"", ""105137217"", ""206921287"", ""71898634"", ""50445939""]"
none_subset,4,189913394,160406750,43,67,0,0,0,0,0,0,"[""194759873"", ""126470047"", ""111728510"", ""125200893"", ""53878026"", ""164991678"", ""6704113"", ""53018260"", ""178363726"", ""105774118""]"
none_subset,4,35243095,34453687,38,77,0,0,0,0,0,0,"[""52512643"", ""92914026"", ""38003672"", ""145871617"", ""14434511"", ""150792406"", ""150802146"", ""12905940"", ""197681087"", ""122139403""]"
none_subset,4,134450676,64629457,46,1346,0,0,0,0,0,0,"[""111956915"", ""47486707"", ""213225779"", ""190358880"", ""52086900"", ""205769669"", ""213196140"", ""149547737"", ""205628361"", ""171226535""]"
none_subset,4,207163746,177737543,37,13,0,0,0,0,1,1,"[""148896266"", ""148800689"", ""209045757"", ""144976728"", ""182681465"", ""110465452"", ""126447515"", ""184357547"", ""150438835"", ""156134296""]"
none_subset,4,171351361,143608153,57,541,0,0,0,0,0,0,"[""165054297"", ""164548003"", ""197301758"", ""132769262"", ""199762687"", ""194873205"", ""172859269"", ""152187673"", ""3631578"", ""135517837""]"
none_subset,4,64390285,68213151,38,228,0,0,0,0,0,0,"[""77338935"", ""149982401"", ""155589050"", ""53171694"", ""207244739"", ""122139403"", ""114055239"", ""60873658"", ""76490987"", ""24448141""]"
none_subset,4,200499340,167351572,4,5,0,0,1,1,1,1,"[""150679730"", ""75828042"", ""12396291"", ""212372690"", ""167351572"", ""34047790"", ""199422802"", ""148281605"", ""99199501"", ""192413607""]"
none_subset,4,183860837,155838266,38,160,0,0,0,0,0,0,"[""209590588"", ""169136130"", ""191703078"", ""194797914"", ""130737214"", ""192920732"", ""193591162"", ""113496860"", ""199841905"", ""209921939""]"
none_subset,4,213450480,178173689,46,6,0,0,0,1,1,1,"[""111715361"", ""106915000"", ""201991995"", ""182764303"", ""147354525"", ""178173689"", ""157105476"", ""116218020"", ""121346371"", ""145084375""]"
none_subset,4,124702096,108440631,64,491,0,0,0,0,0,0,"[""147880315"", ""165119390"", ""43675047"", ""160001929"", ""192429012"", ""206396108"", ""98469115"", ""132868443"", ""181874277"", ""71340112""]"
none_subset,4,147810407,80344615,62,1629,0,0,0,0,0,0,"[""61834333"", ""192716019"", ""73906788"", ""201461957"", ""200030259"", ""118002181"", ""190955120"", ""122507339"", ""69970349"", ""122377328""]"
none_subset,4,225163898,204637407,38,728,0,0,0,0,0,0,"[""165798838"", ""160303868"", ""168008625"", ""213984936"", ""213020081"", ""123190192"", ""195156235"", ""191622817"", ""34102224"", ""149816343""]"
none_subset,4,217208046,179347666,46,3,0,1,1,1,1,1,"[""187734223"", ""110716703"", ""179347666"", ""205368126"", ""204029234"", ""214519972"", ""116218020"", ""168398292"", ""76020654"", ""148163576""]"
none_subset,4,197034210,163608455,4,257,0,0,0,0,0,0,"[""148281605"", ""116057633"", ""40365043"", ""204482650"", ""149759096"", ""200570078"", ""141488485"", ""182060832"", ""16847694"", ""34047790""]"
none_subset,4,213037133,193030442,37,496,0,0,0,0,0,0,"[""119227333"", ""45171964"", ""178961164"", ""116240817"", ""177207521"", ""187043151"", ""210858780"", ""147435678"", ""206278149"", ""204920168""]"
none_subset,4,223705533,213056096,62,692,0,0,0,0,0,0,"[""145797588"", ""128533237"", ""190355590"", ""195497516"", ""186169702"", ""94242464"", ""79175068"", ""45959409"", ""95708600"", ""188793389""]"
none_subset,4,180525625,82639586,43,355,0,0,0,0,0,0,"[""123511609"", ""205276629"", ""57715433"", ""164097777"", ""204449585"", ""184870842"", ""163664846"", ""128872941"", ""125638272"", ""188032543""]"
none_subset,4,223037861,210691152,62,681,0,0,0,0,0,0,"[""167750528"", ""186961436"", ""203336355"", ""139848504"", ""203335692"", ""88475705"", ""212737935"", ""207274549"", ""186756267"", ""190825905""]"
none_subset,4,189539217,43581078,57,480,0,0,0,0,0,0,"[""143161125"", ""125339147"", ""200462582"", ""98039533"", ""121902729"", ""99228573"", ""134702798"", ""158555938"", ""196495234"", ""143701254""]"
none_subset,4,21841595,44098015,38,1203,0,0,0,0,0,0,"[""116226486"", ""67490532"", ""104042988"", ""98186259"", ""117587345"", ""95323314"", ""201030455"", ""182333897"", ""177867333"", ""164264613""]"
none_subset,4,215740887,197097621,43,783,0,0,0,0,0,0,"[""67063550"", ""66867545"", ""179105716"", ""146978431"", ""141811973"", ""180314920"", ""211526829"", ""124359099"", ""182870508"", ""194952332""]"
none_subset,4,210303616,185756838,37,1246,0,0,0,0,0,0,"[""184272506"", ""157139216"", ""186429778"", ""78795109"", ""195626822"", ""17206468"", ""87364828"", ""212782587"", ""186085070"", ""163424021""]"
none_subset,4,223165031,161029905,62,773,0,0,0,0,0,0,"[""39730875"", ""68090031"", ""84455640"", ""186145130"", ""105604280"", ""155253745"", ""97218462"", ""154192089"", ""61171387"", ""122185080""]"
none_subset,4,201857060,169967722,62,2060,0,0,0,0,0,0,"[""207274549"", ""201064532"", ""76665110"", ""213827571"", ""94016043"", ""134126353"", ""171847859"", ""135449877"", ""125139076"", ""185145276""]"
none_subset,4,89181788,81266882,62,40,0,0,0,0,0,1,"[""45997741"", ""78481865"", ""96688945"", ""178964015"", ""70315472"", ""145492438"", ""63916792"", ""15942056"", ""131432619"", ""183231385""]"
none_subset,4,219448422,202152397,38,63,0,0,0,0,0,0,"[""136989956"", ""67142038"", ""207390508"", ""128399228"", ""207390535"", ""150630196"", ""208225541"", ""130417987"", ""159911050"", ""213020081""]"
none_subset,4,58920217,60767330,43,59,0,0,0,0,0,0,"[""38196926"", ""178850565"", ""173279591"", ""145947056"", ""177472789"", ""190193667"", ""200893142"", ""114685239"", ""158737000"", ""116753996""]"
none_subset,4,221276479,208805779,46,72,0,0,0,0,0,0,"[""142707487"", ""173634775"", ""207061761"", ""63397399"", ""146324638"", ""209924155"", ""200389859"", ""212600322"", ""214520103"", ""179633525""]"
none_subset,4,201964535,172998313,57,1140,0,0,0,0,0,0,"[""171896766"", ""47987945"", ""164248569"", ""98712789"", ""212108240"", ""57499088"", ""169400993"", ""30933369"", ""155647098"", ""91035907""]"
none_subset,4,201969054,173877373,62,825,0,0,0,0,0,0,"[""86925187"", ""10132068"", ""106557292"", ""142832546"", ""79930613"", ""150251996"", ""23907922"", ""84336599"", ""180945305"", ""57745589""]"
none_subset,4,154293114,114815546,57,783,0,0,0,0,0,0,"[""159881542"", ""44101662"", ""211350813"", ""82721637"", ""173214357"", ""143158282"", ""80105708"", ""139534989"", ""212832189"", ""85728689""]"
none_subset,4,191360540,133220748,43,24,0,0,0,0,1,1,"[""176565044"", ""188810945"", ""144628962"", ""157711341"", ""117984925"", ""178862051"", ""156989303"", ""199412521"", ""205500642"", ""98314945""]"
none_subset,4,223856625,212782587,37,300,0,0,0,0,0,0,"[""168816718"", ""213298601"", ""185694778"", ""206404092"", ""189521463"", ""209161669"", ""201044584"", ""193468790"", ""107872662"", ""207698281""]"
none_subset,4,199923996,160066387,38,91,0,0,0,0,0,0,"[""149343290"", ""192654276"", ""211427284"", ""180386955"", ""136204876"", ""207422358"", ""128022775"", ""69350726"", ""126776975"", ""182866917""]"
none_subset,4,217544148,183710535,37,4,0,0,1,1,1,1,"[""197344850"", ""207605603"", ""212752270"", ""183710535"", ""124237457"", ""143134097"", ""194850161"", ""211519251"", ""212621102"", ""158417007""]"
none_subset,4,35317728,31028406,4,896,0,0,0,0,0,0,"[""56134226"", ""44842674"", ""214045806"", ""99472535"", ""206303506"", ""209700200"", ""183018658"", ""126889201"", ""194377968"", ""156456714""]"
none_subset,4,217512610,181843286,4,329,0,0,0,0,0,0,"[""133755220"", ""100007550"", ""86774130"", ""185905613"", ""180940683"", ""94286928"", ""54212504"", ""113622434"", ""158175855"", ""167254533""]"
none_subset,4,181370150,152291947,57,100,0,0,0,0,0,0,"[""207784265"", ""21487414"", ""154845037"", ""120012973"", ""122877346"", ""200675765"", ""211835809"", ""63834125"", ""83774267"", ""156882380""]"
none_subset,4,144685928,125932469,64,973,0,0,0,0,0,0,"[""174387123"", ""63935560"", ""126296430"", ""194687988"", ""203527868"", ""62581454"", ""173159881"", ""121294809"", ""143362090"", ""73275498""]"
none_subset,4,194726158,157006363,64,391,0,0,0,0,0,0,"[""136053941"", ""163529947"", ""195841911"", ""151589612"", ""177968315"", ""209149616"", ""49185786"", ""102619257"", ""103614032"", ""163956163""]"
none_subset,4,188692131,159862301,4,398,0,0,0,0,0,0,"[""197090565"", ""190079873"", ""190777127"", ""209124215"", ""146781680"", ""200589462"", ""207097865"", ""176566249"", ""159567986"", ""195543776""]"
none_subset,4,221548139,209179234,46,525,0,0,0,0,0,0,"[""171636556"", ""173668368"", ""210856802"", ""205208810"", ""179347666"", ""208719036"", ""187734223"", ""204635544"", ""194798510"", ""170374096""]"
none_subset,4,176065254,141090046,62,311,0,0,0,0,0,0,"[""143139548"", ""152444456"", ""137144214"", ""52919918"", ""188696626"", ""117835777"", ""48004410"", ""135330582"", ""74169769"", ""128533237""]"
none_subset,4,113331906,94672340,37,55,0,0,0,0,0,0,"[""150438835"", ""184692781"", ""153205005"", ""110465452"", ""157140706"", ""148800689"", ""193407642"", ""178462679"", ""182681465"", ""184357547""]"
none_subset,4,165686883,141303246,64,550,0,0,0,0,0,0,"[""122369604"", ""115580730"", ""209768449"", ""195426035"", ""154414779"", ""161859097"", ""87387447"", ""207826820"", ""126298952"", ""201747658""]"
none_subset,4,224418779,214230613,57,682,0,0,0,0,0,0,"[""210636826"", ""210472448"", ""189762370"", ""195530334"", ""203550692"", ""179079527"", ""212470393"", ""213974986"", ""209161059"", ""188363722""]"
none_subset,4,202626417,177317879,37,575,0,0,0,0,0,0,"[""200530408"", ""143052602"", ""209527018"", ""211519251"", ""166388322"", ""183710535"", ""166772714"", ""168675802"", ""203900707"", ""210082244""]"
none_subset,4,184033948,149470081,4,68,0,0,0,0,0,0,"[""192786300"", ""184476437"", ""191509023"", ""194507763"", ""192331065"", ""88932849"", ""120205229"", ""194291179"", ""174176796"", ""191461282""]"
none_subset,4,222534391,126819828,38,619,0,0,0,0,0,0,"[""108033709"", ""126393314"", ""204880845"", ""180784190"", ""127669143"", ""154112696"", ""206303400"", ""207763939"", ""194792551"", ""140979774""]"
none_subset,4,169301911,106040147,4,83,0,0,0,0,0,0,"[""209176316"", ""199434730"", ""193934711"", ""180862612"", ""181206759"", ""207201000"", ""116474962"", ""204256104"", ""153116755"", ""213683350""]"
none_subset,4,187345336,153870688,46,1842,0,0,0,0,0,0,"[""85427391"", ""214464211"", ""166190328"", ""205315794"", ""183722605"", ""158946684"", ""16339902"", ""201215254"", ""165953966"", ""158281753""]"
none_subset,4,126584715,111743235,4,43,0,0,0,0,0,1,"[""210497898"", ""204256104"", ""162721825"", ""205469263"", ""209176316"", ""153116755"", ""61021963"", ""203934220"", ""203033142"", ""169250822""]"
none_subset,4,197783848,162250029,37,878,0,0,0,0,0,0,"[""195908286"", ""173640245"", ""172689752"", ""148515955"", ""192617496"", ""210502009"", ""208141913"", ""204138156"", ""186828726"", ""187502080""]"
none_subset,4,221251715,208742868,37,192,0,0,0,0,0,0,"[""195292057"", ""201067865"", ""181590682"", ""164430683"", ""204454005"", ""192569315"", ""214409508"", ""186270944"", ""135825130"", ""151573759""]"
none_subset,4,207328005,158280890,43,41,0,0,0,0,0,1,"[""185822792"", ""198166094"", ""165954042"", ""204884209"", ""171833857"", ""109495604"", ""163095786"", ""13333510"", ""116652853"", ""56249203""]"
none_subset,4,211257088,185847475,37,570,0,0,0,0,0,0,"[""199777326"", ""170879853"", ""179319840"", ""156134296"", ""209045757"", ""128177539"", ""150438835"", ""204531217"", ""158771565"", ""148896266""]"
none_subset,4,216227252,198999126,64,6,0,0,0,1,1,1,"[""196286726"", ""200026497"", ""206276658"", ""212267410"", ""192779268"", ""198999126"", ""147671714"", ""200027492"", ""174719538"", ""191930990""]"
none_subset,4,214970683,136484034,4,704,0,0,0,0,0,0,"[""144251877"", ""157710674"", ""199942377"", ""187964382"", ""145698626"", ""122594682"", ""176599974"", ""54212504"", ""77682387"", ""215452386""]"
none_subset,4,224878895,200035360,43,175,0,0,0,0,0,0,"[""79844098"", ""190677683"", ""171798974"", ""156395019"", ""140335234"", ""98301531"", ""210273616"", ""162384225"", ""70510072"", ""88376416""]"
none_subset,4,152366523,121116115,37,320,0,0,0,0,0,0,"[""145112155"", ""122241592"", ""148230413"", ""164454930"", ""49608053"", ""122748929"", ""188877213"", ""196225304"", ""142113211"", ""163655065""]"
none_subset,4,177866630,145736222,37,546,0,0,0,0,0,0,"[""88534873"", ""119227333"", ""187043151"", ""29496516"", ""103348357"", ""186986472"", ""42842956"", ""45171964"", ""94966858"", ""38725558""]"
none_subset,4,212095843,189516921,43,1165,0,0,0,0,0,0,"[""109574039"", ""190076056"", ""176722009"", ""67208060"", ""163269973"", ""177238440"", ""119119405"", ""86931045"", ""202111236"", ""190049158""]"
none_subset,4,159081446,134761869,43,138,0,0,0,0,0,0,"[""203191672"", ""207753535"", ""83550407"", ""13333510"", ""165710841"", ""211355598"", ""205562168"", ""201192710"", ""184693526"", ""199700611""]"
none_subset,4,168179573,142569884,64,597,0,0,0,0,0,0,"[""168661537"", ""139856523"", ""168192238"", ""120420310"", ""141913559"", ""65487267"", ""185454425"", ""160009723"", ""126589451"", ""112345894""]"
none_subset,4,193854778,165548600,43,39,0,0,0,0,0,1,"[""204045985"", ""183407909"", ""158916391"", ""207656544"", ""166272408"", ""155951189"", ""204176913"", ""126861866"", ""98114179"", ""213020277""]"
none_subset,4,221268275,207931525,46,16,0,0,0,0,1,1,"[""213655844"", ""108971427"", ""208188298"", ""208306039"", ""172512012"", ""201537422"", ""208247963"", ""203164041"", ""213513527"", ""136992761""]"
none_subset,4,125144208,104268306,46,23,0,0,0,0,1,1,"[""184646371"", ""209744189"", ""174837469"", ""206220197"", ""103246590"", ""146029150"", ""212786249"", ""99983742"", ""205037505"", ""171227160""]"
none_subset,4,186180647,138795070,62,574,0,0,0,0,0,0,"[""212906250"", ""127069226"", ""146878510"", ""179977293"", ""130664372"", ""124884051"", ""134917876"", ""213770244"", ""86956608"", ""107118512""]"
none_subset,4,7346181,37006900,43,728,0,0,0,0,0,0,"[""197580291"", ""188409353"", ""93371252"", ""119445851"", ""191134281"", ""211884232"", ""183980279"", ""123537400"", ""111985578"", ""115302143""]"
none_subset,4,195280394,158680010,38,19,0,0,0,0,1,1,"[""192570569"", ""141723125"", ""135782942"", ""82429869"", ""87832627"", ""170457278"", ""123199053"", ""126884451"", ""170217630"", ""149261434""]"
none_subset,4,211264671,167464610,46,30,0,0,0,0,1,1,"[""193074174"", ""184612826"", ""184646371"", ""204650950"", ""190450261"", ""208493172"", ""174837469"", ""212786249"", ""197415730"", ""174586724""]"
none_subset,4,195620594,165223697,46,204,0,0,0,0,0,0,"[""16339902"", ""64234906"", ""186542267"", ""140827649"", ""79809742"", ""129248142"", ""188529439"", ""158946684"", ""113591349"", ""113654919""]"
none_subset,4,216008670,188800913,38,2074,0,0,0,0,0,0,"[""202208117"", ""180106883"", ""141804705"", ""206277956"", ""206003134"", ""192160446"", ""191702105"", ""159848607"", ""177616565"", ""126945620""]"
none_subset,4,224906126,196565460,43,1641,0,0,0,0,0,0,"[""171798974"", ""132315079"", ""137771001"", ""156395019"", ""153567645"", ""183640029"", ""210273616"", ""194880726"", ""125529150"", ""210321299""]"
none_subset,4,190824992,148452080,57,1026,0,0,0,0,0,0,"[""191533108"", ""109553539"", ""118860917"", ""177611876"", ""162086507"", ""123063081"", ""177390672"", ""168202910"", ""44099846"", ""210148547""]"
none_subset,4,205395368,164761085,62,176,0,0,0,0,0,0,"[""191201365"", ""69002225"", ""153723208"", ""180256255"", ""58086605"", ""194296646"", ""186169702"", ""136225463"", ""213066001"", ""95708600""]"
none_subset,4,207230561,159213527,38,278,0,0,0,0,0,0,"[""117957932"", ""145871617"", ""37809434"", ""112389064"", ""155814671"", ""133136953"", ""92914026"", ""125139020"", ""108421334"", ""163524272""]"
none_subset,4,169344730,137286819,43,13,0,0,0,0,1,1,"[""205605896"", ""193482080"", ""197607286"", ""63583179"", ""181162961"", ""194068460"", ""119499591"", ""185799642"", ""35671043"", ""137382410""]"
none_subset,4,212217041,191982155,62,4,0,0,1,1,1,1,"[""213866096"", ""190458412"", ""203439933"", ""191982155"", ""207489645"", ""194290716"", ""168270119"", ""208252625"", ""141693897"", ""185886914""]"
none_subset,4,220264809,206756006,37,3,0,1,1,1,1,1,"[""117685268"", ""105162490"", ""206756006"", ""143138392"", ""211987844"", ""167520346"", ""153421932"", ""90697118"", ""173244017"", ""78706018""]"
none_subset,4,119232478,9224574,62,2791,0,0,0,0,0,0,"[""141458058"", ""129878189"", ""133693018"", ""173904346"", ""2463151"", ""110663965"", ""179107557"", ""204880318"", ""172913028"", ""155669593""]"
none_subset,4,193883081,163535148,62,76,0,0,0,0,0,0,"[""144501764"", ""80991195"", ""213659099"", ""32645477"", ""152364935"", ""78729561"", ""36007287"", ""180644383"", ""168371800"", ""127168363""]"
none_subset,4,223326518,201875621,4,15,0,0,0,0,1,1,"[""190777127"", ""187320580"", ""190079873"", ""213696130"", ""200589462"", ""176566249"", ""192473388"", ""194212862"", ""152351954"", ""159567986""]"
none_subset,4,219332667,205048222,43,174,0,0,0,0,0,0,"[""148282226"", ""171019509"", ""206968122"", ""199547133"", ""194231584"", ""169787470"", ""144939868"", ""201736764"", ""100816505"", ""210561607""]"
none_subset,4,216204119,149198464,4,685,0,0,0,0,0,0,"[""61021963"", ""194641932"", ""212806729"", ""164270841"", ""195246738"", ""106341011"", ""73706611"", ""107797489"", ""192735606"", ""141337241""]"
none_subset,4,168036996,134861718,38,112,0,0,0,0,0,0,"[""158733811"", ""177744065"", ""209121892"", ""207314698"", ""125546707"", ""183174003"", ""146723193"", ""168680112"", ""192389960"", ""18798683""]"
none_subset,4,215182228,195801582,57,101,0,0,0,0,0,0,"[""145955425"", ""202655316"", ""200193952"", ""193981972"", ""202223376"", ""207134458"", ""175877174"", ""202358315"", ""155345748"", ""210969230""]"
none_subset,4,184869928,154364197,64,1463,0,0,0,0,0,0,"[""194941994"", ""146444401"", ""181671018"", ""160603185"", ""211987676"", ""201298322"", ""108538492"", ""187887134"", ""159848606"", ""129093190""]"
none_subset,4,211845820,170393915,46,1233,0,0,0,0,0,0,"[""208712486"", ""70629074"", ""170255404"", ""213293208"", ""193685035"", ""210667015"", ""207544514"", ""213129976"", ""133168724"", ""141874387""]"
none_subset,4,199206475,154762222,38,429,0,0,0,0,0,0,"[""109987226"", ""154635759"", ""180487810"", ""150005617"", ""91690080"", ""191080128"", ""184191073"", ""200665837"", ""159426855"", ""50164634""]"
none_subset,4,54951171,62110369,62,674,0,0,0,0,0,0,"[""129878189"", ""186593972"", ""2463151"", ""83327144"", ""17410155"", ""66824965"", ""113925741"", ""181082260"", ""132774570"", ""176129879""]"
none_subset,4,194783595,167624487,64,1065,0,0,0,0,0,0,"[""173458489"", ""208628985"", ""192498685"", ""69885765"", ""203188239"", ""128085943"", ""88249240"", ""210298620"", ""147553253"", ""73065988""]"
none_subset,4,207494915,183693328,37,73,0,0,0,0,0,0,"[""199918988"", ""192617496"", ""194408004"", ""121097766"", ""192456013"", ""191911000"", ""195908286"", ""207544886"", ""183094359"", ""187543270""]"
none_subset,4,207334719,174772202,64,48,0,0,0,0,0,1,"[""142231631"", ""156904369"", ""165315994"", ""150123553"", ""81240114"", ""200033728"", ""22329772"", ""201460481"", ""210148884"", ""72224328""]"
none_subset,4,198593026,161617191,46,373,0,0,0,0,0,0,"[""100881714"", ""210856802"", ""212730825"", ""209156183"", ""171636556"", ""205463159"", ""208956852"", ""211336503"", ""201436985"", ""170881830""]"
none_subset,4,223874078,140746194,64,279,0,0,0,0,0,0,"[""119000250"", ""58475692"", ""35312252"", ""207152337"", ""83485262"", ""20153108"", ""194616691"", ""60046348"", ""156759658"", ""174095805""]"
none_subset,4,182033302,151437967,37,132,0,0,0,0,0,0,"[""158117230"", ""126554078"", ""152140191"", ""120893128"", ""152762226"", ""192597928"", ""58893791"", ""32618321"", ""42842956"", ""171828064""]"
none_subset,4,223773313,205195417,37,17,0,0,0,0,1,1,"[""146869816"", ""171338279"", ""184899990"", ""82258130"", ""116929460"", ""164445165"", ""178052969"", ""161194648"", ""174037381"", ""135332295""]"
none_subset,4,221942746,209979540,46,1009,0,0,0,0,0,0,"[""78390422"", ""76396478"", ""172250706"", ""194132989"", ""201508287"", ""186078356"", ""204563408"", ""173138479"", ""162153442"", ""173365679""]"
none_subset,4,60596054,65008175,64,47,0,0,0,0,0,1,"[""124274061"", ""120966979"", ""124273952"", ""151134804"", ""193536959"", ""80098795"", ""111173960"", ""125457410"", ""113590277"", ""62313025""]"
none_subset,4,216604580,198930981,37,390,0,0,0,0,0,0,"[""209128550"", ""188568572"", ""206298544"", ""206412545"", ""191241938"", ""138858879"", ""157945105"", ""195296935"", ""209161669"", ""183697536""]"
none_subset,4,200783260,88789964,64,1178,0,0,0,0,0,0,"[""63474547"", ""201421429"", ""155183786"", ""188599489"", ""186850320"", ""80281524"", ""176790633"", ""103189720"", ""140676990"", ""149506115""]"
none_subset,4,177010985,149005960,38,28,0,0,0,0,1,1,"[""78137458"", ""99026554"", ""155422545"", ""156271106"", ""199402447"", ""167491323"", ""173102686"", ""85421632"", ""126891166"", ""107235606""]"
none_subset,4,162226613,133224863,46,1043,0,0,0,0,0,0,"[""171227152"", ""171227160"", ""108971427"", ""212530716"", ""194951479"", ""155463873"", ""102548981"", ""127266574"", ""171846733"", ""160147246""]"
none_subset,4,215210530,196287148,64,463,0,0,0,0,0,0,"[""177080791"", ""195252307"", ""144305873"", ""206533862"", ""58928846"", ""112624646"", ""155578463"", ""121493755"", ""194031832"", ""95992904""]"
none_subset,4,126834698,108625125,37,13,0,0,0,0,1,1,"[""204827377"", ""189469469"", ""211099685"", ""142640479"", ""201991698"", ""178395406"", ""111516361"", ""155814820"", ""175906876"", ""152569501""]"
none_subset,4,223664240,209433778,46,15,0,0,0,0,1,1,"[""132671791"", ""203677273"", ""212429674"", ""172082320"", ""111471139"", ""81506359"", ""209971517"", ""186533601"", ""106839909"", ""206905678""]"
none_subset,4,167894328,128181955,46,18,0,0,0,0,1,1,"[""143366526"", ""37708588"", ""113869306"", ""167265746"", ""70517064"", ""108786028"", ""73765596"", ""97623791"", ""153408319"", ""88088262""]"
none_subset,4,208038615,172316851,37,375,0,0,0,0,0,0,"[""197393743"", ""198698977"", ""150612100"", ""161147605"", ""194551250"", ""169770537"", ""208141094"", ""61710118"", ""165315733"", ""189064377""]"
none_subset,4,224878166,212636118,4,203,0,0,0,0,0,0,"[""195246738"", ""215306387"", ""161606528"", ""210189669"", ""211654053"", ""171860963"", ""190530648"", ""187502252"", ""213677286"", ""182220657""]"
none_subset,4,214613191,150122632,62,16,0,0,0,0,1,1,"[""64790775"", ""131432619"", ""170130815"", ""111966078"", ""182000351"", ""212299208"", ""178655632"", ""197519887"", ""79994734"", ""187006840""]"
none_subset,4,213188929,173181064,37,794,0,0,0,0,0,0,"[""193680819"", ""209172335"", ""145112155"", ""123336704"", ""73910372"", ""33563950"", ""184297463"", ""188877213"", ""206298198"", ""196101708""]"
none_subset,4,143277145,65062243,64,233,0,0,0,0,0,0,"[""63965447"", ""152209914"", ""135996572"", ""96535844"", ""123694415"", ""183213131"", ""47318174"", ""154338417"", ""94645332"", ""98190931""]"
none_subset,4,216319600,194231584,43,687,0,0,0,0,0,0,"[""76024222"", ""75959067"", ""152014829"", ""160802034"", ""127635452"", ""112624655"", ""202516482"", ""160295191"", ""178678331"", ""163286400""]"
none_subset,4,194957860,160303569,43,37,0,0,0,0,0,1,"[""193045333"", ""150782213"", ""167246303"", ""205021454"", ""151392250"", ""179105716"", ""180314920"", ""191630482"", ""75775580"", ""125200893""]"
none_subset,4,208604290,181306942,4,712,0,0,0,0,0,0,"[""207985124"", ""210655795"", ""180575809"", ""188285916"", ""174772759"", ""210871478"", ""202029081"", ""80560830"", ""210970095"", ""204134750""]"
none_subset,4,223869041,213307342,46,26,0,0,0,0,1,1,"[""129461367"", ""211336503"", ""177962710"", ""178405632"", ""84801975"", ""201462204"", ""212730825"", ""141003470"", ""214290787"", ""146845946""]"
none_subset,4,224498977,201906627,43,1009,0,0,0,0,0,0,"[""201213450"", ""202567733"", ""168830681"", ""113898898"", ""123633665"", ""187215484"", ""136773099"", ""194022987"", ""210822887"", ""156536547""]"
none_subset,4,224935109,184761054,64,1786,0,0,0,0,0,0,"[""210451384"", ""111173960"", ""191054297"", ""188610188"", ""70262578"", ""63926364"", ""66459509"", ""121255930"", ""65959521"", ""95501095""]"
none_subset,4,124879150,105418570,37,67,0,0,0,0,0,0,"[""202331502"", ""209045757"", ""110465452"", ""208969575"", ""132766044"", ""202333162"", ""181342961"", ""147820123"", ""211944194"", ""124537731""]"
none_subset,4,211961630,182728661,62,40,0,0,0,0,0,1,"[""204435102"", ""189178547"", ""143226394"", ""143989434"", ""147492641"", ""192653562"", ""212180917"", ""105225664"", ""167765059"", ""167732430""]"
none_subset,4,222690388,211327541,64,692,0,0,0,0,0,0,"[""67164744"", ""111705025"", ""191011510"", ""201460481"", ""76668217"", ""31017779"", ""168823510"", ""94729022"", ""211889722"", ""207726882""]"
none_subset,4,224251481,194722209,46,529,0,0,0,0,0,0,"[""199253164"", ""208224187"", ""144431749"", ""78566379"", ""170987455"", ""167967668"", ""206453483"", ""80538986"", ""58412205"", ""108060129""]"
none_subset,4,142470631,124638694,57,1438,0,0,0,0,0,0,"[""121902729"", ""183993242"", ""107527374"", ""78057939"", ""125339147"", ""169225136"", ""165637321"", ""206552998"", ""206553944"", ""199908579""]"
none_subset,4,175232048,157140706,37,1,1,1,1,1,1,1,"[""157140706"", ""174852305"", ""212776036"", ""128177539"", ""178462679"", ""113068731"", ""113225323"", ""174690214"", ""154028714"", ""102282269""]"
none_subset,4,127186712,113084668,4,782,0,0,0,0,0,0,"[""186779159"", ""206285668"", ""169025616"", ""132213065"", ""210519490"", ""184281117"", ""116960194"", ""213679625"", ""80560830"", ""183252412""]"
none_subset,4,209957211,178800069,62,426,0,0,0,0,0,0,"[""69970349"", ""192716019"", ""56951341"", ""61834333"", ""133693018"", ""214110785"", ""105604280"", ""60093528"", ""84455640"", ""66046777""]"
none_subset,4,210798328,188468393,4,88,0,0,0,0,0,0,"[""212392746"", ""187320580"", ""213696130"", ""152351954"", ""192473388"", ""159567986"", ""151451581"", ""151649288"", ""185360306"", ""201469264""]"
none_subset,4,189869518,156347163,37,717,0,0,0,0,0,0,"[""184320957"", ""190075252"", ""89464961"", ""98128705"", ""192387012"", ""179751402"", ""138858879"", ""92247640"", ""142665464"", ""173645815""]"
none_subset,4,225047812,215242567,37,451,0,0,0,0,0,0,"[""80032224"", ""141087936"", ""187502080"", ""132009085"", ""81981879"", ""185998993"", ""189777046"", ""171761243"", ""153421932"", ""202227327""]"
none_subset,4,120657273,50173628,62,15,0,0,0,0,1,1,"[""95725553"", ""129878189"", ""2463151"", ""83327144"", ""89542780"", ""155669593"", ""186593972"", ""194341665"", ""108312967"", ""135784548""]"
none_subset,4,174927070,141272135,38,545,0,0,0,0,0,0,"[""189593063"", ""69350726"", ""128168264"", ""214394715"", ""110664117"", ""47432873"", ""71896485"", ""191338884"", ""158600836"", ""118383153""]"
none_subset,4,222653684,209467848,38,106,0,0,0,0,0,0,"[""193054363"", ""203967736"", ""187725448"", ""127571400"", ""139198047"", ""141798974"", ""170648468"", ""138465835"", ""158102628"", ""174772308""]"
none_subset,4,220422267,187775788,64,66,0,0,0,0,0,0,"[""186850320"", ""183213131"", ""53527257"", ""149506115"", ""188599489"", ""174095805"", ""201421429"", ""177536477"", ""21359328"", ""119000250""]"
none_subset,4,216928250,94645332,64,4,0,0,1,1,1,1,"[""112033542"", ""147984435"", ""191629980"", ""94645332"", ""188397462"", ""167094250"", ""44749628"", ""178690639"", ""79233838"", ""61063233""]"
none_subset,4,155441384,132150429,62,307,0,0,0,0,0,0,"[""45997741"", ""78481865"", ""96688945"", ""70315472"", ""15942056"", ""178964015"", ""203397613"", ""134304136"", ""168442721"", ""194803893""]"
none_subset,4,219678336,198241765,4,146,0,0,0,0,0,0,"[""181715447"", ""123419520"", ""207177061"", ""116057633"", ""149759096"", ""191214295"", ""138975756"", ""202362364"", ""148281605"", ""122564854""]"
none_subset,4,180204688,95395941,38,370,0,0,0,0,0,0,"[""153901522"", ""207390508"", ""121639115"", ""162400962"", ""128049462"", ""163646287"", ""121028401"", ""138353042"", ""154735800"", ""163280205""]"
none_subset,4,135398673,78885056,46,2298,0,0,0,0,0,0,"[""194795218"", ""151203538"", ""129506623"", ""129427671"", ""171801408"", ""121689381"", ""194933430"", ""57427713"", ""174549866"", ""169841116""]"
none_subset,4,201687814,169636588,46,143,0,0,0,0,0,0,"[""209744189"", ""209050134"", ""171907300"", ""104767223"", ""174837469"", ""96527698"", ""147047749"", ""189549167"", ""213559285"", ""167280596""]"
none_subset,4,80542758,71742122,57,1067,0,0,0,0,0,0,"[""146595840"", ""173370077"", ""207769474"", ""166225948"", ""167894097"", ""154865872"", ""204675075"", ""209801964"", ""142067377"", ""193962976""]"
none_subset,4,222255174,210643200,57,1737,0,0,0,0,0,0,"[""172994991"", ""193699814"", ""204720478"", ""214160653"", ""210136489"", ""201185749"", ""213478012"", ""196862481"", ""211902767"", ""201033205""]"
none_subset,4,96030685,90697118,37,1512,0,0,0,0,0,0,"[""168569670"", ""203402486"", ""148500212"", ""173181064"", ""192418965"", ""195715759"", ""163655065"", ""191595721"", ""212381571"", ""208436129""]"
none_subset,4,217281475,200915401,37,1689,0,0,0,0,0,0,"[""155458733"", ""136371572"", ""207073486"", ""161346953"", ""154674968"", ""171333475"", ""147820123"", ""119227333"", ""195375302"", ""190261540""]"
none_subset,4,175103083,118806862,37,1687,0,0,0,0,0,0,"[""213471023"", ""209849639"", ""140575799"", ""191097659"", ""100748302"", ""99222832"", ""81213674"", ""147379276"", ""194193597"", ""169494298""]"
none_subset,4,209154363,167166017,37,54,0,0,0,0,0,0,"[""209794141"", ""141382831"", ""205328844"", ""185048961"", ""152910319"", ""212263607"", ""203402486"", ""145112155"", ""129112777"", ""187812442""]"
none_subset,4,174710752,141212383,4,70,0,0,0,0,0,0,"[""126889201"", ""144513042"", ""183725729"", ""126241663"", ""189401835"", ""70921117"", ""121025812"", ""154928608"", ""155621797"", ""151009561""]"
none_subset,4,200915701,153503851,46,119,0,0,0,0,0,0,"[""205037505"", ""193074174"", ""206220197"", ""195152908"", ""174586724"", ""184612826"", ""184646371"", ""212786249"", ""174837469"", ""127947793""]"
none_subset,4,218454988,196325559,57,139,0,0,0,0,0,0,"[""203703634"", ""182367509"", ""171536144"", ""209991023"", ""133448263"", ""207615117"", ""188014203"", ""171450864"", ""157787254"", ""201949837""]"
none_subset,4,223792085,208982043,37,145,0,0,0,0,0,0,"[""194896028"", ""149828994"", ""208671848"", ""208828602"", ""192578866"", ""168675802"", ""200530408"", ""208199932"", ""201380275"", ""200918008""]"
none_subset,4,95525779,86777177,38,51,0,0,0,0,0,0,"[""101461920"", ""119096193"", ""185863262"", ""200412630"", ""145151055"", ""158574234"", ""136949110"", ""151224480"", ""31980662"", ""204686788""]"
none_subset,4,215148695,196324694,43,185,0,0,0,0,0,0,"[""184633847"", ""198087076"", ""201905433"", ""210822887"", ""185851616"", ""207732639"", ""201213450"", ""197224556"", ""213483404"", ""209286657""]"
none_subset,4,182539254,150438835,37,43,0,0,0,0,0,1,"[""124776037"", ""174852305"", ""144976728"", ""209167644"", ""157140706"", ""195701055"", ""192380217"", ""41705192"", ""151305355"", ""136574012""]"
none_subset,4,225314663,210129227,64,17,0,0,0,0,1,1,"[""149622839"", ""105284015"", ""112432197"", ""164098406"", ""138404501"", ""65008207"", ""165423791"", ""195252134"", ""199685872"", ""202741053""]"
none_subset,4,194262233,148439290,43,195,0,0,0,0,0,0,"[""197514276"", ""193746203"", ""202541799"", ""192942930"", ""212781685"", ""97506344"", ""182577808"", ""200392561"", ""154011793"", ""204821849""]"
none_subset,4,95000984,78359767,64,109,0,0,0,0,0,0,"[""131569653"", ""139515295"", ""146365324"", ""7771724"", ""96029631"", ""108862398"", ""186146209"", ""143450620"", ""82808529"", ""212485762""]"
none_subset,4,178060032,150107268,4,100,0,0,0,0,0,0,"[""202362364"", ""144264277"", ""201454668"", ""98844359"", ""193413498"", ""119898461"", ""44074775"", ""148365289"", ""192314331"", ""199777290""]"
none_subset,4,222785384,207529569,46,194,0,0,0,0,0,0,"[""213129976"", ""210724130"", ""205037505"", ""204100293"", ""213475469"", ""209924155"", ""214520103"", ""189285981"", ""177432966"", ""206220197""]"
none_subset,4,219228520,193491703,37,3,0,1,1,1,1,1,"[""209349722"", ""182193027"", ""193491703"", ""202022086"", ""204373346"", ""190070434"", ""206302770"", ""199287233"", ""193485768"", ""191538851""]"
none_subset,4,208469974,185360446,43,28,0,0,0,0,1,1,"[""210822887"", ""213483404"", ""206290556"", ""184091403"", ""170652158"", ""139778348"", ""201213450"", ""189297376"", ""109286694"", ""189266294""]"
none_subset,4,207687218,169890454,43,25,0,0,0,0,1,1,"[""180095819"", ""153840249"", ""71803254"", ""98581026"", ""157809653"", ""183716498"", ""158391463"", ""10352796"", ""141417624"", ""151563609""]"
none_subset,4,187085249,156841339,4,683,0,0,0,0,0,0,"[""94286928"", ""160037231"", ""185880119"", ""44842674"", ""154031903"", ""142381741"", ""154928608"", ""155106827"", ""184778089"", ""126889201""]"
none_subset,4,29852074,30972148,43,176,0,0,0,0,0,0,"[""184481904"", ""64515020"", ""83550407"", ""194759873"", ""126470047"", ""125200893"", ""199700611"", ""145996061"", ""53878026"", ""120122284""]"
none_subset,4,207191991,124399272,62,1096,0,0,0,0,0,0,"[""183910851"", ""199493591"", ""169808391"", ""204150547"", ""130605260"", ""172600056"", ""195057440"", ""72314516"", ""58086605"", ""104016143""]"
none_subset,4,185189200,157035510,38,8,0,0,0,1,1,1,"[""188626794"", ""182704194"", ""206210657"", ""193252013"", ""193857539"", ""211454407"", ""194376627"", ""157035510"", ""122560021"", ""160491945""]"
none_subset,4,223882932,176396453,46,40,0,0,0,0,0,1,"[""209191190"", ""203644119"", ""204757175"", ""204178124"", ""204484014"", ""172642034"", ""212469100"", ""176699063"", ""194261583"", ""204919891""]"
none_subset,4,220807832,99174752,64,1382,0,0,0,0,0,0,"[""145930227"", ""21707133"", ""167354299"", ""78359767"", ""70939079"", ""158126671"", ""200859322"", ""209370105"", ""154046140"", ""107052749""]"
none_subset,4,225335115,196698453,38,160,0,0,0,0,0,0,"[""207326334"", ""196989948"", ""208270472"", ""193857246"", ""114095793"", ""142398566"", ""174632713"", ""107256101"", ""191029182"", ""149389681""]"
none_subset,4,195971685,169081503,46,76,0,0,0,0,0,0,"[""212905783"", ""210373455"", ""210667015"", ""208719036"", ""211063696"", ""209175273"", ""180426325"", ""208458622"", ""212380449"", ""194733454""]"
none_subset,4,128204755,106926227,46,7,0,0,0,1,1,1,"[""194716332"", ""174515021"", ""168442343"", ""186533909"", ""173634775"", ""204540006"", ""106926227"", ""173646354"", ""178722156"", ""209251399""]"
none_subset,4,174004057,142635185,46,120,0,0,0,0,0,0,"[""213196140"", ""77329979"", ""205769669"", ""164953659"", ""136576031"", ""99908438"", ""132957109"", ""209105168"", ""209773758"", ""213226745""]"
none_subset,4,223429434,204078169,46,141,0,0,0,0,0,0,"[""172250706"", ""180829317"", ""176659851"", ""182136657"", ""184975322"", ""176647062"", ""194951479"", ""78094109"", ""171227152"", ""146029150""]"
none_subset,4,221948109,153275921,64,225,0,0,0,0,0,0,"[""126785773"", ""44092132"", ""22329772"", ""183225423"", ""190786565"", ""167388732"", ""79121811"", ""98251420"", ""213581190"", ""157803989""]"
none_subset,4,214328047,194242626,4,150,0,0,0,0,0,0,"[""195002695"", ""86878993"", ""16236445"", ""23408401"", ""150252011"", ""166191209"", ""178109092"", ""142553971"", ""182060832"", ""51294207""]"
none_subset,4,203762263,178080778,57,1765,0,0,0,0,0,0,"[""96446850"", ""214374260"", ""208636529"", ""193884377"", ""204648878"", ""199513063"", ""208627519"", ""205019471"", ""122181220"", ""143161125""]"
none_subset,4,200911062,164571288,4,359,0,0,0,0,0,0,"[""193589374"", ""206167938"", ""184090522"", ""204466040"", ""163812085"", ""138891074"", ""65412208"", ""164634484"", ""17386300"", ""106956251""]"
none_subset,4,210735259,186512278,46,35,0,0,0,0,0,1,"[""142707487"", ""207061761"", ""209924155"", ""200389859"", ""148554569"", ""205019069"", ""204759997"", ""76538488"", ""206579192"", ""200735434""]"
none_subset,4,194649531,165995609,37,132,0,0,0,0,0,0,"[""76963567"", ""206528763"", ""139307132"", ""116967483"", ""143008719"", ""193030442"", ""155084012"", ""141976904"", ""208265418"", ""143766198""]"
none_subset,4,167949293,135674502,38,1029,0,0,0,0,0,0,"[""203712106"", ""124826718"", ""171705376"", ""203991000"", ""100750564"", ""73789534"", ""179000829"", ""129455316"", ""163303423"", ""127107925""]"
none_subset,4,171344131,143096525,57,909,0,0,0,0,0,0,"[""207806450"", ""99472835"", ""209586509"", ""193349740"", ""146715052"", ""201336486"", ""152811727"", ""111733842"", ""107051025"", ""131337069""]"
none_subset,4,196637664,45966001,43,1804,0,0,0,0,0,0,"[""204449585"", ""164097777"", ""165082890"", ""170809158"", ""99275271"", ""127047625"", ""180465465"", ""153840249"", ""126702260"", ""98581026""]"
none_subset,4,225326952,198139864,62,451,0,0,0,0,0,0,"[""187612359"", ""136225463"", ""200033535"", ""124265654"", ""190693769"", ""210301365"", ""110870208"", ""212906250"", ""80656120"", ""203208937""]"
none_subset,4,197650209,169967354,4,77,0,0,0,0,0,0,"[""204648246"", ""206167938"", ""175750166"", ""193747557"", ""47719129"", ""185309627"", ""193589374"", ""204466040"", ""165105661"", ""83596697""]"
none_subset,4,114776816,103872312,4,1359,0,0,0,0,0,0,"[""144373105"", ""176867327"", ""9766161"", ""149582480"", ""162653386"", ""194446742"", ""197921332"", ""50847980"", ""199942377"", ""149095048""]"
none_subset,4,153488882,20198247,4,7,0,0,0,1,1,1,"[""156103241"", ""70056842"", ""117471262"", ""138975756"", ""190789377"", ""201469264"", ""20198247"", ""146030654"", ""181909843"", ""193189431""]"
none_subset,4,222443107,208241166,64,92,0,0,0,0,0,0,"[""53527257"", ""149506115"", ""186850320"", ""105879570"", ""151051885"", ""57808446"", ""177536477"", ""47318174"", ""21359328"", ""90897593""]"
none_subset,4,212698798,192825178,62,856,0,0,0,0,0,0,"[""213066001"", ""172997177"", ""160871092"", ""156503039"", ""141693897"", ""202627342"", ""206841068"", ""153723208"", ""194927268"", ""182866713""]"
none_subset,4,184393126,156860646,4,64,0,0,0,0,0,0,"[""192331154"", ""204482650"", ""191214295"", ""186930348"", ""190161584"", ""200963901"", ""162058011"", ""181715447"", ""210721272"", ""191695909""]"
none_subset,4,224076827,213286264,57,32,0,0,0,0,0,1,"[""205233758"", ""210472458"", ""178369063"", ""173797071"", ""214349938"", ""180448567"", ""178508676"", ""209125579"", ""180302528"", ""107527615""]"
none_subset,4,211116359,165284774,62,1905,0,0,0,0,0,0,"[""210941490"", ""180623952"", ""210871676"", ""166012487"", ""126658969"", ""73356588"", ""95686483"", ""148066008"", ""97032103"", ""158203951""]"
none_subset,4,206904353,179818880,64,418,0,0,0,0,0,0,"[""207152337"", ""82453175"", ""155183786"", ""136552233"", ""202708847"", ""32245008"", ""154742918"", ""155021743"", ""67792301"", ""96431966""]"
none_subset,4,167925637,116634389,57,96,0,0,0,0,0,0,"[""206792330"", ""204813168"", ""206515366"", ""211933589"", ""163551173"", ""139534989"", ""209330430"", ""138538000"", ""179268470"", ""199748134""]"
none_subset,4,185145011,156633369,4,2231,0,0,0,0,0,0,"[""209208627"", ""189844318"", ""173611156"", ""200855615"", ""186370381"", ""188882555"", ""189945818"", ""124951123"", ""128197551"", ""13245417""]"
none_subset,4,176916608,145798285,37,2260,0,0,0,0,0,0,"[""190113798"", ""192387012"", ""183978577"", ""182254392"", ""88534873"", ""119227333"", ""42842956"", ""186429778"", ""126554078"", ""157628611""]"
none_subset,4,214580866,191434197,37,53,0,0,0,0,0,0,"[""181408383"", ""192323302"", ""180221400"", ""141656944"", ""201740861"", ""206412545"", ""202137970"", ""197844035"", ""209161669"", ""200441050""]"
none_subset,4,209479356,186085070,37,456,0,0,0,0,0,0,"[""126554078"", ""29496516"", ""105274553"", ""169268977"", ""158117230"", ""115215869"", ""121116115"", ""152762226"", ""194553077"", ""143825144""]"
none_subset,4,134963021,121718146,62,840,0,0,0,0,0,0,"[""209579537"", ""153978341"", ""94546694"", ""127488091"", ""188696626"", ""194230029"", ""124381580"", ""146789147"", ""52919918"", ""152444456""]"
none_subset,4,222568289,192944634,4,424,0,0,0,0,0,0,"[""194814735"", ""90951087"", ""161499533"", ""184281117"", ""203890372"", ""181715447"", ""211473289"", ""183252412"", ""202362364"", ""186779159""]"
none_subset,4,218567685,201115645,64,573,0,0,0,0,0,0,"[""192779268"", ""183765574"", ""60869518"", ""174719538"", ""195252307"", ""196286726"", ""198087057"", ""66459509"", ""199310873"", ""195544569""]"
none_subset,4,154526261,129427678,46,790,0,0,0,0,0,0,"[""70629074"", ""197876190"", ""178722271"", ""205315794"", ""206204582"", ""169636588"", ""193423957"", ""158281753"", ""214464211"", ""156263625""]"
none_subset,4,224030054,203391866,62,264,0,0,0,0,0,0,"[""132448455"", ""160871092"", ""201710630"", ""208220353"", ""196543115"", ""206964681"", ""199605491"", ""209401746"", ""168348573"", ""95885283""]"
none_subset,4,198392187,159570716,4,79,0,0,0,0,0,0,"[""141186510"", ""152566280"", ""157103009"", ""184721384"", ""153991203"", ""144264277"", ""171447530"", ""172852183"", ""191461282"", ""141989738""]"
none_subset,4,209599559,147451743,64,38,0,0,0,0,0,1,"[""108773457"", ""141045171"", ""185413694"", ""134312075"", ""74866278"", ""78359767"", ""126589451"", ""183047062"", ""190240397"", ""56833135""]"
none_subset,4,222006355,201071539,46,273,0,0,0,0,0,0,"[""129427671"", ""193074174"", ""170432446"", ""167383627"", ""184646371"", ""176131148"", ""127947793"", ""187611963"", ""182136657"", ""209128578""]"
none_subset,4,189299726,145015125,43,70,0,0,0,0,0,0,"[""145996061"", ""83550407"", ""124359099"", ""120122284"", ""197607286"", ""90198681"", ""67063550"", ""179041576"", ""75648342"", ""184481904""]"
none_subset,4,197046535,159477810,38,87,0,0,0,0,0,0,"[""114889567"", ""192510359"", ""200481961"", ""199297939"", ""186169057"", ""132086583"", ""185056887"", ""167323493"", ""100335956"", ""122560021""]"
none_subset,4,191817046,102161764,38,2738,0,0,0,0,0,0,"[""192191594"", ""89532322"", ""112758593"", ""145998937"", ""214890741"", ""88485908"", ""138613562"", ""149343290"", ""109616522"", ""115091528""]"
none_subset,4,185023801,152992564,37,1236,0,0,0,0,0,0,"[""133173167"", ""202137970"", ""195296935"", ""201649016"", ""190788723"", ""156046454"", ""210226726"", ""206293466"", ""192456013"", ""75362158""]"
none_subset,4,219276802,204648246,4,1342,0,0,0,0,0,0,"[""203829299"", ""200589462"", ""103936826"", ""192582014"", ""186370381"", ""200712329"", ""196324749"", ""191687910"", ""126204466"", ""125970295""]"
none_subset,4,173164315,146168593,4,25,0,0,0,0,1,1,"[""194814735"", ""195470202"", ""211473289"", ""90951087"", ""207064032"", ""152350533"", ""191895715"", ""166614186"", ""195846870"", ""174421677""]"
none_subset,4,218627424,201030455,38,5,0,0,1,1,1,1,"[""89552272"", ""198984787"", ""98186259"", ""194792335"", ""201030455"", ""76978137"", ""142911344"", ""151839331"", ""161419745"", ""203692617""]"
none_subset,4,122672542,94863968,64,15,0,0,0,0,1,1,"[""144339648"", ""103189720"", ""94645332"", ""131215451"", ""176380655"", ""46094230"", ""171442385"", ""151051885"", ""115621700"", ""63404553""]"
none_subset,4,225235909,194952332,43,11,0,0,0,0,1,1,"[""67063550"", ""81706080"", ""66867545"", ""146978431"", ""182870508"", ""197607286"", ""211526829"", ""180314920"", ""124359099"", ""138106208""]"
none_subset,4,112922721,101192063,37,96,0,0,0,0,0,0,"[""66495486"", ""58893791"", ""119227333"", ""202222440"", ""196428679"", ""211863626"", ""14688074"", ""144351805"", ""115215869"", ""111730268""]"
none_subset,4,219452231,187611963,46,13,0,0,0,0,1,1,"[""165953966"", ""174586724"", ""196783083"", ""127947793"", ""205037505"", ""204627117"", ""197415730"", ""138830136"", ""133674182"", ""104268306""]"
none_subset,4,143688336,126369594,4,74,0,0,0,0,0,0,"[""120663751"", ""159924734"", ""51294207"", ""164526532"", ""117660981"", ""175750166"", ""194111133"", ""208093396"", ""66047393"", ""188580686""]"
none_subset,4,208912799,163911793,46,2563,0,0,0,0,0,0,"[""167464610"", ""194854155"", ""208493172"", ""193074174"", ""184612826"", ""193206170"", ""196643554"", ""167786912"", ""185309107"", ""177591787""]"
none_subset,4,210140554,182640683,37,398,0,0,0,0,0,0,"[""178961164"", ""45171964"", ""202222440"", ""187819119"", ""139778879"", ""206278149"", ""202222318"", ""147435678"", ""210858780"", ""187043151""]"
none_subset,4,220122384,203668670,43,4,0,0,1,1,1,1,"[""120122284"", ""136185385"", ""186549940"", ""203668670"", ""143497982"", ""166301530"", ""145672403"", ""207549172"", ""64515020"", ""198710349""]"
none_subset,4,194621053,163919581,46,33,0,0,0,0,0,1,"[""173222203"", ""173799041"", ""209980383"", ""158080441"", ""189549167"", ""188865413"", ""145084375"", ""141061297"", ""129240074"", ""45769216""]"
none_subset,4,223369637,209045757,37,138,0,0,0,0,0,0,"[""214961917"", ""214037923"", ""169770537"", ""143065905"", ""214883789"", ""177244193"", ""61710118"", ""153610553"", ""204074550"", ""192414071""]"
none_subset,4,115307321,99231086,37,486,0,0,0,0,0,0,"[""214708320"", ""152910319"", ""134610044"", ""211318715"", ""208900697"", ""129112777"", ""141382831"", ""194266651"", ""184920959"", ""123163900""]"
none_subset,4,78053428,77802747,62,2405,0,0,0,0,0,0,"[""213659099"", ""185145276"", ""200028880"", ""92652982"", ""171831057"", ""8737650"", ""36007287"", ""78029792"", ""168928025"", ""65936423""]"
none_subset,4,222736054,205216250,62,1607,0,0,0,0,0,0,"[""134618566"", ""185409558"", ""22547515"", ""81077749"", ""198734216"", ""70189978"", ""144733620"", ""200374313"", ""178706930"", ""95885283""]"
none_subset,4,126031465,111852877,64,113,0,0,0,0,0,0,"[""154897158"", ""131215451"", ""16060214"", ""124198714"", ""187708913"", ""154897282"", ""46094230"", ""47318174"", ""97428675"", ""146630451""]"
none_subset,4,216331040,196742641,38,6,0,0,0,1,1,1,"[""190110099"", ""209590588"", ""206821652"", ""192920732"", ""203456374"", ""196742641"", ""206728210"", ""209925991"", ""138045329"", ""196068182""]"
none_subset,4,205777823,167495362,57,1096,0,0,0,0,0,0,"[""177152495"", ""166582282"", ""202358315"", ""210440269"", ""77876788"", ""197912016"", ""102488247"", ""195751744"", ""179059502"", ""79860798""]"
none_subset,4,181301193,151450966,57,1103,0,0,0,0,0,0,"[""179662298"", ""197740362"", ""194409455"", ""211785457"", ""125339147"", ""183255175"", ""12178696"", ""122408162"", ""131667486"", ""201144087""]"
none_subset,4,224681805,80946678,4,25,0,0,0,0,1,1,"[""213939970"", ""212022302"", ""197680529"", ""136900812"", ""200081999"", ""169841826"", ""207141467"", ""110540565"", ""215351522"", ""203037592""]"
none_subset,4,156424434,131281412,37,657,0,0,0,0,0,0,"[""84838254"", ""98865638"", ""89062584"", ""193030442"", ""139391729"", ""33034849"", ""190234617"", ""66837732"", ""142665464"", ""145330672""]"
none_subset,4,222620417,211216257,64,889,0,0,0,0,0,0,"[""155708697"", ""166109713"", ""126953299"", ""167354299"", ""202253212"", ""56833135"", ""185413694"", ""82808529"", ""162587856"", ""174183108""]"
none_subset,4,191117935,159158518,43,575,0,0,0,0,0,0,"[""206290556"", ""203417954"", ""187215484"", ""88578062"", ""198078019"", ""210822887"", ""209862942"", ""210958988"", ""124898415"", ""160067277""]"
none_subset,4,215247659,196168994,46,514,0,0,0,0,0,0,"[""110268464"", ""187829464"", ""19664212"", ""210433449"", ""132605956"", ""113654919"", ""212364902"", ""101194970"", ""206936110"", ""155712241""]"
none_subset,4,194723853,159848649,43,1605,0,0,0,0,0,0,"[""198054821"", ""120765596"", ""31477346"", ""65700153"", ""139462778"", ""140470954"", ""207541405"", ""154142943"", ""141669650"", ""107185884""]"
none_subset,4,197950777,169059871,64,516,0,0,0,0,0,0,"[""205896464"", ""184451848"", ""116860085"", ""206429682"", ""62963928"", ""65008306"", ""204325611"", ""118939213"", ""141983245"", ""102637389""]"
none_subset,4,218227123,203190117,46,273,0,0,0,0,0,0,"[""210836917"", ""208224187"", ""213699346"", ""203118933"", ""187591614"", ""173832017"", ""211441287"", ""150754478"", ""209433778"", ""208306039""]"
none_subset,4,175204296,147698835,37,1047,0,0,0,0,0,0,"[""142665464"", ""154409188"", ""184320957"", ""192387012"", ""195054374"", ""190075252"", ""147435678"", ""159657746"", ""75561865"", ""193030442""]"
none_subset,4,156645730,99567115,37,1369,0,0,0,0,0,0,"[""115215869"", ""188967908"", ""42842956"", ""181774091"", ""158117230"", ""152762226"", ""29496516"", ""125097939"", ""14688074"", ""105274553""]"
none_subset,4,221050667,208224412,57,119,0,0,0,0,0,0,"[""207501690"", ""210816632"", ""172017798"", ""195614608"", ""201836899"", ""195340987"", ""203904751"", ""211088598"", ""148672945"", ""179083943""]"
none_subset,4,222422842,210451253,37,6,0,0,0,1,1,1,"[""211987844"", ""211415830"", ""145639775"", ""113746564"", ""76586668"", ""210451253"", ""156583528"", ""80808834"", ""40964362"", ""201572634""]"
none_subset,4,78573689,79742438,38,1189,0,0,0,0,0,0,"[""176559079"", ""64731721"", ""145798245"", ""16689432"", ""147729896"", ""102812596"", ""126891166"", ""204143300"", ""118659816"", ""178462865""]"
none_subset,4,58990237,29790518,4,741,0,0,0,0,0,0,"[""123881493"", ""193831253"", ""200875902"", ""193566719"", ""79486528"", ""156469871"", ""161643758"", ""177531279"", ""184994826"", ""180350779""]"
none_subset,4,184568811,156295009,43,31,0,0,0,0,0,1,"[""181265072"", ""179105716"", ""153525929"", ""186702404"", ""142502266"", ""163900593"", ""85892413"", ""136512962"", ""63371049"", ""120002560""]"
none_subset,4,162978629,132033042,46,1783,0,0,0,0,0,0,"[""134691092"", ""82615761"", ""207470239"", ""203456171"", ""167900654"", ""200400926"", ""167383627"", ""120932240"", ""172604491"", ""174100562""]"
none_subset,4,212699656,169890733,46,114,0,0,0,0,0,0,"[""160762858"", ""140110070"", ""99309357"", ""149547737"", ""132605956"", ""110268464"", ""156554598"", ""197454401"", ""139649558"", ""172518234""]"
none_subset,4,222300782,210709127,4,4,0,0,1,1,1,1,"[""213963033"", ""210871478"", ""198052564"", ""210709127"", ""126589900"", ""199379442"", ""215274929"", ""207985124"", ""214275181"", ""204190453""]"
none_subset,4,222071704,209721719,46,1043,0,0,0,0,0,0,"[""138971583"", ""210308295"", ""205368126"", ""127609272"", ""105318716"", ""167076699"", ""171164335"", ""172433080"", ""209621390"", ""177620953""]"
none_subset,4,194860010,166190328,46,73,0,0,0,0,0,0,"[""206843208"", ""211268424"", ""157884203"", ""104767223"", ""158806989"", ""201405465"", ""207380544"", ""121183627"", ""206204582"", ""185601973""]"
none_subset,4,205377132,180844785,43,77,0,0,0,0,0,0,"[""201671217"", ""194288073"", ""206730740"", ""178271380"", ""184091403"", ""121279267"", ""173758947"", ""209666551"", ""189266294"", ""159971774""]"
none_subset,4,142846279,124608125,46,190,0,0,0,0,0,0,"[""139649558"", ""85427391"", ""158946684"", ""201215254"", ""133674182"", ""16339902"", ""165953966"", ""210128394"", ""31105163"", ""193559506""]"
none_subset,4,193734416,162124393,43,18,0,0,0,0,1,1,"[""70425482"", ""144482097"", ""144463129"", ""151416547"", ""113309612"", ""136615619"", ""141417624"", ""16074591"", ""50642607"", ""121864251""]"
none_subset,4,35285379,38719112,43,260,0,0,0,0,0,0,"[""186549940"", ""203668670"", ""207549172"", ""143497982"", ""128927470"", ""164476094"", ""197607322"", ""136185385"", ""148810242"", ""198710349""]"
none_subset,4,87945809,78696152,46,131,0,0,0,0,0,0,"[""194132989"", ""204314440"", ""172250706"", ""168815908"", ""141781507"", ""173365679"", ""131042947"", ""174665100"", ""200860795"", ""186078356""]"
none_subset,4,123142914,107528202,4,1043,0,0,0,0,0,0,"[""206213620"", ""163772112"", ""62971785"", ""145725802"", ""166083961"", ""203620126"", ""106574616"", ""201861112"", ""105544053"", ""213461075""]"
none_subset,4,164454108,95790673,64,417,0,0,0,0,0,0,"[""151589612"", ""65008306"", ""136053941"", ""206880666"", ""14565960"", ""157187324"", ""103614032"", ""130269008"", ""126295674"", ""65008311""]"
none_subset,4,193158719,164661248,4,404,0,0,0,0,0,0,"[""182060832"", ""12396291"", ""122564854"", ""167351572"", ""199422802"", ""149759096"", ""204482650"", ""141167432"", ""184087480"", ""110512138""]"
none_subset,4,189108091,158986246,57,339,0,0,0,0,0,0,"[""173797071"", ""183349552"", ""209125579"", ""178369063"", ""130403648"", ""107527615"", ""135046482"", ""151871480"", ""153321595"", ""201175338""]"
none_subset,4,208314235,182590419,62,1009,0,0,0,0,0,0,"[""129878189"", ""2463151"", ""24433447"", ""180366851"", ""56568319"", ""74220777"", ""105604280"", ""92980980"", ""135784548"", ""197681506""]"
none_subset,4,171464736,145094112,46,5,0,0,1,1,1,1,"[""207664468"", ""206120139"", ""203171500"", ""203062604"", ""145094112"", ""162264344"", ""197859726"", ""105318716"", ""204632637"", ""204316129""]"
none_subset,4,212429460,176131148,46,199,0,0,0,0,0,0,"[""205315794"", ""167383627"", ""154894208"", ""139649558"", ""200400926"", ""156554598"", ""184612826"", ""193874948"", ""156263625"", ""113999669""]"
none_subset,4,206367580,180126691,62,1727,0,0,0,0,0,0,"[""44103941"", ""104016143"", ""127482214"", ""119150891"", ""204700493"", ""147953100"", ""123214623"", ""57144448"", ""84941218"", ""195057440""]"
none_subset,4,225108929,212708245,37,191,0,0,0,0,0,0,"[""125089746"", ""149406187"", ""145815769"", ""178293981"", ""193335447"", ""131057179"", ""136614813"", ""187158690"", ""190972176"", ""46870157""]"
none_subset,4,219709897,202039069,43,99,0,0,0,0,0,0,"[""159971774"", ""211355598"", ""173758947"", ""201915238"", ""215090391"", ""139780746"", ""178271380"", ""171859659"", ""121279267"", ""84735538""]"
none_subset,4,120028133,101696867,43,216,0,0,0,0,0,0,"[""184705867"", ""189791365"", ""207753535"", ""183295863"", ""16113826"", ""166752829"", ""142700536"", ""101732318"", ""192268643"", ""166272408""]"
none_subset,4,134666130,113496973,64,943,0,0,0,0,0,0,"[""168668432"", ""159020740"", ""156281163"", ""183213131"", ""160006498"", ""63404553"", ""144339648"", ""186122058"", ""138404501"", ""58507091""]"
none_subset,4,214415568,144932091,43,50,0,0,0,0,0,1,"[""126470047"", ""205605896"", ""75775580"", ""141417624"", ""194759873"", ""53018260"", ""164991678"", ""207549172"", ""75648342"", ""197607286""]"
none_subset,4,206367329,167525245,46,1856,0,0,0,0,0,0,"[""37708588"", ""188974662"", ""152716158"", ""214293298"", ""169081503"", ""108786028"", ""136436838"", ""174504603"", ""158008511"", ""131931084""]"
none_subset,4,222044042,205545277,46,16,0,0,0,0,1,1,"[""209855151"", ""209156183"", ""204958677"", ""173619098"", ""212084332"", ""210310500"", ""212730825"", ""132671791"", ""140255468"", ""123282118""]"
none_subset,4,218211133,113542136,62,2,0,1,1,1,1,1,"[""25260455"", ""113542136"", ""22547515"", ""80991195"", ""119625316"", ""32645477"", ""211312140"", ""156564557"", ""74290204"", ""53450931""]"
none_subset,4,72934225,8324549,43,1999,0,0,0,0,0,0,"[""146898856"", ""63099395"", ""114763824"", ""125860815"", ""112929002"", ""50216046"", ""192784424"", ""214014916"", ""192574680"", ""91822269""]"
none_subset,4,221403783,186647118,37,320,0,0,0,0,0,0,"[""204628236"", ""100819191"", ""146996413"", ""168712812"", ""169996599"", ""144524949"", ""180932797"", ""142799340"", ""210936933"", ""191370500""]"
none_subset,4,59451952,27162317,64,476,0,0,0,0,0,0,"[""80281524"", ""53527257"", ""103416735"", ""60124479"", ""79734724"", ""151526168"", ""188599489"", ""63474547"", ""210873715"", ""177028452""]"
none_subset,4,65481113,56967833,43,1020,0,0,0,0,0,0,"[""163402666"", ""170082435"", ""119119405"", ""204609076"", ""171159022"", ""164374132"", ""160455987"", ""203550060"", ""177564619"", ""113125737""]"
none_subset,4,148115874,127946988,57,64,0,0,0,0,0,0,"[""152187673"", ""132769262"", ""182790464"", ""199762687"", ""172859269"", ""101799122"", ""149427907"", ""177316731"", ""210789038"", ""51300213""]"
none_subset,4,114171691,103676177,4,123,0,0,0,0,0,0,"[""208901976"", ""62971785"", ""46147970"", ""126042350"", ""171876720"", ""198909677"", ""214896797"", ""213461075"", ""159659843"", ""118933944""]"
none_subset,4,218740346,203796300,57,315,0,0,0,0,0,0,"[""203904751"", ""165031640"", ""203550692"", ""204828392"", ""195614608"", ""113344415"", ""201084593"", ""206964493"", ""191366717"", ""190632146""]"
none_subset,4,156463248,133945472,64,33,0,0,0,0,0,1,"[""146365324"", ""143450620"", ""164643454"", ""96029631"", ""212485762"", ""122273058"", ""36489753"", ""139515295"", ""131569653"", ""207446541""]"
none_subset,4,174497388,118684332,46,3,0,1,1,1,1,1,"[""172509742"", ""114442083"", ""118684332"", ""213226745"", ""6346575"", ""176834459"", ""169636588"", ""204975400"", ""99908438"", ""112097565""]"
none_subset,4,200633853,153429397,46,584,0,0,0,0,0,0,"[""79523323"", ""31480171"", ""149547737"", ""165151245"", ""183767116"", ""154698834"", ""75717953"", ""28575466"", ""53889109"", ""194051265""]"
none_subset,4,224648107,180243968,37,11,0,0,0,0,1,1,"[""209034394"", ""145639775"", ""211987844"", ""117685268"", ""146524904"", ""204161065"", ""201572634"", ""90697118"", ""177838111"", ""76586668""]"
none_subset,4,146987378,114095793,38,713,0,0,0,0,0,0,"[""180533985"", ""69350726"", ""60707501"", ""100749834"", ""166298317"", ""151839331"", ""185164362"", ""209258995"", ""199297939"", ""112758593""]"
none_subset,4,63414595,66064117,37,65,0,0,0,0,0,0,"[""53410176"", ""29496516"", ""105224939"", ""71957357"", ""14688074"", ""42842956"", ""45171964"", ""187043151"", ""139778879"", ""21114364""]"
none_subset,4,206561203,177758562,57,2502,0,0,0,0,0,0,"[""213078674"", ""213502972"", ""171298197"", ""215562071"", ""209144105"", ""210193690"", ""214059340"", ""208636529"", ""213085501"", ""205695720""]"
none_subset,4,215076467,196176687,4,247,0,0,0,0,0,0,"[""192331154"", ""181715447"", ""196862937"", ""190161584"", ""191214295"", ""190495475"", ""198374943"", ""193413498"", ""117471262"", ""201454668""]"
none_subset,4,192505330,158737000,43,1629,0,0,0,0,0,0,"[""146898856"", ""144399603"", ""75959067"", ""160295191"", ""123492526"", ""97625037"", ""49526180"", ""145112504"", ""185822792"", ""177473145""]"
none_subset,4,81575274,77395625,37,237,0,0,0,0,0,0,"[""58893791"", ""183122776"", ""188967908"", ""109130798"", ""184518066"", ""152762226"", ""42842956"", ""149498553"", ""91090509"", ""66495486""]"
none_subset,4,224931522,202222440,37,2845,0,0,0,0,0,0,"[""207481345"", ""191148698"", ""82961419"", ""131581832"", ""166149565"", ""150765445"", ""210053178"", ""166969289"", ""214708320"", ""92273591""]"
none_subset,4,223744284,204065707,46,291,0,0,0,0,0,0,"[""200584617"", ""186808700"", ""199718807"", ""167424905"", ""209764015"", ""215292694"", ""210643352"", ""198221243"", ""201270244"", ""141781507""]"
none_subset,4,137503904,120852733,4,179,0,0,0,0,0,0,"[""181715447"", ""202362364"", ""12396291"", ""122564854"", ""93696567"", ""138975756"", ""149759096"", ""117471262"", ""214521847"", ""200963858""]"
none_subset,4,58738507,63874499,62,1222,0,0,0,0,0,0,"[""86857938"", ""127682307"", ""48622006"", ""123687816"", ""162263431"", ""137201594"", ""69121381"", ""114525243"", ""100144178"", ""27329790""]"
none_subset,4,182463231,135449877,62,1,1,1,1,1,1,1,"[""135449877"", ""165119271"", ""176645947"", ""76665110"", ""156885677"", ""195935444"", ""180167452"", ""192577715"", ""194230029"", ""200372143""]"
none_subset,4,223150160,211861394,62,206,0,0,0,0,0,0,"[""204577887"", ""211070786"", ""200033285"", ""211808810"", ""172997177"", ""212412503"", ""192447937"", ""197247155"", ""206841068"", ""212180917""]"
none_subset,4,215706482,197749060,57,336,0,0,0,0,0,0,"[""209465166"", ""210498921"", ""200193952"", ""189624094"", ""172994991"", ""195530341"", ""213974986"", ""209465126"", ""205792958"", ""187760067""]"
none_subset,4,93265539,88157034,37,27,0,0,0,0,1,1,"[""194551250"", ""183552543"", ""177094485"", ""120514294"", ""127087324"", ""173613850"", ""143764294"", ""161147605"", ""133932837"", ""185847475""]"
none_subset,4,213568136,171846733,46,256,0,0,0,0,0,0,"[""205031717"", ""182917310"", ""208708242"", ""132699103"", ""86246820"", ""204656481"", ""155950947"", ""100882487"", ""159989114"", ""211870655""]"
none_subset,4,216009257,193863080,62,16,0,0,0,0,1,1,"[""141274480"", ""122004752"", ""167732430"", ""171171258"", ""211690905"", ""109740115"", ""214110785"", ""200030259"", ""61834333"", ""60093528""]"
none_subset,4,224303341,207753535,43,2395,0,0,0,0,0,0,"[""98581026"", ""4674477"", ""67909736"", ""13748467"", ""24058906"", ""15015983"", ""170523305"", ""13118738"", ""150794676"", ""125638272""]"
none_subset,4,224902411,210573149,4,162,0,0,0,0,0,0,"[""206636227"", ""210484477"", ""203466268"", ""183690665"", ""188321672"", ""191316160"", ""198087841"", ""189899644"", ""180843726"", ""215237393""]"
none_subset,4,222775590,191591466,4,149,0,0,0,0,0,0,"[""202360528"", ""182575686"", ""200468822"", ""194758869"", ""201959887"", ""93127365"", ""172234841"", ""175972809"", ""207414127"", ""168463453""]"
none_subset,4,221524461,203173810,46,399,0,0,0,0,0,0,"[""134493849"", ""176761183"", ""174610357"", ""211028341"", ""170987455"", ""141583383"", ""144431749"", ""201469244"", ""205284050"", ""206453483""]"
none_subset,4,208839124,182575686,4,317,0,0,0,0,0,0,"[""168012970"", ""169388531"", ""205789625"", ""177949545"", ""193934711"", ""197475541"", ""185741584"", ""189945818"", ""183400970"", ""210240441""]"
none_subset,4,213044579,193010516,64,2,0,1,1,1,1,1,"[""160442766"", ""193010516"", ""157545455"", ""210741382"", ""207331867"", ""127927081"", ""210055173"", ""192611577"", ""78417008"", ""187029541""]"
none_subset,4,213620432,194289010,62,20,0,0,0,0,1,1,"[""160586788"", ""190955120"", ""167732430"", ""206964681"", ""186169702"", ""169027396"", ""214748374"", ""168270119"", ""126765444"", ""160610901""]"
none_subset,4,216313910,199469789,43,103,0,0,0,0,0,0,"[""210822887"", ""201213450"", ""206290556"", ""211582481"", ""180961442"", ""187215484"", ""182583580"", ""198078019"", ""143611276"", ""195590215""]"
none_subset,4,171114203,143386642,37,90,0,0,0,0,0,0,"[""145639775"", ""203527914"", ""60946553"", ""162164654"", ""213558645"", ""176171377"", ""167310374"", ""107504819"", ""193268783"", ""190948029""]"
none_subset,4,136207895,114573844,4,341,0,0,0,0,0,0,"[""117771611"", ""145583009"", ""138966111"", ""180567795"", ""88061241"", ""130299986"", ""154203183"", ""157205433"", ""197860156"", ""102070606""]"
none_subset,4,179696580,145696871,37,444,0,0,0,0,0,0,"[""126554078"", ""105274553"", ""191060958"", ""194553077"", ""169268977"", ""136461731"", ""158117230"", ""212782587"", ""53410176"", ""153538224""]"
none_subset,4,174146464,134507863,43,1688,0,0,0,0,0,0,"[""98137256"", ""202388962"", ""57556019"", ""203438993"", ""101275830"", ""76775257"", ""130114959"", ""162770121"", ""149647107"", ""74652569""]"
none_subset,4,222424665,210872833,57,937,0,0,0,0,0,0,"[""172935950"", ""208772517"", ""168542440"", ""187720102"", ""191497108"", ""156161422"", ""213406997"", ""168902938"", ""177145864"", ""138785143""]"
none_subset,4,187546279,157092256,4,12,0,0,0,0,1,1,"[""190777107"", ""141440077"", ""113199812"", ""154473913"", ""185596367"", ""188577796"", ""165785804"", ""206276218"", ""158546701"", ""205025057""]"
none_subset,4,222676347,206933046,46,82,0,0,0,0,0,0,"[""204899704"", ""205545277"", ""208805779"", ""212905783"", ""213805109"", ""210310500"", ""208458622"", ""207833356"", ""167644413"", ""211131554""]"
none_subset,4,157005142,115668354,37,518,0,0,0,0,0,0,"[""205328844"", ""133173167"", ""51749408"", ""186471450"", ""190788723"", ""185048961"", ""74069259"", ""75362158"", ""156347163"", ""202137970""]"
none_subset,4,215615257,188378620,64,381,0,0,0,0,0,0,"[""78359767"", ""74117799"", ""83781866"", ""166109713"", ""185413694"", ""90790862"", ""205920501"", ""78407435"", ""54856875"", ""186146209""]"
none_subset,4,194695906,158536496,38,1072,0,0,0,0,0,0,"[""128168264"", ""136444097"", ""104042988"", ""62510663"", ""25706087"", ""123255496"", ""148395469"", ""111176154"", ""133009681"", ""189593063""]"
none_subset,4,203432482,169554913,37,460,0,0,0,0,0,0,"[""122748929"", ""145112155"", ""209030923"", ""90418462"", ""196225304"", ""122241592"", ""188877213"", ""187389375"", ""49608053"", ""164454930""]"
none_subset,4,123321721,101119653,43,287,0,0,0,0,0,0,"[""110104374"", ""212952645"", ""207656544"", ""54786988"", ""204358109"", ""127979191"", ""158624345"", ""144764622"", ""145855101"", ""207021897""]"
none_subset,4,210174249,188362913,38,435,0,0,0,0,0,0,"[""66287825"", ""209921939"", ""20918033"", ""125066164"", ""209590588"", ""45579165"", ""100854450"", ""159835737"", ""34453687"", ""201541368""]"
none_subset,4,171136752,143395225,62,179,0,0,0,0,0,0,"[""94546694"", ""99563204"", ""106557292"", ""97195771"", ""189107795"", ""57745589"", ""152815967"", ""153978341"", ""141754702"", ""210678182""]"
none_subset,4,191817060,153434097,57,1995,0,0,0,0,0,0,"[""194409455"", ""206408448"", ""191497108"", ""204658040"", ""213406997"", ""158459700"", ""199513063"", ""156161422"", ""113103076"", ""201949837""]"
none_subset,4,17919319,16824274,46,435,0,0,0,0,0,0,"[""207380544"", ""178575957"", ""205586250"", ""6346575"", ""105064166"", ""178722271"", ""157916182"", ""148554569"", ""211268424"", ""169636588""]"
none_subset,4,198846780,116370931,64,943,0,0,0,0,0,0,"[""191054297"", ""203743622"", ""206276658"", ""200026497"", ""66111020"", ""173661276"", ""210451384"", ""183013744"", ""63926364"", ""205736876""]"
none_subset,4,205542152,137027698,43,349,0,0,0,0,0,0,"[""165954042"", ""65700153"", ""85940593"", ""150311477"", ""16668651"", ""39026970"", ""100704615"", ""211890870"", ""214509021"", ""149017403""]"
none_subset,4,213895353,187545617,37,584,0,0,0,0,0,0,"[""147023317"", ""126447640"", ""157022245"", ""146818815"", ""153205116"", ""171828064"", ""193679263"", ""192312279"", ""169770537"", ""93714502""]"
none_subset,4,138735048,111956915,46,299,0,0,0,0,0,0,"[""164205217"", ""209163866"", ""129248142"", ""79809742"", ""154821670"", ""193559506"", ""149547737"", ""105064166"", ""126613385"", ""143689220""]"
none_subset,4,220388911,50337874,4,67,0,0,0,0,0,0,"[""152350533"", ""203965703"", ""45909356"", ""68173330"", ""165675795"", ""144264277"", ""191695096"", ""146168593"", ""129269545"", ""112540745""]"
none_subset,4,142819550,123163900,37,752,0,0,0,0,0,0,"[""166280219"", ""190113798"", ""72951233"", ""81340320"", ""192597928"", ""192387012"", ""17206468"", ""116967483"", ""138291906"", ""43972733""]"
none_subset,4,176254517,147824545,64,1252,0,0,0,0,0,0,"[""200859322"", ""131569653"", ""79117002"", ""189365972"", ""95857401"", ""18136094"", ""108862398"", ""96029631"", ""32259102"", ""191497578""]"
none_subset,4,206097907,175934053,37,1398,0,0,0,0,0,0,"[""16898206"", ""184920959"", ""89454786"", ""198753304"", ""147794006"", ""167166017"", ""153205116"", ""195886526"", ""199385964"", ""170049514""]"
none_subset,4,56711007,58216709,4,35,0,0,0,0,0,1,"[""212636118"", ""202598239"", ""195744792"", ""214482135"", ""201066059"", ""210303017"", ""197382040"", ""84024207"", ""205311074"", ""199082024""]"
none_subset,4,206210724,84800476,4,461,0,0,0,0,0,0,"[""210301282"", ""142555200"", ""201829388"", ""191301984"", ""139110120"", ""196926090"", ""30383831"", ""149460710"", ""53882418"", ""199379224""]"
none_subset,4,149191479,128399228,38,471,0,0,0,0,0,0,"[""79742438"", ""171588996"", ""180386955"", ""173428109"", ""191787733"", ""142870223"", ""124169140"", ""182555686"", ""204880845"", ""91690080""]"
none_subset,4,220047744,103930898,64,1974,0,0,0,0,0,0,"[""170757529"", ""131215451"", ""167980707"", ""193134463"", ""194756089"", ""63404553"", ""110345942"", ""152881030"", ""119550769"", ""138803213""]"
none_subset,4,194785620,165237646,43,186,0,0,0,0,0,0,"[""171798974"", ""168783197"", ""108684069"", ""194880726"", ""153567645"", ""183640029"", ""190372173"", ""182050443"", ""164268294"", ""193746203""]"
none_subset,4,218749582,200169558,46,2405,0,0,0,0,0,0,"[""163683734"", ""186808700"", ""121995083"", ""206120139"", ""104724886"", ""210308295"", ""204632637"", ""207664468"", ""203062604"", ""173365679""]"
none_subset,4,165838982,127997699,46,107,0,0,0,0,0,0,"[""131108960"", ""138384198"", ""200814907"", ""131820392"", ""110570748"", ""70517064"", ""178445507"", ""202999067"", ""104330915"", ""134902485""]"
none_subset,4,224920334,200087166,4,370,0,0,0,0,0,0,"[""141714724"", ""180940683"", ""145698626"", ""184721384"", ""149621622"", ""159604649"", ""140694614"", ""194954963"", ""194377968"", ""141989738""]"
none_subset,4,205468200,178716548,4,1500,0,0,0,0,0,0,"[""137677513"", ""117771611"", ""202167018"", ""72044288"", ""143548483"", ""74573249"", ""77682387"", ""133977293"", ""124893597"", ""185556523""]"
none_subset,4,215148558,194797723,38,374,0,0,0,0,0,0,"[""209590588"", ""192920732"", ""151108044"", ""130737214"", ""10199751"", ""169136130"", ""209921939"", ""66287825"", ""132332085"", ""200592659""]"
none_subset,4,124923191,109509000,38,2501,0,0,0,0,0,0,"[""157714512"", ""211427284"", ""128022775"", ""192884067"", ""207422358"", ""145998937"", ""215127574"", ""168091953"", ""111639650"", ""192191594""]"
none_subset,4,215578096,190043031,64,23,0,0,0,0,1,1,"[""62550428"", ""181619566"", ""80281524"", ""179201033"", ""188820923"", ""195529634"", ""193072604"", ""212305293"", ""124198714"", ""187708913""]"
none_subset,4,75789381,77710495,43,550,0,0,0,0,0,0,"[""88426427"", ""88577920"", ""138011937"", ""116979481"", ""169219606"", ""196601703"", ""100976417"", ""209726854"", ""114195278"", ""104088614""]"
none_subset,4,203230137,137020533,62,1954,0,0,0,0,0,0,"[""146789147"", ""192653562"", ""200808917"", ""52773606"", ""158763261"", ""109143906"", ""190955120"", ""211691904"", ""119396258"", ""160178858""]"
none_subset,4,46116158,52577956,62,30,0,0,0,0,1,1,"[""144049941"", ""39278122"", ""39730875"", ""120041482"", ""210154412"", ""119067436"", ""136973736"", ""205137345"", ""74220777"", ""210543459""]"
none_subset,4,177136537,149390857,4,566,0,0,0,0,0,0,"[""199780246"", ""182794391"", ""200963901"", ""191147915"", ""153111279"", ""190161584"", ""206940426"", ""192424356"", ""50948393"", ""189901460""]"
none_subset,4,221669084,193072604,64,1779,0,0,0,0,0,0,"[""161581546"", ""200004707"", ""139178433"", ""85660594"", ""73537331"", ""123607973"", ""72527056"", ""59982269"", ""93630964"", ""181149251""]"
none_subset,4,212041382,191701817,37,202,0,0,0,0,0,0,"[""196563012"", ""181408383"", ""98327133"", ""116240817"", ""149483145"", ""100843460"", ""208575799"", ""119227333"", ""166041429"", ""198478244""]"
none_subset,4,219471274,197859726,46,66,0,0,0,0,0,0,"[""52086900"", ""208074451"", ""120660699"", ""205628361"", ""143484748"", ""205180303"", ""113497361"", ""116070573"", ""177872819"", ""213225779""]"
none_subset,4,128080603,113230194,46,33,0,0,0,0,0,1,"[""29622301"", ""162796958"", ""83646259"", ""82615761"", ""203456171"", ""100946720"", ""109562038"", ""170637462"", ""202089470"", ""93024322""]"
none_subset,4,186907914,156087601,43,355,0,0,0,0,0,0,"[""195408710"", ""67909736"", ""209546973"", ""197613208"", ""148264493"", ""204449585"", ""128872941"", ""164251704"", ""140343241"", ""98581026""]"
none_subset,4,203265984,104638861,46,5,0,0,1,1,1,1,"[""172681042"", ""208905537"", ""81506359"", ""212433966"", ""104638861"", ""205132358"", ""114442083"", ""147819790"", ""78490755"", ""173619098""]"
none_subset,4,168179706,140057420,37,41,0,0,0,0,0,1,"[""146527115"", ""201505284"", ""121834730"", ""185411714"", ""195113899"", ""164221751"", ""194568706"", ""141014415"", ""182489418"", ""164698393""]"
none_subset,4,225219059,215377527,46,643,0,0,0,0,0,0,"[""212118911"", ""203644944"", ""191974228"", ""210738657"", ""202822668"", ""145210755"", ""204540006"", ""174515021"", ""186533909"", ""133738518""]"
none_subset,4,190303380,143805569,37,12,0,0,0,0,1,1,"[""103057199"", ""61710118"", ""146818815"", ""39048064"", ""212047029"", ""93714502"", ""194155044"", ""186713888"", ""214037923"", ""192307803""]"
none_subset,4,59639212,58507091,64,138,0,0,0,0,0,0,"[""143686140"", ""107088593"", ""48108527"", ""150507317"", ""189988059"", ""5273113"", ""157868027"", ""144799035"", ""111626622"", ""25042695""]"
none_subset,4,194672002,165611039,38,1443,0,0,0,0,0,0,"[""121564255"", ""102778559"", ""198468875"", ""121639115"", ""163646287"", ""46449031"", ""202271579"", ""163280205"", ""177027866"", ""123190192""]"
none_subset,4,198979809,209736403,37,854,0,0,0,0,0,0,"[""210502009"", ""102688777"", ""101192063"", ""195054374"", ""116930061"", ""168286486"", ""116967483"", ""58893791"", ""144803619"", ""68382382""]"
none_subset,4,20008520,18136094,64,31,0,0,0,0,0,1,"[""179015555"", ""67144823"", ""103416735"", ""93476336"", ""116380815"", ""174183108"", ""126460114"", ""157803989"", ""131141531"", ""138115654""]"
none_subset,4,221245643,206967157,46,680,0,0,0,0,0,0,"[""156263625"", ""206204582"", ""70629074"", ""167383627"", ""211762574"", ""206303291"", ""168398015"", ""112985650"", ""205315794"", ""214729100""]"
none_subset,4,164872875,135720410,4,183,0,0,0,0,0,0,"[""164194074"", ""141475879"", ""210309601"", ""138056332"", ""112914230"", ""214085481"", ""138178873"", ""203618170"", ""32643267"", ""106956251""]"
none_subset,4,215142560,106188623,4,23,0,0,0,0,1,1,"[""158607543"", ""159734891"", ""141130959"", ""207942600"", ""167104684"", ""149759096"", ""171029402"", ""202362364"", ""148281605"", ""63027674""]"
none_subset,4,224121102,213467226,46,484,0,0,0,0,0,0,"[""161007649"", ""211028341"", ""134493849"", ""159369178"", ""209335327"", ""76658512"", ""162441399"", ""78566379"", ""80538986"", ""208224187""]"
none_subset,4,224931869,139398347,43,686,0,0,0,0,0,0,"[""183703868"", ""128249636"", ""186098084"", ""154237024"", ""211382244"", ""192954070"", ""163505137"", ""189165560"", ""178425205"", ""136108747""]"
none_subset,4,138153661,118659816,38,196,0,0,0,0,0,0,"[""179234058"", ""193563274"", ""156424467"", ""191371664"", ""98526198"", ""186580987"", ""111238191"", ""25706087"", ""157091884"", ""186767110""]"
none_subset,4,225280861,215580451,4,13,0,0,0,0,1,1,"[""191147915"", ""168908364"", ""191462142"", ""187257731"", ""193481695"", ""183858161"", ""189899644"", ""203746928"", ""182294617"", ""181099732""]"
none_subset,4,211607484,191030106,37,256,0,0,0,0,0,0,"[""181408383"", ""45171964"", ""178961164"", ""87450438"", ""169922684"", ""206278149"", ""201740861"", ""202222318"", ""198478244"", ""123259140""]"
none_subset,4,214872752,188240250,37,157,0,0,0,0,0,0,"[""103348357"", ""67501636"", ""202778075"", ""159657746"", ""159726047"", ""88534873"", ""120181686"", ""183122776"", ""194561255"", ""178961164""]"
none_subset,4,221635544,209508182,38,154,0,0,0,0,0,0,"[""208393437"", ""141324463"", ""136445502"", ""213565228"", ""165832126"", ""78529743"", ""138015580"", ""149533051"", ""114622271"", ""138024904""]"
none_subset,4,224935803,191574147,43,2932,0,0,0,0,0,0,"[""139780746"", ""204649733"", ""60265144"", ""215513285"", ""59497573"", ""185196782"", ""188236265"", ""146783647"", ""158182394"", ""163980868""]"
none_subset,4,184494990,155791307,38,454,0,0,0,0,0,0,"[""200830087"", ""98969149"", ""75182035"", ""132005414"", ""128085075"", ""44681068"", ""213553012"", ""134087120"", ""53899017"", ""138465835""]"
none_subset,4,223224423,211792770,46,224,0,0,0,0,0,0,"[""201925196"", ""213805109"", ""167644413"", ""213054921"", ""76538488"", ""202872734"", ""206587012"", ""146467155"", ""143077183"", ""205239580""]"
none_subset,4,195193571,118558747,62,94,0,0,0,0,0,0,"[""156487231"", ""112033521"", ""113866351"", ""123687816"", ""173152279"", ""20863003"", ""72569113"", ""132668729"", ""144080444"", ""106024110""]"
none_subset,4,190923476,161414922,64,83,0,0,0,0,0,0,"[""131141531"", ""62313025"", ""58955704"", ""138803213"", ""79234720"", ""125561073"", ""153356810"", ""91451711"", ""40134748"", ""60032340""]"
none_subset,4,220419002,185423354,62,617,0,0,0,0,0,0,"[""191313815"", ""201710630"", ""176461236"", ""191982155"", ""213362135"", ""197247155"", ""147413615"", ""208252625"", ""211861394"", ""195420835""]"
none_subset,4,209600686,186417621,64,321,0,0,0,0,0,0,"[""103189720"", ""201421429"", ""144339648"", ""183213131"", ""209790439"", ""147984435"", ""46094230"", ""181705179"", ""63404553"", ""187708913""]"
none_subset,4,200589311,169485140,46,84,0,0,0,0,0,0,"[""58408382"", ""153467283"", ""158115780"", ""105064165"", ""79804197"", ""197949897"", ""208099409"", ""102764457"", ""210836993"", ""171578170""]"
none_subset,4,183620915,176740233,43,80,0,0,0,0,0,0,"[""192247862"", ""214876955"", ""175879766"", ""167164193"", ""178425205"", ""146898856"", ""123492526"", ""164354706"", ""177473145"", ""130448492""]"
none_subset,4,189803385,161290599,38,5,0,0,1,1,1,1,"[""125506764"", ""87832627"", ""122139403"", ""77338935"", ""161290599"", ""183915016"", ""149982401"", ""190384477"", ""112929576"", ""146400702""]"
none_subset,4,175625019,146495081,64,352,0,0,0,0,0,0,"[""58379904"", ""65008714"", ""183129773"", ""157333918"", ""95779860"", ""65487267"", ""139856523"", ""132092603"", ""179210556"", ""161391861""]"
none_subset,4,224707840,211170368,37,153,0,0,0,0,0,0,"[""174852305"", ""147947722"", ""157140706"", ""113225323"", ""165582044"", ""182681465"", ""191969605"", ""133932837"", ""170524883"", ""150612100""]"
none_subset,4,218859422,198349568,38,1556,0,0,0,0,0,0,"[""148051499"", ""162400962"", ""171909035"", ""64397678"", ""136444097"", ""192315497"", ""206495941"", ""204692935"", ""139423553"", ""143552622""]"
none_subset,4,178864787,139821056,4,1933,0,0,0,0,0,0,"[""126889201"", ""157367139"", ""126241663"", ""181672704"", ""188173628"", ""144513042"", ""156456714"", ""156471159"", ""165904972"", ""117660981""]"
none_subset,4,159196095,137589971,38,601,0,0,0,0,0,0,"[""49391991"", ""188214883"", ""81842837"", ""80390206"", ""155332547"", ""2578071"", ""179234058"", ""189643684"", ""162400962"", ""198024046""]"
none_subset,4,174481946,135983837,64,687,0,0,0,0,0,0,"[""148413683"", ""111165071"", ""181874277"", ""98469115"", ""200497374"", ""213107525"", ""157190922"", ""134302572"", ""189365972"", ""180554605""]"
none_subset,4,188815807,160741998,64,51,0,0,0,0,0,0,"[""149506115"", ""63965447"", ""53527257"", ""147984435"", ""19607163"", ""185723367"", ""94645332"", ""103189720"", ""177536477"", ""201421429""]"
none_subset,4,225059708,156966555,64,37,0,0,0,0,0,1,"[""74256345"", ""208465437"", ""154324585"", ""141938100"", ""179784406"", ""193757766"", ""86356781"", ""207726104"", ""75157723"", ""164732342""]"
none_subset,4,223811539,213229652,4,10,0,0,0,1,1,1,"[""211608400"", ""212457708"", ""198962743"", ""210309601"", ""198087841"", ""205144961"", ""212682868"", ""211901995"", ""208055757"", ""213229652""]"
none_subset,4,218503876,199802363,4,142,0,0,0,0,0,0,"[""210958855"", ""212819052"", ""196167891"", ""188285916"", ""186779159"", ""211037756"", ""205498846"", ""210871478"", ""202029081"", ""126589900""]"
none_subset,4,86819271,73207881,38,618,0,0,0,0,0,0,"[""202112251"", ""207390535"", ""207390508"", ""171248361"", ""204985593"", ""99075342"", ""154880168"", ""206303400"", ""124441124"", ""176455982""]"
none_subset,4,108034580,99234253,43,304,0,0,0,0,0,0,"[""191363897"", ""158317596"", ""118484592"", ""153170041"", ""207851646"", ""100464186"", ""193281522"", ""125529016"", ""163980868"", ""148635203""]"
none_subset,4,220766464,180748130,4,86,0,0,0,0,0,0,"[""74691545"", ""202598239"", ""195526680"", ""199019716"", ""173641656"", ""215305148"", ""53835713"", ""96998136"", ""207833813"", ""32014424""]"
none_subset,4,177244963,141989738,4,9,0,0,0,1,1,1,"[""173259969"", ""100007550"", ""145800774"", ""144995106"", ""113622434"", ""183725729"", ""158175855"", ""183642706"", ""141989738"", ""189148609""]"
none_subset,4,54600790,60869518,64,855,0,0,0,0,0,0,"[""196347311"", ""138322181"", ""151134804"", ""155183786"", ""114420335"", ""169220249"", ""131215451"", ""24351090"", ""63404553"", ""123768518""]"
none_subset,4,189883702,156772383,64,1187,0,0,0,0,0,0,"[""179216205"", ""91451711"", ""128304968"", ""143656150"", ""96029631"", ""203497492"", ""126953299"", ""146365324"", ""133945472"", ""199383617""]"
none_subset,4,222647320,173858556,4,1578,0,0,0,0,0,0,"[""146144877"", ""207064032"", ""122965096"", ""199802363"", ""213679625"", ""201224926"", ""69097292"", ""112914230"", ""150251115"", ""134362005""]"
none_subset,4,55766439,57450040,37,401,0,0,0,0,0,0,"[""192597928"", ""190113798"", ""152762226"", ""115215869"", ""192387012"", ""158117230"", ""183978577"", ""152140191"", ""111730268"", ""125097939""]"
none_subset,4,219166202,46376130,43,2,0,1,1,1,1,1,"[""162612749"", ""46376130"", ""5568612"", ""148801479"", ""192383943"", ""54786988"", ""188561727"", ""207792788"", ""203668670"", ""114163759""]"
none_subset,4,206154287,180219456,37,536,0,0,0,0,0,0,"[""146272807"", ""190113798"", ""133774120"", ""191849051"", ""183122776"", ""71957357"", ""88534873"", ""147594832"", ""182254392"", ""61285818""]"
none_subset,4,218578178,203829614,37,2,0,1,1,1,1,1,"[""196714939"", ""203829614"", ""167674987"", ""192227530"", ""201561139"", ""170544975"", ""195014964"", ""196469804"", ""193656232"", ""207544886""]"
none_subset,4,214672236,193517327,57,407,0,0,0,0,0,0,"[""131996709"", ""207122534"", ""110548220"", ""213682293"", ""129568269"", ""40488723"", ""160823099"", ""78057939"", ""149988933"", ""186296029""]"
none_subset,4,223831619,211890068,38,80,0,0,0,0,0,0,"[""8550716"", ""192587307"", ""192443349"", ""102778559"", ""188362913"", ""66259210"", ""61517646"", ""186767110"", ""192721742"", ""81220432""]"
none_subset,4,207026097,174693297,37,590,0,0,0,0,0,0,"[""146013472"", ""119227333"", ""201751423"", ""170750019"", ""120893128"", ""156560834"", ""136574012"", ""133089515"", ""88534873"", ""183285169""]"
none_subset,4,225052795,211664992,4,34,0,0,0,0,0,1,"[""73118528"", ""135553147"", ""100750573"", ""45403148"", ""185596367"", ""165023261"", ""141440077"", ""156401201"", ""108342269"", ""193007590""]"
none_subset,4,222713645,203487722,43,49,0,0,0,0,0,1,"[""164476094"", ""186549940"", ""197607322"", ""203668670"", ""207549172"", ""90198681"", ""198710349"", ""35003932"", ""128927470"", ""136185385""]"
none_subset,4,222415662,199473731,57,397,0,0,0,0,0,0,"[""204417143"", ""206545534"", ""194409455"", ""207769586"", ""160016419"", ""208033509"", ""201144087"", ""196862956"", ""131667486"", ""52958427""]"
none_subset,4,180823466,127322167,38,678,0,0,0,0,0,0,"[""113999751"", ""114055239"", ""76490987"", ""139423553"", ""139494203"", ""149982401"", ""151180760"", ""164429352"", ""92430066"", ""85120764""]"
none_subset,4,120776482,85372384,57,108,0,0,0,0,0,0,"[""164248569"", ""47987945"", ""212108240"", ""81719707"", ""185549618"", ""171896766"", ""104805000"", ""146244116"", ""115422067"", ""124098501""]"
none_subset,4,78736115,48004410,62,237,0,0,0,0,0,0,"[""178892018"", ""80344615"", ""70381552"", ""212966939"", ""137566298"", ""192075659"", ""146533271"", ""32936165"", ""162672578"", ""30362067""]"
none_subset,4,197566809,171039103,37,274,0,0,0,0,0,0,"[""213318077"", ""160068637"", ""206515039"", ""206236735"", ""213379343"", ""195252247"", ""212356952"", ""200869738"", ""187299907"", ""174160467""]"
none_subset,4,196560587,121588049,57,47,0,0,0,0,0,1,"[""159881542"", ""112833560"", ""141089456"", ""75645675"", ""206568246"", ""14439949"", ""177626941"", ""125460144"", ""124876040"", ""143701254""]"
none_subset,4,191989168,149271505,38,995,0,0,0,0,0,0,"[""160101192"", ""206869723"", ""177945691"", ""192315877"", ""2578071"", ""160084812"", ""206495941"", ""131848218"", ""114055239"", ""179558506""]"
none_subset,4,220756944,207623765,4,1557,0,0,0,0,0,0,"[""181054833"", ""194160187"", ""182581077"", ""180843726"", ""197090565"", ""192410120"", ""208780104"", ""207097865"", ""209124215"", ""206636227""]"
none_subset,4,222970732,211768590,57,330,0,0,0,0,0,0,"[""163533843"", ""122751221"", ""145031350"", ""141728487"", ""206210266"", ""191197833"", ""134533948"", ""212108240"", ""188514510"", ""98298066""]"
none_subset,4,205703486,168521754,4,1054,0,0,0,0,0,0,"[""178452683"", ""191687910"", ""128197551"", ""188799739"", ""211850911"", ""125970295"", ""203934220"", ""13245417"", ""56421919"", ""205469263""]"
none_subset,4,41178274,57231571,37,1584,0,0,0,0,0,0,"[""185048961"", ""33066220"", ""139391729"", ""121116115"", ""51749408"", ""147794006"", ""168678804"", ""143946320"", ""21423746"", ""205328844""]"
none_subset,4,151923040,130295558,64,288,0,0,0,0,0,0,"[""201421429"", ""80281524"", ""46094230"", ""25588585"", ""131141531"", ""188599489"", ""187708913"", ""60032340"", ""153356810"", ""93604401""]"
none_subset,4,211406975,165689945,43,136,0,0,0,0,0,0,"[""196069283"", ""177067604"", ""164285938"", ""160058303"", ""139778348"", ""148294908"", ""179054743"", ""180961442"", ""192774637"", ""206290556""]"
none_subset,4,225332179,209312269,62,2001,0,0,0,0,0,0,"[""75207324"", ""70069885"", ""44501361"", ""145492438"", ""108780050"", ""114263986"", ""65823014"", ""11666277"", ""106023112"", ""76756819""]"
none_subset,4,210265450,165354631,46,1572,0,0,0,0,0,0,"[""84422038"", ""97623791"", ""108322993"", ""78390422"", ""63397399"", ""162507293"", ""116576279"", ""213054921"", ""209251399"", ""15325925""]"
none_subset,4,224587798,138353042,38,43,0,0,0,0,0,1,"[""206506072"", ""178462865"", ""130417987"", ""208225541"", ""194853957"", ""128399228"", ""193133447"", ""159911050"", ""82211977"", ""144591834""]"
none_subset,4,218641593,191313815,62,173,0,0,0,0,0,0,"[""189968625"", ""204721492"", ""204577887"", ""207430576"", ""200006687"", ""120889247"", ""212412503"", ""196345674"", ""64365794"", ""179850932""]"
none_subset,4,63582428,61415611,38,1948,0,0,0,0,0,0,"[""139494203"", ""120618466"", ""76490987"", ""104042988"", ""114055239"", ""113999751"", ""128168264"", ""151180760"", ""191903812"", ""189593063""]"
none_subset,4,225109827,214482135,4,410,0,0,0,0,0,0,"[""183509496"", ""182581077"", ""191316160"", ""194160187"", ""206636227"", ""210550451"", ""196167891"", ""153410659"", ""208780104"", ""215237393""]"
none_subset,4,37267022,18308585,4,20,0,0,0,0,1,1,"[""149909385"", ""194377968"", ""117660981"", ""77968334"", ""194338856"", ""178305613"", ""153876614"", ""177466971"", ""70921117"", ""186179720""]"
none_subset,4,96544155,77929117,4,23,0,0,0,0,1,1,"[""115483149"", ""42043129"", ""133755220"", ""145698626"", ""152028023"", ""158175855"", ""141085810"", ""139418370"", ""144251877"", ""54212504""]"
none_subset,4,170402856,139528880,57,400,0,0,0,0,0,0,"[""183993242"", ""126989970"", ""100527593"", ""203393348"", ""188937064"", ""163116154"", ""135517724"", ""165637321"", ""122166847"", ""158459700""]"
none_subset,4,222568867,211063696,46,5,0,0,1,1,1,1,"[""208458622"", ""214251597"", ""210667015"", ""208719036"", ""211063696"", ""214290787"", ""212905783"", ""180426325"", ""212730825"", ""210373455""]"
none_subset,4,221242787,189821495,4,242,0,0,0,0,0,0,"[""201061935"", ""155609514"", ""198374943"", ""214521847"", ""206940426"", ""201765058"", ""149390037"", ""204909089"", ""201461303"", ""191910217""]"
none_subset,4,211096041,190075149,4,168,0,0,0,0,0,0,"[""72373127"", ""186900944"", ""190594964"", ""179532049"", ""198052564"", ""192413607"", ""19226881"", ""207095845"", ""195513078"", ""213221072""]"
none_subset,4,108131747,44202832,46,93,0,0,0,0,0,0,"[""103963518"", ""118565908"", ""174613608"", ""207379889"", ""160764333"", ""93122967"", ""146467155"", ""213401003"", ""79060647"", ""16824274""]"
none_subset,4,162232999,136320022,46,12,0,0,0,0,1,1,"[""109632736"", ""109531052"", ""209335327"", ""207429949"", ""76658512"", ""130621296"", ""211028341"", ""203173810"", ""171164335"", ""49032725""]"
none_subset,4,13682631,9583876,43,24,0,0,0,0,1,1,"[""208864917"", ""130810261"", ""76296759"", ""119064343"", ""189266294"", ""121279267"", ""207048259"", ""182902299"", ""200208585"", ""201671217""]"
none_subset,4,219666357,191554056,4,241,0,0,0,0,0,0,"[""146781680"", ""188602972"", ""169697872"", ""190079873"", ""190777127"", ""27693819"", ""182361800"", ""197090565"", ""200589462"", ""187600900""]"
none_subset,4,213567134,189737626,37,254,0,0,0,0,0,0,"[""212271042"", ""191241938"", ""209128550"", ""212172992"", ""192533600"", ""194731784"", ""193995538"", ""187222340"", ""203730564"", ""175929883""]"
none_subset,4,184043607,74618421,43,39,0,0,0,0,0,1,"[""54226204"", ""156158793"", ""96300750"", ""125480188"", ""178073804"", ""27781370"", ""184649249"", ""133582641"", ""104771940"", ""57556019""]"
none_subset,4,172414888,136207634,57,1384,0,0,0,0,0,0,"[""31677187"", ""170787140"", ""148491701"", ""112758500"", ""109553539"", ""176713188"", ""198478973"", ""187256807"", ""122157148"", ""97187105""]"
none_subset,4,177318197,149582480,4,19,0,0,0,0,1,1,"[""191214295"", ""204482650"", ""190161584"", ""162058011"", ""200963901"", ""192331154"", ""139852579"", ""191695909"", ""186930348"", ""210721272""]"
none_subset,4,212339777,190906052,37,333,0,0,0,0,0,0,"[""186986472"", ""136461731"", ""126554078"", ""153538224"", ""29496516"", ""187043151"", ""105274553"", ""201751423"", ""180932797"", ""178992708""]"
none_subset,4,206145125,167802783,38,429,0,0,0,0,0,0,"[""203507733"", ""163127755"", ""136043837"", ""101964968"", ""166308838"", ""133096810"", ""132024150"", ""29927100"", ""79792389"", ""167110886""]"
none_subset,4,178886952,151010427,4,224,0,0,0,0,0,0,"[""98076075"", ""134911017"", ""138975756"", ""181715447"", ""210721272"", ""139852579"", ""122594682"", ""12396291"", ""136231548"", ""9766161""]"
none_subset,4,221817837,209852269,4,181,0,0,0,0,0,0,"[""205600080"", ""202571906"", ""195830492"", ""182904703"", ""181099732"", ""213160173"", ""191316160"", ""201657691"", ""185360306"", ""186930348""]"
none_subset,4,223048993,211832428,4,263,0,0,0,0,0,0,"[""50763598"", ""133632260"", ""143083752"", ""199975894"", ""181054833"", ""214491007"", ""172943291"", ""193577910"", ""179145991"", ""206386977""]"
none_subset,4,208991679,186079431,37,243,0,0,0,0,0,0,"[""209154292"", ""201742088"", ""186811713"", ""197633924"", ""191538851"", ""211802210"", ""190788965"", ""202030579"", ""175852737"", ""200774626""]"
none_subset,4,141898377,106878932,43,76,0,0,0,0,0,0,"[""90011446"", ""189165560"", ""156158793"", ""94325948"", ""144399603"", ""97625037"", ""138296370"", ""126121357"", ""135474915"", ""73201099""]"
none_subset,4,197127690,170091134,37,117,0,0,0,0,0,0,"[""142288515"", ""212752270"", ""199996758"", ""192227530"", ""125867554"", ""124237457"", ""195698956"", ""127482058"", ""206895628"", ""166969289""]"
none_subset,4,208419078,156490946,43,49,0,0,0,0,0,1,"[""141417624"", ""205605896"", ""147117418"", ""186403472"", ""213210833"", ""144482097"", ""87001748"", ""188398971"", ""78516965"", ""136615619""]"
none_subset,4,225018841,119926476,37,1491,0,0,0,0,0,0,"[""122241592"", ""163655065"", ""201258368"", ""161133997"", ""210549110"", ""138622989"", ""201172626"", ""160929058"", ""105569391"", ""154942150""]"
none_subset,4,165596897,137389127,64,1277,0,0,0,0,0,0,"[""185454425"", ""185413694"", ""141045171"", ""168355301"", ""210923456"", ""202712497"", ""120420310"", ""165651948"", ""112056185"", ""197129848""]"
none_subset,4,99158135,78794453,4,222,0,0,0,0,0,0,"[""149095048"", ""198070526"", ""151518049"", ""154031903"", ""126889201"", ""176867327"", ""129435163"", ""50847980"", ""188173628"", ""51294207""]"
none_subset,4,215595321,197344850,37,22,0,0,0,0,1,1,"[""207605603"", ""209736185"", ""177385023"", ""180409690"", ""191241938"", ""142288515"", ""75817384"", ""125867554"", ""79219323"", ""212271042""]"
none_subset,4,187656447,159139067,57,1409,0,0,0,0,0,0,"[""121588049"", ""136519761"", ""138657391"", ""53594227"", ""125460144"", ""140413696"", ""181594395"", ""103801352"", ""110518281"", ""108989200""]"
none_subset,4,225288325,215600148,4,567,0,0,0,0,0,0,"[""198087841"", ""180843726"", ""177825434"", ""194160187"", ""206636227"", ""183690665"", ""198615413"", ""211858811"", ""210484477"", ""168099979""]"
none_subset,4,225337078,213493571,37,1336,0,0,0,0,0,0,"[""155458733"", ""64645018"", ""173703044"", ""200654385"", ""103348357"", ""48071159"", ""186986472"", ""178052853"", ""178551362"", ""71957357""]"
none_subset,4,138244807,119810553,4,92,0,0,0,0,0,0,"[""129269545"", ""154359018"", ""191461282"", ""144264277"", ""158607543"", ""188580686"", ""153417658"", ""184009379"", ""148365289"", ""147751136""]"
none_subset,4,213283231,165204223,4,282,0,0,0,0,0,0,"[""164495014"", ""16813724"", ""164936492"", ""202119489"", ""208324043"", ""56421919"", ""145725802"", ""113199812"", ""114925208"", ""21060681""]"
none_subset,4,125907639,104715442,43,110,0,0,0,0,0,0,"[""100215754"", ""126415167"", ""168131196"", ""160598030"", ""207289652"", ""127486066"", ""197613208"", ""84074518"", ""145708285"", ""212829910""]"
none_subset,4,154132197,126361288,37,802,0,0,0,0,0,0,"[""72951233"", ""17206468"", ""107202977"", ""186429778"", ""148592059"", ""204790375"", ""107504819"", ""191097659"", ""206382148"", ""43972733""]"
none_subset,4,200051522,173661276,64,27,0,0,0,0,1,1,"[""192779268"", ""195252307"", ""198087057"", ""210148884"", ""196286726"", ""119491080"", ""200033728"", ""211889722"", ""95992904"", ""206705882""]"
none_subset,4,137156791,110050766,37,387,0,0,0,0,0,0,"[""188967908"", ""181774091"", ""71957357"", ""5322119"", ""100015328"", ""8855059"", ""183122776"", ""53410176"", ""181836831"", ""213026576""]"
none_subset,4,208951682,134610044,37,1215,0,0,0,0,0,0,"[""14688074"", ""101351593"", ""115215869"", ""96028215"", ""126574209"", ""45171964"", ""202222440"", ""178961164"", ""164141851"", ""95030361""]"
none_subset,4,221947933,177496099,64,17,0,0,0,0,1,1,"[""208220087"", ""71813245"", ""162052544"", ""195227005"", ""114420335"", ""213362681"", ""126398926"", ""79071973"", ""167094250"", ""67677743""]"
none_subset,4,221280470,208171217,46,700,0,0,0,0,0,0,"[""205100337"", ""171164335"", ""207429949"", ""103702743"", ""82753953"", ""109632736"", ""202553191"", ""209279100"", ""177368586"", ""130621296""]"
none_subset,4,195907696,163513925,4,163,0,0,0,0,0,0,"[""190079873"", ""190777127"", ""187600900"", ""197090565"", ""200589462"", ""146781680"", ""192473388"", ""148331489"", ""182361800"", ""194142299""]"
none_subset,4,192387814,157519336,4,136,0,0,0,0,0,0,"[""171876720"", ""139418370"", ""208901976"", ""46147970"", ""214896797"", ""191300394"", ""126042350"", ""135451052"", ""62971785"", ""209018186""]"
none_subset,4,223289169,211247046,38,610,0,0,0,0,0,0,"[""206210657"", ""208393437"", ""115293027"", ""181781147"", ""188626794"", ""195666912"", ""200275336"", ""78529743"", ""147412707"", ""140979774""]"
none_subset,4,209346461,186900944,4,105,0,0,0,0,0,0,"[""76695262"", ""161499533"", ""143548483"", ""72045166"", ""179140612"", ""124893597"", ""90951087"", ""146168593"", ""51992415"", ""214521847""]"
none_subset,4,139981254,120640755,64,484,0,0,0,0,0,0,"[""75216844"", ""171357717"", ""87387447"", ""147451743"", ""153717696"", ""210055173"", ""104470943"", ""95779860"", ""118955853"", ""156766484""]"
none_subset,4,182806205,151978785,4,45,0,0,0,0,0,1,"[""183255480"", ""191690738"", ""200247233"", ""187320580"", ""173008557"", ""133632260"", ""176566249"", ""203130825"", ""209124215"", ""203910236""]"
none_subset,4,217278792,201460481,64,24,0,0,0,0,1,1,"[""192779268"", ""174719538"", ""196368507"", ""206705882"", ""183765574"", ""157103060"", ""169931960"", ""14286061"", ""147671714"", ""66459509""]"
none_subset,4,186655930,154156370,43,473,0,0,0,0,0,0,"[""98357729"", ""121279267"", ""140231935"", ""159971774"", ""164097777"", ""119064343"", ""6516822"", ""37006900"", ""67909736"", ""183525953""]"
none_subset,4,162912896,129248142,46,335,0,0,0,0,0,0,"[""127947793"", ""184612826"", ""155017018"", ""59097004"", ""193874948"", ""139649558"", ""206729201"", ""193559506"", ""49535031"", ""105106630""]"
none_subset,4,213352279,153459843,46,313,0,0,0,0,0,0,"[""139649558"", ""155017018"", ""105106630"", ""127947793"", ""192342929"", ""205315794"", ""193559506"", ""156554598"", ""165953966"", ""145597347""]"
none_subset,4,203207980,178106114,37,73,0,0,0,0,0,0,"[""117685268"", ""202781695"", ""210082244"", ""177427251"", ""177427231"", ""200451540"", ""205430382"", ""108027894"", ""169257920"", ""207956028""]"
none_subset,4,161852871,89221384,64,412,0,0,0,0,0,0,"[""171442385"", ""151064154"", ""91130206"", ""154682545"", ""201706439"", ""201421429"", ""132231455"", ""186381596"", ""114607994"", ""195333389""]"
none_subset,4,176716107,148055243,46,116,0,0,0,0,0,0,"[""209744189"", ""174837469"", ""184646371"", ""213559285"", ""206220197"", ""189549167"", ""167525245"", ""197415730"", ""7231598"", ""171227160""]"
none_subset,4,217259739,199287233,37,2,0,1,1,1,1,1,"[""190070434"", ""199287233"", ""191538851"", ""202782009"", ""182193027"", ""193485768"", ""187324915"", ""186811713"", ""209172941"", ""192227530""]"
none_subset,4,56814961,24867932,62,795,0,0,0,0,0,0,"[""136225463"", ""167750528"", ""58086605"", ""57769851"", ""180324136"", ""187570461"", ""105231780"", ""156885677"", ""187612359"", ""141590566""]"
none_subset,4,199732465,168726781,46,359,0,0,0,0,0,0,"[""177432966"", ""213293208"", ""204100293"", ""207544514"", ""70629074"", ""208712486"", ""212264248"", ""193685035"", ""170255404"", ""133168724""]"
none_subset,4,123506354,100296077,37,969,0,0,0,0,0,0,"[""76963567"", ""79730026"", ""156094427"", ""193030442"", ""65584321"", ""115668354"", ""139110299"", ""159657746"", ""199866100"", ""206528763""]"
none_subset,4,211049728,174478709,46,352,0,0,0,0,0,0,"[""144865911"", ""204065707"", ""203644944"", ""197088021"", ""179633525"", ""213247950"", ""204845369"", ""189285981"", ""184636221"", ""214520103""]"
none_subset,4,217215152,201018364,62,330,0,0,0,0,0,0,"[""150919912"", ""206301685"", ""145492438"", ""141693897"", ""160036757"", ""125264671"", ""161652558"", ""171189946"", ""144002826"", ""183508594""]"
none_subset,4,215896966,198159546,37,225,0,0,0,0,0,0,"[""206298544"", ""209161669"", ""183697536"", ""209128550"", ""157945105"", ""194731784"", ""188568572"", ""193995538"", ""183519446"", ""164058126""]"
none_subset,4,224816259,166840834,64,504,0,0,0,0,0,0,"[""183047062"", ""144073843"", ""112345894"", ""141045171"", ""152603802"", ""185454425"", ""112056185"", ""168633758"", ""32842438"", ""177080791""]"
none_subset,4,168758608,141126912,62,97,0,0,0,0,0,0,"[""150940601"", ""146789147"", ""134377605"", ""28665915"", ""114952714"", ""88475705"", ""190409559"", ""108294691"", ""186756267"", ""214511493""]"
none_subset,4,224917919,214056529,37,1586,0,0,0,0,0,0,"[""141163031"", ""199315941"", ""208864789"", ""202022086"", ""193485768"", ""212864198"", ""172689752"", ""214409508"", ""210287080"", ""165980002""]"
none_subset,4,69007206,70183038,62,753,0,0,0,0,0,0,"[""25260455"", ""32645477"", ""80991195"", ""113542136"", ""64334636"", ""211312140"", ""120966589"", ""138890580"", ""194932553"", ""156801810""]"
none_subset,4,20104654,13940893,46,5,0,0,1,1,1,1,"[""130390168"", ""50497846"", ""129112756"", ""124510956"", ""13940893"", ""188974662"", ""174096017"", ""14142542"", ""165546298"", ""75781779""]"
none_subset,4,206830390,182794391,4,20,0,0,0,0,1,1,"[""160129846"", ""190594964"", ""153928357"", ""192331154"", ""160260159"", ""73825216"", ""189901460"", ""192424356"", ""72373127"", ""158545727""]"
none_subset,4,209598704,185409558,62,53,0,0,0,0,0,0,"[""141693897"", ""211737562"", ""201710630"", ""200747175"", ""172997177"", ""206841068"", ""211861394"", ""204577887"", ""150919912"", ""125264671""]"
none_subset,4,129248924,113340443,37,309,0,0,0,0,0,0,"[""150887352"", ""170224824"", ""124537731"", ""136371572"", ""145502443"", ""183285169"", ""196428679"", ""206126959"", ""110465452"", ""119227333""]"
none_subset,4,224103839,213731514,46,168,0,0,0,0,0,0,"[""208712486"", ""204100293"", ""153459843"", ""177107115"", ""214729100"", ""70629074"", ""211540948"", ""205235605"", ""210734819"", ""133168724""]"
none_subset,4,107731383,36293036,62,56,0,0,0,0,0,0,"[""134618566"", ""81077749"", ""22547515"", ""86857938"", ""113994482"", ""183577698"", ""112339725"", ""198734216"", ""172904337"", ""193455135""]"
none_subset,4,128516859,113125737,43,1920,0,0,0,0,0,0,"[""61372398"", ""76970617"", ""201353088"", ""201259036"", ""165082890"", ""193103331"", ""127047625"", ""173492161"", ""116750362"", ""80682255""]"
none_subset,4,65457383,67086891,38,53,0,0,0,0,0,0,"[""105898974"", ""149343290"", ""11921513"", ""211427284"", ""128022775"", ""145998937"", ""192884067"", ""192654276"", ""180386955"", ""168091953""]"
none_subset,4,222687545,209791442,64,18,0,0,0,0,1,1,"[""143686140"", ""145311547"", ""122395189"", ""173526297"", ""133192411"", ""193536959"", ""194651505"", ""113436023"", ""144799035"", ""73923102""]"
none_subset,4,215426148,174366632,46,187,0,0,0,0,0,0,"[""150142821"", ""151511658"", ""154821670"", ""142789905"", ""102024389"", ""88672257"", ""160699239"", ""116259633"", ""78015202"", ""181547294""]"
none_subset,4,195198725,157734464,43,204,0,0,0,0,0,0,"[""186606199"", ""205822080"", ""105076717"", ""77511038"", ""118470473"", ""72421330"", ""178730785"", ""153586175"", ""199715257"", ""103363896""]"
none_subset,4,221797141,209764015,46,14,0,0,0,0,1,1,"[""208805779"", ""206477450"", ""213291067"", ""203644119"", ""210734819"", ""202872734"", ""144865911"", ""213805109"", ""198221243"", ""167644413""]"
none_subset,4,164421576,110656577,62,316,0,0,0,0,0,0,"[""87886557"", ""57144448"", ""123217124"", ""84941218"", ""104016143"", ""129561487"", ""149971080"", ""122862208"", ""162634986"", ""84086538""]"
none_subset,4,214610820,194634429,43,3,0,1,1,1,1,1,"[""190779684"", ""177473145"", ""194634429"", ""122818220"", ""111985578"", ""144399603"", ""116753996"", ""173279591"", ""185696449"", ""151954619""]"
none_subset,4,202695254,164665349,46,29,0,0,0,0,1,1,"[""210837002"", ""164912617"", ""213226745"", ""169636588"", ""152531642"", ""60048301"", ""82252188"", ""98678440"", ""112097565"", ""114943400""]"
none_subset,4,181784321,139778879,37,2825,0,0,0,0,0,0,"[""210549110"", ""85363083"", ""204827377"", ""122241592"", ""169592229"", ""142640479"", ""200384673"", ""195361052"", ""80669323"", ""159838604""]"
none_subset,4,214768210,195814903,4,159,0,0,0,0,0,0,"[""145646315"", ""145094055"", ""173008557"", ""195744792"", ""96998136"", ""208901976"", ""201065368"", ""191690738"", ""199333962"", ""183255480""]"
none_subset,4,189115160,160966785,43,19,0,0,0,0,1,1,"[""208096405"", ""138585496"", ""197613208"", ""164251704"", ""102424723"", ""168131196"", ""208864917"", ""156158359"", ""60157409"", ""100215754""]"
none_subset,4,207497813,183755478,4,43,0,0,0,0,0,1,"[""205600080"", ""202571906"", ""185360306"", ""146781680"", ""197090565"", ""190777127"", ""183509496"", ""188074441"", ""187600900"", ""182581077""]"
none_subset,4,221733830,199758501,4,150,0,0,0,0,0,0,"[""202002064"", ""126762069"", ""203341087"", ""164526532"", ""133033147"", ""25537887"", ""115146729"", ""103246617"", ""44858664"", ""81643684""]"
none_subset,4,216275972,179585446,4,118,0,0,0,0,0,0,"[""157092256"", ""169715410"", ""207935824"", ""16813724"", ""162407032"", ""73118528"", ""145020770"", ""150204940"", ""190228386"", ""208324043""]"
none_subset,4,224927820,179577326,46,368,0,0,0,0,0,0,"[""102024389"", ""142789905"", ""197086187"", ""172785490"", ""159004698"", ""176131148"", ""172080468"", ""153967122"", ""154821670"", ""133795252""]"
none_subset,4,216448407,95187471,64,5,0,0,1,1,1,1,"[""187914316"", ""152209914"", ""135996572"", ""203217424"", ""95187471"", ""156281163"", ""94645332"", ""128603026"", ""156784913"", ""70397289""]"
none_subset,4,211139345,190121568,4,237,0,0,0,0,0,0,"[""160129846"", ""123419520"", ""178139392"", ""136474102"", ""183252412"", ""171447530"", ""182183775"", ""200963858"", ""138966111"", ""160260159""]"
none_subset,4,118300572,106278665,62,153,0,0,0,0,0,0,"[""146789147"", ""73563944"", ""82382971"", ""48197595"", ""18880304"", ""205254156"", ""106557292"", ""119396258"", ""65307631"", ""193542340""]"
none_subset,4,220403410,204662722,37,2,0,1,1,1,1,1,"[""141493643"", ""204662722"", ""126694563"", ""212542886"", ""126406153"", ""204006241"", ""164535707"", ""77985083"", ""211099685"", ""212356952""]"
none_subset,4,161875428,127609272,46,288,0,0,0,0,0,0,"[""71898634"", ""197949897"", ""102458654"", ""147047749"", ""215475381"", ""207529569"", ""74840350"", ""115290677"", ""157105476"", ""176659851""]"
none_subset,4,207671145,184022783,4,118,0,0,0,0,0,0,"[""167658682"", ""179037077"", ""195830492"", ""183552560"", ""198221149"", ""215305148"", ""205600080"", ""185360306"", ""202571906"", ""212373864""]"
none_subset,4,81609711,83075724,43,144,0,0,0,0,0,0,"[""57750732"", ""58799552"", ""74505132"", ""39026970"", ""101519990"", ""201690715"", ""204884209"", ""113199180"", ""203178329"", ""184136574""]"
none_subset,4,212432648,154897370,64,285,0,0,0,0,0,0,"[""161581546"", ""93630964"", ""203921886"", ""152305563"", ""143663551"", ""167158322"", ""153356810"", ""152109736"", ""126992314"", ""124508209""]"
none_subset,4,128168688,112134542,4,70,0,0,0,0,0,0,"[""142657666"", ""185967985"", ""181553937"", ""144857372"", ""174649936"", ""197382040"", ""162073973"", ""202360528"", ""180954842"", ""209855726""]"
none_subset,4,211110878,189462815,38,1173,0,0,0,0,0,0,"[""192570569"", ""111489526"", ""118426597"", ""148600150"", ""82429869"", ""192315877"", ""161002473"", ""100946794"", ""107906676"", ""201312801""]"
none_subset,4,180123229,145112155,37,20,0,0,0,0,1,1,"[""193680819"", ""187324915"", ""209172335"", ""184297463"", ""188876971"", ""191544375"", ""136896781"", ""73910372"", ""33563950"", ""165824431""]"
none_subset,4,220812780,179760906,46,72,0,0,0,0,0,0,"[""100882487"", ""165738313"", ""182917310"", ""78094109"", ""203778148"", ""205031717"", ""211380085"", ""32288484"", ""78516486"", ""208035235""]"
none_subset,4,210886906,160003240,62,988,0,0,0,0,0,0,"[""190955120"", ""203208937"", ""173383036"", ""125457528"", ""145797588"", ""124265654"", ""109144733"", ""186169702"", ""73906788"", ""129328061""]"
none_subset,4,213124666,162936044,43,49,0,0,0,0,0,1,"[""84756708"", ""179127750"", ""82745740"", ""154544914"", ""91110398"", ""193020832"", ""144889629"", ""74375092"", ""77932206"", ""40402254""]"
none_subset,4,224135440,190789178,64,100,0,0,0,0,0,0,"[""203544848"", ""211228726"", ""207152337"", ""136552233"", ""192891016"", ""153594881"", ""136116320"", ""124508209"", ""82453175"", ""142119938""]"
none_subset,4,210408988,162425061,57,230,0,0,0,0,0,0,"[""211835809"", ""114134647"", ""207784265"", ""57914854"", ""207173802"", ""120012973"", ""200675765"", ""118212639"", ""122877346"", ""80664100""]"
none_subset,4,210701847,189202972,37,520,0,0,0,0,0,0,"[""209172941"", ""121097766"", ""191538851"", ""196890344"", ""194408004"", ""191911000"", ""210502009"", ""197955172"", ""164351701"", ""207110453""]"
none_subset,4,217226096,198430312,46,679,0,0,0,0,0,0,"[""170987455"", ""205297053"", ""207870356"", ""204377263"", ""58412205"", ""213395330"", ""207371225"", ""172385784"", ""213174015"", ""201469244""]"
none_subset,4,158212683,172065222,43,51,0,0,0,0,0,0,"[""78516965"", ""186403472"", ""87001748"", ""205605896"", ""183295863"", ""141417624"", ""193482080"", ""147117418"", ""213210833"", ""144482097""]"
none_subset,4,137703589,120122284,43,18,0,0,0,0,1,1,"[""90198681"", ""83550407"", ""164476094"", ""211890870"", ""168040178"", ""197607322"", ""193482080"", ""119064343"", ""197607286"", ""18051654""]"
none_subset,4,117119445,102488247,57,76,0,0,0,0,0,0,"[""175340511"", ""85942447"", ""99443492"", ""58773802"", ""53594227"", ""152197992"", ""86194826"", ""32645815"", ""55626655"", ""143608153""]"
none_subset,4,175628347,146565542,46,1221,0,0,0,0,0,0,"[""116820479"", ""110570748"", ""206685083"", ""134902485"", ""131820392"", ""172127274"", ""176936176"", ""126190470"", ""146467155"", ""126396079""]"
none_subset,4,149922319,115277724,38,1680,0,0,0,0,0,0,"[""94794120"", ""96846772"", ""73148680"", ""127062761"", ""87901219"", ""207911331"", ""64397678"", ""167154238"", ""168317669"", ""189593063""]"
none_subset,4,215644814,193644515,38,2166,0,0,0,0,0,0,"[""116918686"", ""193744229"", ""155422545"", ""152236293"", ""202202801"", ""151931969"", ""172020969"", ""78137458"", ""96718826"", ""134912948""]"
none_subset,4,221837061,194862890,46,30,0,0,0,0,1,1,"[""179610678"", ""205007406"", ""182136657"", ""162330233"", ""205168224"", ""176647062"", ""93317617"", ""179533802"", ""202121759"", ""181810712""]"
none_subset,4,209706435,187423310,37,87,0,0,0,0,0,0,"[""191538851"", ""207544886"", ""191911000"", ""190070434"", ""173966675"", ""187543270"", ""202782009"", ""201649016"", ""211802210"", ""199287233""]"
none_subset,4,218343341,203417954,43,850,0,0,0,0,0,0,"[""203191672"", ""76510127"", ""211884232"", ""104021362"", ""197580291"", ""145996061"", ""83550407"", ""196197826"", ""71806238"", ""207753535""]"
none_subset,4,170276055,143253664,4,2073,0,0,0,0,0,0,"[""192582014"", ""188882555"", ""195539587"", ""209208627"", ""200589462"", ""200855615"", ""189844318"", ""104293117"", ""186370381"", ""200588216""]"
none_subset,4,211959947,191630851,4,322,0,0,0,0,0,0,"[""192331154"", ""193413498"", ""162058011"", ""195513078"", ""125616982"", ""194508039"", ""203746928"", ""204482650"", ""181715447"", ""166004506""]"
none_subset,4,224484261,214298768,4,102,0,0,0,0,0,0,"[""163340296"", ""180843726"", ""167623478"", ""210643102"", ""213127345"", ""210573149"", ""133070539"", ""177825434"", ""207143420"", ""192952375""]"
none_subset,4,223747116,203589761,38,2517,0,0,0,0,0,0,"[""181203442"", ""44557915"", ""181933334"", ""171248361"", ""213984936"", ""192920732"", ""209925991"", ""213040734"", ""100854450"", ""204985593""]"
none_subset,4,194640606,155955578,62,887,0,0,0,0,0,0,"[""45161831"", ""141261014"", ""39730875"", ""183577698"", ""74220777"", ""66824965"", ""122185080"", ""61171387"", ""210154412"", ""127762374""]"
