run_tag,seed,set_id,target_item_id,target_item_fg,rank,hit@1,hit@3,hit@5,hit@10,hit@30,hit@50,top10_ids
none_subset,5,171638917,143094107,46,157,0,0,0,0,0,0,"[""118565908"", ""134902485"", ""78015202"", ""60819283"", ""131629489"", ""160699239"", ""149733973"", ""164400164"", ""203329657"", ""78063293""]"
none_subset,5,208805759,172213324,37,52,0,0,0,0,0,0,"[""146527115"", ""137062195"", ""174857211"", ""141241455"", ""160185355"", ""96256428"", ""203276996"", ""213471023"", ""181014160"", ""185266696""]"
none_subset,5,17682761,16847694,4,212,0,0,0,0,0,0,"[""123881493"", ""159922963"", ""76515539"", ""195717749"", ""176039610"", ""177531279"", ""162653386"", ""113779353"", ""172890535"", ""86878993""]"
none_subset,5,206425236,182182628,62,571,0,0,0,0,0,0,"[""194289010"", ""74279773"", ""146420142"", ""187005682"", ""108267461"", ""162715321"", ""205736250"", ""121524691"", ""100460340"", ""96112528""]"
none_subset,5,96522071,63831737,62,2084,0,0,0,0,0,0,"[""91170827"", ""97032103"", ""73356588"", ""119067436"", ""210871676"", ""166012487"", ""180623952"", ""95797445"", ""77802747"", ""98179707""]"
none_subset,5,223685706,211215649,62,105,0,0,0,0,0,0,"[""158181494"", ""189820722"", ""189178547"", ""200006687"", ""203289300"", ""212180917"", ""212412503"", ""120889247"", ""167732430"", ""203908924""]"
none_subset,5,147517821,95204606,43,70,0,0,0,0,0,0,"[""139780746"", ""164097777"", ""98581026"", ""165487867"", ""13118738"", ""147179804"", ""61372398"", ""153840249"", ""204449585"", ""126702260""]"
none_subset,5,224898695,211310787,43,6,0,0,0,1,1,1,"[""182050443"", ""208008027"", ""108684069"", ""166301530"", ""190535337"", ""211310787"", ""185311632"", ""145672403"", ""194184168"", ""138812364""]"
none_subset,5,179865492,149982827,43,299,0,0,0,0,0,0,"[""202025930"", ""140343241"", ""128872941"", ""173758947"", ""76296759"", ""67909736"", ""121279267"", ""191583920"", ""13118738"", ""127254122""]"
none_subset,5,194623623,167483448,43,145,0,0,0,0,0,0,"[""194880726"", ""197429046"", ""201704588"", ""109124875"", ""137739430"", ""180183536"", ""160559989"", ""192085655"", ""98638580"", ""198125462""]"
none_subset,5,64901197,21114364,37,5,0,0,1,1,1,1,"[""94966858"", ""105224939"", ""66064117"", ""66495486"", ""21114364"", ""116240817"", ""53410176"", ""45171964"", ""119227333"", ""70310902""]"
none_subset,5,48390120,53902698,57,520,0,0,0,0,0,0,"[""201144087"", ""194409455"", ""12178696"", ""207233667"", ""207769586"", ""206493285"", ""50936577"", ""131667486"", ""121902729"", ""205016601""]"
none_subset,5,185836801,158101824,46,7,0,0,0,1,1,1,"[""205769669"", ""158115780"", ""215475381"", ""58408382"", ""204625399"", ""186776259"", ""158101824"", ""121587868"", ""105137217"", ""102764457""]"
none_subset,5,187310061,145798245,38,1047,0,0,0,0,0,0,"[""31197704"", ""169021759"", ""155589050"", ""142870223"", ""91690080"", ""24448141"", ""12905940"", ""201603990"", ""124750735"", ""14434511""]"
none_subset,5,104313212,96852581,38,461,0,0,0,0,0,0,"[""114131241"", ""145151055"", ""16689432"", ""156271106"", ""85421632"", ""178462865"", ""208225541"", ""204686788"", ""152236293"", ""209895579""]"
none_subset,5,187766683,138627636,38,1432,0,0,0,0,0,0,"[""139494203"", ""63839835"", ""128168264"", ""136444097"", ""72092510"", ""120618466"", ""76490987"", ""154904834"", ""73148680"", ""83310151""]"
none_subset,5,121522189,108702236,37,104,0,0,0,0,0,0,"[""198753304"", ""168359992"", ""180869206"", ""99092830"", ""127955533"", ""202780647"", ""197580749"", ""186443492"", ""164935921"", ""194302416""]"
none_subset,5,204087433,151140876,64,47,0,0,0,0,0,1,"[""82453175"", ""152603802"", ""48108527"", ""32842438"", ""105144259"", ""146228800"", ""67792301"", ""70627695"", ""168633758"", ""183047062""]"
none_subset,5,224082376,211118858,46,30,0,0,0,0,1,1,"[""205395255"", ""141583383"", ""100881714"", ""142436010"", ""78566379"", ""163911793"", ""167967668"", ""206453483"", ""7575539"", ""138788694""]"
none_subset,5,222150050,212009781,46,452,0,0,0,0,0,0,"[""64629457"", ""158884723"", ""38013346"", ""77851096"", ""204015032"", ""133738518"", ""209197042"", ""203915067"", ""213482572"", ""61158856""]"
none_subset,5,190301469,142721484,64,1758,0,0,0,0,0,0,"[""35312252"", ""60124479"", ""26075068"", ""49215114"", ""59824769"", ""63861102"", ""168712424"", ""147497927"", ""210873715"", ""201341623""]"
none_subset,5,176118406,126107165,4,283,0,0,0,0,0,0,"[""56134226"", ""169964492"", ""176334578"", ""114282417"", ""87832508"", ""87716537"", ""100655375"", ""207968393"", ""199518094"", ""98834359""]"
none_subset,5,195103529,156583528,37,286,0,0,0,0,0,0,"[""164141851"", ""57914905"", ""115215869"", ""126574209"", ""40964362"", ""143865659"", ""98865638"", ""139391729"", ""122387028"", ""100563053""]"
none_subset,5,125632866,106707342,46,502,0,0,0,0,0,0,"[""172250706"", ""146029150"", ""182136657"", ""101304130"", ""171227152"", ""78094109"", ""69153615"", ""180829317"", ""143182122"", ""190224714""]"
none_subset,5,205169662,176761183,46,111,0,0,0,0,0,0,"[""142436010"", ""181020941"", ""133461188"", ""107277769"", ""205395255"", ""205208810"", ""125993794"", ""108934756"", ""171636556"", ""210829117""]"
none_subset,5,216362905,199422479,4,318,0,0,0,0,0,0,"[""191033158"", ""207097865"", ""158802196"", ""213127345"", ""209243592"", ""210643102"", ""189202376"", ""144435440"", ""210573149"", ""204860189""]"
none_subset,5,218660454,201505284,37,14,0,0,0,0,1,1,"[""141241455"", ""213471023"", ""146527115"", ""137062195"", ""185266696"", ""192163385"", ""209543868"", ""182489418"", ""185411714"", ""134046020""]"
none_subset,5,212773280,66287825,38,132,0,0,0,0,0,0,"[""180023471"", ""108033709"", ""31197704"", ""18107447"", ""179244626"", ""188214175"", ""148428740"", ""126393314"", ""132621870"", ""123821164""]"
none_subset,5,206924747,120111663,37,392,0,0,0,0,0,0,"[""187812442"", ""187609211"", ""193679263"", ""162200226"", ""152910319"", ""133924998"", ""204992307"", ""186179843"", ""212263607"", ""141382831""]"
none_subset,5,225321183,165942764,38,121,0,0,0,0,0,0,"[""169186989"", ""166298317"", ""172497242"", ""183272380"", ""205645402"", ""201315205"", ""126213900"", ""137516114"", ""107256101"", ""179000829""]"
none_subset,5,168804719,143552622,38,613,0,0,0,0,0,0,"[""155797305"", ""142190823"", ""205481720"", ""169820470"", ""207870282"", ""124508627"", ""155797300"", ""191737393"", ""200715695"", ""204806709""]"
none_subset,5,220290280,103551862,38,75,0,0,0,0,0,0,"[""62361505"", ""163646287"", ""82292513"", ""205623617"", ""120604620"", ""198468875"", ""138975231"", ""55877012"", ""92748634"", ""122407287""]"
none_subset,5,223264855,210449055,46,11,0,0,0,0,1,1,"[""150742725"", ""125568463"", ""213021213"", ""150950478"", ""134313611"", ""141231449"", ""205037941"", ""169602941"", ""208021339"", ""203161766""]"
none_subset,5,162360608,125993794,46,149,0,0,0,0,0,0,"[""98678440"", ""195577148"", ""61233280"", ""153488356"", ""108713383"", ""105169863"", ""201512197"", ""209050134"", ""82252188"", ""210837002""]"
none_subset,5,216831984,189625872,43,923,0,0,0,0,0,0,"[""209388269"", ""210037205"", ""202626349"", ""76057400"", ""155161450"", ""202632009"", ""184693526"", ""185851616"", ""201671217"", ""214348389""]"
none_subset,5,204045918,177005001,64,342,0,0,0,0,0,0,"[""213362681"", ""208220087"", ""208979760"", ""76132112"", ""206088529"", ""146149533"", ""193374698"", ""26395963"", ""172848022"", ""104389677""]"
none_subset,5,217726865,201428570,37,693,0,0,0,0,0,0,"[""203829614"", ""184357547"", ""99469380"", ""192227530"", ""174850296"", ""186646910"", ""142113211"", ""140618489"", ""208310489"", ""178236167""]"
none_subset,5,87463593,85383706,62,150,0,0,0,0,0,0,"[""10132068"", ""82871684"", ""152815967"", ""204737909"", ""199527738"", ""23907922"", ""106557292"", ""89381373"", ""74169769"", ""71186483""]"
none_subset,5,214117863,192935597,37,2035,0,0,0,0,0,0,"[""156440997"", ""156884960"", ""103057199"", ""185847475"", ""162095481"", ""99494874"", ""144682254"", ""170350787"", ""152140191"", ""107337648""]"
none_subset,5,224936983,213071251,4,1354,0,0,0,0,0,0,"[""16847694"", ""149095048"", ""173055109"", ""164940716"", ""199942377"", ""172890535"", ""144373105"", ""154031903"", ""120663751"", ""152028023""]"
none_subset,5,93603097,60362710,43,86,0,0,0,0,0,0,"[""189984269"", ""166752829"", ""101956556"", ""77390218"", ""104343956"", ""213553578"", ""158792208"", ""211601112"", ""166997029"", ""98179643""]"
none_subset,5,187597152,159511688,43,523,0,0,0,0,0,0,"[""159118897"", ""143679029"", ""192942930"", ""192085655"", ""108422106"", ""53650526"", ""128075960"", ""121114555"", ""171112521"", ""108194109""]"
none_subset,5,190851843,159310869,62,742,0,0,0,0,0,0,"[""192577715"", ""193241960"", ""151308081"", ""128579095"", ""156885677"", ""81927050"", ""129898062"", ""130642042"", ""207007802"", ""178836137""]"
none_subset,5,196105523,142410249,46,41,0,0,0,0,0,1,"[""192338677"", ""152527976"", ""157599774"", ""127609272"", ""93926902"", ""138971583"", ""204632637"", ""165354631"", ""209067761"", ""215006086""]"
none_subset,5,136725851,119103678,64,642,0,0,0,0,0,0,"[""127488797"", ""157380435"", ""106777734"", ""76186918"", ""209301044"", ""179987053"", ""143939537"", ""94467099"", ""209149616"", ""144366134""]"
none_subset,5,112847004,76325050,62,9,0,0,0,1,1,1,"[""183670981"", ""56951341"", ""95641166"", ""122004752"", ""122507339"", ""173383036"", ""57509321"", ""61834333"", ""76325050"", ""179030233""]"
none_subset,5,223800617,204625446,57,1345,0,0,0,0,0,0,"[""188014385"", ""157631247"", ""209731990"", ""169082227"", ""147692315"", ""179899121"", ""166146969"", ""206964493"", ""171161007"", ""210559925""]"
none_subset,5,207634709,173641656,4,198,0,0,0,0,0,0,"[""207566657"", ""137829612"", ""56998165"", ""214498383"", ""70897180"", ""49427839"", ""165105661"", ""144242589"", ""50065591"", ""112038369""]"
none_subset,5,143194372,105903674,62,393,0,0,0,0,0,0,"[""112414551"", ""161558485"", ""61854824"", ""66613547"", ""156564557"", ""209844093"", ""25260455"", ""178706930"", ""200582902"", ""194491562""]"
none_subset,5,223653635,137387134,38,355,0,0,0,0,0,0,"[""183564225"", ""140048877"", ""186767110"", ""113999751"", ""179286930"", ""174530040"", ""191640347"", ""68304286"", ""209347465"", ""81220432""]"
none_subset,5,200657214,172403921,64,403,0,0,0,0,0,0,"[""116423938"", ""202234647"", ""47134269"", ""204738388"", ""160686884"", ""167679113"", ""108386270"", ""122175441"", ""211109264"", ""212759587""]"
none_subset,5,216779292,190972176,37,687,0,0,0,0,0,0,"[""210502009"", ""131961169"", ""209349722"", ""191538851"", ""187735798"", ""194408004"", ""210226726"", ""191911000"", ""116930061"", ""158889960""]"
none_subset,5,182035821,128546016,46,305,0,0,0,0,0,0,"[""53654857"", ""169602941"", ""197720233"", ""209924661"", ""180541695"", ""168027657"", ""138969017"", ""203313787"", ""125545946"", ""169485140""]"
none_subset,5,194866551,212675214,4,326,0,0,0,0,0,0,"[""186229725"", ""131037236"", ""209144226"", ""169093964"", ""64487189"", ""207566657"", ""196120491"", ""195503105"", ""183365296"", ""103376883""]"
none_subset,5,225322419,170619898,46,61,0,0,0,0,0,0,"[""162507293"", ""172082320"", ""212429674"", ""150754478"", ""163043438"", ""138617659"", ""172681042"", ""120233208"", ""203677273"", ""191779940""]"
none_subset,5,201591559,165125789,37,361,0,0,0,0,0,0,"[""206528763"", ""208265418"", ""90697118"", ""69288982"", ""174854812"", ""50546747"", ""203977100"", ""181755826"", ""209207018"", ""200567894""]"
none_subset,5,141072966,123492526,43,37,0,0,0,0,0,1,"[""146898856"", ""147531803"", ""104255136"", ""76024222"", ""75839769"", ""160407494"", ""125934100"", ""146073359"", ""181167814"", ""165459644""]"
none_subset,5,224977889,179987053,64,304,0,0,0,0,0,0,"[""49185786"", ""203723833"", ""173622745"", ""184189116"", ""156077786"", ""154049018"", ""177968315"", ""173159881"", ""184399585"", ""126296430""]"
none_subset,5,156172606,127505414,46,434,0,0,0,0,0,0,"[""150742725"", ""181269509"", ""170958662"", ""213401003"", ""204015032"", ""162840624"", ""158884723"", ""201580248"", ""209817753"", ""60819283""]"
none_subset,5,215424098,197090565,4,39,0,0,0,0,0,1,"[""180843726"", ""154267881"", ""180074203"", ""193323154"", ""196161368"", ""188468393"", ""133070539"", ""195510728"", ""139342323"", ""65093674""]"
none_subset,5,216241505,178492296,64,475,0,0,0,0,0,0,"[""157333918"", ""12225897"", ""204360657"", ""83890055"", ""202169422"", ""191104169"", ""108526378"", ""193135598"", ""138115654"", ""151937589""]"
none_subset,5,219075657,210332530,64,1317,0,0,0,0,0,0,"[""178908431"", ""191452316"", ""181671018"", ""141327265"", ""115621700"", ""167740456"", ""208220087"", ""115580201"", ""128826000"", ""212293169""]"
none_subset,5,170744268,140986770,37,400,0,0,0,0,0,0,"[""158649481"", ""208265418"", ""194551250"", ""210586766"", ""73570785"", ""143766198"", ""192947279"", ""30218348"", ""91090509"", ""188742562""]"
none_subset,5,185559036,145311547,64,1,1,1,1,1,1,1,"[""145311547"", ""212572450"", ""206705882"", ""72224328"", ""165315994"", ""131413365"", ""181496296"", ""85531879"", ""141447890"", ""161400461""]"
none_subset,5,191927841,164310767,4,1595,0,0,0,0,0,0,"[""93467050"", ""77968334"", ""190075149"", ""56134226"", ""65093674"", ""186220965"", ""65093644"", ""198809896"", ""72626014"", ""139342323""]"
none_subset,5,186439481,147379276,37,1864,0,0,0,0,0,0,"[""196161045"", ""209208662"", ""81340320"", ""166280219"", ""208969575"", ""98128705"", ""177737543"", ""193407642"", ""199866100"", ""134901665""]"
none_subset,5,195896697,168959530,4,1336,0,0,0,0,0,0,"[""157367139"", ""186179720"", ""156370579"", ""88119764"", ""19130713"", ""149909385"", ""154946230"", ""213979278"", ""174770035"", ""146961197""]"
none_subset,5,180511197,143567150,57,57,0,0,0,0,0,0,"[""172961532"", ""198708422"", ""126159710"", ""135517724"", ""31932356"", ""100527593"", ""168026327"", ""117778876"", ""143972708"", ""114652398""]"
none_subset,5,216339481,124479122,38,103,0,0,0,0,0,0,"[""203319354"", ""133973101"", ""206039176"", ""204375245"", ""194296875"", ""167193773"", ""162768145"", ""14429541"", ""69921436"", ""211398537""]"
none_subset,5,212459275,190214362,37,17,0,0,0,0,1,1,"[""94672340"", ""165582044"", ""176300467"", ""212776036"", ""113225323"", ""187712911"", ""186270944"", ""111525161"", ""109707567"", ""102282269""]"
none_subset,5,178893444,124226339,38,155,0,0,0,0,0,0,"[""133935928"", ""202076969"", ""125546461"", ""139178008"", ""173658043"", ""191737393"", ""180907201"", ""145417944"", ""207314698"", ""140995196""]"
none_subset,5,216028097,148857953,4,580,0,0,0,0,0,0,"[""176566249"", ""152685161"", ""42368928"", ""185787629"", ""200206633"", ""179804262"", ""151009561"", ""118938903"", ""156901917"", ""44858664""]"
none_subset,5,217965214,194692490,64,229,0,0,0,0,0,0,"[""209791442"", ""65959521"", ""210451384"", ""211873793"", ""95477523"", ""117946057"", ""200003654"", ""131561726"", ""194771243"", ""66459509""]"
none_subset,5,194611756,157987350,37,174,0,0,0,0,0,0,"[""186828726"", ""182640683"", ""107367982"", ""212381569"", ""212381571"", ""192617496"", ""183693328"", ""188912090"", ""195908286"", ""173640245""]"
none_subset,5,216668373,177013550,57,448,0,0,0,0,0,0,"[""198176008"", ""132207298"", ""191511773"", ""132446211"", ""207373637"", ""209465166"", ""209740307"", ""193981972"", ""210561739"", ""210498921""]"
none_subset,5,208341500,177536477,64,519,0,0,0,0,0,0,"[""73787680"", ""62091212"", ""196328856"", ""186761660"", ""193134463"", ""153693903"", ""171259931"", ""134317021"", ""195738495"", ""195252134""]"
none_subset,5,210276311,165627910,43,154,0,0,0,0,0,0,"[""192942930"", ""193746203"", ""188954949"", ""168783197"", ""208309750"", ""170651164"", ""111061767"", ""193032214"", ""164527202"", ""165688631""]"
none_subset,5,194447304,167133568,4,6,0,0,0,1,1,1,"[""206285668"", ""207098872"", ""146144877"", ""204210360"", ""210519490"", ""167133568"", ""112914230"", ""140756132"", ""85958586"", ""202119489""]"
none_subset,5,151770127,132184275,4,1478,0,0,0,0,0,0,"[""165785804"", ""157092256"", ""208445219"", ""149665952"", ""185596367"", ""205698529"", ""113199812"", ""197428008"", ""141440077"", ""206276218""]"
none_subset,5,195984013,114925208,4,456,0,0,0,0,0,0,"[""154444351"", ""157092256"", ""150204940"", ""118938903"", ""87832508"", ""117660981"", ""170278372"", ""209243592"", ""153417658"", ""152685161""]"
none_subset,5,203521288,178501633,4,13,0,0,0,0,1,1,"[""214740980"", ""204134750"", ""169976903"", ""195893708"", ""202290969"", ""165467719"", ""212829195"", ""173717084"", ""191516714"", ""195475614""]"
none_subset,5,190187950,156774428,37,109,0,0,0,0,0,0,"[""194193597"", ""99194481"", ""209030923"", ""206483437"", ""126406153"", ""177756178"", ""77985083"", ""202308155"", ""205686823"", ""204827377""]"
none_subset,5,222464020,210880528,46,3,0,1,1,1,1,1,"[""209817753"", ""204759997"", ""210880528"", ""213291067"", ""204919891"", ""201461152"", ""206395045"", ""174884757"", ""172827091"", ""209947619""]"
none_subset,5,132565555,113657337,4,1583,0,0,0,0,0,0,"[""155621693"", ""174891772"", ""143548483"", ""189645323"", ""146168593"", ""153991203"", ""146131577"", ""117771611"", ""203890372"", ""191630851""]"
none_subset,5,207099433,169647353,38,4,0,0,1,1,1,1,"[""173793300"", ""52533378"", ""205645402"", ""169647353"", ""199927975"", ""111373874"", ""145998937"", ""151380711"", ""51821730"", ""165942764""]"
none_subset,5,118032060,106413750,57,554,0,0,0,0,0,0,"[""149224940"", ""173685075"", ""212788032"", ""85332654"", ""204632529"", ""208737490"", ""204790013"", ""209096131"", ""207554399"", ""203338221""]"
none_subset,5,140028642,122514493,38,88,0,0,0,0,0,0,"[""126393314"", ""44504337"", ""157657051"", ""174539147"", ""124479122"", ""154112696"", ""154107984"", ""204880845"", ""99912896"", ""169995762""]"
none_subset,5,211747663,189684704,43,360,0,0,0,0,0,0,"[""209546973"", ""196316257"", ""148264493"", ""196728731"", ""135871857"", ""196989595"", ""188733787"", ""192317105"", ""201355888"", ""195408710""]"
none_subset,5,208853510,2440794,4,62,0,0,0,0,0,0,"[""27693819"", ""197294044"", ""16813724"", ""190777127"", ""190079873"", ""208530280"", ""194212862"", ""73205799"", ""182361800"", ""151875588""]"
none_subset,5,119939603,77390218,43,17,0,0,0,0,1,1,"[""8324549"", ""184705867"", ""16113826"", ""83995528"", ""202567733"", ""101956556"", ""189791365"", ""166272408"", ""192268643"", ""214258455""]"
none_subset,5,224144877,212214175,64,1800,0,0,0,0,0,0,"[""67677743"", ""196347311"", ""86761543"", ""104389677"", ""162672027"", ""102162028"", ""68685146"", ""79071973"", ""19628845"", ""26075068""]"
none_subset,5,220795932,207846338,37,281,0,0,0,0,0,0,"[""191241938"", ""96256428"", ""173432313"", ""173499684"", ""194731784"", ""60964945"", ""163785036"", ""127620302"", ""76841920"", ""153367008""]"
none_subset,5,207732448,184091403,43,31,0,0,0,0,0,1,"[""192741559"", ""214348389"", ""192226046"", ""201905433"", ""202626349"", ""201535486"", ""166734753"", ""122714725"", ""177166442"", ""143671449""]"
none_subset,5,225336822,205907099,62,156,0,0,0,0,0,0,"[""192716019"", ""192458679"", ""73906788"", ""124884051"", ""203728936"", ""134917876"", ""118002181"", ""52020678"", ""194230267"", ""179977293""]"
none_subset,5,167882378,142219785,46,17,0,0,0,0,1,1,"[""202077303"", ""39277627"", ""52955195"", ""134160126"", ""203171500"", ""129879441"", ""186116554"", ""116218020"", ""215475381"", ""194136520""]"
none_subset,5,29106775,27258379,64,565,0,0,0,0,0,0,"[""206417241"", ""47134269"", ""127512781"", ""122175441"", ""138800320"", ""202234647"", ""59483816"", ""115580201"", ""119643934"", ""149715107""]"
none_subset,5,168893665,139920243,4,301,0,0,0,0,0,0,"[""176039610"", ""23408401"", ""188802396"", ""76515539"", ""98076075"", ""12396291"", ""177531279"", ""213275113"", ""167074809"", ""164130570""]"
none_subset,5,214253510,188912158,64,493,0,0,0,0,0,0,"[""211669271"", ""187325416"", ""144366134"", ""210901215"", ""194200854"", ""1923943"", ""197322277"", ""199186089"", ""196287148"", ""199310873""]"
none_subset,5,193591886,160455987,43,338,0,0,0,0,0,0,"[""126702260"", ""74830022"", ""159960194"", ""176776603"", ""169520509"", ""45817946"", ""146832585"", ""6516822"", ""89403432"", ""153967986""]"
none_subset,5,118161724,100748302,37,107,0,0,0,0,0,0,"[""191097659"", ""164415171"", ""151028514"", ""128025445"", ""137589893"", ""204790995"", ""79677704"", ""175934053"", ""207913496"", ""204499099""]"
none_subset,5,215011895,196161702,43,147,0,0,0,0,0,0,"[""201905433"", ""166734753"", ""184091403"", ""185851616"", ""182902299"", ""207732639"", ""198087076"", ""204412532"", ""209666551"", ""213483404""]"
none_subset,5,225316332,176647062,46,454,0,0,0,0,0,0,"[""102529512"", ""78570599"", ""167265746"", ""190912236"", ""211380085"", ""71898794"", ""151511658"", ""60967653"", ""214682235"", ""92306012""]"
none_subset,5,154511030,133334651,43,8,0,0,0,1,1,1,"[""205021454"", ""199927468"", ""204264183"", ""204361588"", ""209930245"", ""214336951"", ""169778182"", ""133334651"", ""158387518"", ""215684537""]"
none_subset,5,186598628,151356635,4,347,0,0,0,0,0,0,"[""146168593"", ""214521847"", ""76695262"", ""97942818"", ""171029402"", ""144264277"", ""202362364"", ""164284194"", ""72045166"", ""194814735""]"
none_subset,5,209211793,182918494,64,451,0,0,0,0,0,0,"[""80281524"", ""177536477"", ""63861102"", ""188599489"", ""181619566"", ""186850320"", ""148414231"", ""60046348"", ""177028452"", ""103416735""]"
none_subset,5,166776423,142659992,64,207,0,0,0,0,0,0,"[""192237530"", ""166141828"", ""110198506"", ""136116320"", ""187276264"", ""105928549"", ""208214699"", ""164183551"", ""182382634"", ""106833257""]"
none_subset,5,224931544,214491007,4,14,0,0,0,0,1,1,"[""191300394"", ""50763598"", ""161281171"", ""198281595"", ""191554056"", ""171818167"", ""213461075"", ""197859740"", ""199975894"", ""179805334""]"
none_subset,5,206806312,182744806,4,245,0,0,0,0,0,0,"[""213568542"", ""210573149"", ""136386916"", ""212086988"", ""108843981"", ""172642210"", ""210109068"", ""173641827"", ""182795835"", ""210273576""]"
none_subset,5,24220610,22753311,4,189,0,0,0,0,0,0,"[""9924656"", ""180266107"", ""25537887"", ""207935824"", ""156401201"", ""174141513"", ""73118528"", ""164756819"", ""161766916"", ""140770457""]"
none_subset,5,133160779,112758500,57,436,0,0,0,0,0,0,"[""207586868"", ""205139218"", ""210450439"", ""209330430"", ""117996544"", ""183152391"", ""170310110"", ""150809308"", ""143146395"", ""206515366""]"
none_subset,5,193221797,165852923,43,340,0,0,0,0,0,0,"[""180180313"", ""207752417"", ""210207733"", ""185138279"", ""137383220"", ""178871976"", ""149017403"", ""111723538"", ""142550589"", ""197429046""]"
none_subset,5,177455706,144724265,57,137,0,0,0,0,0,0,"[""107527374"", ""110306995"", ""86061978"", ""40488723"", ""199897240"", ""121902729"", ""205451286"", ""128122761"", ""39472658"", ""176835491""]"
none_subset,5,224446136,212848933,46,245,0,0,0,0,0,0,"[""202547061"", ""138326639"", ""197720233"", ""105064165"", ""207365064"", ""61233280"", ""136715816"", ""211871274"", ""171578170"", ""168394424""]"
none_subset,5,135791676,115841291,4,762,0,0,0,0,0,0,"[""143852845"", ""158175855"", ""200206633"", ""112871050"", ""156471159"", ""105607313"", ""143929940"", ""190067899"", ""24739010"", ""151009561""]"
none_subset,5,123883757,101956556,43,23,0,0,0,0,1,1,"[""35117971"", ""202367676"", ""142700536"", ""146413132"", ""171888747"", ""196562630"", ""189791365"", ""196069283"", ""192774637"", ""113898898""]"
none_subset,5,150059292,95211839,38,829,0,0,0,0,0,0,"[""192587307"", ""118383153"", ""81220432"", ""198984787"", ""66259210"", ""192721742"", ""69350726"", ""113999751"", ""98884535"", ""37745250""]"
none_subset,5,222911786,194208208,64,142,0,0,0,0,0,0,"[""194651505"", ""170912580"", ""200123633"", ""131561726"", ""91922866"", ""133192411"", ""117014804"", ""209791442"", ""173526297"", ""132691040""]"
none_subset,5,169390186,141820768,46,337,0,0,0,0,0,0,"[""111439009"", ""127741812"", ""138953275"", ""141206559"", ""36111005"", ""212456358"", ""205997591"", ""210433201"", ""132405690"", ""213006920""]"
none_subset,5,106211796,98301531,43,53,0,0,0,0,0,0,"[""100215754"", ""205576818"", ""129711936"", ""88376416"", ""160598030"", ""79844098"", ""98800023"", ""130556843"", ""206599153"", ""167265742""]"
none_subset,5,207822121,168368413,37,787,0,0,0,0,0,0,"[""161194648"", ""53074039"", ""103432765"", ""160929058"", ""179547907"", ""181542391"", ""192312279"", ""203680817"", ""127751465"", ""174037381""]"
none_subset,5,173952741,137448907,64,24,0,0,0,0,1,1,"[""128085943"", ""130896523"", ""198307794"", ""126785773"", ""85531879"", ""121442493"", ""71321175"", ""192498685"", ""184407904"", ""22329772""]"
none_subset,5,132397105,115405939,38,126,0,0,0,0,0,0,"[""70118559"", ""183174003"", ""169820470"", ""65478593"", ""145871617"", ""115023866"", ""117957932"", ""189799383"", ""103005464"", ""99753126""]"
none_subset,5,187845660,157944770,38,1321,0,0,0,0,0,0,"[""140048877"", ""110664117"", ""113999751"", ""68304286"", ""28399802"", ""139854868"", ""120618466"", ""207664747"", ""127539785"", ""171755799""]"
none_subset,5,73239570,76736407,43,319,0,0,0,0,0,0,"[""90355123"", ""67021588"", ""86370719"", ""1704333"", ""99992649"", ""74845533"", ""162819113"", ""72741345"", ""60674498"", ""4674477""]"
none_subset,5,112714474,47487946,4,45,0,0,0,0,0,1,"[""90543409"", ""176334578"", ""202360528"", ""142456567"", ""142085087"", ""181953251"", ""174327777"", ""64578501"", ""207628740"", ""88781085""]"
none_subset,5,41177759,35986236,62,327,0,0,0,0,0,0,"[""205954355"", ""167970913"", ""196129983"", ""182479029"", ""179030233"", ""97218462"", ""183214654"", ""130032376"", ""185077544"", ""191802528""]"
none_subset,5,215955530,196599979,38,1598,0,0,0,0,0,0,"[""169647353"", ""102259203"", ""67086891"", ""136204876"", ""145998937"", ""206862331"", ""190281265"", ""186215206"", ""113456040"", ""204925548""]"
none_subset,5,161642740,31677187,57,72,0,0,0,0,0,0,"[""14350598"", ""115422067"", ""75645739"", ""145912634"", ""99531049"", ""46337629"", ""110563932"", ""81688422"", ""152199865"", ""57499088""]"
none_subset,5,181662774,136435762,64,159,0,0,0,0,0,0,"[""152368817"", ""128607088"", ""167740456"", ""124198714"", ""187708913"", ""181619566"", ""181671018"", ""192392140"", ""179015555"", ""194941994""]"
none_subset,5,194698210,161492615,62,512,0,0,0,0,0,0,"[""27329790"", ""149610279"", ""155955578"", ""203439833"", ""167987583"", ""208436202"", ""200620813"", ""32798611"", ""197263222"", ""196037781""]"
none_subset,5,224551342,210587193,37,914,0,0,0,0,0,0,"[""138625062"", ""61710118"", ""144537637"", ""202331502"", ""202022086"", ""146869816"", ""153376485"", ""149216805"", ""126885701"", ""186590190""]"
none_subset,5,219551975,123336352,4,308,0,0,0,0,0,0,"[""179145991"", ""171159402"", ""161281171"", ""126042350"", ""215305148"", ""119997383"", ""203910236"", ""198281595"", ""208901976"", ""191300394""]"
none_subset,5,171938037,142067377,57,6,0,0,0,1,1,1,"[""171686923"", ""173370077"", ""52362364"", ""82721637"", ""166225948"", ""142067377"", ""158316894"", ""193318201"", ""146595840"", ""107833046""]"
none_subset,5,176837709,144751910,43,309,0,0,0,0,0,0,"[""207851646"", ""90355123"", ""191363897"", ""113898093"", ""159816013"", ""74845533"", ""118484592"", ""162819113"", ""182217673"", ""155678818""]"
none_subset,5,214259253,193951937,4,12,0,0,0,0,1,1,"[""164194074"", ""96054821"", ""22859510"", ""169468665"", ""211901995"", ""211608400"", ""47487946"", ""98076075"", ""214085481"", ""174186970""]"
none_subset,5,211203351,190161584,4,243,0,0,0,0,0,0,"[""188605425"", ""210484477"", ""189302306"", ""196026500"", ""190574356"", ""146764647"", ""180843726"", ""185107867"", ""201211887"", ""192877167""]"
none_subset,5,222583311,208856053,46,14,0,0,0,0,1,1,"[""210836917"", ""173832017"", ""187591614"", ""211441287"", ""203118933"", ""208306039"", ""212433966"", ""203677273"", ""172604491"", ""208224187""]"
none_subset,5,216702719,94195633,43,503,0,0,0,0,0,0,"[""153591399"", ""158541186"", ""123794534"", ""146413132"", ""155249274"", ""170809412"", ""192774637"", ""184649249"", ""78684229"", ""105238183""]"
none_subset,5,80321582,75263094,4,249,0,0,0,0,0,0,"[""146249483"", ""137001312"", ""210822020"", ""204285378"", ""199896638"", ""191209763"", ""143547772"", ""194022496"", ""76519929"", ""201211887""]"
none_subset,5,219184191,154897282,64,13,0,0,0,0,1,1,"[""146444401"", ""152189504"", ""200859322"", ""128607088"", ""173605646"", ""30343221"", ""184410319"", ""152368817"", ""167354299"", ""207446541""]"
none_subset,5,183176780,110198506,64,71,0,0,0,0,0,0,"[""211987351"", ""192179303"", ""48108527"", ""166141828"", ""83604987"", ""207152337"", ""185454425"", ""96431966"", ""152518752"", ""210901215""]"
none_subset,5,171056375,144654385,57,1120,0,0,0,0,0,0,"[""205233758"", ""158986246"", ""205076818"", ""203551786"", ""75578331"", ""164929949"", ""188457754"", ""131948569"", ""78647223"", ""135810804""]"
none_subset,5,211145215,65008311,64,333,0,0,0,0,0,0,"[""131569653"", ""212485762"", ""144281937"", ""98960696"", ""174340250"", ""152189504"", ""170213283"", ""81233438"", ""202253212"", ""164929670""]"
none_subset,5,143335274,124948775,64,153,0,0,0,0,0,0,"[""177496099"", ""151526168"", ""186850320"", ""201421429"", ""75760627"", ""58475692"", ""196347311"", ""159428920"", ""63861102"", ""87718318""]"
none_subset,5,210317700,167242346,43,60,0,0,0,0,0,0,"[""147117418"", ""146832585"", ""178810275"", ""201690715"", ""113199180"", ""210446436"", ""61372398"", ""141417624"", ""158391463"", ""185799642""]"
none_subset,5,125302687,110172598,46,39,0,0,0,0,0,1,"[""211382509"", ""136586472"", ""174623464"", ""72735856"", ""212992927"", ""204029234"", ""160547557"", ""135710902"", ""151203538"", ""214519972""]"
none_subset,5,197712540,167148116,62,1365,0,0,0,0,0,0,"[""201053460"", ""100338720"", ""129445274"", ""91139978"", ""76665110"", ""195540973"", ""108267461"", ""193353630"", ""74279773"", ""112460512""]"
none_subset,5,181405760,150670825,57,21,0,0,0,0,1,1,"[""176688451"", ""193211760"", ""141728487"", ""122751221"", ""164248569"", ""98712789"", ""115422067"", ""83933046"", ""46337629"", ""99531049""]"
none_subset,5,195131888,162230699,37,515,0,0,0,0,0,0,"[""186986472"", ""151964729"", ""184515969"", ""182875637"", ""120603675"", ""159657746"", ""100015328"", ""38725558"", ""118291817"", ""118347450""]"
none_subset,5,222357683,210741382,64,111,0,0,0,0,0,0,"[""199310873"", ""194200854"", ""197322277"", ""212267410"", ""211669271"", ""199186089"", ""200505701"", ""188379837"", ""200026497"", ""211115970""]"
none_subset,5,225334106,194687988,64,6,0,0,0,1,1,1,"[""174387123"", ""126296430"", ""70397289"", ""121294809"", ""156281163"", ""194687988"", ""151435657"", ""126904794"", ""63935560"", ""160006498""]"
none_subset,5,217966035,188236265,43,138,0,0,0,0,0,0,"[""148142665"", ""180844785"", ""195224828"", ""182583580"", ""185108178"", ""206730740"", ""146783647"", ""183765224"", ""182902299"", ""118399984""]"
none_subset,5,183894489,155062344,4,64,0,0,0,0,0,0,"[""143929940"", ""191461282"", ""156103241"", ""192473388"", ""149247164"", ""176566249"", ""183534248"", ""193729388"", ""126810749"", ""141212383""]"
none_subset,5,205157486,178025991,38,845,0,0,0,0,0,0,"[""193054363"", ""169995762"", ""187247098"", ""158102628"", ""207100353"", ""149637319"", ""183859423"", ""203967736"", ""181880655"", ""207600315""]"
none_subset,5,218060720,202888371,4,11,0,0,0,0,1,1,"[""105240256"", ""104293117"", ""166063106"", ""207143420"", ""200855615"", ""197294044"", ""207099729"", ""151875588"", ""73205799"", ""13245417""]"
none_subset,5,224066335,209924661,46,4,0,0,1,1,1,1,"[""61233280"", ""210829117"", ""81754384"", ""209924661"", ""207308677"", ""56920439"", ""107277769"", ""142436010"", ""100881714"", ""77257734""]"
none_subset,5,216604034,200072530,4,672,0,0,0,0,0,0,"[""210958855"", ""189645323"", ""183252412"", ""186900944"", ""196167891"", ""183828133"", ""191630851"", ""193843184"", ""188468725"", ""182183775""]"
none_subset,5,218016737,159848607,38,547,0,0,0,0,0,0,"[""58573176"", ""159013209"", ""124226339"", ""180533985"", ""166298317"", ""91197511"", ""137715155"", ""79223401"", ""89552272"", ""174709825""]"
none_subset,5,177566239,141237052,57,1163,0,0,0,0,0,0,"[""180302528"", ""178369063"", ""153321595"", ""205233758"", ""173797071"", ""178508676"", ""212895565"", ""180363453"", ""152200569"", ""135046482""]"
none_subset,5,191371158,163870082,38,943,0,0,0,0,0,0,"[""187319038"", ""132567182"", ""148419997"", ""204224738"", ""147686192"", ""184191073"", ""183904957"", ""91690080"", ""207664747"", ""96535503""]"
none_subset,5,216909918,188573311,57,1015,0,0,0,0,0,0,"[""194409455"", ""191497108"", ""181594395"", ""153321595"", ""121588049"", ""178508676"", ""207589156"", ""193699814"", ""107527615"", ""171331353""]"
none_subset,5,125376573,111118568,46,5,0,0,1,1,1,1,"[""174623464"", ""214351472"", ""135710902"", ""213744352"", ""111118568"", ""160547557"", ""180749212"", ""179347666"", ""129447301"", ""179855914""]"
none_subset,5,211984624,191257698,43,1334,0,0,0,0,0,0,"[""186098084"", ""150578488"", ""147077009"", ""211988888"", ""210778994"", ""198499155"", ""163838965"", ""163505137"", ""177067604"", ""89809066""]"
none_subset,5,221392704,184422473,64,19,0,0,0,0,1,1,"[""116423938"", ""212759587"", ""108386270"", ""160686884"", ""153035417"", ""157433716"", ""157000160"", ""170746635"", ""202234647"", ""157122738""]"
none_subset,5,136745457,33852949,43,21,0,0,0,0,1,1,"[""193313194"", ""210940174"", ""104265595"", ""143989763"", ""106625864"", ""167043645"", ""110840430"", ""37520314"", ""118255723"", ""185210911""]"
none_subset,5,220737012,181958298,64,488,0,0,0,0,0,0,"[""138115654"", ""110133798"", ""149731729"", ""179015555"", ""126785773"", ""152368057"", ""201270567"", ""18136094"", ""122024341"", ""190533052""]"
none_subset,5,221849722,209933189,64,175,0,0,0,0,0,0,"[""171898096"", ""211309611"", ""167849719"", ""209756225"", ""211171973"", ""191459593"", ""160442766"", ""68279782"", ""203051964"", ""171568733""]"
none_subset,5,217724128,188901420,43,1792,0,0,0,0,0,0,"[""184091403"", ""201671217"", ""201905433"", ""209666551"", ""190234147"", ""165285962"", ""213483404"", ""194288073"", ""207732639"", ""209286657""]"
none_subset,5,165441643,140335234,43,88,0,0,0,0,0,0,"[""130556843"", ""129711936"", ""88376416"", ""208645724"", ""142593193"", ""84074518"", ""107634006"", ""99565563"", ""165688631"", ""158387518""]"
none_subset,5,225238925,207720671,4,702,0,0,0,0,0,0,"[""181054833"", ""191033158"", ""195895955"", ""207097865"", ""182581077"", ""200030726"", ""119654700"", ""190503853"", ""200589143"", ""76519929""]"
none_subset,5,180492830,139771827,64,1487,0,0,0,0,0,0,"[""162799044"", ""150385215"", ""214883521"", ""191305321"", ""131561726"", ""165119390"", ""16466362"", ""31384056"", ""117014804"", ""151373996""]"
none_subset,5,204939461,176953234,43,387,0,0,0,0,0,0,"[""147179804"", ""126897696"", ""102607626"", ""201006052"", ""139780746"", ""7448774"", ""15015983"", ""59245151"", ""75859148"", ""146413132""]"
none_subset,5,182802597,152102790,37,547,0,0,0,0,0,0,"[""139290462"", ""164141851"", ""92247640"", ""143865659"", ""51749408"", ""213471023"", ""192163385"", ""139391729"", ""126767199"", ""144129822""]"
none_subset,5,211080371,190061959,57,35,0,0,0,0,0,1,"[""202223376"", ""182489530"", ""210969230"", ""174257554"", ""184945351"", ""202655316"", ""193981972"", ""166341343"", ""188990309"", ""201646967""]"
none_subset,5,219228373,193632638,4,406,0,0,0,0,0,0,"[""73118528"", ""169715410"", ""160100876"", ""206007161"", ""211664992"", ""206506678"", ""190228386"", ""141440077"", ""200198172"", ""156401201""]"
none_subset,5,215904390,197656203,37,533,0,0,0,0,0,0,"[""127620302"", ""174690214"", ""148238241"", ""190646486"", ""176300467"", ""204151797"", ""132867062"", ""136884669"", ""208575592"", ""207846338""]"
none_subset,5,60853867,58109729,64,41,0,0,0,0,0,1,"[""103416735"", ""35251424"", ""210273621"", ""166489955"", ""193135598"", ""128021063"", ""156194814"", ""78822097"", ""119000250"", ""186937016""]"
none_subset,5,216258569,199310873,64,7,0,0,0,1,1,1,"[""144366134"", ""198087057"", ""192579868"", ""202548043"", ""192779268"", ""169686121"", ""199310873"", ""148743441"", ""81869558"", ""188379837""]"
none_subset,5,208697129,156534875,57,1720,0,0,0,0,0,0,"[""128942017"", ""197135877"", ""140724590"", ""210786872"", ""207134458"", ""112749539"", ""195801582"", ""121596250"", ""181495263"", ""211768637""]"
none_subset,5,221332807,204074548,37,46,0,0,0,0,0,1,"[""186270944"", ""213850673"", ""192569315"", ""165582044"", ""151940120"", ""208199932"", ""183010273"", ""149266469"", ""111525161"", ""208585835""]"
none_subset,5,158468230,137553795,46,381,0,0,0,0,0,0,"[""186724430"", ""194138608"", ""186533601"", ""142410249"", ""178390731"", ""194491667"", ""194933430"", ""172681042"", ""194136520"", ""195996779""]"
none_subset,5,154712745,120183732,4,1126,0,0,0,0,0,0,"[""76515539"", ""177531279"", ""159922963"", ""213275113"", ""176039610"", ""23408401"", ""113779353"", ""83232103"", ""162653386"", ""163859971""]"
none_subset,5,195774572,147879067,4,144,0,0,0,0,0,0,"[""207935824"", ""105605834"", ""177486457"", ""180266107"", ""144811459"", ""190228386"", ""154444351"", ""206541953"", ""141440077"", ""169715410""]"
none_subset,5,59898931,62581454,64,34,0,0,0,0,0,1,"[""70397289"", ""155116255"", ""117946057"", ""193983183"", ""76676235"", ""121166403"", ""211959757"", ""55550671"", ""95187471"", ""186122058""]"
none_subset,5,155749420,122781311,64,618,0,0,0,0,0,0,"[""202527449"", ""88248087"", ""170746635"", ""213854988"", ""212225448"", ""19148525"", ""212759587"", ""78148654"", ""213697817"", ""136210244""]"
none_subset,5,47011899,40866643,43,1,1,1,1,1,1,1,"[""40866643"", ""158885545"", ""141087974"", ""91544773"", ""155733096"", ""191248601"", ""96489120"", ""63371049"", ""171665125"", ""136512962""]"
none_subset,5,220696295,177473283,38,148,0,0,0,0,0,0,"[""174530040"", ""120618466"", ""66259210"", ""95323314"", ""68304286"", ""63839835"", ""104042988"", ""132266859"", ""183401482"", ""179286930""]"
none_subset,5,194762119,166095870,64,8,0,0,0,1,1,1,"[""182501391"", ""209420100"", ""111685759"", ""181352764"", ""213914636"", ""146950533"", ""118955853"", ""166095870"", ""197129998"", ""156400594""]"
none_subset,5,190084968,175993606,43,543,0,0,0,0,0,0,"[""158885545"", ""106878932"", ""127664189"", ""152263616"", ""136512962"", ""126121357"", ""110717688"", ""201355888"", ""151940220"", ""213205211""]"
none_subset,5,217507926,201534877,43,102,0,0,0,0,0,0,"[""213430450"", ""196286515"", ""164252684"", ""189547099"", ""163551195"", ""136434782"", ""146988920"", ""201951948"", ""212992904"", ""136136174""]"
none_subset,5,187617614,159982314,64,163,0,0,0,0,0,0,"[""191710817"", ""81240114"", ""22329772"", ""156904369"", ""142231631"", ""182426229"", ""99916433"", ""157103060"", ""72224328"", ""144399371""]"
none_subset,5,223179145,190160674,38,2,0,1,1,1,1,1,"[""149755002"", ""190160674"", ""138353042"", ""103512626"", ""102891416"", ""123190192"", ""122392168"", ""204092180"", ""151333626"", ""153901522""]"
none_subset,5,220373799,206798127,64,173,0,0,0,0,0,0,"[""145311547"", ""210451384"", ""117946057"", ""213984446"", ""66459509"", ""91922866"", ""14286061"", ""58089957"", ""188610188"", ""65959521""]"
none_subset,5,223637559,212901239,62,72,0,0,0,0,0,0,"[""211070786"", ""191211417"", ""211808810"", ""204555441"", ""207609626"", ""212412503"", ""204577887"", ""149874064"", ""208719189"", ""198039882""]"
none_subset,5,19986897,10714728,64,363,0,0,0,0,0,0,"[""82453175"", ""31683521"", ""176297212"", ""72527056"", ""113850105"", ""146228800"", ""143686140"", ""155183786"", ""182762792"", ""67792301""]"
none_subset,5,63969546,67127804,38,62,0,0,0,0,0,0,"[""66259210"", ""118383153"", ""120618466"", ""174530040"", ""192992682"", ""69350726"", ""209258995"", ""186580987"", ""70118230"", ""25706087""]"
none_subset,5,221395948,195898137,64,19,0,0,0,0,1,1,"[""82453175"", ""159428920"", ""134904906"", ""111626622"", ""127253518"", ""58507091"", ""125019219"", ""75760627"", ""203319271"", ""167352271""]"
none_subset,5,198661128,155560065,62,383,0,0,0,0,0,0,"[""104986019"", ""182166337"", ""52577956"", ""79802279"", ""130664372"", ""138729090"", ""179977293"", ""86956608"", ""193242630"", ""76275548""]"
none_subset,5,199354315,173166016,46,582,0,0,0,0,0,0,"[""170393915"", ""138326639"", ""104127006"", ""79988383"", ""174666977"", ""163919581"", ""168693005"", ""169165853"", ""168220730"", ""163711006""]"
none_subset,5,204929841,67115226,64,515,0,0,0,0,0,0,"[""64566466"", ""121664928"", ""106247745"", ""131413365"", ""126992314"", ""143226636"", ""161581546"", ""87842481"", ""154412302"", ""99717427""]"
none_subset,5,199541886,172059519,57,577,0,0,0,0,0,0,"[""86061978"", ""110306995"", ""128942017"", ""195693404"", ""168026327"", ""62696356"", ""135517724"", ""53934345"", ""200892019"", ""112749539""]"
none_subset,5,120091890,104119068,38,916,0,0,0,0,0,0,"[""110664117"", ""214394715"", ""180023471"", ""31197704"", ""61517646"", ""8550716"", ""140048877"", ""68304286"", ""46419069"", ""213205324""]"
none_subset,5,219449591,203022989,46,43,0,0,0,0,0,1,"[""194951479"", ""204026475"", ""146029150"", ""157471709"", ""165583283"", ""102548981"", ""125554765"", ""171227152"", ""167525245"", ""86091554""]"
none_subset,5,209514176,119015902,64,719,0,0,0,0,0,0,"[""128217933"", ""187887134"", ""181671018"", ""32972743"", ""129093190"", ""194941994"", ""146789206"", ""191281696"", ""169059871"", ""192392140""]"
none_subset,5,222606760,211170774,4,3,0,1,1,1,1,1,"[""210721272"", ""165467719"", ""211170774"", ""188285916"", ""98076075"", ""213292202"", ""156855089"", ""102246788"", ""212013306"", ""187219867""]"
none_subset,5,214779256,192255903,37,368,0,0,0,0,0,0,"[""213471023"", ""195740726"", ""143865659"", ""180221400"", ""156606418"", ""188414894"", ""188994423"", ""154409188"", ""96028215"", ""119357902""]"
none_subset,5,63429749,67999092,43,97,0,0,0,0,0,0,"[""126702260"", ""106320447"", ""99992649"", ""188690647"", ""75824520"", ""127980051"", ""54164127"", ""60265144"", ""71896649"", ""191707492""]"
none_subset,5,223262607,212118908,62,81,0,0,0,0,0,0,"[""195783488"", ""211861394"", ""191982155"", ""178981280"", ""198384646"", ""141461627"", ""201240617"", ""203991892"", ""209939770"", ""14027620""]"
none_subset,5,223062012,19300541,64,54,0,0,0,0,0,0,"[""210516871"", ""124381822"", ""60291031"", ""139013046"", ""184412814"", ""210923456"", ""207537844"", ""165717472"", ""158680148"", ""209575498""]"
none_subset,5,220432170,207152337,64,62,0,0,0,0,0,0,"[""109614914"", ""164633014"", ""159166301"", ""73787680"", ""112345894"", ""152195416"", ""152603802"", ""181059548"", ""214575753"", ""62023014""]"
none_subset,5,153737395,111074216,43,597,0,0,0,0,0,0,"[""204609076"", ""164527202"", ""193746203"", ""192942930"", ""129866195"", ""149017403"", ""192910467"", ""197253083"", ""143190396"", ""164374132""]"
none_subset,5,194696163,167520346,37,21,0,0,0,0,1,1,"[""117685268"", ""167168119"", ""98865638"", ""214996997"", ""105162490"", ""192323302"", ""174160467"", ""206523566"", ""93501781"", ""202243857""]"
none_subset,5,200983608,172966334,46,1,1,1,1,1,1,1,"[""172966334"", ""178405632"", ""215506263"", ""212380449"", ""132671791"", ""169222678"", ""205545277"", ""206905678"", ""211989339"", ""206673825""]"
none_subset,5,189277523,155652617,37,951,0,0,0,0,0,0,"[""92247640"", ""192142184"", ""195740726"", ""114171070"", ""119357902"", ""147954913"", ""51138626"", ""117410846"", ""115668354"", ""121841349""]"
none_subset,5,183819308,75267159,38,102,0,0,0,0,0,0,"[""169186989"", ""136280716"", ""206990464"", ""204274207"", ""159155121"", ""203991000"", ""203712106"", ""73432323"", ""179000829"", ""48122067""]"
none_subset,5,210681464,75207324,62,359,0,0,0,0,0,0,"[""125173216"", ""145496839"", ""205137345"", ""213858568"", ""184547267"", ""73570160"", ""204455045"", ""127682307"", ""202245306"", ""172047615""]"
none_subset,5,186491148,158909023,43,557,0,0,0,0,0,0,"[""164527202"", ""193746203"", ""170651164"", ""192942930"", ""126618856"", ""205682935"", ""164374132"", ""188954949"", ""168783197"", ""177564619""]"
none_subset,5,154201548,133490841,38,803,0,0,0,0,0,0,"[""45579165"", ""31197704"", ""66287825"", ""74273124"", ""181880655"", ""186868507"", ""165955684"", ""20918033"", ""145865678"", ""182369007""]"
none_subset,5,195131076,156352803,62,1958,0,0,0,0,0,0,"[""149971080"", ""197008246"", ""192522899"", ""201240617"", ""134618566"", ""174518568"", ""112414551"", ""104093783"", ""193006708"", ""211861394""]"
none_subset,5,216519335,191134281,43,73,0,0,0,0,0,0,"[""211582481"", ""187215484"", ""210958988"", ""143611276"", ""156536547"", ""136773099"", ""198078019"", ""161006735"", ""89809066"", ""177067604""]"
none_subset,5,41044823,44855147,46,129,0,0,0,0,0,0,"[""152102459"", ""191705183"", ""99309357"", ""181810712"", ""150142821"", ""67021528"", ""201966464"", ""53500291"", ""126662251"", ""128072844""]"
none_subset,5,219470687,194555128,38,783,0,0,0,0,0,0,"[""38003672"", ""209239234"", ""193054363"", ""99753126"", ""133136953"", ""149637319"", ""207100353"", ""18107447"", ""181880655"", ""183569499""]"
none_subset,5,166718305,130215350,37,702,0,0,0,0,0,0,"[""143865659"", ""195740726"", ""51749408"", ""156606418"", ""190568516"", ""191931364"", ""208575799"", ""121206303"", ""165174023"", ""139290462""]"
none_subset,5,204251465,178340158,46,2046,0,0,0,0,0,0,"[""202547061"", ""197720233"", ""138326639"", ""125545946"", ""135605303"", ""136715816"", ""203313787"", ""204683450"", ""32498323"", ""209807293""]"
none_subset,5,81931046,44331632,4,2046,0,0,0,0,0,0,"[""128197551"", ""18444702"", ""87716537"", ""114282417"", ""56134226"", ""55380045"", ""177466971"", ""131039184"", ""168224067"", ""201066421""]"
none_subset,5,131319203,113130959,46,620,0,0,0,0,0,0,"[""109629224"", ""144964708"", ""102458661"", ""182917310"", ""78094109"", ""12880586"", ""203778148"", ""136992761"", ""205233162"", ""79166546""]"
none_subset,5,219931559,163474582,37,258,0,0,0,0,0,0,"[""139391729"", ""33066220"", ""144129822"", ""51981897"", ""53389573"", ""198753304"", ""90418462"", ""21423746"", ""100563053"", ""180764368""]"
none_subset,5,165243285,115621700,64,226,0,0,0,0,0,0,"[""181619566"", ""146444401"", ""167740456"", ""178416631"", ""199805267"", ""152189504"", ""145459533"", ""67144823"", ""18136094"", ""133870534""]"
none_subset,5,178539683,148170791,64,33,0,0,0,0,0,1,"[""32842438"", ""144073843"", ""105144259"", ""152603802"", ""146228800"", ""164633014"", ""48108527"", ""112345894"", ""158075100"", ""111626622""]"
none_subset,5,222658414,207485550,46,126,0,0,0,0,0,0,"[""133674182"", ""62458353"", ""139649558"", ""141876515"", ""117093898"", ""140208813"", ""134848823"", ""16339902"", ""158946684"", ""178111525""]"
none_subset,5,217352658,206437660,38,41,0,0,0,0,0,1,"[""166298317"", ""159013209"", ""79223401"", ""111431777"", ""172870064"", ""48122067"", ""170764066"", ""180533985"", ""210930251"", ""139117589""]"
none_subset,5,103718127,96028215,37,6,0,0,0,1,1,1,"[""152508279"", ""51138626"", ""121841349"", ""184320957"", ""92247640"", ""96028215"", ""192142184"", ""114171070"", ""89464961"", ""139290462""]"
none_subset,5,162456671,138969017,46,101,0,0,0,0,0,0,"[""215475381"", ""102458654"", ""53654857"", ""50445939"", ""129879441"", ""138179744"", ""165073004"", ""71898634"", ""58408382"", ""158115780""]"
none_subset,5,216674479,198492434,43,1304,0,0,0,0,0,0,"[""192383943"", ""46376130"", ""127006553"", ""207652935"", ""197607322"", ""54786988"", ""119064343"", ""214285576"", ""164476094"", ""109929805""]"
none_subset,5,139603810,111705025,64,77,0,0,0,0,0,0,"[""130875563"", ""31017779"", ""156792358"", ""95788322"", ""158680148"", ""91451711"", ""63897092"", ""82751027"", ""210923456"", ""193793367""]"
none_subset,5,221098990,208436202,62,73,0,0,0,0,0,0,"[""203449670"", ""201460182"", ""212118908"", ""133228837"", ""193966259"", ""205216281"", ""195510107"", ""192824674"", ""193404726"", ""163475721""]"
none_subset,5,211110760,190110099,38,341,0,0,0,0,0,0,"[""166558139"", ""149732635"", ""203702170"", ""20918033"", ""151607631"", ""209590588"", ""151217202"", ""139423294"", ""96535503"", ""182369007""]"
none_subset,5,180857019,123694454,62,733,0,0,0,0,0,0,"[""72763415"", ""147431302"", ""96606456"", ""69167066"", ""156487231"", ""156966977"", ""140609707"", ""125457528"", ""99563204"", ""144080444""]"
none_subset,5,219859647,195568098,38,201,0,0,0,0,0,0,"[""58573176"", ""139117589"", ""70662551"", ""210930251"", ""156481100"", ""98186259"", ""74162023"", ""159013209"", ""142911344"", ""194014911""]"
none_subset,5,198986504,172642297,4,391,0,0,0,0,0,0,"[""199777290"", ""213221072"", ""121290364"", ""210958855"", ""179532049"", ""138966111"", ""190594964"", ""129527350"", ""145583009"", ""123480831""]"
none_subset,5,30856844,29076426,57,183,0,0,0,0,0,0,"[""88411977"", ""82074015"", ""158659146"", ""178650612"", ""75778769"", ""190891048"", ""100527593"", ""89118059"", ""209989181"", ""149204965""]"
none_subset,5,165345006,112030355,4,283,0,0,0,0,0,0,"[""212819052"", ""178104667"", ""214085481"", ""210309601"", ""205463044"", ""188285916"", ""205217227"", ""203466268"", ""201066059"", ""212457708""]"
none_subset,5,182336608,152542463,4,77,0,0,0,0,0,0,"[""133755220"", ""151009561"", ""184628720"", ""158175855"", ""113622434"", ""156471159"", ""188173628"", ""62938611"", ""185787629"", ""54212504""]"
none_subset,5,186098484,136188138,43,182,0,0,0,0,0,0,"[""160598030"", ""156395019"", ""137771001"", ""162644598"", ""198125462"", ""210273616"", ""39026970"", ""177260407"", ""154676816"", ""57750732""]"
none_subset,5,179980581,151344613,46,178,0,0,0,0,0,0,"[""141876515"", ""126613385"", ""133674182"", ""31105163"", ""155017018"", ""193559506"", ""105106630"", ""165756140"", ""139649558"", ""206303291""]"
none_subset,5,211355631,184293865,37,1861,0,0,0,0,0,0,"[""211802210"", ""207544886"", ""210226726"", ""201649016"", ""191911000"", ""190788965"", ""190172991"", ""187719393"", ""187543270"", ""211094404""]"
none_subset,5,161242216,132026257,37,684,0,0,0,0,0,0,"[""53074039"", ""131057179"", ""122714440"", ""185120881"", ""179547907"", ""127751465"", ""193943543"", ""180713169"", ""167092117"", ""50482792""]"
none_subset,5,190560020,142502266,43,600,0,0,0,0,0,0,"[""76736407"", ""54249020"", ""174826827"", ""162596591"", ""114474320"", ""4674477"", ""92847015"", ""67021588"", ""207597374"", ""101683090""]"
none_subset,5,69113424,60246968,57,1215,0,0,0,0,0,0,"[""194409455"", ""86791172"", ""151450966"", ""203753560"", ""159460873"", ""154843596"", ""121588049"", ""175340511"", ""181594395"", ""97187105""]"
none_subset,5,185411772,156513351,37,508,0,0,0,0,0,0,"[""192163385"", ""213471023"", ""141241455"", ""134046020"", ""146527115"", ""139290462"", ""137062195"", ""191294127"", ""167814691"", ""186793836""]"
none_subset,5,202861496,177515764,57,48,0,0,0,0,0,1,"[""195530341"", ""209082310"", ""195095588"", ""211155533"", ""212470393"", ""198700939"", ""195530334"", ""172994991"", ""213974986"", ""179059502""]"
none_subset,5,176803150,143477720,57,491,0,0,0,0,0,0,"[""31932356"", ""183993242"", ""184690297"", ""59115303"", ""159881542"", ""143701254"", ""192963179"", ""110306995"", ""114861890"", ""79824332""]"
none_subset,5,150385859,123931108,37,406,0,0,0,0,0,0,"[""138291906"", ""200025016"", ""197580749"", ""93714502"", ""126929630"", ""103057199"", ""162095481"", ""209208662"", ""183923787"", ""166280219""]"
none_subset,5,216868287,192721742,38,687,0,0,0,0,0,0,"[""192992682"", ""89552272"", ""153387624"", ""212067848"", ""45759986"", ""149343290"", ""138613562"", ""160458687"", ""192191594"", ""136445502""]"
none_subset,5,174350883,132691040,64,343,0,0,0,0,0,0,"[""121756376"", ""67792301"", ""73923102"", ""82453175"", ""124381822"", ""181057790"", ""19492405"", ""72527056"", ""202708847"", ""31683521""]"
none_subset,5,185800330,154928608,4,31,0,0,0,0,0,1,"[""65093674"", ""77968334"", ""56134226"", ""177466971"", ""146961197"", ""42368928"", ""137934343"", ""154267881"", ""72626014"", ""88119764""]"
none_subset,5,223830881,212907091,37,89,0,0,0,0,0,0,"[""118848444"", ""156905299"", ""212356952"", ""186464825"", ""209172335"", ""194588561"", ""190511714"", ""173981806"", ""184297463"", ""33563950""]"
none_subset,5,175129233,148649464,4,349,0,0,0,0,0,0,"[""146961197"", ""192757426"", ""169697872"", ""152685161"", ""44858664"", ""65093674"", ""154267881"", ""202002064"", ""123881493"", ""56134226""]"
none_subset,5,166787151,141175087,4,284,0,0,0,0,0,0,"[""144251877"", ""42043129"", ""157367139"", ""156471159"", ""187098404"", ""190830943"", ""174770035"", ""86774130"", ""178305613"", ""180940683""]"
none_subset,5,178702003,145336514,37,342,0,0,0,0,0,0,"[""201869799"", ""150612100"", ""194551250"", ""193943543"", ""173613850"", ""143161006"", ""158649481"", ""141305284"", ""197393743"", ""161147605""]"
none_subset,5,223621349,211355598,43,2807,0,0,0,0,0,0,"[""182010866"", ""110104374"", ""207021897"", ""127979191"", ""147836645"", ""74171647"", ""187717589"", ""201598381"", ""55355667"", ""198489911""]"
none_subset,5,132618727,115580201,64,194,0,0,0,0,0,0,"[""119531435"", ""190174399"", ""78822097"", ""156194814"", ""209427345"", ""147860105"", ""212170326"", ""153266976"", ""211861347"", ""190167812""]"
none_subset,5,215754265,193134463,64,305,0,0,0,0,0,0,"[""147984435"", ""62313025"", ""107682837"", ""201301937"", ""160008395"", ""101587118"", ""167158322"", ""146630451"", ""24351090"", ""153356810""]"
none_subset,5,215206264,183024716,38,121,0,0,0,0,0,0,"[""191768974"", ""174919483"", ""189745383"", ""168644115"", ""93923477"", ""19105395"", ""69722104"", ""181551206"", ""68644542"", ""188178632""]"
none_subset,5,54901010,62313025,64,545,0,0,0,0,0,0,"[""107055611"", ""147982801"", ""104135674"", ""128826000"", ""115580201"", ""17102158"", ""196347311"", ""193298062"", ""24351090"", ""56995363""]"
none_subset,5,207186479,182569606,64,1104,0,0,0,0,0,0,"[""156077786"", ""209149616"", ""179200790"", ""178702656"", ""146495081"", ""209301044"", ""136401281"", ""169151974"", ""151937269"", ""177968315""]"
none_subset,5,217527501,201852288,43,131,0,0,0,0,0,0,"[""201905433"", ""184091403"", ""207732639"", ""201671217"", ""209286657"", ""190234147"", ""213483404"", ""198087076"", ""209666551"", ""143795279""]"
none_subset,5,95134984,91338793,64,254,0,0,0,0,0,0,"[""32842438"", ""48108527"", ""70627695"", ""146228800"", ""158075100"", ""105144259"", ""111626622"", ""152603802"", ""144073843"", ""67792301""]"
none_subset,5,222248279,132097649,64,433,0,0,0,0,0,0,"[""181619566"", ""194094670"", ""103416735"", ""138115654"", ""179201033"", ""170931595"", ""60032340"", ""148414231"", ""138800320"", ""80281524""]"
none_subset,5,224932111,213377880,37,1482,0,0,0,0,0,0,"[""203900707"", ""195379499"", ""130806896"", ""205465612"", ""166388322"", ""160553641"", ""211380775"", ""170992936"", ""166772714"", ""212621102""]"
none_subset,5,200099867,171331353,57,33,0,0,0,0,0,1,"[""209048371"", ""180363453"", ""196862481"", ""193699814"", ""143670064"", ""209125579"", ""107527615"", ""206964493"", ""191497108"", ""178508676""]"
none_subset,5,28890480,29496516,37,6,0,0,0,1,1,1,"[""105224939"", ""66740441"", ""5322119"", ""21114364"", ""173034966"", ""29496516"", ""100015328"", ""96489539"", ""66495486"", ""145609273""]"
none_subset,5,188485991,129428290,57,1417,0,0,0,0,0,0,"[""183993242"", ""107527374"", ""170453821"", ""184690297"", ""86061978"", ""110306995"", ""172961532"", ""139164571"", ""165637321"", ""210849421""]"
none_subset,5,223990067,213503390,46,123,0,0,0,0,0,0,"[""212730825"", ""208503568"", ""210582711"", ""168791195"", ""207227762"", ""78183845"", ""198204190"", ""205297053"", ""97705257"", ""170881830""]"
none_subset,5,220766414,204899704,46,318,0,0,0,0,0,0,"[""212384469"", ""214351472"", ""179347666"", ""210780225"", ""213247950"", ""211677891"", ""205043973"", ""195079694"", ""110716703"", ""171636556""]"
none_subset,5,105428378,101799122,57,403,0,0,0,0,0,0,"[""121902729"", ""31932356"", ""107527374"", ""184690297"", ""100527593"", ""110306995"", ""172961532"", ""115438401"", ""39472658"", ""183993242""]"
none_subset,5,221415344,206210969,38,56,0,0,0,0,0,0,"[""193532212"", ""187386200"", ""100749834"", ""188326498"", ""99816295"", ""171180851"", ""205465606"", ""204880845"", ""180059769"", ""201835961""]"
none_subset,5,174122963,115645977,43,13,0,0,0,0,1,1,"[""90355123"", ""67021588"", ""126121357"", ""102691911"", ""99992649"", ""73201099"", ""112320644"", ""162819113"", ""159816013"", ""113898093""]"
none_subset,5,180994473,153013889,43,82,0,0,0,0,0,0,"[""201991192"", ""181955635"", ""147117418"", ""204207508"", ""158276305"", ""134678718"", ""33852949"", ""75083855"", ""139515611"", ""200715227""]"
none_subset,5,219023019,201216088,37,200,0,0,0,0,0,0,"[""127955533"", ""180869206"", ""188083340"", ""99092830"", ""133924998"", ""204992307"", ""109845272"", ""199643627"", ""104577943"", ""140688222""]"
none_subset,5,148926185,126213900,38,628,0,0,0,0,0,0,"[""113999751"", ""207664747"", ""69350726"", ""149343290"", ""209258995"", ""192992682"", ""192596276"", ""183564225"", ""209803175"", ""120618466""]"
none_subset,5,225186543,209306349,64,47,0,0,0,0,0,1,"[""153434885"", ""86007149"", ""196928465"", ""165850806"", ""194022915"", ""211171973"", ""214502849"", ""209956836"", ""212258528"", ""209756225""]"
none_subset,5,194448536,162425061,57,331,0,0,0,0,0,0,"[""208224412"", ""188257821"", ""193318201"", ""212461400"", ""86699063"", ""207541431"", ""49533219"", ""52362364"", ""146715052"", ""212070968""]"
none_subset,5,110404311,101244088,46,259,0,0,0,0,0,0,"[""102529512"", ""211380085"", ""208035235"", ""176661515"", ""71898794"", ""138620481"", ""82040536"", ""152639248"", ""204633518"", ""75379104""]"
none_subset,5,213287532,188810102,62,13,0,0,0,0,1,1,"[""191098407"", ""193710073"", ""138113883"", ""156283424"", ""62985633"", ""104128337"", ""59702181"", ""213827571"", ""146533271"", ""168941268""]"
none_subset,5,209411379,186938336,64,601,0,0,0,0,0,0,"[""196287148"", ""192179303"", ""144366134"", ""196368507"", ""199310873"", ""187325416"", ""192611577"", ""210110340"", ""200505701"", ""200027492""]"
none_subset,5,213286958,185138279,43,67,0,0,0,0,0,0,"[""160598030"", ""153567645"", ""208345597"", ""154676816"", ""193746203"", ""166344121"", ""170651164"", ""183640029"", ""139961406"", ""125536521""]"
none_subset,5,152709066,131869463,62,19,0,0,0,0,1,1,"[""167656283"", ""161194868"", ""144314189"", ""200271479"", ""124884051"", ""110895997"", ""146855578"", ""109144733"", ""144402794"", ""183222767""]"
none_subset,5,157276690,134021529,46,695,0,0,0,0,0,0,"[""67021528"", ""12880586"", ""78570599"", ""99309357"", ""150142821"", ""113869306"", ""203329657"", ""190912236"", ""80195905"", ""105301005""]"
none_subset,5,182936009,151046652,57,546,0,0,0,0,0,0,"[""82721637"", ""84085908"", ""188257821"", ""207070552"", ""139818390"", ""195366615"", ""164678159"", ""214819488"", ""136288842"", ""175877174""]"
none_subset,5,146826278,101892709,43,304,0,0,0,0,0,0,"[""89479859"", ""147992742"", ""172848378"", ""124514494"", ""211382244"", ""125047033"", ""180987149"", ""116962789"", ""116753996"", ""201313674""]"
none_subset,5,219724252,198719196,4,1104,0,0,0,0,0,0,"[""194898252"", ""189148609"", ""212936171"", ""157040034"", ""142381741"", ""194377968"", ""144995106"", ""193858344"", ""179585446"", ""183433217""]"
none_subset,5,205945839,96363827,38,374,0,0,0,0,0,0,"[""66259210"", ""113456040"", ""69350726"", ""174530040"", ""25706087"", ""124508627"", ""47432873"", ""186579044"", ""179876069"", ""76978137""]"
none_subset,5,191508297,162694671,37,49,0,0,0,0,0,1,"[""138625062"", ""61710118"", ""146869816"", ""211944194"", ""153376485"", ""143779416"", ""80627031"", ""207322915"", ""149216805"", ""205195417""]"
none_subset,5,174344547,145130578,43,1347,0,0,0,0,0,0,"[""61372398"", ""183029564"", ""144463129"", ""194521791"", ""113199180"", ""158391463"", ""181955635"", ""178810275"", ""73260900"", ""64791460""]"
none_subset,5,179853491,142381741,4,17,0,0,0,0,1,1,"[""183642706"", ""87832508"", ""137934343"", ""93223478"", ""209670193"", ""100007550"", ""152685161"", ""179258061"", ""67564757"", ""183725729""]"
none_subset,5,224307001,214059340,57,26,0,0,0,0,1,1,"[""211301569"", ""180818083"", ""201206057"", ""195531799"", ""195530341"", ""195501205"", ""212489788"", ""195530369"", ""183614539"", ""202650435""]"
none_subset,5,131744929,109194953,4,294,0,0,0,0,0,0,"[""122581991"", ""105544053"", ""206172053"", ""13245417"", ""195539587"", ""187502252"", ""197341708"", ""197294044"", ""73205799"", ""196729567""]"
none_subset,5,194577455,160559989,43,92,0,0,0,0,0,0,"[""208345597"", ""188380361"", ""193746203"", ""208309750"", ""194880726"", ""143190396"", ""200392561"", ""207051663"", ""164374132"", ""192942930""]"
none_subset,5,223281383,211309611,64,172,0,0,0,0,0,0,"[""105928549"", ""98518695"", ""183047062"", ""164183551"", ""102928739"", ""139013046"", ""110198506"", ""142659992"", ""153896185"", ""209575498""]"
none_subset,5,81025493,78954752,4,820,0,0,0,0,0,0,"[""158546701"", ""208445219"", ""183754777"", ""125970295"", ""187502252"", ""105544053"", ""165785804"", ""206276218"", ""122581991"", ""196729567""]"
none_subset,5,209724916,131953748,46,75,0,0,0,0,0,0,"[""127947793"", ""184646371"", ""193074174"", ""146029150"", ""61098000"", ""103441022"", ""208493172"", ""197415730"", ""156263625"", ""167383627""]"
none_subset,5,166799764,141153033,4,1119,0,0,0,0,0,0,"[""116662369"", ""143852845"", ""156103241"", ""143929940"", ""159150083"", ""72044288"", ""117471262"", ""190067899"", ""138975756"", ""200206633""]"
none_subset,5,217143516,199067357,4,717,0,0,0,0,0,0,"[""160501086"", ""153069902"", ""185967985"", ""123481544"", ""55380045"", ""180954842"", ""181288745"", ""149264383"", ""132138279"", ""205789625""]"
none_subset,5,215629653,191815855,4,894,0,0,0,0,0,0,"[""192717783"", ""77682387"", ""202360528"", ""177466971"", ""156469871"", ""142085087"", ""197547141"", ""207098068"", ""158581056"", ""202167018""]"
none_subset,5,221840866,207035411,46,631,0,0,0,0,0,0,"[""180299995"", ""210734819"", ""207127154"", ""202137925"", ""198221243"", ""208805779"", ""214251597"", ""204484014"", ""209764015"", ""144865911""]"
none_subset,5,223496408,204100209,62,12,0,0,0,0,1,1,"[""161194868"", ""201108158"", ""141590566"", ""67295737"", ""91550082"", ""148423515"", ""134905481"", ""207078341"", ""110895997"", ""193241960""]"
none_subset,5,151221306,131867164,57,96,0,0,0,0,0,0,"[""211014025"", ""157758093"", ""80684151"", ""82074015"", ""168418714"", ""165578490"", ""211400926"", ""156161422"", ""102488247"", ""103100336""]"
none_subset,5,223907782,204531248,62,527,0,0,0,0,0,0,"[""202245306"", ""160871092"", ""92982052"", ""188361417"", ""193966259"", ""156814814"", ""86295030"", ""207280732"", ""168348573"", ""116760242""]"
none_subset,5,210576586,188709100,38,1401,0,0,0,0,0,0,"[""182369007"", ""169136130"", ""193591162"", ""200734713"", ""130737214"", ""209590588"", ""206728210"", ""66287825"", ""209925991"", ""20918033""]"
none_subset,5,182446210,153170090,43,1508,0,0,0,0,0,0,"[""183640029"", ""180180313"", ""164374132"", ""115857968"", ""106164509"", ""137383220"", ""185138279"", ""108317078"", ""192559614"", ""207752417""]"
none_subset,5,171268684,141590566,62,36,0,0,0,0,0,1,"[""120041482"", ""161194868"", ""134917876"", ""192458679"", ""169027396"", ""160586788"", ""109144733"", ""124884051"", ""126765444"", ""200271479""]"
none_subset,5,201550239,171788248,57,1200,0,0,0,0,0,0,"[""203157936"", ""172017798"", ""205695720"", ""210816632"", ""197765268"", ""127821311"", ""215562071"", ""179083943"", ""130568371"", ""212223973""]"
none_subset,5,58459746,65096709,62,265,0,0,0,0,0,0,"[""10132068"", ""23907922"", ""67894406"", ""71815215"", ""53450905"", ""188161421"", ""74169769"", ""150920608"", ""136204771"", ""80991195""]"
none_subset,5,191502224,160114101,38,122,0,0,0,0,0,0,"[""204880845"", ""180386955"", ""159333154"", ""157657051"", ""207664747"", ""69350726"", ""150802146"", ""66334917"", ""149382787"", ""140979774""]"
none_subset,5,215786893,196347311,64,160,0,0,0,0,0,0,"[""147984435"", ""144339648"", ""193983183"", ""182450870"", ""94863968"", ""107682837"", ""101587118"", ""191629980"", ""187033175"", ""181705179""]"
none_subset,5,176901511,151937589,64,18,0,0,0,0,1,1,"[""69885765"", ""149734769"", ""85531879"", ""198307794"", ""126785773"", ""79121811"", ""194095205"", ""205317332"", ""121442493"", ""183987662""]"
none_subset,5,220693395,207534566,4,284,0,0,0,0,0,0,"[""182903930"", ""206289183"", ""17083624"", ""206281257"", ""206010093"", ""207099785"", ""184090522"", ""194689928"", ""193871241"", ""177338367""]"
none_subset,5,26646043,20739628,64,227,0,0,0,0,0,0,"[""98571285"", ""149002642"", ""63404553"", ""75760627"", ""168668432"", ""144339648"", ""181447269"", ""127253518"", ""113590277"", ""125019219""]"
none_subset,5,166363190,122642468,64,823,0,0,0,0,0,0,"[""117946057"", ""150385215"", ""97352989"", ""156281163"", ""211889089"", ""155116255"", ""174387123"", ""186122058"", ""181214144"", ""121166403""]"
none_subset,5,180913838,145507220,4,727,0,0,0,0,0,0,"[""199780246"", ""160037231"", ""153223626"", ""154031903"", ""191695909"", ""115442302"", ""195575833"", ""117781364"", ""153111279"", ""199942377""]"
none_subset,5,221849552,184639387,64,293,0,0,0,0,0,0,"[""103416735"", ""181619566"", ""170931595"", ""87964225"", ""145459533"", ""67144823"", ""82429709"", ""147497927"", ""43476772"", ""158889653""]"
none_subset,5,129643095,111866530,57,200,0,0,0,0,0,0,"[""46337629"", ""98712789"", ""174118568"", ""14350598"", ""145872351"", ""166910126"", ""37397887"", ""134704180"", ""115422067"", ""57499088""]"
none_subset,5,123692026,65832173,64,8,0,0,0,1,1,1,"[""65008714"", ""159988781"", ""208465437"", ""138798142"", ""154324585"", ""152762249"", ""70607335"", ""65832173"", ""151045678"", ""97352989""]"
none_subset,5,47095992,70310902,37,3,0,1,1,1,1,1,"[""105224939"", ""145609273"", ""70310902"", ""5322119"", ""53410176"", ""183578088"", ""66495486"", ""40240729"", ""187819119"", ""156583528""]"
none_subset,5,212545186,194446742,4,56,0,0,0,0,0,0,"[""143929940"", ""149095048"", ""156103241"", ""63004444"", ""119106930"", ""144373105"", ""149247164"", ""120663751"", ""191461282"", ""200963901""]"
none_subset,5,20049595,18153773,37,54,0,0,0,0,0,0,"[""115215869"", ""126574209"", ""105274553"", ""53410176"", ""118291817"", ""213026576"", ""71957357"", ""139391729"", ""164141851"", ""70310902""]"
none_subset,5,211951900,191630426,64,200,0,0,0,0,0,0,"[""200505701"", ""199186089"", ""196286726"", ""211115970"", ""192779268"", ""187138250"", ""200027492"", ""211889722"", ""206133696"", ""212092681""]"
none_subset,5,193988041,163314736,43,781,0,0,0,0,0,0,"[""201598381"", ""49537271"", ""103982740"", ""138812364"", ""146894509"", ""154078226"", ""211310787"", ""207016056"", ""129585321"", ""198489911""]"
none_subset,5,189018141,157268947,43,469,0,0,0,0,0,0,"[""207851646"", ""189490489"", ""201355888"", ""195240617"", ""182217673"", ""113898093"", ""191363897"", ""96489120"", ""195829200"", ""162142216""]"
none_subset,5,198536720,168688083,64,1333,0,0,0,0,0,0,"[""89221384"", ""63832007"", ""79071973"", ""171180641"", ""68685146"", ""92209648"", ""21359328"", ""165757550"", ""178908431"", ""164570501""]"
none_subset,5,39420718,42815985,38,2247,0,0,0,0,0,0,"[""69350726"", ""173793300"", ""207422358"", ""169647353"", ""205645402"", ""209258995"", ""96549387"", ""123704552"", ""209803175"", ""167844311""]"
none_subset,5,101593746,88532160,4,9,0,0,0,1,1,1,"[""146628629"", ""87716537"", ""179909533"", ""77770612"", ""176334578"", ""141989738"", ""55380045"", ""190013445"", ""88532160"", ""87832508""]"
none_subset,5,210240448,188473910,57,45,0,0,0,0,0,1,"[""193741544"", ""197135877"", ""211768637"", ""213406997"", ""192623892"", ""97187105"", ""36514535"", ""202358315"", ""201814707"", ""210561069""]"
none_subset,5,59269594,64181476,62,90,0,0,0,0,0,0,"[""208335318"", ""174963383"", ""186943676"", ""22012660"", ""101066716"", ""77177472"", ""117006578"", ""150060889"", ""72763415"", ""96606456""]"
none_subset,5,185808450,157995027,43,879,0,0,0,0,0,0,"[""127047625"", ""144080652"", ""204449585"", ""165082890"", ""126702260"", ""78343862"", ""162819113"", ""61372398"", ""192784424"", ""75859148""]"
none_subset,5,168013738,132434051,46,232,0,0,0,0,0,0,"[""203456171"", ""136576031"", ""202089453"", ""82260371"", ""77329979"", ""164953659"", ""202794672"", ""174074948"", ""113230194"", ""205762987""]"
none_subset,5,217270369,200715240,46,66,0,0,0,0,0,0,"[""153408319"", ""201966464"", ""113869306"", ""152102459"", ""99309357"", ""80195905"", ""67021528"", ""191705183"", ""150142821"", ""183140735""]"
none_subset,5,223547310,203973211,37,35,0,0,0,0,0,1,"[""157628611"", ""190113798"", ""134990529"", ""156943771"", ""25189123"", ""150778048"", ""133774120"", ""147751334"", ""143141169"", ""186429778""]"
none_subset,5,212318389,142667925,43,303,0,0,0,0,0,0,"[""201671217"", ""184091403"", ""178271380"", ""194288073"", ""202227389"", ""157129302"", ""206730740"", ""165285962"", ""195224828"", ""182902299""]"
none_subset,5,177324952,148973040,37,1910,0,0,0,0,0,0,"[""173034966"", ""12185913"", ""65802140"", ""147023317"", ""158117230"", ""66064117"", ""138306490"", ""66740441"", ""93396423"", ""66495486""]"
none_subset,5,211611744,186868435,37,794,0,0,0,0,0,0,"[""40661702"", ""133173167"", ""180869206"", ""143835093"", ""174101148"", ""152170362"", ""190568516"", ""167262748"", ""89630035"", ""215484131""]"
none_subset,5,218795412,202803035,38,85,0,0,0,0,0,0,"[""207244739"", ""163524272"", ""37709032"", ""111085092"", ""182333897"", ""145871617"", ""183494377"", ""150792406"", ""91690080"", ""207664747""]"
none_subset,5,219400531,143663688,38,267,0,0,0,0,0,0,"[""172317716"", ""183569499"", ""38003672"", ""133136953"", ""179244626"", ""215150803"", ""150802146"", ""55870666"", ""165955684"", ""149637319""]"
none_subset,5,217376647,201569008,4,61,0,0,0,0,0,0,"[""212639315"", ""205390513"", ""209043508"", ""165051058"", ""162282416"", ""181176530"", ""206276218"", ""206281257"", ""182903930"", ""146357422""]"
none_subset,5,216088799,144351805,37,182,0,0,0,0,0,0,"[""156583528"", ""191232165"", ""141081466"", ""40240729"", ""129343143"", ""136718556"", ""185236300"", ""142799340"", ""149676779"", ""201751423""]"
none_subset,5,208352440,185108178,43,19,0,0,0,0,1,1,"[""182902299"", ""180844785"", ""178271380"", ""201905433"", ""189266294"", ""207732639"", ""183765224"", ""206730740"", ""143795279"", ""185851616""]"
none_subset,5,211237385,96072901,62,901,0,0,0,0,0,0,"[""210017823"", ""191802528"", ""144080444"", ""19560737"", ""213858568"", ""58245381"", ""121718146"", ""195229377"", ""67056893"", ""147431302""]"
none_subset,5,165671697,139178056,57,1049,0,0,0,0,0,0,"[""210965226"", ""208101032"", ""209465166"", ""208164156"", ""205639658"", ""190887402"", ""211242840"", ""209083980"", ""202124142"", ""207373637""]"
none_subset,5,44295729,44381000,43,564,0,0,0,0,0,0,"[""198125462"", ""168722731"", ""98800023"", ""99565563"", ""124274684"", ""124731600"", ""193045333"", ""130556843"", ""191630482"", ""190480160""]"
none_subset,5,180514026,151224480,38,93,0,0,0,0,0,0,"[""205018667"", ""193532212"", ""99816295"", ""211398537"", ""100749834"", ""203319354"", ""206039176"", ""170938980"", ""91697050"", ""204880845""]"
none_subset,5,179459421,138975756,4,24,0,0,0,0,1,1,"[""143852845"", ""184009379"", ""148365289"", ""133755220"", ""103497899"", ""24739010"", ""143929940"", ""157367139"", ""156103241"", ""112871050""]"
none_subset,5,69911500,74842038,64,497,0,0,0,0,0,0,"[""174916841"", ""165717472"", ""177968315"", ""69227080"", ""135170809"", ""149734769"", ""179835610"", ""184412814"", ""92304326"", ""210516871""]"
none_subset,5,216283732,194756089,64,444,0,0,0,0,0,0,"[""197322277"", ""211115970"", ""211669271"", ""194200854"", ""199186089"", ""199310873"", ""212267410"", ""210901215"", ""211307371"", ""190059523""]"
none_subset,5,106124042,96300750,43,258,0,0,0,0,0,0,"[""116962789"", ""114685239"", ""118456882"", ""99275075"", ""182870508"", ""66867545"", ""76158891"", ""71803254"", ""40866643"", ""153840249""]"
none_subset,5,63723636,53962226,4,189,0,0,0,0,0,0,"[""129435163"", ""200014594"", ""145007084"", ""105605834"", ""142506151"", ""172890535"", ""207935824"", ""44858664"", ""113779353"", ""51294207""]"
none_subset,5,217030405,193323154,4,5,0,0,1,1,1,1,"[""197461829"", ""193413498"", ""191462142"", ""184199440"", ""193323154"", ""181664054"", ""192877167"", ""128734627"", ""191147915"", ""125311774""]"
none_subset,5,146272626,121017497,4,1835,0,0,0,0,0,0,"[""143222301"", ""173529593"", ""213071251"", ""177849963"", ""148365289"", ""91474084"", ""183438126"", ""171029402"", ""119898461"", ""191646414""]"
none_subset,5,63169454,61171734,62,1216,0,0,0,0,0,0,"[""186943676"", ""66613547"", ""188361417"", ""13653122"", ""168348573"", ""9716999"", ""156814814"", ""135226686"", ""61171338"", ""125173216""]"
none_subset,5,139951358,118360748,38,1998,0,0,0,0,0,0,"[""207664747"", ""160458687"", ""120618466"", ""98969149"", ""192793555"", ""154762222"", ""102676974"", ""149166152"", ""150396233"", ""148419997""]"
none_subset,5,219099215,195408710,43,22,0,0,0,0,1,1,"[""128872941"", ""191583920"", ""209546973"", ""127254122"", ""150794676"", ""139780746"", ""183965795"", ""215513285"", ""119675310"", ""67909736""]"
none_subset,5,108373299,100087840,4,153,0,0,0,0,0,0,"[""204147907"", ""133755220"", ""174770035"", ""151009561"", ""157367139"", ""156471159"", ""142451414"", ""126889201"", ""156469871"", ""116662369""]"
none_subset,5,145393950,125541158,64,391,0,0,0,0,0,0,"[""46094230"", ""124508209"", ""193536959"", ""113850105"", ""167158322"", ""75760627"", ""147667682"", ""151373996"", ""121260031"", ""120966979""]"
none_subset,5,194603701,164074443,43,2399,0,0,0,0,0,0,"[""156087601"", ""156989303"", ""154390259"", ""168943005"", ""136188138"", ""116750362"", ""154097129"", ""193238141"", ""113200738"", ""127816748""]"
none_subset,5,135137342,61171387,62,38,0,0,0,0,0,1,"[""14027620"", ""81077749"", ""134618566"", ""19010094"", ""198384646"", ""1975349"", ""213467412"", ""203401813"", ""197683619"", ""45161831""]"
none_subset,5,205922590,191564735,4,114,0,0,0,0,0,0,"[""77929117"", ""139418370"", ""160501086"", ""185967985"", ""164653181"", ""182183775"", ""42043129"", ""186775950"", ""103676177"", ""136474102""]"
none_subset,5,69176883,69796700,4,22,0,0,0,0,1,1,"[""200439718"", ""17083624"", ""210643102"", ""187230625"", ""206289183"", ""207099785"", ""182903930"", ""210573149"", ""179962753"", ""152685161""]"
none_subset,5,199757507,173646354,46,1004,0,0,0,0,0,0,"[""215002844"", ""213127076"", ""205235605"", ""212306388"", ""215159318"", ""200585923"", ""198984808"", ""213316438"", ""215292694"", ""167299752""]"
none_subset,5,212099690,190540665,37,86,0,0,0,0,0,0,"[""157628611"", ""140907909"", ""151964729"", ""158117230"", ""186543138"", ""189924488"", ""190113798"", ""196428679"", ""40240729"", ""183005165""]"
none_subset,5,211019075,189967410,37,140,0,0,0,0,0,0,"[""187719393"", ""193730114"", ""187735798"", ""190788965"", ""156858638"", ""191538851"", ""184323784"", ""209286799"", ""202030579"", ""210226726""]"
none_subset,5,219975561,203817887,46,48,0,0,0,0,0,1,"[""202480156"", ""213377993"", ""144964708"", ""204823121"", ""212264248"", ""202822668"", ""208417546"", ""146604273"", ""170255404"", ""172953336""]"
none_subset,5,123402692,108294591,64,271,0,0,0,0,0,0,"[""146444401"", ""98960696"", ""101169098"", ""164929670"", ""167740456"", ""181063353"", ""34666160"", ""187172686"", ""163962507"", ""200944054""]"
none_subset,5,198083039,151498509,38,17,0,0,0,0,1,1,"[""61415611"", ""200673130"", ""114095793"", ""188036287"", ""203991000"", ""207314698"", ""130325190"", ""181343824"", ""183174003"", ""129585105""]"
none_subset,5,214611919,195148065,57,2313,0,0,0,0,0,0,"[""180302528"", ""208742570"", ""141122844"", ""52718700"", ""153152780"", ""180448567"", ""124098501"", ""150670825"", ""143193156"", ""93635553""]"
none_subset,5,220092492,206938315,46,700,0,0,0,0,0,0,"[""191200569"", ""211441287"", ""204980714"", ""201332278"", ""174837469"", ""190450261"", ""211017543"", ""177432966"", ""213559285"", ""210836917""]"
none_subset,5,138853852,77040385,64,410,0,0,0,0,0,0,"[""112345894"", ""136116320"", ""211228726"", ""105144259"", ""152603802"", ""149793006"", ""164633014"", ""156951305"", ""179440048"", ""182762792""]"
none_subset,5,221257783,102422840,38,903,0,0,0,0,0,0,"[""204637998"", ""177589338"", ""117957932"", ""74328058"", ""135619578"", ""125136923"", ""204089441"", ""81511985"", ""198969641"", ""159174919""]"
none_subset,5,176907998,108104818,43,357,0,0,0,0,0,0,"[""83385070"", ""75839769"", ""178871976"", ""162819113"", ""118869220"", ""86931045"", ""98638263"", ""127635452"", ""118484592"", ""76024222""]"
none_subset,5,224931381,196746909,43,1478,0,0,0,0,0,0,"[""84074518"", ""211539337"", ""167817864"", ""72463184"", ""162605137"", ""183716498"", ""188380361"", ""154390259"", ""206599153"", ""160598030""]"
none_subset,5,136719291,117265279,37,871,0,0,0,0,0,0,"[""51138626"", ""213471023"", ""192142184"", ""92247640"", ""121841349"", ""114171070"", ""195740726"", ""147954913"", ""209118001"", ""96028215""]"
none_subset,5,223055449,208225541,38,184,0,0,0,0,0,0,"[""204985593"", ""145720442"", ""213109347"", ""176455982"", ""181358523"", ""124441124"", ""109823579"", ""154107984"", ""213020081"", ""170938980""]"
none_subset,5,16895311,15445184,46,46,0,0,0,0,0,1,"[""201332278"", ""190230714"", ""170255404"", ""191200569"", ""209744189"", ""174837469"", ""204980714"", ""177432966"", ""206220197"", ""138830136""]"
none_subset,5,224021715,168493218,57,1543,0,0,0,0,0,0,"[""172961532"", ""132519429"", ""99228573"", ""194409455"", ""170453821"", ""121902729"", ""139164571"", ""198708422"", ""59034220"", ""98039533""]"
none_subset,5,124640008,98638263,43,179,0,0,0,0,0,0,"[""193746203"", ""159118897"", ""192942930"", ""194880726"", ""204609076"", ""53650526"", ""139391726"", ""129866195"", ""126618856"", ""151787283""]"
none_subset,5,219249665,165902956,64,110,0,0,0,0,0,0,"[""152368817"", ""19607163"", ""167354299"", ""152189504"", ""149248055"", ""146444401"", ""133614550"", ""128607088"", ""211103357"", ""200957181""]"
none_subset,5,171424229,144131536,46,1076,0,0,0,0,0,0,"[""173634775"", ""167121709"", ""78885056"", ""209251399"", ""184445663"", ""167925157"", ""213296616"", ""97781465"", ""203915067"", ""204633518""]"
none_subset,5,217127611,198819588,43,15,0,0,0,0,1,1,"[""199547133"", ""147992742"", ""180183536"", ""156989303"", ""143786573"", ""200894620"", ""203181151"", ""166706901"", ""201704588"", ""213430450""]"
none_subset,5,165813773,146365324,64,583,0,0,0,0,0,0,"[""165481383"", ""206056992"", ""205058205"", ""213429313"", ""166489955"", ""56593545"", ""106156401"", ""190759249"", ""148683481"", ""162587856""]"
none_subset,5,200042536,172870419,4,34,0,0,0,0,0,1,"[""202570543"", ""131936243"", ""166646423"", ""144242589"", ""209335746"", ""207202974"", ""213677286"", ""164634484"", ""139416198"", ""53882418""]"
none_subset,5,197097038,158261628,4,180,0,0,0,0,0,0,"[""207566657"", ""56998165"", ""211253445"", ""162319116"", ""70897180"", ""193746035"", ""153116755"", ""105063903"", ""36482821"", ""200613653""]"
none_subset,5,216778873,183915016,38,725,0,0,0,0,0,0,"[""209590588"", ""196742641"", ""203456374"", ""193591162"", ""141272135"", ""194797914"", ""130737214"", ""169136130"", ""208342286"", ""149562058""]"
none_subset,5,218953973,203666766,37,733,0,0,0,0,0,0,"[""168115320"", ""215484131"", ""188083340"", ""109845272"", ""206636427"", ""103731169"", ""208935536"", ""143179563"", ""40661702"", ""133351365""]"
none_subset,5,206688771,182583580,43,86,0,0,0,0,0,0,"[""201905433"", ""184091403"", ""190234147"", ""210822887"", ""200173512"", ""213483404"", ""188582346"", ""207732639"", ""203348372"", ""183765224""]"
none_subset,5,204369196,154791746,43,102,0,0,0,0,0,0,"[""181265072"", ""91544773"", ""171665125"", ""98073803"", ""40866643"", ""102228484"", ""179814481"", ""158885545"", ""191248601"", ""125800065""]"
none_subset,5,129079358,113744993,64,291,0,0,0,0,0,0,"[""169622540"", ""166489955"", ""168374070"", ""56593545"", ""210720310"", ""213429313"", ""106156401"", ""206088529"", ""173622957"", ""195252060""]"
none_subset,5,195208231,121864251,43,10,0,0,0,1,1,1,"[""134678718"", ""75083855"", ""203886811"", ""178363726"", ""199715257"", ""98747334"", ""213080586"", ""188195572"", ""213210833"", ""121864251""]"
none_subset,5,58269182,46694167,37,113,0,0,0,0,0,0,"[""93714502"", ""103057199"", ""146818815"", ""126929630"", ""151437967"", ""157022245"", ""161091370"", ""152140191"", ""187812442"", ""129519764""]"
none_subset,5,221615782,140437226,46,307,0,0,0,0,0,0,"[""168220730"", ""209824689"", ""162067565"", ""207365064"", ""211774611"", ""190907433"", ""116109332"", ""204723094"", ""163538004"", ""125554765""]"
none_subset,5,184464529,156023834,38,1164,0,0,0,0,0,0,"[""113999751"", ""85120764"", ""149166152"", ""139494203"", ""68188580"", ""76490987"", ""72092510"", ""139423553"", ""81220432"", ""128168264""]"
none_subset,5,109798719,99109493,4,50,0,0,0,0,0,1,"[""114164900"", ""119644839"", ""178109092"", ""120663751"", ""148281605"", ""149599673"", ""184587206"", ""119106930"", ""153939423"", ""156103241""]"
none_subset,5,223348848,206905678,46,137,0,0,0,0,0,0,"[""174861722"", ""110594662"", ""111471139"", ""150754478"", ""81506359"", ""203677273"", ""212429674"", ""120233208"", ""173874867"", ""208905537""]"
none_subset,5,210749575,189374784,64,67,0,0,0,0,0,0,"[""1923943"", ""197322277"", ""194200854"", ""211307371"", ""211115970"", ""186093978"", ""211669271"", ""210901215"", ""183013744"", ""188286775""]"
none_subset,5,65200525,70921117,4,29,0,0,0,0,1,1,"[""172890535"", ""149095048"", ""133755220"", ""63004444"", ""120663751"", ""62938611"", ""151009561"", ""144373105"", ""194446742"", ""42368928""]"
none_subset,5,225318762,211306464,64,410,0,0,0,0,0,0,"[""136401281"", ""186761660"", ""195738495"", ""99174752"", ""149253481"", ""193870914"", ""157334779"", ""198047155"", ""131416996"", ""170912580""]"
none_subset,5,183310877,144208600,46,174,0,0,0,0,0,0,"[""28355710"", ""214160095"", ""121389120"", ""194793794"", ""131820664"", ""874282"", ""132957109"", ""138107923"", ""127824446"", ""78347549""]"
none_subset,5,201356709,145440025,64,353,0,0,0,0,0,0,"[""149496821"", ""184002672"", ""173701751"", ""190174399"", ""188923082"", ""153775178"", ""204738388"", ""79297519"", ""208915255"", ""47134269""]"
none_subset,5,176378686,134848823,46,17,0,0,0,0,1,1,"[""139649558"", ""129089284"", ""192342929"", ""158946684"", ""193559506"", ""100503293"", ""110900877"", ""141876515"", ""74403232"", ""157884203""]"
none_subset,5,222940894,209989262,57,152,0,0,0,0,0,0,"[""196086555"", ""167879790"", ""84646948"", ""203585740"", ""195891127"", ""129142528"", ""134533948"", ""189762370"", ""207803368"", ""163829914""]"
none_subset,5,88533605,83379850,4,46,0,0,0,0,0,1,"[""138056332"", ""167351572"", ""167564443"", ""164194074"", ""170653654"", ""138178873"", ""178501633"", ""82160974"", ""213281189"", ""210309601""]"
none_subset,5,220934101,193423957,46,592,0,0,0,0,0,0,"[""138830136"", ""174586724"", ""204980714"", ""200878445"", ""197415730"", ""204627117"", ""191200569"", ""203425433"", ""195367256"", ""156489567""]"
none_subset,5,224885410,214210070,64,921,0,0,0,0,0,0,"[""160686884"", ""116423938"", ""160087743"", ""202527449"", ""190304668"", ""161213343"", ""169338112"", ""201578875"", ""166184401"", ""173438440""]"
none_subset,5,159315367,132450430,38,392,0,0,0,0,0,0,"[""202371962"", ""173474790"", ""200560256"", ""174192462"", ""209454122"", ""165157656"", ""207870282"", ""174166201"", ""163838256"", ""207475710""]"
none_subset,5,210632346,189168111,43,232,0,0,0,0,0,0,"[""182583580"", ""214991554"", ""185108178"", ""56316481"", ""195590215"", ""190197325"", ""201852288"", ""194796888"", ""183765224"", ""65148519""]"
none_subset,5,222206783,190313329,57,239,0,0,0,0,0,0,"[""208742570"", ""210498921"", ""208607384"", ""209465166"", ""187760067"", ""207176758"", ""132207298"", ""195907765"", ""212489788"", ""209173908""]"
none_subset,5,210714977,103646076,37,1300,0,0,0,0,0,0,"[""162095481"", ""146818815"", ""158103752"", ""149631379"", ""143805569"", ""176184502"", ""201252808"", ""93714502"", ""144990749"", ""39048064""]"
none_subset,5,188824063,150442809,64,1446,0,0,0,0,0,0,"[""145779083"", ""152293696"", ""162295780"", ""117481999"", ""95987224"", ""114607994"", ""115621367"", ""122024341"", ""166184401"", ""153035417""]"
none_subset,5,223702130,213054200,64,529,0,0,0,0,0,0,"[""192779268"", ""67029925"", ""183765574"", ""1923943"", ""173661276"", ""200026497"", ""169931960"", ""148743441"", ""206235020"", ""195536773""]"
none_subset,5,215742496,197844035,37,75,0,0,0,0,0,0,"[""187719393"", ""191538851"", ""190172991"", ""181408383"", ""193730114"", ""202782009"", ""201649016"", ""194958352"", ""202030579"", ""209349722""]"
none_subset,5,209844304,183939554,46,1422,0,0,0,0,0,0,"[""172082320"", ""136436838"", ""150742725"", ""132671791"", ""212380449"", ""206673825"", ""163043438"", ""169081503"", ""162507293"", ""146467155""]"
none_subset,5,216185310,51303658,57,740,0,0,0,0,0,0,"[""99228573"", ""200462582"", ""86771304"", ""194409455"", ""98039533"", ""121912126"", ""134702798"", ""144092016"", ""158555938"", ""121902729""]"
none_subset,5,208473328,152102790,37,318,0,0,0,0,0,0,"[""143065905"", ""191892681"", ""186270944"", ""140618489"", ""203829614"", ""177317879"", ""214883789"", ""193608318"", ""85275000"", ""169799265""]"
none_subset,5,207495470,155647098,57,420,0,0,0,0,0,0,"[""194409455"", ""206553944"", ""128512946"", ""15301011"", ""121912126"", ""27886169"", ""186103660"", ""95852954"", ""179477881"", ""125339147""]"
none_subset,5,205232685,129483238,43,14,0,0,0,0,1,1,"[""164582063"", ""105076717"", ""178363726"", ""186606199"", ""190562355"", ""109595595"", ""134678718"", ""153586175"", ""147782228"", ""75802625""]"
none_subset,5,182353397,155017018,46,13,0,0,0,0,1,1,"[""196783083"", ""188805088"", ""139649558"", ""197423739"", ""110268464"", ""213672603"", ""140208813"", ""77203173"", ""193559506"", ""81549989""]"
none_subset,5,70030827,70970519,37,2388,0,0,0,0,0,0,"[""21423746"", ""151437967"", ""100563053"", ""93714502"", ""161091370"", ""179751402"", ""100774234"", ""152140191"", ""115215957"", ""139391729""]"
none_subset,5,210025236,188021776,4,28,0,0,0,0,1,1,"[""199780246"", ""191695909"", ""191214295"", ""156855089"", ""200963901"", ""153223626"", ""204482650"", ""201461303"", ""159111889"", ""190161584""]"
none_subset,5,216985572,200413923,4,919,0,0,0,0,0,0,"[""193007590"", ""53541477"", ""90122873"", ""165897952"", ""146976388"", ""198949108"", ""180266107"", ""174141513"", ""164756819"", ""9924656""]"
none_subset,5,204910325,175836915,43,1838,0,0,0,0,0,0,"[""173758947"", ""178271380"", ""165710029"", ""199212700"", ""165285962"", ""202025930"", ""182659741"", ""200208585"", ""9583876"", ""146783647""]"
none_subset,5,164432507,140756132,4,1215,0,0,0,0,0,0,"[""93467050"", ""200030726"", ""139342323"", ""155106827"", ""200589143"", ""193369779"", ""183642706"", ""192752207"", ""179258061"", ""190503853""]"
none_subset,5,222268445,196324749,4,142,0,0,0,0,0,0,"[""16813724"", ""185515008"", ""9924656"", ""198808044"", ""174141513"", ""12178422"", ""209243592"", ""148086167"", ""39175557"", ""181915374""]"
none_subset,5,193224830,160586788,62,26,0,0,0,0,1,1,"[""167732430"", ""109144733"", ""169027396"", ""200271479"", ""124265654"", ""209171711"", ""120041482"", ""146855578"", ""108815727"", ""190955120""]"
none_subset,5,224218006,188646002,37,158,0,0,0,0,0,0,"[""142288515"", ""148500212"", ""127482058"", ""204454005"", ""174850296"", ""193337861"", ""183710535"", ""160293528"", ""187609211"", ""202170903""]"
none_subset,5,23506643,21760251,4,555,0,0,0,0,0,0,"[""146961197"", ""213127345"", ""139342323"", ""210643102"", ""133070539"", ""154267881"", ""195895955"", ""27693819"", ""177825434"", ""207143420""]"
none_subset,5,224398136,187714756,46,755,0,0,0,0,0,0,"[""133321026"", ""205037505"", ""157884203"", ""192859823"", ""47199408"", ""209828476"", ""104767223"", ""74187345"", ""194422099"", ""109762523""]"
none_subset,5,216056265,171166574,38,22,0,0,0,0,1,1,"[""194014911"", ""137715155"", ""121483840"", ""79223401"", ""142911344"", ""91197511"", ""111238191"", ""165078139"", ""157091884"", ""180533985""]"
none_subset,5,206987839,182903930,4,18,0,0,0,0,1,1,"[""176402227"", ""177338367"", ""206281257"", ""195480266"", ""181079699"", ""167937435"", ""208946996"", ""177558432"", ""213232574"", ""173459316""]"
none_subset,5,145812135,7945877,43,818,0,0,0,0,0,0,"[""62551746"", ""206012362"", ""167483448"", ""149017403"", ""15648138"", ""50828732"", ""201704588"", ""75959067"", ""200157421"", ""82574762""]"
none_subset,5,223553977,211083413,46,29,0,0,0,0,1,1,"[""53547017"", ""170651505"", ""141003470"", ""146845946"", ""138570829"", ""170235414"", ""172482275"", ""84801975"", ""110594662"", ""138605976""]"
none_subset,5,219201325,204860223,37,153,0,0,0,0,0,0,"[""188912090"", ""180869206"", ""191131185"", ""142630827"", ""191259466"", ""208576745"", ""121097766"", ""155900040"", ""106359564"", ""208900697""]"
none_subset,5,172611375,138324707,4,108,0,0,0,0,0,0,"[""141085810"", ""193858344"", ""189148609"", ""155106827"", ""113622434"", ""183642706"", ""100007550"", ""156901917"", ""194377968"", ""86774130""]"
none_subset,5,64702019,66613547,62,13,0,0,0,0,1,1,"[""208335318"", ""75037502"", ""205736250"", ""209579537"", ""154406041"", ""57612738"", ""175893857"", ""106471808"", ""183472540"", ""213056096""]"
none_subset,5,215237282,187005682,62,2,0,1,1,1,1,1,"[""162672578"", ""187005682"", ""15942056"", ""187207232"", ""83719006"", ""97684562"", ""176890524"", ""61171420"", ""74279773"", ""45997741""]"
none_subset,5,215263347,127485588,46,240,0,0,0,0,0,0,"[""116820479"", ""143287077"", ""215055930"", ""169081503"", ""152716158"", ""150742725"", ""132184095"", ""213054921"", ""93122967"", ""134902485""]"
none_subset,5,212297360,188733787,43,37,0,0,0,0,0,1,"[""63371049"", ""135871857"", ""183279101"", ""192855785"", ""148264493"", ""171665125"", ""106878932"", ""183730361"", ""209546973"", ""173981660""]"
none_subset,5,128704422,108044927,57,790,0,0,0,0,0,0,"[""82248629"", ""36469237"", ""79470201"", ""196654350"", ""135872349"", ""202526079"", ""194731759"", ""83866330"", ""171021122"", ""84202088""]"
none_subset,5,172799934,145955425,57,227,0,0,0,0,0,0,"[""172994991"", ""210440269"", ""187950832"", ""148395645"", ""211954295"", ""204720478"", ""212489788"", ""213406997"", ""202358315"", ""97187105""]"
none_subset,5,184395268,153686086,38,610,0,0,0,0,0,0,"[""194792551"", ""204880845"", ""204880865"", ""96678496"", ""188544896"", ""108033709"", ""136373067"", ""204375245"", ""124750735"", ""130168090""]"
none_subset,5,206664220,166795160,57,2259,0,0,0,0,0,0,"[""153321595"", ""180302528"", ""125507071"", ""202059060"", ""178508676"", ""199479829"", ""177076078"", ""171161007"", ""160137602"", ""200009792""]"
none_subset,5,215184570,142502113,43,103,0,0,0,0,0,0,"[""90355123"", ""162819113"", ""26288526"", ""192784424"", ""139853041"", ""125981589"", ""63099395"", ""175879766"", ""148635203"", ""99992649""]"
none_subset,5,214770999,191097659,37,631,0,0,0,0,0,0,"[""201003118"", ""204373274"", ""145336514"", ""114167582"", ""149248013"", ""152555454"", ""168960113"", ""178462679"", ""188876971"", ""104386153""]"
none_subset,5,223962647,212423754,43,1008,0,0,0,0,0,0,"[""178850565"", ""142661471"", ""125047033"", ""190193667"", ""145947056"", ""101892709"", ""85815673"", ""125480188"", ""210749623"", ""169200092""]"
none_subset,5,222059057,210299128,64,140,0,0,0,0,0,0,"[""210923456"", ""158680148"", ""139013046"", ""185413694"", ""164719263"", ""63897092"", ""200452257"", ""60291031"", ""76051036"", ""44104238""]"
none_subset,5,210362338,187442156,43,219,0,0,0,0,0,0,"[""151940220"", ""152958042"", ""166965091"", ""121101608"", ""122714725"", ""65223002"", ""186513838"", ""60838304"", ""140754805"", ""204431555""]"
none_subset,5,198033903,169968522,62,1408,0,0,0,0,0,0,"[""153432818"", ""55538884"", ""163620157"", ""96744852"", ""84094845"", ""148184033"", ""194855016"", ""139296753"", ""7191392"", ""151640359""]"
none_subset,5,198278659,161464530,64,1172,0,0,0,0,0,0,"[""134312075"", ""152195416"", ""159166301"", ""212326662"", ""164633014"", ""37161164"", ""200016831"", ""179836152"", ""204156522"", ""149283050""]"
none_subset,5,164817254,139849759,4,564,0,0,0,0,0,0,"[""194643860"", ""53835713"", ""213461075"", ""198909677"", ""101609584"", ""144907575"", ""207414127"", ""203914397"", ""208901976"", ""198241765""]"
none_subset,5,85489405,81233351,64,225,0,0,0,0,0,0,"[""193944748"", ""154324585"", ""65008714"", ""136038725"", ""83890055"", ""193757766"", ""177539508"", ""54345172"", ""195558974"", ""208465437""]"
none_subset,5,222151841,210480490,37,30,0,0,0,0,1,1,"[""146527115"", ""167814691"", ""213471023"", ""137062195"", ""141241455"", ""192163385"", ""134046020"", ""191294127"", ""194958352"", ""186703491""]"
none_subset,5,218452915,202712497,64,1636,0,0,0,0,0,0,"[""152189504"", ""200859322"", ""184410319"", ""181619566"", ""183642716"", ""207446541"", ""19607163"", ""167354299"", ""18136094"", ""152368817""]"
none_subset,5,222844357,194951054,57,2022,0,0,0,0,0,0,"[""207128530"", ""192532677"", ""143823421"", ""204280402"", ""211933589"", ""206215452"", ""211535882"", ""154865872"", ""177728776"", ""206909404""]"
none_subset,5,222844359,206895628,37,969,0,0,0,0,0,0,"[""152342510"", ""132837482"", ""207846338"", ""189737626"", ""209109785"", ""133774120"", ""136574012"", ""174852305"", ""164347052"", ""151964729""]"
none_subset,5,222405069,139302940,43,673,0,0,0,0,0,0,"[""200715227"", ""213210833"", ""210940174"", ""207753535"", ""186403472"", ""164074443"", ""201991192"", ""183295863"", ""190077562"", ""119568102""]"
none_subset,5,212802909,192392140,64,169,0,0,0,0,0,0,"[""193870914"", ""162799044"", ""213984446"", ""113590277"", ""162186284"", ""191305321"", ""189142523"", ""170912580"", ""181705179"", ""129130295""]"
none_subset,5,165227043,95406694,38,4,0,0,1,1,1,1,"[""121756181"", ""58199619"", ""167193773"", ""95406694"", ""92748634"", ""137025491"", ""124479122"", ""123502593"", ""95395941"", ""143244996""]"
none_subset,5,223226814,22684085,64,1833,0,0,0,0,0,0,"[""169622540"", ""56593545"", ""115580730"", ""206372980"", ""99984958"", ""126298952"", ""67144823"", ""166489955"", ""193323207"", ""181162172""]"
none_subset,5,133071331,116922022,38,753,0,0,0,0,0,0,"[""68304286"", ""124750735"", ""213205324"", ""174530040"", ""110664117"", ""92430066"", ""179286930"", ""31197704"", ""214394715"", ""140048877""]"
none_subset,5,189952562,162391837,37,42,0,0,0,0,0,1,"[""210502009"", ""123163900"", ""193679263"", ""148515955"", ""121097766"", ""82620936"", ""131172661"", ""134610044"", ""164351701"", ""187134525""]"
none_subset,5,184595672,154888352,37,46,0,0,0,0,0,1,"[""190113798"", ""190767829"", ""190075252"", ""151028514"", ""164415171"", ""192387012"", ""134901665"", ""186429778"", ""113257713"", ""149811179""]"
none_subset,5,202354730,177124581,37,269,0,0,0,0,0,0,"[""209172335"", ""118848444"", ""212216117"", ""173981806"", ""173966675"", ""195744990"", ""184297463"", ""73910372"", ""33563950"", ""190511714""]"
none_subset,5,15900255,13589626,38,1441,0,0,0,0,0,0,"[""183569499"", ""55870666"", ""37709032"", ""154090124"", ""68304286"", ""18107447"", ""207100353"", ""117484063"", ""105047287"", ""14434511""]"
none_subset,5,218004661,202749231,62,56,0,0,0,0,0,0,"[""210570019"", ""197247155"", ""194590921"", ""194289010"", ""208719189"", ""206841068"", ""207489645"", ""191653901"", ""200743344"", ""121524691""]"
none_subset,5,224061146,179319840,37,2053,0,0,0,0,0,0,"[""118684081"", ""161632409"", ""211368082"", ""118291817"", ""159931342"", ""199070566"", ""121841349"", ""8855059"", ""187888737"", ""89720897""]"
none_subset,5,195311808,159203778,46,323,0,0,0,0,0,0,"[""174586724"", ""196783083"", ""81549989"", ""147425773"", ""194854155"", ""74767597"", ""113999669"", ""154894212"", ""208493172"", ""192342929""]"
none_subset,5,218739786,173622538,64,31,0,0,0,0,0,1,"[""195252134"", ""149622839"", ""195080854"", ""70397289"", ""165423791"", ""199685872"", ""203597419"", ""127444518"", ""164465699"", ""49185786""]"
none_subset,5,203549050,175661430,46,160,0,0,0,0,0,0,"[""108322993"", ""202771850"", ""182222562"", ""207134724"", ""186512278"", ""186078356"", ""204315261"", ""176659851"", ""172250706"", ""194132989""]"
none_subset,5,193647253,166289001,64,487,0,0,0,0,0,0,"[""121260031"", ""151373996"", ""145311547"", ""63926364"", ""155867691"", ""101587118"", ""113590277"", ""181441566"", ""193983183"", ""129130295""]"
none_subset,5,195734140,121706760,64,15,0,0,0,0,1,1,"[""160686884"", ""105016789"", ""107753045"", ""170746635"", ""201276045"", ""157433716"", ""202527449"", ""168192238"", ""105854962"", ""108386270""]"
none_subset,5,205647203,181206759,4,133,0,0,0,0,0,0,"[""168012970"", ""80237634"", ""196534986"", ""205789625"", ""88781085"", ""20719982"", ""166929709"", ""55380045"", ""153069902"", ""169388531""]"
none_subset,5,209177663,184196068,37,283,0,0,0,0,0,0,"[""107202977"", ""188083340"", ""201003118"", ""132738380"", ""195543264"", ""180764368"", ""154316487"", ""151028514"", ""154947799"", ""103731169""]"
none_subset,5,113428442,102099500,37,60,0,0,0,0,0,0,"[""16898206"", ""89454786"", ""102274756"", ""200024420"", ""204657562"", ""187812442"", ""179609391"", ""160127507"", ""147794006"", ""174850296""]"
none_subset,5,224930658,167116086,46,216,0,0,0,0,0,0,"[""152102459"", ""99309357"", ""153408319"", ""201966464"", ""150142821"", ""183140735"", ""111095231"", ""191705183"", ""67021528"", ""113869306""]"
none_subset,5,180106194,148861478,38,2684,0,0,0,0,0,0,"[""138015580"", ""53324130"", ""194567057"", ""159426855"", ""173618946"", ""169336593"", ""137272079"", ""80604101"", ""159910879"", ""212801979""]"
none_subset,5,145366343,121013474,43,2639,0,0,0,0,0,0,"[""147531803"", ""181167814"", ""86505092"", ""127635452"", ""163402666"", ""103490970"", ""146898856"", ""202516482"", ""160407494"", ""172028249""]"
none_subset,5,179017277,144305873,64,900,0,0,0,0,0,0,"[""185451532"", ""82453175"", ""152518752"", ""63861102"", ""96431966"", ""155183786"", ""31683521"", ""58475692"", ""35312252"", ""151526168""]"
none_subset,5,208003567,155951189,43,8,0,0,0,1,1,1,"[""200905407"", ""195659383"", ""183407909"", ""200839706"", ""198600357"", ""204045985"", ""204176913"", ""155951189"", ""183532666"", ""158916391""]"
none_subset,5,218058960,202778075,37,437,0,0,0,0,0,0,"[""194731784"", ""209128550"", ""180221400"", ""167814691"", ""207544886"", ""188568572"", ""201740861"", ""189787964"", ""211165397"", ""189120927""]"
none_subset,5,71659685,73410413,62,83,0,0,0,0,0,0,"[""200582902"", ""192522899"", ""159960911"", ""186385277"", ""113904136"", ""45959409"", ""104093783"", ""128177020"", ""193006708"", ""185405124""]"
none_subset,5,193323565,161573660,64,2156,0,0,0,0,0,0,"[""105144259"", ""106833162"", ""112345894"", ""156912710"", ""152603802"", ""155021743"", ""183047062"", ""113850105"", ""111626622"", ""168633758""]"
none_subset,5,154348207,123825839,57,72,0,0,0,0,0,0,"[""149204965"", ""102144765"", ""167495362"", ""137222298"", ""156140269"", ""169054006"", ""209240541"", ""86637550"", ""127946988"", ""176767835""]"
none_subset,5,214551350,181553937,4,83,0,0,0,0,0,0,"[""156841339"", ""172067870"", ""177860593"", ""195538864"", ""181288745"", ""201178798"", ""197382040"", ""158097383"", ""118933944"", ""180954842""]"
none_subset,5,191446814,160553641,37,939,0,0,0,0,0,0,"[""176300467"", ""102282269"", ""113225323"", ""174690214"", ""190646486"", ""212776036"", ""187712911"", ""208575592"", ""159020956"", ""159816408""]"
none_subset,5,225161820,202394756,43,1470,0,0,0,0,0,0,"[""188398971"", ""13118738"", ""128872941"", ""199268133"", ""151563609"", ""178276896"", ""182870508"", ""71803254"", ""202025930"", ""170523305""]"
none_subset,5,206083414,164648915,4,52,0,0,0,0,0,0,"[""88781085"", ""189945818"", ""123481544"", ""205789625"", ""80237634"", ""55380045"", ""153069902"", ""20719982"", ""172067870"", ""206126527""]"
none_subset,5,200716470,172461894,46,185,0,0,0,0,0,0,"[""205769669"", ""135605303"", ""167776566"", ""141583383"", ""204367824"", ""87748960"", ""210498357"", ""204625399"", ""61233280"", ""99536865""]"
none_subset,5,193219579,161417907,4,190,0,0,0,0,0,0,"[""146345148"", ""119106930"", ""172890535"", ""142506151"", ""86878993"", ""114164900"", ""149599673"", ""150252011"", ""16847694"", ""176039610""]"
none_subset,5,220471446,191884089,57,2264,0,0,0,0,0,0,"[""209217971"", ""207173802"", ""57219486"", ""83774267"", ""66485491"", ""75778769"", ""116672568"", ""12228591"", ""190891048"", ""204015126""]"
none_subset,5,176050835,76371718,57,1074,0,0,0,0,0,0,"[""85130633"", ""210262988"", ""141089456"", ""41397459"", ""68575803"", ""134951042"", ""191268930"", ""211940844"", ""75645675"", ""214125411""]"
none_subset,5,195995650,144433706,43,246,0,0,0,0,0,0,"[""98638580"", ""108684069"", ""194880726"", ""171798974"", ""197429046"", ""168783197"", ""204803959"", ""166186965"", ""208008027"", ""188380361""]"
none_subset,5,164892127,56920439,46,3,0,1,1,1,1,1,"[""107277769"", ""204635544"", ""56920439"", ""125993794"", ""207308677"", ""142436010"", ""109281699"", ""210829117"", ""53826389"", ""203143041""]"
none_subset,5,175210528,143843798,62,31,0,0,0,0,0,1,"[""130642042"", ""193241960"", ""207007802"", ""192577715"", ""156885677"", ""151308081"", ""134905481"", ""129445274"", ""129898062"", ""199438255""]"
none_subset,5,173173417,105144259,64,1,1,1,1,1,1,1,"[""105144259"", ""152603802"", ""112345894"", ""82453175"", ""111626622"", ""168633758"", ""155021743"", ""67792301"", ""70627695"", ""209711556""]"
none_subset,5,67356369,70700474,38,1605,0,0,0,0,0,0,"[""99753126"", ""72092510"", ""37709032"", ""207244739"", ""155589050"", ""70118559"", ""14434511"", ""189799383"", ""68304286"", ""155814671""]"
none_subset,5,213950863,194734151,4,1,1,1,1,1,1,1,"[""194734151"", ""202119489"", ""119644839"", ""153939423"", ""36782819"", ""21060681"", ""213679625"", ""194814735"", ""214521847"", ""129815138""]"
none_subset,5,210440719,183268600,37,141,0,0,0,0,0,0,"[""214037923"", ""107567745"", ""128177539"", ""192414071"", ""191892681"", ""154028714"", ""151940120"", ""167076559"", ""204074550"", ""138625062""]"
none_subset,5,209764098,187230625,4,499,0,0,0,0,0,0,"[""139342323"", ""180843726"", ""72626014"", ""191209763"", ""133070539"", ""192757426"", ""154267881"", ""146961197"", ""213979278"", ""213127345""]"
none_subset,5,200550901,153434885,64,79,0,0,0,0,0,0,"[""86007149"", ""212528042"", ""31566174"", ""212170326"", ""169392034"", ""205211783"", ""148683481"", ""89221384"", ""111358319"", ""180661165""]"
none_subset,5,200049166,158107027,43,19,0,0,0,0,1,1,"[""191235079"", ""189516921"", ""122714725"", ""112322089"", ""157655830"", ""210995964"", ""206195766"", ""205961338"", ""65223002"", ""72421330""]"
none_subset,5,211103855,188323012,4,109,0,0,0,0,0,0,"[""145619366"", ""201481091"", ""50763598"", ""207414127"", ""154438637"", ""191564735"", ""177466971"", ""92876967"", ""142085087"", ""158581056""]"
none_subset,5,221521390,209286799,37,8,0,0,0,1,1,1,"[""210226726"", ""211802210"", ""213416559"", ""207544886"", ""190788965"", ""191911000"", ""206864139"", ""209286799"", ""208141913"", ""175852737""]"
none_subset,5,48110954,30916684,46,316,0,0,0,0,0,0,"[""155710762"", ""157884203"", ""107095516"", ""178975230"", ""160537607"", ""132867538"", ""209979540"", ""74187345"", ""122704847"", ""128782682""]"
none_subset,5,196614011,169468665,4,849,0,0,0,0,0,0,"[""146249483"", ""199896638"", ""201904090"", ""207322592"", ""138966111"", ""203048719"", ""195078992"", ""143547772"", ""136474102"", ""179532049""]"
none_subset,5,194727534,163163335,46,919,0,0,0,0,0,0,"[""158262693"", ""208866550"", ""134691092"", ""207470239"", ""171309326"", ""173361087"", ""136064669"", ""211895860"", ""158674717"", ""116035823""]"
none_subset,5,199355812,171218749,37,11,0,0,0,0,1,1,"[""182489418"", ""146527115"", ""158435107"", ""196169860"", ""137062195"", ""127586489"", ""169510905"", ""164221751"", ""206195134"", ""185411714""]"
none_subset,5,176053122,147223868,64,316,0,0,0,0,0,0,"[""105144259"", ""112345894"", ""183047062"", ""152603802"", ""109614914"", ""168633758"", ""180165679"", ""32842438"", ""164633014"", ""48108527""]"
none_subset,5,219126120,174852488,46,6,0,0,0,1,1,1,"[""210856802"", ""78566379"", ""172989891"", ""201436985"", ""207227762"", ""174852488"", ""211047288"", ""210498678"", ""212261718"", ""144431749""]"
none_subset,5,171617902,150919901,37,9,0,0,0,1,1,1,"[""206756006"", ""78706018"", ""171006297"", ""173244017"", ""133888412"", ""117685268"", ""105162490"", ""156934315"", ""150919901"", ""130778917""]"
none_subset,5,212109450,191710817,64,21,0,0,0,0,1,1,"[""156476311"", ""22329772"", ""141447890"", ""81240114"", ""142231631"", ""72224328"", ""99916433"", ""123189996"", ""98960696"", ""85531879""]"
none_subset,5,220650923,203685400,62,14,0,0,0,0,1,1,"[""184558097"", ""167970913"", ""202067101"", ""197510996"", ""188841456"", ""124782657"", ""204130130"", ""203289300"", ""178800390"", ""189021318""]"
none_subset,5,215776763,184075689,64,1531,0,0,0,0,0,0,"[""176297212"", ""151315331"", ""120966979"", ""142735207"", ""193536959"", ""114420335"", ""101587118"", ""129130295"", ""159428920"", ""46094230""]"
none_subset,5,200887910,175026491,4,54,0,0,0,0,0,0,"[""183689008"", ""211570817"", ""189899644"", ""211887023"", ""165051058"", ""183741193"", ""181664054"", ""150981607"", ""210531014"", ""128734627""]"
none_subset,5,140609862,114371520,43,4,0,0,1,1,1,1,"[""127254122"", ""125638272"", ""128872941"", ""114371520"", ""205276629"", ""137780242"", ""126702260"", ""147179804"", ""123511609"", ""74830022""]"
none_subset,5,216324411,180225691,64,226,0,0,0,0,0,0,"[""518627"", ""66459509"", ""210451384"", ""211873793"", ""192779268"", ""148743441"", ""183765574"", ""145311547"", ""14286061"", ""194651505""]"
none_subset,5,185965825,143179563,37,1235,0,0,0,0,0,0,"[""136371572"", ""124537731"", ""157140706"", ""186543138"", ""151601836"", ""151437967"", ""41705192"", ""148800689"", ""100843460"", ""158771565""]"
none_subset,5,148156280,126190470,46,174,0,0,0,0,0,0,"[""118565908"", ""172035206"", ""77308664"", ""78134637"", ""195201064"", ""212690484"", ""134902485"", ""204384271"", ""160764333"", ""135639820""]"
none_subset,5,218825862,164502051,43,19,0,0,0,0,1,1,"[""203849841"", ""210037205"", ""209388269"", ""213956523"", ""209156407"", ""193581474"", ""212129667"", ""165130009"", ""184875265"", ""203348372""]"
none_subset,5,217537085,195917241,43,19,0,0,0,0,1,1,"[""203532895"", ""209388269"", ""201230840"", ""181666985"", ""214348389"", ""182746332"", ""192741559"", ""71806238"", ""199700611"", ""104021362""]"
none_subset,5,164792352,129112756,46,24,0,0,0,0,1,1,"[""99228098"", ""197859726"", ""134160126"", ""84576505"", ""165354631"", ""157086881"", ""204723094"", ""171344322"", ""198305976"", ""161736013""]"
none_subset,5,224885065,214553497,4,170,0,0,0,0,0,0,"[""161281171"", ""171159402"", ""193746035"", ""78155271"", ""179145991"", ""192952375"", ""138898252"", ""215305148"", ""191300394"", ""133632260""]"
none_subset,5,174460622,98844359,4,45,0,0,0,0,0,1,"[""186900944"", ""76695262"", ""72045166"", ""192314331"", ""128402566"", ""144264277"", ""193891234"", ""141130959"", ""79107019"", ""114573844""]"
none_subset,5,198689470,167904329,46,1077,0,0,0,0,0,0,"[""161007649"", ""159369178"", ""79694314"", ""198213747"", ""209335327"", ""101322569"", ""107418978"", ""109531052"", ""207429949"", ""203534611""]"
none_subset,5,136619257,116919077,38,400,0,0,0,0,0,0,"[""71056351"", ""19375583"", ""120604620"", ""8550716"", ""82292513"", ""62361505"", ""122407287"", ""55877012"", ""205623617"", ""102778559""]"
none_subset,5,220911687,207511006,46,467,0,0,0,0,0,0,"[""110268464"", ""204631912"", ""197423739"", ""89928081"", ""105064166"", ""116035823"", ""188529439"", ""142865415"", ""78514000"", ""194051265""]"
none_subset,5,206215905,193971301,46,456,0,0,0,0,0,0,"[""79060647"", ""211987120"", ""85179633"", ""215428176"", ""209168311"", ""118565908"", ""145266309"", ""32925561"", ""206395045"", ""179440577""]"
none_subset,5,147835919,109553539,57,627,0,0,0,0,0,0,"[""213401068"", ""207070552"", ""197740362"", ""82721637"", ""201144087"", ""190635064"", ""204417143"", ""68798250"", ""86771304"", ""131667486""]"
none_subset,5,217014172,199183086,4,126,0,0,0,0,0,0,"[""202571906"", ""191316160"", ""201657691"", ""160129846"", ""189901460"", ""205600080"", ""195830492"", ""183509496"", ""201904090"", ""185360306""]"
none_subset,5,221604106,47210633,46,342,0,0,0,0,0,0,"[""210836917"", ""201332278"", ""213559285"", ""213655844"", ""211441287"", ""208306039"", ""201537422"", ""208224187"", ""99983742"", ""191200569""]"
none_subset,5,225307361,167076720,4,1536,0,0,0,0,0,0,"[""56134226"", ""155106827"", ""194338856"", ""194377968"", ""201066421"", ""192752207"", ""177466971"", ""214045806"", ""77968334"", ""183642706""]"
none_subset,5,175812917,143083752,4,1,1,1,1,1,1,1,"[""143083752"", ""139418370"", ""77929117"", ""115483149"", ""201707698"", ""171818167"", ""208901976"", ""155703180"", ""207414127"", ""118933944""]"
none_subset,5,114303774,103124712,64,687,0,0,0,0,0,0,"[""73276751"", ""177968315"", ""106777734"", ""156077786"", ""195841911"", ""179647447"", ""209149616"", ""141983245"", ""124963799"", ""126295674""]"
none_subset,5,202509146,169250822,4,37,0,0,0,0,0,1,"[""91314033"", ""185524151"", ""166929709"", ""202029081"", ""199502835"", ""199082024"", ""157610724"", ""203618170"", ""171284832"", ""202936499""]"
none_subset,5,224965621,153434097,57,291,0,0,0,0,0,0,"[""208914800"", ""149224940"", ""173685075"", ""212788032"", ""207769474"", ""204790013"", ""204632529"", ""180330820"", ""180300061"", ""128787820""]"
none_subset,5,204840247,176456204,4,2140,0,0,0,0,0,0,"[""203537664"", ""168012970"", ""211027940"", ""184090522"", ""130751930"", ""146357422"", ""199751511"", ""196949098"", ""211654053"", ""212215373""]"
none_subset,5,117933765,105129945,46,1335,0,0,0,0,0,0,"[""178172222"", ""201405341"", ""166291959"", ""47199408"", ""100952535"", ""76493325"", ""109762523"", ""137171317"", ""121183627"", ""65618657""]"
none_subset,5,211029286,188032543,43,265,0,0,0,0,0,0,"[""96489120"", ""127664189"", ""191707492"", ""188690647"", ""132745959"", ""126121357"", ""73201099"", ""125639474"", ""141261592"", ""88539862""]"
none_subset,5,184332298,128148041,57,165,0,0,0,0,0,0,"[""12178696"", ""138406659"", ""131667486"", ""207769586"", ""153865654"", ""211640040"", ""197740362"", ""203042119"", ""206545534"", ""121442603""]"
none_subset,5,172405255,137739430,43,387,0,0,0,0,0,0,"[""182050443"", ""138812364"", ""204803959"", ""208008027"", ""180095819"", ""98638580"", ""194880726"", ""168783197"", ""201971973"", ""178361669""]"
none_subset,5,129628659,112300488,62,725,0,0,0,0,0,0,"[""7191392"", ""199881295"", ""79050446"", ""52577956"", ""199979859"", ""207318555"", ""75620137"", ""206185867"", ""201968923"", ""209588722""]"
none_subset,5,191015798,157712872,43,249,0,0,0,0,0,0,"[""212213338"", ""174826827"", ""209666551"", ""184091403"", ""182902299"", ""200208585"", ""206235265"", ""178271380"", ""185121060"", ""202025930""]"
none_subset,5,151650613,129074795,37,635,0,0,0,0,0,0,"[""105298093"", ""174101198"", ""204165195"", ""177988004"", ""145815769"", ""158889960"", ""127751465"", ""131100407"", ""52148907"", ""193943543""]"
none_subset,5,217331110,200733855,37,157,0,0,0,0,0,0,"[""194408004"", ""204860223"", ""191911000"", ""133351365"", ""188912090"", ""206146010"", ""75362158"", ""210502009"", ""215484131"", ""174101148""]"
none_subset,5,222261498,194697374,64,1501,0,0,0,0,0,0,"[""213253358"", ""172914507"", ""213429313"", ""206088529"", ""213086582"", ""202978110"", ""162587856"", ""81957796"", ""165481383"", ""93476336""]"
none_subset,5,171262250,134980017,38,1519,0,0,0,0,0,0,"[""130737214"", ""194116496"", ""95323314"", ""148395469"", ""167154238"", ""150396233"", ""133301327"", ""182108171"", ""109654297"", ""139494203""]"
none_subset,5,184540324,155460756,4,1687,0,0,0,0,0,0,"[""195539587"", ""207099729"", ""189899644"", ""165785804"", ""200588216"", ""162282416"", ""191307999"", ""180005065"", ""212639315"", ""161037037""]"
none_subset,5,218794085,181542391,37,23,0,0,0,0,1,1,"[""192913849"", ""215287161"", ""191027835"", ""79677704"", ""212293518"", ""201520095"", ""161133997"", ""75770971"", ""148238241"", ""164055285""]"
none_subset,5,184956157,157367139,4,164,0,0,0,0,0,0,"[""144373105"", ""149095048"", ""63004444"", ""16847694"", ""191214295"", ""173055109"", ""152028023"", ""191695909"", ""138975756"", ""197921332""]"
none_subset,5,175342849,125536521,43,47,0,0,0,0,0,1,"[""170651164"", ""190372173"", ""166344121"", ""139961406"", ""138107182"", ""164461764"", ""205915561"", ""168783197"", ""145672403"", ""173084581""]"
none_subset,5,121771536,46560698,57,2029,0,0,0,0,0,0,"[""170340056"", ""193741544"", ""214410624"", ""180280221"", ""210561069"", ""210160297"", ""139632037"", ""171123945"", ""211675843"", ""179747268""]"
none_subset,5,200570966,110053800,57,886,0,0,0,0,0,0,"[""212461400"", ""211668933"", ""213299500"", ""202643099"", ""208808041"", ""212373319"", ""146715052"", ""210566036"", ""211144254"", ""183322220""]"
none_subset,5,221513750,203597419,64,725,0,0,0,0,0,0,"[""212429237"", ""206880666"", ""124963799"", ""130269008"", ""176873473"", ""167172273"", ""65008306"", ""105081789"", ""126295674"", ""196906365""]"
none_subset,5,142673438,100854450,38,1422,0,0,0,0,0,0,"[""128022775"", ""214115231"", ""187952856"", ""173793300"", ""117484080"", ""157714512"", ""207422358"", ""51821730"", ""205645402"", ""114646293""]"
none_subset,5,201772249,176689628,4,268,0,0,0,0,0,0,"[""157610724"", ""13713734"", ""186674454"", ""177128650"", ""47487946"", ""139117884"", ""110925434"", ""75386523"", ""126589900"", ""209174509""]"
none_subset,5,195569513,158417007,37,246,0,0,0,0,0,0,"[""145798285"", ""163475905"", ""126694563"", ""131057179"", ""143030980"", ""209057260"", ""204006241"", ""161133997"", ""141739385"", ""166388322""]"
none_subset,5,114045368,77678538,64,94,0,0,0,0,0,0,"[""185451532"", ""96431966"", ""152518752"", ""110169876"", ""166141828"", ""164025251"", ""148414231"", ""211987351"", ""148979593"", ""79130254""]"
none_subset,5,219729199,189984269,43,65,0,0,0,0,0,0,"[""211890870"", ""194521791"", ""203477271"", ""146832585"", ""116962789"", ""117813626"", ""154018041"", ""153867752"", ""135684446"", ""145855101""]"
none_subset,5,78453154,79994734,62,88,0,0,0,0,0,0,"[""113866351"", ""45013331"", ""162263431"", ""44501361"", ""212966939"", ""117835777"", ""70381552"", ""104128337"", ""46137767"", ""144080444""]"
none_subset,5,205309599,160068637,37,1276,0,0,0,0,0,0,"[""206528763"", ""155814820"", ""144568931"", ""183797214"", ""196431210"", ""210082244"", ""211215773"", ""156634898"", ""200937476"", ""169257920""]"
none_subset,5,215803527,121260031,64,73,0,0,0,0,0,0,"[""211873793"", ""151373996"", ""95477523"", ""66459509"", ""145311547"", ""117946057"", ""210451384"", ""65959521"", ""131561726"", ""209791442""]"
none_subset,5,222161193,127768087,4,119,0,0,0,0,0,0,"[""145725802"", ""139479783"", ""106341011"", ""195078342"", ""205681670"", ""206213620"", ""105544053"", ""210974244"", ""215222519"", ""108788103""]"
none_subset,5,161392807,94016043,62,796,0,0,0,0,0,0,"[""82677281"", ""212090087"", ""213971984"", ""185145276"", ""206927728"", ""169122754"", ""187176056"", ""200028880"", ""210957793"", ""118491483""]"
none_subset,5,155741367,134502106,57,1485,0,0,0,0,0,0,"[""121902729"", ""165637321"", ""99228573"", ""194409455"", ""200462582"", ""125339147"", ""98039533"", ""134702798"", ""158555938"", ""122408162""]"
none_subset,5,220807537,204659845,57,46,0,0,0,0,0,1,"[""165685416"", ""205371893"", ""194409455"", ""134702798"", ""191497108"", ""200462582"", ""163237626"", ""206545534"", ""180363453"", ""200450069""]"
none_subset,5,56997833,61128649,62,940,0,0,0,0,0,0,"[""130642042"", ""193241960"", ""207007802"", ""151308081"", ""199438255"", ""129898062"", ""129445274"", ""134905481"", ""91550082"", ""142923518""]"
none_subset,5,220381743,205089575,62,1456,0,0,0,0,0,0,"[""32200239"", ""189107795"", ""104128337"", ""117835777"", ""32384255"", ""74169769"", ""138120106"", ""148871348"", ""203810365"", ""58074978""]"
none_subset,5,61236714,59245151,43,30,0,0,0,0,1,1,"[""102607626"", ""15015983"", ""147179804"", ""139780746"", ""61372398"", ""59547777"", ""204449585"", ""164097777"", ""120188232"", ""98581026""]"
none_subset,5,207455362,183689008,4,194,0,0,0,0,0,0,"[""197090565"", ""207097865"", ""200589462"", ""200026065"", ""200030726"", ""207099729"", ""189202376"", ""207143420"", ""50948393"", ""191033158""]"
none_subset,5,168341646,130621262,38,1868,0,0,0,0,0,0,"[""99753126"", ""115023866"", ""189799383"", ""86568738"", ""70118559"", ""145871617"", ""110313752"", ""108421334"", ""169019310"", ""112389064""]"
none_subset,5,218576676,200806157,46,205,0,0,0,0,0,0,"[""110268464"", ""213672603"", ""197423739"", ""204631912"", ""180804264"", ""188805088"", ""111102057"", ""165704043"", ""197454401"", ""158281753""]"
none_subset,5,124317114,109323350,57,1480,0,0,0,0,0,0,"[""98114432"", ""196325559"", ""108271130"", ""213812098"", ""50936577"", ""68575803"", ""205016601"", ""185769659"", ""199152288"", ""113082402""]"
none_subset,5,216420739,198700939,57,140,0,0,0,0,0,0,"[""187760067"", ""205792958"", ""212489788"", ""195501205"", ""209173908"", ""207954191"", ""208101032"", ""208607384"", ""166538115"", ""132207298""]"
none_subset,5,205170167,180083904,62,578,0,0,0,0,0,0,"[""111966078"", ""163318703"", ""173885386"", ""154677877"", ""203645491"", ""16082541"", ""141783929"", ""81832914"", ""203766686"", ""17218907""]"
none_subset,5,220045550,101312348,38,80,0,0,0,0,0,0,"[""171929830"", ""56367133"", ""211890068"", ""132567182"", ""85120764"", ""186173164"", ""147686192"", ""76490987"", ""53171694"", ""142870223""]"
none_subset,5,174047840,135451052,4,43,0,0,0,0,0,1,"[""191300394"", ""161281171"", ""197859740"", ""159659843"", ""147828982"", ""126042350"", ""145619366"", ""50763598"", ""203130825"", ""46147970""]"
none_subset,5,180512284,115629895,64,508,0,0,0,0,0,0,"[""167158322"", ""136401281"", ""208234215"", ""168608952"", ""162799044"", ""156077786"", ""124127139"", ""187986270"", ""124192379"", ""213984446""]"
none_subset,5,176245799,145782832,38,24,0,0,0,0,1,1,"[""93923477"", ""44353494"", ""168644115"", ""69722104"", ""181551206"", ""64731721"", ""174919483"", ""71140696"", ""109267269"", ""19105395""]"
none_subset,5,214546595,195055828,37,378,0,0,0,0,0,0,"[""191538851"", ""198478244"", ""87450438"", ""209855515"", ""116240817"", ""181408383"", ""131961169"", ""186811713"", ""187719393"", ""165332079""]"
none_subset,5,57177961,60838304,43,923,0,0,0,0,0,0,"[""178871976"", ""85304386"", ""127635452"", ""152014829"", ""127571978"", ""76024222"", ""181167814"", ""123925115"", ""75839769"", ""103646438""]"
none_subset,5,172933460,63641982,64,392,0,0,0,0,0,0,"[""49931807"", ""63861102"", ""58475692"", ""151526168"", ""148414231"", ""115580730"", ""128961857"", ""94673226"", ""56995363"", ""191437806""]"
none_subset,5,170199834,129359241,64,23,0,0,0,0,1,1,"[""145311547"", ""154598927"", ""45933851"", ""178821617"", ""174772202"", ""212572450"", ""192429012"", ""165315994"", ""72224328"", ""208462795""]"
none_subset,5,223672720,197363388,43,416,0,0,0,0,0,0,"[""148264493"", ""40866643"", ""191248601"", ""209546973"", ""179105716"", ""195408710"", ""108362017"", ""164614636"", ""182870508"", ""152103320""]"
none_subset,5,224815424,126550195,64,107,0,0,0,0,0,0,"[""164633014"", ""62023014"", ""148170791"", ""207085875"", ""131561726"", ""152195416"", ""209791442"", ""194771243"", ""170212811"", ""200123633""]"
none_subset,5,207612822,176670740,37,11,0,0,0,0,1,1,"[""209154292"", ""123971162"", ""183693328"", ""175852737"", ""107367982"", ""182640683"", ""215484131"", ""167990272"", ""208174544"", ""209286799""]"
none_subset,5,163945645,191529007,62,1359,0,0,0,0,0,0,"[""46446514"", ""194843976"", ""156442595"", ""106557292"", ""73563944"", ""138202324"", ""146664101"", ""120273284"", ""122201530"", ""127752448""]"
none_subset,5,180060816,144264277,4,188,0,0,0,0,0,0,"[""179909533"", ""154636066"", ""199488345"", ""94319899"", ""115483149"", ""159570716"", ""144067777"", ""203940118"", ""139418370"", ""146180479""]"
none_subset,5,195375510,162200226,37,228,0,0,0,0,0,0,"[""213471023"", ""141241455"", ""209543868"", ""192163385"", ""167814691"", ""195740726"", ""143865659"", ""98865638"", ""209118001"", ""101457814""]"
none_subset,5,225243021,214643235,4,238,0,0,0,0,0,0,"[""178104667"", ""180843726"", ""172642210"", ""194722275"", ""188605425"", ""211385428"", ""212591356"", ""191316160"", ""191147915"", ""210484477""]"
none_subset,5,106834933,91942518,38,266,0,0,0,0,0,0,"[""208584357"", ""123502593"", ""34102224"", ""100854450"", ""137025491"", ""62361505"", ""58199619"", ""73438643"", ""194365263"", ""44557915""]"
none_subset,5,211646926,181045567,4,1003,0,0,0,0,0,0,"[""139418370"", ""163349092"", ""160501086"", ""153876637"", ""94319899"", ""186775950"", ""115483149"", ""102233014"", ""145094055"", ""158840572""]"
none_subset,5,210605564,186646910,37,234,0,0,0,0,0,0,"[""206293466"", ""191131185"", ""193335758"", ""190788723"", ""138383384"", ""142630827"", ""50850083"", ""201649016"", ""115463757"", ""165767706""]"
none_subset,5,224918550,214968505,4,144,0,0,0,0,0,0,"[""93467050"", ""155106827"", ""200589143"", ""159084171"", ""144513042"", ""188565273"", ""185787629"", ""194338856"", ""160037231"", ""193021423""]"
none_subset,5,198480847,171775539,46,110,0,0,0,0,0,0,"[""174623464"", ""180749212"", ""213744352"", ""203310461"", ""167759245"", ""45769216"", ""160771991"", ""212685047"", ""172912744"", ""166127396""]"
none_subset,5,79745214,81812584,64,1960,0,0,0,0,0,0,"[""174916841"", ""177968315"", ""126295674"", ""165717472"", ""209149616"", ""92304326"", ""136053941"", ""181529530"", ""195841911"", ""163956163""]"
none_subset,5,48794483,75554045,38,263,0,0,0,0,0,0,"[""82057494"", ""206429629"", ""177904480"", ""136280716"", ""74153327"", ""55757524"", ""79223401"", ""167722391"", ""134908634"", ""145417944""]"
none_subset,5,167721852,138308946,4,1237,0,0,0,0,0,0,"[""215580343"", ""205463044"", ""170990011"", ""199379442"", ""200370265"", ""188285916"", ""212819052"", ""169992252"", ""199552231"", ""205217227""]"
none_subset,5,155450786,132289907,64,153,0,0,0,0,0,0,"[""72224328"", ""158126671"", ""177968315"", ""192779268"", ""143226451"", ""188619722"", ""143226636"", ""69227080"", ""200883111"", ""22329772""]"
none_subset,5,223592381,207755116,37,61,0,0,0,0,0,0,"[""137062195"", ""185266696"", ""141241455"", ""187352295"", ""126447640"", ""34493321"", ""192163385"", ""158435107"", ""139290462"", ""146527115""]"
none_subset,5,128891295,113764919,57,910,0,0,0,0,0,0,"[""193568914"", ""172878744"", ""140761987"", ""206116320"", ""122157148"", ""36692830"", ""138785776"", ""113655478"", ""86791172"", ""179662298""]"
none_subset,5,217777998,201905433,43,355,0,0,0,0,0,0,"[""164527202"", ""211667378"", ""170082435"", ""201906627"", ""193585048"", ""164374132"", ""193746203"", ""192319538"", ""201668961"", ""165846121""]"
none_subset,5,211481710,190789377,4,61,0,0,0,0,0,0,"[""153928357"", ""192507369"", ""189901460"", ""193843184"", ""190594964"", ""73825216"", ""160129846"", ""201454668"", ""192424356"", ""183252412""]"
none_subset,5,224668128,214336951,43,632,0,0,0,0,0,0,"[""98747334"", ""134678718"", ""75083855"", ""178363726"", ""105774118"", ""203886811"", ""106268905"", ""194759873"", ""190843616"", ""207192922""]"
none_subset,5,201662927,176402227,4,3,0,1,1,1,1,1,"[""177338367"", ""184090522"", ""176402227"", ""192581557"", ""138891074"", ""110540565"", ""173459316"", ""214408664"", ""181079699"", ""195480266""]"
none_subset,5,215705728,79130254,64,708,0,0,0,0,0,0,"[""2720880"", ""212759587"", ""143374653"", ""121706760"", ""202234647"", ""137448907"", ""109850825"", ""174233976"", ""140315964"", ""100293557""]"
none_subset,5,207269457,109562038,46,12,0,0,0,0,1,1,"[""214160095"", ""58097180"", ""163911793"", ""53547017"", ""166724206"", ""201469244"", ""167339905"", ""213174015"", ""151502148"", ""206602271""]"
none_subset,5,203378996,177115567,64,739,0,0,0,0,0,0,"[""153896185"", ""167161374"", ""20371087"", ""139771827"", ""196219732"", ""207826820"", ""27162317"", ""148267415"", ""201860541"", ""213477902""]"
none_subset,5,170514974,135092085,64,137,0,0,0,0,0,0,"[""145311547"", ""45933851"", ""200033728"", ""136600772"", ""189535903"", ""160548233"", ""178703023"", ""201033612"", ""210148884"", ""72224328""]"
none_subset,5,213853352,191305287,64,848,0,0,0,0,0,0,"[""130875563"", ""98518695"", ""31017779"", ""210923456"", ""113587141"", ""76051036"", ""185413694"", ""105928549"", ""103274645"", ""105016789""]"
none_subset,5,161660267,137935033,43,328,0,0,0,0,0,0,"[""196746909"", ""86885256"", ""145130578"", ""197891724"", ""158182394"", ""143317431"", ""183730361"", ""183965795"", ""163980868"", ""204570694""]"
none_subset,5,205652281,115405939,38,766,0,0,0,0,0,0,"[""191870766"", ""195301933"", ""85120764"", ""171929830"", ""192793555"", ""115694557"", ""173813492"", ""149166152"", ""100946794"", ""73148680""]"
none_subset,5,213799986,154324585,64,281,0,0,0,0,0,0,"[""192498685"", ""207683325"", ""173458489"", ""88249240"", ""161410919"", ""105854962"", ""108386270"", ""161213343"", ""184422473"", ""198307794""]"
none_subset,5,202508544,174770035,4,2086,0,0,0,0,0,0,"[""128402566"", ""98800805"", ""109285514"", ""143872793"", ""56691048"", ""205498846"", ""146168593"", ""174421677"", ""13713734"", ""140425447""]"
none_subset,5,224242506,213870777,4,56,0,0,0,0,0,0,"[""169468429"", ""202029081"", ""215274929"", ""193928045"", ""207397948"", ""210709127"", ""211428834"", ""215274959"", ""212819052"", ""210303017""]"
none_subset,5,205929679,180795487,46,291,0,0,0,0,0,0,"[""201215254"", ""106349059"", ""16339902"", ""129089284"", ""158946684"", ""165756140"", ""134848823"", ""157884203"", ""171694803"", ""117093898""]"
none_subset,5,176134296,148457347,4,177,0,0,0,0,0,0,"[""165897952"", ""44858664"", ""162653386"", ""184994826"", ""156469871"", ""172890535"", ""179874574"", ""129435163"", ""117660981"", ""159922963""]"
none_subset,5,215164166,191705183,46,208,0,0,0,0,0,0,"[""113000796"", ""120543738"", ""142789905"", ""173820001"", ""204616029"", ""164400164"", ""186116554"", ""170352052"", ""191805410"", ""151511658""]"
none_subset,5,209594529,187225097,4,458,0,0,0,0,0,0,"[""181054833"", ""27693819"", ""176566249"", ""156469871"", ""208530280"", ""65093644"", ""190777127"", ""200589143"", ""187600900"", ""190079873""]"
none_subset,5,194785559,166812865,64,422,0,0,0,0,0,0,"[""146444401"", ""181671018"", ""99961916"", ""121260031"", ""134208299"", ""34666160"", ""126387688"", ""163962507"", ""124648849"", ""169440237""]"
none_subset,5,194818892,161497124,46,7,0,0,0,1,1,1,"[""160547557"", ""136586472"", ""174623464"", ""135710902"", ""179855914"", ""194068990"", ""161497124"", ""204029234"", ""151203538"", ""211382509""]"
none_subset,5,209422927,176978968,43,23,0,0,0,0,1,1,"[""186925656"", ""134461446"", ""204449585"", ""185196782"", ""178833613"", ""204570694"", ""120188232"", ""160710926"", ""182081124"", ""112596322""]"
none_subset,5,209385137,181057790,64,1936,0,0,0,0,0,0,"[""204824313"", ""192237530"", ""105652723"", ""179668314"", ""114607994"", ""194094670"", ""138115654"", ""138800320"", ""182382634"", ""103416735""]"
none_subset,5,193926930,119064343,43,1,1,1,1,1,1,1,"[""119064343"", ""67606658"", ""158792208"", ""116962789"", ""127321663"", ""166752829"", ""114685239"", ""59459024"", ""76296759"", ""18269900""]"
none_subset,5,124522237,100809776,46,355,0,0,0,0,0,0,"[""203778148"", ""78390422"", ""210468796"", ""106926227"", ""173138479"", ""205233162"", ""207134724"", ""108322993"", ""198522018"", ""213482572""]"
none_subset,5,117909099,104680991,4,231,0,0,0,0,0,0,"[""202290969"", ""21060681"", ""135783987"", ""167351572"", ""167564443"", ""215209407"", ""169281042"", ""191594192"", ""200796353"", ""202119489""]"
none_subset,5,222892332,172547115,46,137,0,0,0,0,0,0,"[""211336503"", ""212730825"", ""203190117"", ""168791195"", ""210175793"", ""170881830"", ""205545277"", ""78183845"", ""146947584"", ""132894879""]"
none_subset,5,223690993,208584357,38,81,0,0,0,0,0,0,"[""137025491"", ""170938980"", ""124479122"", ""95406694"", ""123502593"", ""154107984"", ""157657051"", ""90058765"", ""194365263"", ""121756181""]"
none_subset,5,216068584,28421314,38,43,0,0,0,0,0,1,"[""69350726"", ""118383153"", ""198984787"", ""76978137"", ""66259210"", ""192721742"", ""47432873"", ""61517646"", ""8550716"", ""201030455""]"
none_subset,5,190170843,149389681,38,43,0,0,0,0,0,1,"[""126213900"", ""205645402"", ""107256101"", ""186533660"", ""117484080"", ""183272380"", ""124826718"", ""99798516"", ""201315205"", ""193857246""]"
none_subset,5,117081899,100690598,38,39,0,0,0,0,0,1,"[""162345431"", ""105902861"", ""185960895"", ""151224480"", ""208707405"", ""187247098"", ""204375245"", ""188544896"", ""206039176"", ""205018667""]"
none_subset,5,210583888,188696626,62,106,0,0,0,0,0,0,"[""187207232"", ""207100364"", ""162715321"", ""187005682"", ""124381580"", ""187006840"", ""70069885"", ""194289010"", ""74279773"", ""139094513""]"
none_subset,5,196081246,162009040,43,462,0,0,0,0,0,0,"[""128872941"", ""145130578"", ""146413132"", ""171888747"", ""119675310"", ""139780746"", ""133220748"", ""35117971"", ""162630675"", ""191583920""]"
none_subset,5,182521870,115864237,64,711,0,0,0,0,0,0,"[""151373996"", ""101587118"", ""518627"", ""193870914"", ""193536959"", ""15001776"", ""176297212"", ""181705179"", ""1923943"", ""129130295""]"
none_subset,5,181876499,103017168,46,1089,0,0,0,0,0,0,"[""172953336"", ""167383627"", ""212857036"", ""204100293"", ""208431676"", ""144597493"", ""211540948"", ""215002844"", ""112985650"", ""170255404""]"
none_subset,5,201650625,86380155,37,146,0,0,0,0,0,0,"[""162164654"", ""192576617"", ""141739385"", ""200142647"", ""65390256"", ""148596814"", ""145696871"", ""190316636"", ""172213324"", ""194261766""]"
none_subset,5,194797571,165829832,46,900,0,0,0,0,0,0,"[""158674717"", ""164719903"", ""171309326"", ""193467718"", ""158262693"", ""31105163"", ""213789646"", ""200806157"", ""203343668"", ""105064166""]"
none_subset,5,161979809,124110006,64,395,0,0,0,0,0,0,"[""130875563"", ""202596735"", ""201276045"", ""206429682"", ""130269008"", ""111684525"", ""156792358"", ""113089781"", ""31017779"", ""204325611""]"
none_subset,5,225320701,209631907,46,6,0,0,0,1,1,1,"[""202077303"", ""142410249"", ""194136520"", ""129879441"", ""200077838"", ""209631907"", ""202488918"", ""202371466"", ""204723094"", ""162020306""]"
none_subset,5,208048114,179803138,46,376,0,0,0,0,0,0,"[""150142821"", ""152102459"", ""151511658"", ""80195905"", ""153408319"", ""113869306"", ""99309357"", ""191792029"", ""203329657"", ""138620481""]"
none_subset,5,217747016,200331414,46,130,0,0,0,0,0,0,"[""149547737"", ""192440420"", ""102024389"", ""142789905"", ""152102459"", ""140110070"", ""209931361"", ""214112052"", ""201966464"", ""151511658""]"
none_subset,5,220095257,194465314,4,367,0,0,0,0,0,0,"[""190013445"", ""158175855"", ""42043129"", ""160501086"", ""113622434"", ""156471159"", ""144995106"", ""153876637"", ""143852845"", ""181699642""]"
none_subset,5,161307230,127751465,37,36,0,0,0,0,0,1,"[""90418462"", ""72146568"", ""133686967"", ""121841349"", ""118684081"", ""192142184"", ""51138626"", ""92247640"", ""137062195"", ""209030923""]"
none_subset,5,155302456,108320509,46,1029,0,0,0,0,0,0,"[""120963350"", ""212456358"", ""203343668"", ""129380311"", ""212434023"", ""138901705"", ""164719903"", ""158674717"", ""204975400"", ""138953275""]"
none_subset,5,222071826,210310500,46,84,0,0,0,0,0,0,"[""211141745"", ""206534835"", ""212306388"", ""210667015"", ""205235605"", ""208503568"", ""213912195"", ""212261718"", ""208337799"", ""201436985""]"
none_subset,5,140138854,119093613,46,67,0,0,0,0,0,0,"[""190912236"", ""92306012"", ""102529512"", ""97623791"", ""12880586"", ""110700672"", ""143366526"", ""105301005"", ""167265746"", ""108786028""]"
none_subset,5,224948603,193793367,64,2,0,1,1,1,1,1,"[""174916841"", ""193793367"", ""177968315"", ""153275921"", ""95788322"", ""195841911"", ""143662194"", ""135170809"", ""76668217"", ""126295674""]"
none_subset,5,195295522,132751926,43,399,0,0,0,0,0,0,"[""200893142"", ""190193667"", ""177591827"", ""139778348"", ""109286694"", ""201313674"", ""121590178"", ""158737000"", ""183215168"", ""67473151""]"
none_subset,5,216305480,199422802,4,4,0,0,1,1,1,1,"[""203048719"", ""153223626"", ""199780246"", ""199422802"", ""160037231"", ""130299986"", ""196176687"", ""153991203"", ""157367139"", ""196267387""]"
none_subset,5,135081167,112930320,4,299,0,0,0,0,0,0,"[""144995106"", ""156901917"", ""113622434"", ""201066421"", ""56134226"", ""137934343"", ""194377968"", ""44842674"", ""118938903"", ""194338856""]"
none_subset,5,211700245,189799383,38,1003,0,0,0,0,0,0,"[""100749834"", ""161174151"", ""171180851"", ""111639650"", ""180865456"", ""144261984"", ""112758593"", ""205112185"", ""169004224"", ""139197933""]"
none_subset,5,225327396,209208662,37,2,0,1,1,1,1,1,"[""183923787"", ""209208662"", ""146962916"", ""200025016"", ""134901665"", ""98128705"", ""138291906"", ""188618147"", ""81340320"", ""121841349""]"
none_subset,5,207497237,148800689,37,11,0,0,0,0,1,1,"[""157798849"", ""203829614"", ""146818815"", ""178236167"", ""128177539"", ""184357547"", ""103057199"", ""193608318"", ""157022245"", ""204950315""]"
none_subset,5,183537865,152727959,37,5,0,0,1,1,1,1,"[""94966858"", ""45171964"", ""116240817"", ""21114364"", ""152727959"", ""29496516"", ""153720008"", ""75561865"", ""145358205"", ""70310902""]"
none_subset,5,181613499,152639237,46,33,0,0,0,0,0,1,"[""190912236"", ""199589936"", ""108786028"", ""77388181"", ""60967653"", ""78570599"", ""12880586"", ""158008511"", ""203329657"", ""104330915""]"
none_subset,5,222590160,202552531,64,671,0,0,0,0,0,0,"[""146444401"", ""169440237"", ""116857348"", ""211406038"", ""146684972"", ""34666160"", ""133614550"", ""178908431"", ""162672027"", ""67677743""]"
none_subset,5,211345994,178305613,4,409,0,0,0,0,0,0,"[""139342323"", ""190075149"", ""187408602"", ""210643102"", ""65093674"", ""197475541"", ""93467050"", ""179962753"", ""209670193"", ""181646106""]"
none_subset,5,224751423,214758060,64,341,0,0,0,0,0,0,"[""209768449"", ""210299128"", ""199479452"", ""202253212"", ""215401813"", ""88248087"", ""206974858"", ""206429682"", ""213788530"", ""134964465""]"
none_subset,5,180288071,147531803,43,327,0,0,0,0,0,0,"[""197891724"", ""207851646"", ""153170041"", ""192317105"", ""183965795"", ""183730361"", ""135871857"", ""162142216"", ""191363897"", ""173981660""]"
none_subset,5,213770937,194478821,38,25,0,0,0,0,1,1,"[""190110099"", ""205170862"", ""196742641"", ""151342069"", ""203456374"", ""189738652"", ""186449527"", ""138045329"", ""186432633"", ""189303189""]"
none_subset,5,199143075,151630608,64,818,0,0,0,0,0,0,"[""183047062"", ""185413694"", ""168633758"", ""139013046"", ""105144259"", ""48108527"", ""147451743"", ""156400594"", ""152603802"", ""112345894""]"
none_subset,5,127293138,102741176,37,59,0,0,0,0,0,0,"[""204992307"", ""162977839"", ""208576745"", ""212047029"", ""170049514"", ""180869206"", ""207110453"", ""212035633"", ""195462928"", ""133924998""]"
none_subset,5,159187996,127512781,64,110,0,0,0,0,0,0,"[""129093190"", ""167740456"", ""122024341"", ""184002672"", ""166184401"", ""166289001"", ""194094670"", ""138800320"", ""194941994"", ""149715107""]"
none_subset,5,41839803,66009090,64,644,0,0,0,0,0,0,"[""103416735"", ""10208777"", ""152209914"", ""190167812"", ""185723367"", ""212566497"", ""186850320"", ""209780102"", ""188599489"", ""63474547""]"
none_subset,5,197586002,170310110,57,1862,0,0,0,0,0,0,"[""194650480"", ""146715052"", ""210566036"", ""210061616"", ""179747268"", ""202643099"", ""211044486"", ""208427757"", ""197209314"", ""211386571""]"
none_subset,5,220845685,165756140,46,754,0,0,0,0,0,0,"[""158729697"", ""206400304"", ""209621390"", ""167076699"", ""210232040"", ""204632637"", ""166650343"", ""203173810"", ""207429949"", ""171164335""]"
none_subset,5,144723417,126898247,37,861,0,0,0,0,0,0,"[""141241455"", ""146527115"", ""213471023"", ""137062195"", ""191986428"", ""167814691"", ""192163385"", ""174857211"", ""185266696"", ""96256428""]"
none_subset,5,221140475,161194868,62,1,1,1,1,1,1,1,"[""161194868"", ""110895997"", ""128589400"", ""201108158"", ""148423515"", ""159454787"", ""199438255"", ""15445290"", ""144402794"", ""133228837""]"
none_subset,5,215133517,173279591,43,2,0,1,1,1,1,1,"[""134999759"", ""173279591"", ""185696449"", ""125934100"", ""192085655"", ""177473145"", ""177472789"", ""209119875"", ""203523440"", ""183751849""]"
none_subset,5,118955952,96112528,62,287,0,0,0,0,0,0,"[""150777456"", ""212901239"", ""196890627"", ""185851832"", ""148914019"", ""178376577"", ""164314400"", ""189968625"", ""191211417"", ""168753901""]"
none_subset,5,161520335,121775976,37,436,0,0,0,0,0,0,"[""211646800"", ""70624061"", ""27598325"", ""160990803"", ""103348357"", ""151964729"", ""159657746"", ""184515969"", ""140907909"", ""153601190""]"
none_subset,5,215206177,183901246,57,449,0,0,0,0,0,0,"[""199101101"", ""186103660"", ""160960703"", ""112503971"", ""111214532"", ""86771304"", ""89574390"", ""75198033"", ""110170047"", ""103801352""]"
none_subset,5,187691330,154904834,38,456,0,0,0,0,0,0,"[""192191594"", ""214890741"", ""167323493"", ""128022775"", ""149343290"", ""166300702"", ""176971005"", ""113326418"", ""197227848"", ""169064521""]"
none_subset,5,225332725,214896797,4,1,1,1,1,1,1,1,"[""214896797"", ""197341708"", ""159659843"", ""191167468"", ""177857518"", ""157611124"", ""207680766"", ""156892251"", ""122581991"", ""207568797""]"
none_subset,5,174712116,139342323,4,957,0,0,0,0,0,0,"[""191564735"", ""195894913"", ""193746035"", ""185556523"", ""192906971"", ""191815855"", ""195648794"", ""172943291"", ""140664871"", ""169443962""]"
none_subset,5,87804149,85130633,57,284,0,0,0,0,0,0,"[""171298197"", ""173433055"", ""205695720"", ""209291153"", ""204956885"", ""209096131"", ""170544078"", ""129401149"", ""203338221"", ""200848821""]"
none_subset,5,195850285,136445502,38,24,0,0,0,0,1,1,"[""137272079"", ""168951987"", ""195545729"", ""206067851"", ""161419745"", ""204880845"", ""93599322"", ""201835961"", ""143848258"", ""208393437""]"
none_subset,5,37254924,41145233,43,93,0,0,0,0,0,0,"[""144744853"", ""192287850"", ""146898856"", ""147531803"", ""118484592"", ""196601703"", ""192576430"", ""151940220"", ""99234253"", ""211030648""]"
none_subset,5,177089730,143848258,38,17,0,0,0,0,1,1,"[""76978137"", ""211454407"", ""109389723"", ""198984787"", ""192510359"", ""193857539"", ""201030455"", ""136445502"", ""157035510"", ""146798535""]"
none_subset,5,142279373,116393868,46,1152,0,0,0,0,0,0,"[""71898634"", ""53654857"", ""73921798"", ""102458654"", ""215475381"", ""136992761"", ""109629224"", ""102458661"", ""208143888"", ""182917310""]"
none_subset,5,166547112,131943838,37,455,0,0,0,0,0,0,"[""209208662"", ""183923787"", ""170049514"", ""113524545"", ""153113645"", ""126929630"", ""81340320"", ""194918694"", ""108702236"", ""156176895""]"
none_subset,5,217687223,52992112,62,83,0,0,0,0,0,0,"[""15942056"", ""124381580"", ""115226483"", ""167352840"", ""193710073"", ""104128337"", ""187005682"", ""117835777"", ""172190870"", ""22079020""]"
none_subset,5,222413500,210871676,62,320,0,0,0,0,0,0,"[""185606507"", ""183755648"", ""204372796"", ""208719189"", ""196478095"", ""213066001"", ""209939770"", ""180448591"", ""192448420"", ""210489322""]"
none_subset,5,209967205,169591737,4,201,0,0,0,0,0,0,"[""149095048"", ""172890535"", ""120663751"", ""144373105"", ""151518049"", ""129435163"", ""16847694"", ""23408401"", ""184587206"", ""170267536""]"
none_subset,5,186680627,155875698,57,1828,0,0,0,0,0,0,"[""212948411"", ""178887145"", ""113047535"", ""56918208"", ""214410624"", ""174908800"", ""162086507"", ""84446338"", ""122877706"", ""122286186""]"
none_subset,5,207494441,183750892,4,36,0,0,0,0,0,1,"[""199780246"", ""192877167"", ""146764647"", ""190574356"", ""190594964"", ""202571906"", ""196026500"", ""191147915"", ""153928357"", ""182794391""]"
none_subset,5,186903115,100680008,38,658,0,0,0,0,0,0,"[""143244996"", ""98884535"", ""97917446"", ""191873092"", ""23348079"", ""192933104"", ""122392168"", ""141801740"", ""37745250"", ""132621870""]"
none_subset,5,113317297,100882487,46,91,0,0,0,0,0,0,"[""146029150"", ""78094109"", ""182136657"", ""147047749"", ""190224714"", ""172250706"", ""28587929"", ""145084375"", ""171227152"", ""205168224""]"
none_subset,5,204024681,158075100,64,20,0,0,0,0,1,1,"[""105144259"", ""183047062"", ""48108527"", ""82453175"", ""168633758"", ""164183551"", ""112345894"", ""180165679"", ""152603802"", ""207422721""]"
none_subset,5,212904755,150577652,4,220,0,0,0,0,0,0,"[""194142299"", ""136474102"", ""191695096"", ""156471159"", ""143852845"", ""130299986"", ""158175855"", ""152028023"", ""171447530"", ""197860156""]"
none_subset,5,224986751,214961917,37,802,0,0,0,0,0,0,"[""173499684"", ""182207000"", ""157139216"", ""207799963"", ""200237857"", ""204151797"", ""174772190"", ""159020956"", ""153367008"", ""174852305""]"
none_subset,5,170918900,135776258,43,891,0,0,0,0,0,0,"[""192784424"", ""176670642"", ""132707717"", ""91477618"", ""57682967"", ""133643986"", ""180180313"", ""66798140"", ""69821437"", ""130448492""]"
none_subset,5,134673711,98741685,38,1269,0,0,0,0,0,0,"[""199347203"", ""199035650"", ""179018718"", ""190110099"", ""121097492"", ""18798683"", ""145697018"", ""71616424"", ""81128902"", ""162849939""]"
none_subset,5,219248296,151333626,38,72,0,0,0,0,0,0,"[""102891416"", ""67142038"", ""204092180"", ""149755002"", ""145720442"", ""168932142"", ""119096193"", ""200521385"", ""130168090"", ""194346900""]"
none_subset,5,209157409,181045567,4,57,0,0,0,0,0,0,"[""147740083"", ""183534248"", ""42368928"", ""63004444"", ""143929940"", ""172890535"", ""187540651"", ""157752611"", ""156469871"", ""149247164""]"
none_subset,5,184280693,156251697,4,987,0,0,0,0,0,0,"[""119644839"", ""114164900"", ""148281605"", ""200963901"", ""156103241"", ""119106930"", ""138975756"", ""153939423"", ""120663751"", ""181715447""]"
none_subset,5,207680174,181683776,4,163,0,0,0,0,0,0,"[""149095048"", ""162653386"", ""172890535"", ""129435163"", ""159922963"", ""180350779"", ""145618143"", ""23408401"", ""50847980"", ""86878993""]"
none_subset,5,111155748,99862014,64,2159,0,0,0,0,0,0,"[""194094670"", ""179201033"", ""181619566"", ""138800320"", ""214583586"", ""188820923"", ""207795709"", ""193298062"", ""156194814"", ""149715107""]"
none_subset,5,93917220,63699736,38,721,0,0,0,0,0,0,"[""171929830"", ""147686192"", ""112929576"", ""76674163"", ""80604101"", ""200625253"", ""155788187"", ""115694557"", ""102237977"", ""139135653""]"
none_subset,5,146255762,81332784,46,98,0,0,0,0,0,0,"[""136987133"", ""213174015"", ""201469244"", ""134421881"", ""144208600"", ""205283945"", ""173484454"", ""100946720"", ""140434515"", ""163192702""]"
none_subset,5,142940456,124330451,38,346,0,0,0,0,0,0,"[""204637998"", ""199347203"", ""126884451"", ""122849837"", ""176796563"", ""168618858"", ""118242163"", ""132567182"", ""114256903"", ""70118559""]"
none_subset,5,42688693,17141705,62,314,0,0,0,0,0,0,"[""104128337"", ""134822754"", ""135330582"", ""117835777"", ""137144214"", ""48004410"", ""157472228"", ""190767280"", ""188010124"", ""103725802""]"
none_subset,5,182878818,146962695,43,285,0,0,0,0,0,0,"[""123028053"", ""60157409"", ""127459019"", ""59458719"", ""160966785"", ""75771817"", ""100215754"", ""206381313"", ""183965795"", ""126415167""]"
none_subset,5,63113161,69904249,38,1403,0,0,0,0,0,0,"[""14434511"", ""13386454"", ""159268049"", ""160458687"", ""37709032"", ""212961430"", ""179876069"", ""155657846"", ""192992682"", ""55870666""]"
none_subset,5,191742216,160129846,4,921,0,0,0,0,0,0,"[""137001312"", ""190013445"", ""204285378"", ""200589143"", ""99472535"", ""74587934"", ""146027073"", ""201066421"", ""183642706"", ""93467050""]"
none_subset,5,186945430,148682248,62,1582,0,0,0,0,0,0,"[""113866351"", ""45013331"", ""162263431"", ""46137767"", ""187207232"", ""117006578"", ""75207324"", ""69690877"", ""7032258"", ""42940692""]"
none_subset,5,168756817,142537342,46,635,0,0,0,0,0,0,"[""102529512"", ""190912236"", ""132867538"", ""128782682"", ""211380085"", ""195464981"", ""137783132"", ""71898794"", ""92306012"", ""75379104""]"
none_subset,5,216158444,190316507,37,215,0,0,0,0,0,0,"[""203730564"", ""208742868"", ""212172992"", ""193995538"", ""151808122"", ""173432313"", ""184818286"", ""211165397"", ""209128550"", ""207481345""]"
none_subset,5,189801807,161417702,37,1006,0,0,0,0,0,0,"[""144129822"", ""187545617"", ""178545557"", ""189073734"", ""105071457"", ""92247640"", ""53389573"", ""197580749"", ""143008719"", ""198753304""]"
none_subset,5,210174308,188363722,57,182,0,0,0,0,0,0,"[""203550692"", ""212895565"", ""201084593"", ""202119079"", ""194292689"", ""173797071"", ""205233758"", ""135799952"", ""191366717"", ""143193156""]"
none_subset,5,77232181,78627576,38,1314,0,0,0,0,0,0,"[""125546461"", ""190563739"", ""112233798"", ""188036287"", ""205529136"", ""154954211"", ""200673130"", ""193575305"", ""192443797"", ""146391804""]"
none_subset,5,65445301,60424871,43,243,0,0,0,0,0,0,"[""178871976"", ""86505092"", ""202516482"", ""75960684"", ""152014829"", ""55350013"", ""163286400"", ""163402666"", ""172028249"", ""112624655""]"
none_subset,5,200314721,165590843,4,202,0,0,0,0,0,0,"[""211541518"", ""74691545"", ""154438637"", ""203914397"", ""195507696"", ""102097613"", ""144990362"", ""137829612"", ""101609584"", ""199394523""]"
none_subset,5,220444471,185912167,38,176,0,0,0,0,0,0,"[""198984787"", ""132680001"", ""192933104"", ""165228799"", ""76978137"", ""106027581"", ""138975231"", ""177616565"", ""125393017"", ""141804705""]"
none_subset,5,212615904,184071121,37,84,0,0,0,0,0,0,"[""94672340"", ""192371053"", ""207481345"", ""187712911"", ""109707567"", ""212776036"", ""164430683"", ""156440997"", ""190646486"", ""156884960""]"
none_subset,5,30383073,28656005,46,149,0,0,0,0,0,0,"[""135652658"", ""172035206"", ""160764333"", ""26599574"", ""148427041"", ""170906364"", ""78347549"", ""16824274"", ""103963518"", ""194793794""]"
none_subset,5,194714542,159200395,37,234,0,0,0,0,0,0,"[""170350787"", ""196428679"", ""154980557"", ""184515969"", ""174852305"", ""158117230"", ""173453762"", ""116006958"", ""133932837"", ""25189123""]"
none_subset,5,188912224,160058303,43,40,0,0,0,0,0,1,"[""168830681"", ""192268643"", ""188230609"", ""194022987"", ""187215484"", ""156536547"", ""136773099"", ""202567733"", ""8324549"", ""201213450""]"
none_subset,5,209501131,182010866,43,19,0,0,0,0,1,1,"[""127321663"", ""140052409"", ""167261762"", ""204623611"", ""18269900"", ""214285576"", ""189313113"", ""152645436"", ""44768555"", ""145855101""]"
none_subset,5,225329898,191805410,46,135,0,0,0,0,0,0,"[""178975230"", ""211380085"", ""71898794"", ""182222562"", ""204633518"", ""176659851"", ""214682235"", ""108322993"", ""174366632"", ""177423877""]"
none_subset,5,112958959,99222832,37,482,0,0,0,0,0,0,"[""149248013"", ""204373274"", ""92919228"", ""85363083"", ""171803364"", ""122241592"", ""103432765"", ""204992307"", ""154942150"", ""152102790""]"
none_subset,5,19734916,7496107,62,964,0,0,0,0,0,0,"[""206927728"", ""188216765"", ""178530215"", ""205247044"", ""210452869"", ""172843229"", ""195764867"", ""191211417"", ""198384646"", ""195501951""]"
none_subset,5,147796710,105081789,64,95,0,0,0,0,0,0,"[""72224328"", ""143226636"", ""174916841"", ""149734769"", ""142231631"", ""22329772"", ""131413365"", ""69227080"", ""165717472"", ""92304326""]"
none_subset,5,183931082,116857348,64,63,0,0,0,0,0,0,"[""146444401"", ""167740456"", ""181671018"", ""129093190"", ""194941994"", ""128607088"", ""153330413"", ""160603185"", ""192392140"", ""152368817""]"
none_subset,5,182877168,151964729,37,1288,0,0,0,0,0,0,"[""152508279"", ""90418462"", ""180764368"", ""51138626"", ""139290462"", ""79730026"", ""84948088"", ""43972733"", ""121841349"", ""129519764""]"
none_subset,5,68668633,74117799,64,1886,0,0,0,0,0,0,"[""83890055"", ""208376832"", ""69885765"", ""203188239"", ""128085943"", ""179740887"", ""207683325"", ""193944748"", ""198307794"", ""184422473""]"
none_subset,5,180590735,151400588,38,677,0,0,0,0,0,0,"[""166300702"", ""169064521"", ""214890741"", ""200481961"", ""193046180"", ""209258995"", ""213448007"", ""192297645"", ""110325303"", ""139135653""]"
none_subset,5,223878241,203489048,43,1062,0,0,0,0,0,0,"[""189165560"", ""192437542"", ""151940220"", ""182972054"", ""89809066"", ""59841256"", ""177166442"", ""211814068"", ""201283434"", ""65223002""]"
none_subset,5,72312635,43476772,64,39,0,0,0,0,0,1,"[""69248477"", ""190043031"", ""167740456"", ""88397191"", ""152293696"", ""129093190"", ""173246608"", ""184002672"", ""201058531"", ""193298062""]"
none_subset,5,216670544,200173512,43,17,0,0,0,0,1,1,"[""211582481"", ""201213450"", ""187215484"", ""210822887"", ""184633847"", ""198087076"", ""203348372"", ""182445092"", ""201905433"", ""195224828""]"
none_subset,5,79772428,72670018,62,1127,0,0,0,0,0,0,"[""207100364"", ""186756267"", ""190186845"", ""104128337"", ""187006840"", ""187005682"", ""193710073"", ""117835777"", ""158661889"", ""162672578""]"
none_subset,5,189014795,156066426,43,106,0,0,0,0,0,0,"[""129483238"", ""196291255"", ""210940174"", ""163370879"", ""214098104"", ""123625697"", ""210778994"", ""163505137"", ""158916391"", ""159945426""]"
none_subset,5,196576597,167833938,57,1324,0,0,0,0,0,0,"[""153865654"", ""94052290"", ""12178696"", ""60587353"", ""180205401"", ""96446850"", ""152199865"", ""149301217"", ""180417908"", ""130782981""]"
none_subset,5,42436354,48307499,37,103,0,0,0,0,0,0,"[""51749408"", ""147794006"", ""33066220"", ""203800537"", ""143865659"", ""16898206"", ""185048961"", ""63579301"", ""198753304"", ""81981879""]"
none_subset,5,210977349,189901460,4,652,0,0,0,0,0,0,"[""196026500"", ""188468393"", ""146249483"", ""196267387"", ""180843726"", ""185880119"", ""163340296"", ""139342323"", ""210484477"", ""191033158""]"
none_subset,5,133539481,116918686,38,831,0,0,0,0,0,0,"[""135619578"", ""99753126"", ""209239234"", ""91690080"", ""96535503"", ""38003672"", ""151312076"", ""202541337"", ""118132660"", ""202803035""]"
none_subset,5,194518674,155647098,57,841,0,0,0,0,0,0,"[""63293833"", ""149427907"", ""202626135"", ""202725978"", ""54771118"", ""160074466"", ""204648894"", ""179670037"", ""200815526"", ""149204965""]"
none_subset,5,175295469,143875665,43,639,0,0,0,0,0,0,"[""130448492"", ""146898856"", ""120544015"", ""181167814"", ""101275830"", ""160407494"", ""209552250"", ""56249203"", ""99992649"", ""120630424""]"
none_subset,5,206040429,135449945,62,578,0,0,0,0,0,0,"[""167750528"", ""207100364"", ""187005682"", ""162672578"", ""74279773"", ""186756267"", ""190186845"", ""71180131"", ""187570461"", ""187006840""]"
none_subset,5,134957970,112046908,38,225,0,0,0,0,0,0,"[""122392168"", ""123190192"", ""154880168"", ""194792551"", ""97917446"", ""149755002"", ""204218454"", ""206303400"", ""103512626"", ""207390508""]"
none_subset,5,42375630,46481554,46,226,0,0,0,0,0,0,"[""16435346"", ""32199561"", ""55839255"", ""59494257"", ""188997673"", ""173318669"", ""39213876"", ""51692336"", ""125408092"", ""33873883""]"
none_subset,5,135329967,116929460,37,89,0,0,0,0,0,0,"[""101004970"", ""161680150"", ""139290462"", ""82620936"", ""50850083"", ""134610044"", ""164141851"", ""203489688"", ""193679263"", ""206293466""]"
none_subset,5,207552768,183764775,4,13,0,0,0,0,1,1,"[""180843726"", ""200030726"", ""196161368"", ""188468393"", ""182581077"", ""191316160"", ""197090565"", ""210484477"", ""194160187"", ""196026500""]"
none_subset,5,223911113,213295875,62,245,0,0,0,0,0,0,"[""208719189"", ""210452869"", ""212412503"", ""197247155"", ""210489322"", ""206927728"", ""178530215"", ""185851832"", ""207503734"", ""185606507""]"
none_subset,5,171901450,134701518,57,1110,0,0,0,0,0,0,"[""177111182"", ""75722520"", ""169054006"", ""125915675"", ""163924604"", ""165671190"", ""167495362"", ""107051025"", ""214034331"", ""191111309""]"
none_subset,5,94318126,79219323,37,383,0,0,0,0,0,0,"[""188967908"", ""136895908"", ""176300467"", ""25189123"", ""81629443"", ""152727959"", ""207846338"", ""119576252"", ""42842956"", ""113225323""]"
none_subset,5,66674874,71990231,4,61,0,0,0,0,0,0,"[""183670529"", ""65451395"", ""189645323"", ""116662369"", ""190067899"", ""214521847"", ""198374943"", ""112871050"", ""190495475"", ""182763611""]"
none_subset,5,197036077,146304930,57,37,0,0,0,0,0,1,"[""162086507"", ""174908800"", ""84446338"", ""113655478"", ""44099846"", ""16684342"", ""122286186"", ""122144532"", ""109983619"", ""178887145""]"
none_subset,5,207669242,183225705,43,1351,0,0,0,0,0,0,"[""189283285"", ""158541186"", ""202216480"", ""206290556"", ""211582481"", ""101892709"", ""113451129"", ""177067604"", ""82639586"", ""185121060""]"
none_subset,5,180751434,150129745,64,219,0,0,0,0,0,0,"[""151373996"", ""121260031"", ""183013744"", ""173661276"", ""518627"", ""181441566"", ""121255930"", ""145311547"", ""63926364"", ""193983183""]"
none_subset,5,221126045,201704588,43,48,0,0,0,0,0,1,"[""108684069"", ""98638580"", ""193746203"", ""208309750"", ""190372173"", ""208345597"", ""208008027"", ""194880726"", ""168783197"", ""170651164""]"
none_subset,5,223230808,212216117,37,25,0,0,0,0,1,1,"[""201561139"", ""196469804"", ""167674987"", ""209386603"", ""201660893"", ""191986428"", ""195014964"", ""150316929"", ""209172335"", ""142508806""]"
none_subset,5,177789215,145698626,4,147,0,0,0,0,0,0,"[""172890535"", ""149095048"", ""76515539"", ""144373105"", ""120663751"", ""184587206"", ""149599673"", ""159922963"", ""163859971"", ""162653386""]"
none_subset,5,222158033,209156180,37,29,0,0,0,0,1,1,"[""136711963"", ""60946553"", ""111625300"", ""214129979"", ""107504819"", ""176935069"", ""101905613"", ""143386642"", ""162492521"", ""134055274""]"
none_subset,5,192119956,149266469,37,1531,0,0,0,0,0,0,"[""103057199"", ""39048064"", ""93714502"", ""162095481"", ""152140191"", ""165920027"", ""146818815"", ""143805569"", ""157022245"", ""126929630""]"
none_subset,5,121225892,105854316,43,16,0,0,0,0,1,1,"[""163223965"", ""207051663"", ""113535350"", ""149017403"", ""207958000"", ""197514276"", ""143190396"", ""113125737"", ""79676853"", ""167483448""]"
none_subset,5,179492657,148382065,43,1152,0,0,0,0,0,0,"[""208096405"", ""127254122"", ""202343187"", ""209546973"", ""140343241"", ""168131196"", ""137780242"", ""208864917"", ""102424723"", ""125638272""]"
none_subset,5,224149841,213430450,43,21,0,0,0,0,1,1,"[""160232614"", ""127979191"", ""136434782"", ""158737000"", ""180392687"", ""207021897"", ""201951948"", ""201004069"", ""209119875"", ""189313113""]"
none_subset,5,197596838,159701581,37,767,0,0,0,0,0,0,"[""161390704"", ""206967323"", ""170350787"", ""183552543"", ""70632915"", ""147947722"", ""192371053"", ""190214362"", ""203837820"", ""103209725""]"
none_subset,5,221943904,206506072,38,740,0,0,0,0,0,0,"[""137025491"", ""170938980"", ""176455982"", ""204985593"", ""194365263"", ""151805156"", ""133404015"", ""100854450"", ""123502593"", ""180784190""]"
none_subset,5,185015935,150778048,37,408,0,0,0,0,0,0,"[""118291817"", ""45171964"", ""153601190"", ""186986472"", ""139778879"", ""187043151"", ""27598325"", ""71957357"", ""153720008"", ""29496516""]"
none_subset,5,214248010,195057440,62,1026,0,0,0,0,0,0,"[""191201365"", ""213770244"", ""69002225"", ""204377471"", ""186169702"", ""99543133"", ""69716297"", ""15942056"", ""205736250"", ""194289010""]"
none_subset,5,156067516,81576657,62,98,0,0,0,0,0,0,"[""195783488"", ""189021318"", ""145702501"", ""209151724"", ""167961448"", ""121026867"", ""208252625"", ""187498988"", ""134618566"", ""210570006""]"
none_subset,5,128825916,106268905,43,72,0,0,0,0,0,0,"[""64515020"", ""53878026"", ""199700611"", ""164461764"", ""126470047"", ""145996061"", ""105774118"", ""83550407"", ""207690552"", ""199927468""]"
none_subset,5,223217989,198209727,64,413,0,0,0,0,0,0,"[""181063353"", ""124963799"", ""145311547"", ""209368038"", ""143662194"", ""208462795"", ""181874277"", ""72224328"", ""158504483"", ""126295674""]"
none_subset,5,225332788,205095267,37,2857,0,0,0,0,0,0,"[""207481345"", ""79464358"", ""150765445"", ""92273591"", ""191148698"", ""201741807"", ""206895628"", ""191571552"", ""82961419"", ""168021556""]"
none_subset,5,221285969,23574939,57,2382,0,0,0,0,0,0,"[""201562377"", ""133227522"", ""194645067"", ""145037371"", ""113033151"", ""191662985"", ""159881542"", ""191898000"", ""112833560"", ""166225948""]"
none_subset,5,187728126,143773318,38,1285,0,0,0,0,0,0,"[""91690080"", ""196304269"", ""99753126"", ""86568738"", ""207664747"", ""180347138"", ""122849837"", ""160458687"", ""169063398"", ""149166152""]"
none_subset,5,158852994,136540208,46,362,0,0,0,0,0,0,"[""31105163"", ""153645570"", ""176660633"", ""194862890"", ""106199788"", ""129089284"", ""211774611"", ""137379383"", ""165756140"", ""177591787""]"
none_subset,5,209913415,168442721,62,1395,0,0,0,0,0,0,"[""99563204"", ""76665110"", ""91550082"", ""134905481"", ""204100209"", ""156885677"", ""165119271"", ""207078341"", ""192577715"", ""153978341""]"
none_subset,5,199877634,146180479,4,395,0,0,0,0,0,0,"[""213835807"", ""209670193"", ""183642706"", ""144683728"", ""193858344"", ""154039318"", ""179258061"", ""85457698"", ""204141781"", ""126762069""]"
none_subset,5,167765054,138066138,37,1602,0,0,0,0,0,0,"[""207956028"", ""188962071"", ""209161669"", ""207035998"", ""185694778"", ""189521463"", ""202325397"", ""192323302"", ""209551298"", ""209128550""]"
none_subset,5,221305283,194840920,4,684,0,0,0,0,0,0,"[""164258790"", ""139416198"", ""199270520"", ""210272731"", ""204678434"", ""138191282"", ""163812085"", ""140209528"", ""45403148"", ""114908572""]"
none_subset,5,207655443,162346539,4,754,0,0,0,0,0,0,"[""168012970"", ""130751930"", ""164648915"", ""166646423"", ""214498383"", ""53882418"", ""57958030"", ""56998165"", ""193934711"", ""111743235""]"
none_subset,5,224728941,177872819,46,995,0,0,0,0,0,0,"[""139649558"", ""196783083"", ""16339902"", ""113999669"", ""194811856"", ""59097004"", ""110900877"", ""81549989"", ""143770600"", ""192342929""]"
none_subset,5,164312178,139504923,46,447,0,0,0,0,0,0,"[""204723094"", ""212809187"", ""197859726"", ""171974189"", ""209621390"", ""158729697"", ""204632637"", ""209145387"", ""109829293"", ""165354631""]"
none_subset,5,39511867,44749628,64,274,0,0,0,0,0,0,"[""46094230"", ""121260031"", ""151373996"", ""167158322"", ""147667682"", ""97428675"", ""186122058"", ""16466362"", ""181441566"", ""98571285""]"
none_subset,5,221007278,204863011,46,362,0,0,0,0,0,0,"[""137561394"", ""166648954"", ""211021581"", ""138617659"", ""61081009"", ""53547017"", ""172197706"", ""195780279"", ""170235414"", ""141583383""]"
none_subset,5,188340553,126776964,38,628,0,0,0,0,0,0,"[""200665837"", ""204089441"", ""201312801"", ""116922022"", ""192443797"", ""144257088"", ""169283590"", ""143829795"", ""138796357"", ""203422514""]"
none_subset,5,176191491,147433235,43,445,0,0,0,0,0,0,"[""171833857"", ""185822792"", ""86505092"", ""75959067"", ""196880896"", ""62551746"", ""145112504"", ""198166094"", ""109495604"", ""66798140""]"
none_subset,5,225285388,210009094,64,112,0,0,0,0,0,0,"[""207726882"", ""214403909"", ""208214699"", ""184550395"", ""150570854"", ""176590943"", ""139802525"", ""211889722"", ""64748486"", ""187276264""]"
none_subset,5,217256940,95787846,64,73,0,0,0,0,0,0,"[""145311547"", ""156229052"", ""150385215"", ""45933851"", ""214883521"", ""154598927"", ""212572450"", ""162799044"", ""191305321"", ""133192411""]"
none_subset,5,219286194,200007082,4,146,0,0,0,0,0,0,"[""200439718"", ""68173330"", ""75598080"", ""204141781"", ""190842115"", ""186739934"", ""144683728"", ""215198902"", ""209670193"", ""193858344""]"
none_subset,5,225328937,182217673,43,38,0,0,0,0,0,1,"[""90355123"", ""162819113"", ""67021588"", ""86370719"", ""112596322"", ""1704333"", ""78343862"", ""67857747"", ""183687457"", ""198700213""]"
none_subset,5,216776054,195252060,64,379,0,0,0,0,0,0,"[""186937016"", ""168712424"", ""207826820"", ""185087026"", ""196286888"", ""210666920"", ""205211783"", ""31566174"", ""213788530"", ""168247151""]"
none_subset,5,88929888,84904092,57,86,0,0,0,0,0,0,"[""84202088"", ""82248629"", ""135872349"", ""196654350"", ""202526079"", ""188420853"", ""79470201"", ""210683531"", ""36469237"", ""76371725""]"
none_subset,5,215442765,190481856,4,594,0,0,0,0,0,0,"[""167076720"", ""177857518"", ""214896797"", ""159659843"", ""204157766"", ""56795758"", ""147828982"", ""157611124"", ""156892251"", ""144016634""]"
none_subset,5,225059433,215139393,38,795,0,0,0,0,0,0,"[""204375245"", ""205235184"", ""203319354"", ""206039176"", ""159012629"", ""162768145"", ""194296875"", ""207283376"", ""162345431"", ""167193773""]"
none_subset,5,164525297,140610901,38,731,0,0,0,0,0,0,"[""136445502"", ""193857539"", ""109389723"", ""194792335"", ""208393437"", ""211454407"", ""141324463"", ""206067851"", ""166302090"", ""150442928""]"
none_subset,5,152402202,130496317,43,98,0,0,0,0,0,0,"[""75802625"", ""138106208"", ""186606199"", ""72421330"", ""104265595"", ""137017957"", ""211526829"", ""180314920"", ""182870508"", ""81706080""]"
none_subset,5,222866408,169019310,38,237,0,0,0,0,0,0,"[""110664117"", ""74273124"", ""202138750"", ""18107447"", ""159864740"", ""183569499"", ""155657846"", ""180023471"", ""179244626"", ""182237895""]"
none_subset,5,185814053,155908916,4,109,0,0,0,0,0,0,"[""209670193"", ""179258061"", ""183642706"", ""201066421"", ""144995106"", ""152685161"", ""56134226"", ""74587934"", ""173259969"", ""156901917""]"
none_subset,5,198199442,165933677,62,1298,0,0,0,0,0,0,"[""191653901"", ""65043149"", ""67539912"", ""147662184"", ""148423515"", ""195510107"", ""194380124"", ""193681633"", ""179824517"", ""191201365""]"
none_subset,5,183922776,54000205,4,148,0,0,0,0,0,0,"[""53541477"", ""193007590"", ""73118528"", ""165897952"", ""174141513"", ""192968334"", ""180266107"", ""90122873"", ""190228386"", ""169715410""]"
none_subset,5,61105325,66742812,43,1210,0,0,0,0,0,0,"[""202847647"", ""198017996"", ""144482435"", ""52806564"", ""210797098"", ""207016056"", ""129585321"", ""132175560"", ""136434782"", ""194343309""]"
none_subset,5,187045406,156470070,38,660,0,0,0,0,0,0,"[""126884451"", ""91690080"", ""109987226"", ""187540091"", ""127571400"", ""122139403"", ""99753126"", ""81577148"", ""147686192"", ""95952428""]"
none_subset,5,41623001,47719129,4,345,0,0,0,0,0,0,"[""23408401"", ""129435163"", ""51294207"", ""176039610"", ""76515539"", ""86878993"", ""178109092"", ""142553971"", ""200384605"", ""113779353""]"
none_subset,5,81846769,79676853,43,445,0,0,0,0,0,0,"[""206569394"", ""121864251"", ""167043645"", ""207172875"", ""162536514"", ""164870997"", ""148202513"", ""207719707"", ""157989085"", ""132793063""]"
none_subset,5,203548595,87345780,57,692,0,0,0,0,0,0,"[""152811727"", ""211329611"", ""214733917"", ""124638694"", ""193349740"", ""75722520"", ""125915675"", ""191111309"", ""169054006"", ""165671190""]"
none_subset,5,126281703,108003168,38,444,0,0,0,0,0,0,"[""82057494"", ""177904480"", ""174709825"", ""213805230"", ""173704802"", ""206429629"", ""135874550"", ""159013209"", ""157625011"", ""160449838""]"
none_subset,5,215144932,196368309,64,650,0,0,0,0,0,0,"[""78458855"", ""173661276"", ""1923943"", ""106247745"", ""121255930"", ""144646883"", ""119491080"", ""144366134"", ""105898966"", ""131561726""]"
none_subset,5,213811620,63293833,57,206,0,0,0,0,0,0,"[""88411977"", ""204648894"", ""178650612"", ""23266957"", ""149204965"", ""158659146"", ""43311456"", ""157758093"", ""102144765"", ""75778769""]"
none_subset,5,224184002,212293169,64,76,0,0,0,0,0,0,"[""167740456"", ""152293696"", ""69248477"", ""184002672"", ""129093190"", ""160603185"", ""166184401"", ""201578875"", ""88397191"", ""190304668""]"
none_subset,5,139698862,117866061,37,244,0,0,0,0,0,0,"[""204992307"", ""133924998"", ""40661702"", ""102506020"", ""66708197"", ""208576745"", ""155900040"", ""188083340"", ""207110453"", ""152102790""]"
none_subset,5,222045268,210273576,4,53,0,0,0,0,0,0,"[""9924656"", ""146976388"", ""166106900"", ""206947052"", ""164756819"", ""183465667"", ""108342269"", ""193007590"", ""90122873"", ""181915374""]"
none_subset,5,63275424,65960411,43,1933,0,0,0,0,0,0,"[""180987149"", ""156989303"", ""214969346"", ""120188232"", ""127816748"", ""186726793"", ""203338637"", ""161591199"", ""201313674"", ""172403975""]"
none_subset,5,201091796,171038010,4,1666,0,0,0,0,0,0,"[""150456310"", ""80097875"", ""56795758"", ""188935668"", ""213696130"", ""119900827"", ""201906192"", ""147828982"", ""86385298"", ""179874926""]"
none_subset,5,213506306,194031199,4,350,0,0,0,0,0,0,"[""188074441"", ""172884595"", ""194307771"", ""195744792"", ""160129846"", ""202571906"", ""199067357"", ""145646315"", ""189901460"", ""201357350""]"
none_subset,5,224617222,171025610,64,1592,0,0,0,0,0,0,"[""187914316"", ""152337991"", ""128603026"", ""70397289"", ""187707055"", ""206213762"", ""151435657"", ""73275498"", ""95187471"", ""156561876""]"
none_subset,5,142769851,111061767,43,2168,0,0,0,0,0,0,"[""169520509"", ""126702260"", ""45817946"", ""185138279"", ""154676816"", ""159960194"", ""201690715"", ""96930178"", ""157809653"", ""106164509""]"
none_subset,5,218995188,165024808,46,615,0,0,0,0,0,0,"[""184646371"", ""193074174"", ""127947793"", ""208493172"", ""59097004"", ""106349059"", ""206745230"", ""81549989"", ""194811856"", ""196783083""]"
none_subset,5,214405765,74204224,43,172,0,0,0,0,0,0,"[""79596516"", ""127321663"", ""198489911"", ""201971973"", ""18269900"", ""114163759"", ""162612749"", ""138812364"", ""201409854"", ""54786988""]"
none_subset,5,163127963,134221699,38,378,0,0,0,0,0,0,"[""176455982"", ""67142038"", ""202112251"", ""149755002"", ""200389144"", ""200521385"", ""64528586"", ""58199619"", ""204985593"", ""92748634""]"
none_subset,5,134092901,118156059,43,519,0,0,0,0,0,0,"[""61372398"", ""144463129"", ""193103331"", ""127047625"", ""192784424"", ""120188232"", ""201259036"", ""102607626"", ""165082890"", ""183029564""]"
none_subset,5,205692591,82808529,64,2207,0,0,0,0,0,0,"[""183047062"", ""48108527"", ""32842438"", ""185454425"", ""105144259"", ""196368507"", ""112056185"", ""148445574"", ""214814333"", ""98518695""]"
none_subset,5,208366867,183270553,37,58,0,0,0,0,0,0,"[""201913249"", ""134950442"", ""162868831"", ""196323233"", ""162230699"", ""141081466"", ""175392694"", ""158861355"", ""142394805"", ""169698195""]"
none_subset,5,183543814,155947772,38,707,0,0,0,0,0,0,"[""157657051"", ""45579165"", ""204880845"", ""74273124"", ""120957343"", ""184684820"", ""125066164"", ""179244626"", ""214394715"", ""150802146""]"
none_subset,5,132852676,69248477,64,445,0,0,0,0,0,0,"[""181619566"", ""103416735"", ""90897593"", ""63474547"", ""186850320"", ""201421429"", ""196347311"", ""107055611"", ""151526168"", ""104135674""]"
none_subset,5,195382135,166571190,46,491,0,0,0,0,0,0,"[""160304046"", ""132699103"", ""190912236"", ""200715240"", ""141879198"", ""99857262"", ""193095250"", ""60967653"", ""211380085"", ""77388181""]"
none_subset,5,20438195,11666277,62,670,0,0,0,0,0,0,"[""32936165"", ""137566298"", ""168785007"", ""67894406"", ""68111638"", ""168941268"", ""104128337"", ""76790091"", ""59483405"", ""103725802""]"
none_subset,5,188427762,130875451,38,296,0,0,0,0,0,0,"[""98969149"", ""107054492"", ""195301933"", ""173813492"", ""75182035"", ""196304269"", ""192793555"", ""102676974"", ""160458687"", ""98740279""]"
none_subset,5,60824477,58955704,64,400,0,0,0,0,0,0,"[""198307794"", ""79121811"", ""194095205"", ""179740887"", ""69885765"", ""83890055"", ""181955550"", ""121442493"", ""190786565"", ""166184401""]"
none_subset,5,140198057,118242163,38,59,0,0,0,0,0,0,"[""204637998"", ""151342069"", ""211769488"", ""199347203"", ""121097492"", ""176796563"", ""173428109"", ""145697018"", ""168166428"", ""205428792""]"
none_subset,5,184399712,154732137,37,46,0,0,0,0,0,1,"[""195296935"", ""153099679"", ""191911000"", ""190075252"", ""197955172"", ""211094404"", ""190568516"", ""191137542"", ""100843460"", ""156513351""]"
none_subset,5,220020505,138026153,38,655,0,0,0,0,0,0,"[""186533660"", ""166298317"", ""201315205"", ""169647353"", ""160076768"", ""205645402"", ""167154256"", ""187550813"", ""126213900"", ""172935259""]"
none_subset,5,201728666,174586724,46,3,0,1,1,1,1,1,"[""196783083"", ""195152908"", ""174586724"", ""193874948"", ""139649558"", ""174837469"", ""210128394"", ""138830136"", ""127947793"", ""106800463""]"
none_subset,5,29544782,17588522,4,660,0,0,0,0,0,0,"[""175596949"", ""159049760"", ""116057633"", ""164495014"", ""215209407"", ""105642237"", ""40365043"", ""154708788"", ""148281605"", ""159734891""]"
none_subset,5,174272749,143611276,43,1117,0,0,0,0,0,0,"[""190372173"", ""164527202"", ""182050443"", ""153867752"", ""200894620"", ""171798974"", ""108684069"", ""208008027"", ""127321663"", ""198017996""]"
none_subset,5,199053162,161334927,57,917,0,0,0,0,0,0,"[""207491043"", ""200107430"", ""165678018"", ""201084593"", ""196325151"", ""200047293"", ""202119079"", ""195606087"", ""178369063"", ""183152391""]"
none_subset,5,76745510,71210763,46,1224,0,0,0,0,0,0,"[""98678440"", ""210837002"", ""105775833"", ""61233280"", ""167525245"", ""170654653"", ""114943400"", ""194361633"", ""171578170"", ""193573844""]"
none_subset,5,199131029,144049941,62,1997,0,0,0,0,0,0,"[""76665110"", ""129445274"", ""113547578"", ""156885677"", ""214511493"", ""193241960"", ""200031809"", ""100102954"", ""138978724"", ""134905481""]"
none_subset,5,187224507,153091037,37,475,0,0,0,0,0,0,"[""89454786"", ""165767706"", ""180869206"", ""198753304"", ""16898206"", ""203800537"", ""150919901"", ""52435800"", ""200024420"", ""63579301""]"
none_subset,5,224740648,154090124,38,114,0,0,0,0,0,0,"[""74273124"", ""151108044"", ""20918033"", ""80808508"", ""165955684"", ""179876069"", ""182369007"", ""45579165"", ""66287825"", ""159835737""]"
none_subset,5,220439487,203377602,62,125,0,0,0,0,0,0,"[""124381580"", ""193710073"", ""207100364"", ""201064532"", ""22079020"", ""117835777"", ""203335692"", ""15942056"", ""135157671"", ""153923303""]"
none_subset,5,219251026,203992364,64,487,0,0,0,0,0,0,"[""202527449"", ""160686884"", ""174340250"", ""82846737"", ""209149604"", ""136347027"", ""160087743"", ""96320844"", ""144281937"", ""78148654""]"
none_subset,5,187508039,136496108,62,1170,0,0,0,0,0,0,"[""76665110"", ""134905481"", ""151308081"", ""113547578"", ""165119231"", ""156885677"", ""156119933"", ""207078341"", ""91550082"", ""207100364""]"
none_subset,5,214067749,181646106,4,251,0,0,0,0,0,0,"[""152685161"", ""209670193"", ""137934343"", ""146961197"", ""179258061"", ""56134226"", ""65093674"", ""183725729"", ""156901917"", ""88119764""]"
none_subset,5,216694304,200271479,62,2,0,1,1,1,1,1,"[""167732430"", ""200271479"", ""109144733"", ""150180683"", ""183670981"", ""209171711"", ""122507339"", ""73423883"", ""161141246"", ""167656283""]"
none_subset,5,201918089,176600488,46,985,0,0,0,0,0,0,"[""205769669"", ""79988383"", ""104127006"", ""215475381"", ""102764457"", ""168394424"", ""169485140"", ""61233280"", ""210836993"", ""203313787""]"
none_subset,5,47122871,41756235,43,1220,0,0,0,0,0,0,"[""114124021"", ""90355123"", ""49931795"", ""59841256"", ""68189198"", ""101762103"", ""198700213"", ""183687457"", ""54226204"", ""125860815""]"
none_subset,5,222892044,211669271,64,698,0,0,0,0,0,0,"[""213564938"", ""213253358"", ""169695317"", ""202978110"", ""167849719"", ""172458661"", ""114557802"", ""201240967"", ""202253212"", ""213086582""]"
none_subset,5,169319496,136515877,43,92,0,0,0,0,0,0,"[""160598030"", ""162644598"", ""100333045"", ""84074518"", ""137771001"", ""183716498"", ""126702260"", ""33389792"", ""18292202"", ""100215754""]"
none_subset,5,125288533,108861780,4,223,0,0,0,0,0,0,"[""207566657"", ""36482821"", ""180862612"", ""162319116"", ""153116755"", ""206286077"", ""105063903"", ""193746035"", ""148649464"", ""209429175""]"
none_subset,5,195356107,167530279,62,184,0,0,0,0,0,0,"[""72763415"", ""146878510"", ""150945055"", ""125457528"", ""193706706"", ""173383036"", ""132110473"", ""134917876"", ""192458679"", ""19629237""]"
none_subset,5,208455419,184515969,37,24,0,0,0,0,1,1,"[""158117230"", ""188967908"", ""121775976"", ""91090509"", ""140907909"", ""109130798"", ""58893791"", ""40240729"", ""150612100"", ""42842956""]"
none_subset,5,208182607,182783107,62,2437,0,0,0,0,0,0,"[""183534059"", ""158203951"", ""146315787"", ""176333450"", ""148791903"", ""121464697"", ""193706706"", ""194296646"", ""66465401"", ""130184436""]"
none_subset,5,214465153,187955925,38,732,0,0,0,0,0,0,"[""92430066"", ""160458687"", ""147652742"", ""207664747"", ""201030455"", ""159864740"", ""174530040"", ""193797330"", ""116226486"", ""196947068""]"
none_subset,5,186760791,155870634,4,904,0,0,0,0,0,0,"[""152685161"", ""209670193"", ""201066421"", ""179804262"", ""144995106"", ""56134226"", ""65093674"", ""126604867"", ""156901917"", ""137934343""]"
none_subset,5,194665533,157482383,46,125,0,0,0,0,0,0,"[""110268464"", ""174465659"", ""129089284"", ""64234906"", ""134848823"", ""119695215"", ""99453113"", ""132605956"", ""139649558"", ""16339902""]"
none_subset,5,218470994,203493090,4,535,0,0,0,0,0,0,"[""6658108"", ""208649934"", ""215209407"", ""202725813"", ""176007653"", ""199802363"", ""178501633"", ""138056332"", ""212792058"", ""211538436""]"
none_subset,5,223715437,208996795,62,266,0,0,0,0,0,0,"[""19558627"", ""37722747"", ""163318709"", ""209588722"", ""213194224"", ""120960441"", ""166506446"", ""7191392"", ""162229737"", ""85051086""]"
none_subset,5,69981774,24433447,62,1716,0,0,0,0,0,0,"[""127682307"", ""125173216"", ""172047615"", ""156966977"", ""187064730"", ""205137345"", ""86295030"", ""52152330"", ""188361417"", ""213858568""]"
none_subset,5,220609947,191700438,37,126,0,0,0,0,0,0,"[""137567904"", ""192414071"", ""158771565"", ""61710118"", ""138625062"", ""149298273"", ""153610553"", ""204531217"", ""153191227"", ""186735671""]"
none_subset,5,172785626,140687112,62,1716,0,0,0,0,0,0,"[""152815967"", ""17141885"", ""188696626"", ""106557292"", ""164437495"", ""67894406"", ""94546694"", ""136870941"", ""123678493"", ""52848243""]"
none_subset,5,209414180,186937016,64,27,0,0,0,0,1,1,"[""192179303"", ""211987351"", ""144366134"", ""187325416"", ""129348881"", ""187944465"", ""210666920"", ""187016162"", ""193656471"", ""205736876""]"
none_subset,5,182325239,78218137,64,1381,0,0,0,0,0,0,"[""138115654"", ""181619566"", ""146464930"", ""194094670"", ""128607088"", ""97354544"", ""110133798"", ""179015555"", ""199805267"", ""167740456""]"
none_subset,5,172259600,140907909,37,659,0,0,0,0,0,0,"[""121116115"", ""51981897"", ""21423746"", ""162095481"", ""149631379"", ""33066220"", ""100774234"", ""188742562"", ""149017929"", ""147794006""]"
none_subset,5,177017394,148559209,43,572,0,0,0,0,0,0,"[""177260407"", ""153567645"", ""154676816"", ""185138279"", ""108317078"", ""160598030"", ""178871976"", ""103646438"", ""156881929"", ""106164509""]"
none_subset,5,218283913,195332849,37,43,0,0,0,0,0,1,"[""192511179"", ""192569315"", ""132867062"", ""186270944"", ""153092663"", ""168157454"", ""151207249"", ""201067865"", ""111525161"", ""162276026""]"
none_subset,5,224935448,200715695,38,15,0,0,0,0,1,1,"[""203456374"", ""86748527"", ""155797300"", ""206728210"", ""206821652"", ""205481720"", ""189303189"", ""208342286"", ""188783492"", ""191737393""]"
none_subset,5,59634381,63004444,4,375,0,0,0,0,0,0,"[""77968334"", ""156469871"", ""158857170"", ""144251877"", ""19861371"", ""177466971"", ""182361800"", ""174770035"", ""42368928"", ""133755220""]"
none_subset,5,223974127,213482572,46,160,0,0,0,0,0,0,"[""173634775"", ""210880528"", ""201461152"", ""204759997"", ""157471709"", ""146586089"", ""203915067"", ""167121709"", ""184445663"", ""158137346""]"
none_subset,5,187675681,111085092,38,137,0,0,0,0,0,0,"[""207664747"", ""113999751"", ""201030455"", ""192992682"", ""171755799"", ""209258995"", ""160458687"", ""140048877"", ""142087844"", ""202829895""]"
none_subset,5,210813984,181699642,4,92,0,0,0,0,0,0,"[""209670193"", ""201066421"", ""193858344"", ""173259969"", ""183642706"", ""144995106"", ""56134226"", ""189148609"", ""183725729"", ""152685161""]"
none_subset,5,123223889,104127006,46,84,0,0,0,0,0,0,"[""174623464"", ""179855914"", ""180749212"", ""204635544"", ""169165853"", ""160547557"", ""194138608"", ""173668368"", ""205208810"", ""158778091""]"
none_subset,5,135523212,116240817,37,30,0,0,0,0,1,1,"[""66495486"", ""158117230"", ""88534873"", ""58893791"", ""100015328"", ""140907909"", ""94966858"", ""40240729"", ""53410176"", ""188967908""]"
none_subset,5,181412969,166272408,43,219,0,0,0,0,0,0,"[""177227364"", ""88578062"", ""211582481"", ""165130009"", ""150578488"", ""203348372"", ""193581474"", ""203995902"", ""182445092"", ""194022987""]"
none_subset,5,195193381,160686884,64,52,0,0,0,0,0,0,"[""129093190"", ""122175441"", ""116423938"", ""166289001"", ""166184401"", ""122024341"", ""53453982"", ""201449249"", ""146887481"", ""157000160""]"
none_subset,5,8242218,6658108,4,729,0,0,0,0,0,0,"[""205390513"", ""198808044"", ""206276218"", ""9924656"", ""171765093"", ""45403148"", ""108342269"", ""190777107"", ""212639315"", ""100901027""]"
none_subset,5,209410188,185723367,64,547,0,0,0,0,0,0,"[""117946057"", ""181441566"", ""188610188"", ""210451384"", ""151373996"", ""211873793"", ""213984446"", ""65959521"", ""193870914"", ""66459509""]"
none_subset,5,179871206,150394632,37,1303,0,0,0,0,0,0,"[""184357547"", ""142397694"", ""143785487"", ""128177539"", ""146962916"", ""151240773"", ""194655381"", ""151546541"", ""169510905"", ""204666072""]"
none_subset,5,163060754,106343904,62,365,0,0,0,0,0,0,"[""150940601"", ""139296753"", ""207242661"", ""203394975"", ""187570461"", ""165279109"", ""203378428"", ""167750528"", ""161751974"", ""173850609""]"
none_subset,5,216062725,172884595,4,23,0,0,0,0,1,1,"[""160129846"", ""195830492"", ""201657691"", ""201357350"", ""189901460"", ""196470181"", ""155609199"", ""202571906"", ""192331154"", ""188074441""]"
none_subset,5,199958816,173824567,46,2115,0,0,0,0,0,0,"[""210626515"", ""132867538"", ""178975230"", ""183939554"", ""127485588"", ""126613385"", ""160537607"", ""78696152"", ""155710762"", ""214682235""]"
none_subset,5,183586159,128098941,37,612,0,0,0,0,0,0,"[""190075252"", ""190113798"", ""144682254"", ""117257931"", ""151028514"", ""209000043"", ""140164328"", ""181777102"", ""194962417"", ""55814406""]"
none_subset,5,139811710,121324439,62,700,0,0,0,0,0,0,"[""209579537"", ""212334345"", ""211901178"", ""154898137"", ""125457528"", ""79175068"", ""82614637"", ""128533237"", ""132102628"", ""154719095""]"
none_subset,5,170237519,117006578,62,4,0,0,1,1,1,1,"[""187207232"", ""69690877"", ""45013331"", ""117006578"", ""113866351"", ""42940692"", ""80344615"", ""46137767"", ""162263431"", ""32798611""]"
none_subset,5,195318248,161147605,37,457,0,0,0,0,0,0,"[""89454786"", ""16898206"", ""203800537"", ""165767706"", ""52435800"", ""200024420"", ""180869206"", ""96678439"", ""147794006"", ""63579301""]"
none_subset,5,206075921,169435001,46,330,0,0,0,0,0,0,"[""133321026"", ""148554569"", ""206843208"", ""47199408"", ""165803311"", ""192859823"", ""178975230"", ""194422099"", ""109762523"", ""153105815""]"
none_subset,5,100867984,91035907,57,108,0,0,0,0,0,0,"[""88411977"", ""143756184"", ""12228591"", ""114134647"", ""97162914"", ""138618540"", ""17825658"", ""178650612"", ""37397887"", ""109323350""]"
none_subset,5,209791876,107331925,43,45,0,0,0,0,0,1,"[""202025930"", ""191583920"", ""197718308"", ""173758947"", ""208864917"", ""72463184"", ""67909736"", ""180442618"", ""164251704"", ""178271380""]"
none_subset,5,224130840,194261583,46,158,0,0,0,0,0,0,"[""197814070"", ""205283945"", ""173566780"", ""176714216"", ""180749192"", ""134421881"", ""101842282"", ""134014211"", ""205284050"", ""165830048""]"
none_subset,5,223420921,212469100,46,17,0,0,0,0,1,1,"[""136320022"", ""205395255"", ""211028341"", ""210856802"", ""171636556"", ""171164335"", ""207227762"", ""78566379"", ""177522465"", ""172344554""]"
none_subset,5,222677275,209124215,4,250,0,0,0,0,0,0,"[""196026500"", ""188468393"", ""197090565"", ""210484477"", ""188605425"", ""196161368"", ""180843726"", ""195510728"", ""203466268"", ""202571906""]"
none_subset,5,140229338,122181220,57,207,0,0,0,0,0,0,"[""40488723"", ""138618540"", ""37397887"", ""99531049"", ""86061978"", ""134704180"", ""151871416"", ""110306995"", ""128122761"", ""64029908""]"
none_subset,5,196267500,142499231,4,12,0,0,0,0,1,1,"[""202167018"", ""93696567"", ""12396291"", ""187964382"", ""204826660"", ""149759096"", ""181843286"", ""171946204"", ""142416895"", ""197547141""]"
none_subset,5,184906862,153113645,37,280,0,0,0,0,0,0,"[""137567904"", ""194568706"", ""138625062"", ""202331502"", ""211944194"", ""169510905"", ""61710118"", ""80627031"", ""124537731"", ""209045757""]"
none_subset,5,204995496,164098406,64,21,0,0,0,0,1,1,"[""70397289"", ""156281163"", ""206213762"", ""152337991"", ""95187471"", ""128603026"", ""187914316"", ""133169923"", ""151064154"", ""194687988""]"
none_subset,5,150224460,124215587,38,374,0,0,0,0,0,0,"[""159155121"", ""180533985"", ""156836340"", ""76674163"", ""160076768"", ""168951957"", ""143848258"", ""211611161"", ""155140064"", ""156470070""]"
none_subset,5,222981811,211809068,4,543,0,0,0,0,0,0,"[""178104667"", ""207985124"", ""188285916"", ""212819052"", ""188605425"", ""185133383"", ""190121568"", ""205217227"", ""180575809"", ""212457708""]"
none_subset,5,119236072,106792362,38,1287,0,0,0,0,0,0,"[""120618466"", ""68304286"", ""174530040"", ""113999751"", ""160458687"", ""28399802"", ""150396233"", ""149166152"", ""192992682"", ""207664747""]"
none_subset,5,78479277,55373470,64,454,0,0,0,0,0,0,"[""107659439"", ""173622957"", ""34755694"", ""206372980"", ""144281937"", ""181079853"", ""124814963"", ""205896386"", ""116423938"", ""148267415""]"
none_subset,5,213826296,194374377,37,1314,0,0,0,0,0,0,"[""187812442"", ""186179843"", ""16898206"", ""164935921"", ""146818815"", ""198753304"", ""102274756"", ""185048961"", ""160127507"", ""193719358""]"
none_subset,5,179398796,143030980,37,52,0,0,0,0,0,0,"[""155255611"", ""93923480"", ""93396423"", ""209030923"", ""90418462"", ""138306490"", ""175906876"", ""186711825"", ""173457533"", ""64645018""]"
none_subset,5,224139233,211667378,43,34,0,0,0,0,0,1,"[""164527202"", ""166148334"", ""208864917"", ""193401579"", ""185897088"", ""189168111"", ""193393666"", ""196161702"", ""170651164"", ""177564619""]"
none_subset,5,88158135,76586668,37,1,1,1,1,1,1,1,"[""76586668"", ""210451253"", ""134055274"", ""211415830"", ""40964362"", ""84416822"", ""145639775"", ""79464358"", ""101905613"", ""209553393""]"
none_subset,5,221359391,202029162,64,2267,0,0,0,0,0,0,"[""154324585"", ""65008714"", ""208033167"", ""179210556"", ""70607335"", ""82846737"", ""168315905"", ""96320844"", ""164732342"", ""208465437""]"
none_subset,5,195794862,124508627,38,1,1,1,1,1,1,1,"[""124508627"", ""123259370"", ""182333897"", ""139494203"", ""147652742"", ""205481720"", ""165753540"", ""148395469"", ""140030159"", ""95323314""]"
none_subset,5,166498224,123480831,4,11,0,0,0,0,1,1,"[""185556523"", ""204826660"", ""182183775"", ""126128930"", ""74573249"", ""117771611"", ""138966111"", ""51992415"", ""210169790"", ""103676177""]"
none_subset,5,113510417,102624613,38,284,0,0,0,0,0,0,"[""194792551"", ""122392168"", ""162918532"", ""60638606"", ""108033709"", ""61530422"", ""209895579"", ""151333626"", ""193133447"", ""186762905""]"
none_subset,5,213563483,190912236,46,11,0,0,0,0,1,1,"[""132699103"", ""153152250"", ""12880586"", ""44855147"", ""102529512"", ""78570599"", ""32288484"", ""155950947"", ""182917310"", ""37708588""]"
none_subset,5,213076500,192410120,4,45,0,0,0,0,0,1,"[""201657691"", ""182904703"", ""208780104"", ""160129846"", ""202571906"", ""193413498"", ""189901460"", ""191909632"", ""205600080"", ""200072530""]"
none_subset,5,207371562,85388350,38,32,0,0,0,0,0,1,"[""204092180"", ""67142038"", ""149755002"", ""119096193"", ""210599483"", ""130168090"", ""207283376"", ""102891416"", ""179192843"", ""168932142""]"
none_subset,5,170799193,142786924,62,1698,0,0,0,0,0,0,"[""192653562"", ""67163751"", ""61171420"", ""76575420"", ""107347698"", ""108815727"", ""126297909"", ""179449692"", ""143226394"", ""158763261""]"
none_subset,5,157935470,137663096,64,389,0,0,0,0,0,0,"[""192237530"", ""127512781"", ""202234647"", ""167679113"", ""59483816"", ""116423938"", ""156194814"", ""138800320"", ""206417241"", ""114607994""]"
none_subset,5,221793800,207709809,64,101,0,0,0,0,0,0,"[""70397289"", ""55550671"", ""126296430"", ""95187471"", ""155116255"", ""152337991"", ""121294809"", ""190758206"", ""194687988"", ""174387123""]"
none_subset,5,163553686,140059192,43,2621,0,0,0,0,0,0,"[""66709739"", ""66709745"", ""137780242"", ""208096405"", ""183965795"", ""173981660"", ""127459019"", ""125638272"", ""148264493"", ""128872941""]"
none_subset,5,79477223,50363701,64,1661,0,0,0,0,0,0,"[""151526168"", ""148414231"", ""63861102"", ""31683521"", ""113850105"", ""155183786"", ""63474547"", ""201421429"", ""171025610"", ""140676990""]"
none_subset,5,62806163,67822220,62,1493,0,0,0,0,0,0,"[""101066716"", ""150060889"", ""178964015"", ""156814814"", ""186943676"", ""208335318"", ""125173216"", ""45997741"", ""148891602"", ""117006578""]"
none_subset,5,222707355,210160269,62,90,0,0,0,0,0,0,"[""213971984"", ""185145276"", ""198039882"", ""149874064"", ""207242661"", ""82677281"", ""200028880"", ""204555441"", ""187176056"", ""108664006""]"
none_subset,5,110437116,87886557,62,439,0,0,0,0,0,0,"[""32263557"", ""141918937"", ""76790091"", ""146789147"", ""52773606"", ""132104523"", ""203378428"", ""201321273"", ""82382971"", ""161635823""]"
none_subset,5,80727090,51294207,4,1114,0,0,0,0,0,0,"[""119900827"", ""150456310"", ""102233014"", ""176566249"", ""201906192"", ""203910236"", ""152685161"", ""147828982"", ""137934343"", ""209670193""]"
none_subset,5,147100623,128611931,62,489,0,0,0,0,0,0,"[""69002225"", ""101066716"", ""125173216"", ""148891602"", ""77177472"", ""127120146"", ""120605363"", ""186943676"", ""187594694"", ""200920132""]"
none_subset,5,190773415,153434097,57,1000,0,0,0,0,0,0,"[""184945351"", ""192623892"", ""212175738"", ""194650480"", ""197135877"", ""121596250"", ""197209314"", ""213085643"", ""205128045"", ""209726587""]"
none_subset,5,224133090,194938661,4,35,0,0,0,0,0,1,"[""194446742"", ""206799452"", ""145698626"", ""144251877"", ""203390748"", ""207414127"", ""179812166"", ""176819214"", ""52058795"", ""156469871""]"
none_subset,5,221095450,207841001,37,2044,0,0,0,0,0,0,"[""167798254"", ""190569345"", ""210562159"", ""210502009"", ""136164746"", ""210307849"", ""158889960"", ""210226726"", ""201328927"", ""166772714""]"
none_subset,5,208008581,28587929,46,43,0,0,0,0,0,1,"[""210724130"", ""213475469"", ""101304130"", ""108971427"", ""172250706"", ""204078169"", ""146029150"", ""171227160"", ""167525245"", ""212530716""]"
none_subset,5,210415984,188761133,4,235,0,0,0,0,0,0,"[""152685161"", ""154267881"", ""146961197"", ""65093674"", ""209670193"", ""88119764"", ""137934343"", ""144513042"", ""179258061"", ""131169849""]"
none_subset,5,182600643,144143200,37,635,0,0,0,0,0,0,"[""121841349"", ""81340320"", ""89464961"", ""106707591"", ""117410846"", ""103731169"", ""131943838"", ""144129822"", ""110765869"", ""172603509""]"
none_subset,5,210471413,190358880,46,892,0,0,0,0,0,0,"[""184612826"", ""208493172"", ""194854155"", ""193074174"", ""212857036"", ""134691092"", ""167464610"", ""193206170"", ""193874948"", ""213237768""]"
none_subset,5,135107773,96824128,38,1584,0,0,0,0,0,0,"[""144591834"", ""176574849"", ""150834782"", ""208225541"", ""120726041"", ""128049462"", ""96718826"", ""85388350"", ""186767110"", ""153901522""]"
none_subset,5,124840811,110325303,38,388,0,0,0,0,0,0,"[""168951957"", ""194567057"", ""84270721"", ""135581400"", ""174211220"", ""150442928"", ""192510359"", ""76674163"", ""212801979"", ""170016553""]"
none_subset,5,217084111,200875902,4,982,0,0,0,0,0,0,"[""209670193"", ""200589143"", ""139342323"", ""200030726"", ""201066421"", ""213127345"", ""207097865"", ""56134226"", ""192752207"", ""190503853""]"
none_subset,5,115285017,104128337,62,1,1,1,1,1,1,1,"[""104128337"", ""135330582"", ""117835777"", ""157472228"", ""137144214"", ""32936165"", ""32200239"", ""168941268"", ""167352840"", ""212966939""]"
none_subset,5,194202949,167566947,46,84,0,0,0,0,0,0,"[""212429674"", ""141003470"", ""111471139"", ""150754478"", ""170881830"", ""53547017"", ""78183845"", ""177962710"", ""195780279"", ""172696525""]"
none_subset,5,49482906,56833135,64,225,0,0,0,0,0,0,"[""185413694"", ""143226451"", ""44104238"", ""153271284"", ""134302572"", ""63897092"", ""197129848"", ""165481383"", ""131569653"", ""168355301""]"
none_subset,5,150814959,102116724,46,418,0,0,0,0,0,0,"[""143366526"", ""15325925"", ""92306012"", ""119093613"", ""105301005"", ""97623791"", ""12880586"", ""103017168"", ""127485588"", ""124457377""]"
none_subset,5,182574603,153205005,37,1333,0,0,0,0,0,0,"[""94966858"", ""66495486"", ""40240729"", ""66064117"", ""100015328"", ""158117230"", ""29496516"", ""21114364"", ""140907909"", ""66740441""]"
none_subset,5,182596207,154443104,64,34,0,0,0,0,0,1,"[""128826000"", ""194116845"", ""182382634"", ""156194814"", ""71321183"", ""56995363"", ""204824313"", ""194094670"", ""151526168"", ""138800320""]"
none_subset,5,175107909,99469226,38,199,0,0,0,0,0,0,"[""140138816"", ""68304286"", ""183569499"", ""174530040"", ""182237895"", ""155657846"", ""207100353"", ""37709032"", ""173789105"", ""172317716""]"
none_subset,5,172386087,144723349,37,55,0,0,0,0,0,0,"[""21114364"", ""29496516"", ""8855059"", ""141163497"", ""45171964"", ""38725558"", ""66495486"", ""211863626"", ""33034849"", ""90418462""]"
none_subset,5,186539771,57596469,57,383,0,0,0,0,0,0,"[""63293833"", ""202725978"", ""208717293"", ""202526079"", ""202626135"", ""76371725"", ""196654350"", ""53787784"", ""201990472"", ""185361449""]"
none_subset,5,224433695,130607036,64,1232,0,0,0,0,0,0,"[""167740456"", ""181671018"", ""129093190"", ""197888192"", ""160603185"", ""152293696"", ""128607088"", ""146444401"", ""141327265"", ""202169422""]"
none_subset,5,220875311,206145191,62,46,0,0,0,0,0,1,"[""108815727"", ""126297909"", ""169777180"", ""12231700"", ""188745646"", ""200030259"", ""35329065"", ""107347698"", ""168067824"", ""209401746""]"
none_subset,5,209289778,206437718,38,135,0,0,0,0,0,0,"[""165228799"", ""198984787"", ""138975231"", ""55877012"", ""103512626"", ""192933104"", ""192587307"", ""198468875"", ""201418449"", ""163646287""]"
none_subset,5,211633732,186938801,64,1426,0,0,0,0,0,0,"[""187138250"", ""88249240"", ""211889722"", ""208628985"", ""200505701"", ""192779268"", ""196286726"", ""147671714"", ""114337642"", ""188619722""]"
none_subset,5,192954657,121769331,37,873,0,0,0,0,0,0,"[""157798849"", ""152102790"", ""204992307"", ""212047029"", ""117786165"", ""212263607"", ""195045046"", ""208576745"", ""162977839"", ""119637829""]"
none_subset,5,211337769,60532395,4,180,0,0,0,0,0,0,"[""202119489"", ""124893597"", ""76695262"", ""112540745"", ""145084686"", ""179140612"", ""202362364"", ""159049760"", ""117771611"", ""195740450""]"
none_subset,5,207359338,180794567,43,172,0,0,0,0,0,0,"[""191583920"", ""202025930"", ""67909736"", ""164251704"", ""168131196"", ""209546973"", ""128872941"", ""66709745"", ""66709739"", ""137780242""]"
none_subset,5,181119347,152594710,38,35,0,0,0,0,0,1,"[""133136953"", ""55870666"", ""38003672"", ""37709032"", ""165955684"", ""179244626"", ""154090124"", ""185682289"", ""203702170"", ""18107447""]"
none_subset,5,192089775,141708436,43,258,0,0,0,0,0,0,"[""129633706"", ""193281522"", ""190006266"", ""179173495"", ""120935714"", ""182726743"", ""192825778"", ""129748527"", ""182659497"", ""166965091""]"
none_subset,5,169202014,115792264,64,136,0,0,0,0,0,0,"[""196328856"", ""118462041"", ""209370105"", ""200859322"", ""184410319"", ""164643454"", ""149540426"", ""95857401"", ""63404553"", ""181447269""]"
none_subset,5,155898722,126525390,62,517,0,0,0,0,0,0,"[""168941268"", ""191098407"", ""147831197"", ""59702181"", ""156283424"", ""104128337"", ""130924897"", ""207100364"", ""946452"", ""193710073""]"
none_subset,5,211085207,187320580,4,83,0,0,0,0,0,0,"[""202571906"", ""186079283"", ""195830492"", ""201357350"", ""196470181"", ""191316160"", ""205600080"", ""201657691"", ""200344150"", ""155908916""]"
none_subset,5,111236993,97545603,37,1205,0,0,0,0,0,0,"[""194408004"", ""210502009"", ""191911000"", ""133351365"", ""173640245"", ""192617496"", ""121097766"", ""196890344"", ""75362158"", ""207110453""]"
none_subset,5,85665818,81445491,62,556,0,0,0,0,0,0,"[""89506987"", ""204435102"", ""80550172"", ""185123384"", ""185153563"", ""152893544"", ""205254156"", ""128616299"", ""202975496"", ""150361414""]"
none_subset,5,199996991,170147206,4,215,0,0,0,0,0,0,"[""189148609"", ""173259969"", ""154636066"", ""193858344"", ""146649572"", ""190340453"", ""144683728"", ""144067777"", ""144995106"", ""145800774""]"
none_subset,5,164955237,134994151,37,1881,0,0,0,0,0,0,"[""207846338"", ""157270034"", ""204151797"", ""102282269"", ""113225323"", ""174690214"", ""127620302"", ""176300467"", ""195332849"", ""159020956""]"
none_subset,5,217442847,201658546,43,31,0,0,0,0,0,1,"[""177227364"", ""213139647"", ""115302143"", ""88578062"", ""209483560"", ""181080509"", ""194022987"", ""188409353"", ""211582481"", ""150578488""]"
none_subset,5,172403730,76977277,38,131,0,0,0,0,0,0,"[""151333626"", ""121564255"", ""49391991"", ""192587307"", ""104506104"", ""57745679"", ""81220432"", ""205579072"", ""17545320"", ""97083478""]"
none_subset,5,140287781,123170607,43,148,0,0,0,0,0,0,"[""118484592"", ""146898856"", ""90355123"", ""125529016"", ""112320644"", ""87877269"", ""214850326"", ""115645977"", ""157034330"", ""209552250""]"
none_subset,5,200638032,172191290,37,1674,0,0,0,0,0,0,"[""145639775"", ""132869646"", ""172870615"", ""209002652"", ""170278658"", ""175850308"", ""180243968"", ""185970047"", ""211987844"", ""211317455""]"
none_subset,5,119991899,107659439,64,66,0,0,0,0,0,0,"[""166184401"", ""122175441"", ""122024341"", ""198307794"", ""116423938"", ""138800320"", ""184002672"", ""129093190"", ""157000160"", ""149715107""]"
none_subset,5,198158905,164230111,46,505,0,0,0,0,0,0,"[""129879441"", ""191705183"", ""204723094"", ""186116554"", ""165073004"", ""22408044"", ""102715451"", ""194733810"", ""215475381"", ""152102459""]"
none_subset,5,209598796,186925656,43,775,0,0,0,0,0,0,"[""182659497"", ""193281522"", ""212847147"", ""197634421"", ""118156059"", ""38841821"", ""185690306"", ""148635203"", ""118484592"", ""96854864""]"
none_subset,5,203010575,176571185,64,1683,0,0,0,0,0,0,"[""206705882"", ""208628985"", ""132519466"", ""85531879"", ""136600772"", ""157103060"", ""196574884"", ""160548233"", ""210298620"", ""174719538""]"
none_subset,5,222626912,171227160,46,1024,0,0,0,0,0,0,"[""102529512"", ""211380085"", ""176661515"", ""78570599"", ""208035235"", ""32288484"", ""60967653"", ""155950947"", ""138620481"", ""190912236""]"
none_subset,5,61618898,60295246,62,856,0,0,0,0,0,0,"[""58245381"", ""61854824"", ""1975349"", ""185405124"", ""113290454"", ""150920608"", ""19560737"", ""196372563"", ""14027620"", ""113904136""]"
none_subset,5,205174555,122483687,62,738,0,0,0,0,0,0,"[""7032258"", ""82614637"", ""15723967"", ""4357432"", ""61035623"", ""152364935"", ""162263431"", ""108780050"", ""44501361"", ""48622006""]"
none_subset,5,225336989,131581832,37,1555,0,0,0,0,0,0,"[""93714502"", ""151437967"", ""152140191"", ""21423746"", ""140336042"", ""162095481"", ""152508279"", ""103057199"", ""124354943"", ""20494402""]"
none_subset,5,198174415,129949845,43,15,0,0,0,0,1,1,"[""66798140"", ""176670642"", ""136943547"", ""130448492"", ""120630424"", ""171833857"", ""140052556"", ""49833634"", ""133643986"", ""29596208""]"
none_subset,5,184554656,86866783,43,241,0,0,0,0,0,0,"[""89602786"", ""189165560"", ""126121357"", ""102691911"", ""73201099"", ""90011446"", ""88539862"", ""135474915"", ""106236737"", ""137515745""]"
none_subset,5,223713571,173196317,64,982,0,0,0,0,0,0,"[""183737495"", ""127444518"", ""201926731"", ""195252134"", ""165423791"", ""190758206"", ""195080854"", ""149622839"", ""209836031"", ""174151402""]"
none_subset,5,199746354,169922901,4,179,0,0,0,0,0,0,"[""181096990"", ""214409401"", ""202190653"", ""165897952"", ""159922963"", ""177531279"", ""76515539"", ""113779353"", ""139492976"", ""164130570""]"
none_subset,5,207524726,180961442,43,107,0,0,0,0,0,0,"[""210822887"", ""180844785"", ""211582481"", ""195224828"", ""183765224"", ""143795279"", ""201905433"", ""189297376"", ""202227389"", ""113451129""]"
none_subset,5,224986236,194958352,37,82,0,0,0,0,0,0,"[""201740861"", ""180221400"", ""211802210"", ""192323302"", ""167814691"", ""208174544"", ""191294127"", ""188414894"", ""141656944"", ""213416559""]"
none_subset,5,223299919,212317993,4,242,0,0,0,0,0,0,"[""211858811"", ""180843726"", ""196026500"", ""184322806"", ""208268059"", ""178104667"", ""168099979"", ""201211887"", ""194722275"", ""199021905""]"
none_subset,5,164990518,140488166,4,324,0,0,0,0,0,0,"[""169868864"", ""215393606"", ""128402566"", ""143872793"", ""214275181"", ""141130959"", ""172642297"", ""110260360"", ""205463044"", ""56691048""]"
none_subset,5,154133298,146207857,46,133,0,0,0,0,0,0,"[""135652658"", ""28355710"", ""162996731"", ""79060647"", ""138969592"", ""32127644"", ""202089470"", ""108720557"", ""214160095"", ""202089453""]"
none_subset,5,224478372,211203480,38,93,0,0,0,0,0,0,"[""205465606"", ""100749834"", ""188326498"", ""153672609"", ""133973101"", ""169004224"", ""167519616"", ""192509185"", ""133691689"", ""203319354""]"
none_subset,5,45015704,71089233,64,670,0,0,0,0,0,0,"[""176297212"", ""203509707"", ""121260031"", ""151315331"", ""120966979"", ""129130295"", ""46094230"", ""113590277"", ""138322181"", ""151373996""]"
none_subset,5,223077999,209174509,4,144,0,0,0,0,0,0,"[""188285916"", ""190121568"", ""195078992"", ""201461303"", ""188509360"", ""202016099"", ""210721272"", ""211170774"", ""195596465"", ""184322806""]"
none_subset,5,67459375,72266723,46,357,0,0,0,0,0,0,"[""59097004"", ""194811856"", ""16339902"", ""110268464"", ""106349059"", ""110900877"", ""99309357"", ""21000985"", ""129427671"", ""197423739""]"
none_subset,5,210856081,39020816,57,367,0,0,0,0,0,0,"[""105791090"", ""102488247"", ""103100336"", ""158906371"", ""187950832"", ""156161422"", ""80684151"", ""82074015"", ""57914854"", ""212916655""]"
none_subset,5,186892785,139178433,64,993,0,0,0,0,0,0,"[""46094230"", ""147667682"", ""167158322"", ""162799044"", ""59982269"", ""124508209"", ""168608952"", ""187986270"", ""176297212"", ""74162951""]"
none_subset,5,101611615,63641979,62,113,0,0,0,0,0,0,"[""211334137"", ""116117359"", ""172011253"", ""132245237"", ""146490896"", ""75511022"", ""128589400"", ""192396971"", ""124432701"", ""206062280""]"
none_subset,5,159166978,135553147,4,39,0,0,0,0,0,1,"[""136053108"", ""197046560"", ""146976388"", ""197461829"", ""190228386"", ""209260365"", ""206279065"", ""208316697"", ""206947052"", ""206016133""]"
none_subset,5,225235285,37219891,64,1130,0,0,0,0,0,0,"[""118284407"", ""182382634"", ""167679113"", ""125668173"", ""23370473"", ""207491949"", ""125561073"", ""154897370"", ""138803213"", ""170931595""]"
none_subset,5,197791490,167800204,46,13,0,0,0,0,1,1,"[""155463873"", ""209783146"", ""163712975"", ""171073715"", ""174492089"", ""127285945"", ""205748662"", ""161075605"", ""144484944"", ""172344554""]"
none_subset,5,102418082,80903797,57,1333,0,0,0,0,0,0,"[""197755311"", ""167495362"", ""196654350"", ""176767835"", ""149204965"", ""179916473"", ""76371725"", ""102144765"", ""204648894"", ""213471408""]"
none_subset,5,114268368,97820261,43,93,0,0,0,0,0,0,"[""183029564"", ""181955635"", ""156087601"", ""194521791"", ""96930178"", ""183716498"", ""154390259"", ""61372398"", ""155438071"", ""184136574""]"
none_subset,5,202665173,176931775,46,1163,0,0,0,0,0,0,"[""211441287"", ""204980714"", ""214020106"", ""203118933"", ""173406684"", ""159203778"", ""212546063"", ""178779098"", ""100946720"", ""213699346""]"
none_subset,5,111494545,100563053,37,305,0,0,0,0,0,0,"[""107202977"", ""180764368"", ""40661702"", ""139290462"", ""66708197"", ""197580749"", ""84948088"", ""176748724"", ""133924998"", ""192387012""]"
none_subset,5,128208179,109410545,4,10,0,0,0,1,1,1,"[""145583009"", ""199361385"", ""127548260"", ""191695096"", ""149759042"", ""207942600"", ""112134542"", ""177029114"", ""111047550"", ""109410545""]"
none_subset,5,223127056,190228521,43,325,0,0,0,0,0,0,"[""204449585"", ""67021588"", ""118856282"", ""207851646"", ""146763071"", ""185196782"", ""86370719"", ""90355123"", ""112596322"", ""182081124""]"
none_subset,5,199815355,39903440,38,1563,0,0,0,0,0,0,"[""67142038"", ""102891416"", ""145720442"", ""136989956"", ""119096193"", ""124441124"", ""149755002"", ""49778371"", ""128399228"", ""176455982""]"
none_subset,5,182672197,161159839,4,84,0,0,0,0,0,0,"[""144264277"", ""186900944"", ""72045166"", ""119644839"", ""194814735"", ""76695262"", ""119898461"", ""125311774"", ""146168593"", ""128402566""]"
none_subset,5,102786047,89332658,4,393,0,0,0,0,0,0,"[""159570716"", ""126909735"", ""77770612"", ""173259969"", ""152542463"", ""189401835"", ""188565273"", ""183642706"", ""179909533"", ""142381741""]"
none_subset,5,202861919,191600925,37,433,0,0,0,0,0,0,"[""138066138"", ""133932837"", ""169674639"", ""150612100"", ""147816478"", ""208575649"", ""179102026"", ""162492521"", ""209156180"", ""213026576""]"
none_subset,5,219927448,193004529,64,180,0,0,0,0,0,0,"[""196906365"", ""215029097"", ""124434930"", ""208122834"", ""174100903"", ""126317526"", ""169622540"", ""164570501"", ""211040708"", ""132595203""]"
none_subset,5,225166230,193874948,46,85,0,0,0,0,0,0,"[""192342929"", ""195152908"", ""210128394"", ""193559506"", ""205037505"", ""198984808"", ""201141148"", ""207645526"", ""157471709"", ""141876515""]"
none_subset,5,224481256,213026403,37,481,0,0,0,0,0,0,"[""183552543"", ""153136383"", ""189064377"", ""194551250"", ""121775976"", ""150612100"", ""91090509"", ""159707679"", ""155714315"", ""88157034""]"
none_subset,5,220758990,207726716,4,1,1,1,1,1,1,1,"[""207726716"", ""189899644"", ""167623478"", ""194722275"", ""207819636"", ""180843726"", ""210109068"", ""181079699"", ""193871241"", ""172642210""]"
none_subset,5,176026002,139094513,62,1601,0,0,0,0,0,0,"[""78920067"", ""32728587"", ""166659131"", ""138202324"", ""179269592"", ""181831554"", ""120555954"", ""121568505"", ""208996795"", ""185823595""]"
none_subset,5,220209094,206351628,62,56,0,0,0,0,0,0,"[""197247155"", ""206841068"", ""212412503"", ""191313815"", ""210489322"", ""191982155"", ""214078993"", ""150523564"", ""179064472"", ""211861394""]"
none_subset,5,146131699,126937971,43,40,0,0,0,0,0,1,"[""181167814"", ""127635452"", ""152014829"", ""178871976"", ""86505092"", ""76024222"", ""163402666"", ""163286400"", ""202516482"", ""167483448""]"
none_subset,5,68842383,63103166,43,41,0,0,0,0,0,1,"[""102245590"", ""194068460"", ""151392250"", ""141417624"", ""75802625"", ""133241822"", ""205605896"", ""141324433"", ""155681234"", ""164991678""]"
none_subset,5,210482844,180546104,37,253,0,0,0,0,0,0,"[""145396971"", ""206126959"", ""161632409"", ""120893128"", ""158117230"", ""169052319"", ""155458733"", ""146791770"", ""62400168"", ""138628079""]"
none_subset,5,216831546,173645815,37,821,0,0,0,0,0,0,"[""207110453"", ""155900040"", ""104577943"", ""148752102"", ""212035633"", ""204992307"", ""142630827"", ""133924998"", ""40661702"", ""150950507""]"
none_subset,5,187441994,119644839,4,5,0,0,1,1,1,1,"[""119106930"", ""151356635"", ""114164900"", ""120663751"", ""119644839"", ""191702828"", ""172890535"", ""119415258"", ""207935824"", ""170725190""]"
none_subset,5,196491620,119913706,4,34,0,0,0,0,0,1,"[""192906971"", ""206408008"", ""53953930"", ""110795459"", ""207414127"", ""154438637"", ""175972809"", ""181288745"", ""180862612"", ""195003429""]"
none_subset,5,220704990,205103637,38,34,0,0,0,0,0,1,"[""169186989"", ""206990464"", ""203712106"", ""203991000"", ""179000829"", ""204274207"", ""90207738"", ""166298317"", ""172497242"", ""159326492""]"
none_subset,5,224737531,214583872,62,1199,0,0,0,0,0,0,"[""16082541"", ""166012487"", ""153895442"", ""17218907"", ""210871676"", ""144819719"", ""77802747"", ""180623952"", ""207956530"", ""128594783""]"
none_subset,5,212277464,191640347,38,9,0,0,0,1,1,1,"[""193949384"", ""155012065"", ""173181136"", ""191629943"", ""138345880"", ""156645031"", ""67086891"", ""209803175"", ""191640347"", ""147854198""]"
none_subset,5,221616984,206390086,4,914,0,0,0,0,0,0,"[""200439718"", ""17083624"", ""187408602"", ""210573149"", ""206289183"", ""182903930"", ""187230625"", ""210643102"", ""207099785"", ""65093674""]"
none_subset,5,221470979,99992649,43,32,0,0,0,0,0,1,"[""67021588"", ""86370719"", ""147179804"", ""126851290"", ""90355123"", ""67857747"", ""61195885"", ""27781370"", ""125480188"", ""146763071""]"
none_subset,5,224379588,201747658,64,491,0,0,0,0,0,0,"[""202090142"", ""203597416"", ""56593545"", ""204150378"", ""206494628"", ""210669755"", ""169622540"", ""200969900"", ""208135267"", ""102651632""]"
none_subset,5,225331093,214581587,37,762,0,0,0,0,0,0,"[""197238711"", ""209161669"", ""207544886"", ""209128550"", ""213416559"", ""201660893"", ""164058126"", ""210226726"", ""192659231"", ""207698281""]"
none_subset,5,211473178,188195572,43,1254,0,0,0,0,0,0,"[""171112521"", ""205346867"", ""52880574"", ""131419078"", ""208309750"", ""193746203"", ""213430450"", ""157155745"", ""206094210"", ""166186965""]"
none_subset,5,36092657,16082541,62,907,0,0,0,0,0,0,"[""56568319"", ""132774570"", ""167029837"", ""131134391"", ""197681506"", ""95177410"", ""194855016"", ""44553273"", ""31775075"", ""97595359""]"
none_subset,5,223001463,181988758,37,11,0,0,0,0,1,1,"[""191986428"", ""146527115"", ""141241455"", ""137062195"", ""174857211"", ""160185355"", ""210782160"", ""181014160"", ""96256428"", ""143052602""]"
none_subset,5,106023746,90207738,38,803,0,0,0,0,0,0,"[""58573176"", ""156481100"", ""171929830"", ""183183123"", ""112929576"", ""204948467"", ""206429629"", ""200625253"", ""204637998"", ""33876194""]"
none_subset,5,195768416,168830681,43,1586,0,0,0,0,0,0,"[""182369961"", ""211096621"", ""181873878"", ""202025930"", ""195474760"", ""141162020"", ""193992249"", ""199136571"", ""132795248"", ""107331925""]"
none_subset,5,215293653,191131185,37,62,0,0,0,0,0,0,"[""187324915"", ""190568516"", ""194408004"", ""201649016"", ""191911000"", ""209286799"", ""133351365"", ""210502009"", ""204860223"", ""190788965""]"
none_subset,5,196727000,169363779,43,91,0,0,0,0,0,0,"[""164461764"", ""205915561"", ""145682464"", ""206094210"", ""173084581"", ""190535337"", ""180214878"", ""170651164"", ""159511688"", ""154243559""]"
none_subset,5,211716540,191244076,57,404,0,0,0,0,0,0,"[""110306995"", ""86061978"", ""183993242"", ""107527374"", ""110563932"", ""121902729"", ""62696356"", ""121596250"", ""40488723"", ""110518226""]"
none_subset,5,209299411,160039265,46,287,0,0,0,0,0,0,"[""152102459"", ""150142821"", ""84576505"", ""186116554"", ""140412713"", ""162330233"", ""212507142"", ""99309357"", ""151511658"", ""201966464""]"
none_subset,5,198036682,168536218,57,1281,0,0,0,0,0,0,"[""135799952"", ""109313850"", ""146422186"", ""213085518"", ""109311521"", ""153152780"", ""204078453"", ""192913890"", ""191197833"", ""211768637""]"
none_subset,5,119614837,105604280,62,64,0,0,0,0,0,0,"[""58202036"", ""201968923"", ""79050446"", ""104598173"", ""140179990"", ""120190873"", ""104210649"", ""183577698"", ""172913028"", ""141261014""]"
none_subset,5,129835987,112971301,57,632,0,0,0,0,0,0,"[""82247874"", ""17825658"", ""29076426"", ""37397887"", ""98712789"", ""99531049"", ""84850725"", ""175953709"", ""151871416"", ""138618540""]"
none_subset,5,198143042,167740456,64,296,0,0,0,0,0,0,"[""107055611"", ""90897593"", ""67677743"", ""66544309"", ""107682837"", ""24351090"", ""208220087"", ""196347311"", ""121260031"", ""147984435""]"
none_subset,5,212433167,192413607,4,381,0,0,0,0,0,0,"[""211385428"", ""207099785"", ""206010093"", ""210573149"", ""213053357"", ""179962753"", ""177056777"", ""73943138"", ""165955611"", ""207791923""]"
none_subset,5,152837769,132595203,64,1054,0,0,0,0,0,0,"[""56593545"", ""190759249"", ""209756225"", ""200974603"", ""208979760"", ""211171973"", ""172914507"", ""213788530"", ""173622957"", ""209697377""]"
none_subset,5,188548219,157989085,43,116,0,0,0,0,0,0,"[""158276305"", ""79517399"", ""133643986"", ""101587771"", ""95511047"", ""204265427"", ""210446436"", ""178272808"", ""207172875"", ""181353898""]"
none_subset,5,223728006,96029631,64,285,0,0,0,0,0,0,"[""95987224"", ""114607994"", ""138115654"", ""103416735"", ""60032340"", ""105069076"", ""119000250"", ""43476772"", ""181619566"", ""204824313""]"
none_subset,5,84272963,83729071,46,4,0,0,1,1,1,1,"[""112146732"", ""166571190"", ""203329657"", ""83729071"", ""138718760"", ""200331414"", ""163401902"", ""169602941"", ""103629761"", ""53777853""]"
none_subset,5,196987465,176715532,4,201,0,0,0,0,0,0,"[""142506151"", ""206506678"", ""162653386"", ""86878993"", ""184994826"", ""165897952"", ""173933165"", ""140770457"", ""159922963"", ""129435163""]"
none_subset,5,141116855,120205229,4,36,0,0,0,0,0,1,"[""139418370"", ""150577652"", ""155481732"", ""155703180"", ""115266425"", ""186775950"", ""184538683"", ""195974073"", ""192875206"", ""180169241""]"
none_subset,5,224307694,209183284,4,216,0,0,0,0,0,0,"[""214582809"", ""211608400"", ""212819052"", ""212829195"", ""213292202"", ""210309601"", ""212013306"", ""204701777"", ""161205322"", ""211901995""]"
none_subset,5,217204938,201202736,43,43,0,0,0,0,0,1,"[""183766098"", ""210273616"", ""183515432"", ""186807991"", ""190114151"", ""109383453"", ""201927995"", ""188582305"", ""197253083"", ""164527202""]"
none_subset,5,224764295,213740987,37,256,0,0,0,0,0,0,"[""191911000"", ""210502009"", ""194408004"", ""123971162"", ""173640245"", ""202782009"", ""192617496"", ""208141913"", ""207544886"", ""211802210""]"
none_subset,5,223771701,212690484,46,19,0,0,0,0,1,1,"[""116259633"", ""190358880"", ""78134637"", ""118565908"", ""78524182"", ""141485098"", ""111956915"", ""191705183"", ""160699239"", ""140861260""]"
none_subset,5,140862338,122704847,46,20,0,0,0,0,1,1,"[""178975230"", ""109762523"", ""157884203"", ""176659851"", ""155710762"", ""211380085"", ""137783132"", ""74187345"", ""132867538"", ""192859823""]"
none_subset,5,213056534,193369779,4,23,0,0,0,0,1,1,"[""200030726"", ""180843726"", ""139342323"", ""213127345"", ""191033158"", ""209670193"", ""210643102"", ""133070539"", ""207097865"", ""93467050""]"
none_subset,5,220474906,196341965,64,1028,0,0,0,0,0,0,"[""15001776"", ""151373996"", ""121260031"", ""146946453"", ""102162028"", ""209176271"", ""181441566"", ""213433847"", ""79233838"", ""24351090""]"
none_subset,5,220693428,207538350,64,173,0,0,0,0,0,0,"[""136038725"", ""162005637"", ""96320844"", ""143226451"", ""201712054"", ""141733590"", ""161213343"", ""179949768"", ""173458489"", ""179210556""]"
none_subset,5,216735988,200278482,37,172,0,0,0,0,0,0,"[""201649016"", ""213416559"", ""211802210"", ""207544886"", ""192617496"", ""123971162"", ""187543270"", ""191131185"", ""213318077"", ""133351365""]"
none_subset,5,202583639,164265663,46,766,0,0,0,0,0,0,"[""207645526"", ""113999669"", ""188805088"", ""192342929"", ""205315794"", ""206204582"", ""196783083"", ""136540208"", ""74767597"", ""179653927""]"
none_subset,5,62132920,62710943,38,199,0,0,0,0,0,0,"[""132567182"", ""149166152"", ""115694557"", ""72092510"", ""204637998"", ""155589050"", ""81511985"", ""79742438"", ""85120764"", ""113999751""]"
none_subset,5,222276478,88088262,46,18,0,0,0,0,1,1,"[""211380085"", ""76493325"", ""183484544"", ""137783132"", ""178808064"", ""102529512"", ""139912235"", ""132867538"", ""128782682"", ""109762523""]"
none_subset,5,142328598,90967487,43,974,0,0,0,0,0,0,"[""191583920"", ""177472789"", ""142661471"", ""183751849"", ""59459024"", ""125480188"", ""101892709"", ""114685239"", ""56961091"", ""125638272""]"
none_subset,5,222715908,149731729,64,777,0,0,0,0,0,0,"[""146444401"", ""121260031"", ""147984435"", ""19607163"", ""183013744"", ""90897593"", ""187708913"", ""136904065"", ""107682837"", ""178690639""]"
none_subset,5,222358302,207658724,37,22,0,0,0,0,1,1,"[""180843184"", ""199925635"", ""191494230"", ""194302416"", ""178993628"", ""164935921"", ""180764368"", ""186443492"", ""198753304"", ""150950507""]"
none_subset,5,202039416,156469871,4,64,0,0,0,0,0,0,"[""154267881"", ""81303195"", ""190480175"", ""193589374"", ""166293122"", ""177466971"", ""201079257"", ""146961197"", ""205405501"", ""171902128""]"
none_subset,5,221196688,208626958,64,228,0,0,0,0,0,0,"[""134312075"", ""164633014"", ""108773457"", ""78359767"", ""112345894"", ""109614914"", ""200016831"", ""183047062"", ""61743520"", ""141045171""]"
none_subset,5,85702585,46410175,46,949,0,0,0,0,0,0,"[""159049004"", ""168458372"", ""81754384"", ""61081009"", ""21270188"", ""204007426"", ""135652658"", ""207308677"", ""49032725"", ""79694314""]"
none_subset,5,218171263,145005553,37,224,0,0,0,0,0,0,"[""195379499"", ""210467392"", ""164535707"", ""170992936"", ""204006241"", ""204662722"", ""166388322"", ""125546857"", ""211775301"", ""201067865""]"
none_subset,5,218461841,203631816,57,1054,0,0,0,0,0,0,"[""131948569"", ""132207298"", ""188457754"", ""208983504"", ""135810804"", ""132446211"", ""193981972"", ""211047562"", ""191511773"", ""212600538""]"
none_subset,5,216991822,193646222,37,463,0,0,0,0,0,0,"[""150316929"", ""194860062"", ""171803364"", ""193680819"", ""145336514"", ""136896781"", ""191544375"", ""204420256"", ""204373274"", ""164454930""]"
none_subset,5,117366450,105854775,64,23,0,0,0,0,1,1,"[""130210660"", ""187707055"", ""193757766"", ""63935560"", ""70397289"", ""188536293"", ""126296430"", ""206213762"", ""173159881"", ""173622538""]"
none_subset,5,224936466,214708320,37,122,0,0,0,0,0,0,"[""194918694"", ""103057199"", ""146818815"", ""126929630"", ""93714502"", ""152140191"", ""166280219"", ""129735644"", ""157798849"", ""212047029""]"
none_subset,5,199206136,173069545,46,319,0,0,0,0,0,0,"[""175485760"", ""174726875"", ""179691172"", ""172935649"", ""115892096"", ""177107115"", ""213912195"", ""205043973"", ""200738941"", ""212084332""]"
none_subset,5,220225073,159846758,64,1462,0,0,0,0,0,0,"[""146444401"", ""152368817"", ""128607088"", ""181671018"", ""181619566"", ""121260031"", ""212566497"", ""19607163"", ""90897593"", ""167740456""]"
none_subset,5,224909719,199223722,43,69,0,0,0,0,0,0,"[""198125462"", ""160598030"", ""162644598"", ""137771001"", ""130556843"", ""125506492"", ""156395019"", ""127486066"", ""168943005"", ""99565563""]"
none_subset,5,219754120,56998165,4,1,1,1,1,1,1,1,"[""56998165"", ""70897180"", ""207566657"", ""128197551"", ""112038369"", ""209648424"", ""214498383"", ""211253445"", ""186229725"", ""136928342""]"
none_subset,5,222199311,197129998,64,1593,0,0,0,0,0,0,"[""156904369"", ""139802525"", ""191710817"", ""206294617"", ""206396108"", ""169931960"", ""201460481"", ""188538570"", ""207726882"", ""200033728""]"
none_subset,5,178764676,150167398,38,78,0,0,0,0,0,0,"[""148395469"", ""194116496"", ""180179363"", ""130737214"", ""182862963"", ""179286930"", ""187311399"", ""126012999"", ""95323314"", ""150396233""]"
none_subset,5,74861701,75777764,43,1732,0,0,0,0,0,0,"[""125047033"", ""211382244"", ""139778348"", ""150578488"", ""163838965"", ""201313674"", ""89809066"", ""177067604"", ""89479859"", ""211235323""]"
none_subset,5,215705047,192928912,64,627,0,0,0,0,0,0,"[""134904906"", ""117946057"", ""111626622"", ""211959757"", ""131561726"", ""129130295"", ""194651505"", ""69242297"", ""170912580"", ""149705988""]"
none_subset,5,96253433,84850725,57,10,0,0,0,1,1,1,"[""86061978"", ""112749539"", ""110563932"", ""40488723"", ""124415280"", ""111475511"", ""99531049"", ""110306995"", ""128122761"", ""84850725""]"
none_subset,5,78786200,68716648,38,870,0,0,0,0,0,0,"[""155589050"", ""160041957"", ""91690080"", ""114256903"", ""115023866"", ""169019310"", ""189799383"", ""103799422"", ""8169319"", ""86568738""]"
none_subset,5,212764906,178111525,46,50,0,0,0,0,0,1,"[""130390168"", ""144736392"", ""173421370"", ""213326669"", ""167116086"", ""171722133"", ""173634775"", ""210880528"", ""201461152"", ""165636439""]"
none_subset,5,81897011,81506359,46,40,0,0,0,0,0,1,"[""212429674"", ""172696525"", ""206905678"", ""79441211"", ""214293298"", ""174697458"", ""209971517"", ""84801975"", ""138570829"", ""178405632""]"
none_subset,5,81375051,76257409,46,90,0,0,0,0,0,0,"[""88672257"", ""203329657"", ""79086260"", ""104586565"", ""158008511"", ""99228098"", ""78516486"", ""122229490"", ""199589936"", ""133779076""]"
none_subset,5,221098404,206360846,57,2903,0,0,0,0,0,0,"[""185584299"", ""205016601"", ""70323839"", ""199152288"", ""171903975"", ""161386817"", ""68798250"", ""198930588"", ""204417143"", ""195854357""]"
none_subset,5,148154417,127482214,62,774,0,0,0,0,0,0,"[""213770244"", ""159227409"", ""180256255"", ""191201365"", ""161197715"", ""191677362"", ""195510107"", ""204455045"", ""156283310"", ""172011253""]"
none_subset,5,138331862,120603737,38,734,0,0,0,0,0,0,"[""93923477"", ""69722104"", ""68644542"", ""181551206"", ""133301327"", ""174919483"", ""56367133"", ""171909035"", ""188178632"", ""168644115""]"
none_subset,5,222687175,179521185,64,566,0,0,0,0,0,0,"[""104389677"", ""94673226"", ""63861102"", ""58475692"", ""5273113"", ""31683521"", ""184581147"", ""152518752"", ""212264146"", ""82453175""]"
none_subset,5,146278045,65453441,64,133,0,0,0,0,0,0,"[""194400653"", ""146444401"", ""154897282"", ""208682751"", ""173605646"", ""16060214"", ""187707055"", ""195393000"", ""156561876"", ""152368817""]"
none_subset,5,210956025,189777046,37,303,0,0,0,0,0,0,"[""191131185"", ""195740726"", ""213064823"", ""187389375"", ""180843184"", ""191259466"", ""189646922"", ""206515039"", ""167990272"", ""196559300""]"
none_subset,5,221277599,206404092,37,240,0,0,0,0,0,0,"[""213416559"", ""207956028"", ""182640683"", ""186828726"", ""213318077"", ""207035998"", ""210666947"", ""177124581"", ""188192294"", ""195744990""]"
none_subset,5,142468301,118290351,38,1615,0,0,0,0,0,0,"[""108033709"", ""126393314"", ""105651656"", ""109823579"", ""17181391"", ""132621870"", ""99075342"", ""136373067"", ""180023471"", ""100758724""]"
none_subset,5,63871662,164350669,62,1532,0,0,0,0,0,0,"[""203914697"", ""204555441"", ""208719189"", ""197247155"", ""207462449"", ""207489645"", ""210452869"", ""185606507"", ""194590921"", ""211070786""]"
none_subset,5,126841239,112648778,4,578,0,0,0,0,0,0,"[""198909677"", ""84024207"", ""197382040"", ""187096708"", ""172067870"", ""180954842"", ""194031199"", ""211428834"", ""139073104"", ""208901976""]"
none_subset,5,210335925,188608634,62,780,0,0,0,0,0,0,"[""211070786"", ""191211417"", ""185606507"", ""185851832"", ""192447937"", ""208719189"", ""180448591"", ""121524691"", ""212412503"", ""196478095""]"
none_subset,5,112596910,97501013,64,188,0,0,0,0,0,0,"[""138800320"", ""122175441"", ""194094670"", ""116423938"", ""167679113"", ""198307794"", ""149715107"", ""166184401"", ""204824313"", ""47134269""]"
none_subset,5,199748989,172689752,37,712,0,0,0,0,0,0,"[""180869206"", ""198753304"", ""156260279"", ""89454786"", ""160098809"", ""141087936"", ""63579301"", ""156934315"", ""163644147"", ""168678804""]"
none_subset,5,211675955,179876069,38,224,0,0,0,0,0,0,"[""169019310"", ""143663688"", ""135619578"", ""206905310"", ""145871617"", ""72092510"", ""91690080"", ""115023866"", ""179341410"", ""184191073""]"
none_subset,5,52338893,51749408,37,2,0,1,1,1,1,1,"[""143865659"", ""51749408"", ""195740726"", ""192163385"", ""19283629"", ""92247640"", ""126767199"", ""185048961"", ""101457814"", ""23924949""]"
none_subset,5,151846351,125139020,38,625,0,0,0,0,0,0,"[""31197704"", ""105651656"", ""108033709"", ""126393314"", ""180023471"", ""181880655"", ""180784190"", ""44504337"", ""46419069"", ""154107984""]"
none_subset,5,223630919,138971583,46,21,0,0,0,0,1,1,"[""174623464"", ""212685047"", ""213744352"", ""106830010"", ""203310461"", ""157752214"", ""45769216"", ""180749212"", ""208628924"", ""201604744""]"
none_subset,5,78464166,78864979,4,209,0,0,0,0,0,0,"[""214409401"", ""210958374"", ""127947361"", ""215209407"", ""51485643"", ""194811048"", ""57764818"", ""159255378"", ""207533227"", ""90122873""]"
none_subset,5,63497561,64365794,62,1071,0,0,0,0,0,0,"[""161751974"", ""137674272"", ""121568505"", ""207242661"", ""32728587"", ""182029851"", ""201668496"", ""143685562"", ""207007802"", ""165946788""]"
none_subset,5,169329752,142832546,62,369,0,0,0,0,0,0,"[""106972114"", ""10132068"", ""17141885"", ""52919918"", ""113290454"", ""74169769"", ""103593430"", ""58245381"", ""161511273"", ""136347565""]"
none_subset,5,213406863,191235079,43,1950,0,0,0,0,0,0,"[""204884209"", ""75960684"", ""137771001"", ""210207733"", ""183404665"", ""75803731"", ""113199180"", ""180180313"", ""204479993"", ""142550589""]"
none_subset,5,217747231,201328927,37,659,0,0,0,0,0,0,"[""187324915"", ""210502009"", ""194408004"", ""173640245"", ""206587185"", ""133351365"", ""151601836"", ""209349722"", ""206569261"", ""180787570""]"
none_subset,5,216056810,205283530,38,346,0,0,0,0,0,0,"[""150792406"", ""179286930"", ""148419997"", ""126012999"", ""96535503"", ""160458687"", ""111085092"", ""207664747"", ""104610572"", ""183569499""]"
none_subset,5,115228040,60103240,43,77,0,0,0,0,0,0,"[""125638272"", ""201082051"", ""128872941"", ""120597166"", ""119675310"", ""127254122"", ""191583920"", ""65960411"", ""139780746"", ""137780242""]"
none_subset,5,224934752,213859538,4,1290,0,0,0,0,0,0,"[""206285668"", ""167564443"", ""173396239"", ""77747581"", ""76958785"", ""132746271"", ""201224926"", ""174680568"", ""32643267"", ""203033142""]"
none_subset,5,224920659,203746928,4,970,0,0,0,0,0,0,"[""157367139"", ""199780246"", ""154031903"", ""160037231"", ""186179720"", ""24739010"", ""178305613"", ""156471159"", ""191695909"", ""187098404""]"
none_subset,5,219762088,199973345,38,580,0,0,0,0,0,0,"[""209921939"", ""133939663"", ""146311494"", ""196280032"", ""196915199"", ""86748527"", ""147913145"", ""194116496"", ""206728210"", ""151217202""]"
none_subset,5,213506280,193992725,37,416,0,0,0,0,0,0,"[""39048064"", ""176116685"", ""180305054"", ""157022245"", ""163644147"", ""192947279"", ""63579301"", ""170049514"", ""162977839"", ""146818815""]"
none_subset,5,200948847,172308661,4,244,0,0,0,0,0,0,"[""122581991"", ""214896797"", ""177857518"", ""126042350"", ""167076720"", ""161281171"", ""197341708"", ""206172053"", ""207568797"", ""159659843""]"
none_subset,5,223592794,211808810,62,13,0,0,0,0,1,1,"[""161194868"", ""153551332"", ""133228837"", ""128589400"", ""110895997"", ""156489473"", ""193241960"", ""91023149"", ""15445290"", ""157794584""]"
none_subset,5,222240838,208431676,46,26,0,0,0,0,1,1,"[""205235605"", ""180188915"", ""174852488"", ""144597493"", ""211141745"", ""173069545"", ""172993610"", ""208874737"", ""198094203"", ""209156183""]"
none_subset,5,188294095,131192536,62,68,0,0,0,0,0,0,"[""172904337"", ""156564557"", ""22547515"", ""25260455"", ""66613547"", ""200582902"", ""53450931"", ""113904136"", ""61854824"", ""113542136""]"
none_subset,5,216777466,200026065,4,1,1,1,1,1,1,1,"[""200026065"", ""181054833"", ""200589462"", ""194142299"", ""197090565"", ""207097865"", ""194160187"", ""208780104"", ""193481695"", ""190777127""]"
none_subset,5,116549437,105006245,4,1810,0,0,0,0,0,0,"[""191096738"", ""153991203"", ""155621693"", ""117771611"", ""112540745"", ""136474102"", ""201582207"", ""203048719"", ""197860156"", ""152566280""]"
none_subset,5,222218561,209759690,43,65,0,0,0,0,0,0,"[""164527202"", ""185897088"", ""166148334"", ""183515432"", ""201906627"", ""190677683"", ""174164151"", ""201668961"", ""210273616"", ""197253083""]"
none_subset,5,209513662,120682854,62,334,0,0,0,0,0,0,"[""106557292"", ""130642042"", ""152815967"", ""198498662"", ""182029851"", ""137674272"", ""46446514"", ""173850609"", ""207007802"", ""177326283""]"
none_subset,5,200275719,83719006,62,1802,0,0,0,0,0,0,"[""27329790"", ""39520749"", ""180945305"", ""176841734"", ""210957793"", ""84336599"", ""61344621"", ""165955278"", ""10132068"", ""117977369""]"
none_subset,5,190685103,156263699,38,488,0,0,0,0,0,0,"[""133136953"", ""37709032"", ""108421334"", ""167300693"", ""183569499"", ""209229490"", ""116922022"", ""154090124"", ""202803035"", ""73926583""]"
none_subset,5,198811297,171174687,43,637,0,0,0,0,0,0,"[""120188232"", ""196397416"", ""179814481"", ""157268947"", ""172848378"", ""196315060"", ""178833613"", ""180987149"", ""157950320"", ""10352796""]"
none_subset,5,113308459,99472535,4,24,0,0,0,0,1,1,"[""204285378"", ""139342323"", ""195895955"", ""144498775"", ""65093644"", ""72626014"", ""189302306"", ""194022496"", ""191209763"", ""76519929""]"
none_subset,5,155246815,133410542,4,183,0,0,0,0,0,0,"[""139416198"", ""30383831"", ""164634484"", ""138891074"", ""139110120"", ""59005387"", ""201829388"", ""136386916"", ""160135566"", ""108843981""]"
none_subset,5,201975649,157072589,4,535,0,0,0,0,0,0,"[""212215373"", ""105240256"", ""203738355"", ""203537664"", ""200855615"", ""189945818"", ""52610271"", ""166063106"", ""146357422"", ""177949545""]"
none_subset,5,215047128,118658701,62,29,0,0,0,0,1,1,"[""202843919"", ""197142886"", ""188314835"", ""96917986"", ""214600448"", ""113201214"", ""172011253"", ""205794412"", ""32728587"", ""120555954""]"
none_subset,5,206022811,148282226,43,554,0,0,0,0,0,0,"[""175879766"", ""200253605"", ""190002241"", ""178002590"", ""150825286"", ""183856655"", ""148635203"", ""122715243"", ""193281522"", ""183703868""]"
none_subset,5,199864614,172433080,46,303,0,0,0,0,0,0,"[""190907433"", ""212809187"", ""194136520"", ""194138608"", ""53654857"", ""131545810"", ""142410249"", ""204723094"", ""165024808"", ""127609272""]"
none_subset,5,220643000,205007406,46,93,0,0,0,0,0,0,"[""215475381"", ""171578170"", ""212168388"", ""208143888"", ""102458654"", ""79804197"", ""52955195"", ""131545810"", ""92873779"", ""194361633""]"
none_subset,5,216743416,200374313,62,52,0,0,0,0,0,0,"[""128589400"", ""110895997"", ""203449670"", ""205216281"", ""144402794"", ""153551332"", ""133228837"", ""123145266"", ""210301365"", ""181133000""]"
none_subset,5,225236562,161174151,38,33,0,0,0,0,0,1,"[""157657051"", ""204880845"", ""100749834"", ""211398537"", ""139197933"", ""111639650"", ""99816295"", ""144261984"", ""205018667"", ""182866917""]"
none_subset,5,202941849,146473396,38,345,0,0,0,0,0,0,"[""169064521"", ""117957932"", ""147395238"", ""145871617"", ""139494203"", ""164429335"", ""209631773"", ""126816860"", ""156737499"", ""107235735""]"
none_subset,5,214912385,193435206,43,194,0,0,0,0,0,0,"[""185108178"", ""201671217"", ""182399428"", ""182583580"", ""195224828"", ""152989526"", ""192996306"", ""194288073"", ""183765224"", ""209666551""]"
none_subset,5,218248280,168911726,62,110,0,0,0,0,0,0,"[""104986019"", ""199881295"", ""191304046"", ""139116865"", ""76325050"", ""52577956"", ""173904346"", ""140662974"", ""7191392"", ""79802279""]"
none_subset,5,224766332,214740980,4,1290,0,0,0,0,0,0,"[""199502835"", ""201066059"", ""91314033"", ""213319159"", ""192581557"", ""177338367"", ""185524151"", ""166929709"", ""207534566"", ""198052564""]"
none_subset,5,117069997,102651632,64,533,0,0,0,0,0,0,"[""35312252"", ""60124479"", ""26075068"", ""49215114"", ""31566174"", ""152518752"", ""63861102"", ""94673226"", ""151526168"", ""58475692""]"
none_subset,5,213188680,161792498,38,2325,0,0,0,0,0,0,"[""136204876"", ""167323493"", ""175815162"", ""165671081"", ""128022775"", ""99798516"", ""192191594"", ""56711957"", ""145998937"", ""149343290""]"
none_subset,5,220679820,206905310,38,636,0,0,0,0,0,0,"[""205465606"", ""100749834"", ""112758593"", ""161174151"", ""185544173"", ""205112185"", ""190269757"", ""182740604"", ""133973101"", ""199297939""]"
none_subset,5,221546219,209268749,4,221,0,0,0,0,0,0,"[""202936499"", ""212023025"", ""210970095"", ""199502835"", ""138178873"", ""207534566"", ""112914230"", ""140447135"", ""177635652"", ""185524151""]"
none_subset,5,174244672,145708285,43,28,0,0,0,0,1,1,"[""190480160"", ""158387518"", ""145006416"", ""98800023"", ""169542784"", ""199927468"", ""174103954"", ""190843616"", ""99565563"", ""127486066""]"
none_subset,5,195486271,162650154,4,2920,0,0,0,0,0,0,"[""193413498"", ""195475614"", ""207177061"", ""119644839"", ""125616982"", ""116057633"", ""153939423"", ""36782819"", ""194734151"", ""120852733""]"
none_subset,5,211414159,190677021,4,289,0,0,0,0,0,0,"[""203466268"", ""196026500"", ""182581077"", ""194160187"", ""215237393"", ""201657691"", ""188468393"", ""146781680"", ""153410659"", ""197090565""]"
none_subset,5,207097731,172004450,37,422,0,0,0,0,0,0,"[""187043151"", ""186986472"", ""27598325"", ""71957357"", ""202778075"", ""187443642"", ""146033695"", ""170597831"", ""123259140"", ""53410176""]"
none_subset,5,197355434,101295733,57,460,0,0,0,0,0,0,"[""79470201"", ""84202088"", ""82248629"", ""100944857"", ""57596469"", ""194731759"", ""135872349"", ""109587179"", ""171866039"", ""211497981""]"
none_subset,5,196705804,159536710,46,13,0,0,0,0,1,1,"[""208605842"", ""188865413"", ""137171317"", ""212992927"", ""76493325"", ""65618657"", ""129447301"", ""148554569"", ""190115727"", ""139912235""]"
none_subset,5,96123213,57499091,57,23,0,0,0,0,1,1,"[""138618540"", ""114134647"", ""211835809"", ""111475511"", ""12228591"", ""115422067"", ""207173802"", ""83774267"", ""178650612"", ""209217971""]"
none_subset,5,194700626,167539255,43,297,0,0,0,0,0,0,"[""193746203"", ""208309750"", ""143190396"", ""168783197"", ""170651164"", ""155909920"", ""190372173"", ""164527202"", ""194880726"", ""133315116""]"
none_subset,5,180198150,144472808,43,475,0,0,0,0,0,0,"[""139778348"", ""163838965"", ""177067604"", ""211988888"", ""109286694"", ""196397416"", ""201313674"", ""125047033"", ""198499155"", ""211382244""]"
none_subset,5,219126828,194850161,37,1084,0,0,0,0,0,0,"[""205519279"", ""144682254"", ""140164328"", ""190806332"", ""174852305"", ""200379642"", ""180649299"", ""207799963"", ""204151797"", ""178244096""]"
none_subset,5,215842137,196239631,46,985,0,0,0,0,0,0,"[""110268464"", ""108196994"", ""142865415"", ""197423739"", ""154698834"", ""89928081"", ""158102584"", ""45817478"", ""173423836"", ""170566401""]"
none_subset,5,83265098,79402696,57,636,0,0,0,0,0,0,"[""176767835"", ""209217971"", ""14752857"", ""191191857"", ""204015126"", ""75722520"", ""190891048"", ""169054006"", ""170013733"", ""167495362""]"
none_subset,5,208515574,171247461,38,61,0,0,0,0,0,0,"[""67142038"", ""119096193"", ""200389144"", ""164421767"", ""168932142"", ""145720442"", ""191622817"", ""149755002"", ""155841677"", ""160595220""]"
none_subset,5,210266375,188509360,4,1445,0,0,0,0,0,0,"[""200030203"", ""172642210"", ""193871241"", ""63712816"", ""191147915"", ""185181562"", ""145435299"", ""212372690"", ""207819636"", ""190739324""]"
none_subset,5,153599918,133357830,4,148,0,0,0,0,0,0,"[""205917654"", ""215675334"", ""208251933"", ""205446753"", ""169468665"", ""193951937"", ""149710961"", ""211663742"", ""143547772"", ""108202978""]"
none_subset,5,216308930,199436569,46,1078,0,0,0,0,0,0,"[""194132989"", ""201411246"", ""158137442"", ""210724130"", ""205019069"", ""142707487"", ""209924155"", ""172250706"", ""201024429"", ""208715579""]"
none_subset,5,185521301,148267226,43,1064,0,0,0,0,0,0,"[""137780242"", ""66709739"", ""125638272"", ""127254122"", ""173981660"", ""128872941"", ""66709745"", ""191583920"", ""148264493"", ""98882441""]"
none_subset,5,216626064,174101143,37,40,0,0,0,0,0,1,"[""173966675"", ""207698281"", ""197238711"", ""195744990"", ""187324915"", ""168115320"", ""212216117"", ""107872662"", ""201660893"", ""178346890""]"
none_subset,5,201445063,172961532,57,6,0,0,0,1,1,1,"[""121902729"", ""161319979"", ""165637321"", ""62696356"", ""205019471"", ""172961532"", ""73841445"", ""46463211"", ""198708422"", ""196935602""]"
none_subset,5,212406032,192225398,64,37,0,0,0,0,0,1,"[""187325416"", ""210901215"", ""195529634"", ""144366134"", ""192033857"", ""199186089"", ""196287148"", ""194200854"", ""204125965"", ""211669271""]"
none_subset,5,186306982,151305355,37,75,0,0,0,0,0,0,"[""192533600"", ""136574012"", ""140706897"", ""189737626"", ""191241938"", ""173432313"", ""173499684"", ""190113798"", ""174852305"", ""152342510""]"
none_subset,5,222169874,208254357,4,297,0,0,0,0,0,0,"[""202029081"", ""133966108"", ""157610724"", ""207095845"", ""199082024"", ""211318379"", ""187790052"", ""171026892"", ""126589900"", ""170901415""]"
none_subset,5,162236020,112624575,64,58,0,0,0,0,0,0,"[""183047062"", ""185413694"", ""197129848"", ""185454425"", ""1943884"", ""105939282"", ""112056185"", ""160009723"", ""187066752"", ""105956443""]"
none_subset,5,168320824,179660373,57,2,0,1,1,1,1,1,"[""161021821"", ""179660373"", ""207095451"", ""171536144"", ""197342113"", ""130340352"", ""129142528"", ""187256807"", ""204782328"", ""125977824""]"
none_subset,5,218867529,206874130,46,630,0,0,0,0,0,0,"[""132867538"", ""194422099"", ""109762523"", ""122704847"", ""107095516"", ""209941947"", ""211380085"", ""209979540"", ""76493325"", ""206843208""]"
none_subset,5,215513854,191711172,43,80,0,0,0,0,0,0,"[""195709541"", ""121590178"", ""177916694"", ""190193667"", ""189313113"", ""141261592"", ""179814481"", ""153840249"", ""44768555"", ""114685682""]"
none_subset,5,207321461,183535868,37,1442,0,0,0,0,0,0,"[""148896266"", ""165174023"", ""187356593"", ""164351701"", ""190568516"", ""151601836"", ""187423310"", ""204860223"", ""99494874"", ""208532302""]"
none_subset,5,116345342,103729719,43,1181,0,0,0,0,0,0,"[""205682935"", ""112406996"", ""85213040"", ""197431598"", ""192304894"", ""183307521"", ""119119405"", ""126618856"", ""152645436"", ""35003932""]"
none_subset,5,181908159,89431258,46,318,0,0,0,0,0,0,"[""162153442"", ""156045025"", ""180829317"", ""176647062"", ""174665100"", ""208431287"", ""204813635"", ""202061415"", ""182136657"", ""182916957""]"
none_subset,5,224938628,213744352,46,9,0,0,0,1,1,1,"[""211382509"", ""135710902"", ""129447301"", ""174623464"", ""129506623"", ""212992927"", ""208605842"", ""129240074"", ""213744352"", ""56174657""]"
none_subset,5,156330511,127442429,37,576,0,0,0,0,0,0,"[""81981879"", ""123163900"", ""156934315"", ""51981897"", ""193719358"", ""33066220"", ""126753800"", ""63579301"", ""187545617"", ""150919901""]"
none_subset,5,89618330,82109720,62,18,0,0,0,0,1,1,"[""134905481"", ""24686208"", ""156885677"", ""91550082"", ""76665110"", ""201053460"", ""64014717"", ""200031809"", ""67295737"", ""129445274""]"
none_subset,5,186734724,120186615,64,81,0,0,0,0,0,0,"[""98571285"", ""127253518"", ""159428920"", ""149002642"", ""155183786"", ""125019219"", ""176297212"", ""151315331"", ""146848989"", ""146946453""]"
none_subset,5,137663265,121152864,37,1023,0,0,0,0,0,0,"[""121841349"", ""51138626"", ""92247640"", ""192142184"", ""197580749"", ""84948088"", ""131943838"", ""152508279"", ""180764368"", ""109845272""]"
none_subset,5,184932665,153873960,46,215,0,0,0,0,0,0,"[""211380085"", ""78570599"", ""102529512"", ""60967653"", ""212507142"", ""138620481"", ""208035235"", ""176661515"", ""150142821"", ""214682235""]"
none_subset,5,176808962,144873226,38,81,0,0,0,0,0,0,"[""173253112"", ""109267269"", ""174919483"", ""181551206"", ""28528703"", ""85421632"", ""188178632"", ""85274599"", ""112540467"", ""168644115""]"
none_subset,5,40091309,46137767,62,63,0,0,0,0,0,0,"[""72763415"", ""113590470"", ""101066716"", ""147431302"", ""187207232"", ""156487231"", ""45997741"", ""117006578"", ""113866351"", ""136496108""]"
none_subset,5,186263172,157798849,37,555,0,0,0,0,0,0,"[""142288515"", ""204454005"", ""195292057"", ""202170903"", ""183268600"", ""209132129"", ""132747199"", ""204666596"", ""208575592"", ""205365116""]"
none_subset,5,212278606,188191658,62,1507,0,0,0,0,0,0,"[""186943676"", ""57612738"", ""208335318"", ""22012660"", ""79388828"", ""87531727"", ""150060889"", ""22073170"", ""123684467"", ""77177472""]"
none_subset,5,7916680,5126262,38,1414,0,0,0,0,0,0,"[""179876069"", ""118972114"", ""147652742"", ""188381964"", ""135777951"", ""350786"", ""77338935"", ""155589050"", ""159268049"", ""12905940""]"
none_subset,5,212566660,192314331,4,28,0,0,0,0,1,1,"[""159676437"", ""81195353"", ""107688044"", ""137789521"", ""52380679"", ""72045166"", ""128402566"", ""172642297"", ""167104684"", ""115124238""]"
none_subset,5,171758770,144073843,64,5,0,0,1,1,1,1,"[""105144259"", ""112345894"", ""152603802"", ""32842438"", ""144073843"", ""164633014"", ""180165679"", ""168633758"", ""136552233"", ""111626622""]"
none_subset,5,56944150,58074978,62,922,0,0,0,0,0,0,"[""144733620"", ""16086259"", ""149971080"", ""112339725"", ""68675469"", ""128177020"", ""210566449"", ""127953008"", ""84086538"", ""156564557""]"
none_subset,5,177136220,149224518,46,750,0,0,0,0,0,0,"[""64629457"", ""178317980"", ""93122967"", ""60819283"", ""158884723"", ""118565908"", ""188405182"", ""119093613"", ""31904013"", ""204015032""]"
none_subset,5,221464984,208901976,4,146,0,0,0,0,0,0,"[""179812166"", ""145619366"", ""46147970"", ""135451052"", ""201481091"", ""126042350"", ""197859740"", ""159659843"", ""192402919"", ""144907575""]"
none_subset,5,211415678,190685714,4,64,0,0,0,0,0,0,"[""200344150"", ""63004444"", ""160037231"", ""190574356"", ""146764647"", ""189401835"", ""191909632"", ""193021423"", ""93467050"", ""144513042""]"
none_subset,5,212123398,153789770,38,22,0,0,0,0,1,1,"[""44353494"", ""69722104"", ""181551206"", ""93923477"", ""64360348"", ""53171694"", ""77338935"", ""168644115"", ""27784922"", ""174919483""]"
none_subset,5,214057362,159356640,38,15,0,0,0,0,1,1,"[""192443797"", ""140998433"", ""121097492"", ""18798683"", ""205529136"", ""206343268"", ""163838256"", ""142190823"", ""125136923"", ""65188291""]"
none_subset,5,225018699,203644944,46,91,0,0,0,0,0,0,"[""207127154"", ""209764015"", ""141781507"", ""198221243"", ""180299995"", ""200860795"", ""186078356"", ""211131554"", ""200555275"", ""173365679""]"
none_subset,5,189614427,161963154,37,419,0,0,0,0,0,0,"[""212776036"", ""207481345"", ""176300467"", ""109707567"", ""147947722"", ""94672340"", ""113225323"", ""102282269"", ""187712911"", ""84312811""]"
none_subset,5,142392731,121824532,64,438,0,0,0,0,0,0,"[""183213131"", ""201421429"", ""152368817"", ""97354544"", ""187708913"", ""90897593"", ""123694415"", ""80281524"", ""83985248"", ""79234720""]"
none_subset,5,223015676,203967736,38,53,0,0,0,0,0,0,"[""170938980"", ""167193773"", ""204985593"", ""137025491"", ""64528586"", ""176455982"", ""174728190"", ""213109347"", ""204390915"", ""58199619""]"
none_subset,5,225055490,201955493,62,1174,0,0,0,0,0,0,"[""138087303"", ""192772254"", ""212412503"", ""208969796"", ""200006687"", ""120889247"", ""189968625"", ""160725079"", ""204577887"", ""139408556""]"
none_subset,5,193926677,166513470,4,100,0,0,0,0,0,0,"[""198430694"", ""156251697"", ""130669347"", ""100677349"", ""138308946"", ""145729078"", ""154563074"", ""130801453"", ""134243031"", ""37705039""]"
none_subset,5,127823271,106159013,46,6,0,0,0,1,1,1,"[""100946720"", ""93024322"", ""140434515"", ""120963350"", ""213699346"", ""106159013"", ""205132600"", ""138953275"", ""130151286"", ""210433201""]"
none_subset,5,216006681,191329499,43,320,0,0,0,0,0,0,"[""195240617"", ""150794676"", ""128872941"", ""113898093"", ""96489120"", ""185196782"", ""191583920"", ""182217673"", ""215382114"", ""139398347""]"
none_subset,5,217243654,200894620,43,2,0,1,1,1,1,1,"[""182050443"", ""200894620"", ""202973654"", ""189313113"", ""127321663"", ""145672403"", ""195198851"", ""108194109"", ""145722028"", ""208009091""]"
none_subset,5,182940563,150904300,37,1543,0,0,0,0,0,0,"[""213471023"", ""96028215"", ""51138626"", ""143865659"", ""154409188"", ""114171070"", ""96256428"", ""45171964"", ""195740726"", ""94966858""]"
none_subset,5,187573727,146649572,4,181,0,0,0,0,0,0,"[""56134226"", ""152685161"", ""201066421"", ""99472535"", ""195895955"", ""180063242"", ""209670193"", ""65093674"", ""177954352"", ""137934343""]"
none_subset,5,138080259,65008714,64,5,0,0,1,1,1,1,"[""112210141"", ""159988781"", ""1943884"", ""65832173"", ""65008714"", ""198499830"", ""108526378"", ""129288036"", ""168805608"", ""100728693""]"
none_subset,5,192631686,153052637,37,862,0,0,0,0,0,0,"[""182444653"", ""214037923"", ""158771565"", ""153610553"", ""61710118"", ""170879853"", ""194655381"", ""161147605"", ""110465452"", ""204531217""]"
none_subset,5,221997368,208214699,64,1,1,1,1,1,1,1,"[""208214699"", ""187138250"", ""207726882"", ""214403909"", ""210110340"", ""176590943"", ""211889722"", ""185230388"", ""215138112"", ""88249240""]"
none_subset,5,43275874,36274453,46,4,0,0,1,1,1,1,"[""118565908"", ""204015032"", ""60819283"", ""36274453"", ""154821670"", ""173634775"", ""178317980"", ""204759997"", ""181810712"", ""133738518""]"
none_subset,5,208549473,188974237,38,365,0,0,0,0,0,0,"[""102778559"", ""19375583"", ""61517646"", ""123190192"", ""138345880"", ""102891416"", ""192443349"", ""71056351"", ""146217898"", ""120726041""]"
none_subset,5,201632722,146950826,38,121,0,0,0,0,0,0,"[""113456040"", ""173793300"", ""209803175"", ""123704552"", ""117484080"", ""193949384"", ""69350726"", ""144261984"", ""186533660"", ""165671081""]"
none_subset,5,156160045,132801199,4,20,0,0,0,0,1,1,"[""206947052"", ""183741193"", ""164258790"", ""209043508"", ""191301984"", ""182893664"", ""197046560"", ""210362104"", ""204124240"", ""100901027""]"
none_subset,5,72156364,74091865,62,90,0,0,0,0,0,0,"[""153432818"", ""203728936"", ""188045603"", ""194855016"", ""75620135"", ""210005684"", ""192607518"", ""140662974"", ""157926065"", ""109692351""]"
none_subset,5,223313101,212092681,64,197,0,0,0,0,0,0,"[""207826820"", ""186937016"", ""213788530"", ""207475739"", ""153266976"", ""212528042"", ""209768449"", ""196286888"", ""206372980"", ""119651772""]"
none_subset,5,223233776,212219845,37,153,0,0,0,0,0,0,"[""210502009"", ""209349722"", ""193730114"", ""201649016"", ""191538851"", ""206302770"", ""209286799"", ""199287233"", ""190070434"", ""195919621""]"
none_subset,5,211371620,158157895,62,211,0,0,0,0,0,0,"[""72763415"", ""117006578"", ""137201594"", ""113590470"", ""136496108"", ""156487231"", ""89597505"", ""101066716"", ""46137767"", ""136973736""]"
none_subset,5,126256433,96974114,43,1769,0,0,0,0,0,0,"[""39344788"", ""154544914"", ""87909441"", ""54164127"", ""140922487"", ""137560784"", ""90355123"", ""67021588"", ""198054290"", ""115572095""]"
none_subset,5,212358680,179747268,57,1001,0,0,0,0,0,0,"[""141122844"", ""180302528"", ""193981972"", ""201646967"", ""132446211"", ""180448567"", ""202223376"", ""185245568"", ""211047562"", ""202655316""]"
none_subset,5,206969260,182904703,4,155,0,0,0,0,0,0,"[""200589462"", ""192473388"", ""200344150"", ""187600900"", ""190777127"", ""190079873"", ""176566249"", ""152351954"", ""195543776"", ""213696130""]"
none_subset,5,219081552,202282525,46,141,0,0,0,0,0,0,"[""93024322"", ""167900654"", ""213237768"", ""178779098"", ""204980714"", ""159203778"", ""147425773"", ""174586724"", ""207597334"", ""213588714""]"
none_subset,5,210487268,179668314,64,639,0,0,0,0,0,0,"[""166184401"", ""129093190"", ""184002672"", ""122175441"", ""122024341"", ""47134269"", ""178000493"", ""198307794"", ""208915255"", ""116423938""]"
none_subset,5,225336145,74450876,64,88,0,0,0,0,0,0,"[""81240114"", ""72224328"", ""142231631"", ""143226636"", ""145440025"", ""149734769"", ""85531879"", ""95788322"", ""144993665"", ""181496296""]"
none_subset,5,175331456,146513683,37,96,0,0,0,0,0,0,"[""147947722"", ""109707567"", ""191148698"", ""150765445"", ""128885740"", ""97545603"", ""92273591"", ""191571552"", ""195301608"", ""193268783""]"
none_subset,5,213944371,194670256,37,60,0,0,0,0,0,0,"[""191294127"", ""199340755"", ""188962071"", ""160068637"", ""211802210"", ""167814691"", ""180221400"", ""181408383"", ""189646922"", ""207544886""]"
none_subset,5,134360438,111735082,62,229,0,0,0,0,0,0,"[""200271479"", ""109144733"", ""192458679"", ""161194868"", ""120041482"", ""182166337"", ""134917876"", ""169027396"", ""190955120"", ""61834333""]"
none_subset,5,187101284,147810982,62,1544,0,0,0,0,0,0,"[""113904136"", ""16086259"", ""156564557"", ""127953008"", ""94106347"", ""200582902"", ""159960911"", ""60411182"", ""211877317"", ""112339725""]"
none_subset,5,203507410,173887076,57,835,0,0,0,0,0,0,"[""201814707"", ""193741544"", ""210440269"", ""197135877"", ""187950832"", ""209640231"", ""209144105"", ""172994991"", ""207134458"", ""212916655""]"
none_subset,5,166673610,121103119,62,1472,0,0,0,0,0,0,"[""207242661"", ""121568505"", ""211947594"", ""137674272"", ""145402193"", ""202749231"", ""114567761"", ""212697335"", ""7191392"", ""182029851""]"
none_subset,5,193152815,165031640,57,86,0,0,0,0,0,0,"[""78545033"", ""185648769"", ""209502529"", ""163252829"", ""201622709"", ""174340571"", ""142032570"", ""118260233"", ""85332654"", ""140041163""]"
none_subset,5,168799431,143547772,4,7,0,0,0,1,1,1,"[""204285378"", ""137001312"", ""76519929"", ""195895955"", ""19861371"", ""65093644"", ""143547772"", ""108202978"", ""194022496"", ""191209763""]"
none_subset,5,210308666,184170758,43,1424,0,0,0,0,0,0,"[""214985972"", ""179814481"", ""136512962"", ""165688627"", ""204634446"", ""196989595"", ""153525929"", ""196316257"", ""141087974"", ""108362017""]"
none_subset,5,125809748,98272991,43,1021,0,0,0,0,0,0,"[""146413132"", ""153591399"", ""35117971"", ""202367676"", ""171888747"", ""125480188"", ""127655947"", ""184649249"", ""155249274"", ""104957798""]"
none_subset,5,215481738,119637829,37,4,0,0,1,1,1,1,"[""103057199"", ""146818815"", ""157022245"", ""119637829"", ""162095481"", ""212047029"", ""39048064"", ""157798849"", ""123163900"", ""211318715""]"
none_subset,5,141347617,74290204,62,2024,0,0,0,0,0,0,"[""156966977"", ""172047615"", ""132448455"", ""127682307"", ""186943676"", ""61171420"", ""199419129"", ""188657346"", ""63297817"", ""66613547""]"
none_subset,5,182735542,154615570,46,135,0,0,0,0,0,0,"[""215475381"", ""210836993"", ""171578170"", ""102458654"", ""212168388"", ""208143888"", ""102764457"", ""131545810"", ""186776259"", ""133780489""]"
none_subset,5,84948438,81936846,38,425,0,0,0,0,0,0,"[""92748634"", ""208401352"", ""174456119"", ""58199619"", ""143244996"", ""121756181"", ""163646287"", ""95406694"", ""62361505"", ""113398847""]"
none_subset,5,88430166,74375092,43,84,0,0,0,0,0,0,"[""64192807"", ""61596907"", ""127254122"", ""173981660"", ""137780242"", ""77932206"", ""66709739"", ""66709745"", ""91110398"", ""61394763""]"
none_subset,5,176270924,148352358,46,87,0,0,0,0,0,0,"[""44855147"", ""80195905"", ""102529512"", ""105301005"", ""143366526"", ""200715240"", ""190912236"", ""67021528"", ""113869306"", ""78570599""]"
none_subset,5,207983115,184519995,37,8,0,0,0,1,1,1,"[""201913249"", ""181022161"", ""187256075"", ""183535868"", ""156858638"", ""191030106"", ""183270553"", ""184519995"", ""196323233"", ""195619020""]"
none_subset,5,202143797,175175649,62,196,0,0,0,0,0,0,"[""138706009"", ""170340278"", ""132245237"", ""114243605"", ""96821830"", ""131192536"", ""80991195"", ""153654825"", ""113542136"", ""150571696""]"
none_subset,5,219249066,191590282,43,93,0,0,0,0,0,0,"[""160598030"", ""198125462"", ""162644598"", ""130556843"", ""156395019"", ""99565563"", ""98800023"", ""127486066"", ""100215754"", ""137771001""]"
none_subset,5,143722693,114162936,62,173,0,0,0,0,0,0,"[""120595575"", ""153978341"", ""99563204"", ""199527738"", ""72763415"", ""134905481"", ""179155211"", ""89506987"", ""22012660"", ""96606456""]"
none_subset,5,222014463,202121759,46,1104,0,0,0,0,0,0,"[""203329657"", ""158008511"", ""132184095"", ""122229490"", ""99228098"", ""108786028"", ""79086260"", ""78570599"", ""111000639"", ""199589936""]"
none_subset,5,220324774,206942069,37,67,0,0,0,0,0,0,"[""211802210"", ""197955172"", ""183693328"", ""201649016"", ""206569261"", ""160068637"", ""192617496"", ""187543270"", ""72535542"", ""191434197""]"
none_subset,5,214979493,195545920,62,92,0,0,0,0,0,0,"[""199881295"", ""182427525"", ""139116865"", ""7191392"", ""193455158"", ""52577956"", ""104986019"", ""191304046"", ""173904346"", ""207520403""]"
none_subset,5,197174102,158079920,46,43,0,0,0,0,0,1,"[""156263625"", ""196783083"", ""214302406"", ""81549989"", ""205315794"", ""131953748"", ""110268464"", ""188805088"", ""110900877"", ""158281753""]"
none_subset,5,152593815,120566127,43,188,0,0,0,0,0,0,"[""130448492"", ""181167814"", ""66798140"", ""99992649"", ""192784424"", ""162819113"", ""121017251"", ""159960194"", ""143707499"", ""201259036""]"
none_subset,5,190704652,159919899,4,130,0,0,0,0,0,0,"[""207935824"", ""154444351"", ""19130713"", ""167104684"", ""126576121"", ""117660981"", ""144811459"", ""48788833"", ""197455821"", ""157092256""]"
none_subset,5,224353612,83339178,38,1535,0,0,0,0,0,0,"[""95323314"", ""169019310"", ""350786"", ""181736422"", ""174530040"", ""72092510"", ""145871617"", ""8169319"", ""139494203"", ""115405939""]"
none_subset,5,168810096,141477316,43,266,0,0,0,0,0,0,"[""166706901"", ""182840886"", ""180183536"", ""180180313"", ""113535350"", ""167483448"", ""210207733"", ""207051663"", ""181802170"", ""167068838""]"
none_subset,5,174234845,111077753,46,23,0,0,0,0,1,1,"[""135883318"", ""167925157"", ""184975322"", ""176659851"", ""167121709"", ""184407267"", ""132699103"", ""78885056"", ""186512278"", ""155950947""]"
none_subset,5,224964084,214177607,64,443,0,0,0,0,0,0,"[""161410919"", ""108386270"", ""116423938"", ""105854962"", ""107753045"", ""88249240"", ""184422473"", ""207683325"", ""184407904"", ""208628985""]"
none_subset,5,223051299,211888794,43,35,0,0,0,0,0,1,"[""180214878"", ""53410226"", ""189168111"", ""205915561"", ""166148334"", ""163551195"", ""164527202"", ""190677683"", ""185897088"", ""145682464""]"
none_subset,5,211447713,190729057,62,181,0,0,0,0,0,0,"[""124000667"", ""179064472"", ""210275902"", ""196478095"", ""211070786"", ""202235121"", ""190355590"", ""183755648"", ""198209451"", ""191211417""]"
none_subset,5,121895414,109316691,46,940,0,0,0,0,0,0,"[""32294401"", ""178390731"", ""120233208"", ""208905537"", ""213655844"", ""186533601"", ""150754478"", ""173865782"", ""172681042"", ""208188298""]"
none_subset,5,18612263,16900641,46,791,0,0,0,0,0,0,"[""205769669"", ""141363692"", ""161757619"", ""203456171"", ""83646259"", ""131820664"", ""212777033"", ""166648954"", ""205356898"", ""207537150""]"
none_subset,5,148987859,126187915,43,20,0,0,0,0,1,1,"[""142700536"", ""118456882"", ""154215969"", ""123633665"", ""214098104"", ""8324549"", ""16113826"", ""113898898"", ""214258455"", ""189791365""]"
none_subset,5,192255303,159931342,37,113,0,0,0,0,0,0,"[""96256428"", ""45171964"", ""115215869"", ""94966858"", ""21114364"", ""105224939"", ""70310902"", ""163474582"", ""118291817"", ""101351593""]"
none_subset,5,212166333,53324130,38,25,0,0,0,0,1,1,"[""195545729"", ""137272079"", ""206067851"", ""168951987"", ""208393437"", ""135581400"", ""160688952"", ""161419745"", ""195666912"", ""168951957""]"
none_subset,5,178200938,144995106,4,25,0,0,0,0,1,1,"[""119654700"", ""65093644"", ""195895955"", ""152685161"", ""72626014"", ""201066421"", ""209670193"", ""139342323"", ""93467050"", ""186220965""]"
none_subset,5,41375900,28575466,46,42,0,0,0,0,0,1,"[""108196994"", ""79523323"", ""19664212"", ""158102584"", ""154698834"", ""51692336"", ""22408044"", ""131406447"", ""183767116"", ""160019718""]"
none_subset,5,219197772,123741380,57,118,0,0,0,0,0,0,"[""107833046"", ""192532677"", ""31739440"", ""207554399"", ""193318201"", ""171686923"", ""201336486"", ""205639687"", ""24251920"", ""209220406""]"
none_subset,5,204165479,152716158,46,6,0,0,0,1,1,1,"[""134902485"", ""116820479"", ""203329657"", ""131820392"", ""141879198"", ""152716158"", ""70517064"", ""181041821"", ""103017168"", ""200814907""]"
none_subset,5,195123621,145157871,37,1403,0,0,0,0,0,0,"[""91090509"", ""194551250"", ""121775976"", ""189064377"", ""183552543"", ""156884960"", ""153136383"", ""212809765"", ""152140191"", ""137463465""]"
none_subset,5,198657322,169742657,64,1496,0,0,0,0,0,0,"[""159428920"", ""149253481"", ""114420335"", ""116370931"", ""176297212"", ""146946453"", ""201892870"", ""99174752"", ""129130295"", ""142735207""]"
none_subset,5,168167112,136167456,46,299,0,0,0,0,0,0,"[""146947584"", ""170881830"", ""163911793"", ""166724206"", ""212730825"", ""181020941"", ""127741812"", ""108934756"", ""203190117"", ""194733454""]"
none_subset,5,217865263,202190653,4,12,0,0,0,0,1,1,"[""53541477"", ""193007590"", ""48830519"", ""211167678"", ""146976388"", ""73118528"", ""9924656"", ""192968334"", ""165023261"", ""198949108""]"
none_subset,5,178717273,127619503,46,99,0,0,0,0,0,0,"[""191705183"", ""152102459"", ""160699239"", ""186116554"", ""201966464"", ""22408044"", ""99309357"", ""153408319"", ""118566996"", ""128072844""]"
none_subset,5,157200645,104767223,46,1,1,1,1,1,1,1,"[""104767223"", ""206843208"", ""157884203"", ""159536710"", ""74187345"", ""47199408"", ""65618657"", ""109762523"", ""167280596"", ""214989922""]"
none_subset,5,212472649,167019414,43,263,0,0,0,0,0,0,"[""191701553"", ""127655947"", ""170809412"", ""189490489"", ""184649249"", ""201006052"", ""155249274"", ""207851646"", ""204570694"", ""146413132""]"
none_subset,5,180957275,117294409,43,646,0,0,0,0,0,0,"[""127254122"", ""119064343"", ""126702260"", ""125638272"", ""137780242"", ""76296759"", ""128872941"", ""61394763"", ""205276629"", ""183751849""]"
none_subset,5,197644343,170533485,4,1004,0,0,0,0,0,0,"[""181206759"", ""47487946"", ""154438637"", ""203618170"", ""210498460"", ""203776159"", ""202936499"", ""214582809"", ""192906971"", ""169468429""]"
none_subset,5,220083412,188854517,4,393,0,0,0,0,0,0,"[""214521847"", ""194814735"", ""210958855"", ""150251115"", ""183252412"", ""201735437"", ""193843184"", ""112793859"", ""135756488"", ""159150083""]"
none_subset,5,182691252,148133803,64,1462,0,0,0,0,0,0,"[""12329772"", ""209370105"", ""196328856"", ""209368038"", ""158126671"", ""128607088"", ""174287144"", ""164643454"", ""108526378"", ""99717427""]"
none_subset,5,224088320,207903647,38,861,0,0,0,0,0,0,"[""192992682"", ""149343290"", ""140138816"", ""174530040"", ""179286930"", ""120618466"", ""127539785"", ""182237895"", ""153387624"", ""73613191""]"
none_subset,5,207157271,181831554,62,777,0,0,0,0,0,0,"[""144080444"", ""147431302"", ""66465401"", ""188860992"", ""124381580"", ""182479029"", ""137665706"", ""183534059"", ""148791903"", ""97218462""]"
none_subset,5,219549589,205463159,46,159,0,0,0,0,0,0,"[""208458622"", ""204899704"", ""198204190"", ""211572610"", ""177522465"", ""177962710"", ""214251597"", ""178405632"", ""213683775"", ""203415759""]"
none_subset,5,61412758,66544309,64,31,0,0,0,0,0,1,"[""146444401"", ""121260031"", ""130509385"", ""196347311"", ""85881610"", ""150773033"", ""67677743"", ""154897158"", ""123687478"", ""169220249""]"
none_subset,5,225234100,214923237,37,707,0,0,0,0,0,0,"[""99092830"", ""144129822"", ""201603265"", ""197580749"", ""120679456"", ""151028514"", ""127822217"", ""106707591"", ""205214483"", ""92247640""]"
none_subset,5,200993442,173622745,64,2333,0,0,0,0,0,0,"[""164643454"", ""164458750"", ""82429709"", ""186423211"", ""30343221"", ""150470372"", ""118462041"", ""161643481"", ""138206252"", ""122273058""]"
none_subset,5,216975459,206528763,37,1430,0,0,0,0,0,0,"[""203829614"", ""194297564"", ""140618489"", ""184357547"", ""76425154"", ""180305054"", ""214037923"", ""103057199"", ""157798849"", ""175772166""]"
none_subset,5,225336801,188214175,38,87,0,0,0,0,0,0,"[""192191594"", ""18107447"", ""165955684"", ""38003672"", ""55870666"", ""123821164"", ""99912896"", ""215150803"", ""99814995"", ""149637319""]"
none_subset,5,215838281,178821617,64,605,0,0,0,0,0,0,"[""92304326"", ""77671900"", ""127488797"", ""181529530"", ""184412814"", ""165717472"", ""177968315"", ""106066941"", ""126295674"", ""143939537""]"
none_subset,5,194636789,164687853,43,648,0,0,0,0,0,0,"[""210822887"", ""182445092"", ""201905433"", ""183765224"", ""189283285"", ""211582481"", ""187215484"", ""182902299"", ""166734753"", ""200173512""]"
none_subset,5,222074084,210312086,4,215,0,0,0,0,0,0,"[""191910217"", ""203339357"", ""187498673"", ""197090565"", ""180277966"", ""202888371"", ""200589462"", ""192331065"", ""207143420"", ""206010093""]"
none_subset,5,220528235,207323221,46,943,0,0,0,0,0,0,"[""162020306"", ""99228098"", ""212848933"", ""173138479"", ""210468796"", ""184502757"", ""84550918"", ""168442343"", ""78390422"", ""157599774""]"
none_subset,5,172457210,121255930,64,190,0,0,0,0,0,0,"[""196328856"", ""164643454"", ""63404553"", ""181447269"", ""136904065"", ""161643481"", ""118462041"", ""113590277"", ""149002642"", ""95857401""]"
none_subset,5,113903010,100293557,64,802,0,0,0,0,0,0,"[""194094670"", ""138800320"", ""56995363"", ""179201033"", ""182382634"", ""156194814"", ""138115654"", ""204824313"", ""161963780"", ""181619566""]"
none_subset,5,221302940,208849613,4,391,0,0,0,0,0,0,"[""204869184"", ""208324043"", ""149665952"", ""195078342"", ""145725802"", ""206016133"", ""206279065"", ""205530255"", ""108788103"", ""211469837""]"
none_subset,5,69000953,64234906,46,7,0,0,0,1,1,1,"[""158946684"", ""16339902"", ""140827649"", ""68978046"", ""143258032"", ""201215254"", ""64234906"", ""185043110"", ""100503293"", ""171694803""]"
none_subset,5,218842170,160041957,38,108,0,0,0,0,0,0,"[""18107447"", ""180023471"", ""169021759"", ""179244626"", ""123821164"", ""140979774"", ""55870666"", ""181880655"", ""148428740"", ""154090124""]"
none_subset,5,220261952,197046560,4,633,0,0,0,0,0,0,"[""127947361"", ""137829612"", ""210301282"", ""214893406"", ""166646423"", ""202725813"", ""149460710"", ""73706611"", ""170163174"", ""201552310""]"
none_subset,5,139219419,121721790,62,355,0,0,0,0,0,0,"[""104128337"", ""134822754"", ""189107795"", ""124381580"", ""117835777"", ""133870924"", ""188860992"", ""190767280"", ""143139548"", ""157472228""]"
none_subset,5,125389659,110880028,46,259,0,0,0,0,0,0,"[""169485140"", ""104127006"", ""77995654"", ""215475381"", ""205769669"", ""206921287"", ""169165853"", ""160547557"", ""186724430"", ""130443128""]"
none_subset,5,184714311,156401211,4,562,0,0,0,0,0,0,"[""183534248"", ""195717749"", ""157752611"", ""42368928"", ""169697872"", ""207935824"", ""187540651"", ""154444351"", ""147740083"", ""186370381""]"
none_subset,5,211685637,190316113,37,266,0,0,0,0,0,0,"[""210502009"", ""191911000"", ""194408004"", ""123971162"", ""209286799"", ""195583647"", ""190568516"", ""201649016"", ""133351365"", ""187324915""]"
none_subset,5,120923788,107088593,64,396,0,0,0,0,0,0,"[""122395189"", ""203509707"", ""121260031"", ""138322181"", ""193870914"", ""113590277"", ""146848989"", ""151177544"", ""129130295"", ""189142523""]"
none_subset,5,210445554,188816532,62,1096,0,0,0,0,0,0,"[""150060889"", ""101066716"", ""100460340"", ""117006578"", ""12752226"", ""135632302"", ""208335318"", ""136496108"", ""187207232"", ""194289010""]"
none_subset,5,204017555,160815179,46,331,0,0,0,0,0,0,"[""171227152"", ""190224714"", ""103250951"", ""147047749"", ""205168224"", ""145084375"", ""184646371"", ""182136657"", ""127266574"", ""28587929""]"
none_subset,5,143197618,98469115,64,28,0,0,0,0,1,1,"[""193793367"", ""153275921"", ""143662194"", ""135170809"", ""76668217"", ""206142030"", ""136053941"", ""174916841"", ""163956163"", ""95788322""]"
none_subset,5,61843610,66079869,38,168,0,0,0,0,0,0,"[""160458687"", ""55870666"", ""148419997"", ""203702170"", ""37709032"", ""207664747"", ""179244626"", ""91690080"", ""96535503"", ""92914026""]"
none_subset,5,203049884,177204083,46,172,0,0,0,0,0,0,"[""140412713"", ""78004872"", ""206201645"", ""13525511"", ""138620481"", ""71898794"", ""82040536"", ""152639248"", ""208035235"", ""204633518""]"
none_subset,5,200273238,174160548,62,69,0,0,0,0,0,0,"[""189021318"", ""209151724"", ""192522899"", ""134618566"", ""172904337"", ""113904136"", ""193006708"", ""181995504"", ""201325161"", ""106048307""]"
none_subset,5,70787689,44688477,4,141,0,0,0,0,0,0,"[""156103241"", ""200963901"", ""181715447"", ""178139392"", ""119644839"", ""201461303"", ""198374943"", ""138975756"", ""196862937"", ""143929940""]"
none_subset,5,176078735,146569456,43,264,0,0,0,0,0,0,"[""204649733"", ""215513285"", ""204570694"", ""207851646"", ""201006052"", ""191583920"", ""186925656"", ""39281999"", ""134298306"", ""134461446""]"
none_subset,5,135329136,117265551,37,92,0,0,0,0,0,0,"[""195740726"", ""156606418"", ""92247640"", ""114171070"", ""213064823"", ""195296935"", ""188414894"", ""192142184"", ""188918346"", ""206412545""]"
none_subset,5,153938737,131288527,43,725,0,0,0,0,0,0,"[""188577365"", ""174444626"", ""201440672"", ""201927995"", ""198092127"", ""183766098"", ""194192433"", ""192493949"", ""202632009"", ""143758890""]"
none_subset,5,212479224,192156118,64,746,0,0,0,0,0,0,"[""136401281"", ""144646883"", ""162799044"", ""167158322"", ""92307658"", ""99174752"", ""184029064"", ""142735207"", ""197336481"", ""152109736""]"
none_subset,5,166278715,129815138,4,1960,0,0,0,0,0,0,"[""146961197"", ""213979278"", ""195895955"", ""139342323"", ""210573149"", ""22766945"", ""192757426"", ""151871639"", ""65093674"", ""215198902""]"
none_subset,5,199772169,172344853,46,148,0,0,0,0,0,0,"[""208458622"", ""149224518"", ""141013834"", ""202137925"", ""215428176"", ""131629489"", ""200735701"", ""204484014"", ""214251597"", ""204919891""]"
none_subset,5,175220215,132450375,43,173,0,0,0,0,0,0,"[""195224828"", ""188409353"", ""192928288"", ""211582481"", ""197833947"", ""180844785"", ""195590215"", ""189297376"", ""203424512"", ""182399428""]"
none_subset,5,177080967,137979950,43,2095,0,0,0,0,0,0,"[""189490489"", ""112596322"", ""134461446"", ""133220748"", ""185196782"", ""204570694"", ""111684767"", ""185419010"", ""207851646"", ""201355888""]"
none_subset,5,209299010,186780001,37,25,0,0,0,0,1,1,"[""160068637"", ""191294127"", ""199340755"", ""188962071"", ""191504755"", ""211802210"", ""209154292"", ""214087269"", ""188911101"", ""195744990""]"
none_subset,5,199596057,171152123,46,677,0,0,0,0,0,0,"[""207127154"", ""210734819"", ""210667015"", ""212306388"", ""212905783"", ""204484014"", ""211131554"", ""180299995"", ""208805779"", ""198221243""]"
none_subset,5,123077927,110091642,43,888,0,0,0,0,0,0,"[""210940174"", ""193313194"", ""123625697"", ""46019037"", ""213210833"", ""167043645"", ""180648286"", ""81453511"", ""171140458"", ""153591399""]"
none_subset,5,190493038,120673072,43,1028,0,0,0,0,0,0,"[""54226204"", ""158425166"", ""125480188"", ""159816013"", ""133582641"", ""210455532"", ""178073804"", ""129748527"", ""96300750"", ""104957798""]"
none_subset,5,86671615,52955195,46,94,0,0,0,0,0,0,"[""81754384"", ""52432861"", ""61233280"", ""104231043"", ""207308677"", ""98678440"", ""107277769"", ""210829117"", ""56920439"", ""108713383""]"
none_subset,5,31043892,31980662,38,85,0,0,0,0,0,0,"[""99026554"", ""200412630"", ""16689432"", ""193744229"", ""152236293"", ""81584170"", ""202202801"", ""113652490"", ""150630196"", ""135581008""]"
none_subset,5,145451831,124127139,64,432,0,0,0,0,0,0,"[""136904065"", ""113590277"", ""147984435"", ""178690639"", ""112033542"", ""107682837"", ""189142523"", ""161643481"", ""201301937"", ""146630451""]"
none_subset,5,153747275,126063136,57,1256,0,0,0,0,0,0,"[""103801352"", ""121902729"", ""140761987"", ""205451286"", ""86791172"", ""36692830"", ""102094865"", ""131956124"", ""128122761"", ""172878744""]"
none_subset,5,224656101,204256104,4,2676,0,0,0,0,0,0,"[""148023845"", ""79107019"", ""210109068"", ""210965026"", ""78003621"", ""193871241"", ""99427859"", ""104121894"", ""185181562"", ""172984196""]"
none_subset,5,99715785,93457918,62,39,0,0,0,0,0,1,"[""124381580"", ""58086605"", ""115226483"", ""149461258"", ""156733813"", ""104128337"", ""153978341"", ""172190870"", ""209579537"", ""15942056""]"
none_subset,5,219010765,200564628,4,79,0,0,0,0,0,0,"[""196026500"", ""208780104"", ""188605425"", ""201904090"", ""180843726"", ""207726716"", ""193001991"", ""178104667"", ""196267387"", ""210550451""]"
none_subset,5,201660768,149982401,38,122,0,0,0,0,0,0,"[""183564225"", ""191870766"", ""214394715"", ""120618466"", ""61517646"", ""132266859"", ""174530040"", ""179286930"", ""113999751"", ""68304286""]"
none_subset,5,121673786,101155263,46,80,0,0,0,0,0,0,"[""98678440"", ""108713383"", ""61233280"", ""214351472"", ""204219042"", ""53826389"", ""111118568"", ""100881714"", ""213744352"", ""207308677""]"
none_subset,5,72533492,74205538,46,1386,0,0,0,0,0,0,"[""108322993"", ""12880586"", ""205233162"", ""190912236"", ""97623791"", ""155950947"", ""180613841"", ""60967653"", ""75379104"", ""71898794""]"
none_subset,5,189529390,161349329,38,101,0,0,0,0,0,0,"[""112758593"", ""182237895"", ""209258995"", ""192596276"", ""179286930"", ""128168264"", ""124169140"", ""127751166"", ""173428109"", ""181736422""]"
none_subset,5,152773694,132893169,43,1742,0,0,0,0,0,0,"[""201283434"", ""65223002"", ""190843616"", ""164683741"", ""124731600"", ""144008610"", ""87508743"", ""108362017"", ""210931289"", ""190480160""]"
none_subset,5,124950338,109922545,46,140,0,0,0,0,0,0,"[""111439009"", ""163911793"", ""170881830"", ""168791195"", ""212730825"", ""138953275"", ""213006920"", ""205297053"", ""211336503"", ""174051354""]"
none_subset,5,195925802,168412771,46,189,0,0,0,0,0,0,"[""149224518"", ""204919891"", ""208458622"", ""157990048"", ""202137925"", ""159049004"", ""204484014"", ""200735701"", ""167800204"", ""211812604""]"
none_subset,5,180507726,148096344,4,117,0,0,0,0,0,0,"[""143929940"", ""143701762"", ""184476437"", ""156103241"", ""191461282"", ""190067899"", ""192786300"", ""188882555"", ""191597482"", ""177402240""]"
none_subset,5,159100819,135216969,37,1205,0,0,0,0,0,0,"[""195886526"", ""180869206"", ""63579301"", ""162977839"", ""163644147"", ""89454786"", ""184920959"", ""208597485"", ""134610044"", ""211318715""]"
none_subset,5,158660557,138316929,4,2278,0,0,0,0,0,0,"[""152194990"", ""195617414"", ""214409401"", ""203419431"", ""196254282"", ""102097613"", ""210958374"", ""209736982"", ""166156715"", ""157519336""]"
none_subset,5,181277813,121966763,46,115,0,0,0,0,0,0,"[""190912236"", ""211380085"", ""102529512"", ""128782682"", ""78570599"", ""132867538"", ""12880586"", ""200978060"", ""134647287"", ""195464981""]"
none_subset,5,182127641,142274306,43,324,0,0,0,0,0,0,"[""89602786"", ""182972054"", ""189165560"", ""190670405"", ""151940220"", ""177238440"", ""178425205"", ""164354706"", ""173279591"", ""142505497""]"
none_subset,5,75516255,77338935,38,1368,0,0,0,0,0,0,"[""54115082"", ""31197704"", ""14434511"", ""213205324"", ""75182035"", ""174530040"", ""120618466"", ""110664117"", ""188948528"", ""99753126""]"
none_subset,5,147462172,80777048,62,204,0,0,0,0,0,0,"[""76790091"", ""146789147"", ""71700919"", ""73563944"", ""156119933"", ""57547838"", ""106557292"", ""139848504"", ""32263557"", ""46446514""]"
none_subset,5,220651840,145906971,43,2,0,1,1,1,1,1,"[""120544015"", ""145906971"", ""74652569"", ""60125434"", ""173249585"", ""156619966"", ""56249203"", ""179312045"", ""1670089"", ""101275830""]"
none_subset,5,223856287,209585249,37,68,0,0,0,0,0,0,"[""201660893"", ""195014964"", ""190569345"", ""210226726"", ""194731784"", ""210502009"", ""207544886"", ""193656232"", ""203730564"", ""191911000""]"
none_subset,5,174298031,146247846,38,460,0,0,0,0,0,0,"[""158083734"", ""155387684"", ""163646287"", ""92748634"", ""166395194"", ""149755002"", ""122392168"", ""171247461"", ""77441675"", ""195194673""]"
none_subset,5,217510317,201829388,4,1865,0,0,0,0,0,0,"[""182581077"", ""203466268"", ""180843726"", ""188468393"", ""194160187"", ""183509496"", ""196026500"", ""200030726"", ""168099979"", ""208268059""]"
none_subset,5,216906744,117474006,64,672,0,0,0,0,0,0,"[""151937269"", ""193084026"", ""186981669"", ""111685759"", ""139013046"", ""189845371"", ""152598569"", ""181529530"", ""107218617"", ""200451748""]"
none_subset,5,195740306,168712424,64,15,0,0,0,0,1,1,"[""31566174"", ""60124479"", ""212528042"", ""207826820"", ""129348881"", ""186937016"", ""49215114"", ""210273621"", ""153533707"", ""209726301""]"
none_subset,5,175571502,147515846,37,1538,0,0,0,0,0,0,"[""156606418"", ""187356593"", ""133173167"", ""215484131"", ""190788723"", ""201125303"", ""126332187"", ""174101148"", ""124330560"", ""40661702""]"
none_subset,5,40555318,42368928,4,2,0,1,1,1,1,1,"[""152685161"", ""42368928"", ""209670193"", ""137934343"", ""88119764"", ""179804262"", ""200206633"", ""93467050"", ""213127345"", ""189202376""]"
none_subset,5,221748782,110119636,46,518,0,0,0,0,0,0,"[""133459219"", ""171696517"", ""194051265"", ""77329979"", ""32062492"", ""167312009"", ""179653927"", ""193423957"", ""205927935"", ""105064166""]"
none_subset,5,215076418,191423965,43,622,0,0,0,0,0,0,"[""118484592"", ""146898856"", ""75839769"", ""211030648"", ""193281522"", ""151940220"", ""196601703"", ""129743380"", ""191797683"", ""109574039""]"
none_subset,5,217106992,185861853,43,1940,0,0,0,0,0,0,"[""138361155"", ""122714725"", ""104088614"", ""112322089"", ""128038991"", ""202169801"", ""177166442"", ""65223002"", ""99989757"", ""139419678""]"
none_subset,5,223869271,163921484,64,722,0,0,0,0,0,0,"[""116423938"", ""167679113"", ""122024341"", ""122175441"", ""126785773"", ""160686884"", ""201276045"", ""198307794"", ""165687007"", ""111594397""]"
none_subset,5,187098073,159199323,43,18,0,0,0,0,1,1,"[""120630424"", ""197580291"", ""120544015"", ""145906971"", ""192287850"", ""140059192"", ""103490970"", ""130771188"", ""29596208"", ""196197826""]"
none_subset,5,221251045,204415558,62,75,0,0,0,0,0,0,"[""212412503"", ""206841068"", ""197247155"", ""211070786"", ""196478095"", ""192447937"", ""210489322"", ""208719189"", ""204372796"", ""179064472""]"
none_subset,5,222910388,155647098,57,79,0,0,0,0,0,0,"[""141804981"", ""207781223"", ""193211760"", ""145872351"", ""127515333"", ""57499088"", ""75645739"", ""116706729"", ""116672568"", ""46337629""]"
none_subset,5,199764194,164130570,4,215,0,0,0,0,0,0,"[""211167678"", ""53541477"", ""206007161"", ""73118528"", ""169909169"", ""25537887"", ""209243592"", ""161417907"", ""198949108"", ""76135090""]"
none_subset,5,170511974,157139216,37,1393,0,0,0,0,0,0,"[""204074550"", ""192227530"", ""128177539"", ""193656232"", ""186646910"", ""178236167"", ""184357547"", ""191896082"", ""204531217"", ""138625062""]"
none_subset,5,197042942,164967199,38,66,0,0,0,0,0,0,"[""194296875"", ""206210969"", ""164189840"", ""149755002"", ""168932142"", ""149579144"", ""183226957"", ""191622817"", ""196989948"", ""162768145""]"
none_subset,5,69298452,70517064,46,217,0,0,0,0,0,0,"[""211380085"", ""102529512"", ""183484544"", ""178808064"", ""214682235"", ""127485588"", ""205635929"", ""138620481"", ""208649860"", ""190912236""]"
none_subset,5,223561452,212197427,37,863,0,0,0,0,0,0,"[""209128550"", ""194731784"", ""206864139"", ""207544886"", ""213416559"", ""191911000"", ""206298544"", ""195014964"", ""201660893"", ""193995538""]"
none_subset,5,168452676,118222122,62,687,0,0,0,0,0,0,"[""146801635"", ""215517289"", ""212180917"", ""183472917"", ""205247044"", ""201460182"", ""191313815"", ""185125027"", ""201240617"", ""191982155""]"
none_subset,5,181794300,151145810,43,41,0,0,0,0,0,1,"[""148264493"", ""209546973"", ""66709739"", ""66709745"", ""128872941"", ""195408710"", ""137780242"", ""173981660"", ""197613208"", ""127254122""]"
none_subset,5,208095656,127927081,64,144,0,0,0,0,0,0,"[""151373996"", ""156784913"", ""179987053"", ""20536325"", ""16466362"", ""189971087"", ""139261502"", ""14352417"", ""181441566"", ""200043378""]"
none_subset,5,225335926,211911671,46,1570,0,0,0,0,0,0,"[""108322993"", ""71898794"", ""75379104"", ""211380085"", ""186512278"", ""155950947"", ""190912236"", ""132699103"", ""165123892"", ""78885056""]"
none_subset,5,222130069,210417882,37,2572,0,0,0,0,0,0,"[""205300777"", ""210502009"", ""116929460"", ""170544975"", ""179547907"", ""179900455"", ""151617295"", ""211483573"", ""169799464"", ""167798254""]"
none_subset,5,223720098,212621102,37,17,0,0,0,0,1,1,"[""190569345"", ""209128550"", ""211165397"", ""212271042"", ""207605603"", ""203730564"", ""194731784"", ""210307849"", ""192659231"", ""211804795""]"
none_subset,5,194097330,148051499,38,1042,0,0,0,0,0,0,"[""124826718"", ""165671081"", ""113456040"", ""136204876"", ""99798516"", ""128022775"", ""167323493"", ""56711957"", ""187952856"", ""175815162""]"
none_subset,5,125412100,109590796,38,325,0,0,0,0,0,0,"[""192439696"", ""184981026"", ""105576133"", ""155387684"", ""126891166"", ""197231507"", ""87880845"", ""104812629"", ""209895579"", ""121028401""]"
none_subset,5,220801144,195510728,4,6,0,0,0,1,1,1,"[""180843726"", ""197109183"", ""196026500"", ""188605425"", ""188468393"", ""195510728"", ""201211887"", ""202571906"", ""191209763"", ""208268059""]"
none_subset,5,217784024,202030579,37,1460,0,0,0,0,0,0,"[""123163900"", ""187502080"", ""148515955"", ""183552543"", ""203837820"", ""210502009"", ""187134525"", ""211954189"", ""149676779"", ""211987844""]"
none_subset,5,206497499,180165679,64,42,0,0,0,0,0,1,"[""98518695"", ""196368507"", ""197268810"", ""208214699"", ""106833162"", ""210298620"", ""198240527"", ""110198506"", ""137217328"", ""208628985""]"
none_subset,5,197513260,170959122,37,1183,0,0,0,0,0,0,"[""160098809"", ""200567894"", ""157252149"", ""198753304"", ""194579556"", ""156347163"", ""209207018"", ""210698150"", ""66837732"", ""201475694""]"
none_subset,5,33403155,35616285,43,229,0,0,0,0,0,0,"[""155249274"", ""171888747"", ""126897696"", ""139780746"", ""146413132"", ""115215817"", ""101892709"", ""104182792"", ""82639586"", ""196554944""]"
none_subset,5,221402730,204219042,46,2,0,1,1,1,1,1,"[""164912617"", ""204219042"", ""171696517"", ""109562038"", ""58097180"", ""138953275"", ""214160095"", ""53826389"", ""174726875"", ""54554289""]"
none_subset,5,195197020,167026168,4,646,0,0,0,0,0,0,"[""207566657"", ""101609584"", ""212786536"", ""211541518"", ""203962091"", ""154438637"", ""214320663"", ""175972809"", ""140985712"", ""212636144""]"
none_subset,5,220975574,141715949,4,1252,0,0,0,0,0,0,"[""90931027"", ""119654700"", ""152685161"", ""86385298"", ""210643102"", ""189202376"", ""179804262"", ""119900827"", ""195516477"", ""183792420""]"
none_subset,5,212378064,191930990,64,1533,0,0,0,0,0,0,"[""121260031"", ""145311547"", ""151373996"", ""173661276"", ""183013744"", ""150385215"", ""70262578"", ""193983183"", ""63926364"", ""181441566""]"
none_subset,5,197335719,155926657,37,208,0,0,0,0,0,0,"[""204992307"", ""162977839"", ""154954077"", ""208576745"", ""207110453"", ""133924998"", ""211318715"", ""157798849"", ""180869206"", ""165689309""]"
none_subset,5,214372554,195229377,62,875,0,0,0,0,0,0,"[""191211417"", ""212412503"", ""174160548"", ""214078993"", ""179064472"", ""192447937"", ""187248726"", ""184849912"", ""196877312"", ""196478095""]"
none_subset,5,76767653,75859148,43,232,0,0,0,0,0,0,"[""90355123"", ""67021588"", ""86370719"", ""1704333"", ""207851646"", ""162819113"", ""183687457"", ""67857747"", ""159852934"", ""198700213""]"
none_subset,5,196529391,109531052,46,1889,0,0,0,0,0,0,"[""99228098"", ""203329657"", ""170556855"", ""76396478"", ""110700672"", ""181041821"", ""132184095"", ""152716158"", ""78516486"", ""131820392""]"
none_subset,5,210307148,183994388,37,177,0,0,0,0,0,0,"[""63579301"", ""134610044"", ""157022245"", ""195886526"", ""163644147"", ""16898206"", ""89454786"", ""180869206"", ""204657562"", ""187812442""]"
none_subset,5,219399718,189822829,37,403,0,0,0,0,0,0,"[""162977839"", ""204992307"", ""211318715"", ""208576745"", ""207110453"", ""170049514"", ""157798849"", ""212047029"", ""180869206"", ""151343274""]"
none_subset,5,60793435,67564757,4,447,0,0,0,0,0,0,"[""139418370"", ""102233014"", ""50763598"", ""155703180"", ""179805334"", ""203130825"", ""163349092"", ""150577652"", ""176819214"", ""191690738""]"
none_subset,5,225050473,214079589,43,571,0,0,0,0,0,0,"[""208008027"", ""164461764"", ""210273616"", ""98638580"", ""190372173"", ""166344121"", ""170651164"", ""135901868"", ""138107182"", ""16668651""]"
none_subset,5,151461843,106574616,4,1301,0,0,0,0,0,0,"[""194212862"", ""179874926"", ""16813724"", ""183534248"", ""104293117"", ""185071400"", ""204940248"", ""176566249"", ""157092256"", ""150204940""]"
none_subset,5,224963404,215124824,46,339,0,0,0,0,0,0,"[""213672603"", ""110303791"", ""207645526"", ""180804264"", ""169782796"", ""198984808"", ""170915583"", ""178722271"", ""158806989"", ""31105163""]"
none_subset,5,213395193,157545455,64,56,0,0,0,0,0,0,"[""210741382"", ""70397289"", ""55550671"", ""188286775"", ""162686675"", ""124948775"", ""190758206"", ""203527868"", ""155116255"", ""121294809""]"
none_subset,5,199347721,170470044,37,2770,0,0,0,0,0,0,"[""207956028"", ""207035998"", ""209161669"", ""185694778"", ""164058126"", ""183519446"", ""205430382"", ""186828726"", ""202243857"", ""207130869""]"
none_subset,5,213525214,213548440,37,381,0,0,0,0,0,0,"[""56675511"", ""100843460"", ""199200887"", ""131961169"", ""209172941"", ""193485768"", ""209349722"", ""192410378"", ""187719393"", ""192410370""]"
none_subset,5,12996076,10587748,38,2278,0,0,0,0,0,0,"[""186767110"", ""97083478"", ""98526198"", ""193563274"", ""151407481"", ""156424467"", ""177165475"", ""25706087"", ""179234058"", ""81220432""]"
none_subset,5,221170771,133192411,64,23,0,0,0,0,1,1,"[""117946057"", ""78458855"", ""145311547"", ""14286061"", ""91922866"", ""66459509"", ""173526297"", ""194651505"", ""119491080"", ""211873793""]"
none_subset,5,201268285,171087357,38,343,0,0,0,0,0,0,"[""125546461"", ""193575305"", ""205481720"", ""155797300"", ""163838256"", ""209454122"", ""191737393"", ""207870282"", ""13076452"", ""140998433""]"
none_subset,5,68995077,74320615,4,38,0,0,0,0,0,1,"[""199930706"", ""18444702"", ""118512173"", ""117781364"", ""128197551"", ""194644230"", ""182183775"", ""161593927"", ""149264383"", ""126128930""]"
none_subset,5,212774105,192870188,37,27,0,0,0,0,1,1,"[""156606418"", ""209154292"", ""187719393"", ""190172991"", ""202782009"", ""191257187"", ""207544886"", ""196469804"", ""135216969"", ""193730114""]"
none_subset,5,157241973,131569653,64,12,0,0,0,0,1,1,"[""128304968"", ""201270567"", ""91451711"", ""133870534"", ""96029631"", ""152189504"", ""170213283"", ""144281937"", ""81233438"", ""109320323""]"
none_subset,5,81138293,75083855,43,6,0,0,0,1,1,1,"[""15648138"", ""134678718"", ""113309612"", ""147117418"", ""118255723"", ""75083855"", ""122820009"", ""139515611"", ""121864251"", ""194820899""]"
none_subset,5,225048938,214258455,43,32,0,0,0,0,0,1,"[""77390218"", ""118456882"", ""16113826"", ""166752829"", ""158792208"", ""202567733"", ""215347381"", ""214098104"", ""207898804"", ""127321663""]"
none_subset,5,207291591,183508594,62,630,0,0,0,0,0,0,"[""183755648"", ""213066001"", ""204372796"", ""193966350"", ""198209451"", ""172997177"", ""98179707"", ""69002225"", ""192448420"", ""202235121""]"
none_subset,5,52045858,56867133,64,58,0,0,0,0,0,0,"[""177536477"", ""87964225"", ""8985600"", ""183213131"", ""188599489"", ""60046348"", ""79734724"", ""189932460"", ""53527257"", ""164025251""]"
none_subset,5,205176585,170787140,57,34,0,0,0,0,0,1,"[""156232619"", ""139164571"", ""172878744"", ""102094865"", ""182367509"", ""103801352"", ""138785776"", ""193568914"", ""140761987"", ""150231110""]"
none_subset,5,212795619,192825778,43,633,0,0,0,0,0,0,"[""202025930"", ""173758947"", ""197718308"", ""180442618"", ""72463184"", ""199520065"", ""153040976"", ""67909736"", ""128872941"", ""140343241""]"
none_subset,5,166582260,128927470,43,96,0,0,0,0,0,0,"[""160598030"", ""100215754"", ""186549940"", ""205576818"", ""120122284"", ""170651164"", ""139961406"", ""84074518"", ""208864917"", ""88376416""]"
none_subset,5,198655574,169540744,46,388,0,0,0,0,0,0,"[""103702743"", ""171344322"", ""165354631"", ""162647828"", ""213909983"", ""206400304"", ""54753065"", ""181620594"", ""171164335"", ""166650343""]"
none_subset,5,221746788,209644299,57,1177,0,0,0,0,0,0,"[""212489788"", ""202223376"", ""193981972"", ""211301569"", ""202655316"", ""174257554"", ""195530341"", ""195530369"", ""187635232"", ""200193952""]"
none_subset,5,207159870,180180313,43,2126,0,0,0,0,0,0,"[""202025930"", ""173758947"", ""121279267"", ""171859659"", ""201915238"", ""180442618"", ""178271380"", ""139780746"", ""140231935"", ""159971774""]"
none_subset,5,180137394,139482893,57,1256,0,0,0,0,0,0,"[""134702798"", ""107527374"", ""139164571"", ""139191535"", ""110306995"", ""194409455"", ""184690297"", ""172961532"", ""121902729"", ""143701254""]"
none_subset,5,207494840,180293005,43,68,0,0,0,0,0,0,"[""201905433"", ""184091403"", ""165285962"", ""201671217"", ""143795279"", ""207732639"", ""209666551"", ""145765627"", ""198054092"", ""213483404""]"
none_subset,5,166456543,141754702,62,63,0,0,0,0,0,0,"[""76790091"", ""106557292"", ""152815967"", ""82871684"", ""98255078"", ""141918937"", ""164437495"", ""39970613"", ""122201530"", ""188696626""]"
none_subset,5,208513820,105697718,38,769,0,0,0,0,0,0,"[""168932142"", ""155841677"", ""136949110"", ""119096193"", ""162768145"", ""145720442"", ""204092180"", ""185863262"", ""207694901"", ""194439327""]"
none_subset,5,225221431,212209084,38,2778,0,0,0,0,0,0,"[""167863303"", ""192468068"", ""155073910"", ""202234864"", ""165832126"", ""171057004"", ""184547134"", ""187015482"", ""46549636"", ""169136130""]"
none_subset,5,60152115,66191550,62,746,0,0,0,0,0,0,"[""72763415"", ""120595575"", ""125457528"", ""132110473"", ""192716019"", ""154898137"", ""96606456"", ""211901178"", ""165933677"", ""155721266""]"
none_subset,5,145050847,108780050,62,600,0,0,0,0,0,0,"[""189107795"", ""188860992"", ""124381580"", ""168218108"", ""97195771"", ""188696626"", ""98255078"", ""180629226"", ""120273284"", ""66465401""]"
none_subset,5,75326151,76211714,38,365,0,0,0,0,0,0,"[""124226339"", ""79223401"", ""159013209"", ""137715155"", ""91197511"", ""206429629"", ""177904480"", ""82057494"", ""139117589"", ""100928327""]"
none_subset,5,213978608,193719358,37,28,0,0,0,0,1,1,"[""123163900"", ""63579301"", ""195886526"", ""156934315"", ""162977839"", ""163644147"", ""212047029"", ""81981879"", ""153111696"", ""149631379""]"
none_subset,5,218457342,194932553,62,31,0,0,0,0,0,1,"[""178706930"", ""14027620"", ""211861394"", ""209844093"", ""142493256"", ""211638809"", ""81077749"", ""188361417"", ""1975349"", ""198734216""]"
none_subset,5,193377068,165122778,37,949,0,0,0,0,0,0,"[""170597831"", ""120041856"", ""144080332"", ""200939819"", ""162492521"", ""32638462"", ""100819191"", ""84203234"", ""153538224"", ""146033695""]"
none_subset,5,89589487,83202485,46,1425,0,0,0,0,0,0,"[""115290677"", ""203022989"", ""77062785"", ""194951479"", ""165583283"", ""193128703"", ""78631092"", ""146029150"", ""116109332"", ""177479543""]"
none_subset,5,224696290,214638533,62,321,0,0,0,0,0,0,"[""206185867"", ""79050446"", ""112177351"", ""191519026"", ""126852501"", ""204033047"", ""167970913"", ""186695195"", ""146801635"", ""110270218""]"
none_subset,5,162311238,138254448,46,1232,0,0,0,0,0,0,"[""213744352"", ""129240074"", ""180749212"", ""98678440"", ""172912744"", ""52955195"", ""174623464"", ""188865413"", ""197483367"", ""167759245""]"
none_subset,5,175322909,76695262,4,13,0,0,0,0,1,1,"[""146168593"", ""186900944"", ""211473289"", ""90951087"", ""166614186"", ""203890372"", ""210517999"", ""74840410"", ""187133003"", ""191630851""]"
none_subset,5,222800688,36154029,38,310,0,0,0,0,0,0,"[""206277956"", ""132680001"", ""143848258"", ""181391982"", ""141804705"", ""164618247"", ""198984787"", ""121134112"", ""206918840"", ""203371728""]"
none_subset,5,215156969,195420835,62,235,0,0,0,0,0,0,"[""197247155"", ""212412503"", ""179064472"", ""196478095"", ""210489322"", ""214078993"", ""191313815"", ""124000667"", ""191982155"", ""208719189""]"
none_subset,5,183037168,120540825,4,264,0,0,0,0,0,0,"[""201066421"", ""56134226"", ""209670193"", ""152685161"", ""156901917"", ""144995106"", ""183642706"", ""179258061"", ""155106827"", ""65093674""]"
none_subset,5,192698417,152937191,46,27,0,0,0,0,1,1,"[""173566780"", ""105465833"", ""197814070"", ""115429456"", ""180749192"", ""9347442"", ""109623726"", ""1120036"", ""102057588"", ""61081009""]"
none_subset,5,210250678,186793142,37,1241,0,0,0,0,0,0,"[""184320957"", ""165174023"", ""114171070"", ""154409188"", ""193646222"", ""186107294"", ""169228866"", ""51138626"", ""206412545"", ""155255611""]"
none_subset,5,225317566,211199092,38,113,0,0,0,0,0,0,"[""169348966"", ""74153327"", ""124215587"", ""207844498"", ""146847513"", ""152299073"", ""98740967"", ""207707019"", ""203516073"", ""63699736""]"
none_subset,5,207437634,182659497,43,2163,0,0,0,0,0,0,"[""66867545"", ""122714725"", ""153525929"", ""128038991"", ""141811973"", ""65223002"", ""173857826"", ""91544773"", ""193064532"", ""166319032""]"
none_subset,5,219925303,203332786,46,47,0,0,0,0,0,1,"[""212905783"", ""214251597"", ""211063696"", ""208719036"", ""172966334"", ""212380449"", ""211047288"", ""212680115"", ""210667015"", ""138784478""]"
none_subset,5,75223981,52112999,43,829,0,0,0,0,0,0,"[""195829200"", ""125621820"", ""106878932"", ""63103166"", ""112313568"", ""49931795"", ""124482796"", ""187442156"", ""163870073"", ""173862854""]"
none_subset,5,71379667,76087987,62,750,0,0,0,0,0,0,"[""144314189"", ""192607518"", ""136057001"", ""153432818"", ""122507339"", ""203736902"", ""140662974"", ""212838763"", ""157926065"", ""96744852""]"
none_subset,5,219528748,203831460,4,59,0,0,0,0,0,0,"[""180843726"", ""200030726"", ""207097865"", ""194160187"", ""182581077"", ""201211887"", ""196026500"", ""188468393"", ""191033158"", ""200589143""]"
none_subset,5,179886884,126851290,43,777,0,0,0,0,0,0,"[""141669650"", ""6516822"", ""120597166"", ""166145474"", ""174826827"", ""188032543"", ""143322462"", ""205276629"", ""123511609"", ""98569973""]"
none_subset,5,199133253,167463798,57,92,0,0,0,0,0,0,"[""200414403"", ""205639658"", ""128244723"", ""210450439"", ""205139218"", ""143146395"", ""157848271"", ""183152391"", ""207586868"", ""209375474""]"
none_subset,5,198580834,171442385,64,1790,0,0,0,0,0,0,"[""210516871"", ""177629176"", ""97352989"", ""123561556"", ""99961058"", ""200250551"", ""179890391"", ""77671900"", ""188619722"", ""184682944""]"
none_subset,5,225300715,213981943,4,39,0,0,0,0,0,1,"[""191033158"", ""210643102"", ""204285378"", ""209670193"", ""195895955"", ""139342323"", ""186739934"", ""201066421"", ""190503853"", ""213127345""]"
none_subset,5,157631874,136653363,57,77,0,0,0,0,0,0,"[""171896766"", ""208750964"", ""11662511"", ""152199865"", ""138925273"", ""213078674"", ""30933369"", ""115422067"", ""14350598"", ""135805652""]"
none_subset,5,165208445,118426569,37,495,0,0,0,0,0,0,"[""98865638"", ""181988758"", ""90418462"", ""174160467"", ""93445243"", ""167168119"", ""201534233"", ""155255611"", ""139290462"", ""101457814""]"
none_subset,5,224096688,210720310,64,24,0,0,0,0,1,1,"[""140855645"", ""164183551"", ""110198506"", ""102928739"", ""166489955"", ""49215114"", ""210923456"", ""168665182"", ""102651632"", ""60291031""]"
none_subset,5,203186317,174768557,46,5,0,0,1,1,1,1,"[""174586724"", ""190843338"", ""177591787"", ""156489567"", ""174768557"", ""199921826"", ""79678760"", ""140007339"", ""206915401"", ""167439715""]"
none_subset,5,216954841,199909890,57,32,0,0,0,0,0,1,"[""175665700"", ""179059528"", ""172994991"", ""211357002"", ""200193952"", ""195907765"", ""211301569"", ""210580310"", ""200908206"", ""197749060""]"
none_subset,5,100196055,12971165,62,58,0,0,0,0,0,0,"[""211861394"", ""195484367"", ""209844093"", ""188361417"", ""212881813"", ""213858568"", ""187501464"", ""127682307"", ""127120146"", ""178981280""]"
none_subset,5,198581127,170448238,38,1780,0,0,0,0,0,0,"[""17545320"", ""19375583"", ""72340257"", ""157264118"", ""206925334"", ""97083478"", ""156317208"", ""192443349"", ""123190192"", ""160779270""]"
none_subset,5,168355648,137479175,38,28,0,0,0,0,1,1,"[""188036287"", ""180907201"", ""133973101"", ""211203480"", ""51837774"", ""206197845"", ""205465606"", ""184092706"", ""203991000"", ""212014102""]"
none_subset,5,170061836,143425658,43,1927,0,0,0,0,0,0,"[""213553578"", ""104343956"", ""76158891"", ""189281341"", ""140615053"", ""125543298"", ""150977148"", ""211601112"", ""197195883"", ""177472789""]"
none_subset,5,212711506,180954842,4,205,0,0,0,0,0,0,"[""193746035"", ""161281171"", ""191300394"", ""148649464"", ""147828982"", ""197859740"", ""191815855"", ""138898252"", ""56795758"", ""209715606""]"
none_subset,5,219885238,205623617,38,782,0,0,0,0,0,0,"[""31197704"", ""74273124"", ""169021759"", ""45579165"", ""120957343"", ""207100353"", ""179876069"", ""184684820"", ""155657846"", ""213205324""]"
none_subset,5,169746280,144067777,4,146,0,0,0,0,0,0,"[""152685161"", ""209670193"", ""126604867"", ""201066421"", ""173259969"", ""183642706"", ""56134226"", ""179258061"", ""144995106"", ""145800774""]"
none_subset,5,215897845,198167076,37,648,0,0,0,0,0,0,"[""191279351"", ""127751465"", ""103432765"", ""184899990"", ""180713169"", ""52148907"", ""174037381"", ""144568931"", ""121642534"", ""181542391""]"
none_subset,5,222712985,205605896,43,35,0,0,0,0,0,1,"[""127000704"", ""211890870"", ""175827163"", ""183029564"", ""158391463"", ""156395019"", ""89403432"", ""73260900"", ""57750732"", ""18051654""]"
none_subset,5,225354896,213854988,64,280,0,0,0,0,0,0,"[""166184401"", ""122024341"", ""129093190"", ""184002672"", ""122175441"", ""166289001"", ""198307794"", ""208915255"", ""138800320"", ""47134269""]"
none_subset,5,166539373,127486066,43,1204,0,0,0,0,0,0,"[""166706901"", ""180183536"", ""143786573"", ""127635452"", ""112624655"", ""100178944"", ""199547133"", ""155318109"", ""202516482"", ""113535350""]"
none_subset,5,215651900,198253024,43,1247,0,0,0,0,0,0,"[""206599153"", ""79844098"", ""188380361"", ""98800023"", ""156395019"", ""139961406"", ""204803959"", ""50463859"", ""174103954"", ""211539337""]"
none_subset,5,175282370,147789503,62,876,0,0,0,0,0,0,"[""76665110"", ""97684562"", ""134905481"", ""156885677"", ""204830740"", ""201053460"", ""100102954"", ""148682248"", ""193353630"", ""176890524""]"
none_subset,5,130529842,108202978,4,1,1,1,1,1,1,1,"[""108202978"", ""174891772"", ""124893597"", ""97922019"", ""129568541"", ""132723593"", ""204266848"", ""210169790"", ""143872793"", ""192736985""]"
none_subset,5,179936358,127444518,64,160,0,0,0,0,0,0,"[""141913559"", ""139856523"", ""156718510"", ""195526734"", ""183563770"", ""65487267"", ""145970325"", ""118412828"", ""203051964"", ""81557516""]"
none_subset,5,210240539,180843184,37,1566,0,0,0,0,0,0,"[""146818815"", ""103057199"", ""39048064"", ""212047029"", ""176184502"", ""143805569"", ""170049514"", ""194918694"", ""157798849"", ""158103752""]"
none_subset,5,109340384,82615761,46,323,0,0,0,0,0,0,"[""151511658"", ""110268464"", ""142789905"", ""113055852"", ""126613385"", ""197423739"", ""143689220"", ""165546298"", ""59097004"", ""154821670""]"
none_subset,5,125263343,63742103,43,184,0,0,0,0,0,0,"[""71806238"", ""203191672"", ""76510127"", ""144744853"", ""205947664"", ""115851281"", ""215259952"", ""87001748"", ""139618732"", ""68949275""]"
none_subset,5,177581339,148891602,62,15,0,0,0,0,1,1,"[""212881813"", ""194491562"", ""186943676"", ""82614637"", ""13653122"", ""189322851"", ""79388828"", ""27504858"", ""61854824"", ""178706930""]"
none_subset,5,147507819,127110332,4,957,0,0,0,0,0,0,"[""112871050"", ""67564757"", ""143701762"", ""146628629"", ""93467050"", ""183829332"", ""87832508"", ""86502666"", ""183792420"", ""193021423""]"
none_subset,5,185832813,157483642,38,558,0,0,0,0,0,0,"[""169019310"", ""145871617"", ""115023866"", ""189799383"", ""213992866"", ""189544617"", ""173789105"", ""133136953"", ""108421334"", ""161495460""]"
none_subset,5,133390280,116380815,64,188,0,0,0,0,0,0,"[""181619566"", ""177536477"", ""152368817"", ""138115654"", ""103416735"", ""43476772"", ""187708913"", ""159995787"", ""128607088"", ""47318174""]"
none_subset,5,224188768,209144226,4,938,0,0,0,0,0,0,"[""212591356"", ""180843726"", ""191316160"", ""207322592"", ""211385428"", ""210484477"", ""139342323"", ""190503853"", ""183764775"", ""207791923""]"
none_subset,5,204189415,178690639,64,618,0,0,0,0,0,0,"[""1923943"", ""192179303"", ""192033857"", ""199310873"", ""206235020"", ""183765574"", ""197322277"", ""195536773"", ""195544569"", ""193910077""]"
none_subset,5,224774973,201514296,4,369,0,0,0,0,0,0,"[""77929117"", ""145646315"", ""160501086"", ""193729388"", ""102233014"", ""203910236"", ""50763598"", ""148331489"", ""145094055"", ""139418370""]"
none_subset,5,68969533,71896649,43,6,0,0,0,1,1,1,"[""99275271"", ""39270363"", ""139853041"", ""147179804"", ""26288526"", ""71896649"", ""15015983"", ""209552250"", ""201082051"", ""59547777""]"
none_subset,5,184528435,157000160,64,91,0,0,0,0,0,0,"[""156194814"", ""204824313"", ""194094670"", ""149715107"", ""179201033"", ""115580201"", ""138800320"", ""193298062"", ""214583586"", ""190043031""]"
none_subset,5,217233640,200276907,57,965,0,0,0,0,0,0,"[""194409455"", ""121902729"", ""122408162"", ""125339147"", ""172961532"", ""201144087"", ""136281016"", ""211148392"", ""205371893"", ""201926544""]"
none_subset,5,205414078,173613850,37,39,0,0,0,0,0,1,"[""136895908"", ""176300467"", ""161390704"", ""113225323"", ""187712911"", ""207846338"", ""132074366"", ""208464643"", ""160539814"", ""192371053""]"
none_subset,5,219210134,129157661,62,66,0,0,0,0,0,0,"[""97811642"", ""25909881"", ""154898137"", ""211901178"", ""71186483"", ""212334345"", ""212881813"", ""188657346"", ""190955120"", ""125457528""]"
none_subset,5,210308727,188582346,43,298,0,0,0,0,0,0,"[""199136571"", ""147179804"", ""141162020"", ""95204606"", ""165487867"", ""70797162"", ""182637030"", ""76736407"", ""188517916"", ""74830022""]"
none_subset,5,220061372,176638353,38,346,0,0,0,0,0,0,"[""174211220"", ""212801979"", ""109389723"", ""169336593"", ""168951987"", ""53324130"", ""192510359"", ""168951957"", ""161419745"", ""170124107""]"
none_subset,5,165005935,140787335,37,289,0,0,0,0,0,0,"[""122714440"", ""46870157"", ""57231571"", ""103432765"", ""147023317"", ""29945880"", ""143680520"", ""154680943"", ""201869799"", ""143161006""]"
none_subset,5,208127837,182589994,4,2013,0,0,0,0,0,0,"[""115483149"", ""191632128"", ""118933944"", ""192402919"", ""201707698"", ""171818167"", ""163349092"", ""191695096"", ""126042350"", ""153844775""]"
none_subset,5,189123633,157978827,57,431,0,0,0,0,0,0,"[""211785457"", ""148338437"", ""99228573"", ""211819062"", ""149850648"", ""182489530"", ""121902729"", ""188990309"", ""185223242"", ""141707543""]"
none_subset,5,192277312,164630992,37,904,0,0,0,0,0,0,"[""153052400"", ""180305054"", ""126447640"", ""201252808"", ""192154985"", ""103432765"", ""200025016"", ""158103752"", ""170049514"", ""144990749""]"
none_subset,5,75309064,52192033,62,479,0,0,0,0,0,0,"[""201053460"", ""76665110"", ""97684562"", ""204830740"", ""176890524"", ""200031809"", ""193353630"", ""205246868"", ""165969228"", ""138978724""]"
none_subset,5,168898746,135190327,4,1384,0,0,0,0,0,0,"[""156469871"", ""77968334"", ""156901917"", ""158857170"", ""113622434"", ""155106827"", ""42043129"", ""56134226"", ""100007550"", ""133755220""]"
none_subset,5,212699649,192786781,37,392,0,0,0,0,0,0,"[""213620265"", ""146013472"", ""165174023"", ""187719393"", ""116240817"", ""136371572"", ""100843460"", ""131961169"", ""154409188"", ""136265720""]"
none_subset,5,222826512,211366913,4,908,0,0,0,0,0,0,"[""70897180"", ""165105661"", ""171902128"", ""134498953"", ""205405501"", ""93517902"", ""190480175"", ""210002164"", ""197928464"", ""201079257""]"
none_subset,5,125292216,98251420,64,516,0,0,0,0,0,0,"[""130875563"", ""202596735"", ""31017779"", ""201270567"", ""204325611"", ""167679113"", ""173622957"", ""128304968"", ""107659439"", ""133870534""]"
none_subset,5,51324599,58097180,46,96,0,0,0,0,0,0,"[""142436010"", ""205395255"", ""171636556"", ""177522465"", ""210856802"", ""125993794"", ""177962710"", ""203143041"", ""166724206"", ""206453483""]"
none_subset,5,194689227,166582282,57,349,0,0,0,0,0,0,"[""83922053"", ""143193156"", ""152200569"", ""193211760"", ""179462482"", ""163252829"", ""83933046"", ""183349552"", ""85659678"", ""166993395""]"
none_subset,5,191595821,152140191,37,397,0,0,0,0,0,0,"[""144537637"", ""133924998"", ""104989552"", ""80627031"", ""204992307"", ""157798849"", ""208576745"", ""146818815"", ""202857509"", ""167166017""]"
none_subset,5,208172107,180444990,57,658,0,0,0,0,0,0,"[""157320930"", ""99531049"", ""176688451"", ""143193156"", ""98712789"", ""52718700"", ""115422067"", ""145872351"", ""153152780"", ""164248569""]"
none_subset,5,176034795,136870941,62,15,0,0,0,0,1,1,"[""10132068"", ""74169769"", ""67894406"", ""23907922"", ""17141885"", ""168371800"", ""52919918"", ""120682854"", ""106972114"", ""82871684""]"
none_subset,5,224954267,213874481,57,173,0,0,0,0,0,0,"[""173370077"", ""153434097"", ""146595840"", ""159577045"", ""194645067"", ""159881542"", ""143158282"", ""209801964"", ""207769496"", ""189194901""]"
none_subset,5,206646569,146138879,43,630,0,0,0,0,0,0,"[""185859497"", ""182896324"", ""211096621"", ""140307868"", ""76736407"", ""184091403"", ""149483141"", ""143371562"", ""185121060"", ""145765627""]"
none_subset,5,220428891,159171932,62,229,0,0,0,0,0,0,"[""194370491"", ""138087303"", ""207364094"", ""189968625"", ""37722747"", ""146315787"", ""204645916"", ""203285864"", ""178655632"", ""213519745""]"
none_subset,5,22606808,8169319,38,255,0,0,0,0,0,0,"[""169820470"", ""70118559"", ""189799383"", ""103005464"", ""112389064"", ""145871617"", ""115023866"", ""83819346"", ""118972114"", ""99753126""]"
none_subset,5,30160190,12185913,37,33,0,0,0,0,0,1,"[""114985871"", ""187812442"", ""73172650"", ""180666332"", ""157798849"", ""187389375"", ""169228866"", ""188877213"", ""179751402"", ""112273803""]"
none_subset,5,212721610,170130815,62,41,0,0,0,0,0,1,"[""189968625"", ""213971984"", ""208956211"", ""178502934"", ""198039882"", ""185851832"", ""196890627"", ""37722747"", ""210983882"", ""149874064""]"
none_subset,5,221406167,207078341,62,1971,0,0,0,0,0,0,"[""187207232"", ""150060889"", ""182866713"", ""117006578"", ""156814814"", ""62925716"", ""153485930"", ""208335318"", ""101066716"", ""20131116""]"
none_subset,5,222839615,209151724,62,643,0,0,0,0,0,0,"[""191211417"", ""213971984"", ""206927728"", ""211070786"", ""198039882"", ""185606507"", ""212901239"", ""188216765"", ""208719189"", ""207503734""]"
none_subset,5,126605714,109388920,38,93,0,0,0,0,0,0,"[""172167199"", ""57892689"", ""135581400"", ""102106304"", ""196923114"", ""174481971"", ""212801979"", ""138015580"", ""174211220"", ""197284656""]"
none_subset,5,194731511,167530327,43,551,0,0,0,0,0,0,"[""111074216"", ""205947664"", ""107193923"", ""159511688"", ""166708862"", ""163223965"", ""172611335"", ""172714931"", ""143190396"", ""130316231""]"
none_subset,5,66727420,71700919,62,2,0,1,1,1,1,1,"[""76790091"", ""71700919"", ""193710073"", ""146789147"", ""57547838"", ""117835777"", ""135157671"", ""104128337"", ""203336355"", ""22079020""]"
none_subset,5,181094644,144008610,43,118,0,0,0,0,0,0,"[""182870508"", ""71803254"", ""191590282"", ""61417675"", ""100333004"", ""164614636"", ""84074518"", ""192855785"", ""208645724"", ""171140458""]"
none_subset,5,221501627,203329956,4,909,0,0,0,0,0,0,"[""206947052"", ""211570817"", ""209043508"", ""211949694"", ""210531014"", ""183741193"", ""213276860"", ""195893708"", ""173483209"", ""213568542""]"
none_subset,5,208044188,184633847,43,56,0,0,0,0,0,0,"[""210822887"", ""207732639"", ""201905433"", ""184091403"", ""183765224"", ""182902299"", ""182445092"", ""213483404"", ""189547099"", ""186350594""]"
none_subset,5,177475760,146586089,46,194,0,0,0,0,0,0,"[""124510956"", ""15325925"", ""133182836"", ""198454182"", ""132018635"", ""93122967"", ""126605515"", ""201966464"", ""126200509"", ""69153615""]"
none_subset,5,142208020,104629798,4,494,0,0,0,0,0,0,"[""179812166"", ""191554056"", ""206386977"", ""50763598"", ""156892251"", ""197859740"", ""46147970"", ""213461075"", ""143083752"", ""199975894""]"
none_subset,5,221527577,208465437,64,111,0,0,0,0,0,0,"[""212258528"", ""200966465"", ""88248087"", ""164453126"", ""81233351"", ""209756225"", ""208560031"", ""213355370"", ""166509692"", ""191459593""]"
none_subset,5,131146589,110871984,57,36,0,0,0,0,0,1,"[""135046482"", ""60736435"", ""153321595"", ""180363453"", ""102413231"", ""36692830"", ""64029908"", ""91035907"", ""193946761"", ""69706520""]"
none_subset,5,213281507,181022161,37,606,0,0,0,0,0,0,"[""191241938"", ""173499684"", ""153367008"", ""140706897"", ""80167867"", ""161417702"", ""173432313"", ""192533600"", ""157139216"", ""127620302""]"
none_subset,5,212546911,174095805,64,343,0,0,0,0,0,0,"[""181671018"", ""167740456"", ""141327265"", ""152368817"", ""146444401"", ""19607163"", ""128607088"", ""124198714"", ""100752496"", ""126387688""]"
none_subset,5,225336047,215237393,4,142,0,0,0,0,0,0,"[""180843726"", ""196026500"", ""188468393"", ""200030726"", ""201211887"", ""194160187"", ""182581077"", ""208780104"", ""210484477"", ""146249483""]"
none_subset,5,207292943,183515849,37,145,0,0,0,0,0,0,"[""203730564"", ""193995538"", ""194731784"", ""208742868"", ""212172992"", ""209000043"", ""190569345"", ""201660893"", ""206298544"", ""211954189""]"
none_subset,5,214575745,178361669,43,3,0,1,1,1,1,1,"[""156395019"", ""137771001"", ""178361669"", ""57750732"", ""183716498"", ""89403432"", ""157809653"", ""160598030"", ""162644598"", ""192651386""]"
none_subset,5,216243905,156564557,62,49,0,0,0,0,0,1,"[""144733620"", ""127953008"", ""210566449"", ""149971080"", ""121026867"", ""202517117"", ""184223858"", ""112339725"", ""16086259"", ""68675469""]"
none_subset,5,49842415,55380045,4,28,0,0,0,0,1,1,"[""88781085"", ""168012970"", ""193934711"", ""80237634"", ""178240944"", ""64578501"", ""20719982"", ""142456567"", ""196534986"", ""169250822""]"
none_subset,5,224134573,211732658,43,1145,0,0,0,0,0,0,"[""164476094"", ""186549940"", ""197607322"", ""203668670"", ""18269900"", ""127321663"", ""214285576"", ""192383943"", ""119064343"", ""103510499""]"
none_subset,5,197471071,164882856,37,86,0,0,0,0,0,0,"[""155255611"", ""90418462"", ""51138626"", ""107202977"", ""209030923"", ""114171070"", ""180764368"", ""191294127"", ""157474416"", ""197108559""]"
none_subset,5,192139157,158262693,46,728,0,0,0,0,0,0,"[""211380085"", ""99309357"", ""143853422"", ""165756140"", ""207653794"", ""179400355"", ""160762858"", ""137569131"", ""150142821"", ""178975230""]"
none_subset,5,221117693,208465437,64,3,0,1,1,1,1,1,"[""136038725"", ""159988781"", ""208465437"", ""178918657"", ""81557516"", ""168315905"", ""197079216"", ""112210141"", ""199512980"", ""100728693""]"
none_subset,5,210748135,189303189,38,419,0,0,0,0,0,0,"[""20918033"", ""182369007"", ""66287825"", ""209590588"", ""196280032"", ""166558139"", ""133939663"", ""149732635"", ""209921939"", ""74273124""]"
none_subset,5,220670566,207544514,46,76,0,0,0,0,0,0,"[""212905783"", ""208712486"", ""211131554"", ""186568176"", ""206395045"", ""184636221"", ""214520103"", ""203644944"", ""210734819"", ""189285981""]"
none_subset,5,120743636,80901718,62,907,0,0,0,0,0,0,"[""106557292"", ""46446514"", ""143685562"", ""137674272"", ""201668496"", ""173850609"", ""113199085"", ""156885677"", ""152815967"", ""198498662""]"
none_subset,5,170860127,144431749,46,439,0,0,0,0,0,0,"[""171227160"", ""171227152"", ""171846733"", ""212530716"", ""108971427"", ""147047749"", ""115290677"", ""143182122"", ""167525245"", ""194951479""]"
none_subset,5,221293922,209552430,38,277,0,0,0,0,0,0,"[""173253112"", ""156629865"", ""174919483"", ""138345880"", ""205579072"", ""186767110"", ""63839835"", ""132450430"", ""179234058"", ""175611574""]"
none_subset,5,225182087,211440718,46,485,0,0,0,0,0,0,"[""202999067"", ""200814907"", ""178445507"", ""112146732"", ""141879198"", ""190912236"", ""152716158"", ""163797849"", ""78516486"", ""179570882""]"
none_subset,5,216471219,199896638,4,85,0,0,0,0,0,0,"[""191316160"", ""210484477"", ""180843726"", ""196026500"", ""200030726"", ""202571906"", ""201904090"", ""194160187"", ""191327886"", ""182581077""]"
none_subset,5,118979230,104184872,4,106,0,0,0,0,0,0,"[""206800954"", ""189229576"", ""49427839"", ""161643758"", ""103376883"", ""78628063"", ""167074809"", ""193831253"", ""149472153"", ""171902128""]"
none_subset,5,129558141,112904882,57,726,0,0,0,0,0,0,"[""171896766"", ""99531049"", ""115422067"", ""208750964"", ""74475396"", ""131546113"", ""98712789"", ""174340588"", ""14350598"", ""157320930""]"
none_subset,5,49793488,56858349,37,15,0,0,0,0,1,1,"[""118848444"", ""171803364"", ""143030980"", ""192576617"", ""105569391"", ""139571763"", ""200142647"", ""150316929"", ""194860062"", ""98755557""]"
none_subset,5,166111740,138875951,57,617,0,0,0,0,0,0,"[""190730924"", ""198339576"", ""168668833"", ""168546899"", ""191403097"", ""144213406"", ""57896054"", ""108639834"", ""55747400"", ""173235697""]"
none_subset,5,197106991,168633750,64,217,0,0,0,0,0,0,"[""102147389"", ""62959239"", ""169220249"", ""101587118"", ""81339759"", ""15001776"", ""74091814"", ""105898966"", ""184076586"", ""156846975""]"
none_subset,5,194626135,159778737,43,113,0,0,0,0,0,0,"[""185696449"", ""202973654"", ""152645436"", ""173279591"", ""180919412"", ""97684371"", ""125934100"", ""97684473"", ""177472789"", ""134999759""]"
none_subset,5,181264592,151693658,43,1168,0,0,0,0,0,0,"[""151787283"", ""162644598"", ""55350013"", ""75960684"", ""198125462"", ""137771001"", ""192578315"", ""139391726"", ""165237646"", ""166786389""]"
none_subset,5,81655520,64645018,37,425,0,0,0,0,0,0,"[""147515846"", ""84182599"", ""192918531"", ""63048481"", ""55503887"", ""175073082"", ""142700161"", ""175339837"", ""106487104"", ""157242955""]"
none_subset,5,186626833,158995129,4,772,0,0,0,0,0,0,"[""156469871"", ""93467050"", ""155106827"", ""102233014"", ""119900827"", ""179804262"", ""185787629"", ""146027073"", ""192752207"", ""201066421""]"
none_subset,5,184075069,155788187,38,23,0,0,0,0,1,1,"[""132567182"", ""152346218"", ""187319038"", ""150442928"", ""147686192"", ""80604101"", ""195545729"", ""90770777"", ""186173164"", ""189997217""]"
none_subset,5,164253476,137017957,43,114,0,0,0,0,0,0,"[""156398809"", ""46376130"", ""130810261"", ""84756708"", ""138585496"", ""168040178"", ""91110398"", ""83550407"", ""84248620"", ""79396448""]"
none_subset,5,53189479,58202036,62,595,0,0,0,0,0,0,"[""96744852"", ""82622035"", ""136057001"", ""150061205"", ""153432818"", ""194855016"", ""203736902"", ""178555370"", ""203378428"", ""166843131""]"
none_subset,5,204632100,179860438,62,937,0,0,0,0,0,0,"[""170340278"", ""138706009"", ""106557292"", ""209398208"", ""54982974"", ""74301266"", ""114451811"", ""102076897"", ""36768421"", ""184552723""]"
none_subset,5,186430496,157710674,4,24,0,0,0,0,1,1,"[""203048719"", ""152566280"", ""130299986"", ""153991203"", ""157367139"", ""191561303"", ""156471159"", ""200963858"", ""199780246"", ""180940683""]"
none_subset,5,190239977,153645570,46,40,0,0,0,0,0,1,"[""152527976"", ""145094112"", ""202061415"", ""203171500"", ""93926902"", ""171974189"", ""157599774"", ""78631092"", ""204245787"", ""82173677""]"
none_subset,5,152645042,129938752,4,623,0,0,0,0,0,0,"[""86385298"", ""161281171"", ""147828982"", ""203910236"", ""138898252"", ""198281595"", ""172033376"", ""126042350"", ""56795758"", ""119900827""]"
none_subset,5,223970609,186513838,43,24,0,0,0,0,1,1,"[""160407494"", ""120630424"", ""204399429"", ""130771188"", ""120544015"", ""211030648"", ""202541498"", ""202516482"", ""146898856"", ""60125434""]"
none_subset,5,220373806,134986006,64,1962,0,0,0,0,0,0,"[""80281524"", ""181619566"", ""63474547"", ""103416735"", ""201421429"", ""187708913"", ""60046348"", ""188599489"", ""87964225"", ""186850320""]"
none_subset,5,188858187,159326492,38,116,0,0,0,0,0,0,"[""165671081"", ""113456040"", ""186533660"", ""117484080"", ""126213900"", ""193857246"", ""124826718"", ""171108508"", ""187550813"", ""156904280""]"
none_subset,5,138465630,121166403,64,11,0,0,0,0,1,1,"[""147984435"", ""144339648"", ""103189720"", ""209790439"", ""94863968"", ""181705179"", ""193983183"", ""102162028"", ""182450870"", ""98571285""]"
none_subset,5,211220544,190261540,37,401,0,0,0,0,0,0,"[""156606418"", ""209154292"", ""195296935"", ""189646922"", ""207544886"", ""206412545"", ""211094404"", ""190172991"", ""141656944"", ""187719393""]"
none_subset,5,222172345,210502009,37,1,1,1,1,1,1,1,"[""210502009"", ""187502080"", ""131172661"", ""173640245"", ""123163900"", ""148515955"", ""116930061"", ""121097766"", ""190079777"", ""153111696""]"
none_subset,5,210649040,187098404,4,165,0,0,0,0,0,0,"[""42043129"", ""158857170"", ""149621622"", ""137001312"", ""108196063"", ""177466971"", ""56134226"", ""183018658"", ""114282417"", ""77968334""]"
none_subset,5,172401573,136885554,4,967,0,0,0,0,0,0,"[""201904090"", ""199896638"", ""212591356"", ""195140544"", ""195078992"", ""146249483"", ""110299661"", ""184232332"", ""202571906"", ""190594964""]"
none_subset,5,198446240,172127274,46,2363,0,0,0,0,0,0,"[""166650343"", ""165789966"", ""202794672"", ""155463873"", ""60024776"", ""207429949"", ""172344554"", ""121689381"", ""177505280"", ""206477450""]"
none_subset,5,221000272,132694650,38,286,0,0,0,0,0,0,"[""67142038"", ""145720442"", ""124441124"", ""102891416"", ""188544896"", ""181358523"", ""130168090"", ""204092180"", ""49778371"", ""70700474""]"
none_subset,5,218290917,203335692,62,2117,0,0,0,0,0,0,"[""211737562"", ""198884189"", ""15723967"", ""184519587"", ""144002826"", ""204415558"", ""40217441"", ""208234152"", ""179248067"", ""170130815""]"
none_subset,5,65007020,68802281,38,1458,0,0,0,0,0,0,"[""31197704"", ""154107984"", ""69350726"", ""102891416"", ""201835961"", ""204880845"", ""118383153"", ""123190192"", ""103512626"", ""121564255""]"
none_subset,5,197043451,159400456,4,1738,0,0,0,0,0,0,"[""67564757"", ""87832508"", ""179804262"", ""200206633"", ""145330172"", ""112871050"", ""143701762"", ""180180713"", ""152685161"", ""185787629""]"
none_subset,5,114733185,103929022,38,465,0,0,0,0,0,0,"[""192191594"", ""169004224"", ""167844311"", ""89552272"", ""207422358"", ""143848258"", ""157714512"", ""58573176"", ""158784944"", ""151839331""]"
none_subset,5,216976333,200727306,46,102,0,0,0,0,0,0,"[""167644413"", ""211131554"", ""200389859"", ""184636221"", ""207061761"", ""210734819"", ""207134724"", ""186568176"", ""179633525"", ""213482572""]"
none_subset,5,206557262,179815729,46,10,0,0,0,1,1,1,"[""130390168"", ""159049004"", ""200735701"", ""210880528"", ""149224518"", ""167116086"", ""213326669"", ""59494257"", ""201461152"", ""179815729""]"
none_subset,5,218013861,191544375,37,506,0,0,0,0,0,0,"[""153052400"", ""202857509"", ""104989552"", ""194568706"", ""151240773"", ""142397694"", ""80627031"", ""169510905"", ""142700161"", ""169592229""]"
none_subset,5,215027850,191695909,4,2,0,1,1,1,1,1,"[""200963901"", ""191695909"", ""191214295"", ""119106930"", ""199780246"", ""63004444"", ""191909632"", ""182794391"", ""149095048"", ""117471262""]"
none_subset,5,218137799,195366615,57,138,0,0,0,0,0,0,"[""210450439"", ""114118888"", ""161339845"", ""102740841"", ""116870503"", ""100944857"", ""204918452"", ""157848271"", ""206792330"", ""200414403""]"
none_subset,5,182518110,146811180,46,41,0,0,0,0,0,1,"[""118565908"", ""158102584"", ""191705183"", ""108196994"", ""127996266"", ""129112756"", ""160699239"", ""19664212"", ""78524182"", ""32062492""]"
none_subset,5,186526977,157711341,43,239,0,0,0,0,0,0,"[""86885256"", ""197891724"", ""129211206"", ""183965795"", ""143317431"", ""1704333"", ""207851646"", ""196746909"", ""201006052"", ""188810945""]"
none_subset,5,33401895,32817983,4,1591,0,0,0,0,0,0,"[""194643860"", ""74691545"", ""203914397"", ""144990362"", ""192735606"", ""157519336"", ""145619366"", ""46147970"", ""213461075"", ""199478511""]"
none_subset,5,172732971,144032873,46,132,0,0,0,0,0,0,"[""61233280"", ""195577148"", ""98678440"", ""108713383"", ""105169863"", ""153488356"", ""210837002"", ""208628924"", ""45769216"", ""201604744""]"
none_subset,5,223797921,213040734,38,206,0,0,0,0,0,0,"[""181203442"", ""204985593"", ""66205827"", ""119096193"", ""181358523"", ""123190192"", ""176455982"", ""49778371"", ""145720442"", ""70700474""]"
none_subset,5,80419372,82483628,37,1027,0,0,0,0,0,0,"[""187545617"", ""51749408"", ""121116115"", ""185048961"", ""119637829"", ""162095481"", ""51981897"", ""147794006"", ""33066220"", ""149017929""]"
none_subset,5,147571867,127324464,4,537,0,0,0,0,0,0,"[""144264277"", ""159049760"", ""167104684"", ""72045166"", ""52380679"", ""159676437"", ""98844359"", ""158607543"", ""45909356"", ""148365289""]"
none_subset,5,222359219,207833356,46,296,0,0,0,0,0,0,"[""194132989"", ""210724130"", ""200860795"", ""209764015"", ""186078356"", ""141781507"", ""213475469"", ""210734819"", ""200555275"", ""168815908""]"
none_subset,5,203349711,170522671,43,756,0,0,0,0,0,0,"[""156395019"", ""204884209"", ""137771001"", ""75960684"", ""166786389"", ""162644598"", ""57750732"", ""192578315"", ""190843616"", ""39026970""]"
none_subset,5,120641096,103008131,38,1100,0,0,0,0,0,0,"[""194567057"", ""130190832"", ""194686975"", ""196852571"", ""159426855"", ""203507733"", ""125547696"", ""126891166"", ""182336027"", ""166911507""]"
none_subset,5,216669978,178992260,37,654,0,0,0,0,0,0,"[""188912090"", ""75362158"", ""121097766"", ""134610044"", ""180869206"", ""190788723"", ""183094359"", ""142630827"", ""210502009"", ""133173167""]"
none_subset,5,204035625,174726875,46,148,0,0,0,0,0,0,"[""135710902"", ""166127396"", ""212685047"", ""203310461"", ""174623464"", ""157752214"", ""129506623"", ""212992927"", ""201512197"", ""213744352""]"
none_subset,5,164719682,128734627,4,209,0,0,0,0,0,0,"[""154444351"", ""100901027"", ""150204940"", ""167104684"", ""207935824"", ""209243592"", ""202902456"", ""156435626"", ""157092256"", ""141212383""]"
none_subset,5,213307455,190160674,38,17,0,0,0,0,1,1,"[""204092180"", ""149755002"", ""67142038"", ""130168090"", ""102891416"", ""210599483"", ""159911050"", ""158574234"", ""178462865"", ""162221630""]"
none_subset,5,208045885,184636221,46,12,0,0,0,0,1,1,"[""193685035"", ""141874387"", ""208712486"", ""177107115"", ""153459843"", ""201015003"", ""213129976"", ""207544587"", ""207544514"", ""133168724""]"
none_subset,5,46826294,52904807,46,640,0,0,0,0,0,0,"[""49032725"", ""163712975"", ""84491633"", ""169258461"", ""49933218"", ""211774611"", ""168220730"", ""109632736"", ""162270850"", ""203786560""]"
none_subset,5,220476616,174679814,46,260,0,0,0,0,0,0,"[""194132989"", ""210724130"", ""213475469"", ""201411246"", ""192375271"", ""171846733"", ""207695088"", ""155463873"", ""172250706"", ""199766372""]"
none_subset,5,222590091,200613653,4,11,0,0,0,0,1,1,"[""211253445"", ""153116755"", ""169052104"", ""164270841"", ""197311450"", ""192906971"", ""195396635"", ""162319116"", ""196114621"", ""193746035""]"
none_subset,5,206560652,182375861,64,654,0,0,0,0,0,0,"[""1923943"", ""173661276"", ""148743441"", ""518627"", ""121255930"", ""183013744"", ""195252307"", ""211873793"", ""192779268"", ""66459509""]"
none_subset,5,222018935,176659851,46,117,0,0,0,0,0,0,"[""132867538"", ""133779076"", ""211380085"", ""177423877"", ""127485588"", ""214682235"", ""205635929"", ""183484544"", ""122704847"", ""102529512""]"
none_subset,5,174311064,31477620,46,145,0,0,0,0,0,0,"[""140208813"", ""188805088"", ""133674182"", ""110303791"", ""77203173"", ""183722605"", ""158806989"", ""178722271"", ""139649558"", ""141876515""]"
none_subset,5,220220721,205033787,64,262,0,0,0,0,0,0,"[""205920501"", ""75157723"", ""144281937"", ""164643454"", ""12329772"", ""213107525"", ""202978110"", ""131569653"", ""133381234"", ""21707133""]"
none_subset,5,213968069,127491303,64,36,0,0,0,0,0,1,"[""177968315"", ""174916841"", ""195841911"", ""136053941"", ""126295674"", ""165717472"", ""163956163"", ""143662194"", ""181529530"", ""92304326""]"
none_subset,5,193510383,166148334,43,621,0,0,0,0,0,0,"[""208096405"", ""192317105"", ""142593193"", ""160966785"", ""201752513"", ""197613208"", ""42219137"", ""59458719"", ""151145810"", ""212120733""]"
none_subset,5,74378955,76860540,43,617,0,0,0,0,0,0,"[""18294635"", ""178850565"", ""171888747"", ""35117971"", ""101892709"", ""139780746"", ""82639586"", ""146413132"", ""201006052"", ""202367676""]"
none_subset,5,187671417,159726047,37,1217,0,0,0,0,0,0,"[""157674411"", ""143805569"", ""21423746"", ""195886526"", ""160098809"", ""151560800"", ""100774234"", ""179751402"", ""160156715"", ""151437967""]"
none_subset,5,216626967,200018099,57,115,0,0,0,0,0,0,"[""113082402"", ""175665700"", ""210580310"", ""197749060"", ""179059528"", ""132658876"", ""75578331"", ""213367417"", ""164929949"", ""161386817""]"
none_subset,5,178731218,138045329,38,1502,0,0,0,0,0,0,"[""104610572"", ""153387624"", ""148419997"", ""191870766"", ""193591162"", ""184191073"", ""147380841"", ""64399677"", ""102676974"", ""207903647""]"
none_subset,5,212652729,97006048,64,34,0,0,0,0,0,1,"[""147984435"", ""113590277"", ""107682837"", ""181705179"", ""193870914"", ""144339648"", ""101587118"", ""193983183"", ""124948775"", ""24351090""]"
none_subset,5,216781914,183401482,38,12,0,0,0,0,1,1,"[""151333626"", ""138345880"", ""146217898"", ""138353042"", ""113999751"", ""194853957"", ""122392168"", ""102891416"", ""178462865"", ""81220432""]"
none_subset,5,215548177,191201429,64,33,0,0,0,0,0,1,"[""112210141"", ""198499830"", ""1943884"", ""126296430"", ""173159881"", ""65832173"", ""168805608"", ""207538350"", ""189002821"", ""92467972""]"
none_subset,5,49112420,55870666,38,77,0,0,0,0,0,0,"[""8169319"", ""151278548"", ""196304269"", ""75182035"", ""99753126"", ""120618466"", ""31197704"", ""207100353"", ""184684820"", ""54115082""]"
none_subset,5,112229833,90046103,62,1984,0,0,0,0,0,0,"[""122507339"", ""173119325"", ""166143614"", ""179030233"", ""132110473"", ""173383036"", ""100032891"", ""89506987"", ""140394137"", ""205254156""]"
none_subset,5,222798019,204666596,37,1219,0,0,0,0,0,0,"[""151028514"", ""205519279"", ""127604369"", ""207913496"", ""148238241"", ""140749191"", ""134304749"", ""174772190"", ""198930981"", ""197580749""]"
none_subset,5,162212011,137979982,37,102,0,0,0,0,0,0,"[""81340320"", ""121841349"", ""170350787"", ""118291817"", ""144129822"", ""190113798"", ""79730026"", ""150778048"", ""125097939"", ""152727959""]"
none_subset,5,222729775,85051125,64,2954,0,0,0,0,0,0,"[""157187324"", ""163956163"", ""174916841"", ""173115999"", ""143662194"", ""157190922"", ""153275921"", ""173622745"", ""111165071"", ""193793367""]"
none_subset,5,192372732,146869722,43,753,0,0,0,0,0,0,"[""153591399"", ""146413132"", ""155249274"", ""133220748"", ""171888747"", ""104957798"", ""170809412"", ""211549610"", ""184649249"", ""125480188""]"
none_subset,5,217514040,199435154,64,234,0,0,0,0,0,0,"[""72224328"", ""143226451"", ""200883111"", ""85531879"", ""142231631"", ""131413365"", ""69227080"", ""22329772"", ""73065988"", ""200110600""]"
none_subset,5,224966092,186693429,62,710,0,0,0,0,0,0,"[""67894406"", ""72010081"", ""159960911"", ""186936582"", ""94106347"", ""156801810"", ""53450905"", ""156564557"", ""52919918"", ""138890580""]"
none_subset,5,189612365,159428920,64,227,0,0,0,0,0,0,"[""131561726"", ""209791442"", ""162799044"", ""76676235"", ""150385215"", ""117946057"", ""117014804"", ""95477523"", ""194771243"", ""214883521""]"
none_subset,5,191377667,134898435,57,711,0,0,0,0,0,0,"[""77142525"", ""27886169"", ""111214532"", ""145151500"", ""214410443"", ""160960703"", ""186103660"", ""127737197"", ""103801352"", ""52718700""]"
none_subset,5,206769854,159356640,38,58,0,0,0,0,0,0,"[""155436166"", ""102106304"", ""65188291"", ""125547696"", ""194686975"", ""171618124"", ""194567057"", ""174481971"", ""195830981"", ""135581400""]"
none_subset,5,220929088,112058073,46,504,0,0,0,0,0,0,"[""93024322"", ""212546063"", ""80538986"", ""204980714"", ""159203778"", ""213513527"", ""148055243"", ""135544380"", ""187591614"", ""211441287""]"
none_subset,5,179538606,151497086,37,1050,0,0,0,0,0,0,"[""194551250"", ""150612100"", ""183552543"", ""143764294"", ""91090509"", ""189064377"", ""127087324"", ""197393743"", ""173613850"", ""161147605""]"
none_subset,5,221038829,196683792,37,45,0,0,0,0,0,1,"[""98755557"", ""186270944"", ""161133997"", ""150316929"", ""204373274"", ""177317879"", ""145336514"", ""201067865"", ""192913849"", ""145798285""]"
none_subset,5,165586635,134534067,4,755,0,0,0,0,0,0,"[""167351572"", ""98055438"", ""213679625"", ""204918407"", ""169985505"", ""28937335"", ""142553971"", ""23408401"", ""21060681"", ""110508119""]"
none_subset,5,195848103,162286261,38,140,0,0,0,0,0,0,"[""214289443"", ""185863262"", ""204985593"", ""119096193"", ""135581008"", ""195462936"", ""125100971"", ""205170862"", ""170400945"", ""113288938""]"
none_subset,5,220912443,207073486,37,240,0,0,0,0,0,0,"[""202022086"", ""182642957"", ""210287080"", ""201491958"", ""192918531"", ""209134068"", ""164990042"", ""135332295"", ""137676033"", ""143255745""]"
none_subset,5,193820333,166578765,57,267,0,0,0,0,0,0,"[""194409455"", ""131667486"", ""86771304"", ""122408162"", ""205371893"", ""12178696"", ""207769586"", ""201144087"", ""165685416"", ""186103660""]"
none_subset,5,150808157,92919228,37,32,0,0,0,0,0,1,"[""93714502"", ""126929630"", ""140336042"", ""103057199"", ""129519764"", ""161091370"", ""161680150"", ""154182019"", ""157889847"", ""65584321""]"
none_subset,5,212483794,191516840,62,119,0,0,0,0,0,0,"[""200033535"", ""73356588"", ""110870208"", ""190693769"", ""97032103"", ""136225463"", ""200983413"", ""193966350"", ""91170827"", ""144819719""]"
none_subset,5,222586905,200625253,38,404,0,0,0,0,0,0,"[""192793555"", ""120618466"", ""54115082"", ""102676974"", ""188948528"", ""145768091"", ""100946794"", ""62510663"", ""174530040"", ""70118230""]"
none_subset,5,224919765,130431142,38,262,0,0,0,0,0,0,"[""157993089"", ""169283590"", ""181177544"", ""181288847"", ""81577148"", ""169186989"", ""138465835"", ""116922022"", ""201312801"", ""211247046""]"
none_subset,5,202447850,174772759,4,182,0,0,0,0,0,0,"[""170901415"", ""202029081"", ""112914230"", ""139117884"", ""133966108"", ""171284832"", ""201056858"", ""207095845"", ""177635652"", ""211318379""]"
none_subset,5,215976635,192786942,4,1668,0,0,0,0,0,0,"[""200589462"", ""190777127"", ""203829299"", ""190079873"", ""200026065"", ""195213429"", ""215600148"", ""151451581"", ""193413498"", ""50948393""]"
none_subset,5,82194778,79107019,4,1293,0,0,0,0,0,0,"[""143852845"", ""133755220"", ""143548483"", ""116662369"", ""200206633"", ""157367139"", ""140998592"", ""167254533"", ""112871050"", ""137001312""]"
none_subset,5,224387999,184189116,64,22,0,0,0,0,1,1,"[""174916841"", ""177968315"", ""165717472"", ""136053941"", ""195841911"", ""163956163"", ""126295674"", ""69227080"", ""139261502"", ""181529530""]"
none_subset,5,213309114,193765182,43,205,0,0,0,0,0,0,"[""182902299"", ""201905433"", ""183765224"", ""189266294"", ""152989526"", ""166734753"", ""113451129"", ""185360446"", ""185121060"", ""174826827""]"
none_subset,5,223661874,212936458,46,679,0,0,0,0,0,0,"[""151511658"", ""142789905"", ""64629457"", ""164400164"", ""119093613"", ""130256763"", ""8742737"", ""140412713"", ""164019674"", ""150142821""]"
none_subset,5,212537205,179805334,4,26,0,0,0,0,1,1,"[""179812166"", ""144907575"", ""192402919"", ""135451052"", ""197859740"", ""188323012"", ""163708754"", ""194290947"", ""201707698"", ""155703180""]"
none_subset,5,151244613,101842282,46,1724,0,0,0,0,0,0,"[""186888123"", ""134691092"", ""172604491"", ""212857036"", ""167900654"", ""204975400"", ""208811097"", ""158262693"", ""208866550"", ""136064669""]"
none_subset,5,45722807,50828732,43,23,0,0,0,0,1,1,"[""98638580"", ""15648138"", ""200220026"", ""212781685"", ""164461764"", ""201104864"", ""174475381"", ""143190396"", ""172004209"", ""98747334""]"
none_subset,5,224929777,195586695,37,245,0,0,0,0,0,0,"[""177385023"", ""195698956"", ""111525161"", ""208310489"", ""127571417"", ""186270944"", ""204346588"", ""201380275"", ""162020355"", ""157145664""]"
none_subset,5,206216646,181913855,37,177,0,0,0,0,0,0,"[""209161669"", ""186828726"", ""213416559"", ""192617496"", ""197955172"", ""187543270"", ""211802210"", ""213318077"", ""168115320"", ""212381569""]"
none_subset,5,181717793,152170362,37,32,0,0,0,0,0,1,"[""40661702"", ""187812442"", ""142630827"", ""133173167"", ""186179843"", ""167262748"", ""102274756"", ""193679263"", ""185048961"", ""183299249""]"
none_subset,5,200991937,173243692,46,368,0,0,0,0,0,0,"[""176659851"", ""186512278"", ""108322993"", ""142707487"", ""182222562"", ""208715579"", ""97623791"", ""205019069"", ""179344154"", ""201024429""]"
none_subset,5,222049533,207671783,62,465,0,0,0,0,0,0,"[""158203951"", ""191201365"", ""194296646"", ""180256255"", ""73356588"", ""213770244"", ""142387882"", ""15942056"", ""91170827"", ""153895442""]"
none_subset,5,204109889,167786912,46,87,0,0,0,0,0,0,"[""176131148"", ""174665100"", ""188427060"", ""175609249"", ""170432446"", ""172374310"", ""86091554"", ""206745230"", ""101304130"", ""156045025""]"
none_subset,5,168882604,142990642,37,355,0,0,0,0,0,0,"[""171006297"", ""117685268"", ""105162490"", ""78706018"", ""206756006"", ""82483628"", ""150919901"", ""133888412"", ""50850083"", ""156934315""]"
none_subset,5,221069980,203082308,38,2358,0,0,0,0,0,0,"[""135581008"", ""201098742"", ""100712745"", ""110817617"", ""213040734"", ""123302549"", ""169751133"", ""69118085"", ""207705451"", ""145151055""]"
none_subset,5,182527539,148427041,46,1860,0,0,0,0,0,0,"[""205395255"", ""133461188"", ""210829117"", ""142436010"", ""181020941"", ""164627162"", ""108934756"", ""109663807"", ""209924661"", ""100881714""]"
none_subset,5,212383124,187865140,62,67,0,0,0,0,0,0,"[""125173216"", ""172047615"", ""205137345"", ""156966977"", ""63860988"", ""199605491"", ""188361417"", ""187064730"", ""156814814"", ""161649198""]"
none_subset,5,68999413,66312499,57,511,0,0,0,0,0,0,"[""86771304"", ""131667486"", ""207769586"", ""27886169"", ""201144087"", ""186103660"", ""199101101"", ""122408162"", ""171903975"", ""136289629""]"
none_subset,5,217259695,197313086,64,627,0,0,0,0,0,0,"[""210901215"", ""187325416"", ""182450870"", ""207500398"", ""62313025"", ""71089233"", ""75760627"", ""111634995"", ""75327381"", ""161643481""]"
none_subset,5,215906332,195670135,37,119,0,0,0,0,0,0,"[""161632409"", ""193943543"", ""58893791"", ""201869799"", ""151301358"", ""93714502"", ""161147605"", ""151437967"", ""204075331"", ""101318206""]"
none_subset,5,188376502,154513499,37,534,0,0,0,0,0,0,"[""176300467"", ""147947722"", ""109707567"", ""113225323"", ""187712911"", ""94672340"", ""212776036"", ""102282269"", ""136895908"", ""207846338""]"
none_subset,5,212475067,188036287,38,89,0,0,0,0,0,0,"[""173428109"", ""161174151"", ""172317716"", ""124169140"", ""190269757"", ""212014102"", ""203422514"", ""127751166"", ""214890741"", ""112758593""]"
none_subset,5,62096161,68173330,4,20,0,0,0,0,1,1,"[""200439718"", ""170613385"", ""152685161"", ""153417658"", ""93223478"", ""104872974"", ""206639262"", ""142659691"", ""125764687"", ""151053517""]"
none_subset,5,224554459,166524884,4,26,0,0,0,0,1,1,"[""206285668"", ""135756488"", ""161593927"", ""164949793"", ""209429175"", ""203890372"", ""51992415"", ""118512173"", ""138316929"", ""112475075""]"
none_subset,5,189951179,161430444,4,749,0,0,0,0,0,0,"[""190075149"", ""90418481"", ""73943138"", ""179962753"", ""194291179"", ""176397812"", ""93467050"", ""165955611"", ""146628629"", ""207968393""]"
none_subset,5,215842891,184297463,37,1585,0,0,0,0,0,0,"[""201913256"", ""180787570"", ""171899010"", ""149298273"", ""205095267"", ""185138562"", ""192414071"", ""194941703"", ""187423310"", ""148896266""]"
none_subset,5,214739235,195720861,46,97,0,0,0,0,0,0,"[""205545277"", ""178405632"", ""169222678"", ""174578868"", ""204899704"", ""212657721"", ""195079813"", ""168220750"", ""167644413"", ""172966334""]"
none_subset,5,206072652,181715447,4,72,0,0,0,0,0,0,"[""186900944"", ""190594964"", ""199777290"", ""193413498"", ""190495475"", ""72045166"", ""192314331"", ""210958855"", ""194814735"", ""194734151""]"
none_subset,5,206177259,179647447,64,113,0,0,0,0,0,0,"[""102162028"", ""151177544"", ""121260031"", ""208241166"", ""26395963"", ""67677743"", ""86761543"", ""212566497"", ""181705179"", ""123768518""]"
none_subset,5,142290622,76024222,43,2,0,1,1,1,1,1,"[""138924839"", ""76024222"", ""113125737"", ""192287850"", ""192942930"", ""163223965"", ""190691284"", ""163402666"", ""104255136"", ""197514276""]"
none_subset,5,202412222,158080441,46,2080,0,0,0,0,0,0,"[""79804197"", ""171578170"", ""58408382"", ""153467283"", ""158101824"", ""106199788"", ""105064165"", ""193512680"", ""201270244"", ""194862890""]"
none_subset,5,163715496,81019320,62,794,0,0,0,0,0,0,"[""67894406"", ""168785007"", ""156564557"", ""80991195"", ""186936582"", ""72010081"", ""159960911"", ""16086259"", ""154406041"", ""161511273""]"
none_subset,5,198298853,116967483,37,106,0,0,0,0,0,0,"[""94427355"", ""160539814"", ""137979982"", ""152140191"", ""156940916"", ""147751334"", ""125097939"", ""130025536"", ""141475747"", ""101532006""]"
none_subset,5,201629648,177326361,4,22,0,0,0,0,1,1,"[""200026065"", ""50948393"", ""213465419"", ""207097865"", ""197216670"", ""181054833"", ""208780104"", ""210550451"", ""193481695"", ""194933846""]"
none_subset,5,224806921,169256692,64,577,0,0,0,0,0,0,"[""112345894"", ""152603802"", ""109614914"", ""143374653"", ""164633014"", ""105144259"", ""207085875"", ""62091212"", ""73787680"", ""136552233""]"
none_subset,5,210987562,166294055,57,1715,0,0,0,0,0,0,"[""107527374"", ""86061978"", ""110306995"", ""22981052"", ""199908579"", ""40488723"", ""143721865"", ""39472658"", ""86791172"", ""139191535""]"
none_subset,5,188274572,139817083,57,978,0,0,0,0,0,0,"[""207070552"", ""213401068"", ""211785457"", ""52362364"", ""178369063"", ""130444806"", ""78647223"", ""171903975"", ""200193952"", ""179662298""]"
none_subset,5,195309530,167146845,62,53,0,0,0,0,0,0,"[""148423515"", ""161194868"", ""207078341"", ""116973316"", ""192577715"", ""91550082"", ""204100209"", ""141590566"", ""10317873"", ""151308081""]"
none_subset,5,106261779,95323314,38,28,0,0,0,0,1,1,"[""120618466"", ""68304286"", ""174530040"", ""207664747"", ""67127804"", ""113999751"", ""28399802"", ""214394715"", ""132266859"", ""183564225""]"
none_subset,5,155364037,133136953,38,38,0,0,0,0,0,1,"[""124508627"", ""205481720"", ""147652742"", ""158118726"", ""37709032"", ""182333897"", ""72092510"", ""189605638"", ""155947772"", ""73926583""]"
none_subset,5,39846875,32581466,43,20,0,0,0,0,1,1,"[""204649733"", ""215513285"", ""67909736"", ""139780746"", ""191583920"", ""59245151"", ""201006052"", ""204570694"", ""163980868"", ""137029434""]"
none_subset,5,5836907,1483768,38,382,0,0,0,0,0,0,"[""202845966"", ""207864369"", ""182740604"", ""167675489"", ""151380711"", ""199297939"", ""206210969"", ""184873821"", ""32621000"", ""206437718""]"
none_subset,5,76698719,76775257,43,1210,0,0,0,0,0,0,"[""15648138"", ""200220026"", ""174475381"", ""203886811"", ""210534170"", ""213210833"", ""134678718"", ""188272758"", ""207690552"", ""75083855""]"
none_subset,5,47496112,49076043,43,2235,0,0,0,0,0,0,"[""144463129"", ""208578922"", ""143371562"", ""80700126"", ""115216679"", ""61372398"", ""101683090"", ""4674477"", ""182081124"", ""76736407""]"
none_subset,5,58616771,53254163,38,1873,0,0,0,0,0,0,"[""149166152"", ""85120764"", ""113999751"", ""91690080"", ""107054492"", ""26133933"", ""204224738"", ""196304269"", ""115694557"", ""192315877""]"
none_subset,5,174209940,143084610,37,1616,0,0,0,0,0,0,"[""166280219"", ""204992307"", ""200733855"", ""126929630"", ""103057199"", ""208576745"", ""204950315"", ""151343274"", ""133924998"", ""194266651""]"
none_subset,5,150928717,115857968,43,104,0,0,0,0,0,0,"[""126702260"", ""100333045"", ""153840249"", ""177290574"", ""180919412"", ""106164509"", ""108317078"", ""159960194"", ""151693658"", ""97684371""]"
none_subset,5,173281141,136363959,64,1266,0,0,0,0,0,0,"[""63404553"", ""181447269"", ""92116141"", ""110345942"", ""196328856"", ""78359767"", ""179042698"", ""149002642"", ""124127139"", ""120256316""]"
none_subset,5,156725012,5564013,38,282,0,0,0,0,0,0,"[""192933104"", ""8550716"", ""110664117"", ""61517646"", ""143244996"", ""191873092"", ""155140492"", ""46449031"", ""192721742"", ""193466853""]"
none_subset,5,222977381,163780128,46,419,0,0,0,0,0,0,"[""209744189"", ""15445184"", ""190230714"", ""167525245"", ""174837469"", ""103441022"", ""193685035"", ""47199408"", ""205037505"", ""201332278""]"
none_subset,5,163575137,127477193,46,287,0,0,0,0,0,0,"[""212168388"", ""79804197"", ""58408382"", ""61233280"", ""196161712"", ""169706178"", ""172912744"", ""201270244"", ""98678440"", ""104231043""]"
none_subset,5,134372610,117771611,4,4,0,0,1,1,1,1,"[""143852845"", ""180940683"", ""157367139"", ""117771611"", ""133755220"", ""156471159"", ""141714724"", ""191561303"", ""130299986"", ""148365289""]"
none_subset,5,203992258,192580997,62,1593,0,0,0,0,0,0,"[""104210649"", ""204880318"", ""109692351"", ""69970349"", ""105604280"", ""207091282"", ""74220777"", ""109390924"", ""99424689"", ""24433447""]"
none_subset,5,163776589,138439398,4,1481,0,0,0,0,0,0,"[""99472535"", ""100007550"", ""126889201"", ""74587934"", ""200206633"", ""146027073"", ""151871639"", ""195895955"", ""126604867"", ""156087328""]"
none_subset,5,217168708,196563012,37,24,0,0,0,0,1,1,"[""193656232"", ""196469804"", ""209172941"", ""195014964"", ""167674987"", ""208532302"", ""202782009"", ""209349722"", ""201561139"", ""187409312""]"
none_subset,5,188984952,157205433,4,431,0,0,0,0,0,0,"[""192877167"", ""189901460"", ""190594964"", ""185107867"", ""192424356"", ""160129846"", ""156860646"", ""192331154"", ""193843184"", ""146764647""]"
none_subset,5,194857246,159254584,64,36,0,0,0,0,0,1,"[""156476311"", ""141447890"", ""98960696"", ""129093190"", ""81240114"", ""123189996"", ""99916433"", ""142231631"", ""172741180"", ""53453982""]"
none_subset,5,224484908,212274680,46,258,0,0,0,0,0,0,"[""167383627"", ""167900654"", ""204980714"", ""193206170"", ""167786912"", ""174586724"", ""134691092"", ""156489567"", ""195367256"", ""213237768""]"
none_subset,5,181708189,141913559,64,88,0,0,0,0,0,0,"[""168192238"", ""98518695"", ""121706760"", ""2720880"", ""126110968"", ""185413694"", ""105928549"", ""193135598"", ""140725396"", ""76051036""]"
none_subset,5,218843935,177899370,37,152,0,0,0,0,0,0,"[""207430484"", ""212715570"", ""202030579"", ""214087269"", ""191600925"", ""193667358"", ""177427251"", ""177427231"", ""183535868"", ""161131972""]"
none_subset,5,83167308,81511985,38,156,0,0,0,0,0,0,"[""76490987"", ""54115082"", ""148365593"", ""151407481"", ""72092510"", ""149982401"", ""139494203"", ""120618466"", ""125496594"", ""97083478""]"
none_subset,5,224723678,214513561,46,918,0,0,0,0,0,0,"[""171696517"", ""109562038"", ""28355710"", ""138107923"", ""214160095"", ""101842282"", ""75104112"", ""142607225"", ""172110796"", ""138953275""]"
none_subset,5,126141821,110679107,64,1283,0,0,0,0,0,0,"[""152189504"", ""184410319"", ""200859322"", ""88397191"", ""143226451"", ""115792264"", ""82846737"", ""79121811"", ""18136094"", ""179740887""]"
none_subset,5,223819256,212829195,4,20,0,0,0,0,1,1,"[""212819052"", ""188285916"", ""188509360"", ""204134750"", ""210871478"", ""213292202"", ""205463044"", ""165467719"", ""211170774"", ""208958120""]"
none_subset,5,218758658,207872675,4,283,0,0,0,0,0,0,"[""141475879"", ""214085481"", ""151010427"", ""202029081"", ""22859510"", ""149710961"", ""112914230"", ""126589900"", ""133966108"", ""203618170""]"
none_subset,5,204599690,175490651,37,579,0,0,0,0,0,0,"[""202157886"", ""198598972"", ""160929058"", ""150316929"", ""192312279"", ""194297564"", ""188646002"", ""164126632"", ""211483573"", ""136186158""]"
none_subset,5,118743423,112596322,43,340,0,0,0,0,0,0,"[""204649733"", ""209546973"", ""148264493"", ""139993623"", ""196316257"", ""195408710"", ""66709745"", ""196728731"", ""128872941"", ""66709739""]"
none_subset,5,49273516,51343997,43,1581,0,0,0,0,0,0,"[""127321663"", ""18269900"", ""119064343"", ""214285576"", ""127006553"", ""182526901"", ""145855101"", ""61394763"", ""167879223"", ""46376130""]"
none_subset,5,182214621,144167451,43,466,0,0,0,0,0,0,"[""38841821"", ""162819113"", ""99992649"", ""90355123"", ""112320644"", ""67021588"", ""188810945"", ""135449802"", ""144080652"", ""86370719""]"
none_subset,5,223258716,212264146,64,396,0,0,0,0,0,0,"[""207475739"", ""200452257"", ""56593545"", ""152338035"", ""20371087"", ""144736626"", ""202596735"", ""168712424"", ""210649942"", ""60291031""]"
none_subset,5,211303932,189745855,37,264,0,0,0,0,0,0,"[""188414894"", ""188994423"", ""194884803"", ""189864445"", ""194389481"", ""206412545"", ""157945105"", ""141656944"", ""156606418"", ""180221400""]"
none_subset,5,215184577,12396291,4,2,0,1,1,1,1,1,"[""148281605"", ""12396291"", ""156103241"", ""181715447"", ""119644839"", ""138975756"", ""120663751"", ""149759096"", ""122564854"", ""149095048""]"
none_subset,5,155201106,134544825,46,1298,0,0,0,0,0,0,"[""165636439"", ""163363958"", ""99228098"", ""142219785"", ""160039265"", ""77867923"", ""171344322"", ""167116086"", ""127996266"", ""164400164""]"
none_subset,5,223332381,73148680,38,206,0,0,0,0,0,0,"[""211428575"", ""52533378"", ""117484080"", ""130075591"", ""173793300"", ""209803175"", ""81220432"", ""69350726"", ""199349625"", ""186767110""]"
none_subset,5,159223288,135883318,46,229,0,0,0,0,0,0,"[""88672257"", ""158008511"", ""151511658"", ""102024389"", ""133779076"", ""122229490"", ""191792029"", ""150142821"", ""104586565"", ""164019674""]"
none_subset,5,70900838,73568079,43,2629,0,0,0,0,0,0,"[""214014916"", ""115645977"", ""159816013"", ""186882605"", ""125860815"", ""202655131"", ""162617147"", ""129748527"", ""161628577"", ""67021588""]"
none_subset,5,225331449,214169191,46,17,0,0,0,0,1,1,"[""138486785"", ""79694314"", ""83762138"", ""144208600"", ""163192702"", ""108645014"", ""206602271"", ""75104112"", ""213395330"", ""109623726""]"
none_subset,5,198684180,167339905,46,281,0,0,0,0,0,0,"[""120233208"", ""163309329"", ""208021339"", ""162996731"", ""205356898"", ""206672410"", ""32294401"", ""211441313"", ""207931525"", ""172681042""]"
none_subset,5,214384789,194798510,46,14,0,0,0,0,1,1,"[""210780225"", ""212384469"", ""213247950"", ""211677891"", ""179633525"", ""110716703"", ""179347666"", ""195079694"", ""187734223"", ""214519972""]"
none_subset,5,219818034,205911104,37,518,0,0,0,0,0,0,"[""124434815"", ""200278482"", ""156858638"", ""187735798"", ""187837794"", ""187256075"", ""209154292"", ""131961169"", ""204373346"", ""178410842""]"
none_subset,5,221997901,206210266,57,35,0,0,0,0,0,1,"[""83933046"", ""194292689"", ""193211760"", ""85659678"", ""195891035"", ""166993395"", ""170283614"", ""83922053"", ""141728487"", ""197540932""]"
none_subset,5,186920256,159049004,46,364,0,0,0,0,0,0,"[""160764333"", ""121689381"", ""31288854"", ""16824274"", ""118565908"", ""170906364"", ""211987120"", ""113660921"", ""32199561"", ""93122967""]"
none_subset,5,218056613,202771850,46,118,0,0,0,0,0,0,"[""205321897"", ""181272095"", ""146467155"", ""202999067"", ""163797849"", ""206397421"", ""176936176"", ""176936173"", ""125568463"", ""205037941""]"
none_subset,5,216886230,165487867,43,70,0,0,0,0,0,0,"[""184091403"", ""201671217"", ""165285962"", ""194288073"", ""202227389"", ""157129302"", ""209666551"", ""182902299"", ""190234147"", ""213483404""]"
none_subset,5,218378620,200027218,4,415,0,0,0,0,0,0,"[""190594964"", ""202571906"", ""196026500"", ""153928357"", ""189901460"", ""201454668"", ""191147915"", ""201904090"", ""210484477"", ""203048719""]"
none_subset,5,157719491,126960326,38,2368,0,0,0,0,0,0,"[""167323493"", ""157993089"", ""192191594"", ""102368805"", ""166300702"", ""214890741"", ""99798516"", ""215150803"", ""186533660"", ""192992682""]"
none_subset,5,187662910,154743644,38,39,0,0,0,0,0,1,"[""64731721"", ""168166428"", ""147242050"", ""145798245"", ""151342069"", ""191629943"", ""189738652"", ""181736422"", ""209178832"", ""181805893""]"
none_subset,5,134718293,111167454,46,1195,0,0,0,0,0,0,"[""205395255"", ""150754478"", ""210449055"", ""163309329"", ""212429674"", ""172512012"", ""206453483"", ""172082320"", ""202027223"", ""164627162""]"
none_subset,5,213859209,192226046,43,2,0,1,1,1,1,1,"[""192741559"", ""192226046"", ""122714725"", ""202626349"", ""182399428"", ""214348389"", ""194502617"", ""209588885"", ""177166442"", ""191134295""]"
none_subset,5,206162352,168565266,38,1128,0,0,0,0,0,0,"[""138345880"", ""17545320"", ""128591315"", ""174919483"", ""205579072"", ""132450430"", ""109267269"", ""156629865"", ""121639115"", ""94494397""]"
none_subset,5,148055484,125877587,37,1278,0,0,0,0,0,0,"[""40661702"", ""162200226"", ""204992307"", ""133924998"", ""197580749"", ""127955533"", ""187812442"", ""102274756"", ""183299249"", ""146962916""]"
none_subset,5,127734101,103445343,38,1681,0,0,0,0,0,0,"[""209966100"", ""186767110"", ""140030159"", ""212854070"", ""74162023"", ""139494203"", ""188563326"", ""77441675"", ""163870082"", ""148708621""]"
none_subset,5,221652856,207844498,38,12,0,0,0,0,1,1,"[""67355451"", ""166703688"", ""176888228"", ""141856364"", ""169348966"", ""153333213"", ""181818594"", ""205579072"", ""55757524"", ""171338645""]"
none_subset,5,163657092,134259470,57,778,0,0,0,0,0,0,"[""130782981"", ""180205401"", ""179858380"", ""213085507"", ""149301217"", ""83877764"", ""82687019"", ""211539855"", ""105063982"", ""134502106""]"
none_subset,5,181360595,149816343,38,30,0,0,0,0,1,1,"[""67086891"", ""160303868"", ""209803175"", ""193949384"", ""96549387"", ""136204876"", ""173793300"", ""142902434"", ""128022775"", ""181443633""]"
none_subset,5,184230547,92729753,43,43,0,0,0,0,0,1,"[""75960684"", ""86505092"", ""55350013"", ""57750732"", ""181167814"", ""166786389"", ""96286367"", ""103646438"", ""125934100"", ""172028249""]"
none_subset,5,218892881,204377471,62,370,0,0,0,0,0,0,"[""178957506"", ""153895442"", ""180256255"", ""39730875"", ""201512456"", ""130664372"", ""144049941"", ""190299327"", ""127762374"", ""39278122""]"
none_subset,5,222316119,209398208,62,715,0,0,0,0,0,0,"[""10132068"", ""74169769"", ""164437495"", ""61908809"", ""17141885"", ""106972114"", ""152815967"", ""82871684"", ""82677281"", ""23907922""]"
none_subset,5,193210370,160712589,43,171,0,0,0,0,0,0,"[""163505137"", ""204664629"", ""209931765"", ""206707474"", ""203338637"", ""211988888"", ""177067604"", ""211814068"", ""77511038"", ""124643121""]"
none_subset,5,182202041,140052409,43,198,0,0,0,0,0,0,"[""127006553"", ""146534126"", ""207792788"", ""170439536"", ""158868087"", ""46376130"", ""54786988"", ""5568612"", ""103982740"", ""129193322""]"
none_subset,5,134768803,90327774,62,465,0,0,0,0,0,0,"[""104128337"", ""113866351"", ""144080444"", ""117835777"", ""147431302"", ""137665706"", ""167352840"", ""156487231"", ""72763415"", ""162263431""]"
none_subset,5,217563353,199826472,46,248,0,0,0,0,0,0,"[""97623791"", ""132867538"", ""84422038"", ""192859823"", ""92306012"", ""137783132"", ""76493325"", ""108322993"", ""71898794"", ""102529512""]"
none_subset,5,211981529,191647950,37,1511,0,0,0,0,0,0,"[""165174023"", ""190568516"", ""195296935"", ""136371572"", ""153099679"", ""146013472"", ""116240817"", ""187356593"", ""187719393"", ""133173167""]"
none_subset,5,107710992,98812077,46,1425,0,0,0,0,0,0,"[""163043438"", ""212429674"", ""162507293"", ""207326970"", ""162996731"", ""172199585"", ""138617659"", ""81506359"", ""186533601"", ""111471139""]"
none_subset,5,169962620,140742765,38,284,0,0,0,0,0,0,"[""149732635"", ""169019310"", ""118972114"", ""125139020"", ""73926583"", ""115023866"", ""133136953"", ""118132660"", ""135777951"", ""60873658""]"
none_subset,5,192278370,153562476,37,13,0,0,0,0,1,1,"[""163474582"", ""79730026"", ""155681803"", ""156094427"", ""158117230"", ""200915401"", ""96256428"", ""24464195"", ""131100407"", ""88534873""]"
none_subset,5,193750891,163718468,38,1927,0,0,0,0,0,0,"[""193575305"", ""146723193"", ""125546461"", ""199347203"", ""185835448"", ""179018718"", ""190110099"", ""205529136"", ""166506623"", ""206214210""]"
none_subset,5,132375474,116488063,4,242,0,0,0,0,0,0,"[""119654700"", ""195516477"", ""179804262"", ""205322075"", ""121025812"", ""146027073"", ""210482913"", ""117329383"", ""152685161"", ""170147206""]"
none_subset,5,167902436,141447890,64,1150,0,0,0,0,0,0,"[""173661276"", ""121294809"", ""136904065"", ""189971087"", ""193983183"", ""126296430"", ""188286775"", ""121255930"", ""14286061"", ""210451384""]"
none_subset,5,46775399,39242895,57,805,0,0,0,0,0,0,"[""121902729"", ""86771304"", ""148338437"", ""194409455"", ""85942447"", ""201144087"", ""125339147"", ""186103660"", ""103801352"", ""157149837""]"
none_subset,5,137693931,117946057,64,2,0,1,1,1,1,1,"[""151373996"", ""117946057"", ""144646883"", ""186122058"", ""211889089"", ""76676235"", ""150385215"", ""147667682"", ""16466362"", ""168608952""]"
none_subset,5,214329317,184721384,4,339,0,0,0,0,0,0,"[""102233014"", ""163349092"", ""150577652"", ""147828982"", ""94319899"", ""185429569"", ""113622434"", ""150456310"", ""119900827"", ""200344150""]"
none_subset,5,222121945,206201645,46,65,0,0,0,0,0,0,"[""153408319"", ""105301005"", ""138620481"", ""183140735"", ""133182836"", ""201966464"", ""145504709"", ""155950947"", ""211380085"", ""102529512""]"
none_subset,5,219276469,121108780,46,143,0,0,0,0,0,0,"[""119695215"", ""140110070"", ""64234906"", ""149547737"", ""141876515"", ""113099475"", ""68978046"", ""99453113"", ""165756140"", ""207485550""]"
none_subset,5,174730471,137617785,62,199,0,0,0,0,0,0,"[""193706706"", ""179030233"", ""180292453"", ""132110473"", ""182479029"", ""69167066"", ""215161236"", ""150945055"", ""196129983"", ""72763415""]"
none_subset,5,223350607,189844318,4,8,0,0,0,1,1,1,"[""13245417"", ""197294044"", ""209208627"", ""128197551"", ""81303195"", ""52610271"", ""185642095"", ""189844318"", ""171860963"", ""122581991""]"
none_subset,5,210849177,184994826,4,16,0,0,0,0,1,1,"[""162653386"", ""76515539"", ""159922963"", ""195717749"", ""156469871"", ""123881493"", ""161766916"", ""113779353"", ""79486528"", ""172890535""]"
none_subset,5,198434418,156991106,43,628,0,0,0,0,0,0,"[""153840249"", ""97684371"", ""164109193"", ""144080652"", ""196315060"", ""161117276"", ""100333045"", ""81062645"", ""204449585"", ""142502113""]"
none_subset,5,212436139,192418965,37,43,0,0,0,0,0,1,"[""151028514"", ""164415171"", ""107202977"", ""154705939"", ""190767829"", ""205437401"", ""99092830"", ""197580749"", ""132738380"", ""184739794""]"
none_subset,5,135940202,116675816,38,754,0,0,0,0,0,0,"[""113999751"", ""85120764"", ""149166152"", ""139423553"", ""128168264"", ""68188580"", ""72092510"", ""76490987"", ""73148680"", ""145017930""]"
none_subset,5,225324347,213542128,62,404,0,0,0,0,0,0,"[""200006697"", ""195484367"", ""176841734"", ""91322924"", ""27329790"", ""114607053"", ""46137767"", ""123163861"", ""127682307"", ""167132027""]"
none_subset,5,122897043,99984234,64,709,0,0,0,0,0,0,"[""35312252"", ""170931595"", ""147497927"", ""26075068"", ""67144823"", ""104389677"", ""212170326"", ""148267415"", ""145459533"", ""103416735""]"
none_subset,5,213225848,193487145,62,72,0,0,0,0,0,0,"[""197247155"", ""206841068"", ""211808810"", ""187833512"", ""204555441"", ""184849912"", ""212412503"", ""192824674"", ""207489645"", ""206664307""]"
none_subset,5,194731015,132179046,37,39,0,0,0,0,0,1,"[""131057179"", ""170334700"", ""136186158"", ""201258368"", ""163475905"", ""53074039"", ""127482058"", ""143874999"", ""127571417"", ""201067865""]"
none_subset,5,217928932,180001774,62,446,0,0,0,0,0,0,"[""188045603"", ""132104523"", ""102848432"", ""170213166"", ""52020678"", ""159165682"", ""135157671"", ""153432818"", ""109692351"", ""163620157""]"
none_subset,5,190591674,156299022,62,906,0,0,0,0,0,0,"[""183472540"", ""57612738"", ""75037502"", ""208335318"", ""115214924"", ""20131116"", ""168348573"", ""156814814"", ""61833524"", ""135226686""]"
none_subset,5,194020076,154816685,37,1035,0,0,0,0,0,0,"[""160098809"", ""66837732"", ""139391729"", ""183673647"", ""79631849"", ""203489688"", ""199961030"", ""48307499"", ""37024390"", ""69288982""]"
none_subset,5,185433908,157103060,64,68,0,0,0,0,0,0,"[""72224328"", ""31384056"", ""142231631"", ""95787846"", ""167388732"", ""192429012"", ""111495627"", ""81240114"", ""144150605"", ""154598927""]"
none_subset,5,214333334,193747557,4,146,0,0,0,0,0,0,"[""166524884"", ""134534067"", ""78628063"", ""144873512"", ""64487189"", ""192836046"", ""190758417"", ""200014594"", ""142456567"", ""83596697""]"
none_subset,5,220774580,173807681,57,349,0,0,0,0,0,0,"[""128512946"", ""104544791"", ""136289629"", ""27886169"", ""95852954"", ""60253146"", ""85942447"", ""15301011"", ""86771304"", ""194409455""]"
none_subset,5,212592127,192227012,43,443,0,0,0,0,0,0,"[""180844785"", ""182399428"", ""182902299"", ""195224828"", ""165285962"", ""178271380"", ""165710029"", ""183765224"", ""206730740"", ""178067710""]"
none_subset,5,176224761,133870924,62,48,0,0,0,0,0,1,"[""152815967"", ""134822754"", ""188696626"", ""190767280"", ""188860992"", ""98255078"", ""164437495"", ""52848243"", ""17141885"", ""138120106""]"
none_subset,5,60511882,57556019,43,302,0,0,0,0,0,0,"[""167043645"", ""79517399"", ""132793063"", ""141417624"", ""112313568"", ""114124021"", ""187442156"", ""206569394"", ""183687457"", ""181162961""]"
none_subset,5,176736999,148395645,57,156,0,0,0,0,0,0,"[""121588049"", ""181594395"", ""178508676"", ""191497108"", ""151450966"", ""184472730"", ""39081418"", ""157221850"", ""142260329"", ""194409455""]"
none_subset,5,218343977,206869723,38,174,0,0,0,0,0,0,"[""163637661"", ""153333213"", ""134177582"", ""150537213"", ""163646287"", ""34147341"", ""197728060"", ""197470467"", ""176574849"", ""62361505""]"
none_subset,5,196559457,168093078,46,51,0,0,0,0,0,0,"[""25531112"", ""159049004"", ""211987120"", ""204863011"", ""102057588"", ""135652658"", ""208458622"", ""100871728"", ""170959816"", ""215428176""]"
none_subset,5,218455353,203551786,57,300,0,0,0,0,0,0,"[""186378387"", ""213299500"", ""181102109"", ""183322220"", ""202643099"", ""208808041"", ""194650480"", ""197209314"", ""212373319"", ""201084593""]"
none_subset,5,165941570,140069180,62,1608,0,0,0,0,0,0,"[""17141885"", ""199527738"", ""74169769"", ""106972114"", ""150251996"", ""188696626"", ""61908809"", ""82871684"", ""10132068"", ""137665706""]"
none_subset,5,177072822,143701254,57,12,0,0,0,0,1,1,"[""194409455"", ""139191535"", ""107527374"", ""134702798"", ""49660194"", ""184690297"", ""122408162"", ""125339147"", ""199101101"", ""86771304""]"
none_subset,5,209291892,186707401,4,8,0,0,0,1,1,1,"[""215305148"", ""161281171"", ""199975894"", ""138898252"", ""198281595"", ""214491007"", ""200173257"", ""186707401"", ""78155271"", ""169556971""]"
none_subset,5,223884612,208874258,46,879,0,0,0,0,0,0,"[""194733454"", ""208719036"", ""201436985"", ""166724206"", ""174150304"", ""171636556"", ""209175273"", ""186976692"", ""210856802"", ""211210557""]"
none_subset,5,94835568,89522692,57,1676,0,0,0,0,0,0,"[""194409455"", ""186103660"", ""58773802"", ""85942447"", ""198610356"", ""179477881"", ""125339147"", ""122408162"", ""86771304"", ""27886169""]"
none_subset,5,192891376,165467719,4,153,0,0,0,0,0,0,"[""154438637"", ""210469105"", ""205446753"", ""203033142"", ""47487946"", ""22859510"", ""211541518"", ""203618170"", ""175640583"", ""215274959""]"
none_subset,5,217721954,201858021,43,305,0,0,0,0,0,0,"[""208345597"", ""156395019"", ""211539337"", ""188380361"", ""210273616"", ""198125462"", ""206599153"", ""137771001"", ""215496241"", ""50463859""]"
none_subset,5,221359312,208935536,37,1244,0,0,0,0,0,0,"[""165980002"", ""142288515"", ""202170903"", ""209132129"", ""207605603"", ""192569315"", ""211165397"", ""197344850"", ""212752270"", ""207481345""]"
none_subset,5,215331446,149874064,62,45,0,0,0,0,0,1,"[""211070786"", ""212412503"", ""206841068"", ""180448591"", ""206664307"", ""121524691"", ""197247155"", ""204577887"", ""172997177"", ""196478095""]"
none_subset,5,139464065,119695215,46,14,0,0,0,0,1,1,"[""140110070"", ""188529439"", ""201966464"", ""110268464"", ""79523323"", ""154698834"", ""198454182"", ""149547737"", ""64234906"", ""79809742""]"
none_subset,5,224134704,141588596,64,437,0,0,0,0,0,0,"[""162587856"", ""202978110"", ""205920501"", ""209576150"", ""213564938"", ""201240967"", ""213086582"", ""213253358"", ""78407435"", ""172914507""]"
none_subset,5,77515366,62510663,38,238,0,0,0,0,0,0,"[""192191594"", ""193857539"", ""136445502"", ""194792335"", ""201030455"", ""55870666"", ""143848258"", ""192992682"", ""149382787"", ""179244626""]"
none_subset,5,210242510,187758639,57,902,0,0,0,0,0,0,"[""166538115"", ""187760067"", ""203550692"", ""189762370"", ""209465126"", ""188457754"", ""208742570"", ""210498921"", ""191511773"", ""207501600""]"
none_subset,5,52520947,48837235,43,1069,0,0,0,0,0,0,"[""192784424"", ""15015983"", ""99992649"", ""61372398"", ""67021588"", ""90355123"", ""99275271"", ""162819113"", ""68189198"", ""46422540""]"
none_subset,5,151596094,130169954,64,1521,0,0,0,0,0,0,"[""162799044"", ""167158322"", ""151315331"", ""74162951"", ""124508209"", ""187986270"", ""176297212"", ""124127139"", ""62313025"", ""63404553""]"
none_subset,5,193213668,158425166,43,47,0,0,0,0,0,1,"[""125480188"", ""74845533"", ""73201099"", ""113898093"", ""138296370"", ""90355123"", ""75704737"", ""67857747"", ""96300750"", ""115645977""]"
none_subset,5,112643081,88781085,4,2,0,1,1,1,1,1,"[""142456567"", ""88781085"", ""187499375"", ""192836046"", ""171902128"", ""176334578"", ""36482821"", ""26203195"", ""165105661"", ""207566657""]"
none_subset,5,225317013,211226206,38,259,0,0,0,0,0,0,"[""98526198"", ""119050794"", ""167877470"", ""95211839"", ""148708621"", ""63839835"", ""208718442"", ""167340132"", ""25706087"", ""177165475""]"
none_subset,5,30572447,32643267,4,119,0,0,0,0,0,0,"[""155621693"", ""203890372"", ""184954811"", ""174891772"", ""147422442"", ""189645323"", ""159150083"", ""143548483"", ""117771611"", ""146168593""]"
none_subset,5,66195263,65467624,62,516,0,0,0,0,0,0,"[""73563944"", ""201291748"", ""179155211"", ""146789147"", ""119124932"", ""205254156"", ""65307631"", ""89506987"", ""154506894"", ""46446514""]"
none_subset,5,84991560,83781980,64,127,0,0,0,0,0,0,"[""128304968"", ""144281937"", ""201270567"", ""174340250"", ""123929849"", ""91451711"", ""107659439"", ""170213283"", ""190304668"", ""152189504""]"
none_subset,5,46524558,48022144,46,876,0,0,0,0,0,0,"[""44855147"", ""105301005"", ""97623791"", ""200715240"", ""102529512"", ""84422038"", ""15325925"", ""32288484"", ""92306012"", ""169711662""]"
none_subset,5,183342833,152655552,64,244,0,0,0,0,0,0,"[""64566466"", ""156912710"", ""152305563"", ""87842481"", ""106247745"", ""149772224"", ""154412302"", ""126992314"", ""210148884"", ""121664928""]"
none_subset,5,181269384,115216411,37,1126,0,0,0,0,0,0,"[""152140191"", ""192387012"", ""93714502"", ""136371572"", ""151437967"", ""186543138"", ""100563053"", ""192597928"", ""152508279"", ""101351593""]"
none_subset,5,91056482,73092635,64,247,0,0,0,0,0,0,"[""206372980"", ""95987224"", ""115580730"", ""114607994"", ""23370473"", ""193323207"", ""191437806"", ""105069076"", ""207080740"", ""201747658""]"
none_subset,5,220391193,205792958,57,3,0,1,1,1,1,1,"[""212470393"", ""210472448"", ""205792958"", ""207501600"", ""206066236"", ""213078674"", ""144927109"", ""188906002"", ""82457052"", ""189762370""]"
none_subset,5,181647504,153601190,37,1152,0,0,0,0,0,0,"[""156606418"", ""195740726"", ""209154292"", ""189646922"", ""195296935"", ""187719393"", ""211802210"", ""188994423"", ""141656944"", ""114171070""]"
none_subset,5,179942590,150466997,37,202,0,0,0,0,0,0,"[""58893791"", ""158117230"", ""184518066"", ""100015328"", ""24464195"", ""161632409"", ""66740441"", ""204165195"", ""29496516"", ""66495486""]"
none_subset,5,210824348,169684033,46,253,0,0,0,0,0,0,"[""142789905"", ""164400164"", ""203329657"", ""186116554"", ""151511658"", ""160699239"", ""152102459"", ""150142821"", ""191705183"", ""78015202""]"
none_subset,5,217340355,185411714,37,227,0,0,0,0,0,0,"[""174857211"", ""124237457"", ""191986428"", ""143052602"", ""211519251"", ""208310489"", ""143134097"", ""203276996"", ""214080156"", ""50499211""]"
none_subset,5,204515041,180375963,46,273,0,0,0,0,0,0,"[""48707996"", ""214780678"", ""28355710"", ""120660699"", ""170906364"", ""174492089"", ""53849507"", ""76058535"", ""188997673"", ""103102034""]"
none_subset,5,225217742,214911402,38,88,0,0,0,0,0,0,"[""203319354"", ""205018667"", ""204375245"", ""188544896"", ""170938980"", ""173785088"", ""124441124"", ""206039176"", ""91697050"", ""208707405""]"
none_subset,5,175108320,145872351,57,315,0,0,0,0,0,0,"[""209217971"", ""173028003"", ""83774267"", ""190891048"", ""21487414"", ""12228591"", ""154845037"", ""75778769"", ""171245380"", ""110563932""]"
none_subset,5,75999056,78200756,37,130,0,0,0,0,0,0,"[""105224939"", ""21114364"", ""29496516"", ""66740441"", ""100015328"", ""115215869"", ""66495486"", ""5322119"", ""53410176"", ""45171964""]"
none_subset,5,20364924,18292202,43,116,0,0,0,0,0,0,"[""194521804"", ""49833634"", ""190335273"", ""183029564"", ""171833857"", ""74422992"", ""91252683"", ""66798140"", ""61541571"", ""176670642""]"
none_subset,5,178083941,115348570,4,9,0,0,0,1,1,1,"[""142536914"", ""179735008"", ""193807530"", ""103936826"", ""188089924"", ""156834256"", ""165675795"", ""197428008"", ""115348570"", ""146649572""]"
none_subset,5,186627163,155334274,37,28,0,0,0,0,1,1,"[""200939819"", ""66740441"", ""120893128"", ""100819191"", ""140907909"", ""181268534"", ""170879853"", ""60970379"", ""161632409"", ""202547182""]"
none_subset,5,223640840,70510072,43,45,0,0,0,0,0,1,"[""160598030"", ""130556843"", ""162644598"", ""100215754"", ""198125462"", ""98800023"", ""127486066"", ""88376416"", ""156395019"", ""139961406""]"
none_subset,5,224590952,214485432,4,302,0,0,0,0,0,0,"[""169052104"", ""140664871"", ""191815855"", ""186775950"", ""197311450"", ""171818167"", ""157346101"", ""50763233"", ""191564735"", ""193746035""]"
none_subset,5,185538692,155799399,64,593,0,0,0,0,0,0,"[""92911620"", ""122024341"", ""132289907"", ""213581190"", ""123189996"", ""98251420"", ""184089231"", ""85531879"", ""43675047"", ""79121811""]"
none_subset,5,214686293,194616691,64,1529,0,0,0,0,0,0,"[""88248087"", ""54502447"", ""78098517"", ""195393000"", ""136210244"", ""199922992"", ""70607335"", ""75157723"", ""81233351"", ""212258528""]"
none_subset,5,210390509,188665796,4,1288,0,0,0,0,0,0,"[""93467050"", ""200030726"", ""180843726"", ""197109183"", ""190574356"", ""188468393"", ""201211887"", ""146764647"", ""210484477"", ""196026500""]"
none_subset,5,221217825,206707770,62,737,0,0,0,0,0,0,"[""100460340"", ""180448591"", ""121524691"", ""96112528"", ""102538292"", ""150777456"", ""160036757"", ""147810982"", ""190955120"", ""211070786""]"
none_subset,5,182550457,152717874,38,922,0,0,0,0,0,0,"[""204637998"", ""161002473"", ""149562058"", ""203127417"", ""81511985"", ""132567182"", ""179341410"", ""118242163"", ""65478593"", ""184191073""]"
none_subset,5,206226210,145800774,4,5,0,0,1,1,1,1,"[""113622434"", ""190013445"", ""126604867"", ""173259969"", ""145800774"", ""118938903"", ""126889201"", ""100007550"", ""133755220"", ""201066421""]"
none_subset,5,216846155,200497747,57,2395,0,0,0,0,0,0,"[""212489788"", ""213367417"", ""166341343"", ""202650435"", ""207262363"", ""211301569"", ""202223376"", ""190061959"", ""203324938"", ""206853593""]"
none_subset,5,172014008,129527350,4,167,0,0,0,0,0,0,"[""21060681"", ""29952166"", ""99699218"", ""213679625"", ""109285514"", ""119644839"", ""137958387"", ""128511706"", ""175596949"", ""98800805""]"
none_subset,5,208296179,184997997,37,95,0,0,0,0,0,0,"[""156606418"", ""190568516"", ""157252149"", ""188994423"", ""195740726"", ""188414894"", ""133173167"", ""195296935"", ""192142184"", ""204832839""]"
none_subset,5,217618238,188912090,37,5,0,0,1,1,1,1,"[""192617496"", ""75362158"", ""201649016"", ""210502009"", ""188912090"", ""206569261"", ""121097766"", ""194408004"", ""195908286"", ""183094359""]"
none_subset,5,208456944,181755826,37,556,0,0,0,0,0,0,"[""154409188"", ""184320957"", ""142665464"", ""188414894"", ""187837794"", ""195054374"", ""188994423"", ""147435678"", ""156858638"", ""206412545""]"
none_subset,5,223016533,211895860,46,514,0,0,0,0,0,0,"[""212685047"", ""158080441"", ""157752214"", ""129506623"", ""160255339"", ""207328366"", ""172935649"", ""166127396"", ""203310461"", ""211382509""]"
none_subset,5,217669873,199520065,43,71,0,0,0,0,0,0,"[""159971774"", ""215090391"", ""206730740"", ""211355598"", ""178271380"", ""198054092"", ""213355535"", ""165285962"", ""182583580"", ""207732639""]"
none_subset,5,217086778,195170795,43,161,0,0,0,0,0,0,"[""214348389"", ""196286515"", ""185851616"", ""202632009"", ""202626349"", ""195756368"", ""198087076"", ""201905433"", ""201671217"", ""192529072""]"
none_subset,5,73879959,76963567,37,831,0,0,0,0,0,0,"[""51749408"", ""16898206"", ""185048961"", ""198753304"", ""187812442"", ""143865659"", ""160127507"", ""167262748"", ""133217200"", ""164935921""]"
none_subset,5,176005672,141663938,46,1647,0,0,0,0,0,0,"[""174504603"", ""173211527"", ""134544825"", ""141485098"", ""191070592"", ""150226253"", ""88672257"", ""113000796"", ""125568463"", ""151203538""]"
none_subset,5,218843910,204190038,43,25,0,0,0,0,1,1,"[""211582481"", ""201213450"", ""214348389"", ""182445092"", ""187215484"", ""156536547"", ""136773099"", ""194022987"", ""184996236"", ""210037205""]"
none_subset,5,171956234,145031350,57,5,0,0,1,1,1,1,"[""141728487"", ""206210266"", ""193211760"", ""122751221"", ""145031350"", ""98712789"", ""176688451"", ""57499088"", ""164248569"", ""113601078""]"
none_subset,5,220869576,207833813,4,171,0,0,0,0,0,0,"[""58216709"", ""119997383"", ""208901976"", ""102041783"", ""178871266"", ""169023851"", ""213461075"", ""166973027"", ""167658682"", ""206288267""]"
none_subset,5,211982172,139357935,38,515,0,0,0,0,0,0,"[""132567182"", ""72092510"", ""114256903"", ""81511985"", ""157158226"", ""156911169"", ""132991311"", ""195301933"", ""173813492"", ""133301327""]"
none_subset,5,225233010,214802477,4,247,0,0,0,0,0,0,"[""190594964"", ""207726716"", ""192314331"", ""210958855"", ""136474102"", ""186900944"", ""191216846"", ""183828133"", ""194142299"", ""203048719""]"
none_subset,5,179073322,149484929,64,158,0,0,0,0,0,0,"[""80281524"", ""103416735"", ""177536477"", ""188599489"", ""181619566"", ""151526168"", ""148414231"", ""79734724"", ""8985600"", ""177028452""]"
none_subset,5,171887554,143825464,37,230,0,0,0,0,0,0,"[""133924998"", ""211318715"", ""204992307"", ""157798849"", ""103057199"", ""175772166"", ""134610044"", ""208576745"", ""162200226"", ""151343274""]"
none_subset,5,218059850,202134853,4,160,0,0,0,0,0,0,"[""204134750"", ""195475614"", ""21060681"", ""31282948"", ""165467719"", ""195893708"", ""169976903"", ""186392648"", ""191516714"", ""135783987""]"
none_subset,5,158743654,131992278,4,52,0,0,0,0,0,0,"[""210573149"", ""129525709"", ""99427859"", ""104121894"", ""85457698"", ""75870943"", ""152685161"", ""209670193"", ""215198902"", ""211167678""]"
none_subset,5,154974237,76747946,64,54,0,0,0,0,0,0,"[""95788322"", ""82846737"", ""128304968"", ""136347027"", ""126785773"", ""91451711"", ""123929849"", ""85531879"", ""31017779"", ""167172273""]"
none_subset,5,120798918,108207501,43,252,0,0,0,0,0,0,"[""124731600"", ""190843616"", ""190480160"", ""168722731"", ""124274684"", ""148439290"", ""200804124"", ""108362017"", ""99565563"", ""173407949""]"
none_subset,5,218711794,179610678,46,89,0,0,0,0,0,0,"[""146029150"", ""212530716"", ""205168224"", ""171227152"", ""143182122"", ""127266574"", ""28587929"", ""171227160"", ""77062785"", ""182136657""]"
none_subset,5,209771338,126298952,64,303,0,0,0,0,0,0,"[""44104238"", ""106156401"", ""162587856"", ""134302572"", ""79117002"", ""78407435"", ""75157723"", ""162285368"", ""32576323"", ""100504851""]"
none_subset,5,216811142,187560968,57,1517,0,0,0,0,0,0,"[""172994991"", ""210580310"", ""175665700"", ""204720478"", ""113082402"", ""211357002"", ""211301569"", ""202655316"", ""202223376"", ""213367417""]"
none_subset,5,206217300,181915374,4,26,0,0,0,0,1,1,"[""193007590"", ""53541477"", ""165897952"", ""48830519"", ""198949108"", ""202002064"", ""185515008"", ""197455821"", ""177913898"", ""154240""]"
none_subset,5,44794439,50008637,46,831,0,0,0,0,0,0,"[""146207857"", ""188997673"", ""136576031"", ""167312009"", ""138311176"", ""121389120"", ""28355710"", ""214160095"", ""176931775"", ""203434173""]"
none_subset,5,183039122,153035417,64,876,0,0,0,0,0,0,"[""124508209"", ""167158322"", ""203544848"", ""147667682"", ""43675047"", ""211228726"", ""202708847"", ""151821517"", ""120966979"", ""136116320""]"
none_subset,5,217961343,201925196,46,455,0,0,0,0,0,0,"[""207061761"", ""200389859"", ""204759997"", ""176341207"", ""209924155"", ""204065707"", ""184636221"", ""189285981"", ""174515021"", ""143077183""]"
none_subset,5,211893524,190866330,37,654,0,0,0,0,0,0,"[""170597831"", ""93720497"", ""187443642"", ""141081466"", ""156583528"", ""150452969"", ""210936933"", ""144974780"", ""196323233"", ""183578088""]"
none_subset,5,220165510,204544735,46,692,0,0,0,0,0,0,"[""205283945"", ""174768557"", ""171924125"", ""200419946"", ""162783785"", ""165126864"", ""197814070"", ""206612183"", ""134421881"", ""101763667""]"
none_subset,5,220275954,119210439,64,132,0,0,0,0,0,0,"[""22329772"", ""141447890"", ""123189996"", ""131413365"", ""142231631"", ""81240114"", ""92911620"", ""154412302"", ""99916433"", ""132289907""]"
none_subset,5,221930753,128022852,38,151,0,0,0,0,0,0,"[""60638606"", ""72340257"", ""135905491"", ""171929830"", ""85421632"", ""150834782"", ""208921464"", ""157264118"", ""80390206"", ""193133447""]"
none_subset,5,186748969,155250171,4,920,0,0,0,0,0,0,"[""159922963"", ""156469871"", ""164940716"", ""172890535"", ""188802396"", ""177531279"", ""76515539"", ""129435163"", ""149095048"", ""86878993""]"
none_subset,5,190801262,84270721,38,654,0,0,0,0,0,0,"[""204913338"", ""166859848"", ""96235679"", ""200073680"", ""173172008"", ""206197845"", ""100690598"", ""196149173"", ""203507733"", ""200330435""]"
none_subset,5,45045424,37161164,64,586,0,0,0,0,0,0,"[""178908431"", ""147497927"", ""148497898"", ""187775788"", ""206372980"", ""201747658"", ""147860105"", ""85051125"", ""193323207"", ""181448564""]"
none_subset,5,224591507,214516118,57,727,0,0,0,0,0,0,"[""207343683"", ""201469289"", ""197765268"", ""209644299"", ""152191898"", ""160479206"", ""195892056"", ""185648436"", ""187639188"", ""163252829""]"
none_subset,5,198848081,99645029,62,103,0,0,0,0,0,0,"[""189107795"", ""104128337"", ""117835777"", ""188696626"", ""152815967"", ""138120106"", ""56305255"", ""39970613"", ""32200239"", ""190767280""]"
none_subset,5,208482752,185153627,64,56,0,0,0,0,0,0,"[""143226636"", ""131413365"", ""81240114"", ""142231631"", ""145440025"", ""72224328"", ""199715478"", ""22329772"", ""141447890"", ""181496296""]"
none_subset,5,158174064,139073104,4,572,0,0,0,0,0,0,"[""143548483"", ""124893597"", ""129568541"", ""155621693"", ""184954811"", ""174891772"", ""117771611"", ""202362364"", ""108202978"", ""51992415""]"
none_subset,5,207873651,212293518,37,118,0,0,0,0,0,0,"[""204992307"", ""133924998"", ""152102790"", ""155900040"", ""195462928"", ""176608529"", ""212047029"", ""212035633"", ""208576745"", ""151343274""]"
none_subset,5,215617466,192772030,62,56,0,0,0,0,0,0,"[""172011253"", ""151367273"", ""202843919"", ""166659131"", ""203449670"", ""130270435"", ""121568505"", ""156237229"", ""96917986"", ""118658701""]"
none_subset,5,222741930,173657990,64,569,0,0,0,0,0,0,"[""87842481"", ""161581546"", ""106247745"", ""121756376"", ""121664928"", ""126992314"", ""156912710"", ""151821517"", ""203403083"", ""64566466""]"
none_subset,5,148097853,124876427,62,547,0,0,0,0,0,0,"[""178706930"", ""81077749"", ""14027620"", ""198734216"", ""211638809"", ""209844093"", ""214034644"", ""1975349"", ""142493256"", ""125173216""]"
none_subset,5,198298738,169253567,64,611,0,0,0,0,0,0,"[""166289001"", ""129093190"", ""193298062"", ""167740456"", ""184002672"", ""122024341"", ""138750171"", ""181671018"", ""160603185"", ""180020484""]"
none_subset,5,190470259,152369852,37,368,0,0,0,0,0,0,"[""40661702"", ""152170362"", ""180869206"", ""206587185"", ""204992307"", ""162977839"", ""204860223"", ""215484131"", ""187324915"", ""121097766""]"
none_subset,5,204257545,168960925,4,1359,0,0,0,0,0,0,"[""193843184"", ""214521847"", ""146168593"", ""189645323"", ""203890372"", ""69097292"", ""113409994"", ""186900944"", ""183252412"", ""191327886""]"
none_subset,5,168232305,143219721,46,126,0,0,0,0,0,0,"[""78390422"", ""203161766"", ""99228098"", ""188974662"", ""128970500"", ""202488918"", ""200077838"", ""131931084"", ""202371466"", ""76396478""]"
none_subset,5,192374914,99824538,38,75,0,0,0,0,0,0,"[""157625011"", ""100928327"", ""166298317"", ""206437718"", ""60707501"", ""167844311"", ""159013209"", ""79223401"", ""58573176"", ""199297939""]"
none_subset,5,174229052,125242387,37,314,0,0,0,0,0,0,"[""192387012"", ""197580749"", ""129519764"", ""152508279"", ""164351701"", ""162200226"", ""176748724"", ""190568516"", ""93714502"", ""84948088""]"
none_subset,5,139698211,119953689,43,305,0,0,0,0,0,0,"[""86370719"", ""67021588"", ""90355123"", ""99992649"", ""61372398"", ""169890454"", ""181162961"", ""67857747"", ""146763071"", ""143371562""]"
none_subset,5,113476119,101710549,37,125,0,0,0,0,0,0,"[""157022245"", ""175772166"", ""157798849"", ""165689309"", ""126447640"", ""16898206"", ""103057199"", ""187812442"", ""195462928"", ""185112282""]"
none_subset,5,150517658,104621823,57,52,0,0,0,0,0,0,"[""168026327"", ""86061978"", ""135517724"", ""200892019"", ""94748321"", ""110563932"", ""113626263"", ""115187471"", ""53934345"", ""173527273""]"
none_subset,5,184787612,156401201,4,93,0,0,0,0,0,0,"[""144811459"", ""207935824"", ""105605834"", ""180266107"", ""148526912"", ""165897952"", ""177486457"", ""188123591"", ""206541953"", ""170725190""]"
none_subset,5,192758748,129435163,4,26,0,0,0,0,1,1,"[""114164900"", ""142553971"", ""178109092"", ""23408401"", ""76515539"", ""119644839"", ""148281605"", ""186841122"", ""195002695"", ""21060681""]"
none_subset,5,77980090,79930613,62,1942,0,0,0,0,0,0,"[""132774570"", ""194855016"", ""140662974"", ""189754029"", ""76325050"", ""176849960"", ""139116865"", ""82622035"", ""150061205"", ""52020678""]"
none_subset,5,224368165,200983413,62,911,0,0,0,0,0,0,"[""163318709"", ""163318703"", ""195545920"", ""57144448"", ""37722747"", ""213194224"", ""209588722"", ""75873379"", ""7191392"", ""85051086""]"
none_subset,5,193642629,148004279,37,562,0,0,0,0,0,0,"[""128177539"", ""157798849"", ""175772166"", ""146818815"", ""204657866"", ""142288546"", ""162977839"", ""163644147"", ""157022245"", ""195886526""]"
none_subset,5,209818213,181059548,64,737,0,0,0,0,0,0,"[""206705882"", ""145311547"", ""72224328"", ""85531879"", ""165315994"", ""142231631"", ""181496296"", ""212572450"", ""131413365"", ""157103060""]"
none_subset,5,222281877,210666920,64,33,0,0,0,0,0,1,"[""192179303"", ""187016162"", ""198999126"", ""210649942"", ""163787427"", ""211889722"", ""185087026"", ""211115970"", ""147671714"", ""199186089""]"
none_subset,5,152546236,130642042,62,3,0,1,1,1,1,1,"[""182029851"", ""151640359"", ""130642042"", ""199438255"", ""137674272"", ""207007802"", ""106557292"", ""121568505"", ""190676894"", ""129898062""]"
none_subset,5,225336523,213295278,38,454,0,0,0,0,0,0,"[""68304286"", ""120618466"", ""139494203"", ""111085092"", ""28399802"", ""140138816"", ""174530040"", ""179286930"", ""104042988"", ""127539785""]"
none_subset,5,117415907,106212567,43,492,0,0,0,0,0,0,"[""67857747"", ""96489120"", ""125621820"", ""90355123"", ""74845533"", ""73201099"", ""114124021"", ""159816013"", ""198700213"", ""63103166""]"
none_subset,5,218502916,202570543,4,10,0,0,0,1,1,1,"[""167937435"", ""184090522"", ""78836369"", ""195480266"", ""131936243"", ""181079699"", ""105525086"", ""206281257"", ""140209528"", ""202570543""]"
none_subset,5,161939843,131664368,57,2758,0,0,0,0,0,0,"[""211535882"", ""202643099"", ""181102109"", ""208808041"", ""205639687"", ""187076934"", ""212373319"", ""192532677"", ""211044486"", ""213299500""]"
none_subset,5,12125768,10199751,38,1527,0,0,0,0,0,0,"[""63839835"", ""95211839"", ""98526198"", ""148708621"", ""160076768"", ""70118230"", ""120603737"", ""176113230"", ""111184822"", ""28421314""]"
none_subset,5,192950031,18519591,4,1881,0,0,0,0,0,0,"[""155106827"", ""93467050"", ""206856080"", ""154946230"", ""194338856"", ""160037231"", ""185787629"", ""194377968"", ""50948393"", ""199780246""]"
none_subset,5,188057870,153434097,57,8,0,0,0,1,1,1,"[""196325559"", ""213812098"", ""188990309"", ""145414206"", ""201500628"", ""60167570"", ""201949837"", ""153434097"", ""85728689"", ""153435765""]"
none_subset,5,216778927,200441050,37,277,0,0,0,0,0,0,"[""187324915"", ""179751402"", ""151601836"", ""186811713"", ""169228866"", ""148896266"", ""188877213"", ""165174023"", ""154803527"", ""204860223""]"
none_subset,5,209487514,123925115,43,17,0,0,0,0,1,1,"[""180180313"", ""85646132"", ""145546533"", ""210207733"", ""142550589"", ""188380361"", ""207752417"", ""166706901"", ""137739430"", ""211288019""]"
none_subset,5,143189949,123314603,46,964,0,0,0,0,0,0,"[""114442083"", ""61158856"", ""205471355"", ""144381527"", ""212857036"", ""150742725"", ""138718760"", ""118565908"", ""177300409"", ""145266309""]"
none_subset,5,30542785,32645292,64,212,0,0,0,0,0,0,"[""35312252"", ""63861102"", ""152518752"", ""60124479"", ""19492405"", ""151526168"", ""58475692"", ""94673226"", ""148414231"", ""49215114""]"
none_subset,5,125925327,110540565,4,56,0,0,0,0,0,0,"[""207122616"", ""181570938"", ""13566772"", ""199270520"", ""133033147"", ""112726802"", ""214992562"", ""147048275"", ""83596697"", ""66199264""]"
none_subset,5,221161508,205365317,4,5,0,0,1,1,1,1,"[""105544053"", ""187502252"", ""206172053"", ""122581991"", ""205365317"", ""197857103"", ""200841671"", ""13245417"", ""204544559"", ""190530648""]"
none_subset,5,195093679,167093379,64,2036,0,0,0,0,0,0,"[""170912580"", ""193536959"", ""189142523"", ""129130295"", ""193870914"", ""151315331"", ""129480867"", ""176297212"", ""167158322"", ""99174752""]"
none_subset,5,185207452,150088912,43,141,0,0,0,0,0,0,"[""137771001"", ""160598030"", ""57750732"", ""162644598"", ""154676816"", ""75960684"", ""156395019"", ""126702260"", ""89403432"", ""106164509""]"
none_subset,5,204829216,204576287,57,158,0,0,0,0,0,0,"[""116870503"", ""206515366"", ""102163786"", ""61177824"", ""161339845"", ""210450439"", ""86556462"", ""135212557"", ""209330430"", ""172998313""]"
none_subset,5,217161478,168008625,38,3,0,1,1,1,1,1,"[""19375583"", ""182145202"", ""168008625"", ""212169244"", ""122407287"", ""82292513"", ""46549636"", ""165798838"", ""214151471"", ""5564013""]"
none_subset,5,18109352,11662511,57,791,0,0,0,0,0,0,"[""121902729"", ""103801352"", ""105652021"", ""148338437"", ""36692830"", ""110170047"", ""86791172"", ""213472164"", ""75198033"", ""194409455""]"
none_subset,5,181734587,144976728,37,182,0,0,0,0,0,0,"[""99494874"", ""212776036"", ""156884960"", ""113225323"", ""152140191"", ""185847475"", ""174852305"", ""32618321"", ""147751334"", ""156440997""]"
none_subset,5,182489679,136685850,38,160,0,0,0,0,0,0,"[""193744229"", ""202202801"", ""152236293"", ""114131241"", ""116918686"", ""85388350"", ""151483185"", ""184519031"", ""204092180"", ""208225541""]"
none_subset,5,137577332,117410846,37,275,0,0,0,0,0,0,"[""136371572"", ""208575799"", ""165174023"", ""180546104"", ""207073486"", ""195375302"", ""145502443"", ""148896266"", ""144976728"", ""177737543""]"
none_subset,5,189957316,160247543,64,1439,0,0,0,0,0,0,"[""128217933"", ""146789206"", ""191281696"", ""187887134"", ""113312339"", ""181063353"", ""173357253"", ""192928912"", ""81339759"", ""192392140""]"
none_subset,5,117920506,105652021,57,35,0,0,0,0,0,1,"[""198610356"", ""194409455"", ""163344549"", ""186103660"", ""60736435"", ""199101101"", ""165685416"", ""180417908"", ""27886169"", ""15301011""]"
none_subset,5,210306785,188579852,43,7,0,0,0,1,1,1,"[""182870508"", ""71803254"", ""189262880"", ""66867545"", ""211526829"", ""124643121"", ""188579852"", ""138106208"", ""105076717"", ""171140458""]"
none_subset,5,49475784,49499187,4,108,0,0,0,0,0,0,"[""181953251"", ""36482821"", ""74573249"", ""53953930"", ""181288745"", ""157346101"", ""168021014"", ""137677513"", ""180862612"", ""163708754""]"
none_subset,5,221681530,209156407,43,2156,0,0,0,0,0,0,"[""193482080"", ""188398971"", ""186403472"", ""35671043"", ""143371562"", ""194288467"", ""172065222"", ""162596591"", ""118255723"", ""130496317""]"
none_subset,5,196575776,154163322,46,50,0,0,0,0,0,1,"[""79523323"", ""119695215"", ""188529439"", ""155712241"", ""101194970"", ""201966464"", ""68978046"", ""185043110"", ""181905212"", ""64234906""]"
none_subset,5,125407007,103135887,4,24,0,0,0,0,1,1,"[""207098872"", ""200588216"", ""195539587"", ""146144877"", ""128197551"", ""206172053"", ""138439770"", ""140756132"", ""207413130"", ""183754777""]"
none_subset,5,184242165,146542941,43,402,0,0,0,0,0,0,"[""186683968"", ""59458719"", ""151577913"", ""152263616"", ""198125462"", ""156295009"", ""156445649"", ""98073803"", ""119119405"", ""125800065""]"
none_subset,5,171742724,129452500,37,315,0,0,0,0,0,0,"[""160539814"", ""161390704"", ""141976904"", ""128885740"", ""208464643"", ""145686023"", ""132003740"", ""141505308"", ""132074366"", ""145677384""]"
none_subset,5,96219091,89954196,64,665,0,0,0,0,0,0,"[""193870914"", ""113590277"", ""98571285"", ""189142523"", ""101587118"", ""75760627"", ""129130295"", ""193536959"", ""63404553"", ""125019219""]"
none_subset,5,207037382,182362708,4,179,0,0,0,0,0,0,"[""156469871"", ""177466971"", ""158857170"", ""77968334"", ""52058795"", ""174770035"", ""153876637"", ""155106827"", ""56134226"", ""194377968""]"
none_subset,5,108642962,76074145,37,354,0,0,0,0,0,0,"[""92247640"", ""197580749"", ""139290462"", ""192142184"", ""192163385"", ""180764368"", ""147954913"", ""121841349"", ""115668354"", ""66708197""]"
none_subset,5,207959048,184472730,57,156,0,0,0,0,0,0,"[""158779584"", ""14439949"", ""205321546"", ""139112302"", ""155712712"", ""124876040"", ""189635659"", ""80684151"", ""112833560"", ""164536801""]"
none_subset,5,26729282,25189123,37,25,0,0,0,0,1,1,"[""185847475"", ""156884960"", ""136895908"", ""187545617"", ""152140191"", ""147751334"", ""113068731"", ""188742562"", ""101532006"", ""187712911""]"
none_subset,5,58173335,42842956,37,342,0,0,0,0,0,0,"[""214702437"", ""188742562"", ""51981897"", ""149017929"", ""152140191"", ""21423746"", ""161147605"", ""93714502"", ""194551250"", ""149631379""]"
none_subset,5,224417071,181242432,38,1123,0,0,0,0,0,0,"[""159155121"", ""211454407"", ""159013209"", ""181094653"", ""203692617"", ""143848258"", ""89552272"", ""48122067"", ""166302090"", ""111431777""]"
none_subset,5,151725079,128872941,43,4,0,0,1,1,1,1,"[""100333045"", ""119675310"", ""148264493"", ""128872941"", ""137780242"", ""195408710"", ""152103320"", ""209546973"", ""127254122"", ""115347188""]"
none_subset,5,207326571,183542149,4,212,0,0,0,0,0,0,"[""190758417"", ""146764647"", ""207099785"", ""101829627"", ""192877167"", ""206010093"", ""211385428"", ""189945818"", ""177056777"", ""183792420""]"
none_subset,5,211025496,18107447,38,5,0,0,1,1,1,1,"[""20918033"", ""179244626"", ""74273124"", ""55870666"", ""18107447"", ""203702170"", ""151607631"", ""201541368"", ""165955684"", ""169021759""]"
none_subset,5,217030599,82795911,38,875,0,0,0,0,0,0,"[""138345880"", ""191870766"", ""191640347"", ""139423553"", ""186767110"", ""151333626"", ""128168264"", ""113999751"", ""194853957"", ""193563274""]"
none_subset,5,188181546,154236997,43,85,0,0,0,0,0,0,"[""158541186"", ""177067604"", ""147077009"", ""214098104"", ""154215969"", ""123633665"", ""210570556"", ""67473151"", ""188230609"", ""139778348""]"
none_subset,5,73874336,76020654,46,407,0,0,0,0,0,0,"[""139912235"", ""208605842"", ""113000796"", ""76493325"", ""212992927"", ""129447301"", ""211382509"", ""184357726"", ""88088262"", ""176834459""]"
none_subset,5,223336105,201484372,43,185,0,0,0,0,0,0,"[""183404665"", ""194521791"", ""184427297"", ""129949845"", ""155438071"", ""176670642"", ""183029564"", ""206563550"", ""171833857"", ""172912773""]"
none_subset,5,172573588,140685496,57,143,0,0,0,0,0,0,"[""173549637"", ""109983619"", ""57896054"", ""113655478"", ""44099846"", ""84446338"", ""102094865"", ""186554959"", ""209958566"", ""160729828""]"
none_subset,5,207694155,175183352,38,1817,0,0,0,0,0,0,"[""153387624"", ""171057004"", ""194116496"", ""169136130"", ""193591162"", ""148395469"", ""109035411"", ""189593063"", ""136204876"", ""132005414""]"
none_subset,5,207447521,183684975,38,2013,0,0,0,0,0,0,"[""169790696"", ""73789534"", ""193591162"", ""138558031"", ""170150125"", ""196742641"", ""158767731"", ""169136130"", ""182343726"", ""167722391""]"
none_subset,5,121281492,101816357,62,255,0,0,0,0,0,0,"[""10132068"", ""152815967"", ""82871684"", ""92652982"", ""199527738"", ""79777747"", ""204737909"", ""114451811"", ""180945305"", ""96821830""]"
none_subset,5,146254725,120966979,64,339,0,0,0,0,0,0,"[""186761660"", ""196328856"", ""153693903"", ""193004529"", ""136714408"", ""127253518"", ""140138472"", ""193870914"", ""110345942"", ""183980537""]"
none_subset,5,224706887,213532039,4,185,0,0,0,0,0,0,"[""205446753"", ""199478511"", ""154438637"", ""210469105"", ""195617414"", ""103984598"", ""203776159"", ""135190327"", ""207062213"", ""206658247""]"
none_subset,5,178855451,137171317,46,233,0,0,0,0,0,0,"[""132867538"", ""109762523"", ""148554569"", ""97623791"", ""139912235"", ""165803311"", ""194422099"", ""192859823"", ""178975230"", ""127485588""]"
none_subset,5,217105883,81054083,64,732,0,0,0,0,0,0,"[""107659439"", ""98960696"", ""116423938"", ""129093190"", ""112111649"", ""53453982"", ""156476311"", ""123929849"", ""187172686"", ""163962507""]"
none_subset,5,176809832,145961457,38,156,0,0,0,0,0,0,"[""204637998"", ""184191073"", ""135619578"", ""132991311"", ""179341410"", ""168618858"", ""132567182"", ""188953954"", ""118242163"", ""160107954""]"
none_subset,5,131680025,116100429,46,312,0,0,0,0,0,0,"[""93024322"", ""171785060"", ""206877955"", ""213910179"", ""213196140"", ""212546063"", ""208866550"", ""207886341"", ""80179653"", ""207597334""]"
none_subset,5,70823902,74505132,43,1077,0,0,0,0,0,0,"[""204449585"", ""147179804"", ""185196782"", ""128872941"", ""101683090"", ""114371520"", ""193992249"", ""182892685"", ""15015983"", ""153840249""]"
none_subset,5,193646776,165824431,37,4,0,0,1,1,1,1,"[""206298198"", ""73910372"", ""200774626"", ""165824431"", ""187324915"", ""190511714"", ""209172335"", ""195744990"", ""201742088"", ""193680819""]"
none_subset,5,198154959,165953966,46,268,0,0,0,0,0,0,"[""157884203"", ""139649558"", ""59097004"", ""140208813"", ""197423739"", ""160110731"", ""155017018"", ""143689220"", ""143770600"", ""126613385""]"
none_subset,5,210635666,160101192,38,1689,0,0,0,0,0,0,"[""147652742"", ""111085092"", ""182237895"", ""159864740"", ""193797330"", ""140138816"", ""183569499"", ""68304286"", ""169019310"", ""123220669""]"
none_subset,5,207875176,183998344,64,48,0,0,0,0,0,1,"[""209836031"", ""209830030"", ""194031832"", ""210901215"", ""194200854"", ""186093978"", ""201344830"", ""193738837"", ""124948775"", ""166660652""]"
none_subset,5,92271469,31486566,4,240,0,0,0,0,0,0,"[""195895955"", ""152685161"", ""65093674"", ""56134226"", ""27693819"", ""119654700"", ""192757426"", ""146961197"", ""72626014"", ""209670193""]"
none_subset,5,69301721,67476398,43,1310,0,0,0,0,0,0,"[""169890454"", ""99720576"", ""141417624"", ""171140458"", ""151392250"", ""86466727"", ""91544773"", ""133241822"", ""214969346"", ""185799642""]"
none_subset,5,181215991,153410659,4,54,0,0,0,0,0,0,"[""202571906"", ""201657691"", ""200344150"", ""200589462"", ""186079283"", ""191316160"", ""205600080"", ""208780104"", ""183509496"", ""160129846""]"
none_subset,5,214070603,194734082,62,1808,0,0,0,0,0,0,"[""197683619"", ""136965396"", ""180644383"", ""131320559"", ""127168363"", ""118285946"", ""144501764"", ""188216765"", ""141461627"", ""206927728""]"
none_subset,5,139917419,114685239,43,117,0,0,0,0,0,0,"[""170809412"", ""127655947"", ""101892709"", ""184649249"", ""104957798"", ""211549610"", ""196554944"", ""119766790"", ""142451013"", ""215382114""]"
none_subset,5,189618304,147755307,64,200,0,0,0,0,0,0,"[""183047062"", ""168633758"", ""105144259"", ""139013046"", ""48108527"", ""152603802"", ""98518695"", ""112345894"", ""105928549"", ""156400594""]"
none_subset,5,223485420,203454842,43,79,0,0,0,0,0,0,"[""191583920"", ""204449585"", ""128872941"", ""185196782"", ""147179804"", ""175717483"", ""215513285"", ""196728731"", ""193992249"", ""59245151""]"
none_subset,5,168169889,78642212,37,747,0,0,0,0,0,0,"[""161194648"", ""126447640"", ""192947279"", ""192312279"", ""169799265"", ""160929058"", ""103432765"", ""184899990"", ""169799464"", ""121642534""]"
none_subset,5,162364932,106343634,43,2329,0,0,0,0,0,0,"[""67021588"", ""90355123"", ""129748527"", ""1704333"", ""39344788"", ""198700213"", ""86370719"", ""68189198"", ""99992649"", ""159816013""]"
none_subset,5,218839915,202818209,4,1514,0,0,0,0,0,0,"[""44858664"", ""165897952"", ""123881493"", ""189229576"", ""117660981"", ""197455821"", ""184628720"", ""86957065"", ""153876614"", ""194377968""]"
none_subset,5,135611244,108051613,64,810,0,0,0,0,0,0,"[""195393000"", ""194400653"", ""206213762"", ""156561876"", ""184410319"", ""196328856"", ""149684016"", ""130210660"", ""114231099"", ""179205044""]"
none_subset,5,174172764,143139548,62,691,0,0,0,0,0,0,"[""125457528"", ""132110473"", ""173383036"", ""209130399"", ""72763415"", ""56951341"", ""179030233"", ""141589821"", ""95641166"", ""215161236""]"
none_subset,5,193288803,165910240,4,1214,0,0,0,0,0,0,"[""183433217"", ""189401835"", ""200344150"", ""146649572"", ""194898252"", ""186079283"", ""142381741"", ""152542463"", ""161037037"", ""193369779""]"
none_subset,5,181708531,150920816,4,2,0,1,1,1,1,1,"[""130299986"", ""150920816"", ""192424356"", ""152028023"", ""161159839"", ""64185045"", ""190495475"", ""202362364"", ""148365289"", ""200963858""]"
none_subset,5,225333666,108214208,46,982,0,0,0,0,0,0,"[""16339902"", ""177591787"", ""129089284"", ""192342929"", ""110900877"", ""194811856"", ""113999669"", ""139649558"", ""194854155"", ""158946684""]"
none_subset,5,207589915,183295863,43,35,0,0,0,0,0,1,"[""147117418"", ""141417624"", ""122820009"", ""113309612"", ""213210833"", ""186403472"", ""134678718"", ""193482080"", ""151416547"", ""126470047""]"
none_subset,5,175289913,145402193,62,653,0,0,0,0,0,0,"[""187198512"", ""73563944"", ""76790091"", ""106557292"", ""82871684"", ""146789147"", ""210678182"", ""188161421"", ""98255078"", ""141918937""]"
none_subset,5,221725055,204086663,4,206,0,0,0,0,0,0,"[""197461829"", ""185851022"", ""210014361"", ""187535990"", ""140286179"", ""156855089"", ""172642210"", ""99109493"", ""208424495"", ""142553971""]"
none_subset,5,140509426,123537400,43,585,0,0,0,0,0,0,"[""191134281"", ""166272408"", ""163370879"", ""214098104"", ""210778994"", ""132428330"", ""188409353"", ""59841256"", ""194022987"", ""147077009""]"
none_subset,5,143006205,121639115,38,2050,0,0,0,0,0,0,"[""198984787"", ""76978137"", ""211454407"", ""58573176"", ""124226339"", ""201030455"", ""89552272"", ""192510359"", ""213448007"", ""203692617""]"
none_subset,5,173539915,106919910,46,58,0,0,0,0,0,0,"[""7135475"", ""159049004"", ""204863011"", ""76765780"", ""100871728"", ""178086628"", ""204007426"", ""136796860"", ""135652658"", ""173659613""]"
none_subset,5,207681795,183858161,4,2157,0,0,0,0,0,0,"[""158177830"", ""153876637"", ""50750891"", ""180862612"", ""191300394"", ""186775950"", ""148649464"", ""202039682"", ""158581056"", ""176002373""]"
none_subset,5,84666016,79487599,38,237,0,0,0,0,0,0,"[""194014911"", ""137715155"", ""142911344"", ""159013209"", ""79223401"", ""91197511"", ""124226339"", ""58573176"", ""170711878"", ""210930251""]"
none_subset,5,218410318,198339576,57,47,0,0,0,0,0,1,"[""129142528"", ""210472448"", ""168668833"", ""173235697"", ""211114221"", ""154105888"", ""207501600"", ""139814299"", ""196086555"", ""201185749""]"
none_subset,5,222881169,211601112,43,842,0,0,0,0,0,0,"[""182081124"", ""90355123"", ""64251949"", ""126121357"", ""146569456"", ""164109193"", ""135474915"", ""151379615"", ""125480188"", ""138296370""]"
none_subset,5,30460453,27886169,57,3,0,1,1,1,1,1,"[""12178696"", ""186103660"", ""27886169"", ""108044927"", ""206493285"", ""185861622"", ""89487701"", ""205371893"", ""201144087"", ""194409455""]"
none_subset,5,209663181,187096708,4,713,0,0,0,0,0,0,"[""183252412"", ""201454668"", ""186900944"", ""210958855"", ""189645323"", ""193843184"", ""153928357"", ""190495475"", ""190594964"", ""193413498""]"
none_subset,5,174792946,141087005,38,1327,0,0,0,0,0,0,"[""64731721"", ""168166428"", ""147242050"", ""181551206"", ""93923477"", ""69722104"", ""44353494"", ""168644115"", ""145697018"", ""189738652""]"
none_subset,5,224895620,212906250,62,1149,0,0,0,0,0,0,"[""72727739"", ""205736250"", ""180167452"", ""207078341"", ""204377471"", ""76690264"", ""119531432"", ""162672578"", ""50552393"", ""79175068""]"
none_subset,5,213176528,193006708,62,33,0,0,0,0,0,1,"[""191211417"", ""211070786"", ""185606507"", ""196478095"", ""208719189"", ""192447937"", ""113290454"", ""124000667"", ""179064472"", ""174255891""]"
none_subset,5,206562248,180936569,4,1756,0,0,0,0,0,0,"[""73825216"", ""160129846"", ""189901460"", ""193729388"", ""153928357"", ""117471262"", ""156860646"", ""202362364"", ""192507369"", ""123419520""]"
none_subset,5,66843934,72626014,4,31,0,0,0,0,0,1,"[""155106827"", ""174770035"", ""56134226"", ""194377968"", ""146961197"", ""19130713"", ""44858664"", ""194338856"", ""177466971"", ""192757426""]"
none_subset,5,60088613,61834333,62,820,0,0,0,0,0,0,"[""72763415"", ""124381580"", ""104128337"", ""167352840"", ""137665706"", ""48004410"", ""117835777"", ""187207232"", ""153978341"", ""113866351""]"
none_subset,5,124442497,98571285,64,22,0,0,0,0,1,1,"[""70397289"", ""193983183"", ""159354842"", ""110653495"", ""150390573"", ""121166403"", ""97006048"", ""95187471"", ""110345942"", ""190758206""]"
none_subset,5,190839371,155360700,64,79,0,0,0,0,0,0,"[""182450870"", ""187033175"", ""75760627"", ""93604401"", ""107682837"", ""101587118"", ""90897593"", ""147984435"", ""75327381"", ""178690639""]"
none_subset,5,218856479,201961238,46,93,0,0,0,0,0,0,"[""211380085"", ""71898794"", ""176661515"", ""212507142"", ""102529512"", ""138620481"", ""204633518"", ""78570599"", ""75379104"", ""177423877""]"
none_subset,5,222643927,200883540,43,306,0,0,0,0,0,0,"[""104021362"", ""201230840"", ""122714725"", ""177166442"", ""200167896"", ""194502617"", ""191235079"", ""192741559"", ""191423965"", ""189516921""]"
none_subset,5,62668453,43248546,62,64,0,0,0,0,0,0,"[""97811642"", ""186943676"", ""66613547"", ""188657346"", ""25260455"", ""187198512"", ""156966977"", ""25909881"", ""140609707"", ""212881813""]"
none_subset,5,184230274,151064154,64,614,0,0,0,0,0,0,"[""46094230"", ""147667682"", ""167158322"", ""115988300"", ""186122058"", ""80281524"", ""80098795"", ""144339648"", ""187708913"", ""97428675""]"
none_subset,5,170473770,142088856,57,2520,0,0,0,0,0,0,"[""171896766"", ""213078674"", ""165054297"", ""11662511"", ""208750964"", ""152199865"", ""174340588"", ""84202088"", ""203875366"", ""153343338""]"
none_subset,5,203340424,150950507,37,59,0,0,0,0,0,0,"[""143865659"", ""51138626"", ""143147405"", ""19283629"", ""195740726"", ""201505284"", ""121206303"", ""79631849"", ""51749408"", ""90418462""]"
none_subset,5,199389071,163402666,43,705,0,0,0,0,0,0,"[""134678718"", ""213210833"", ""122820009"", ""147117418"", ""198166094"", ""75083855"", ""155438071"", ""15648138"", ""95511047"", ""141417624""]"
none_subset,5,220589904,125083388,57,679,0,0,0,0,0,0,"[""107527374"", ""40488723"", ""86061978"", ""177164990"", ""121902729"", ""36692830"", ""128122761"", ""139164571"", ""78057939"", ""205451286""]"
none_subset,5,151568193,130806896,37,210,0,0,0,0,0,0,"[""157139216"", ""173499684"", ""182207000"", ""184272506"", ""127620302"", ""157270034"", ""174772190"", ""185905678"", ""153367008"", ""200431334""]"
none_subset,5,136989307,110288630,43,555,0,0,0,0,0,0,"[""159960194"", ""99992649"", ""127980051"", ""73201099"", ""126702260"", ""106320447"", ""60674498"", ""126121357"", ""138958806"", ""100333045""]"
none_subset,5,218056967,199424998,57,36,0,0,0,0,0,1,"[""202655316"", ""202223376"", ""193981972"", ""200193952"", ""174257554"", ""214349938"", ""210440269"", ""180448567"", ""210580310"", ""210969230""]"
none_subset,5,172591982,132868443,64,547,0,0,0,0,0,0,"[""182762792"", ""193536959"", ""173526297"", ""113850105"", ""132536483"", ""120966979"", ""148133803"", ""149793006"", ""176297212"", ""91922866""]"
none_subset,5,201836453,172313882,57,402,0,0,0,0,0,0,"[""102094865"", ""84446338"", ""102144770"", ""158571858"", ""136653363"", ""211244190"", ""44099846"", ""30797277"", ""33775780"", ""57896054""]"
none_subset,5,68003263,73501307,62,238,0,0,0,0,0,0,"[""46446514"", ""179155211"", ""106557292"", ""73563944"", ""94546694"", ""97195771"", ""57745589"", ""194707540"", ""62502393"", ""156442595""]"
none_subset,5,211109558,184383180,43,208,0,0,0,0,0,0,"[""178871976"", ""207752417"", ""113535350"", ""149017403"", ""167483448"", ""136870511"", ""180180313"", ""163286400"", ""111723538"", ""166706901""]"
none_subset,5,212622062,147554849,64,620,0,0,0,0,0,0,"[""156281163"", ""70397289"", ""160006498"", ""95187471"", ""156561876"", ""152337991"", ""206213762"", ""84069250"", ""173784548"", ""194687988""]"
none_subset,5,222260160,180280221,57,83,0,0,0,0,0,0,"[""128778844"", ""173370077"", ""195410736"", ""107833046"", ""130006774"", ""193349740"", ""138180455"", ""171686923"", ""200990628"", ""172859305""]"
none_subset,5,77174414,75061598,62,798,0,0,0,0,0,0,"[""186943676"", ""66613547"", ""194491562"", ""14027620"", ""108092106"", ""68305694"", ""211861394"", ""27504858"", ""114607053"", ""150924476""]"
none_subset,5,168909992,67839146,4,304,0,0,0,0,0,0,"[""87832508"", ""137934343"", ""200691824"", ""56134226"", ""67564757"", ""209670193"", ""152685161"", ""183642706"", ""118938903"", ""207968393""]"
none_subset,5,175122358,143506887,46,197,0,0,0,0,0,0,"[""215428176"", ""204484014"", ""204919891"", ""211987120"", ""212306388"", ""212013801"", ""200735701"", ""210667015"", ""179440577"", ""209817753""]"
none_subset,5,189874544,159723912,38,691,0,0,0,0,0,0,"[""193054363"", ""108033709"", ""136373067"", ""31197704"", ""188544896"", ""92535321"", ""184519031"", ""203967736"", ""174539147"", ""109270817""]"
none_subset,5,171071618,129522432,46,418,0,0,0,0,0,0,"[""190358880"", ""102024389"", ""88672257"", ""154821670"", ""196574179"", ""83729071"", ""151511658"", ""149547737"", ""158008511"", ""61158856""]"
none_subset,5,191924106,157289534,43,82,0,0,0,0,0,0,"[""127321663"", ""18269900"", ""214285576"", ""207021897"", ""129585321"", ""198489911"", ""119064343"", ""145855101"", ""57957728"", ""182010866""]"
none_subset,5,206362413,172681042,46,1369,0,0,0,0,0,0,"[""168027657"", ""167776566"", ""104127006"", ""180541695"", ""169602941"", ""135605303"", ""205769669"", ""203313787"", ""169485140"", ""210288248""]"
none_subset,5,201633160,161849641,43,95,0,0,0,0,0,0,"[""82996098"", ""208158106"", ""45170082"", ""162612749"", ""148801479"", ""154078226"", ""154639083"", ""139572029"", ""201598381"", ""137882861""]"
none_subset,5,95542639,84315130,64,137,0,0,0,0,0,0,"[""201421429"", ""80281524"", ""86887294"", ""155183786"", ""74162951"", ""79234720"", ""167158322"", ""147667682"", ""46094230"", ""124508209""]"
none_subset,5,214369799,195227005,64,408,0,0,0,0,0,0,"[""149793006"", ""131561726"", ""173526297"", ""194651505"", ""193536959"", ""142735207"", ""134904906"", ""159428920"", ""69242297"", ""203319271""]"
none_subset,5,174471635,145768091,38,121,0,0,0,0,0,0,"[""204637407"", ""209347465"", ""110664117"", ""68304286"", ""159864740"", ""140048877"", ""182237895"", ""171574810"", ""127539785"", ""179286930""]"
none_subset,5,135257569,112322089,43,6,0,0,0,1,1,1,"[""105076717"", ""153525929"", ""91544773"", ""182870508"", ""124643121"", ""112322089"", ""72421330"", ""158107027"", ""169961501"", ""163505137""]"
none_subset,5,130636449,114160813,4,239,0,0,0,0,0,0,"[""133632260"", ""78155271"", ""50763598"", ""203910236"", ""27693819"", ""119900827"", ""208530280"", ""191300394"", ""209124215"", ""182581077""]"
none_subset,5,15177212,7603895,38,1861,0,0,0,0,0,0,"[""96535503"", ""149732635"", ""118132660"", ""160458687"", ""203702170"", ""148419997"", ""192992682"", ""151607631"", ""192191594"", ""118972114""]"
none_subset,5,52603642,31883136,4,203,0,0,0,0,0,0,"[""155585579"", ""88932849"", ""150953706"", ""133977293"", ""87832508"", ""181278700"", ""141212383"", ""115348570"", ""185905613"", ""113628354""]"
none_subset,5,181183071,145455711,62,2290,0,0,0,0,0,0,"[""137665706"", ""199527738"", ""72763415"", ""123687816"", ""155721266"", ""20863003"", ""172190870"", ""187978938"", ""96606456"", ""74331129""]"
none_subset,5,142920094,124997135,46,1008,0,0,0,0,0,0,"[""99228098"", ""180187517"", ""148352358"", ""64629457"", ""108786028"", ""211403494"", ""48138227"", ""102529512"", ""206995470"", ""82040536""]"
none_subset,5,221966322,210148578,57,26,0,0,0,0,1,1,"[""210472448"", ""129142528"", ""171157628"", ""203585740"", ""196086555"", ""154105888"", ""207501600"", ""200031767"", ""210110121"", ""110479400""]"
none_subset,5,210311625,188128198,64,254,0,0,0,0,0,0,"[""146444401"", ""121260031"", ""167740456"", ""181619566"", ""124198714"", ""212566497"", ""102162028"", ""155048626"", ""194941994"", ""90897593""]"
none_subset,5,208642516,181658560,4,852,0,0,0,0,0,0,"[""73825216"", ""160129846"", ""191909632"", ""199780246"", ""189901460"", ""200963901"", ""193729388"", ""182794391"", ""193413498"", ""191214295""]"
none_subset,5,210355887,159111889,4,95,0,0,0,0,0,0,"[""120663751"", ""12396291"", ""149095048"", ""148281605"", ""184587206"", ""149599673"", ""119106930"", ""114164900"", ""75828042"", ""200963901""]"
none_subset,5,195643138,153364732,38,681,0,0,0,0,0,0,"[""125496594"", ""132266859"", ""133009681"", ""120618466"", ""151407481"", ""191870766"", ""183401482"", ""76490987"", ""113999751"", ""145768091""]"
none_subset,5,218562162,203803641,37,623,0,0,0,0,0,0,"[""201649016"", ""184997997"", ""190788723"", ""195919621"", ""187324915"", ""209286799"", ""194408004"", ""209154292"", ""211802210"", ""133351365""]"
none_subset,5,193209414,150433252,37,594,0,0,0,0,0,0,"[""197580749"", ""92247640"", ""81340320"", ""121841349"", ""127822217"", ""128979302"", ""72951233"", ""108702236"", ""144129822"", ""183777475""]"
none_subset,5,215148607,192456013,37,23,0,0,0,0,1,1,"[""201649016"", ""191538851"", ""190788965"", ""211802210"", ""187719393"", ""193730114"", ""187324915"", ""209286799"", ""175852737"", ""207544886""]"
none_subset,5,82009373,82732179,38,199,0,0,0,0,0,0,"[""158221656"", ""171338645"", ""74153327"", ""201994268"", ""154434048"", ""140686256"", ""165078139"", ""46449031"", ""166298317"", ""169348966""]"
none_subset,5,225168942,203537664,4,9,0,0,0,1,1,1,"[""184090522"", ""206281257"", ""17083624"", ""206289183"", ""78836369"", ""168012970"", ""146357422"", ""182903930"", ""203537664"", ""206010093""]"
none_subset,5,110842833,100829470,64,338,0,0,0,0,0,0,"[""142562860"", ""193656471"", ""183998344"", ""191790077"", ""160675869"", ""111634995"", ""209427345"", ""91130206"", ""210741382"", ""187029541""]"
none_subset,5,201091097,171087357,38,460,0,0,0,0,0,0,"[""145871617"", ""115023866"", ""112389064"", ""115216449"", ""147913145"", ""213992866"", ""169820470"", ""198969641"", ""117957932"", ""186986474""]"
none_subset,5,180275335,126534292,43,1364,0,0,0,0,0,0,"[""197580291"", ""211884232"", ""192287850"", ""200253605"", ""188409353"", ""201441807"", ""155161450"", ""197634421"", ""196286515"", ""148142665""]"
none_subset,5,207552622,183766098,43,436,0,0,0,0,0,0,"[""192741559"", ""111596381"", ""143671449"", ""201905433"", ""35305004"", ""144165967"", ""158643707"", ""200883540"", ""173249585"", ""166734753""]"
none_subset,5,215096062,194235169,57,125,0,0,0,0,0,0,"[""117615208"", ""120012296"", ""195463073"", ""41397459"", ""170607128"", ""75722520"", ""143771323"", ""143155846"", ""90594496"", ""163924604""]"
none_subset,5,212439645,206673825,46,76,0,0,0,0,0,0,"[""163043438"", ""172696525"", ""127408928"", ""162507293"", ""138718760"", ""81506359"", ""13414842"", ""74936221"", ""150742725"", ""133306710""]"
none_subset,5,221703068,173447641,64,5,0,0,1,1,1,1,"[""200974603"", ""56593545"", ""209756225"", ""199877052"", ""173447641"", ""208135267"", ""211171973"", ""211309611"", ""172914507"", ""209576150""]"
none_subset,5,176526310,143605523,57,331,0,0,0,0,0,0,"[""201144087"", ""207769586"", ""194409455"", ""86771304"", ""131667486"", ""122408162"", ""157149837"", ""207070552"", ""204417143"", ""186103660""]"
none_subset,5,189188950,160181087,37,1689,0,0,0,0,0,0,"[""93714502"", ""152140191"", ""140336042"", ""152508279"", ""160156715"", ""151437967"", ""157889847"", ""103057199"", ""192387012"", ""192597928""]"
none_subset,5,225328238,214733871,4,606,0,0,0,0,0,0,"[""210643102"", ""207143420"", ""209670193"", ""189202376"", ""152685161"", ""200030203"", ""170613385"", ""207099729"", ""179962753"", ""151053517""]"
none_subset,5,168011617,139490116,43,1615,0,0,0,0,0,0,"[""193313194"", ""167043645"", ""121864251"", ""164870997"", ""210940174"", ""132793063"", ""46019037"", ""79517399"", ""162536514"", ""159111252""]"
none_subset,5,215899991,168105869,38,479,0,0,0,0,0,0,"[""154880168"", ""103512626"", ""31197704"", ""162918532"", ""109823579"", ""97917446"", ""143244996"", ""132671829"", ""122392168"", ""213984936""]"
none_subset,5,187060472,118284407,64,133,0,0,0,0,0,0,"[""194094670"", ""91130206"", ""138800320"", ""138115654"", ""162661871"", ""149715107"", ""110133798"", ""204824313"", ""114607994"", ""62550428""]"
none_subset,5,199521963,173374144,4,496,0,0,0,0,0,0,"[""165467719"", ""213275113"", ""210721272"", ""209607188"", ""23408401"", ""76515539"", ""98076075"", ""215487098"", ""206012998"", ""134685630""]"
none_subset,5,141423267,120893128,37,6,0,0,0,1,1,1,"[""66740441"", ""40240729"", ""173034966"", ""158117230"", ""140907909"", ""120893128"", ""184518066"", ""100819191"", ""161632409"", ""200939819""]"
none_subset,5,190661639,163146833,37,1453,0,0,0,0,0,0,"[""123163900"", ""183552543"", ""159707679"", ""210502009"", ""189064377"", ""164630992"", ""183251892"", ""149676779"", ""81981879"", ""197728159""]"
none_subset,5,181361798,143875665,43,168,0,0,0,0,0,0,"[""204649733"", ""188810945"", ""197891724"", ""213956523"", ""183730361"", ""158182394"", ""191257698"", ""196746909"", ""180261414"", ""134461446""]"
none_subset,5,224077867,206921287,46,1145,0,0,0,0,0,0,"[""210232040"", ""177368586"", ""202027223"", ""109632736"", ""172344554"", ""174610357"", ""211028341"", ""207429949"", ""136320022"", ""109531052""]"
none_subset,5,152683770,127047625,43,714,0,0,0,0,0,0,"[""68189198"", ""114124021"", ""90355123"", ""124482796"", ""183687457"", ""112313568"", ""198700213"", ""97205267"", ""98314945"", ""79517399""]"
none_subset,5,216016642,170416318,64,903,0,0,0,0,0,0,"[""163529947"", ""194985038"", ""65008714"", ""196328856"", ""187557702"", ""165423791"", ""154049018"", ""193757766"", ""208465437"", ""193786166""]"
none_subset,5,60102779,64725135,62,91,0,0,0,0,0,0,"[""208335318"", ""147831197"", ""81266882"", ""166108651"", ""187005682"", ""178964015"", ""150060889"", ""75207324"", ""212966939"", ""57612738""]"
none_subset,5,213455053,190308923,64,1502,0,0,0,0,0,0,"[""193870914"", ""122395189"", ""213984446"", ""170912580"", ""209791442"", ""198047155"", ""129130295"", ""179042698"", ""160143625"", ""191305321""]"
none_subset,5,192031219,143134097,37,1282,0,0,0,0,0,0,"[""169799265"", ""154120842"", ""144537637"", ""191892681"", ""138625062"", ""204420256"", ""193608318"", ""168960113"", ""157140706"", ""143065905""]"
none_subset,5,222675305,211141745,46,75,0,0,0,0,0,0,"[""171636556"", ""173668368"", ""209482743"", ""195079694"", ""212384469"", ""205208810"", ""110172598"", ""133461188"", ""201436985"", ""179855914""]"
none_subset,5,223970896,201593808,46,569,0,0,0,0,0,0,"[""201966464"", ""153408319"", ""209175470"", ""173106990"", ""66211329"", ""173421370"", ""207499962"", ""145504709"", ""141871273"", ""97781465""]"
none_subset,5,191904523,87987044,43,135,0,0,0,0,0,0,"[""177067604"", ""166997029"", ""158541186"", ""198089227"", ""214098104"", ""211814068"", ""123633665"", ""76158891"", ""139778348"", ""213553578""]"
none_subset,5,220147780,204264183,43,4,0,0,1,1,1,1,"[""205021454"", ""199927468"", ""191630482"", ""204264183"", ""99100837"", ""176520859"", ""190834097"", ""178008108"", ""158387518"", ""160406750""]"
none_subset,5,207294174,124648849,64,668,0,0,0,0,0,0,"[""21359328"", ""174095805"", ""208220087"", ""151526168"", ""79071973"", ""71813245"", ""68685146"", ""17102158"", ""107055611"", ""193323207""]"
none_subset,5,61090990,64528586,38,547,0,0,0,0,0,0,"[""165671081"", ""186533660"", ""211427284"", ""168008625"", ""215127574"", ""169647353"", ""126776975"", ""193857246"", ""175815162"", ""209803175""]"
none_subset,5,222031920,210169790,4,43,0,0,0,0,0,1,"[""51992415"", ""203890372"", ""74573249"", ""140664871"", ""117771611"", ""185556523"", ""155870634"", ""211473289"", ""82760505"", ""131039184""]"
none_subset,5,200281730,146978431,43,8,0,0,0,1,1,1,"[""182870508"", ""159786759"", ""179105716"", ""40866643"", ""66867545"", ""189262880"", ""186549940"", ""146978431"", ""128927470"", ""150782213""]"
none_subset,5,188545297,159881542,57,10,0,0,0,1,1,1,"[""110053800"", ""192963179"", ""109349817"", ""202980559"", ""90594496"", ""117615208"", ""75645675"", ""27828345"", ""41397459"", ""159881542""]"
none_subset,5,225336220,213493571,37,1004,0,0,0,0,0,0,"[""65129121"", ""150612100"", ""133932837"", ""158117230"", ""209829139"", ""120893128"", ""206272368"", ""188967908"", ""156943771"", ""174852305""]"
none_subset,5,222464033,209731990,57,161,0,0,0,0,0,0,"[""173797071"", ""202119079"", ""212895565"", ""183349552"", ""205233758"", ""204458986"", ""52498980"", ""201084593"", ""203550692"", ""209066709""]"
none_subset,5,173202397,143762098,4,365,0,0,0,0,0,0,"[""137001312"", ""143852845"", ""157367139"", ""184721384"", ""156471159"", ""150920816"", ""158175855"", ""154203183"", ""201582207"", ""203048719""]"
none_subset,5,200110560,139423553,38,890,0,0,0,0,0,0,"[""214890741"", ""167323493"", ""38003672"", ""102368805"", ""133136953"", ""96535503"", ""169064521"", ""163524272"", ""215150803"", ""55870666""]"
none_subset,5,222576969,205486444,4,207,0,0,0,0,0,0,"[""203466268"", ""178104667"", ""184322806"", ""201066059"", ""212819052"", ""204701777"", ""211858811"", ""206285188"", ""213276860"", ""180575809""]"
none_subset,5,201861045,163827058,43,481,0,0,0,0,0,0,"[""200715227"", ""201991192"", ""213210833"", ""188195572"", ""199268133"", ""134678718"", ""103045536"", ""75462011"", ""208265800"", ""46019037""]"
none_subset,5,143066951,123461456,4,487,0,0,0,0,0,0,"[""143852845"", ""143548483"", ""148365289"", ""117771611"", ""97942818"", ""116662369"", ""202362364"", ""103497899"", ""155621693"", ""144264277""]"
none_subset,5,222295119,210698206,46,258,0,0,0,0,0,0,"[""134014211"", ""136576031"", ""33873883"", ""205283945"", ""213910179"", ""76058535"", ""109623726"", ""138254448"", ""138107923"", ""101842282""]"
none_subset,5,127107551,81216321,46,265,0,0,0,0,0,0,"[""81754384"", ""201270244"", ""52432861"", ""107277769"", ""207308677"", ""169706178"", ""213234426"", ""56920439"", ""100811327"", ""79694314""]"
none_subset,5,206629394,181731983,46,32,0,0,0,0,0,1,"[""136320022"", ""211028341"", ""205395255"", ""206453483"", ""174610357"", ""109531052"", ""181020941"", ""134493849"", ""78566379"", ""209174682""]"
none_subset,5,217316035,201461478,37,1471,0,0,0,0,0,0,"[""210502009"", ""116930061"", ""131172661"", ""173640245"", ""190079777"", ""206942069"", ""101192063"", ""206569261"", ""210226726"", ""201576605""]"
none_subset,5,184697794,156295124,37,1259,0,0,0,0,0,0,"[""162095481"", ""146818815"", ""212047029"", ""103057199"", ""162977839"", ""158103752"", ""119637829"", ""157022245"", ""187812442"", ""170049514""]"
none_subset,5,217902820,202548043,64,72,0,0,0,0,0,0,"[""199310873"", ""142735207"", ""192550031"", ""8645666"", ""211959757"", ""149793006"", ""163082716"", ""146228800"", ""167158322"", ""81869558""]"
none_subset,5,186431322,155610275,46,23,0,0,0,0,1,1,"[""74187345"", ""205021705"", ""141876515"", ""31105163"", ""131951922"", ""157884203"", ""198984808"", ""133674182"", ""77203173"", ""214989922""]"
none_subset,5,224935909,46549636,38,296,0,0,0,0,0,0,"[""120726041"", ""81220432"", ""192587307"", ""186767110"", ""19375583"", ""192721742"", ""193466853"", ""61517646"", ""98526198"", ""8550716""]"
none_subset,5,184281490,155589050,38,473,0,0,0,0,0,0,"[""111085092"", ""182237895"", ""120618466"", ""150396233"", ""68304286"", ""179286930"", ""104042988"", ""140138816"", ""139494203"", ""28399802""]"
none_subset,5,223929742,213067554,37,9,0,0,0,1,1,1,"[""131800445"", ""134528240"", ""192410378"", ""202022086"", ""193491703"", ""150261210"", ""210502009"", ""206299844"", ""213067554"", ""194941703""]"
none_subset,5,224919001,83383823,43,144,0,0,0,0,0,0,"[""66867545"", ""67063550"", ""182870508"", ""140231935"", ""197607286"", ""164476094"", ""124359099"", ""56961091"", ""189791365"", ""196562630""]"
none_subset,5,118506459,105678196,46,2297,0,0,0,0,0,0,"[""194750109"", ""168366663"", ""206995470"", ""151203538"", ""84439889"", ""79601929"", ""164222847"", ""88672257"", ""77527113"", ""158080441""]"
none_subset,5,222787137,211475169,37,402,0,0,0,0,0,0,"[""213318077"", ""202328948"", ""191131185"", ""107367982"", ""123971162"", ""213416559"", ""178112615"", ""207544886"", ""157945105"", ""179252128""]"
none_subset,5,213433089,192191594,38,82,0,0,0,0,0,0,"[""209803175"", ""173793300"", ""193949384"", ""96549387"", ""116067106"", ""165671081"", ""144261984"", ""114646293"", ""214115231"", ""169647353""]"
none_subset,5,220446731,198850848,46,26,0,0,0,0,1,1,"[""174586724"", ""204627117"", ""138830136"", ""207911543"", ""104723184"", ""156489567"", ""213731514"", ""206506200"", ""195152908"", ""200878445""]"
none_subset,5,209401024,136186158,37,3,0,1,1,1,1,1,"[""150316929"", ""202157886"", ""136186158"", ""98755557"", ""171803364"", ""160929058"", ""177317879"", ""202901471"", ""201258368"", ""192576617""]"
none_subset,5,108059103,96678496,38,272,0,0,0,0,0,0,"[""132567182"", ""186173164"", ""155589050"", ""164678834"", ""144183456"", ""202818877"", ""96535503"", ""160458687"", ""184673821"", ""148419997""]"
none_subset,5,83516850,73863273,38,623,0,0,0,0,0,0,"[""174530040"", ""124508627"", ""123259370"", ""8550716"", ""213205324"", ""95323314"", ""179199308"", ""193466853"", ""140138816"", ""71056351""]"
none_subset,5,224702986,214641639,4,41,0,0,0,0,0,1,"[""215580343"", ""205463044"", ""207985124"", ""214275181"", ""210871478"", ""212682868"", ""212819052"", ""180575809"", ""188285916"", ""206285188""]"
none_subset,5,155484371,129167787,64,371,0,0,0,0,0,0,"[""193870914"", ""113590277"", ""181705179"", ""63926364"", ""101587118"", ""121260031"", ""146848989"", ""193983183"", ""15001776"", ""123768518""]"
none_subset,5,220720641,179105589,62,1123,0,0,0,0,0,0,"[""195510107"", ""210543459"", ""67539912"", ""159161171"", ""148737562"", ""178934492"", ""152196456"", ""124953746"", ""184570386"", ""133014668""]"
none_subset,5,222632500,208037651,37,1985,0,0,0,0,0,0,"[""92247640"", ""167814691"", ""55814438"", ""208174544"", ""213471023"", ""180221400"", ""191294127"", ""115668354"", ""188414894"", ""149524059""]"
none_subset,5,223968502,210489322,62,13,0,0,0,0,1,1,"[""212412503"", ""211070786"", ""197247155"", ""196478095"", ""208719189"", ""192447937"", ""206841068"", ""204577887"", ""191313815"", ""191211417""]"
none_subset,5,98995962,88914492,37,222,0,0,0,0,0,0,"[""21114364"", ""144524949"", ""100015328"", ""141163497"", ""161632409"", ""66495486"", ""146791770"", ""136371572"", ""66064117"", ""29496516""]"
none_subset,5,62872358,68354175,37,271,0,0,0,0,0,0,"[""161091370"", ""157674411"", ""161680150"", ""132034906"", ""93714502"", ""157889847"", ""48307499"", ""126929630"", ""164351701"", ""151437967""]"
none_subset,5,219731644,201910129,43,256,0,0,0,0,0,0,"[""170651164"", ""189168111"", ""147535992"", ""205682935"", ""190801453"", ""193435206"", ""164476094"", ""197097621"", ""192304894"", ""186549940""]"
none_subset,5,217607857,172851480,46,23,0,0,0,0,1,1,"[""211380085"", ""176661515"", ""206995470"", ""102529512"", ""144964708"", ""12880586"", ""78570599"", ""182917310"", ""79166546"", ""132534712""]"
none_subset,5,178761303,138296370,43,98,0,0,0,0,0,0,"[""133220748"", ""64251949"", ""182081124"", ""193992249"", ""208578922"", ""185196782"", ""119675310"", ""101683090"", ""146413132"", ""120188232""]"
none_subset,5,225101426,214129979,37,2165,0,0,0,0,0,0,"[""172288418"", ""177427231"", ""202781695"", ""177427251"", ""212715570"", ""210082244"", ""203900707"", ""203276996"", ""207956028"", ""202030579""]"
none_subset,5,166732634,138803213,64,414,0,0,0,0,0,0,"[""202234647"", ""192237530"", ""206417241"", ""147860105"", ""152917923"", ""204824313"", ""194116845"", ""161963780"", ""47134269"", ""139628764""]"
none_subset,5,193972506,175993606,43,1228,0,0,0,0,0,0,"[""128872941"", ""153840249"", ""148264493"", ""177916694"", ""191248601"", ""195408710"", ""209546973"", ""119675310"", ""40866643"", ""171665125""]"
none_subset,5,219517654,205395738,46,2355,0,0,0,0,0,0,"[""110716703"", ""172608877"", ""188865413"", ""208605842"", ""129240074"", ""214519972"", ""214351472"", ""190115727"", ""39277627"", ""206885929""]"
none_subset,5,222394753,82751027,64,2021,0,0,0,0,0,0,"[""202708847"", ""192550031"", ""32842438"", ""165038599"", ""185454425"", ""207152337"", ""212264146"", ""144073843"", ""203544848"", ""169694999""]"
none_subset,5,178708960,618472,4,399,0,0,0,0,0,0,"[""12396291"", ""138975756"", ""156103241"", ""120663751"", ""204909089"", ""65451395"", ""206598790"", ""25513745"", ""148281605"", ""50883863""]"
none_subset,5,221937448,208605842,46,1,1,1,1,1,1,1,"[""208605842"", ""129447301"", ""214351472"", ""160523276"", ""212992927"", ""129240074"", ""168398292"", ""174623464"", ""188865413"", ""213744352""]"
none_subset,5,59681831,65390256,37,1370,0,0,0,0,0,0,"[""158435107"", ""126447640"", ""194706972"", ""137062195"", ""183797214"", ""185266696"", ""133686967"", ""210587193"", ""140618489"", ""169799265""]"
none_subset,5,216161063,199021905,4,109,0,0,0,0,0,0,"[""210643102"", ""189202376"", ""207143420"", ""213127345"", ""179962753"", ""119654700"", ""210573149"", ""193871241"", ""145435299"", ""209670193""]"
none_subset,5,141503276,124722032,38,264,0,0,0,0,0,0,"[""128591315"", ""62361505"", ""17545320"", ""98078621"", ""55637037"", ""71056351"", ""98526198"", ""205579072"", ""123190192"", ""121564255""]"
none_subset,5,200818359,153477691,46,298,0,0,0,0,0,0,"[""118565908"", ""164400164"", ""78524182"", ""154821670"", ""160699239"", ""149733973"", ""142789905"", ""165636439"", ""181810712"", ""140412713""]"
none_subset,5,188197866,159649299,4,109,0,0,0,0,0,0,"[""143852845"", ""157367139"", ""116662369"", ""121025812"", ""184721384"", ""142766143"", ""126604867"", ""137001312"", ""191096738"", ""99472535""]"
none_subset,5,213366824,193025476,57,103,0,0,0,0,0,0,"[""205371893"", ""152187673"", ""198708422"", ""149427907"", ""200450069"", ""165685416"", ""185361449"", ""205214596"", ""194409455"", ""203388288""]"
none_subset,5,221913179,203738355,4,122,0,0,0,0,0,0,"[""203537664"", ""207568797"", ""158546701"", ""193873768"", ""105544053"", ""125970295"", ""212806729"", ""195246738"", ""214480072"", ""165320417""]"
none_subset,5,203066647,173799041,46,227,0,0,0,0,0,0,"[""113000796"", ""190115727"", ""211382509"", ""184357726"", ""208605842"", ""212992927"", ""135571245"", ""120543738"", ""171801408"", ""214519972""]"
none_subset,5,224558267,213573078,4,470,0,0,0,0,0,0,"[""210643102"", ""210573149"", ""211385428"", ""179962753"", ""207099785"", ""196161368"", ""189202376"", ""139342323"", ""193871241"", ""145435299""]"
none_subset,5,191575863,163533043,38,2317,0,0,0,0,0,0,"[""166298317"", ""207422358"", ""100928327"", ""210930251"", ""167844311"", ""205645402"", ""170764066"", ""211428575"", ""169647353"", ""186533660""]"
none_subset,5,152866845,122408162,57,15,0,0,0,0,1,1,"[""194409455"", ""121902729"", ""125339147"", ""107527374"", ""58773802"", ""85942447"", ""128512946"", ""121912126"", ""206552998"", ""49660194""]"
none_subset,5,188395873,140840605,4,96,0,0,0,0,0,0,"[""155621693"", ""189645323"", ""191096738"", ""136474102"", ""201582207"", ""137001312"", ""112540745"", ""153991203"", ""143852845"", ""117771611""]"
none_subset,5,151503385,103784764,57,304,0,0,0,0,0,0,"[""12178696"", ""138406659"", ""131667486"", ""207769586"", ""86771304"", ""89574390"", ""201144087"", ""211785457"", ""203042119"", ""197740362""]"
none_subset,5,208927127,185848749,43,577,0,0,0,0,0,0,"[""113898093"", ""96489120"", ""115645977"", ""74845533"", ""207851646"", ""87909441"", ""75704737"", ""62487581"", ""87877269"", ""129748527""]"
none_subset,5,205461532,140573064,37,206,0,0,0,0,0,0,"[""144129822"", ""92247640"", ""197580749"", ""139290462"", ""79730026"", ""141241455"", ""192163385"", ""143008719"", ""129519764"", ""180764368""]"
none_subset,5,224112754,212305293,64,53,0,0,0,0,0,0,"[""69248477"", ""154044867"", ""198499830"", ""54345172"", ""173246608"", ""28289691"", ""146444401"", ""88397191"", ""202169422"", ""100728693""]"
none_subset,5,119398235,105775833,46,15,0,0,0,0,1,1,"[""209744189"", ""174837469"", ""133674182"", ""187611963"", ""195152908"", ""140208813"", ""158806989"", ""193573844"", ""31105163"", ""166190328""]"
none_subset,5,207366484,124198714,64,4,0,0,1,1,1,1,"[""146444401"", ""154897158"", ""188820923"", ""124198714"", ""181619566"", ""19607163"", ""179201033"", ""152368817"", ""90897593"", ""187708913""]"
none_subset,5,225109049,214562863,46,1643,0,0,0,0,0,0,"[""128970500"", ""204723094"", ""134313611"", ""194733810"", ""158115780"", ""45375287"", ""180541695"", ""215475381"", ""200077838"", ""206921287""]"
none_subset,5,220934470,174610207,62,284,0,0,0,0,0,0,"[""183670981"", ""122507339"", ""132110473"", ""167732430"", ""73423883"", ""122004752"", ""183214654"", ""180292453"", ""144314189"", ""61834333""]"
none_subset,5,185519268,155947615,37,993,0,0,0,0,0,0,"[""182444653"", ""182681465"", ""169052319"", ""158771565"", ""170879853"", ""110465452"", ""152140191"", ""32618321"", ""206126959"", ""61710118""]"
none_subset,5,165565061,141108116,46,158,0,0,0,0,0,0,"[""160547557"", ""170393915"", ""129447301"", ""163919581"", ""77995654"", ""204616029"", ""169165853"", ""160815179"", ""104127006"", ""205368126""]"
none_subset,5,57082730,63027674,4,593,0,0,0,0,0,0,"[""157367139"", ""186179720"", ""112871050"", ""71990231"", ""19130713"", ""61363561"", ""88119764"", ""145330172"", ""154946230"", ""93223478""]"
none_subset,5,211683892,191211417,62,696,0,0,0,0,0,0,"[""187207232"", ""100460340"", ""150060889"", ""101066716"", ""194289010"", ""117006578"", ""150777456"", ""160036757"", ""135632302"", ""69690877""]"
none_subset,5,139717823,75771817,43,1191,0,0,0,0,0,0,"[""99992649"", ""61372398"", ""78343862"", ""67021588"", ""90355123"", ""192784424"", ""15015983"", ""162819113"", ""127047625"", ""144080652""]"
none_subset,5,210091083,187766426,43,387,0,0,0,0,0,0,"[""184091403"", ""165285962"", ""209666551"", ""201671217"", ""190234147"", ""182369961"", ""211096621"", ""201905433"", ""212213338"", ""194288073""]"
none_subset,5,215295632,194286674,64,487,0,0,0,0,0,0,"[""128603026"", ""135996572"", ""152209914"", ""144339648"", ""151064154"", ""187914316"", ""94645332"", ""205134381"", ""70397289"", ""111634995""]"
none_subset,5,220364834,206968122,43,11,0,0,0,0,1,1,"[""214348389"", ""185851616"", ""76057400"", ""155161450"", ""180428174"", ""201671217"", ""209388269"", ""196286515"", ""198087076"", ""211355598""]"
none_subset,5,219900526,180136836,64,1092,0,0,0,0,0,0,"[""75157723"", ""195393000"", ""82846737"", ""74256345"", ""194106443"", ""144281937"", ""209149604"", ""202169422"", ""105854775"", ""193467710""]"
none_subset,5,194649797,156951759,46,38,0,0,0,0,0,1,"[""192342929"", ""110900877"", ""113999669"", ""139649558"", ""193559506"", ""196783083"", ""16339902"", ""207645526"", ""172518234"", ""194811856""]"
none_subset,5,69538746,74156335,46,1434,0,0,0,0,0,0,"[""152102459"", ""186116554"", ""191705183"", ""160699239"", ""150142821"", ""22408044"", ""84576505"", ""164400164"", ""99309357"", ""203329657""]"
none_subset,5,193132494,138376766,4,1509,0,0,0,0,0,0,"[""98076075"", ""156469871"", ""160780126"", ""168463453"", ""93127365"", ""160102626"", ""12396291"", ""188802396"", ""198070526"", ""144373105""]"
none_subset,5,225048593,215009156,4,243,0,0,0,0,0,0,"[""213281189"", ""166646423"", ""162319116"", ""211253445"", ""169841826"", ""208649934"", ""170163174"", ""202725813"", ""174680568"", ""153116755""]"
none_subset,5,129581033,114171070,37,56,0,0,0,0,0,0,"[""141241455"", ""192163385"", ""213471023"", ""167814691"", ""137062195"", ""209543868"", ""146527115"", ""186793836"", ""57914905"", ""134046020""]"
none_subset,5,218321305,201512197,46,135,0,0,0,0,0,0,"[""159536710"", ""65618657"", ""206843208"", ""209941947"", ""165803311"", ""157884203"", ""204237929"", ""109762523"", ""201405465"", ""214989922""]"
none_subset,5,206985091,171139802,46,316,0,0,0,0,0,0,"[""203669932"", ""115892096"", ""141206559"", ""177107115"", ""201604744"", ""211141745"", ""174726875"", ""179691172"", ""207544587"", ""172993610""]"
none_subset,5,221838599,209862942,43,204,0,0,0,0,0,0,"[""211582481"", ""187215484"", ""201213450"", ""156536547"", ""136773099"", ""210822887"", ""182445092"", ""194022987"", ""203976867"", ""203348372""]"
none_subset,5,200321888,151940220,43,115,0,0,0,0,0,0,"[""90355123"", ""162819113"", ""67021588"", ""99992649"", ""112320644"", ""135449802"", ""86370719"", ""68189198"", ""162142216"", ""102691911""]"
none_subset,5,215535939,188697817,57,571,0,0,0,0,0,0,"[""172994991"", ""204720478"", ""213478012"", ""193303170"", ""210136489"", ""214160653"", ""175665700"", ""198700939"", ""179059502"", ""210440269""]"
none_subset,5,207266546,153385111,43,965,0,0,0,0,0,0,"[""89602786"", ""151379615"", ""185419010"", ""58433890"", ""182217673"", ""54226204"", ""172946257"", ""189490489"", ""113898093"", ""207851646""]"
none_subset,5,97952986,78148654,64,77,0,0,0,0,0,0,"[""129093190"", ""69248477"", ""184002672"", ""166289001"", ""166184401"", ""160603185"", ""152293696"", ""88397191"", ""178000493"", ""173246608""]"
none_subset,5,207322234,170790096,46,60,0,0,0,0,0,0,"[""127485588"", ""88088262"", ""139912235"", ""132867538"", ""167265746"", ""97623791"", ""183939554"", ""151511658"", ""78696152"", ""69153615""]"
none_subset,5,174006241,145006416,43,214,0,0,0,0,0,0,"[""204479993"", ""207051663"", ""149017403"", ""188380361"", ""137771001"", ""210207733"", ""156395019"", ""49872295"", ""177260407"", ""201104864""]"
none_subset,5,224882520,214818077,64,81,0,0,0,0,0,0,"[""208465437"", ""154324585"", ""193757766"", ""74256345"", ""136038725"", ""197079216"", ""168315905"", ""199512980"", ""86356781"", ""105854775""]"
none_subset,5,134515714,115022799,62,329,0,0,0,0,0,0,"[""27329790"", ""97218462"", ""210017823"", ""199438610"", ""191802528"", ""140609707"", ""47074430"", ""101101788"", ""147431302"", ""152017732""]"
none_subset,5,219832830,202547061,46,220,0,0,0,0,0,0,"[""203534611"", ""109531052"", ""33734504"", ""136320022"", ""211028341"", ""109632736"", ""49032725"", ""174610357"", ""210308295"", ""207227762""]"
none_subset,5,85335053,81210703,64,79,0,0,0,0,0,0,"[""107659439"", ""138800320"", ""60032340"", ""110133798"", ""122175441"", ""194094670"", ""193072604"", ""56995363"", ""149715107"", ""167740456""]"
none_subset,5,156462074,127285945,46,2019,0,0,0,0,0,0,"[""160982012"", ""213381319"", ""174623464"", ""213381316"", ""172608877"", ""172935649"", ""109663807"", ""141820768"", ""161497124"", ""198331219""]"
none_subset,5,57704442,78094109,46,13,0,0,0,0,1,1,"[""12880586"", ""102529512"", ""211380085"", ""151511658"", ""208035235"", ""140412713"", ""150142821"", ""180187517"", ""8742737"", ""78570599""]"
none_subset,5,81096600,78134637,46,244,0,0,0,0,0,0,"[""172035206"", ""192805958"", ""160764333"", ""111095231"", ""132184095"", ""103017168"", ""120930310"", ""28575466"", ""167116086"", ""103963518""]"
none_subset,5,212560078,154255624,64,229,0,0,0,0,0,0,"[""214583586"", ""141327265"", ""167740456"", ""190043031"", ""194094670"", ""154682545"", ""138800320"", ""149715107"", ""173246608"", ""194941994""]"
none_subset,5,205868899,179041576,43,71,0,0,0,0,0,0,"[""199927468"", ""170651164"", ""164461764"", ""204264183"", ""52880574"", ""206094210"", ""53878026"", ""205915561"", ""139961406"", ""190834097""]"
none_subset,5,200338966,172991246,57,23,0,0,0,0,1,1,"[""197765268"", ""209644299"", ""203157936"", ""172059758"", ""170405944"", ""160479206"", ""100944857"", ""207816334"", ""178238495"", ""201469289""]"
none_subset,5,207494992,182640683,37,152,0,0,0,0,0,0,"[""187324915"", ""191911000"", ""190568516"", ""210502009"", ""183094359"", ""201649016"", ""194408004"", ""121097766"", ""204860223"", ""164351701""]"
none_subset,5,221740966,187123822,43,428,0,0,0,0,0,0,"[""181167814"", ""127635452"", ""95511047"", ""130448492"", ""86505092"", ""178871976"", ""120630424"", ""171833857"", ""152014829"", ""100178944""]"
none_subset,5,211281613,188742491,57,1231,0,0,0,0,0,0,"[""74683146"", ""204458986"", ""177271992"", ""190479114"", ""201836899"", ""201469289"", ""87485702"", ""167463798"", ""200848821"", ""213137381""]"
none_subset,5,61811502,62437632,43,606,0,0,0,0,0,0,"[""153591399"", ""144463129"", ""182081124"", ""79517399"", ""126851290"", ""214969346"", ""167043645"", ""63099395"", ""143371562"", ""114124021""]"
none_subset,5,215391887,144646883,64,88,0,0,0,0,0,0,"[""105144259"", ""168633758"", ""146228800"", ""82453175"", ""70627695"", ""72527056"", ""113850105"", ""67792301"", ""190954873"", ""48108527""]"
none_subset,5,216666833,189845371,64,3,0,1,1,1,1,1,"[""156400594"", ""139013046"", ""189845371"", ""183047062"", ""146950533"", ""121756376"", ""72527056"", ""48108527"", ""209575498"", ""200016831""]"
none_subset,5,180386984,147179804,43,915,0,0,0,0,0,0,"[""90355123"", ""126534292"", ""49931795"", ""73201099"", ""163870073"", ""60838304"", ""102691911"", ""114124021"", ""67857747"", ""173862854""]"
none_subset,5,224586197,211540948,46,158,0,0,0,0,0,0,"[""192342929"", ""139649558"", ""193559506"", ""110900877"", ""143770600"", ""79146025"", ""16339902"", ""210128394"", ""158946684"", ""194811856""]"
none_subset,5,193221613,160400128,62,67,0,0,0,0,0,0,"[""24686208"", ""89506987"", ""200031809"", ""205246868"", ""119124932"", ""75068139"", ""65248700"", ""205216281"", ""64014717"", ""67295737""]"
none_subset,5,218597493,199853407,46,496,0,0,0,0,0,0,"[""150742725"", ""169602941"", ""138718760"", ""169220213"", ""180541695"", ""213401003"", ""109600456"", ""135639820"", ""172439219"", ""125568463""]"
none_subset,5,192820418,158459700,57,900,0,0,0,0,0,0,"[""77142525"", ""47987945"", ""36692830"", ""122144532"", ""205026087"", ""110170047"", ""65120912"", ""124415280"", ""64029908"", ""159845053""]"
none_subset,5,207407028,181818594,38,14,0,0,0,0,1,1,"[""174919483"", ""63839835"", ""175611574"", ""138345880"", ""156645031"", ""193563274"", ""205579072"", ""44353494"", ""171909035"", ""188178632""]"
none_subset,5,222261688,207080740,64,444,0,0,0,0,0,0,"[""206429682"", ""130875563"", ""202596735"", ""203597416"", ""184451848"", ""102637389"", ""204435589"", ""208135267"", ""201270567"", ""111684525""]"
none_subset,5,207680631,171694803,46,194,0,0,0,0,0,0,"[""67021528"", ""201966464"", ""198454182"", ""191705183"", ""99309357"", ""80195905"", ""66211329"", ""140110070"", ""149547737"", ""152102459""]"
none_subset,5,222664932,150981082,38,2,0,1,1,1,1,1,"[""174166201"", ""150981082"", ""32621000"", ""42815985"", ""202371962"", ""173145926"", ""19105395"", ""124833656"", ""212214719"", ""205527700""]"
none_subset,5,222564180,211116849,46,114,0,0,0,0,0,0,"[""213482572"", ""203915067"", ""202822668"", ""169495520"", ""189088897"", ""208715579"", ""177381146"", ""167644413"", ""212264182"", ""186568176""]"
none_subset,5,167728890,142870223,38,667,0,0,0,0,0,0,"[""135619578"", ""143663688"", ""196915199"", ""146311494"", ""116922022"", ""202541337"", ""133939663"", ""202803035"", ""115002276"", ""159174919""]"
none_subset,5,191614526,163637661,38,384,0,0,0,0,0,0,"[""19375583"", ""192721742"", ""8550716"", ""120726041"", ""61517646"", ""186767110"", ""193466853"", ""25706087"", ""81220432"", ""98526198""]"
none_subset,5,140595161,120915200,4,24,0,0,0,0,1,1,"[""64947466"", ""119765502"", ""42368928"", ""200344150"", ""192473388"", ""117574602"", ""195213429"", ""127675074"", ""179874926"", ""104293117""]"
none_subset,5,193442459,159536710,46,91,0,0,0,0,0,0,"[""201332278"", ""174837469"", ""184646371"", ""127947793"", ""191200569"", ""209744189"", ""193074174"", ""190230714"", ""151817180"", ""197415730""]"
none_subset,5,186435148,154474714,4,1279,0,0,0,0,0,0,"[""198070526"", ""12396291"", ""165904972"", ""98076075"", ""9247440"", ""191209763"", ""183670529"", ""187219867"", ""201765058"", ""64185045""]"
none_subset,5,153151974,75168847,4,2130,0,0,0,0,0,0,"[""53886144"", ""105605834"", ""83596697"", ""204648246"", ""66199264"", ""112972489"", ""47719129"", ""53541477"", ""159924734"", ""93517902""]"
none_subset,5,174531745,134215872,38,78,0,0,0,0,0,0,"[""158574234"", ""193744229"", ""200412630"", ""210599483"", ""152236293"", ""202202801"", ""151483185"", ""202112251"", ""195462936"", ""124441124""]"
none_subset,5,199818563,171636556,46,1,1,1,1,1,1,1,"[""171636556"", ""201436985"", ""194733454"", ""209482743"", ""208719036"", ""166724206"", ""210856802"", ""205208810"", ""186976692"", ""136504584""]"
none_subset,5,198139928,139818390,57,1,1,1,1,1,1,1,"[""139818390"", ""109907857"", ""79527310"", ""195366615"", ""136288842"", ""214819488"", ""176848473"", ""137023973"", ""157848271"", ""82721637""]"
none_subset,5,59207602,63368910,37,2,0,1,1,1,1,1,"[""132864050"", ""63368910"", ""184071121"", ""138066138"", ""157139216"", ""127620302"", ""84416822"", ""185337709"", ""163424021"", ""156440997""]"
none_subset,5,222353403,210780225,46,39,0,0,0,0,0,1,"[""144667678"", ""158778091"", ""180749212"", ""212384469"", ""110716703"", ""214351472"", ""179347666"", ""174623464"", ""188865413"", ""129240074""]"
none_subset,5,121364748,105106630,46,1365,0,0,0,0,0,0,"[""32186937"", ""170556855"", ""129879441"", ""200715240"", ""132184095"", ""35549011"", ""191705183"", ""67021528"", ""83729071"", ""53777853""]"
none_subset,5,178792118,147113232,37,522,0,0,0,0,0,0,"[""106707591"", ""81340320"", ""121841349"", ""117410846"", ""92247640"", ""147954913"", ""103731169"", ""144129822"", ""114171070"", ""192142184""]"
none_subset,5,212300309,192179303,64,18,0,0,0,0,1,1,"[""200505701"", ""199310873"", ""129288036"", ""192779268"", ""200027492"", ""192611577"", ""160675869"", ""8645666"", ""210055173"", ""142562860""]"
none_subset,5,62125622,54115082,38,348,0,0,0,0,0,0,"[""207664747"", ""180023471"", ""92430066"", ""149382787"", ""117484063"", ""201030455"", ""113999751"", ""179244626"", ""202182110"", ""55870666""]"
none_subset,5,194649630,162792725,4,137,0,0,0,0,0,0,"[""104680991"", ""198430694"", ""171026892"", ""132213065"", ""166325083"", ""199082024"", ""204918407"", ""100677349"", ""136900812"", ""17386300""]"
none_subset,5,195219984,168099979,4,117,0,0,0,0,0,0,"[""191316160"", ""210484477"", ""202571906"", ""200030726"", ""180843726"", ""196026500"", ""190574356"", ""183764775"", ""194160187"", ""188468393""]"
none_subset,5,185154036,157383240,4,475,0,0,0,0,0,0,"[""200589462"", ""200344150"", ""151451581"", ""104293117"", ""117574602"", ""146861531"", ""186079283"", ""146649572"", ""183433217"", ""189401835""]"
none_subset,5,212343018,191348108,62,253,0,0,0,0,0,0,"[""176890524"", ""207100364"", ""187005682"", ""162672578"", ""138113883"", ""203377602"", ""83719006"", ""97684562"", ""74279773"", ""156283424""]"
none_subset,5,190726056,153568815,37,105,0,0,0,0,0,0,"[""212047029"", ""204992307"", ""162095481"", ""195045046"", ""126929630"", ""211318715"", ""102741176"", ""187812442"", ""186174097"", ""183923787""]"
none_subset,5,193507395,159604649,4,881,0,0,0,0,0,0,"[""189645323"", ""146180479"", ""143852845"", ""146649572"", ""154203183"", ""190067899"", ""120540825"", ""181699642"", ""203048719"", ""152542463""]"
none_subset,5,139775877,123347277,62,424,0,0,0,0,0,0,"[""91322924"", ""137665706"", ""155721266"", ""46137767"", ""123687816"", ""7032258"", ""20863003"", ""108092106"", ""96606456"", ""137201594""]"
none_subset,5,165803909,134312075,64,3,0,1,1,1,1,1,"[""200974603"", ""209576150"", ""134312075"", ""162587856"", ""211309611"", ""169353292"", ""56593545"", ""37161164"", ""204435589"", ""204156522""]"
none_subset,5,213336123,41040635,38,55,0,0,0,0,0,0,"[""173793300"", ""209803175"", ""209330718"", ""52533378"", ""193949384"", ""128022775"", ""113456040"", ""51821730"", ""147729896"", ""145798245""]"
none_subset,5,223712641,213066001,62,57,0,0,0,0,0,0,"[""200033285"", ""150919912"", ""125264671"", ""206664307"", ""141693897"", ""162429356"", ""206841068"", ""204577887"", ""75037502"", ""129116887""]"
none_subset,5,188203614,160523276,46,692,0,0,0,0,0,0,"[""113000796"", ""191805410"", ""151511658"", ""138620481"", ""150142821"", ""148352358"", ""164019674"", ""152102459"", ""191792029"", ""122229490""]"
none_subset,5,76691753,32855805,38,992,0,0,0,0,0,0,"[""132567182"", ""14434511"", ""149166152"", ""173813492"", ""115694557"", ""102676974"", ""195301933"", ""85120764"", ""107054492"", ""100946794""]"
none_subset,5,211609963,188607246,46,1493,0,0,0,0,0,0,"[""204627117"", ""204980714"", ""191200569"", ""138830136"", ""174837469"", ""165583283"", ""204650950"", ""201332278"", ""193128703"", ""203425433""]"
none_subset,5,193188423,160175255,4,130,0,0,0,0,0,0,"[""160037231"", ""112871050"", ""153876637"", ""199780246"", ""183829332"", ""115442302"", ""156471159"", ""93467050"", ""154031903"", ""24739010""]"
none_subset,5,72670371,74242439,62,3,0,1,1,1,1,1,"[""127682307"", ""27329790"", ""74242439"", ""73570160"", ""162263431"", ""125173216"", ""114607053"", ""86295030"", ""144080444"", ""77177472""]"
none_subset,5,220435553,195648794,4,952,0,0,0,0,0,0,"[""191889856"", ""164310767"", ""196534986"", ""207126826"", ""160192032"", ""139849759"", ""142657666"", ""166929709"", ""166819061"", ""181288745""]"
none_subset,5,62630161,9583876,43,7,0,0,0,1,1,1,"[""127254122"", ""140343241"", ""128872941"", ""126702260"", ""202025930"", ""120597166"", ""9583876"", ""137780242"", ""76296759"", ""209546973""]"
none_subset,5,225161170,215382114,43,803,0,0,0,0,0,0,"[""184091403"", ""206283952"", ""143795279"", ""168830681"", ""210822887"", ""202039069"", ""202227389"", ""142700536"", ""190234147"", ""165285962""]"
none_subset,5,219010785,204190139,43,618,0,0,0,0,0,0,"[""182445092"", ""211582481"", ""201213450"", ""188378226"", ""196286515"", ""182399428"", ""187215484"", ""185108178"", ""156536547"", ""210822887""]"
none_subset,5,195665997,162780539,57,748,0,0,0,0,0,0,"[""198636169"", ""214202331"", ""142105203"", ""149224940"", ""172859305"", ""191268930"", ""214584465"", ""85291605"", ""208914800"", ""86556462""]"
none_subset,5,185700837,152440410,62,512,0,0,0,0,0,0,"[""144733620"", ""16086259"", ""156564557"", ""162634986"", ""68675469"", ""94106347"", ""84086538"", ""159960911"", ""127131549"", ""127953008""]"
none_subset,5,224932348,213559285,46,43,0,0,0,0,0,1,"[""184646371"", ""171227152"", ""209744189"", ""171227160"", ""191200569"", ""174837469"", ""193074174"", ""201332278"", ""197415730"", ""212530716""]"
none_subset,5,214185922,192910467,43,158,0,0,0,0,0,0,"[""208345597"", ""167068838"", ""207752417"", ""188380361"", ""210273616"", ""98638580"", ""183640029"", ""85646132"", ""207051663"", ""204479993""]"
none_subset,5,221111393,208458622,46,205,0,0,0,0,0,0,"[""178405632"", ""167644413"", ""213482572"", ""202771850"", ""172966334"", ""211131554"", ""213805109"", ""179570882"", ""169222678"", ""201829283""]"
none_subset,5,211684073,171142795,57,1506,0,0,0,0,0,0,"[""180302528"", ""180448567"", ""97187105"", ""126756828"", ""184945351"", ""179158182"", ""189411035"", ""202358315"", ""210969230"", ""148395645""]"
none_subset,5,153181442,132560295,4,1323,0,0,0,0,0,0,"[""146961197"", ""213979278"", ""88119764"", ""152685161"", ""195895955"", ""72626014"", ""65093674"", ""99472535"", ""139342323"", ""22766945""]"
none_subset,5,203591953,114525243,62,11,0,0,0,0,1,1,"[""78092395"", ""133902877"", ""20131116"", ""51323167"", ""118285946"", ""164296058"", ""203401813"", ""183357497"", ""96438960"", ""147395049""]"
none_subset,5,63370365,69511407,4,173,0,0,0,0,0,0,"[""155062344"", ""145303232"", ""144373105"", ""207177061"", ""125616982"", ""145698626"", ""179525824"", ""206841622"", ""159049760"", ""196676247""]"
none_subset,5,181332952,140664088,4,728,0,0,0,0,0,0,"[""120663751"", ""149095048"", ""172890535"", ""144373105"", ""114164900"", ""23408401"", ""150679730"", ""170267536"", ""16847694"", ""184587206""]"
none_subset,5,206157282,181822257,46,1007,0,0,0,0,0,0,"[""212380449"", ""172966334"", ""215506263"", ""146467155"", ""212905783"", ""181269509"", ""178405632"", ""169081503"", ""206673825"", ""167644413""]"
none_subset,5,181959599,144304634,43,200,0,0,0,0,0,0,"[""197580291"", ""192287850"", ""188409353"", ""196197826"", ""211884232"", ""119445851"", ""132707717"", ""194502581"", ""191134281"", ""155161450""]"
none_subset,5,51781247,25706087,38,28,0,0,0,0,1,1,"[""95323314"", ""174530040"", ""179286930"", ""179876069"", ""120618466"", ""68304286"", ""150396233"", ""132266859"", ""113456040"", ""66259210""]"
none_subset,5,223264828,202263291,4,77,0,0,0,0,0,0,"[""206800954"", ""64487189"", ""165105661"", ""93517902"", ""78628063"", ""171902128"", ""36482821"", ""112972489"", ""69840720"", ""13566772""]"
none_subset,5,192749905,162391057,37,1090,0,0,0,0,0,0,"[""160430913"", ""103731169"", ""154316487"", ""166280219"", ""143805569"", ""152102790"", ""65584321"", ""126929630"", ""109845272"", ""153052400""]"
none_subset,5,208244305,184923239,37,65,0,0,0,0,0,0,"[""213416559"", ""186828726"", ""211802210"", ""183693328"", ""192617496"", ""208141913"", ""182640683"", ""187543270"", ""213318077"", ""186828113""]"
none_subset,5,224877266,58199619,38,5,0,0,1,1,1,1,"[""163646287"", ""55877012"", ""191873092"", ""198468875"", ""58199619"", ""92748634"", ""205623617"", ""34102224"", ""174456119"", ""213020081""]"
none_subset,5,220471236,187760067,57,20,0,0,0,0,1,1,"[""200031767"", ""205792958"", ""190887402"", ""166538115"", ""205491700"", ""211065639"", ""211339479"", ""117433607"", ""188906002"", ""144927109""]"
none_subset,5,224941317,203188239,64,337,0,0,0,0,0,0,"[""22329772"", ""98960696"", ""156476311"", ""81240114"", ""116423938"", ""142231631"", ""169338112"", ""191710817"", ""146479418"", ""160087743""]"
none_subset,5,209775944,169808391,62,204,0,0,0,0,0,0,"[""186169702"", ""69002225"", ""73356588"", ""91170827"", ""165226777"", ""145496839"", ""213770244"", ""158203951"", ""191677362"", ""24867932""]"
none_subset,5,213024345,193298115,37,1325,0,0,0,0,0,0,"[""191538851"", ""209349722"", ""187719393"", ""131961169"", ""191911000"", ""196469804"", ""202782009"", ""194408004"", ""100843460"", ""199200887""]"
none_subset,5,213524880,181268534,37,60,0,0,0,0,0,0,"[""191690674"", ""168712812"", ""184518066"", ""145696871"", ""161632409"", ""100819191"", ""198257576"", ""145396971"", ""66740441"", ""171185133""]"
none_subset,5,224002618,161766916,4,5,0,0,1,1,1,1,"[""207935824"", ""180266107"", ""105605834"", ""144811459"", ""161766916"", ""53541477"", ""177486457"", ""165897952"", ""200384605"", ""73118528""]"
none_subset,5,213966596,193487215,62,1137,0,0,0,0,0,0,"[""192577715"", ""76665110"", ""113547578"", ""151308081"", ""148763473"", ""129898062"", ""168493354"", ""207078341"", ""156885677"", ""91550082""]"
none_subset,5,60521530,65802140,37,289,0,0,0,0,0,0,"[""93714502"", ""152140191"", ""140336042"", ""158117230"", ""65584321"", ""81340320"", ""79730026"", ""125097939"", ""152508279"", ""126929630""]"
none_subset,5,224989367,215160595,64,805,0,0,0,0,0,0,"[""197648445"", ""180020484"", ""167161374"", ""112111649"", ""196219732"", ""55065555"", ""207475739"", ""107659439"", ""210009094"", ""53453982""]"
none_subset,5,224935000,215080686,4,252,0,0,0,0,0,0,"[""200030726"", ""180843726"", ""182581077"", ""188468393"", ""196026500"", ""194160187"", ""210484477"", ""202571906"", ""191316160"", ""196161368""]"
none_subset,5,215554630,181874277,64,42,0,0,0,0,0,1,"[""81240114"", ""142231631"", ""22329772"", ""72224328"", ""132289907"", ""133623259"", ""144993665"", ""156476311"", ""193793367"", ""144399371""]"
none_subset,5,216889570,193584613,37,583,0,0,0,0,0,0,"[""183094359"", ""121097766"", ""123163900"", ""190866330"", ""207481345"", ""148515955"", ""210502009"", ""164351701"", ""214708320"", ""210053178""]"
none_subset,5,217976095,202632009,43,390,0,0,0,0,0,0,"[""201213450"", ""211582481"", ""191629352"", ""187215484"", ""165130009"", ""156536547"", ""136773099"", ""210822887"", ""192928288"", ""194022987""]"
none_subset,5,221119686,204683450,46,2,0,1,1,1,1,1,"[""208417546"", ""204683450"", ""201537422"", ""172953336"", ""207365064"", ""173624018"", ""49883118"", ""173824567"", ""203425433"", ""208457798""]"
none_subset,5,178976339,95069051,62,21,0,0,0,0,1,1,"[""104128337"", ""167352840"", ""124381580"", ""115226483"", ""117835777"", ""157472228"", ""183534059"", ""48004410"", ""193710073"", ""133870924""]"
none_subset,5,174296396,144706392,64,34,0,0,0,0,0,1,"[""210451384"", ""117946057"", ""66459509"", ""95477523"", ""211873793"", ""145311547"", ""65959521"", ""119491080"", ""95501095"", ""150385215""]"
none_subset,5,162732020,106887245,64,187,0,0,0,0,0,0,"[""213253358"", ""173447641"", ""206088529"", ""162587856"", ""206056992"", ""173334389"", ""213429313"", ""172914507"", ""56593545"", ""166109713""]"
none_subset,5,188292667,134824400,37,404,0,0,0,0,0,0,"[""58893791"", ""140907909"", ""158117230"", ""186543138"", ""66495486"", ""196428679"", ""119227333"", ""41705192"", ""100015328"", ""206126959""]"
none_subset,5,219629690,184405228,37,338,0,0,0,0,0,0,"[""159838604"", ""80627031"", ""149298273"", ""202857509"", ""143255745"", ""169592229"", ""181831601"", ""115477896"", ""205195417"", ""138625062""]"
none_subset,5,192642639,164264613,38,513,0,0,0,0,0,0,"[""209590588"", ""130737214"", ""169136130"", ""141272135"", ""196915199"", ""193591162"", ""182369007"", ""149732635"", ""194116496"", ""191703078""]"
none_subset,5,184601754,157101149,37,664,0,0,0,0,0,0,"[""136371572"", ""208575799"", ""116240817"", ""194958352"", ""21114364"", ""157806065"", ""87450438"", ""45171964"", ""154409188"", ""143865659""]"
none_subset,5,152478006,73836701,46,1501,0,0,0,0,0,0,"[""211854530"", ""209824689"", ""93926902"", ""171974189"", ""211774611"", ""152527976"", ""204245787"", ""197949897"", ""163538004"", ""179610678""]"
none_subset,5,221675799,209588885,43,61,0,0,0,0,0,0,"[""214348389"", ""184091403"", ""185851616"", ""201671217"", ""201905433"", ""198087076"", ""182399428"", ""166734753"", ""202626349"", ""210037205""]"
none_subset,5,151258498,129804983,37,263,0,0,0,0,0,0,"[""151028514"", ""81213674"", ""194193597"", ""107202977"", ""127822217"", ""191097659"", ""167619039"", ""205214483"", ""200441050"", ""201603265""]"
none_subset,5,171994800,140336042,37,249,0,0,0,0,0,0,"[""162977839"", ""170049514"", ""183923787"", ""212047029"", ""210358565"", ""200025016"", ""90201092"", ""159931625"", ""162095481"", ""144990749""]"
none_subset,5,76793789,79372963,38,64,0,0,0,0,0,0,"[""18107447"", ""148428740"", ""55870666"", ""74273124"", ""179244626"", ""38003672"", ""133136953"", ""165955684"", ""207100353"", ""37709032""]"
none_subset,5,218107163,201903468,62,161,0,0,0,0,0,0,"[""212412503"", ""191211417"", ""211070786"", ""197247155"", ""185606507"", ""208719189"", ""192447937"", ""196478095"", ""185851832"", ""121524691""]"
none_subset,5,193567991,138809171,46,69,0,0,0,0,0,0,"[""136576031"", ""200419946"", ""205283945"", ""98989836"", ""136611559"", ""131140565"", ""127693479"", ""53985095"", ""107187319"", ""134421881""]"
none_subset,5,60584347,64050779,43,828,0,0,0,0,0,0,"[""178850565"", ""191707492"", ""188690647"", ""101892709"", ""39281999"", ""142451013"", ""204158311"", ""115645977"", ""82639586"", ""145947056""]"
none_subset,5,139695886,103799422,38,752,0,0,0,0,0,0,"[""128022775"", ""192191594"", ""176971005"", ""197227848"", ""99798516"", ""149343290"", ""113326418"", ""129590481"", ""123816433"", ""124826718""]"
none_subset,5,224613468,214052031,62,1491,0,0,0,0,0,0,"[""212180917"", ""212090087"", ""205247044"", ""201460182"", ""146420142"", ""165955278"", ""197247155"", ""193404726"", ""187835589"", ""160871092""]"
none_subset,5,177997398,140588027,57,1593,0,0,0,0,0,0,"[""161557568"", ""36692830"", ""194409455"", ""60736435"", ""40488723"", ""110871984"", ""84818159"", ""199101101"", ""112580587"", ""107527374""]"
none_subset,5,153056005,125339147,57,223,0,0,0,0,0,0,"[""36692830"", ""40488723"", ""177164990"", ""107527374"", ""97162914"", ""64029908"", ""161557568"", ""194409455"", ""86791172"", ""211148392""]"
none_subset,5,211216484,189303936,64,346,0,0,0,0,0,0,"[""24351090"", ""196347311"", ""210332530"", ""201421429"", ""75760627"", ""90897593"", ""62313025"", ""120966979"", ""178690639"", ""66544309""]"
none_subset,5,39595977,43972733,37,164,0,0,0,0,0,0,"[""146818815"", ""157798849"", ""133924998"", ""186174097"", ""162200226"", ""146127372"", ""204992307"", ""167166017"", ""84948088"", ""188679659""]"
none_subset,5,117986185,104705407,4,752,0,0,0,0,0,0,"[""137001312"", ""155621693"", ""82704316"", ""119654700"", ""65093644"", ""50883863"", ""146027073"", ""201582207"", ""116662369"", ""112540745""]"
none_subset,5,138252107,119498324,62,660,0,0,0,0,0,0,"[""156119933"", ""120595575"", ""97684562"", ""134905481"", ""99563204"", ""76665110"", ""97195771"", ""75068139"", ""91550082"", ""156885677""]"
none_subset,5,223273152,212299208,62,150,0,0,0,0,0,0,"[""120889247"", ""168908390"", ""178908974"", ""209130399"", ""213519745"", ""125452747"", ""101444313"", ""74091865"", ""129583561"", ""131293364""]"
none_subset,5,114281259,95431648,38,717,0,0,0,0,0,0,"[""85421632"", ""119135437"", ""112540467"", ""78137458"", ""190453683"", ""106211361"", ""209895579"", ""81842837"", ""72340257"", ""27784922""]"
none_subset,5,193899357,165698022,43,1605,0,0,0,0,0,0,"[""184091403"", ""194288467"", ""145765627"", ""182896324"", ""160792622"", ""211096621"", ""185859497"", ""81237683"", ""165285962"", ""201905433""]"
none_subset,5,165710853,72951226,37,181,0,0,0,0,0,0,"[""128710800"", ""111516361"", ""172213324"", ""203276996"", ""93923480"", ""168926436"", ""52148907"", ""132678161"", ""84182599"", ""189469469""]"
none_subset,5,220600511,199866100,37,143,0,0,0,0,0,0,"[""168115320"", ""187324915"", ""154803527"", ""206636427"", ""183693328"", ""204860223"", ""152170362"", ""208935536"", ""194884803"", ""103731169""]"
none_subset,5,225300966,213218151,4,1369,0,0,0,0,0,0,"[""177849963"", ""205703795"", ""202167018"", ""133755220"", ""148281605"", ""176039610"", ""16847694"", ""12396291"", ""151518049"", ""142499231""]"
none_subset,5,104000026,92847015,43,134,0,0,0,0,0,0,"[""147179804"", ""204449585"", ""193992249"", ""201006052"", ""59245151"", ""185196782"", ""24058906"", ""178833613"", ""199136571"", ""182659741""]"
none_subset,5,182345427,126295732,64,950,0,0,0,0,0,0,"[""105652723"", ""179201033"", ""194094670"", ""177028452"", ""202708847"", ""164025251"", ""80281524"", ""170913900"", ""213739492"", ""148414231""]"
none_subset,5,162486343,128431328,38,355,0,0,0,0,0,0,"[""193575305"", ""204089441"", ""205873127"", ""138796357"", ""139391862"", ""186867042"", ""169283590"", ""183174003"", ""86568738"", ""83459172""]"
none_subset,5,224984291,213655844,46,1,1,1,1,1,1,1,"[""213655844"", ""78566379"", ""208224187"", ""167004489"", ""172512012"", ""205395255"", ""210836917"", ""208306039"", ""150754478"", ""144431749""]"
none_subset,5,84314437,78183845,46,450,0,0,0,0,0,0,"[""76396478"", ""168442343"", ""17698917"", ""168815908"", ""168612179"", ""201311355"", ""78390422"", ""141781507"", ""204563408"", ""106926227""]"
none_subset,5,218226410,199136571,43,100,0,0,0,0,0,0,"[""76736407"", ""95511047"", ""115216679"", ""212847147"", ""80700126"", ""101587771"", ""143371562"", ""79517399"", ""174826827"", ""144463129""]"
none_subset,5,49107204,49933218,46,817,0,0,0,0,0,0,"[""168458372"", ""197814070"", ""201469244"", ""151502148"", ""83762138"", ""204007426"", ""134014211"", ""126538280"", ""165830048"", ""195780279""]"
none_subset,5,214344335,163348531,37,128,0,0,0,0,0,0,"[""40661702"", ""143785487"", ""187812442"", ""167166017"", ""209045757"", ""140688222"", ""137567904"", ""186593902"", ""180666332"", ""203852406""]"
none_subset,5,31317843,23408401,4,155,0,0,0,0,0,0,"[""156469871"", ""197921332"", ""149095048"", ""144373105"", ""194446742"", ""172890535"", ""173055109"", ""160102626"", ""63004444"", ""145618143""]"
none_subset,5,224204162,212715570,37,16,0,0,0,0,1,1,"[""117685268"", ""172288418"", ""207956028"", ""211987844"", ""207035998"", ""192323302"", ""201572634"", ""200451540"", ""177124581"", ""145639775""]"
none_subset,5,189373853,130801453,4,288,0,0,0,0,0,0,"[""148023845"", ""78954752"", ""207122616"", ""114908572"", ""156440021"", ""75870943"", ""133033147"", ""147048275"", ""189959076"", ""66199264""]"
none_subset,5,222044678,167888045,62,193,0,0,0,0,0,0,"[""133228837"", ""128589400"", ""123145266"", ""212180917"", ""205216281"", ""203449670"", ""144402794"", ""110895997"", ""199182211"", ""163475721""]"
none_subset,5,208010109,163280205,38,79,0,0,0,0,0,0,"[""136949110"", ""130168090"", ""149755002"", ""204375245"", ""137269278"", ""158574234"", ""190160674"", ""204985593"", ""124441124"", ""67142038""]"
none_subset,5,205419462,160127507,37,434,0,0,0,0,0,0,"[""110765869"", ""197790830"", ""187356593"", ""165174023"", ""192255903"", ""172004450"", ""169198169"", ""172603509"", ""81340320"", ""191060958""]"
none_subset,5,97825776,70629467,38,334,0,0,0,0,0,0,"[""70118559"", ""85968650"", ""155589050"", ""118972114"", ""169820470"", ""53171694"", ""115023866"", ""135777951"", ""72092510"", ""13426070""]"
none_subset,5,222906631,193455135,62,1871,0,0,0,0,0,0,"[""190955120"", ""167732430"", ""192653562"", ""211901178"", ""154898137"", ""132102628"", ""158763261"", ""100032891"", ""143226394"", ""109143906""]"
none_subset,5,220459435,143226636,64,1138,0,0,0,0,0,0,"[""152518752"", ""35312252"", ""60124479"", ""49215114"", ""19492405"", ""63861102"", ""211987351"", ""202708847"", ""58475692"", ""26075068""]"
none_subset,5,51126117,37520314,43,1173,0,0,0,0,0,0,"[""125480188"", ""142451013"", ""90355123"", ""67857747"", ""178850565"", ""27781370"", ""115645977"", ""101892709"", ""104957798"", ""117626711""]"
none_subset,5,94523277,84248620,43,228,0,0,0,0,0,0,"[""105238183"", ""104957798"", ""184649249"", ""158541186"", ""170809412"", ""142451013"", ""211549610"", ""115215817"", ""127655947"", ""101892709""]"
none_subset,5,121083928,108934756,46,8,0,0,0,1,1,1,"[""205395255"", ""133461188"", ""209924661"", ""171636556"", ""164627162"", ""142436010"", ""110172598"", ""108934756"", ""210829117"", ""100881714""]"
none_subset,5,221352273,98882441,43,90,0,0,0,0,0,0,"[""126702260"", ""153840249"", ""205276629"", ""164097777"", ""74830022"", ""147179804"", ""114371520"", ""127254122"", ""128872941"", ""123511609""]"
none_subset,5,175473031,127669129,38,1365,0,0,0,0,0,0,"[""19105395"", ""174919483"", ""69722104"", ""188178632"", ""189745383"", ""181551206"", ""151407481"", ""171909035"", ""44353494"", ""191768974""]"
none_subset,5,116625385,103725802,62,168,0,0,0,0,0,0,"[""46446514"", ""134905481"", ""156119933"", ""97684562"", ""73563944"", ""99563204"", ""156442595"", ""156885677"", ""97195771"", ""120595575""]"
none_subset,5,223988089,213483179,4,29,0,0,0,0,1,1,"[""208780104"", ""197090565"", ""188468393"", ""196026500"", ""180843726"", ""210550451"", ""192952375"", ""194160187"", ""193323154"", ""191316160""]"
none_subset,5,219120638,204141781,4,15,0,0,0,0,1,1,"[""190503853"", ""179258061"", ""209670193"", ""139342323"", ""183642706"", ""201066421"", ""213127345"", ""215198902"", ""186739934"", ""193858344""]"
none_subset,5,215082446,203402486,37,49,0,0,0,0,0,1,"[""155900040"", ""148500212"", ""207110453"", ""104577943"", ""188912090"", ""183094359"", ""191259466"", ""173181064"", ""165689309"", ""204992307""]"
none_subset,5,196002134,161849215,38,175,0,0,0,0,0,0,"[""187725448"", ""126393314"", ""127669143"", ""174539147"", ""143671381"", ""99075342"", ""125679883"", ""190121356"", ""73914237"", ""137272079""]"
none_subset,5,208449521,185245568,57,86,0,0,0,0,0,0,"[""208983504"", ""204061426"", ""188457754"", ""208325814"", ""199425070"", ""193788647"", ""208504223"", ""212600538"", ""188072677"", ""147692335""]"
none_subset,5,183171638,145779083,64,64,0,0,0,0,0,0,"[""214583586"", ""188820923"", ""62550428"", ""179201033"", ""194094670"", ""138800320"", ""190043031"", ""207795709"", ""80053399"", ""204824313""]"
none_subset,5,220410698,197891724,43,128,0,0,0,0,0,0,"[""72463184"", ""67909736"", ""164251704"", ""168131196"", ""66709739"", ""178038096"", ""151563609"", ""66709745"", ""209546973"", ""71803254""]"
none_subset,5,221535047,179411117,64,201,0,0,0,0,0,0,"[""139261502"", ""174916841"", ""193793367"", ""87246800"", ""98469115"", ""126295674"", ""167172273"", ""122024341"", ""132289907"", ""181063353""]"
none_subset,5,216601243,200027492,64,108,0,0,0,0,0,0,"[""145311547"", ""206705882"", ""117946057"", ""192779268"", ""210451384"", ""149772224"", ""173661276"", ""58089957"", ""14286061"", ""78458855""]"
none_subset,5,220873388,199918988,37,562,0,0,0,0,0,0,"[""134610044"", ""211318715"", ""89454786"", ""187812442"", ""212263607"", ""102274756"", ""63579301"", ""165689309"", ""16898206"", ""204657562""]"
none_subset,5,217693454,177166442,43,29,0,0,0,0,1,1,"[""122714725"", ""178042138"", ""125552119"", ""206174678"", ""184833199"", ""139419678"", ""154791746"", ""129447713"", ""128038991"", ""205961338""]"
none_subset,5,173520109,99275075,43,140,0,0,0,0,0,0,"[""203477271"", ""194941770"", ""50828732"", ""215347381"", ""201971973"", ""77390218"", ""138812364"", ""168068475"", ""130951250"", ""208008027""]"
none_subset,5,212767210,189061237,64,364,0,0,0,0,0,0,"[""200027492"", ""200505701"", ""182199798"", ""142562860"", ""192611577"", ""210055173"", ""121322111"", ""211882934"", ""210741382"", ""194785114""]"
none_subset,5,91880497,88249240,64,85,0,0,0,0,0,0,"[""128085943"", ""137448907"", ""141913559"", ""139856523"", ""83890055"", ""2720880"", ""153035417"", ""179949768"", ""96320844"", ""70607335""]"
none_subset,5,153313707,122241592,37,68,0,0,0,0,0,0,"[""171803364"", ""156905299"", ""202157886"", ""118848444"", ""186464825"", ""105569391"", ""212356952"", ""202901471"", ""150316929"", ""171865167""]"
none_subset,5,207456721,126618856,43,87,0,0,0,0,0,0,"[""193746203"", ""208309750"", ""171112521"", ""192942930"", ""170651164"", ""197514276"", ""168783197"", ""208345597"", ""164527202"", ""143190396""]"
none_subset,5,161209672,138898252,4,2,0,1,1,1,1,1,"[""56795758"", ""138898252"", ""136384270"", ""172033376"", ""86385298"", ""167076720"", ""67745233"", ""178240932"", ""109743783"", ""169556971""]"
none_subset,5,187312138,148067653,37,239,0,0,0,0,0,0,"[""123259140"", ""87450438"", ""138020902"", ""115215869"", ""53410176"", ""105274553"", ""78200756"", ""40964362"", ""187043151"", ""120040052""]"
none_subset,5,54146503,56795758,4,316,0,0,0,0,0,0,"[""56134226"", ""201066421"", ""209670193"", ""77968334"", ""183642706"", ""139342323"", ""179258061"", ""65093674"", ""137934343"", ""155106827""]"
none_subset,5,210255972,188314835,62,97,0,0,0,0,0,0,"[""143843798"", ""148423515"", ""191614481"", ""129898062"", ""32728587"", ""194424066"", ""118658701"", ""10317873"", ""159454787"", ""195518176""]"
none_subset,5,207031014,150231110,57,233,0,0,0,0,0,0,"[""60736435"", ""174010829"", ""102413231"", ""149101691"", ""162420684"", ""205832430"", ""112580587"", ""135046482"", ""122181220"", ""193946761""]"
none_subset,5,199520065,173406416,57,210,0,0,0,0,0,0,"[""203157936"", ""210816632"", ""209644299"", ""213137381"", ""200848821"", ""173433055"", ""209741084"", ""215562071"", ""199205992"", ""209393238""]"
none_subset,5,215503911,187812442,37,1,1,1,1,1,1,1,"[""187812442"", ""119637829"", ""89454786"", ""164935921"", ""212047029"", ""180869206"", ""16898206"", ""186179843"", ""162977839"", ""195886526""]"
none_subset,5,216752174,12178696,57,498,0,0,0,0,0,0,"[""110053800"", ""158555938"", ""177626941"", ""208057478"", ""214125411"", ""207769496"", ""211844405"", ""172961532"", ""165637321"", ""206545534""]"
none_subset,5,196206050,103725130,62,896,0,0,0,0,0,0,"[""96821830"", ""172011253"", ""16086259"", ""164559013"", ""156564557"", ""146490896"", ""122174001"", ""126613779"", ""99734611"", ""211334137""]"
none_subset,5,195732783,167970913,62,10,0,0,0,1,1,1,"[""157926065"", ""206185867"", ""147492641"", ""203289300"", ""191519026"", ""110270218"", ""194068432"", ""204033047"", ""204130130"", ""167970913""]"
none_subset,5,219385996,204738388,64,37,0,0,0,0,0,1,"[""138800320"", ""194094670"", ""47134269"", ""149715107"", ""204824313"", ""80053399"", ""166184401"", ""214583586"", ""156194814"", ""179201033""]"
none_subset,5,164141610,140447135,4,51,0,0,0,0,0,0,"[""214085481"", ""215675334"", ""149710961"", ""143547772"", ""211663742"", ""214582809"", ""209174509"", ""207534566"", ""211901995"", ""210498460""]"
none_subset,5,207144471,179312045,43,706,0,0,0,0,0,0,"[""159960194"", ""75960684"", ""57750732"", ""153967986"", ""160598030"", ""100333045"", ""103646438"", ""156395019"", ""83075724"", ""120594115""]"
none_subset,5,218707519,194193597,37,2229,0,0,0,0,0,0,"[""204992307"", ""162977839"", ""212263607"", ""170049514"", ""162200226"", ""207110453"", ""134610044"", ""184920959"", ""210358565"", ""211318715""]"
none_subset,5,184643244,136188138,43,228,0,0,0,0,0,0,"[""185138279"", ""180180313"", ""103646438"", ""106164509"", ""137383220"", ""142550589"", ""57750732"", ""154676816"", ""103490970"", ""210207733""]"
none_subset,5,190676291,129735644,37,21,0,0,0,0,1,1,"[""149631379"", ""200025016"", ""212047029"", ""143805569"", ""193719358"", ""144990749"", ""162977839"", ""158103752"", ""201252808"", ""160098809""]"
none_subset,5,220483436,203171809,46,313,0,0,0,0,0,0,"[""128991595"", ""207544587"", ""213854328"", ""173486067"", ""141674136"", ""201604744"", ""166686446"", ""133168724"", ""193685035"", ""83202485""]"
none_subset,5,143144936,113922393,43,32,0,0,0,0,0,1,"[""118952445"", ""75960684"", ""76024222"", ""127571978"", ""124274684"", ""159116232"", ""196601703"", ""202388962"", ""205517780"", ""190843616""]"
none_subset,5,148639615,127456600,64,303,0,0,0,0,0,0,"[""107055611"", ""196347311"", ""67677743"", ""90897593"", ""24351090"", ""66544309"", ""63474547"", ""201421429"", ""212566497"", ""97354544""]"
none_subset,5,198739700,143853422,46,53,0,0,0,0,0,0,"[""207653794"", ""12880586"", ""170790096"", ""210626515"", ""192263637"", ""183939554"", ""137569131"", ""126613385"", ""143689220"", ""78696152""]"
none_subset,5,178363367,76515539,4,431,0,0,0,0,0,0,"[""200206633"", ""88119764"", ""145330172"", ""179804262"", ""151009561"", ""174770035"", ""116662369"", ""113622434"", ""121025812"", ""152685161""]"
none_subset,5,221497820,205217800,37,2659,0,0,0,0,0,0,"[""187324915"", ""202782009"", ""209349722"", ""201660893"", ""194408004"", ""186828113"", ""191911000"", ""173640245"", ""191257187"", ""207544886""]"
none_subset,5,212427235,192331154,4,1,1,1,1,1,1,1,"[""192331154"", ""192331065"", ""188468725"", ""183252412"", ""201357350"", ""189901460"", ""191910217"", ""202571906"", ""160129846"", ""193843184""]"
none_subset,5,225330143,209736185,37,62,0,0,0,0,0,0,"[""211804795"", ""207178377"", ""190569345"", ""209585249"", ""207958727"", ""208742868"", ""207481345"", ""203730564"", ""210478382"", ""212271042""]"
none_subset,5,149653684,129743423,46,627,0,0,0,0,0,0,"[""169220832"", ""207544587"", ""179691172"", ""213237291"", ""174478709"", ""173579264"", ""133168724"", ""165532220"", ""84730890"", ""207041275""]"
none_subset,5,222741617,189469136,62,1151,0,0,0,0,0,0,"[""211334137"", ""200271479"", ""145797588"", ""209171711"", ""124265654"", ""69165087"", ""79175068"", ""212881813"", ""174518568"", ""132102628""]"
none_subset,5,213530281,132708440,4,576,0,0,0,0,0,0,"[""146961197"", ""19130713"", ""174141513"", ""202002064"", ""123881493"", ""192757426"", ""198949108"", ""79486528"", ""154240"", ""53541477""]"
none_subset,5,221051112,158758245,46,400,0,0,0,0,0,0,"[""211677891"", ""213247950"", ""162792464"", ""200389859"", ""207061761"", ""201015003"", ""210780225"", ""179633525"", ""189088897"", ""31904013""]"
none_subset,5,191124002,152338035,64,450,0,0,0,0,0,0,"[""174916841"", ""179200790"", ""126295674"", ""41031023"", ""209149616"", ""177968315"", ""92304326"", ""93630964"", ""169151974"", ""156077786""]"
none_subset,5,131711339,111176115,38,1145,0,0,0,0,0,0,"[""165671081"", ""169647353"", ""173793300"", ""205645402"", ""117484080"", ""145998937"", ""186533660"", ""128022775"", ""187550813"", ""192191594""]"
none_subset,5,218053735,202872734,46,27,0,0,0,0,1,1,"[""133738518"", ""203915067"", ""158884723"", ""209140494"", ""167116086"", ""169855827"", ""178317980"", ""204759997"", ""207833370"", ""208062801""]"
none_subset,5,209953485,170224824,37,302,0,0,0,0,0,0,"[""142397694"", ""169510905"", ""149828994"", ""121834730"", ""209838939"", ""183268600"", ""143785487"", ""195642071"", ""208575799"", ""194568706""]"
none_subset,5,123145704,104800968,62,2189,0,0,0,0,0,0,"[""200006697"", ""167132027"", ""91322924"", ""46137767"", ""137201594"", ""187064730"", ""117006578"", ""203914697"", ""64181476"", ""85365150""]"
none_subset,5,220591624,189374146,43,243,0,0,0,0,0,0,"[""195224828"", ""185851616"", ""201671217"", ""212129667"", ""202227389"", ""198054092"", ""76057400"", ""210037205"", ""202626349"", ""198320674""]"
none_subset,5,207886052,180281437,57,894,0,0,0,0,0,0,"[""195530341"", ""193303170"", ""172994991"", ""210440269"", ""201814707"", ""209640231"", ""210193690"", ""211301569"", ""209144105"", ""180448563""]"
none_subset,5,146729202,126538280,46,218,0,0,0,0,0,0,"[""167967668"", ""207326970"", ""163911793"", ""111471139"", ""53547017"", ""211336503"", ""170881830"", ""168791195"", ""138788694"", ""141722116""]"
none_subset,5,182901850,152170362,37,331,0,0,0,0,0,0,"[""195296935"", ""206412545"", ""190075252"", ""184320957"", ""154409188"", ""142665464"", ""211094404"", ""188414894"", ""147435678"", ""187719393""]"
none_subset,5,85386587,79117002,64,672,0,0,0,0,0,0,"[""181671018"", ""174795582"", ""115621700"", ""152368817"", ""84225772"", ""115077619"", ""123694415"", ""133381234"", ""25459256"", ""191452316""]"
none_subset,5,220108881,173970730,64,2005,0,0,0,0,0,0,"[""173661276"", ""179647447"", ""193983183"", ""188286775"", ""76676235"", ""1923943"", ""14352417"", ""193984019"", ""67029925"", ""148743441""]"
none_subset,5,136231774,118321491,46,462,0,0,0,0,0,0,"[""143689220"", ""113055852"", ""115212834"", ""183939554"", ""102024389"", ""113869306"", ""79146025"", ""207653794"", ""137569131"", ""151511658""]"
none_subset,5,218076458,202391654,43,1246,0,0,0,0,0,0,"[""166734753"", ""190197325"", ""210822887"", ""182445092"", ""200173512"", ""183765224"", ""185108178"", ""182583580"", ""152989526"", ""189266294""]"
none_subset,5,151457040,131972279,38,519,0,0,0,0,0,0,"[""100690598"", ""200412630"", ""199402447"", ""210006056"", ""129430216"", ""194439327"", ""85388350"", ""137269278"", ""185863262"", ""136949110""]"
none_subset,5,94771580,90931027,4,63,0,0,0,0,0,0,"[""181915374"", ""16813724"", ""198808044"", ""9924656"", ""79387876"", ""165023261"", ""174141513"", ""214304902"", ""185362507"", ""154240""]"
none_subset,5,195834261,152715274,43,468,0,0,0,0,0,0,"[""207752417"", ""210273616"", ""177260407"", ""183515432"", ""45817946"", ""118364590"", ""176776603"", ""132315079"", ""203550060"", ""164527202""]"
none_subset,5,225335264,213936097,38,61,0,0,0,0,0,0,"[""133136953"", ""169019310"", ""68304286"", ""183569499"", ""150802146"", ""140138816"", ""174530040"", ""55870666"", ""179286930"", ""150792406""]"
none_subset,5,217442424,194999634,37,1744,0,0,0,0,0,0,"[""187324915"", ""197955172"", ""173640245"", ""206569261"", ""188877213"", ""133351365"", ""210502009"", ""206587185"", ""174101148"", ""142392955""]"
none_subset,5,170306265,132521306,62,1775,0,0,0,0,0,0,"[""57769259"", ""205247044"", ""209069810"", ""212535329"", ""192825178"", ""165955278"", ""207503734"", ""210452869"", ""146420142"", ""203690012""]"
none_subset,5,225100806,194420087,38,43,0,0,0,0,0,1,"[""149755002"", ""190160674"", ""123190192"", ""67142038"", ""102891416"", ""200521385"", ""176455982"", ""66205827"", ""150630196"", ""164470342""]"
none_subset,5,151560675,130163312,43,287,0,0,0,0,0,0,"[""147117418"", ""15648138"", ""122820009"", ""141417624"", ""57750732"", ""113199180"", ""88632490"", ""201690715"", ""158391463"", ""184038758""]"
none_subset,5,171987040,118260233,57,5,0,0,1,1,1,1,"[""190632146"", ""143684931"", ""163252829"", ""140041163"", ""118260233"", ""202770273"", ""204632527"", ""126962839"", ""142032570"", ""138365679""]"
none_subset,5,202153214,123069558,4,22,0,0,0,0,1,1,"[""132801199"", ""209043508"", ""73118528"", ""108342269"", ""160100876"", ""165619853"", ""163772112"", ""204124240"", ""12867445"", ""191183275""]"
none_subset,5,78072053,59483816,64,34,0,0,0,0,0,1,"[""122175441"", ""184002672"", ""116423938"", ""122024341"", ""166184401"", ""127512781"", ""194094670"", ""129093190"", ""149715107"", ""208915255""]"
none_subset,5,207493523,182899766,38,158,0,0,0,0,0,0,"[""205170862"", ""190110099"", ""203456374"", ""186449527"", ""206821652"", ""189303189"", ""189348629"", ""175183352"", ""201098742"", ""194478821""]"
none_subset,5,187751524,117977369,62,203,0,0,0,0,0,0,"[""192577715"", ""89506987"", ""65248700"", ""154677877"", ""67295737"", ""129898062"", ""195518176"", ""55234377"", ""165119271"", ""148749495""]"
none_subset,5,224353790,176867327,4,24,0,0,0,0,1,1,"[""149095048"", ""184087480"", ""164940716"", ""172890535"", ""120663751"", ""182263629"", ""23408401"", ""184587206"", ""198070526"", ""138975756""]"
none_subset,5,224963732,63150406,4,124,0,0,0,0,0,0,"[""22859510"", ""167351572"", ""141475879"", ""205446753"", ""175640583"", ""210469105"", ""166908180"", ""164194074"", ""135190327"", ""101609584""]"
none_subset,5,188363890,157022245,37,10,0,0,0,1,1,1,"[""146818815"", ""187812442"", ""103057199"", ""162200226"", ""204950315"", ""204992307"", ""157798849"", ""162095481"", ""186179843"", ""157022245""]"
none_subset,5,111391777,80592176,43,1140,0,0,0,0,0,0,"[""191701840"", ""160966785"", ""192317105"", ""147137741"", ""42219137"", ""163269973"", ""190801453"", ""59458719"", ""193435206"", ""196989595""]"
none_subset,5,185861316,157034330,43,2603,0,0,0,0,0,0,"[""211448533"", ""57735215"", ""59459024"", ""116962789"", ""100333045"", ""186549940"", ""160598030"", ""114685239"", ""197584084"", ""126702260""]"
none_subset,5,199220900,172517595,46,107,0,0,0,0,0,0,"[""211774611"", ""209824689"", ""93926902"", ""152527976"", ""153645570"", ""204245787"", ""172685140"", ""157599774"", ""168220730"", ""145094112""]"
none_subset,5,194601945,167254572,57,591,0,0,0,0,0,0,"[""85332654"", ""209502529"", ""126962839"", ""202770273"", ""204632527"", ""201622709"", ""78545033"", ""118260233"", ""140041163"", ""185584299""]"
none_subset,5,209766875,129198704,62,302,0,0,0,0,0,0,"[""139116865"", ""213830821"", ""206062280"", ""182166337"", ""104986019"", ""193871414"", ""87773993"", ""146833356"", ""202517117"", ""133699198""]"
none_subset,5,116160094,86336122,46,95,0,0,0,0,0,0,"[""12880586"", ""69153615"", ""97623791"", ""78696152"", ""167265746"", ""60967653"", ""211380085"", ""127485588"", ""214682235"", ""191805410""]"
none_subset,5,147717089,108862398,64,5,0,0,1,1,1,1,"[""200497374"", ""79117002"", ""96029631"", ""131569653"", ""108862398"", ""186146209"", ""21707133"", ""156694576"", ""179216205"", ""109320323""]"
none_subset,5,186626837,158545727,4,159,0,0,0,0,0,0,"[""177860593"", ""120205229"", ""145583009"", ""194291179"", ""150920816"", ""192786300"", ""192424356"", ""126894510"", ""184476437"", ""130299986""]"
none_subset,5,119314301,106027581,38,20,0,0,0,0,1,1,"[""76978137"", ""179876069"", ""188381964"", ""192721742"", ""136445502"", ""8550716"", ""194792335"", ""124508627"", ""98791025"", ""151108044""]"
none_subset,5,204757422,175989090,38,1686,0,0,0,0,0,0,"[""145712328"", ""172823627"", ""179558506"", ""172923145"", ""173478781"", ""172956265"", ""190716567"", ""180406128"", ""137696694"", ""127507638""]"
none_subset,5,219332289,205051314,38,67,0,0,0,0,0,0,"[""189738652"", ""149816343"", ""147242050"", ""123207683"", ""187069957"", ""64731721"", ""171705773"", ""145782832"", ""67086891"", ""68644542""]"
none_subset,5,186986097,133869230,62,1684,0,0,0,0,0,0,"[""91322924"", ""137201594"", ""155721266"", ""212881813"", ""137665706"", ""12752226"", ""60498626"", ""25909881"", ""182590419"", ""78945393""]"
none_subset,5,224030595,213046127,37,6,0,0,0,1,1,1,"[""210025924"", ""177838111"", ""190569345"", ""204161065"", ""206129800"", ""213046127"", ""192659231"", ""207178377"", ""203837820"", ""113746564""]"
none_subset,5,223060529,211190408,46,93,0,0,0,0,0,0,"[""214351472"", ""168398292"", ""213247950"", ""179347666"", ""188865413"", ""135710902"", ""212384469"", ""214519972"", ""129240074"", ""110716703""]"
none_subset,5,225333086,214293298,46,229,0,0,0,0,0,0,"[""177962710"", ""210448956"", ""204899704"", ""208458622"", ""176672668"", ""129461367"", ""168220750"", ""203415759"", ""105346807"", ""178405632""]"
none_subset,5,223202492,212168854,43,313,0,0,0,0,0,0,"[""176670642"", ""183029564"", ""161692106"", ""192784424"", ""193103331"", ""61372398"", ""64791460"", ""113199180"", ""26809470"", ""194378841""]"
none_subset,5,102160839,96260659,57,790,0,0,0,0,0,0,"[""14350598"", ""98712789"", ""46337629"", ""12228591"", ""115422067"", ""107808547"", ""207173802"", ""112749539"", ""157320930"", ""99531049""]"
none_subset,5,206290777,118125733,37,395,0,0,0,0,0,0,"[""150765445"", ""192913849"", ""195715759"", ""215287161"", ""192576617"", ""191027835"", ""191148698"", ""161133997"", ""150707511"", ""181590682""]"
none_subset,5,205775114,168366363,4,208,0,0,0,0,0,0,"[""141130959"", ""175423172"", ""207942600"", ""124893597"", ""193891234"", ""130299986"", ""125829483"", ""157939590"", ""143950194"", ""157103009""]"
none_subset,5,213047715,192139123,37,437,0,0,0,0,0,0,"[""207958727"", ""94672340"", ""196133478"", ""207481345"", ""151808122"", ""204610208"", ""149266469"", ""147947722"", ""210053178"", ""91173744""]"
none_subset,5,207498692,142735207,64,812,0,0,0,0,0,0,"[""167740456"", ""194941994"", ""129093190"", ""187887134"", ""153356810"", ""128217933"", ""119643934"", ""153330413"", ""113312339"", ""192392140""]"
none_subset,5,208946500,161751974,62,720,0,0,0,0,0,0,"[""67894406"", ""210678182"", ""106557292"", ""152815967"", ""136204771"", ""52848243"", ""123665712"", ""138120106"", ""98255078"", ""123678493""]"
none_subset,5,33617843,36111005,46,23,0,0,0,0,1,1,"[""208779185"", ""138953275"", ""131559721"", ""171696517"", ""127884786"", ""106159013"", ""172110796"", ""162796958"", ""129380311"", ""140075591""]"
none_subset,5,193642806,139649558,46,4,0,0,1,1,1,1,"[""196783083"", ""154894212"", ""81549989"", ""139649558"", ""127947793"", ""193874948"", ""156263625"", ""113999669"", ""193074174"", ""177591787""]"
none_subset,5,192026550,119096193,38,3,0,1,1,1,1,1,"[""204985593"", ""137269278"", ""119096193"", ""16689432"", ""137589971"", ""145151055"", ""150630196"", ""99026554"", ""207656146"", ""113288938""]"
none_subset,5,179279562,148395469,38,43,0,0,0,0,0,1,"[""120618466"", ""174530040"", ""147652742"", ""207664747"", ""150396233"", ""95323314"", ""28399802"", ""192793555"", ""160458687"", ""159864740""]"
none_subset,5,208649877,184547134,38,554,0,0,0,0,0,0,"[""133136953"", ""165955684"", ""74273124"", ""185682289"", ""207100353"", ""38003672"", ""179244626"", ""149732635"", ""181880655"", ""123821164""]"
none_subset,5,222409288,206947052,4,13,0,0,0,0,1,1,"[""209043508"", ""73118528"", ""154473913"", ""123069558"", ""185596367"", ""206276218"", ""165320417"", ""164258790"", ""45403148"", ""182893664""]"
none_subset,5,192463695,164467222,43,830,0,0,0,0,0,0,"[""203448395"", ""140307868"", ""181873878"", ""198320674"", ""102607626"", ""107331925"", ""188517916"", ""193992249"", ""181771791"", ""134461446""]"
none_subset,5,24131087,23370473,64,1266,0,0,0,0,0,0,"[""212566497"", ""196347311"", ""121260031"", ""90897593"", ""181619566"", ""67677743"", ""130509385"", ""146444401"", ""107055611"", ""124198714""]"
none_subset,5,219575931,204090999,57,1987,0,0,0,0,0,0,"[""121902729"", ""183993242"", ""165637321"", ""139164571"", ""107527374"", ""99228573"", ""143701254"", ""170453821"", ""172961532"", ""98039533""]"
none_subset,5,195871684,167314927,62,1935,0,0,0,0,0,0,"[""208335318"", ""61171420"", ""101066716"", ""156814814"", ""186943676"", ""143932676"", ""117006578"", ""123684467"", ""75068139"", ""150060889""]"
none_subset,5,196322778,76668217,64,23,0,0,0,0,1,1,"[""212429237"", ""153275921"", ""143662194"", ""174916841"", ""111495627"", ""193793367"", ""95788322"", ""98469115"", ""126295674"", ""95787846""]"
none_subset,5,216142657,191096738,4,56,0,0,0,0,0,0,"[""137001312"", ""93467050"", ""203048719"", ""200589143"", ""194142299"", ""156471159"", ""158175855"", ""189645323"", ""190574356"", ""201582207""]"
none_subset,5,82006848,78523755,64,51,0,0,0,0,0,0,"[""155708697"", ""75157723"", ""205920501"", ""155340912"", ""149540426"", ""99746700"", ""21707133"", ""133381234"", ""200859322"", ""83781866""]"
none_subset,5,217905927,201535486,43,1013,0,0,0,0,0,0,"[""208096405"", ""168131196"", ""197613208"", ""148264493"", ""209546973"", ""164251704"", ""142593193"", ""208864917"", ""102424723"", ""194761453""]"
none_subset,5,208390545,59625040,46,2135,0,0,0,0,0,0,"[""173365679"", ""168442343"", ""186078356"", ""168815908"", ""141781507"", ""145094112"", ""200555275"", ""157599774"", ""203062604"", ""204563408""]"
none_subset,5,179369744,73560534,38,1175,0,0,0,0,0,0,"[""97083478"", ""81220432"", ""132450430"", ""17545320"", ""98078621"", ""153777089"", ""151407481"", ""193563274"", ""49391991"", ""160779270""]"
none_subset,5,101140480,94325281,64,612,0,0,0,0,0,0,"[""82453175"", ""72527056"", ""31683521"", ""146228800"", ""185451532"", ""67792301"", ""202708847"", ""155183786"", ""70627695"", ""48108527""]"
none_subset,5,89674009,81691027,38,26,0,0,0,0,1,1,"[""70118559"", ""169820470"", ""85968650"", ""53171694"", ""158536496"", ""186792205"", ""78137458"", ""85218964"", ""199347203"", ""199035650""]"
none_subset,5,142761922,125568463,46,1216,0,0,0,0,0,0,"[""12880586"", ""200978060"", ""60967653"", ""150142821"", ""197086187"", ""134647287"", ""108154891"", ""79166546"", ""179400355"", ""78570599""]"
none_subset,5,33678576,15001776,64,508,0,0,0,0,0,0,"[""121260031"", ""90897593"", ""196347311"", ""181619566"", ""107055611"", ""67677743"", ""24351090"", ""212566497"", ""146444401"", ""66544309""]"
none_subset,5,179476917,141606114,4,280,0,0,0,0,0,0,"[""200963858"", ""93696567"", ""202362364"", ""122564854"", ""149759096"", ""148281605"", ""12396291"", ""140998592"", ""202167018"", ""149095048""]"
none_subset,5,223946239,213414254,4,187,0,0,0,0,0,0,"[""172642210"", ""194722275"", ""188605425"", ""180843726"", ""140286179"", ""178104667"", ""185851022"", ""189899644"", ""187535990"", ""183858161""]"
none_subset,5,174118254,143065905,37,2,0,1,1,1,1,1,"[""140618489"", ""143065905"", ""203829614"", ""192227530"", ""142113211"", ""174850296"", ""99469380"", ""173621712"", ""184357547"", ""142508806""]"
none_subset,5,183117973,115290940,37,941,0,0,0,0,0,0,"[""17206468"", ""158117230"", ""186429778"", ""190113798"", ""125097939"", ""157628611"", ""25189123"", ""88534873"", ""173227324"", ""211863626""]"
none_subset,5,175413260,130737214,38,777,0,0,0,0,0,0,"[""187319038"", ""135619578"", ""148419997"", ""139423294"", ""140979774"", ""96535503"", ""184191073"", ""98477697"", ""90770777"", ""147380841""]"
none_subset,5,209482859,181736422,38,77,0,0,0,0,0,0,"[""179286930"", ""149343290"", ""182237895"", ""204637407"", ""192992682"", ""153387624"", ""136204876"", ""148395469"", ""126012999"", ""150396233""]"
none_subset,5,221003754,206800954,4,2005,0,0,0,0,0,0,"[""73943138"", ""90418481"", ""146628629"", ""207968393"", ""187230625"", ""177949545"", ""204007557"", ""189945818"", ""191043947"", ""201178798""]"
none_subset,5,118883001,105063982,57,320,0,0,0,0,0,0,"[""191268930"", ""198636169"", ""214202331"", ""212788032"", ""210683531"", ""135872349"", ""100944857"", ""210204860"", ""206792330"", ""196654350""]"
none_subset,5,218366315,140803712,46,974,0,0,0,0,0,0,"[""176659851"", ""178975230"", ""111077753"", ""69153615"", ""206579192"", ""201024429"", ""78696152"", ""197573130"", ""184407267"", ""97623791""]"
none_subset,5,209894344,167892996,57,576,0,0,0,0,0,0,"[""52718700"", ""180302528"", ""157320930"", ""150670825"", ""97187105"", ""82247874"", ""176688451"", ""188514510"", ""83390455"", ""175953709""]"
none_subset,5,207061491,168928025,62,1069,0,0,0,0,0,0,"[""152815967"", ""138120106"", ""56305255"", ""189107795"", ""151308081"", ""201321273"", ""190418447"", ""39970613"", ""170213166"", ""98255078""]"
none_subset,5,201593798,161790106,43,88,0,0,0,0,0,0,"[""5568612"", ""162612749"", ""137882861"", ""194941770"", ""103982740"", ""201971973"", ""210744893"", ""172004209"", ""188561727"", ""208158106""]"
none_subset,5,225306237,215138112,64,71,0,0,0,0,0,0,"[""211889722"", ""207726882"", ""196368507"", ""192179303"", ""175191129"", ""196287148"", ""198999126"", ""214403909"", ""208214699"", ""198240527""]"
none_subset,5,143777051,114526627,62,944,0,0,0,0,0,0,"[""187198512"", ""211901178"", ""154898137"", ""205608634"", ""179155211"", ""205254156"", ""66613547"", ""136598057"", ""61344621"", ""61171420""]"
none_subset,5,217014070,150945016,37,1122,0,0,0,0,0,0,"[""45171964"", ""186986472"", ""70310902"", ""187043151"", ""118291817"", ""153720008"", ""94966858"", ""75561865"", ""147435678"", ""143825144""]"
none_subset,5,180094400,149056162,37,379,0,0,0,0,0,0,"[""213471023"", ""137062195"", ""92247640"", ""142136896"", ""53389573"", ""185266696"", ""209118001"", ""144129822"", ""196169860"", ""203977100""]"
none_subset,5,207560852,183472917,62,91,0,0,0,0,0,0,"[""141693897"", ""214078993"", ""178376577"", ""192772205"", ""162429356"", ""211737562"", ""206841068"", ""129116887"", ""200033285"", ""180448591""]"
none_subset,5,184775118,154364197,64,1384,0,0,0,0,0,0,"[""101169098"", ""146444401"", ""108538492"", ""121260031"", ""101323481"", ""194941994"", ""145311547"", ""174387123"", ""181063353"", ""26424932""]"
none_subset,5,223690184,207948213,38,1,1,1,1,1,1,1,"[""207948213"", ""125546461"", ""173172008"", ""172823627"", ""127507638"", ""172773467"", ""101680764"", ""205529136"", ""146723193"", ""126409844""]"
none_subset,5,214828736,195583647,37,1410,0,0,0,0,0,0,"[""190569345"", ""210307849"", ""207178377"", ""203730564"", ""212271042"", ""210025924"", ""209585249"", ""210478382"", ""212621102"", ""207605603""]"
none_subset,5,191627223,164099332,62,1561,0,0,0,0,0,0,"[""101066716"", ""150060889"", ""178964015"", ""187005682"", ""187207232"", ""117006578"", ""156503039"", ""45997741"", ""160871092"", ""166108651""]"
none_subset,5,197554152,170263816,62,378,0,0,0,0,0,0,"[""162263431"", ""113866351"", ""46137767"", ""96606456"", ""156487231"", ""117006578"", ""187207232"", ""69690877"", ""45013331"", ""72763415""]"
none_subset,5,166510036,138606216,38,41,0,0,0,0,0,1,"[""192654285"", ""46729593"", ""143671272"", ""206067851"", ""160111603"", ""104770507"", ""143848258"", ""168951957"", ""157035510"", ""203371728""]"
none_subset,5,224499261,212715570,37,2,0,1,1,1,1,1,"[""210562159"", ""212715570"", ""205773422"", ""117685268"", ""108027894"", ""173981806"", ""211519251"", ""172288418"", ""187331697"", ""206523566""]"
none_subset,5,201827405,165105661,4,119,0,0,0,0,0,0,"[""44858664"", ""165897952"", ""112972489"", ""167074809"", ""189229576"", ""123881493"", ""113779353"", ""189902060"", ""202002064"", ""156469871""]"
none_subset,5,216775171,200451540,37,4,0,0,1,1,1,1,"[""177427251"", ""212715570"", ""172288418"", ""200451540"", ""205430382"", ""207430484"", ""177427231"", ""210467440"", ""108027894"", ""148596814""]"
none_subset,5,210702617,185394378,46,47,0,0,0,0,0,1,"[""78390422"", ""210468796"", ""76396478"", ""168442343"", ""106926227"", ""203778148"", ""173138479"", ""162020306"", ""184502757"", ""201311355""]"
none_subset,5,187312110,156634898,37,734,0,0,0,0,0,0,"[""204992307"", ""133924998"", ""152102790"", ""66708197"", ""162200226"", ""176608529"", ""146818815"", ""208576745"", ""151343274"", ""145706391""]"
none_subset,5,199742206,157864488,46,320,0,0,0,0,0,0,"[""177591787"", ""172518234"", ""105106630"", ""143770600"", ""155017018"", ""165756140"", ""197454401"", ""158054071"", ""196643554"", ""110268464""]"
none_subset,5,196365631,167676599,57,832,0,0,0,0,0,0,"[""177961852"", ""149204965"", ""203136628"", ""210344942"", ""190891048"", ""165715933"", ""187976468"", ""183675650"", ""75778769"", ""88411977""]"
none_subset,5,181812252,156940916,37,5,0,0,1,1,1,1,"[""134990529"", ""156943771"", ""214979365"", ""147751334"", ""156940916"", ""204151797"", ""190113798"", ""137307693"", ""186429778"", ""204882158""]"
none_subset,5,218337644,143874999,37,25,0,0,0,0,1,1,"[""168021556"", ""131057179"", ""79677704"", ""53074039"", ""192913849"", ""164055285"", ""212293518"", ""173524493"", ""191027835"", ""192576617""]"
none_subset,5,144726662,190355590,62,2053,0,0,0,0,0,0,"[""48004410"", ""117835777"", ""207100364"", ""104128337"", ""187005682"", ""189107795"", ""153978341"", ""76790091"", ""147831197"", ""190186845""]"
none_subset,5,143700091,86486091,43,403,0,0,0,0,0,0,"[""38196926"", ""153867752"", ""183751849"", ""119064343"", ""127321663"", ""214285576"", ""198017996"", ""119192079"", ""61394763"", ""114685239""]"
none_subset,5,34396324,33876194,38,816,0,0,0,0,0,0,"[""76490987"", ""120618466"", ""186173164"", ""149166152"", ""54115082"", ""60873658"", ""115694557"", ""70118559"", ""98969149"", ""115023866""]"
none_subset,5,165802679,138538000,57,540,0,0,0,0,0,0,"[""126507771"", ""135517837"", ""182623124"", ""180363453"", ""194873205"", ""55747400"", ""173706835"", ""174340588"", ""152200569"", ""118105872""]"
none_subset,5,220573897,202329514,46,145,0,0,0,0,0,0,"[""214112052"", ""191070592"", ""150142821"", ""115212834"", ""113055852"", ""206995470"", ""193094327"", ""113000796"", ""211380085"", ""102287809""]"
none_subset,5,217689516,201024429,46,192,0,0,0,0,0,0,"[""168398015"", ""156263625"", ""136540208"", ""144736392"", ""31288854"", ""142537342"", ""161419507"", ""75781779"", ""211540948"", ""29922766""]"
none_subset,5,216403684,188213435,46,262,0,0,0,0,0,0,"[""193094327"", ""134507475"", ""76061645"", ""204616029"", ""188529439"", ""160019718"", ""139939742"", ""56174657"", ""199073995"", ""197423739""]"
none_subset,5,212699570,191197833,57,19,0,0,0,0,1,1,"[""193211760"", ""46337629"", ""145872351"", ""146304930"", ""14350598"", ""57499088"", ""113601078"", ""122751221"", ""115422067"", ""174118568""]"
none_subset,5,207300178,181324249,38,231,0,0,0,0,0,0,"[""177616565"", ""181391982"", ""163646287"", ""92748634"", ""166395194"", ""210619922"", ""111431777"", ""192933104"", ""207390535"", ""122392168""]"
none_subset,5,209930337,170725190,4,510,0,0,0,0,0,0,"[""119654700"", ""186220965"", ""65093644"", ""195895955"", ""27693819"", ""77968334"", ""201066421"", ""152685161"", ""72626014"", ""56134226""]"
none_subset,5,201722982,145042950,62,123,0,0,0,0,0,0,"[""191653901"", ""65043149"", ""134905481"", ""76665110"", ""97684562"", ""100102954"", ""72763415"", ""22012660"", ""91550082"", ""120595575""]"
none_subset,5,84237445,58379904,64,905,0,0,0,0,0,0,"[""183047062"", ""185413694"", ""48108527"", ""139013046"", ""185454425"", ""112056185"", ""67998486"", ""209575498"", ""148445574"", ""124381822""]"
none_subset,5,148404099,120181686,37,160,0,0,0,0,0,0,"[""53410176"", ""158117230"", ""42842956"", ""118291817"", ""140907909"", ""71957357"", ""185636932"", ""188967908"", ""40240729"", ""105274553""]"
none_subset,5,165463652,136057001,62,26,0,0,0,0,1,1,"[""147492641"", ""183214654"", ""212838763"", ""153432818"", ""181798024"", ""110270218"", ""96744852"", ""173975128"", ""204435102"", ""194230601""]"
none_subset,5,128434761,113148033,37,1394,0,0,0,0,0,0,"[""93714502"", ""152140191"", ""162095481"", ""154182019"", ""129519764"", ""103057199"", ""141001111"", ""143825464"", ""151437967"", ""113644569""]"
none_subset,5,222955728,208750964,57,266,0,0,0,0,0,0,"[""60736435"", ""36692830"", ""206210266"", ""81719707"", ""164248569"", ""177164990"", ""91035907"", ""47987945"", ""110871984"", ""64029908""]"
none_subset,5,205399887,171828064,37,356,0,0,0,0,0,0,"[""124537731"", ""157140706"", ""208969575"", ""136371572"", ""202331502"", ""138625062"", ""206126959"", ""145502443"", ""58893791"", ""153191227""]"
none_subset,5,154200016,119703959,46,862,0,0,0,0,0,0,"[""133779076"", ""88672257"", ""104586565"", ""132867538"", ""111790816"", ""119145716"", ""97623791"", ""201961238"", ""83729071"", ""79086260""]"
none_subset,5,217258793,201437730,46,723,0,0,0,0,0,0,"[""209924155"", ""202771850"", ""212264182"", ""214520103"", ""158137442"", ""207134724"", ""205233162"", ""169495520"", ""175661430"", ""186533233""]"
none_subset,5,196274175,165770420,4,89,0,0,0,0,0,0,"[""157939590"", ""207942600"", ""171791158"", ""202758805"", ""105642237"", ""201526042"", ""81195353"", ""63027674"", ""106188623"", ""203962091""]"
none_subset,5,225228664,213581190,64,74,0,0,0,0,0,0,"[""81240114"", ""156476311"", ""141447890"", ""98960696"", ""142231631"", ""99916433"", ""22329772"", ""144399371"", ""72224328"", ""144993665""]"
none_subset,5,110145801,87001748,43,1667,0,0,0,0,0,0,"[""81706080"", ""122714725"", ""141811973"", ""67063550"", ""159786759"", ""124359099"", ""194952332"", ""104021362"", ""192226046"", ""128038991""]"
none_subset,5,184208582,153459958,4,99,0,0,0,0,0,0,"[""200439718"", ""75870943"", ""148023845"", ""210573149"", ""153417658"", ""170613385"", ""152685161"", ""209670193"", ""103246617"", ""78954752""]"
none_subset,5,165752538,120041482,62,1,1,1,1,1,1,1,"[""120041482"", ""213770244"", ""159227409"", ""184569700"", ""212906250"", ""140341920"", ""86956608"", ""76275548"", ""148737562"", ""160586788""]"
none_subset,5,163874536,135684313,64,54,0,0,0,0,0,0,"[""158680148"", ""63897092"", ""131569653"", ""200497374"", ""154504845"", ""107341510"", ""182554123"", ""106156401"", ""156694576"", ""134302572""]"
none_subset,5,203940995,156161422,57,1271,0,0,0,0,0,0,"[""214125411"", ""110053800"", ""63904923"", ""50936577"", ""167254572"", ""144992451"", ""70325466"", ""193957464"", ""211497441"", ""214202331""]"
none_subset,5,139110313,61947978,4,2204,0,0,0,0,0,0,"[""156469871"", ""192507369"", ""12396291"", ""204147907"", ""191209763"", ""198070526"", ""201765058"", ""9247440"", ""137001312"", ""100087840""]"
none_subset,5,225314337,215634830,4,95,0,0,0,0,0,0,"[""65093644"", ""139342323"", ""72626014"", ""180843726"", ""93467050"", ""195895955"", ""191209763"", ""192757426"", ""213979278"", ""206598790""]"
none_subset,5,144806003,124551267,64,278,0,0,0,0,0,0,"[""81240114"", ""142231631"", ""22329772"", ""72224328"", ""141447890"", ""131413365"", ""123189996"", ""156476311"", ""85531879"", ""181496296""]"
none_subset,5,209283968,165285962,43,31,0,0,0,0,0,1,"[""200208585"", ""182369961"", ""9583876"", ""202025930"", ""193992249"", ""146783647"", ""140343241"", ""185196782"", ""182659741"", ""185121060""]"
none_subset,5,216753232,200055457,4,13,0,0,0,0,1,1,"[""158546701"", ""206276218"", ""156834256"", ""188577796"", ""165785804"", ""190777107"", ""205698529"", ""179735008"", ""208445219"", ""108788103""]"
none_subset,5,224362475,158173439,37,284,0,0,0,0,0,0,"[""187502080"", ""148515955"", ""134528240"", ""186009397"", ""150919901"", ""153111696"", ""180869206"", ""162977839"", ""188912090"", ""105969122""]"
none_subset,5,178569882,147820123,37,1209,0,0,0,0,0,0,"[""51981897"", ""113524545"", ""193719358"", ""108702236"", ""183923787"", ""67061229"", ""210358565"", ""147143113"", ""81340320"", ""149017929""]"
none_subset,5,209604337,180575809,4,8,0,0,0,1,1,1,"[""195078992"", ""188285916"", ""185133383"", ""207985124"", ""196026500"", ""190121568"", ""178104667"", ""180575809"", ""188605425"", ""168959530""]"
none_subset,5,219992524,164025251,64,857,0,0,0,0,0,0,"[""146444401"", ""181619566"", ""90897593"", ""188820923"", ""179201033"", ""187708913"", ""124198714"", ""154897158"", ""85881610"", ""130509385""]"
none_subset,5,198508821,123613267,4,197,0,0,0,0,0,0,"[""124893597"", ""149759096"", ""171946204"", ""122564854"", ""148281605"", ""63027674"", ""12396291"", ""187964382"", ""167643231"", ""184087480""]"
none_subset,5,148636912,122818220,43,1111,0,0,0,0,0,0,"[""67021588"", ""86370719"", ""90355123"", ""191707492"", ""67857747"", ""182892685"", ""204158311"", ""191797683"", ""115645977"", ""159852934""]"
none_subset,5,204825101,169992252,4,1436,0,0,0,0,0,0,"[""179532049"", ""138966111"", ""150920816"", ""192424356"", ""206940426"", ""191630851"", ""203048719"", ""146180479"", ""189645323"", ""185107867""]"
none_subset,5,57431745,56593545,64,1541,0,0,0,0,0,0,"[""183642716"", ""167354299"", ""118462041"", ""70939079"", ""107795593"", ""193135598"", ""200859322"", ""149540426"", ""95857401"", ""188599489""]"
none_subset,5,194697388,132953502,46,408,0,0,0,0,0,0,"[""196783083"", ""110268464"", ""213672603"", ""204631912"", ""188805088"", ""197454401"", ""158281753"", ""156554598"", ""200400926"", ""113999669""]"
none_subset,5,189028515,146801519,57,270,0,0,0,0,0,0,"[""182489530"", ""145955425"", ""180302528"", ""185682599"", ""173476068"", ""134757090"", ""109311521"", ""174257554"", ""111955047"", ""201646967""]"
none_subset,5,223909363,193541472,46,247,0,0,0,0,0,0,"[""108322993"", ""165123892"", ""44366670"", ""190912236"", ""71898794"", ""75379104"", ""97623791"", ""208649860"", ""206201645"", ""92306012""]"
none_subset,5,138495758,95030361,37,1014,0,0,0,0,0,0,"[""93714502"", ""152140191"", ""103057199"", ""151437967"", ""146818815"", ""162095481"", ""192597928"", ""160156715"", ""152508279"", ""149631379""]"
none_subset,5,179447751,138028240,38,311,0,0,0,0,0,0,"[""121113125"", ""200665837"", ""103134592"", ""102237977"", ""78540845"", ""151931969"", ""176796563"", ""204637998"", ""185835448"", ""177589338""]"
none_subset,5,127852537,81626812,38,96,0,0,0,0,0,0,"[""133301327"", ""169820470"", ""139494203"", ""72092510"", ""54115082"", ""76490987"", ""12969939"", ""94336615"", ""103005464"", ""81511985""]"
none_subset,5,212440905,192424356,4,46,0,0,0,0,0,1,"[""202571906"", ""210484477"", ""191316160"", ""190574356"", ""196026500"", ""200030726"", ""191147915"", ""201904090"", ""180843726"", ""185107867""]"
none_subset,5,157670348,132803751,64,4,0,0,1,1,1,1,"[""203544848"", ""167158322"", ""136116320"", ""132803751"", ""211228726"", ""124508209"", ""151315331"", ""142735207"", ""194116859"", ""62313025""]"
none_subset,5,191985062,164550665,43,684,0,0,0,0,0,0,"[""208096405"", ""186549940"", ""197613208"", ""164476094"", ""182010866"", ""195408710"", ""192304894"", ""148264493"", ""161849641"", ""148810242""]"
none_subset,5,225336634,48071159,37,1995,0,0,0,0,0,0,"[""51981897"", ""121116115"", ""188742562"", ""183552543"", ""149017929"", ""115215869"", ""185847475"", ""118291817"", ""156884960"", ""82961419""]"
none_subset,5,217323822,191689967,43,50,0,0,0,0,0,1,"[""140052409"", ""170439536"", ""127321663"", ""194343309"", ""167879223"", ""18269900"", ""158624345"", ""203668670"", ""112406996"", ""196460819""]"
none_subset,5,225164440,210724091,4,112,0,0,0,0,0,0,"[""186674454"", ""177128650"", ""13713734"", ""214408664"", ""51666202"", ""200081999"", ""201056858"", ""213939970"", ""214085481"", ""205356216""]"
none_subset,5,216502332,140995261,43,108,0,0,0,0,0,0,"[""117813626"", ""147992742"", ""139778348"", ""190193667"", ""109286694"", ""208786844"", ""145947056"", ""114685239"", ""121590178"", ""180987149""]"
none_subset,5,200789230,174884757,46,98,0,0,0,0,0,0,"[""97781465"", ""201270244"", ""113117731"", ""109790613"", ""123813852"", ""210561703"", ""165223697"", ""167173782"", ""7135475"", ""51932653""]"
none_subset,5,45683167,52432861,46,1064,0,0,0,0,0,0,"[""193573844"", ""31105163"", ""174586724"", ""111102057"", ""105064166"", ""105106630"", ""74767597"", ""49535031"", ""156554598"", ""204631912""]"
none_subset,5,219224895,204919891,46,2,0,1,1,1,1,1,"[""207964729"", ""204919891"", ""200735701"", ""209947619"", ""29516698"", ""206477450"", ""31288854"", ""140978820"", ""209817753"", ""168398015""]"
none_subset,5,223224568,213006920,46,225,0,0,0,0,0,0,"[""171636556"", ""167339905"", ""108934756"", ""110172598"", ""166724206"", ""211159708"", ""210856802"", ""142436010"", ""174726875"", ""59625040""]"
none_subset,5,127083376,117996544,57,27,0,0,0,0,1,1,"[""179660373"", ""109983619"", ""161021821"", ""210472448"", ""207803368"", ""130340352"", ""124368240"", ""215044716"", ""206066236"", ""106184437""]"
none_subset,5,216446649,208397174,4,226,0,0,0,0,0,0,"[""64185045"", ""189302306"", ""201765058"", ""140488166"", ""187219867"", ""146764647"", ""211385428"", ""191209763"", ""195596465"", ""215675334""]"
none_subset,5,194056816,156424467,38,176,0,0,0,0,0,0,"[""149755002"", ""207390535"", ""123190192"", ""190160674"", ""130168090"", ""67142038"", ""204092180"", ""102891416"", ""145720442"", ""162768145""]"
none_subset,5,209768067,185690306,43,53,0,0,0,0,0,0,"[""166965091"", ""138777843"", ""187498153"", ""166213708"", ""76736407"", ""152958042"", ""57556019"", ""121101608"", ""74652569"", ""68189198""]"
none_subset,5,161378081,138066138,37,635,0,0,0,0,0,0,"[""179900455"", ""144682254"", ""195586695"", ""162977839"", ""183923787"", ""176116685"", ""76425154"", ""197656203"", ""170049514"", ""148248330""]"
none_subset,5,199991961,120391248,46,53,0,0,0,0,0,0,"[""101842282"", ""75104112"", ""144208600"", ""206602271"", ""136611559"", ""46481554"", ""166648954"", ""142607225"", ""105380747"", ""140434515""]"
none_subset,5,36386504,39048064,37,315,0,0,0,0,0,0,"[""158117230"", ""93714502"", ""152140191"", ""125097939"", ""58893791"", ""188967908"", ""165637927"", ""136895908"", ""152762226"", ""140907909""]"
none_subset,5,197952774,165792749,64,126,0,0,0,0,0,0,"[""110653495"", ""182760446"", ""183213131"", ""156561876"", ""159354842"", ""206213762"", ""70397289"", ""150390573"", ""195252134"", ""181427837""]"
none_subset,5,122096182,87877269,43,22,0,0,0,0,1,1,"[""63371049"", ""193020832"", ""40402254"", ""180744315"", ""187498153"", ""27430167"", ""40019211"", ""125480188"", ""87909441"", ""51516713""]"
none_subset,5,22886682,21359328,64,784,0,0,0,0,0,0,"[""131416996"", ""193870914"", ""149002642"", ""171259931"", ""116370931"", ""159428920"", ""186761660"", ""198417754"", ""193134463"", ""110345942""]"
none_subset,5,61407787,67349325,4,199,0,0,0,0,0,0,"[""100007550"", ""157367139"", ""86774130"", ""133755220"", ""126889201"", ""113622434"", ""186179720"", ""99472535"", ""93223478"", ""183642706""]"
none_subset,5,212437081,143484940,46,1253,0,0,0,0,0,0,"[""181810712"", ""135506419"", ""158102584"", ""201966464"", ""210433449"", ""144736392"", ""79523323"", ""99309357"", ""20488883"", ""174665100""]"
none_subset,5,182850287,143852845,4,189,0,0,0,0,0,0,"[""12396291"", ""148281605"", ""187964382"", ""164940716"", ""138975756"", ""149095048"", ""16847694"", ""184087480"", ""23408401"", ""159922963""]"
none_subset,5,221042154,204510866,64,911,0,0,0,0,0,0,"[""145311547"", ""173661276"", ""150385215"", ""210451384"", ""12227910"", ""121255930"", ""63926364"", ""193983183"", ""151373996"", ""117946057""]"
none_subset,5,223103015,178722271,46,145,0,0,0,0,0,0,"[""207544514"", ""211762574"", ""153459843"", ""214729100"", ""207597334"", ""208431676"", ""204100293"", ""70629074"", ""215002844"", ""208712486""]"
none_subset,5,174489681,144526487,62,80,0,0,0,0,0,0,"[""76665110"", ""204830740"", ""97684562"", ""148682248"", ""207781571"", ""69592537"", ""201053460"", ""132104523"", ""135157671"", ""156119933""]"
none_subset,5,218666287,144917714,62,697,0,0,0,0,0,0,"[""113290454"", ""104093783"", ""94106347"", ""55182694"", ""114499733"", ""192522899"", ""193006708"", ""191647848"", ""16086259"", ""211877317""]"
none_subset,5,221192154,207699341,38,1092,0,0,0,0,0,0,"[""170400945"", ""184684820"", ""192920732"", ""184519031"", ""208445626"", ""204985593"", ""209925991"", ""66287825"", ""209590588"", ""209984929""]"
none_subset,5,144941476,126821762,38,688,0,0,0,0,0,0,"[""163524272"", ""99753126"", ""37709032"", ""154090124"", ""209239234"", ""202803035"", ""14434511"", ""183569499"", ""86568738"", ""191958683""]"
none_subset,5,213619452,191768974,38,1170,0,0,0,0,0,0,"[""142870223"", ""183564225"", ""140048877"", ""189593063"", ""191870766"", ""145768091"", ""132266859"", ""133301327"", ""120618466"", ""184673821""]"
none_subset,5,214827627,189572218,43,6,0,0,0,1,1,1,"[""67063550"", ""66867545"", ""211891549"", ""124359099"", ""203532895"", ""189572218"", ""192226046"", ""194952332"", ""192741559"", ""141811973""]"
none_subset,5,219328727,140979774,38,23,0,0,0,0,1,1,"[""204880845"", ""157657051"", ""179244626"", ""183569499"", ""165955684"", ""149382787"", ""55870666"", ""38003672"", ""18107447"", ""150802146""]"
none_subset,5,223530663,212392746,4,29,0,0,0,0,1,1,"[""200589462"", ""187600900"", ""190777127"", ""176566249"", ""190079873"", ""209124215"", ""208530280"", ""152351954"", ""192473388"", ""181054833""]"
none_subset,5,198057881,165738313,46,664,0,0,0,0,0,0,"[""214485508"", ""128072844"", ""183321047"", ""181810712"", ""191705183"", ""102715451"", ""215475381"", ""75642384"", ""209140494"", ""126522124""]"
none_subset,5,217562623,201534233,37,1045,0,0,0,0,0,0,"[""185138562"", ""205095267"", ""185131662"", ""209154292"", ""202358108"", ""204373346"", ""200866870"", ""137404579"", ""143785487"", ""199476373""]"
none_subset,5,191273457,154513499,37,799,0,0,0,0,0,0,"[""78795109"", ""51471196"", ""88534873"", ""107202977"", ""191849051"", ""152727959"", ""125097939"", ""212782587"", ""81213674"", ""120040052""]"
none_subset,5,157925005,137046920,46,673,0,0,0,0,0,0,"[""105465833"", ""159049004"", ""168458372"", ""203161766"", ""21270188"", ""135652658"", ""172815469"", ""208740737"", ""59941636"", ""149224518""]"
none_subset,5,218360635,124963799,64,830,0,0,0,0,0,0,"[""121260031"", ""145311547"", ""113590277"", ""193870914"", ""138322181"", ""151177544"", ""63926364"", ""142232452"", ""146444401"", ""181705179""]"
none_subset,5,217204674,201230405,37,257,0,0,0,0,0,0,"[""118848444"", ""194588561"", ""197633924"", ""212356952"", ""190511714"", ""209172335"", ""209349722"", ""105569391"", ""160068637"", ""210562159""]"
none_subset,5,195377967,124845859,38,306,0,0,0,0,0,0,"[""102676974"", ""192793555"", ""120618466"", ""160458687"", ""98969149"", ""173813492"", ""150396233"", ""54115082"", ""154762222"", ""204637407""]"
none_subset,5,210339024,185121060,43,102,0,0,0,0,0,0,"[""206730740"", ""202227389"", ""146783647"", ""178271380"", ""159971774"", ""9583876"", ""200208585"", ""194288073"", ""190197325"", ""213355535""]"
none_subset,5,25591321,25531112,46,10,0,0,0,1,1,1,"[""138809171"", ""135652658"", ""73741479"", ""126538280"", ""134014211"", ""32199561"", ""78347549"", ""212690484"", ""83646259"", ""25531112""]"
none_subset,5,220977104,207585798,46,175,0,0,0,0,0,0,"[""102720311"", ""171063505"", ""211989339"", ""170651505"", ""172482275"", ""202166206"", ""138605976"", ""206905678"", ""138570829"", ""169220213""]"
none_subset,5,206971453,176333956,57,2197,0,0,0,0,0,0,"[""187950832"", ""193741544"", ""36514535"", ""212916655"", ""140724590"", ""145955425"", ""201814707"", ""209144105"", ""131546113"", ""207176758""]"
none_subset,5,85173153,82721637,57,44,0,0,0,0,0,1,"[""204918452"", ""205139218"", ""207806007"", ""109553539"", ""158662184"", ""46817216"", ""167970876"", ""170342538"", ""204466784"", ""209364645""]"
none_subset,5,193746263,162672578,62,1731,0,0,0,0,0,0,"[""108267461"", ""211808810"", ""212180917"", ""191211417"", ""211070786"", ""207609626"", ""184849912"", ""123145266"", ""213971984"", ""212090087""]"
none_subset,5,215212259,178271380,43,390,0,0,0,0,0,0,"[""183691121"", ""164550665"", ""158643707"", ""201905433"", ""166734753"", ""164793357"", ""183765224"", ""201535486"", ""200173512"", ""168517023""]"
none_subset,5,212427666,189544617,38,228,0,0,0,0,0,0,"[""172317716"", ""207664747"", ""113999751"", ""179286930"", ""160458687"", ""148419997"", ""192992682"", ""140138816"", ""182237895"", ""68304286""]"
none_subset,5,194717003,155463873,46,643,0,0,0,0,0,0,"[""180976440"", ""127947793"", ""184646371"", ""193074174"", ""145084375"", ""206843208"", ""174837469"", ""165756140"", ""152763272"", ""146029150""]"
none_subset,5,158897718,140582477,4,27,0,0,0,0,1,1,"[""158546701"", ""205698529"", ""93707137"", ""206276218"", ""164258790"", ""138626625"", ""149665952"", ""179735008"", ""113199812"", ""205390513""]"
none_subset,5,219295081,178678331,43,404,0,0,0,0,0,0,"[""160598030"", ""177260407"", ""137771001"", ""154676816"", ""156395019"", ""162644598"", ""208345597"", ""153567645"", ""166344121"", ""167068838""]"
none_subset,5,76927414,71340112,64,574,0,0,0,0,0,0,"[""150385215"", ""162799044"", ""143663551"", ""151373996"", ""117946057"", ""12227910"", ""168608952"", ""181441566"", ""170912580"", ""213984446""]"
none_subset,5,215201357,173499684,37,120,0,0,0,0,0,0,"[""195014964"", ""144682254"", ""193656232"", ""212172992"", ""208742868"", ""193995538"", ""205519279"", ""99494874"", ""140164328"", ""190866330""]"
none_subset,5,192010385,163370879,43,8,0,0,0,1,1,1,"[""163505137"", ""86466727"", ""206707474"", ""196291255"", ""201771356"", ""203489048"", ""183407909"", ""163370879"", ""209858049"", ""118456882""]"
none_subset,5,222003684,199643627,37,990,0,0,0,0,0,0,"[""197344850"", ""174857211"", ""185266696"", ""206195134"", ""149828994"", ""124237457"", ""204642649"", ""196819211"", ""174850296"", ""209838939""]"
none_subset,5,123221830,105229312,62,117,0,0,0,0,0,0,"[""20131116"", ""78092395"", ""81445491"", ""196333917"", ""60359990"", ""22073170"", ""9716999"", ""143368546"", ""158802661"", ""33130390""]"
none_subset,5,41777667,20451062,62,910,0,0,0,0,0,0,"[""15942056"", ""124381580"", ""115226483"", ""117835777"", ""104128337"", ""187005682"", ""167352840"", ""58086605"", ""207100364"", ""172190870""]"
none_subset,5,214609708,194378841,43,516,0,0,0,0,0,0,"[""201905433"", ""201671217"", ""184091403"", ""182902299"", ""182399428"", ""209666551"", ""213483404"", ""165285962"", ""185360446"", ""166734753""]"
none_subset,5,201631636,164249239,57,2356,0,0,0,0,0,0,"[""171903975"", ""15346485"", ""196862956"", ""151871480"", ""214752682"", ""204417143"", ""75578331"", ""12178696"", ""183349552"", ""134898435""]"
none_subset,5,222303816,157210468,64,517,0,0,0,0,0,0,"[""156476311"", ""129093190"", ""22329772"", ""166184401"", ""141447890"", ""92911620"", ""112311130"", ""122175441"", ""178000493"", ""184002672""]"
none_subset,5,225196896,207062213,4,552,0,0,0,0,0,0,"[""207568797"", ""207680766"", ""187502252"", ""74691545"", ""200841671"", ""5532949"", ""177857518"", ""195526680"", ""199844936"", ""166083961""]"
none_subset,5,176526689,141186510,4,104,0,0,0,0,0,0,"[""181699642"", ""190013445"", ""158175855"", ""159570716"", ""173259969"", ""152542463"", ""126909735"", ""179909533"", ""154203183"", ""142381741""]"
none_subset,5,134158719,111626622,64,15,0,0,0,0,1,1,"[""183047062"", ""105144259"", ""168633758"", ""48108527"", ""146228800"", ""152603802"", ""112345894"", ""156912710"", ""32842438"", ""139178433""]"
none_subset,5,185738290,156445649,43,136,0,0,0,0,0,0,"[""100215754"", ""208096405"", ""138585496"", ""160598030"", ""205576818"", ""168131196"", ""130556843"", ""164251704"", ""142593193"", ""129711936""]"
none_subset,5,78929622,62551746,43,3,0,1,1,1,1,1,"[""167483448"", ""113535350"", ""62551746"", ""86505092"", ""149017403"", ""136870511"", ""171833857"", ""181802170"", ""166706901"", ""207752417""]"
none_subset,5,220638795,189820722,62,1213,0,0,0,0,0,0,"[""96744852"", ""55538884"", ""211947594"", ""7191392"", ""212838763"", ""207242661"", ""165279109"", ""201968923"", ""136057001"", ""112460512""]"
none_subset,5,181417674,150636236,37,739,0,0,0,0,0,0,"[""186711825"", ""200142647"", ""17206468"", ""66064117"", ""69152666"", ""152555454"", ""155255611"", ""125097939"", ""145336514"", ""154888352""]"
none_subset,5,217955716,202541424,62,147,0,0,0,0,0,0,"[""211808810"", ""211070786"", ""213858912"", ""193453139"", ""158181494"", ""210275902"", ""188277799"", ""204556096"", ""191604760"", ""157794584""]"
none_subset,5,197274778,162094120,38,1182,0,0,0,0,0,0,"[""31197704"", ""154107984"", ""108033709"", ""180023471"", ""139854868"", ""109270817"", ""174539147"", ""154112696"", ""181880655"", ""193054363""]"
none_subset,5,223991031,164143533,43,353,0,0,0,0,0,0,"[""186549940"", ""127321663"", ""214285576"", ""119064343"", ""209546973"", ""40866643"", ""127254122"", ""195408710"", ""145672403"", ""18269900""]"
none_subset,5,189551059,147982801,64,77,0,0,0,0,0,0,"[""97354544"", ""80281524"", ""201421429"", ""187708913"", ""181619566"", ""43476772"", ""194094670"", ""60032340"", ""190543618"", ""62550428""]"
none_subset,5,220092240,206534835,46,171,0,0,0,0,0,0,"[""215506263"", ""203332786"", ""180426325"", ""146467155"", ""214251597"", ""214229007"", ""214290787"", ""172547115"", ""202166206"", ""211440718""]"
none_subset,5,222081085,208014228,62,49,0,0,0,0,0,1,"[""96821830"", ""127953008"", ""132245237"", ""16086259"", ""158414641"", ""114243605"", ""131192536"", ""172904337"", ""122174001"", ""99734611""]"
none_subset,5,208005240,182135095,38,1332,0,0,0,0,0,0,"[""160458687"", ""207664747"", ""99753126"", ""148419997"", ""91690080"", ""196304269"", ""192992682"", ""96535503"", ""14434511"", ""55870666""]"
none_subset,5,212749359,190252763,62,70,0,0,0,0,0,0,"[""206664307"", ""212180917"", ""157794584"", ""189178547"", ""123145266"", ""197247155"", ""211808810"", ""184849912"", ""201062295"", ""154758359""]"
none_subset,5,207603778,179859426,64,1130,0,0,0,0,0,0,"[""108386270"", ""137448907"", ""157000160"", ""100293557"", ""145779083"", ""116423938"", ""207683325"", ""184422473"", ""198307794"", ""153035417""]"
none_subset,5,180700824,147782228,43,1010,0,0,0,0,0,0,"[""136108747"", ""128249636"", ""186098084"", ""173027033"", ""154237024"", ""112322089"", ""158107027"", ""142567313"", ""209931765"", ""194708310""]"
none_subset,5,162078852,137561394,46,2129,0,0,0,0,0,0,"[""58408382"", ""215475381"", ""79804197"", ""171578170"", ""153467283"", ""106199788"", ""158115780"", ""214485508"", ""208143888"", ""102715451""]"
none_subset,5,154751535,120400439,62,118,0,0,0,0,0,0,"[""187005682"", ""135157671"", ""201053460"", ""63887170"", ""165969228"", ""176890524"", ""204830740"", ""74279773"", ""193353630"", ""191516840""]"
none_subset,5,205385440,180183536,43,6,0,0,0,1,1,1,"[""167483448"", ""181802170"", ""166706901"", ""149017403"", ""113535350"", ""180183536"", ""207752417"", ""197514276"", ""182840886"", ""207051663""]"
none_subset,5,217428024,188814328,37,718,0,0,0,0,0,0,"[""215484131"", ""195296935"", ""143835093"", ""191911000"", ""194408004"", ""133351365"", ""211094404"", ""157987350"", ""156606418"", ""204860223""]"
none_subset,5,207648209,177493371,38,108,0,0,0,0,0,0,"[""123302549"", ""69118085"", ""191768974"", ""100712745"", ""104404349"", ""152192864"", ""174919483"", ""36621623"", ""155797305"", ""149816343""]"
none_subset,5,220367642,183947428,43,1065,0,0,0,0,0,0,"[""101762103"", ""133241822"", ""141417624"", ""125072434"", ""187442156"", ""167043645"", ""72421330"", ""132793063"", ""144482097"", ""141324433""]"
none_subset,5,78456224,56925731,64,23,0,0,0,0,1,1,"[""183047062"", ""156400594"", ""189845371"", ""121756376"", ""72527056"", ""48108527"", ""126550195"", ""139178433"", ""209575498"", ""168633758""]"
none_subset,5,153218715,76074145,37,354,0,0,0,0,0,0,"[""92247640"", ""197580749"", ""139290462"", ""192142184"", ""192163385"", ""180764368"", ""147954913"", ""121841349"", ""115668354"", ""66708197""]"
none_subset,5,225333160,214752682,57,2,0,1,1,1,1,1,"[""163252829"", ""214752682"", ""190632146"", ""142032570"", ""211588897"", ""143684931"", ""185584299"", ""191366717"", ""140041163"", ""140102042""]"
none_subset,5,194805577,153660098,38,83,0,0,0,0,0,0,"[""123190192"", ""102891416"", ""145720442"", ""67142038"", ""162221630"", ""149755002"", ""204985593"", ""190160674"", ""213109347"", ""70700474""]"
none_subset,5,224455436,212356952,37,330,0,0,0,0,0,0,"[""205095267"", ""182642957"", ""202022086"", ""159816293"", ""208864789"", ""201695307"", ""201532751"", ""212219845"", ""209481700"", ""131800445""]"
none_subset,5,223887952,211269773,46,82,0,0,0,0,0,0,"[""213655844"", ""205395255"", ""167004489"", ""78566379"", ""172512012"", ""159369178"", ""150754478"", ""209924661"", ""136320022"", ""144431749""]"
none_subset,5,212848340,193024332,62,1282,0,0,0,0,0,0,"[""197247155"", ""211070786"", ""179064472"", ""214078993"", ""212412503"", ""124000667"", ""187839762"", ""201062295"", ""206841068"", ""196478095""]"
none_subset,5,194817964,167658682,4,107,0,0,0,0,0,0,"[""197341708"", ""162346539"", ""144016634"", ""151649288"", ""200247233"", ""161281171"", ""214896797"", ""177857518"", ""207099526"", ""187320580""]"
none_subset,5,158748278,122229490,46,374,0,0,0,0,0,0,"[""174623464"", ""151203538"", ""186724430"", ""173222203"", ""160547557"", ""160815179"", ""129447301"", ""194068990"", ""160523276"", ""211382509""]"
none_subset,5,225333131,169909145,4,30,0,0,0,0,1,1,"[""53541477"", ""25537887"", ""99427859"", ""133033147"", ""169909169"", ""203341087"", ""36678759"", ""131992278"", ""129525709"", ""66199264""]"
none_subset,5,224932968,153434097,57,17,0,0,0,0,1,1,"[""173370077"", ""158316894"", ""146595840"", ""205338620"", ""211144254"", ""192532677"", ""208568786"", ""187076934"", ""154865872"", ""209801964""]"
none_subset,5,218941839,111095986,43,90,0,0,0,0,0,0,"[""166786389"", ""192578315"", ""160640846"", ""112901249"", ""98570059"", ""58799552"", ""167483448"", ""142550589"", ""75960684"", ""204884209""]"
none_subset,5,224032864,207683325,64,15,0,0,0,0,1,1,"[""179740887"", ""69248477"", ""198307794"", ""121442493"", ""160842974"", ""208915255"", ""99425109"", ""190174399"", ""166184401"", ""96822403""]"
none_subset,5,223758143,195474760,43,445,0,0,0,0,0,0,"[""128872941"", ""119675310"", ""140343241"", ""191583920"", ""182369961"", ""165512262"", ""9583876"", ""202025930"", ""114371520"", ""209546973""]"
none_subset,5,206563348,182388466,37,145,0,0,0,0,0,0,"[""200654385"", ""186780001"", ""64645018"", ""93923480"", ""196891288"", ""93396423"", ""145790575"", ""191849051"", ""173227324"", ""157474416""]"
none_subset,5,194783674,134991704,64,23,0,0,0,0,1,1,"[""75157723"", ""74256345"", ""208465437"", ""166509692"", ""81233351"", ""213282355"", ""146885295"", ""213449948"", ""193757766"", ""154324585""]"
none_subset,5,206513862,182294617,4,138,0,0,0,0,0,0,"[""190594964"", ""192314331"", ""210958855"", ""72045166"", ""186900944"", ""200980947"", ""200963858"", ""199777290"", ""190495475"", ""203048719""]"
none_subset,5,209369722,186220965,4,286,0,0,0,0,0,0,"[""179145991"", ""203910236"", ""102233014"", ""161281171"", ""50763598"", ""133632260"", ""126042350"", ""160501086"", ""198281595"", ""191300394""]"
none_subset,5,221006448,187395162,46,469,0,0,0,0,0,0,"[""201966464"", ""49041759"", ""167116086"", ""66211329"", ""165636439"", ""209175470"", ""97781465"", ""111095231"", ""153408319"", ""210802638""]"
none_subset,5,127399801,112914230,4,1118,0,0,0,0,0,0,"[""104293117"", ""206172053"", ""166063106"", ""73205799"", ""13245417"", ""197341708"", ""197294044"", ""195539587"", ""187502252"", ""144016634""]"
none_subset,5,221143173,208600442,37,1786,0,0,0,0,0,0,"[""160781671"", ""76993042"", ""131057179"", ""76968236"", ""131492520"", ""53074039"", ""199996758"", ""203680817"", ""163475905"", ""167092117""]"
none_subset,5,198211585,169494298,37,429,0,0,0,0,0,0,"[""192569315"", ""179900455"", ""170544975"", ""207481345"", ""142288515"", ""132747199"", ""169799265"", ""148500212"", ""201067865"", ""186270944""]"
none_subset,5,194098459,130951250,43,59,0,0,0,0,0,0,"[""170439536"", ""18269900"", ""127321663"", ""214285576"", ""129585321"", ""127006553"", ""207021897"", ""206389196"", ""201971973"", ""198710349""]"
none_subset,5,219201730,203280734,46,90,0,0,0,0,0,0,"[""211987120"", ""204484014"", ""215428176"", ""204919891"", ""209817753"", ""212013801"", ""203644119"", ""202137925"", ""210734819"", ""206477450""]"
none_subset,5,190777900,158784072,37,390,0,0,0,0,0,0,"[""158117230"", ""140907909"", ""58893791"", ""120893128"", ""192597928"", ""152140191"", ""66740441"", ""152762226"", ""123258872"", ""151437967""]"
none_subset,5,198092424,168805608,64,34,0,0,0,0,0,1,"[""210516871"", ""200250551"", ""127617798"", ""153271284"", ""77671900"", ""158126671"", ""192779268"", ""69227080"", ""200883111"", ""174916841""]"
none_subset,5,206286757,171004770,43,14,0,0,0,0,1,1,"[""188230609"", ""206707474"", ""211382244"", ""214098104"", ""198313310"", ""177591827"", ""199542407"", ""191175133"", ""177067604"", ""67473151""]"
none_subset,5,205564196,167863303,38,61,0,0,0,0,0,0,"[""60707501"", ""139117589"", ""100928327"", ""206437718"", ""157689132"", ""74162023"", ""157625011"", ""145636746"", ""70662551"", ""210930251""]"
none_subset,5,192985777,157240824,43,56,0,0,0,0,0,0,"[""208345597"", ""166344121"", ""169814243"", ""149017403"", ""98638580"", ""193746203"", ""194880726"", ""167068838"", ""207752417"", ""207051663""]"
none_subset,5,51409958,57715433,43,1201,0,0,0,0,0,0,"[""167043645"", ""153591399"", ""79517399"", ""193313194"", ""143989763"", ""101587771"", ""132793063"", ""198021470"", ""90953879"", ""144463129""]"
none_subset,5,161879676,133182836,46,675,0,0,0,0,0,0,"[""133779076"", ""128991595"", ""209979540"", ""84439889"", ""132867538"", ""207041275"", ""155710762"", ""44366670"", ""194339341"", ""155610275""]"
none_subset,5,107486473,50306957,46,1271,0,0,0,0,0,0,"[""158102584"", ""108196994"", ""110268464"", ""21000985"", ""17938872"", ""197423739"", ""188529439"", ""79146025"", ""59097004"", ""89928081""]"
none_subset,5,225334015,215052803,43,1084,0,0,0,0,0,0,"[""147117418"", ""141417624"", ""180095819"", ""185799642"", ""146832585"", ""178810275"", ""186403472"", ""158391463"", ""193482080"", ""201690715""]"
none_subset,5,223412488,184599616,57,300,0,0,0,0,0,0,"[""194409455"", ""12178696"", ""99228573"", ""131667486"", ""207769586"", ""200462582"", ""138406659"", ""205371893"", ""211640040"", ""206545534""]"
none_subset,5,216739658,149349102,38,232,0,0,0,0,0,0,"[""122392168"", ""163646287"", ""98884535"", ""171247461"", ""92748634"", ""195194673"", ""103512626"", ""176574849"", ""138353042"", ""162629010""]"
none_subset,5,207027464,100333045,43,17,0,0,0,0,1,1,"[""137780242"", ""127254122"", ""209546973"", ""128872941"", ""66709739"", ""148264493"", ""191583920"", ""66709745"", ""125638272"", ""173981660""]"
none_subset,5,158465263,113201214,62,298,0,0,0,0,0,0,"[""136359251"", ""119067436"", ""83760975"", ""198209451"", ""119457798"", ""209262034"", ""131859804"", ""155414961"", ""200944201"", ""183777423""]"
none_subset,5,212472298,192473388,4,133,0,0,0,0,0,0,"[""153928357"", ""189901460"", ""202571906"", ""190594964"", ""196026500"", ""160129846"", ""199780246"", ""73825216"", ""203048719"", ""163346998""]"
none_subset,5,23874528,18962742,38,448,0,0,0,0,0,0,"[""98078621"", ""174919483"", ""188178632"", ""98526198"", ""19105395"", ""151407481"", ""167877470"", ""167340132"", ""97083478"", ""138408570""]"
none_subset,5,222518800,209726301,64,46,0,0,0,0,0,1,"[""192237530"", ""207152337"", ""151526168"", ""85880294"", ""177496099"", ""71089233"", ""106833257"", ""212527992"", ""127422260"", ""99984958""]"
none_subset,5,219225797,202843919,62,129,0,0,0,0,0,0,"[""128589400"", ""205751825"", ""110895997"", ""133228837"", ""203449670"", ""15445290"", ""164807743"", ""195518176"", ""144402794"", ""163475721""]"
none_subset,5,189554580,159931625,37,227,0,0,0,0,0,0,"[""143865659"", ""92247640"", ""51749408"", ""195740726"", ""192142184"", ""84948088"", ""121841349"", ""114171070"", ""51138626"", ""197580749""]"
none_subset,5,224421445,214290787,46,23,0,0,0,0,1,1,"[""214251597"", ""208458622"", ""202137925"", ""210499137"", ""168124994"", ""208805779"", ""177522465"", ""204899704"", ""176672668"", ""203415759""]"
none_subset,5,200718784,166296209,37,721,0,0,0,0,0,0,"[""195054374"", ""211646800"", ""187837794"", ""116930061"", ""188414894"", ""27598325"", ""187256075"", ""113148033"", ""118291817"", ""78940029""]"
none_subset,5,194752033,166083961,4,749,0,0,0,0,0,0,"[""159922963"", ""184087480"", ""103984598"", ""187964382"", ""164940716"", ""199942377"", ""181306942"", ""206057877"", ""107717290"", ""122594682""]"
none_subset,5,137437216,119531432,62,83,0,0,0,0,0,0,"[""74169769"", ""117835777"", ""189107795"", ""32200239"", ""164437495"", ""104128337"", ""135330582"", ""188696626"", ""152444456"", ""136870941""]"
none_subset,5,212533988,152110846,37,114,0,0,0,0,0,0,"[""192312279"", ""211483573"", ""126447640"", ""192947279"", ""169799464"", ""82258130"", ""160929058"", ""116929460"", ""201869799"", ""165920027""]"
none_subset,5,117485448,105762137,4,188,0,0,0,0,0,0,"[""88781085"", ""64578501"", ""189945818"", ""206010093"", ""190758417"", ""20719982"", ""165698897"", ""90543409"", ""80237634"", ""178240944""]"
none_subset,5,195747171,146962552,62,1770,0,0,0,0,0,0,"[""67539912"", ""195510107"", ""194424066"", ""160800236"", ""151367273"", ""152196456"", ""209562276"", ""110895997"", ""144402794"", ""205751825""]"
none_subset,5,210524748,85531879,64,31,0,0,0,0,0,1,"[""178821617"", ""145311547"", ""45933851"", ""72224328"", ""154598927"", ""81240114"", ""141447890"", ""212572450"", ""165315994"", ""181496296""]"
none_subset,5,222944492,211288019,43,99,0,0,0,0,0,0,"[""183716498"", ""126702260"", ""183029564"", ""157809653"", ""100333045"", ""192651386"", ""195866072"", ""137771001"", ""45817946"", ""89403432""]"
none_subset,5,174812963,184753068,4,959,0,0,0,0,0,0,"[""187540651"", ""147740083"", ""179874926"", ""183534248"", ""207002683"", ""192473388"", ""143929940"", ""149247164"", ""63004444"", ""104293117""]"
none_subset,5,206110934,142456567,4,2,0,1,1,1,1,1,"[""88781085"", ""142456567"", ""192836046"", ""190758417"", ""64578501"", ""90543409"", ""189945818"", ""206126527"", ""177949545"", ""164210053""]"
none_subset,5,215537450,191143369,43,243,0,0,0,0,0,0,"[""180987149"", ""118456882"", ""177591827"", ""198313310"", ""186726793"", ""172848378"", ""211382244"", ""154215969"", ""188230609"", ""214098104""]"
none_subset,5,185718600,145100939,37,340,0,0,0,0,0,0,"[""63579301"", ""195886526"", ""123163900"", ""185048961"", ""193719358"", ""126753800"", ""102099500"", ""162977839"", ""212047029"", ""102274756""]"
none_subset,5,220611333,143255863,43,139,0,0,0,0,0,0,"[""127321663"", ""59459024"", ""18269900"", ""190193667"", ""158792208"", ""116962789"", ""114685239"", ""189984269"", ""198313310"", ""183751849""]"
none_subset,5,48157832,53760527,46,146,0,0,0,0,0,0,"[""140827649"", ""64234906"", ""79523323"", ""171694803"", ""126605515"", ""194862890"", ""119695215"", ""117798860"", ""127619503"", ""193512680""]"
none_subset,5,219280378,203565055,37,370,0,0,0,0,0,0,"[""201741807"", ""210562159"", ""181590682"", ""143874999"", ""170544975"", ""206404092"", ""190569345"", ""172674006"", ""173981806"", ""209172335""]"
none_subset,5,223382066,212267410,64,196,0,0,0,0,0,0,"[""206705882"", ""195529634"", ""182426229"", ""137217328"", ""191710817"", ""192779268"", ""121019691"", ""169220249"", ""144706392"", ""106489509""]"
none_subset,5,161110919,132405642,37,766,0,0,0,0,0,0,"[""201003118"", ""154947799"", ""138291906"", ""144990749"", ""149248013"", ""194918694"", ""93714502"", ""200025016"", ""114167582"", ""127873279""]"
none_subset,5,99910872,93265631,38,336,0,0,0,0,0,0,"[""44353494"", ""181551206"", ""64731721"", ""193002592"", ""52533378"", ""171072811"", ""132744896"", ""171909035"", ""138021512"", ""70632567""]"
none_subset,5,174486128,143996100,43,1763,0,0,0,0,0,0,"[""142593193"", ""130556843"", ""88376416"", ""139961406"", ""158387518"", ""168722731"", ""208096405"", ""160598030"", ""170651164"", ""194761453""]"
none_subset,5,119806942,107498666,64,305,0,0,0,0,0,0,"[""164633014"", ""152603802"", ""141045171"", ""32842438"", ""61743520"", ""120627181"", ""78359767"", ""146228800"", ""189988059"", ""111626622""]"
none_subset,5,52887730,52014335,62,1069,0,0,0,0,0,0,"[""76087987"", ""203378428"", ""39970613"", ""52848243"", ""187570461"", ""210681202"", ""59483405"", ""28665915"", ""123678493"", ""136870941""]"
none_subset,5,178854662,141417624,43,37,0,0,0,0,0,1,"[""161651047"", ""162124393"", ""182010866"", ""55355667"", ""180465465"", ""215371072"", ""201647231"", ""187717589"", ""199268133"", ""180095819""]"
none_subset,5,15268100,12969939,38,33,0,0,0,0,0,1,"[""76490987"", ""120618466"", ""207911331"", ""139494203"", ""125496594"", ""54115082"", ""128080279"", ""124508627"", ""66259210"", ""163870082""]"
none_subset,5,212645423,132121212,43,399,0,0,0,0,0,0,"[""182399428"", ""207909652"", ""181331283"", ""157129302"", ""182659497"", ""195224828"", ""193281522"", ""202626349"", ""196690377"", ""155161450""]"
none_subset,5,217571743,184920959,37,83,0,0,0,0,0,0,"[""141241455"", ""192163385"", ""194302416"", ""205214483"", ""213471023"", ""198753304"", ""147309436"", ""143865659"", ""101457814"", ""117265279""]"
none_subset,5,198279219,45997741,62,273,0,0,0,0,0,0,"[""165284774"", ""74279773"", ""203336355"", ""76790091"", ""98043760"", ""167877280"", ""179449692"", ""166108651"", ""57769851"", ""146420142""]"
none_subset,5,15443903,13798988,4,371,0,0,0,0,0,0,"[""93223478"", ""154203183"", ""104872974"", ""182883851"", ""77770612"", ""191646414"", ""126909735"", ""183642706"", ""159570716"", ""99472535""]"
none_subset,5,134645605,110234143,4,729,0,0,0,0,0,0,"[""117471262"", ""156103241"", ""200963901"", ""143929940"", ""191909632"", ""20198247"", ""119106930"", ""146030654"", ""193413498"", ""196676247""]"
none_subset,5,225182896,164582063,43,9,0,0,0,1,1,1,"[""15144714"", ""211526829"", ""159786759"", ""67063550"", ""147782228"", ""105076717"", ""146978431"", ""71803254"", ""164582063"", ""211891549""]"
none_subset,5,164760091,101504605,62,1645,0,0,0,0,0,0,"[""142387882"", ""39730875"", ""147431302"", ""194314823"", ""12231700"", ""200620813"", ""69167066"", ""73570160"", ""205137345"", ""136973736""]"
none_subset,5,223507024,156381928,37,1538,0,0,0,0,0,0,"[""158117230"", ""88534873"", ""93714502"", ""79730026"", ""161632409"", ""21114364"", ""120893128"", ""152508279"", ""141475747"", ""43972733""]"
none_subset,5,121980260,105912376,64,182,0,0,0,0,0,0,"[""152189504"", ""128304968"", ""144281937"", ""152368057"", ""107659439"", ""129093190"", ""88397191"", ""202169422"", ""170213283"", ""174340250""]"
none_subset,5,37616128,37809434,38,95,0,0,0,0,0,0,"[""189799383"", ""145871617"", ""169019310"", ""94326279"", ""115216449"", ""115023866"", ""186986474"", ""169820470"", ""112389064"", ""108421334""]"
none_subset,5,221666962,171006297,37,292,0,0,0,0,0,0,"[""134610044"", ""193679263"", ""187812442"", ""142630827"", ""129519764"", ""157022245"", ""162200226"", ""208900697"", ""103057199"", ""206293466""]"
none_subset,5,221195998,204315261,46,44,0,0,0,0,0,1,"[""132867538"", ""97623791"", ""214682235"", ""208649860"", ""210626515"", ""177423877"", ""190912236"", ""44366670"", ""182222562"", ""191328220""]"
none_subset,5,155700296,134950427,37,201,0,0,0,0,0,0,"[""211954189"", ""156583528"", ""113148033"", ""187443642"", ""141081466"", ""149676779"", ""201295768"", ""191232165"", ""153136383"", ""32638462""]"
none_subset,5,219384426,177423877,46,17,0,0,0,0,1,1,"[""211380085"", ""102529512"", ""12880586"", ""190912236"", ""178975230"", ""137783132"", ""183484544"", ""214682235"", ""44855147"", ""205635929""]"
none_subset,5,52591203,60048301,46,19,0,0,0,0,1,1,"[""174837469"", ""209744189"", ""158674717"", ""201332278"", ""204980714"", ""203343668"", ""7231598"", ""213731514"", ""153488356"", ""169782796""]"
none_subset,5,194720200,133465924,37,364,0,0,0,0,0,0,"[""165315733"", ""133932837"", ""91090509"", ""150612100"", ""111085513"", ""163255423"", ""196428679"", ""155714315"", ""190214362"", ""129635992""]"
none_subset,5,184703642,154097129,43,79,0,0,0,0,0,0,"[""158792208"", ""186549940"", ""129711936"", ""116962789"", ""191590282"", ""101956556"", ""76158891"", ""202025930"", ""13118738"", ""166752829""]"
none_subset,5,22540247,17218907,62,1711,0,0,0,0,0,0,"[""187207232"", ""101066716"", ""117006578"", ""45997741"", ""208335318"", ""62925716"", ""150060889"", ""113590470"", ""15942056"", ""69690877""]"
none_subset,5,75524063,72221818,62,856,0,0,0,0,0,0,"[""181250275"", ""180292453"", ""141589821"", ""183214654"", ""183670981"", ""132110473"", ""167732430"", ""196129983"", ""122004752"", ""61834333""]"
none_subset,5,207611409,182081124,43,354,0,0,0,0,0,0,"[""146898856"", ""130448492"", ""87877269"", ""68189198"", ""39344788"", ""101275830"", ""99992649"", ""90355123"", ""214850326"", ""115645977""]"
none_subset,5,224366749,164627162,46,9,0,0,0,1,1,1,"[""162507293"", ""163309329"", ""150754478"", ""172082320"", ""172197706"", ""212429674"", ""205395255"", ""186533601"", ""164627162"", ""172512012""]"
none_subset,5,161997543,133742166,57,203,0,0,0,0,0,0,"[""173370077"", ""171686923"", ""107833046"", ""187076934"", ""148083172"", ""142067377"", ""52362364"", ""192532677"", ""209801964"", ""189194901""]"
none_subset,5,87189453,31739440,57,33,0,0,0,0,0,1,"[""171686923"", ""173370077"", ""207806450"", ""152811727"", ""175850879"", ""209801964"", ""107833046"", ""192532677"", ""203970549"", ""176297954""]"
none_subset,5,222925096,206088529,64,15,0,0,0,0,1,1,"[""103313660"", ""168247151"", ""168712424"", ""213362681"", ""142012440"", ""205211783"", ""153533707"", ""140240190"", ""8326062"", ""113744993""]"
none_subset,5,215536084,176499539,57,960,0,0,0,0,0,0,"[""86771304"", ""99228573"", ""197740362"", ""131667486"", ""82721637"", ""122408162"", ""211785457"", ""200462582"", ""128512946"", ""138406659""]"
none_subset,5,194778493,48830519,4,10,0,0,0,1,1,1,"[""53541477"", ""193007590"", ""9924656"", ""108342269"", ""211167678"", ""73118528"", ""206947052"", ""132801199"", ""146976388"", ""48830519""]"
none_subset,5,174379685,114163759,43,8,0,0,0,1,1,1,"[""127321663"", ""18269900"", ""207021897"", ""77390218"", ""198489911"", ""207898804"", ""138812364"", ""114163759"", ""201409854"", ""198313310""]"
none_subset,5,67038814,50495635,37,127,0,0,0,0,0,0,"[""65802140"", ""189064377"", ""143161006"", ""201869799"", ""211483573"", ""172267662"", ""125089746"", ""12185913"", ""183552543"", ""152110846""]"
none_subset,5,218345110,176831577,57,923,0,0,0,0,0,0,"[""63293833"", ""208717293"", ""202526079"", ""196654350"", ""135872349"", ""76371725"", ""210683531"", ""203136628"", ""202725978"", ""191268930""]"
none_subset,5,219470659,203497492,64,25,0,0,0,0,1,1,"[""120256316"", ""83781866"", ""205920501"", ""202978110"", ""168374070"", ""213253358"", ""134312075"", ""162587856"", ""84520046"", ""82808529""]"
none_subset,5,195024859,157002145,64,2,0,1,1,1,1,1,"[""192779268"", ""157002145"", ""147671714"", ""114337642"", ""168805608"", ""200505701"", ""188619722"", ""88249240"", ""196574884"", ""206705882""]"
none_subset,5,190170779,120932240,46,13,0,0,0,0,1,1,"[""205315794"", ""193559506"", ""156951759"", ""111614660"", ""156554598"", ""81549989"", ""59097004"", ""196783083"", ""131953748"", ""139649558""]"
none_subset,5,172736970,71742122,57,178,0,0,0,0,0,0,"[""168668833"", ""189624094"", ""192513233"", ""191314611"", ""197342113"", ""129142528"", ""161021821"", ""160675192"", ""138876045"", ""179660373""]"
none_subset,5,220347923,169443962,4,316,0,0,0,0,0,0,"[""207566657"", ""186229725"", ""70897180"", ""56998165"", ""64487189"", ""78628063"", ""49427839"", ""3831714"", ""161593927"", ""112475075""]"
none_subset,5,179957135,138995768,57,1745,0,0,0,0,0,0,"[""193303170"", ""172994991"", ""213406997"", ""212916655"", ""198700939"", ""210440269"", ""208772517"", ""204720478"", ""180448563"", ""185361449""]"
none_subset,5,133175234,137515745,43,721,0,0,0,0,0,0,"[""196562630"", ""115215817"", ""214258455"", ""56961091"", ""213553578"", ""154766461"", ""104957798"", ""76158891"", ""196069283"", ""125480188""]"
none_subset,5,211188780,173529593,4,1219,0,0,0,0,0,0,"[""102233014"", ""160501086"", ""203130825"", ""203910236"", ""161281171"", ""126042350"", ""147828982"", ""201066421"", ""163349092"", ""119900827""]"
none_subset,5,220588390,207413130,4,196,0,0,0,0,0,0,"[""201657691"", ""203466268"", ""196026500"", ""188605425"", ""184322806"", ""178104667"", ""205600080"", ""202571906"", ""214802477"", ""207985124""]"
none_subset,5,214980138,178112615,37,9,0,0,0,1,1,1,"[""209128550"", ""209161669"", ""194731784"", ""188568572"", ""207544886"", ""211165397"", ""202325397"", ""183697536"", ""178112615"", ""209551298""]"
none_subset,5,174184013,144305873,64,432,0,0,0,0,0,0,"[""64566466"", ""178700962"", ""203921886"", ""41031023"", ""161581546"", ""126992314"", ""151821517"", ""122150463"", ""199609740"", ""93630964""]"
none_subset,5,223294295,190533052,64,89,0,0,0,0,0,0,"[""146444401"", ""116857348"", ""169220249"", ""98960696"", ""121260031"", ""34666160"", ""101169098"", ""129093190"", ""167740456"", ""194941994""]"
none_subset,5,154270445,128589400,62,1240,0,0,0,0,0,0,"[""188361417"", ""202245306"", ""213858568"", ""189983212"", ""132448455"", ""66613547"", ""25260455"", ""142493256"", ""114142898"", ""186943676""]"
none_subset,5,194962176,167846611,4,201,0,0,0,0,0,0,"[""212819052"", ""215580343"", ""205463044"", ""188285916"", ""214582809"", ""211608400"", ""206285188"", ""214085481"", ""102246788"", ""205217227""]"
none_subset,5,142475315,122639965,46,483,0,0,0,0,0,0,"[""180187517"", ""211380085"", ""206995470"", ""102529512"", ""150142821"", ""176647062"", ""78570599"", ""176661515"", ""151511658"", ""146029150""]"
none_subset,5,209210321,181408383,37,1,1,1,1,1,1,1,"[""181408383"", ""202030579"", ""200866870"", ""187719393"", ""193730114"", ""183270553"", ""156858638"", ""198478244"", ""191538851"", ""87450438""]"
none_subset,5,224767285,162605137,43,72,0,0,0,0,0,0,"[""160598030"", ""130556843"", ""88376416"", ""198125462"", ""142593193"", ""139961406"", ""127486066"", ""162644598"", ""158387518"", ""84074518""]"
none_subset,5,198827199,170711878,38,282,0,0,0,0,0,0,"[""162936446"", ""213799552"", ""167519616"", ""202076969"", ""207864369"", ""133691689"", ""203319354"", ""205560596"", ""207475710"", ""126531128""]"
none_subset,5,224053734,201823220,37,341,0,0,0,0,0,0,"[""172288418"", ""145639775"", ""177427251"", ""205430382"", ""177427231"", ""117685268"", ""209034394"", ""200451540"", ""203900707"", ""201572634""]"
none_subset,5,163763539,133301327,38,492,0,0,0,0,0,0,"[""18798683"", ""125546461"", ""193575305"", ""81128902"", ""123652552"", ""192443797"", ""206214210"", ""139391862"", ""166506623"", ""177744065""]"
none_subset,5,199964527,123167911,64,1300,0,0,0,0,0,0,"[""115629895"", ""112615204"", ""188619722"", ""58089957"", ""153271284"", ""126647422"", ""211873793"", ""192779268"", ""14286061"", ""114337642""]"
none_subset,5,156864623,110602938,64,377,0,0,0,0,0,0,"[""1943884"", ""168805608"", ""147553253"", ""173159881"", ""92467972"", ""112210141"", ""114337642"", ""188610188"", ""154049018"", ""189002821""]"
none_subset,5,120080094,106471808,62,84,0,0,0,0,0,0,"[""208335318"", ""57612738"", ""82614637"", ""85137253"", ""7032258"", ""148891602"", ""15723967"", ""79388828"", ""48004410"", ""45763328""]"
none_subset,5,207399071,177381146,46,1895,0,0,0,0,0,0,"[""194933430"", ""194795218"", ""174074948"", ""211053674"", ""49933218"", ""205132358"", ""213912195"", ""160255339"", ""207214319"", ""84491633""]"
none_subset,5,182005354,7575539,46,117,0,0,0,0,0,0,"[""53654857"", ""174120848"", ""197720233"", ""169602941"", ""209924661"", ""213655844"", ""202547061"", ""194138608"", ""71898634"", ""125545946""]"
none_subset,5,147928605,89574390,57,377,0,0,0,0,0,0,"[""138785776"", ""107527374"", ""40488723"", ""161557568"", ""177164990"", ""36692830"", ""139164571"", ""60736435"", ""199908579"", ""86061978""]"
none_subset,5,219738889,193806850,4,212,0,0,0,0,0,0,"[""191300394"", ""102233014"", ""160501086"", ""186775950"", ""139418370"", ""50763598"", ""147725816"", ""203910236"", ""179145991"", ""163349092""]"
none_subset,5,221960992,199718807,46,4,0,0,1,1,1,1,"[""202480156"", ""203817887"", ""211502842"", ""199718807"", ""109629224"", ""53654857"", ""183321047"", ""214485508"", ""142495089"", ""102715451""]"
none_subset,5,219468209,205311074,4,162,0,0,0,0,0,0,"[""211538436"", ""169868864"", ""177128650"", ""205356216"", ""213939970"", ""13713734"", ""139117884"", ""186674454"", ""170901415"", ""215274929""]"
none_subset,5,207211685,178831771,46,125,0,0,0,0,0,0,"[""150142821"", ""60967653"", ""67021528"", ""78570599"", ""183140735"", ""211380085"", ""152639237"", ""153408319"", ""77388181"", ""201966464""]"
none_subset,5,165223251,140762187,64,172,0,0,0,0,0,0,"[""70262578"", ""128217933"", ""160603185"", ""129093190"", ""167740456"", ""100752496"", ""173246608"", ""141327265"", ""187887134"", ""152293696""]"
none_subset,5,220706937,205275326,38,181,0,0,0,0,0,0,"[""206343268"", ""213567992"", ""207584606"", ""163838256"", ""205802345"", ""174481971"", ""131003027"", ""193932504"", ""140998433"", ""169336593""]"
none_subset,5,195422256,129450808,38,403,0,0,0,0,0,0,"[""120618466"", ""174530040"", ""71896485"", ""148395469"", ""192793555"", ""192992682"", ""45759986"", ""104042988"", ""150396233"", ""28399802""]"
none_subset,5,181280255,149540936,4,1543,0,0,0,0,0,0,"[""143852845"", ""181699642"", ""190013445"", ""147751136"", ""157367139"", ""158175855"", ""159570716"", ""152542463"", ""77770612"", ""173259969""]"
none_subset,5,204177482,175772166,37,26,0,0,0,0,1,1,"[""162977839"", ""192154985"", ""180869206"", ""63579301"", ""195886526"", ""193719358"", ""163644147"", ""148973040"", ""148248330"", ""187502080""]"
none_subset,5,221254086,76275548,62,13,0,0,0,0,1,1,"[""195510107"", ""194424066"", ""143843798"", ""188314835"", ""82244386"", ""148737562"", ""165333775"", ""124953746"", ""15445290"", ""67539912""]"
none_subset,5,220147185,185601973,46,83,0,0,0,0,0,0,"[""140208813"", ""196783083"", ""131953748"", ""65618657"", ""180804264"", ""154894208"", ""160110731"", ""204631912"", ""197423739"", ""139649558""]"
none_subset,5,222499635,206938701,4,269,0,0,0,0,0,0,"[""149665952"", ""193807530"", ""179735008"", ""205698529"", ""138626625"", ""197428008"", ""113199812"", ""156834256"", ""157092256"", ""160100876""]"
none_subset,5,225105045,179784665,4,30,0,0,0,0,1,1,"[""206010093"", ""206289183"", ""177338367"", ""178240944"", ""214341619"", ""194771907"", ""165698897"", ""80237634"", ""182903930"", ""206281257""]"
none_subset,5,194633079,152192864,38,2178,0,0,0,0,0,0,"[""207664747"", ""116226486"", ""147652742"", ""209320022"", ""201030455"", ""103799422"", ""196947068"", ""139135653"", ""142087844"", ""149382787""]"
none_subset,5,133771422,124110006,64,208,0,0,0,0,0,0,"[""181671018"", ""129093190"", ""115621367"", ""122024341"", ""166289001"", ""128217933"", ""60032340"", ""138750171"", ""192962906"", ""167740456""]"
none_subset,5,217721609,204158311,43,352,0,0,0,0,0,0,"[""211582481"", ""189283285"", ""210822887"", ""203348372"", ""189297376"", ""201213450"", ""182445092"", ""187215484"", ""195224828"", ""113451129""]"
none_subset,5,156283957,134055274,37,5,0,0,1,1,1,1,"[""40964362"", ""170597831"", ""210583467"", ""32638462"", ""134055274"", ""144974780"", ""145639775"", ""137592134"", ""93720497"", ""147117395""]"
none_subset,5,189497829,161417907,4,1207,0,0,0,0,0,0,"[""122581991"", ""105544053"", ""142536914"", ""149665952"", ""195539587"", ""193807530"", ""197341708"", ""214896797"", ""196729567"", ""180096072""]"
none_subset,5,214768274,180005065,4,11,0,0,0,0,1,1,"[""157092256"", ""149665952"", ""197428008"", ""205698529"", ""115124238"", ""75870943"", ""153417658"", ""141212383"", ""16813724"", ""156834256""]"
none_subset,5,92672519,81862127,62,148,0,0,0,0,0,0,"[""156966977"", ""127682307"", ""132448455"", ""89506987"", ""52152330"", ""63297817"", ""61171420"", ""97811642"", ""22012660"", ""205254156""]"
none_subset,5,120758894,107906676,38,991,0,0,0,0,0,0,"[""56367133"", ""171929830"", ""97083478"", ""80390206"", ""211890068"", ""156424467"", ""111238191"", ""205639611"", ""138408570"", ""151407481""]"
none_subset,5,202131990,171568733,64,2117,0,0,0,0,0,0,"[""130875563"", ""56833135"", ""206372980"", ""29624756"", ""202596735"", ""169353292"", ""169622540"", ""56593545"", ""167161374"", ""113587141""]"
none_subset,5,208255378,164620061,64,597,0,0,0,0,0,0,"[""209790439"", ""24351090"", ""147984435"", ""162665168"", ""176297212"", ""132016108"", ""111242282"", ""151134804"", ""102162028"", ""121260031""]"
none_subset,5,143701533,124776037,37,102,0,0,0,0,0,0,"[""142288515"", ""207481345"", ""212776036"", ""140164328"", ""208575592"", ""164430683"", ""94672340"", ""92273591"", ""132747199"", ""153092663""]"
none_subset,5,147489845,126856500,38,291,0,0,0,0,0,0,"[""211348390"", ""181391982"", ""132680001"", ""105576133"", ""206277956"", ""79792389"", ""206918840"", ""201994268"", ""153333213"", ""158083734""]"
none_subset,5,181871424,152108923,4,32,0,0,0,0,0,1,"[""148281605"", ""40365043"", ""75828042"", ""114633318"", ""23408401"", ""144373105"", ""134685630"", ""122564854"", ""98076075"", ""188123591""]"
none_subset,5,215405883,167356434,62,1249,0,0,0,0,0,0,"[""127953008"", ""16086259"", ""144733620"", ""156564557"", ""195815370"", ""94106347"", ""99734611"", ""127131549"", ""112339725"", ""122174001""]"
none_subset,5,82748621,75642384,46,3,0,1,1,1,1,1,"[""201966464"", ""99309357"", ""75642384"", ""153408319"", ""93317617"", ""128072844"", ""198454182"", ""66211329"", ""152102459"", ""52439531""]"
none_subset,5,133015212,112540745,4,214,0,0,0,0,0,0,"[""181699642"", ""190013445"", ""147751136"", ""154203183"", ""197860156"", ""77770612"", ""146180479"", ""143852845"", ""179909533"", ""159570716""]"
none_subset,5,188556983,157457665,64,2023,0,0,0,0,0,0,"[""124508209"", ""203544848"", ""202708847"", ""211228726"", ""167158322"", ""146228800"", ""43675047"", ""156912710"", ""200767454"", ""184029064""]"
none_subset,5,174837067,126753800,37,306,0,0,0,0,0,0,"[""212047029"", ""162977839"", ""195886526"", ""143805569"", ""180869206"", ""16898206"", ""204992307"", ""90201092"", ""153205116"", ""170049514""]"
none_subset,5,222693065,130516684,38,536,0,0,0,0,0,0,"[""166298317"", ""170764066"", ""46449031"", ""152095341"", ""103551862"", ""196412654"", ""80808498"", ""193820676"", ""125393017"", ""74162023""]"
none_subset,5,99601084,83819346,38,1005,0,0,0,0,0,0,"[""111085092"", ""150792406"", ""204637407"", ""162052155"", ""113999751"", ""148419997"", ""182761191"", ""184191073"", ""191870766"", ""179286930""]"
none_subset,5,157715047,101329146,38,18,0,0,0,0,1,1,"[""138015580"", ""167863303"", ""165832126"", ""193591162"", ""169647353"", ""169136130"", ""200734713"", ""187015482"", ""206862331"", ""189556740""]"
none_subset,5,26976717,26203195,4,1023,0,0,0,0,0,0,"[""156469871"", ""159922963"", ""120663751"", ""76515539"", ""162653386"", ""172890535"", ""176039610"", ""149095048"", ""149909385"", ""195717749""]"
none_subset,5,185758286,144044758,46,112,0,0,0,0,0,0,"[""168366663"", ""173222203"", ""103629761"", ""195578210"", ""190115727"", ""209979540"", ""207041275"", ""173211527"", ""163620792"", ""188889120""]"
none_subset,5,185071093,157010792,37,1032,0,0,0,0,0,0,"[""152140191"", ""93714502"", ""81340320"", ""121841349"", ""192597928"", ""152508279"", ""106674292"", ""200025016"", ""149017929"", ""158117230""]"
none_subset,5,180410610,149637816,38,683,0,0,0,0,0,0,"[""204637998"", ""132567182"", ""147686192"", ""81626812"", ""91690080"", ""188709100"", ""184191073"", ""118242163"", ""188953954"", ""176796563""]"
none_subset,5,190543446,155621797,4,212,0,0,0,0,0,0,"[""200030726"", ""180843726"", ""182581077"", ""93467050"", ""188468393"", ""196161368"", ""210484477"", ""210643102"", ""139342323"", ""213127345""]"
none_subset,5,194783535,112615204,64,76,0,0,0,0,0,0,"[""208465437"", ""65008714"", ""82846737"", ""74256345"", ""194106443"", ""195558974"", ""158126671"", ""146885295"", ""75157723"", ""213107525""]"
none_subset,5,209480438,187021020,37,553,0,0,0,0,0,0,"[""204992307"", ""152102790"", ""40661702"", ""197580749"", ""138291906"", ""134901665"", ""188083340"", ""159129159"", ""176608529"", ""208576745""]"
none_subset,5,217504200,201814913,64,29,0,0,0,0,1,1,"[""153266976"", ""196286888"", ""119651772"", ""49215114"", ""207826820"", ""213158029"", ""186937016"", ""207475739"", ""20371087"", ""168247151""]"
none_subset,5,44412937,30017242,4,1850,0,0,0,0,0,0,"[""64864978"", ""88119764"", ""71990231"", ""93223478"", ""151871639"", ""146961197"", ""140966958"", ""214759137"", ""22766945"", ""154727199""]"
none_subset,5,223556550,212168388,46,87,0,0,0,0,0,0,"[""183049052"", ""205586250"", ""188865413"", ""74840350"", ""209744189"", ""207529569"", ""143182122"", ""212530716"", ""76061645"", ""102548981""]"
none_subset,5,199370902,159384368,46,884,0,0,0,0,0,0,"[""103251721"", ""127947793"", ""184646371"", ""208811097"", ""204650950"", ""191200569"", ""200169558"", ""77527113"", ""193074174"", ""144964708""]"
none_subset,5,222943071,211704000,4,282,0,0,0,0,0,0,"[""78155271"", ""215305148"", ""133632260"", ""209124215"", ""153410659"", ""200277989"", ""146781680"", ""151978785"", ""198281595"", ""182581077""]"
none_subset,5,216267579,151817180,46,23,0,0,0,0,1,1,"[""186888123"", ""204650950"", ""134691092"", ""212857036"", ""103251721"", ""167383627"", ""190450261"", ""172604491"", ""208493172"", ""191200569""]"
none_subset,5,182699351,111176154,38,247,0,0,0,0,0,0,"[""174530040"", ""120618466"", ""28399802"", ""159864740"", ""68304286"", ""140138816"", ""207664747"", ""192992682"", ""71896485"", ""160458687""]"
none_subset,5,140033472,122407287,38,1284,0,0,0,0,0,0,"[""179000829"", ""117484080"", ""41147018"", ""124826718"", ""52533378"", ""205645402"", ""107256101"", ""165671081"", ""99798516"", ""127107925""]"
none_subset,5,133324109,117436576,43,1616,0,0,0,0,0,0,"[""182010866"", ""201598381"", ""203411518"", ""195893852"", ""110104374"", ""186949946"", ""132751926"", ""203487722"", ""180392687"", ""190801453""]"
none_subset,5,174213950,142506151,4,68,0,0,0,0,0,0,"[""156471159"", ""210821150"", ""133755220"", ""157367139"", ""54212504"", ""180940683"", ""187098404"", ""144251877"", ""141085810"", ""155811314""]"
none_subset,5,223812273,207942600,4,22,0,0,0,0,1,1,"[""119644839"", ""153939423"", ""159049760"", ""116057633"", ""154708788"", ""137958387"", ""99699218"", ""175596949"", ""122564854"", ""200570078""]"
none_subset,5,204104398,165151245,46,525,0,0,0,0,0,0,"[""204633518"", ""108154891"", ""132188413"", ""212507142"", ""138620481"", ""52439531"", ""201966464"", ""134647287"", ""200978060"", ""211380085""]"
none_subset,5,181095947,151971662,43,1080,0,0,0,0,0,0,"[""146898856"", ""75839769"", ""118484592"", ""38841821"", ""212847147"", ""151940220"", ""112320644"", ""90355123"", ""115645977"", ""151996214""]"
none_subset,5,224899119,192651386,43,14,0,0,0,0,1,1,"[""156395019"", ""178361669"", ""127000704"", ""98800023"", ""140335234"", ""79844098"", ""211890870"", ""211539337"", ""57750732"", ""204803959""]"
none_subset,5,183967688,155670027,38,682,0,0,0,0,0,0,"[""116766569"", ""109987226"", ""187319038"", ""200665837"", ""135619578"", ""99753126"", ""86568738"", ""126884451"", ""91690080"", ""212304490""]"
none_subset,5,184280318,132671829,38,2053,0,0,0,0,0,0,"[""96549387"", ""184673821"", ""100396975"", ""136204876"", ""67086891"", ""138045329"", ""209803175"", ""147242050"", ""125506764"", ""109035411""]"
none_subset,5,216271458,196562630,43,553,0,0,0,0,0,0,"[""202343187"", ""147937996"", ""146783647"", ""88264744"", ""190227741"", ""207421677"", ""200208585"", ""140343241"", ""170689754"", ""9583876""]"
none_subset,5,49152496,53953930,4,45,0,0,0,0,0,1,"[""208901976"", ""198909677"", ""171818167"", ""144907575"", ""143083752"", ""201707698"", ""191300394"", ""126042350"", ""172943291"", ""166880259""]"
none_subset,5,66288978,69002225,62,716,0,0,0,0,0,0,"[""135330582"", ""104128337"", ""137144214"", ""189571937"", ""156733813"", ""115226483"", ""145569722"", ""149484272"", ""157472228"", ""176880559""]"
none_subset,5,220840372,207954191,57,222,0,0,0,0,0,0,"[""213078674"", ""206210460"", ""215562071"", ""173433055"", ""203875366"", ""195892056"", ""165054297"", ""149301217"", ""209393238"", ""195614608""]"
none_subset,5,147306031,128106423,64,376,0,0,0,0,0,0,"[""167158322"", ""193536959"", ""151315331"", ""142735207"", ""99174752"", ""151373996"", ""170912580"", ""120966979"", ""76676235"", ""162799044""]"
none_subset,5,225316557,181446055,38,4,0,0,1,1,1,1,"[""174632713"", ""157714512"", ""193857246"", ""181446055"", ""99912896"", ""174772308"", ""192191594"", ""127669143"", ""190121356"", ""174539147""]"
none_subset,5,174525131,136554419,46,867,0,0,0,0,0,0,"[""210880528"", ""200735701"", ""181935054"", ""201461152"", ""173318669"", ""168398015"", ""204759997"", ""31288854"", ""175274891"", ""171198166""]"
none_subset,5,195885815,167310374,37,14,0,0,0,0,1,1,"[""167092117"", ""207481345"", ""176300467"", ""109707567"", ""128885740"", ""191148698"", ""147947722"", ""164055285"", ""157158070"", ""192371053""]"
none_subset,5,209210877,170072626,37,461,0,0,0,0,0,0,"[""205519279"", ""156606418"", ""206515039"", ""206587173"", ""206299844"", ""174516474"", ""143785487"", ""208935536"", ""146962916"", ""209794141""]"
none_subset,5,175741247,141574731,62,347,0,0,0,0,0,0,"[""137144214"", ""147831197"", ""188696626"", ""48004410"", ""191098407"", ""32200239"", ""117835777"", ""164437495"", ""136870941"", ""152444456""]"
none_subset,5,225332772,205095267,37,2857,0,0,0,0,0,0,"[""207481345"", ""79464358"", ""150765445"", ""92273591"", ""191148698"", ""201741807"", ""206895628"", ""191571552"", ""82961419"", ""168021556""]"
none_subset,5,207958562,129288036,64,393,0,0,0,0,0,0,"[""187016162"", ""207607236"", ""106066941"", ""165687007"", ""169151974"", ""127488797"", ""5009200"", ""189695574"", ""202459993"", ""211040708""]"
none_subset,5,208462466,174719538,64,90,0,0,0,0,0,0,"[""144366134"", ""211669271"", ""188379837"", ""196287148"", ""202548043"", ""207726882"", ""187325416"", ""206533862"", ""211889722"", ""192179303""]"
none_subset,5,218350216,203413072,57,350,0,0,0,0,0,0,"[""180302528"", ""180448567"", ""193981972"", ""206942180"", ""197135877"", ""211768637"", ""191815433"", ""182489530"", ""202655316"", ""184945351""]"
none_subset,5,184428330,141440077,4,57,0,0,0,0,0,0,"[""53541477"", ""73118528"", ""211167678"", ""25537887"", ""146976388"", ""206007161"", ""193007590"", ""161417907"", ""169909169"", ""9924656""]"
none_subset,5,201856004,167537206,64,13,0,0,0,0,1,1,"[""129093190"", ""166184401"", ""167740456"", ""152293696"", ""173246608"", ""184002672"", ""141327265"", ""100752496"", ""69248477"", ""160603185""]"
none_subset,5,215855432,169976903,4,859,0,0,0,0,0,0,"[""196161368"", ""180277966"", ""205144961"", ""180843726"", ""182581077"", ""200030726"", ""210484477"", ""188468393"", ""197090565"", ""211385428""]"
none_subset,5,211501789,190817084,43,309,0,0,0,0,0,0,"[""202025930"", ""159971774"", ""206730740"", ""178271380"", ""165285962"", ""182902299"", ""166734753"", ""184091403"", ""200208585"", ""207732639""]"
none_subset,5,175837973,147413615,62,342,0,0,0,0,0,0,"[""156564557"", ""22547515"", ""172904337"", ""113659126"", ""61854824"", ""112339725"", ""32645477"", ""113904136"", ""113542136"", ""1975349""]"
none_subset,5,204725838,161757069,37,263,0,0,0,0,0,0,"[""133351365"", ""210502009"", ""173640245"", ""194408004"", ""174101148"", ""206569261"", ""187543270"", ""186828113"", ""208141913"", ""201649016""]"
none_subset,5,197606699,145071351,43,1452,0,0,0,0,0,0,"[""176520859"", ""159511688"", ""199973560"", ""204264183"", ""131419078"", ""130951250"", ""164713298"", ""215217906"", ""205346867"", ""166301530""]"
none_subset,5,206736488,190493223,37,1158,0,0,0,0,0,0,"[""202857509"", ""80627031"", ""202331502"", ""104989552"", ""138625062"", ""211944194"", ""115477896"", ""192414071"", ""149298273"", ""153610553""]"
none_subset,5,197959137,158555938,57,7,0,0,0,1,1,1,"[""206545534"", ""211640040"", ""202223595"", ""205214596"", ""99228573"", ""211844405"", ""158555938"", ""138406659"", ""207769586"", ""200462582""]"
none_subset,5,216898820,200589462,4,358,0,0,0,0,0,0,"[""201461303"", ""190121568"", ""158986768"", ""196026500"", ""156855089"", ""99109493"", ""190289813"", ""195596465"", ""187535990"", ""188605425""]"
none_subset,5,176239974,140616698,64,693,0,0,0,0,0,0,"[""121260031"", ""169220249"", ""151373996"", ""24351090"", ""201298322"", ""203509707"", ""113312339"", ""183013744"", ""16466362"", ""128217933""]"
none_subset,5,157988855,136552233,64,1423,0,0,0,0,0,0,"[""35312252"", ""26075068"", ""152518752"", ""149002642"", ""103313660"", ""136714774"", ""185723367"", ""129421637"", ""81957796"", ""107795593""]"
none_subset,5,161185024,112700405,62,114,0,0,0,0,0,0,"[""9716999"", ""202245306"", ""188361417"", ""167961448"", ""127682307"", ""78092395"", ""191616356"", ""27329790"", ""208436202"", ""203439833""]"
none_subset,5,214846555,195919621,37,61,0,0,0,0,0,0,"[""187719393"", ""181408383"", ""190172991"", ""207544886"", ""201649016"", ""194958352"", ""202782009"", ""191538851"", ""211802210"", ""100843460""]"
none_subset,5,182932307,154018041,43,87,0,0,0,0,0,0,"[""173279591"", ""194667319"", ""125047033"", ""147992742"", ""114685682"", ""89479859"", ""177472789"", ""153867752"", ""198819588"", ""169200092""]"
none_subset,5,223890242,213307240,4,1,1,1,1,1,1,1,"[""213307240"", ""158986768"", ""211389849"", ""133070539"", ""213275113"", ""201079257"", ""187535990"", ""86000147"", ""214019748"", ""195510728""]"
none_subset,5,126143600,102679360,64,19,0,0,0,0,1,1,"[""21707133"", ""167354299"", ""131569653"", ""155340912"", ""95857401"", ""173980655"", ""183642716"", ""96029631"", ""164643454"", ""200859322""]"
none_subset,5,221471597,201385646,38,304,0,0,0,0,0,0,"[""204985593"", ""136949110"", ""200412630"", ""137269278"", ""150630196"", ""214289443"", ""165274768"", ""119096193"", ""124441124"", ""101958100""]"
none_subset,5,173298299,124122804,38,347,0,0,0,0,0,0,"[""166298317"", ""170764066"", ""132680001"", ""111431777"", ""201994268"", ""177616565"", ""180533985"", ""159013209"", ""185912167"", ""181391982""]"
none_subset,5,218520406,203736902,62,396,0,0,0,0,0,0,"[""132521306"", ""143772507"", ""189754029"", ""189968625"", ""128953179"", ""103668310"", ""110663965"", ""206222825"", ""114377329"", ""203772593""]"
none_subset,5,224142522,204338788,37,132,0,0,0,0,0,0,"[""186270944"", ""191892681"", ""177317879"", ""164126632"", ""143065905"", ""136186158"", ""208199932"", ""189695417"", ""127571417"", ""132821259""]"
none_subset,5,202410361,174578139,43,1829,0,0,0,0,0,0,"[""118456882"", ""214098104"", ""180987149"", ""186726793"", ""202567733"", ""206707474"", ""172848378"", ""154215969"", ""123633665"", ""203338637""]"
none_subset,5,161146600,138785143,57,613,0,0,0,0,0,0,"[""175665700"", ""193303170"", ""204720478"", ""172994991"", ""198700939"", ""210136489"", ""214160653"", ""213478012"", ""206056996"", ""210636826""]"
none_subset,5,222069475,170340278,62,613,0,0,0,0,0,0,"[""144733620"", ""127953008"", ""112339725"", ""128177020"", ""184223858"", ""19558627"", ""58202036"", ""206062280"", ""202517117"", ""183577698""]"
none_subset,5,194411661,163223965,43,10,0,0,0,1,1,1,"[""111061767"", ""88426427"", ""192942930"", ""76024222"", ""113125737"", ""169219606"", ""138924839"", ""196601703"", ""158146260"", ""163223965""]"
none_subset,5,224932591,191606915,64,142,0,0,0,0,0,0,"[""82846737"", ""191614451"", ""86356781"", ""161213343"", ""202169422"", ""54345172"", ""96320844"", ""136347027"", ""197888192"", ""154324585""]"
none_subset,5,210415489,183542149,4,212,0,0,0,0,0,0,"[""190758417"", ""146764647"", ""207099785"", ""101829627"", ""192877167"", ""206010093"", ""211385428"", ""189945818"", ""177056777"", ""183792420""]"
none_subset,5,15571882,13426070,38,530,0,0,0,0,0,0,"[""154090124"", ""37709032"", ""133136953"", ""148428740"", ""38003672"", ""18107447"", ""165955684"", ""186868507"", ""55870666"", ""183569499""]"
none_subset,5,98110577,25513745,4,81,0,0,0,0,0,0,"[""112475075"", ""91829997"", ""190233287"", ""171902128"", ""207098068"", ""142456567"", ""161643758"", ""167074809"", ""104674345"", ""190871924""]"
none_subset,5,215808683,193202852,38,18,0,0,0,0,1,1,"[""192920732"", ""205170862"", ""209590588"", ""181203442"", ""170400945"", ""209925991"", ""184519031"", ""209921939"", ""101375863"", ""208445626""]"
none_subset,5,157938763,131128383,64,82,0,0,0,0,0,0,"[""69227080"", ""200883111"", ""73065988"", ""77671900"", ""184412814"", ""115629895"", ""149734769"", ""153271284"", ""174916841"", ""200110600""]"
none_subset,5,195879054,164721000,64,643,0,0,0,0,0,0,"[""202169422"", ""152293696"", ""141327265"", ""167740456"", ""156013516"", ""149248055"", ""193964371"", ""100752496"", ""128607088"", ""173246608""]"
none_subset,5,223876308,209808536,38,370,0,0,0,0,0,0,"[""68644542"", ""100712745"", ""93923477"", ""36621623"", ""189745383"", ""168644115"", ""183915016"", ""69722104"", ""94794120"", ""174760342""]"
none_subset,5,214132806,193403705,43,598,0,0,0,0,0,0,"[""66867545"", ""197607286"", ""164476094"", ""182870508"", ""67063550"", ""186549940"", ""197607322"", ""194952332"", ""71803254"", ""211526829""]"
none_subset,5,52664700,60411182,62,2574,0,0,0,0,0,0,"[""119067436"", ""135753852"", ""128594783"", ""83760975"", ""166012487"", ""155414961"", ""136359251"", ""16082541"", ""97032103"", ""131859804""]"
none_subset,5,200266803,114685239,43,2142,0,0,0,0,0,0,"[""144744853"", ""163980868"", ""186662243"", ""129633706"", ""215259952"", ""193020832"", ""188901420"", ""82745740"", ""197833947"", ""158317596""]"
none_subset,5,217984127,194136520,46,16,0,0,0,0,1,1,"[""168220730"", ""152527976"", ""157599774"", ""215006086"", ""204723094"", ""204245787"", ""212809187"", ""207664468"", ""93926902"", ""78631092""]"
none_subset,5,98474414,70434629,38,129,0,0,0,0,0,0,"[""195844405"", ""172773467"", ""211267789"", ""207475710"", ""200560256"", ""210816014"", ""131932311"", ""143391268"", ""55757524"", ""207948213""]"
none_subset,5,203033874,175785148,62,297,0,0,0,0,0,0,"[""180448591"", ""206664307"", ""204577887"", ""200033285"", ""150919912"", ""212412503"", ""206841068"", ""125264671"", ""141693897"", ""185851832""]"
none_subset,5,208098642,184209950,57,325,0,0,0,0,0,0,"[""211568673"", ""126962839"", ""163863157"", ""202770273"", ""204632527"", ""185584299"", ""199479829"", ""153321595"", ""168006556"", ""209048371""]"
none_subset,5,173574562,143597501,38,1210,0,0,0,0,0,0,"[""100749834"", ""144261984"", ""111639650"", ""99816295"", ""203526643"", ""169004224"", ""193532212"", ""139197933"", ""204880845"", ""187386200""]"
none_subset,5,90053851,87387447,64,38,0,0,0,0,0,1,"[""166095870"", ""156400594"", ""56833135"", ""213914636"", ""201865198"", ""131707967"", ""36366553"", ""137648602"", ""197129998"", ""200016831""]"
none_subset,5,161837918,127669239,38,149,0,0,0,0,0,0,"[""214890741"", ""192191594"", ""55870666"", ""167323493"", ""38003672"", ""18107447"", ""151607631"", ""96535503"", ""138757742"", ""102368805""]"
none_subset,5,177388849,149611213,46,1706,0,0,0,0,0,0,"[""207664468"", ""172671263"", ""162020306"", ""208605842"", ""191328220"", ""173138479"", ""204633518"", ""206419210"", ""64629457"", ""113000796""]"
none_subset,5,184500825,156456714,4,20,0,0,0,0,1,1,"[""113622434"", ""156901917"", ""87832508"", ""102233014"", ""146628629"", ""184628720"", ""100007550"", ""137934343"", ""153876637"", ""126889201""]"
none_subset,5,222767943,209217971,57,1071,0,0,0,0,0,0,"[""171450864"", ""139112302"", ""209991023"", ""57896054"", ""139164571"", ""206372915"", ""171536144"", ""102094865"", ""174045320"", ""182367509""]"
none_subset,5,215241629,192731605,43,197,0,0,0,0,0,0,"[""180844785"", ""189283285"", ""182902299"", ""183765224"", ""189266294"", ""182399428"", ""152989526"", ""185360446"", ""189297376"", ""165710029""]"
none_subset,5,183100470,99417938,64,524,0,0,0,0,0,0,"[""209575498"", ""121756376"", ""202708847"", ""189845371"", ""82453175"", ""183047062"", ""139013046"", ""200767454"", ""72527056"", ""156400594""]"
none_subset,5,179107092,144454199,62,365,0,0,0,0,0,0,"[""67894406"", ""39996426"", ""72010081"", ""186936582"", ""65335111"", ""137144214"", ""62333104"", ""69863959"", ""135330582"", ""149484272""]"
none_subset,5,208304805,109143906,62,745,0,0,0,0,0,0,"[""172047615"", ""156814814"", ""92982052"", ""188361417"", ""160871092"", ""168348573"", ""153485930"", ""202245306"", ""205137345"", ""207280732""]"
none_subset,5,187084437,157264118,38,683,0,0,0,0,0,0,"[""126393314"", ""180023471"", ""108033709"", ""174539147"", ""31197704"", ""193054363"", ""154112696"", ""100758724"", ""44504337"", ""123821164""]"
none_subset,5,182829203,121637221,57,1863,0,0,0,0,0,0,"[""192623892"", ""36514535"", ""214037159"", ""210561069"", ""195801582"", ""194890179"", ""198496404"", ""202358315"", ""213406997"", ""211768637""]"
none_subset,5,222069124,145729982,43,96,0,0,0,0,0,0,"[""117626711"", ""56961091"", ""104957798"", ""142451013"", ""171376543"", ""170809412"", ""87909441"", ""178850565"", ""194796888"", ""127655947""]"
none_subset,5,103400294,94729022,64,1653,0,0,0,0,0,0,"[""122024341"", ""129093190"", ""166289001"", ""119643934"", ""167740456"", ""173357253"", ""193298062"", ""128217933"", ""194835735"", ""122175441""]"
none_subset,5,224914581,176953865,64,159,0,0,0,0,0,0,"[""195393000"", ""200392729"", ""205134381"", ""19607163"", ""167354299"", ""16060214"", ""78739274"", ""128603026"", ""184410319"", ""47318174""]"
none_subset,5,214666513,195619020,37,10,0,0,0,1,1,1,"[""117685268"", ""201913249"", ""130515422"", ""187221589"", ""175392694"", ""178691365"", ""146070036"", ""181022161"", ""146524904"", ""195619020""]"
none_subset,5,222321400,182166699,57,342,0,0,0,0,0,0,"[""173370077"", ""176297954"", ""209801964"", ""204675075"", ""171686923"", ""211329611"", ""189194901"", ""211144254"", ""193349740"", ""175850879""]"
none_subset,5,216944551,159359494,43,278,0,0,0,0,0,0,"[""67909736"", ""72463184"", ""191583920"", ""164251704"", ""209546973"", ""183965795"", ""202025930"", ""215513285"", ""146783647"", ""66709745""]"
none_subset,5,210707828,152227829,62,1552,0,0,0,0,0,0,"[""152017732"", ""191802528"", ""69167066"", ""182479029"", ""193245188"", ""72763415"", ""96883464"", ""144080444"", ""97218462"", ""97699076""]"
none_subset,5,180014956,142418825,38,291,0,0,0,0,0,0,"[""195666912"", ""208393437"", ""157657051"", ""44504337"", ""168951987"", ""126393314"", ""206067851"", ""204880845"", ""160688952"", ""195545729""]"
none_subset,5,215076463,163758025,38,172,0,0,0,0,0,0,"[""143244996"", ""92748634"", ""163646287"", ""122392168"", ""192933104"", ""191873092"", ""98884535"", ""171247461"", ""109270817"", ""177616565""]"
none_subset,5,205252925,169789662,46,442,0,0,0,0,0,0,"[""131545810"", ""169485140"", ""194136520"", ""205769669"", ""165073004"", ""138326639"", ""142410249"", ""105137217"", ""204723094"", ""215475381""]"
none_subset,5,183925854,153105815,46,10,0,0,0,1,1,1,"[""157884203"", ""139649558"", ""155017018"", ""140208813"", ""193559506"", ""143770600"", ""192342929"", ""160110731"", ""196783083"", ""153105815""]"
none_subset,5,224020111,198002699,46,160,0,0,0,0,0,0,"[""207214996"", ""199718807"", ""202547061"", ""210498357"", ""136715816"", ""135605303"", ""197720233"", ""210393362"", ""161007649"", ""203763329""]"
none_subset,5,187296862,158205918,4,624,0,0,0,0,0,0,"[""215024895"", ""185596367"", ""161086623"", ""211167678"", ""108788103"", ""208445219"", ""73118528"", ""12178422"", ""209043508"", ""208324043""]"
none_subset,5,220810360,138163284,64,53,0,0,0,0,0,0,"[""111626622"", ""105144259"", ""67792301"", ""146228800"", ""132536483"", ""82453175"", ""70627695"", ""143686140"", ""152603802"", ""48108527""]"
none_subset,5,223818925,199451041,4,1367,0,0,0,0,0,0,"[""93517902"", ""193746035"", ""159659843"", ""197928464"", ""197859740"", ""191889856"", ""147828982"", ""214896797"", ""184967461"", ""203515307""]"
none_subset,5,222921695,135905491,38,640,0,0,0,0,0,0,"[""169820470"", ""103005464"", ""132991311"", ""142598311"", ""62494905"", ""189799383"", ""112389064"", ""196068182"", ""83819346"", ""139391862""]"
none_subset,5,216187678,198809896,4,160,0,0,0,0,0,0,"[""201657691"", ""202571906"", ""195744792"", ""205600080"", ""191316160"", ""215305148"", ""201357350"", ""196470181"", ""78155271"", ""182581077""]"
none_subset,5,208818858,184790742,64,888,0,0,0,0,0,0,"[""84315130"", ""121322111"", ""187914316"", ""119011216"", ""106851845"", ""70397289"", ""73275498"", ""174387123"", ""160675869"", ""91835393""]"
none_subset,5,219722612,159255378,4,150,0,0,0,0,0,0,"[""144811459"", ""159049760"", ""167104684"", ""148526912"", ""125311774"", ""119644839"", ""100901027"", ""177486457"", ""190228386"", ""153939423""]"
none_subset,5,174150733,143077183,46,837,0,0,0,0,0,0,"[""167383627"", ""207971487"", ""134541468"", ""214640950"", ""202480156"", ""108971427"", ""203817887"", ""136992761"", ""156263625"", ""109629224""]"
none_subset,5,208472831,174516474,37,723,0,0,0,0,0,0,"[""210502009"", ""195014964"", ""193656232"", ""134610044"", ""170544975"", ""121097766"", ""183094359"", ""207481345"", ""203829614"", ""164351701""]"
none_subset,5,225331879,211781657,46,453,0,0,0,0,0,0,"[""207544587"", ""206507798"", ""193685035"", ""133168724"", ""174478709"", ""213854328"", ""133780489"", ""211141745"", ""141874387"", ""210836993""]"
none_subset,5,182892098,152196065,57,423,0,0,0,0,0,0,"[""12178696"", ""194409455"", ""131667486"", ""180417908"", ""153865654"", ""138406659"", ""206545534"", ""59034220"", ""46161795"", ""200462582""]"
none_subset,5,191191397,161679651,37,306,0,0,0,0,0,0,"[""191259466"", ""191131185"", ""188912090"", ""197955172"", ""201649016"", ""183094359"", ""187389375"", ""168115320"", ""142630827"", ""206293466""]"
none_subset,5,51157154,56376408,64,63,0,0,0,0,0,0,"[""212258528"", ""86007149"", ""172411971"", ""211179127"", ""196928465"", ""108051613"", ""214883675"", ""182166933"", ""192837546"", ""211171973""]"
none_subset,5,213506298,194022328,4,277,0,0,0,0,0,0,"[""215305148"", ""78155271"", ""199975894"", ""153410659"", ""195744792"", ""133632260"", ""138230066"", ""214491007"", ""198281595"", ""86385298""]"
none_subset,5,185600450,118284407,64,513,0,0,0,0,0,0,"[""147667682"", ""80281524"", ""159020740"", ""124508209"", ""46094230"", ""155183786"", ""90967247"", ""201421429"", ""120966979"", ""63861102""]"
none_subset,5,180909269,115463757,37,372,0,0,0,0,0,0,"[""164141851"", ""51749408"", ""93714502"", ""139391729"", ""152508279"", ""129519764"", ""203489688"", ""162095481"", ""152140191"", ""101351593""]"
none_subset,5,201721125,136423579,62,24,0,0,0,0,1,1,"[""161194868"", ""71461693"", ""155653139"", ""148423515"", ""136225463"", ""134917876"", ""148737562"", ""120041482"", ""15445290"", ""116973316""]"
none_subset,5,115556942,103936826,4,43,0,0,0,0,0,1,"[""105240256"", ""146357422"", ""212215373"", ""104293117"", ""203537664"", ""205390513"", ""211027940"", ""168012970"", ""32220775"", ""184090522""]"
none_subset,5,194887665,167548901,46,126,0,0,0,0,0,0,"[""212433966"", ""114442083"", ""195309442"", ""104638861"", ""205132358"", ""159203778"", ""206672410"", ""187591614"", ""172604491"", ""177300409""]"
none_subset,5,138219661,119900827,4,1,1,1,1,1,1,1,"[""119900827"", ""201906192"", ""102233014"", ""50763598"", ""203910236"", ""78155271"", ""86385298"", ""191300394"", ""150577652"", ""150456310""]"
none_subset,5,212540852,192319538,43,751,0,0,0,0,0,0,"[""196746909"", ""190770204"", ""210037205"", ""197961838"", ""202025930"", ""146918461"", ""180879330"", ""165710029"", ""199212700"", ""134298306""]"
none_subset,5,176555063,135810804,57,214,0,0,0,0,0,0,"[""208742570"", ""141122844"", ""199425070"", ""180302528"", ""131546113"", ""180448567"", ""195907765"", ""210498921"", ""189762370"", ""132446211""]"
none_subset,5,225173739,208033167,64,47,0,0,0,0,0,1,"[""69885765"", ""108526378"", ""179740887"", ""79121811"", ""181955550"", ""96822403"", ""83890055"", ""97352989"", ""187557702"", ""70262578""]"
none_subset,5,158468307,129585105,38,8,0,0,0,1,1,1,"[""82057494"", ""206429629"", ""192554802"", ""192510359"", ""160111603"", ""213206158"", ""124226339"", ""129585105"", ""205490638"", ""173028621""]"
none_subset,5,186450742,147354525,46,410,0,0,0,0,0,0,"[""172250706"", ""146029150"", ""145084375"", ""208605842"", ""101304130"", ""28587929"", ""143182122"", ""207529569"", ""147047749"", ""102548981""]"
none_subset,5,181047857,152412516,57,1171,0,0,0,0,0,0,"[""194409455"", ""121902729"", ""110306995"", ""107527374"", ""134702798"", ""211148392"", ""39472658"", ""199908579"", ""201926544"", ""143721865""]"
none_subset,5,91443112,85213040,43,554,0,0,0,0,0,0,"[""188690647"", ""191707492"", ""183751849"", ""126121357"", ""114685239"", ""141261592"", ""127980051"", ""96299035"", ""73201099"", ""39281999""]"
none_subset,5,119539452,106502277,43,1172,0,0,0,0,0,0,"[""193992249"", ""201236975"", ""199212700"", ""199136571"", ""197961838"", ""182659741"", ""185196782"", ""162581328"", ""188517916"", ""64251949""]"
none_subset,5,191907572,158126671,64,1,1,1,1,1,1,1,"[""158126671"", ""145930227"", ""188236622"", ""161643481"", ""173661276"", ""126209163"", ""136904065"", ""145311603"", ""213107525"", ""210451384""]"
none_subset,5,218261275,173939203,38,96,0,0,0,0,0,0,"[""201619850"", ""124226339"", ""119050794"", ""148708621"", ""146847513"", ""98740967"", ""150981082"", ""171461647"", ""205275326"", ""207870230""]"
none_subset,5,159177944,138639851,46,40,0,0,0,0,0,1,"[""160764333"", ""118565908"", ""93122967"", ""211987120"", ""211440718"", ""103963518"", ""174613608"", ""172035206"", ""131018578"", ""97199428""]"
none_subset,5,207369823,175349512,38,220,0,0,0,0,0,0,"[""98884535"", ""143150197"", ""192587307"", ""122392168"", ""37745250"", ""81220432"", ""192933104"", ""210619922"", ""118383153"", ""134221699""]"
none_subset,5,224642974,213296555,46,2606,0,0,0,0,0,0,"[""79523323"", ""181810712"", ""191705183"", ""16673496"", ""101194970"", ""155712241"", ""188529439"", ""206936110"", ""181905212"", ""120660699""]"
none_subset,5,153329728,132795249,43,27,0,0,0,0,1,1,"[""192741559"", ""212129667"", ""203348372"", ""198322720"", ""166734753"", ""210037205"", ""201230840"", ""113451129"", ""201905433"", ""200883540""]"
none_subset,5,224929989,146515707,38,58,0,0,0,0,0,0,"[""58199619"", ""92748634"", ""163646287"", ""204218454"", ""107235965"", ""121756181"", ""198468875"", ""213109347"", ""34102224"", ""176455982""]"
none_subset,5,221098190,195854271,57,76,0,0,0,0,0,0,"[""179083953"", ""205233758"", ""183349552"", ""153492772"", ""138365679"", ""212895565"", ""142032570"", ""201084593"", ""163252829"", ""173797071""]"
none_subset,5,155831788,132325249,38,1306,0,0,0,0,0,0,"[""140138816"", ""174530040"", ""179286930"", ""182237895"", ""68304286"", ""159864740"", ""172317716"", ""75182035"", ""127539785"", ""192992682""]"
none_subset,5,126845448,112937104,4,488,0,0,0,0,0,0,"[""155703180"", ""94319899"", ""139418370"", ""163349092"", ""63004444"", ""146861531"", ""185429569"", ""192875206"", ""153844775"", ""184538683""]"
none_subset,5,179361545,106038218,64,514,0,0,0,0,0,0,"[""177968315"", ""174916841"", ""195841911"", ""126295674"", ""156077786"", ""136053941"", ""209149616"", ""124963799"", ""98469115"", ""206880666""]"
none_subset,5,139449822,117334028,38,1072,0,0,0,0,0,0,"[""132005414"", ""126012999"", ""189542488"", ""194116496"", ""20918033"", ""133939663"", ""196915199"", ""202818877"", ""179286930"", ""138613562""]"
none_subset,5,221096484,205170862,38,7,0,0,0,1,1,1,"[""193744229"", ""202202801"", ""200412630"", ""199402447"", ""81584170"", ""152236293"", ""205170862"", ""99026554"", ""145151055"", ""100690598""]"
none_subset,5,194053252,144803619,37,175,0,0,0,0,0,0,"[""149631379"", ""21423746"", ""119637829"", ""188742562"", ""155606960"", ""152140191"", ""214702437"", ""132606216"", ""147143113"", ""160098809""]"
none_subset,5,193744363,162888304,4,220,0,0,0,0,0,0,"[""149710961"", ""211663742"", ""146131577"", ""169868864"", ""109266786"", ""143547772"", ""214085481"", ""57282019"", ""97922019"", ""108202978""]"
none_subset,5,56881494,59824769,64,123,0,0,0,0,0,0,"[""80281524"", ""181619566"", ""179201033"", ""177536477"", ""35312252"", ""187708913"", ""47318174"", ""105879570"", ""188820923"", ""155048626""]"
none_subset,5,213465163,187705042,62,708,0,0,0,0,0,0,"[""72763415"", ""172190870"", ""113866351"", ""15942056"", ""156487231"", ""162263431"", ""187978938"", ""147431302"", ""124381580"", ""42940692""]"
none_subset,5,208699858,179210556,64,22,0,0,0,0,1,1,"[""208376832"", ""69885765"", ""179740887"", ""83890055"", ""203188239"", ""168805608"", ""136038725"", ""193944748"", ""152762249"", ""73065988""]"
none_subset,5,195833750,123189996,64,29,0,0,0,0,1,1,"[""133623259"", ""22329772"", ""72224328"", ""81240114"", ""143226636"", ""213581190"", ""154412302"", ""99717427"", ""169239802"", ""158504483""]"
none_subset,5,181207777,144454199,62,333,0,0,0,0,0,0,"[""191074130"", ""191211417"", ""62333104"", ""182512987"", ""149484272"", ""136870941"", ""69863959"", ""17141885"", ""203285864"", ""113290454""]"
none_subset,5,211604132,188799739,4,1044,0,0,0,0,0,0,"[""147422442"", ""103676177"", ""160129846"", ""199067357"", ""188074441"", ""156860646"", ""73825216"", ""193729388"", ""192424356"", ""153844775""]"
none_subset,5,218617140,203875366,57,582,0,0,0,0,0,0,"[""181900351"", ""60097525"", ""143168719"", ""212948411"", ""207176758"", ""102488247"", ""171500605"", ""205026087"", ""113047535"", ""195118023""]"
none_subset,5,217487255,196511259,64,917,0,0,0,0,0,0,"[""166289001"", ""129093190"", ""160603185"", ""128217933"", ""180020484"", ""193298062"", ""146444401"", ""112111649"", ""173357253"", ""53453982""]"
none_subset,5,217577782,191677362,62,591,0,0,0,0,0,0,"[""213066001"", ""202235121"", ""194289010"", ""185606507"", ""121524691"", ""100460340"", ""126658969"", ""191074130"", ""145492438"", ""197167262""]"
none_subset,5,203358632,174101198,37,929,0,0,0,0,0,0,"[""210082244"", ""50546747"", ""210647982"", ""177427251"", ""160669516"", ""209553393"", ""145639775"", ""209034394"", ""169674639"", ""211317455""]"
none_subset,5,121248621,108713383,46,616,0,0,0,0,0,0,"[""49032725"", ""79694314"", ""134232696"", ""163712975"", ""162270850"", ""39213876"", ""173886498"", ""72730720"", ""121389120"", ""120660699""]"
none_subset,5,76000782,53594227,57,71,0,0,0,0,0,0,"[""58773802"", ""31932356"", ""194409455"", ""100527593"", ""175340511"", ""121902729"", ""184690297"", ""59115303"", ""125339147"", ""85942447""]"
none_subset,5,191982239,161813766,38,285,0,0,0,0,0,0,"[""187932569"", ""193857539"", ""204880845"", ""143848258"", ""192509185"", ""157657051"", ""195545729"", ""137272079"", ""188626794"", ""166302090""]"
none_subset,5,216739051,200370854,37,70,0,0,0,0,0,0,"[""211571619"", ""170278658"", ""195073454"", ""180837553"", ""203900707"", ""176146852"", ""210562159"", ""190569345"", ""65670417"", ""193667358""]"
none_subset,5,192931748,163620157,62,95,0,0,0,0,0,0,"[""210424203"", ""129898062"", ""182029851"", ""192577715"", ""165119271"", ""113199085"", ""142923518"", ""32728587"", ""165119231"", ""185552249""]"
none_subset,5,224192708,212429237,64,73,0,0,0,0,0,0,"[""177968315"", ""174916841"", ""195841911"", ""136053941"", ""165717472"", ""102619257"", ""184412814"", ""156077786"", ""126295674"", ""209149616""]"
none_subset,5,222889034,211582481,43,2,0,1,1,1,1,1,"[""189547099"", ""211582481"", ""201213450"", ""210822887"", ""184024262"", ""168830681"", ""156536547"", ""136773099"", ""187215484"", ""196286515""]"
none_subset,5,210329706,184254034,64,263,0,0,0,0,0,0,"[""169931960"", ""196368507"", ""192779268"", ""137217328"", ""182426229"", ""147223868"", ""206705882"", ""150570854"", ""136600772"", ""174719538""]"
none_subset,5,98720243,82453175,64,1841,0,0,0,0,0,0,"[""186122058"", ""193983183"", ""188286775"", ""121166403"", ""160675869"", ""193984019"", ""173661276"", ""76676235"", ""94863968"", ""178690639""]"
none_subset,5,191920165,151312076,38,45,0,0,0,0,0,1,"[""91690080"", ""126884451"", ""109987226"", ""135619578"", ""204637998"", ""132567182"", ""99753126"", ""176796563"", ""122849837"", ""180347138""]"
none_subset,5,193516549,141087936,37,2068,0,0,0,0,0,0,"[""136371572"", ""116240817"", ""154409188"", ""119227333"", ""21114364"", ""202222440"", ""45171964"", ""208575799"", ""98327133"", ""186543138""]"
none_subset,5,215181467,196352343,4,145,0,0,0,0,0,0,"[""199780246"", ""200963901"", ""191909632"", ""191214295"", ""159111889"", ""191695909"", ""187602417"", ""63004444"", ""50948393"", ""160037231""]"
none_subset,5,213470302,193563274,38,1129,0,0,0,0,0,0,"[""201835961"", ""157657051"", ""154107984"", ""204880845"", ""121564255"", ""143244996"", ""69350726"", ""132325249"", ""62361505"", ""174456119""]"
none_subset,5,217382278,205030690,46,67,0,0,0,0,0,0,"[""157884203"", ""139649558"", ""110303791"", ""140208813"", ""153105815"", ""158054071"", ""160110731"", ""143770600"", ""133674182"", ""100910403""]"
none_subset,5,187772901,152337991,64,60,0,0,0,0,0,0,"[""70397289"", ""193983183"", ""121166403"", ""206213762"", ""156281163"", ""168608952"", ""63926364"", ""181705179"", ""94863968"", ""189971087""]"
none_subset,5,214506218,194775259,64,88,0,0,0,0,0,0,"[""31017779"", ""91451711"", ""130875563"", ""109320323"", ""168374070"", ""96029631"", ""144281937"", ""201270567"", ""106156401"", ""79117002""]"
none_subset,5,223760928,210450450,57,41,0,0,0,0,0,1,"[""193469879"", ""211144150"", ""206210460"", ""211668933"", ""212461400"", ""213078674"", ""106413750"", ""188684328"", ""206750272"", ""213137381""]"
none_subset,5,174683528,86091554,46,65,0,0,0,0,0,0,"[""208431287"", ""145094112"", ""174665100"", ""202061415"", ""78631092"", ""204563408"", ""215006086"", ""161442585"", ""185394378"", ""176647062""]"
none_subset,5,220595838,192805958,46,724,0,0,0,0,0,0,"[""129879441"", ""186116554"", ""203329657"", ""84576505"", ""150142821"", ""152102459"", ""108154891"", ""113869306"", ""78570599"", ""212507142""]"
none_subset,5,194436636,126011300,38,31,0,0,0,0,0,1,"[""135212492"", ""206990464"", ""140011709"", ""110415230"", ""82057494"", ""141723125"", ""209719272"", ""206429629"", ""155641140"", ""58573176""]"
none_subset,5,133292443,112902032,64,1109,0,0,0,0,0,0,"[""56593545"", ""169622540"", ""159273484"", ""168712424"", ""211040708"", ""35312252"", ""207826820"", ""195426035"", ""144736626"", ""140855645""]"
none_subset,5,95295742,55355667,43,1379,0,0,0,0,0,0,"[""197607286"", ""205605896"", ""67063550"", ""193482080"", ""194952332"", ""86540011"", ""79396448"", ""141417624"", ""104265595"", ""154180471""]"
none_subset,5,207550436,179000829,38,1,1,1,1,1,1,1,"[""179000829"", ""107256101"", ""181132638"", ""213648542"", ""189460577"", ""132744896"", ""176971005"", ""146889690"", ""110325303"", ""193093639""]"
none_subset,5,168234043,105284015,64,28,0,0,0,0,1,1,"[""182501391"", ""151589612"", ""111685759"", ""55550671"", ""181529530"", ""190758206"", ""126296430"", ""144627869"", ""199479452"", ""190654638""]"
none_subset,5,206867388,181331283,43,1134,0,0,0,0,0,0,"[""207851646"", ""191701553"", ""105238183"", ""127655947"", ""170809412"", ""89602786"", ""183687457"", ""198700213"", ""114124021"", ""116683386""]"
none_subset,5,154993550,127087324,37,185,0,0,0,0,0,0,"[""123163900"", ""119637829"", ""175772166"", ""185847475"", ""183552543"", ""142288546"", ""157022245"", ""103057199"", ""204657866"", ""152447144""]"
none_subset,5,215105169,196286726,64,6,0,0,0,1,1,1,"[""192779268"", ""191930990"", ""206276658"", ""200505701"", ""195529634"", ""196286726"", ""200026497"", ""157002145"", ""147671714"", ""187016162""]"
none_subset,5,221268804,179735008,4,147,0,0,0,0,0,0,"[""156401201"", ""206016133"", ""211664992"", ""213679625"", ""108342269"", ""206279065"", ""73118528"", ""190228386"", ""197046560"", ""9924656""]"
none_subset,5,191892692,164374132,43,6,0,0,0,1,1,1,"[""164527202"", ""208345597"", ""165688631"", ""188954949"", ""198125462"", ""164374132"", ""120765596"", ""139391726"", ""193746203"", ""168992911""]"
none_subset,5,190066343,162413549,37,690,0,0,0,0,0,0,"[""165174023"", ""195296935"", ""191911000"", ""153099679"", ""190568516"", ""190075252"", ""184320957"", ""197955172"", ""211094404"", ""103731169""]"
none_subset,5,172680642,130299986,4,4,0,0,1,1,1,1,"[""136474102"", ""171447530"", ""202362364"", ""130299986"", ""200963858"", ""191695096"", ""145583009"", ""153991203"", ""191630851"", ""182183775""]"
none_subset,5,124652082,111507227,46,445,0,0,0,0,0,0,"[""151511658"", ""78570599"", ""150142821"", ""102529512"", ""113869306"", ""191792029"", ""138620481"", ""143366526"", ""212507142"", ""190912236""]"
none_subset,5,211314847,179041527,46,145,0,0,0,0,0,0,"[""196783083"", ""188805088"", ""156554598"", ""187829464"", ""156263625"", ""203220040"", ""139649558"", ""81549989"", ""110268464"", ""205315794""]"
none_subset,5,216976389,193787837,64,726,0,0,0,0,0,0,"[""76676235"", ""1923943"", ""131561726"", ""101587118"", ""211873793"", ""66459509"", ""518627"", ""151373996"", ""117946057"", ""193536959""]"
none_subset,5,157899270,122844194,46,1120,0,0,0,0,0,0,"[""138326639"", ""105137217"", ""121587868"", ""168220730"", ""131545810"", ""53654857"", ""202547061"", ""61233280"", ""191221232"", ""197720233""]"
none_subset,5,31876020,35001266,46,67,0,0,0,0,0,0,"[""194051265"", ""32062492"", ""173318669"", ""16435346"", ""188997673"", ""79523323"", ""45817478"", ""32199561"", ""51692336"", ""194793794""]"
none_subset,5,136392754,104135674,64,170,0,0,0,0,0,0,"[""194094670"", ""138800320"", ""149715107"", ""119643934"", ""129093190"", ""167740456"", ""122024341"", ""166289001"", ""194941994"", ""193298062""]"
none_subset,5,174050717,146272807,37,142,0,0,0,0,0,0,"[""153367008"", ""197344850"", ""119121797"", ""173499684"", ""189787964"", ""190251047"", ""140706897"", ""157139216"", ""189934851"", ""194190675""]"
none_subset,5,85517234,16200082,4,868,0,0,0,0,0,0,"[""163349092"", ""139418370"", ""209715606"", ""147828982"", ""171818167"", ""197859740"", ""192402919"", ""186775950"", ""102233014"", ""56795758""]"
none_subset,5,60621521,66001771,38,236,0,0,0,0,0,0,"[""113712890"", ""12850729"", ""83459172"", ""205873127"", ""138028240"", ""174218102"", ""178111049"", ""107183594"", ""155947772"", ""116766569""]"
none_subset,5,195598730,168407756,62,518,0,0,0,0,0,0,"[""205216281"", ""150361414"", ""123145266"", ""204435102"", ""192653562"", ""152893544"", ""212180917"", ""173975128"", ""143989434"", ""190541240""]"
none_subset,5,194696531,165507559,4,365,0,0,0,0,0,0,"[""199361385"", ""127548260"", ""177860593"", ""195846870"", ""145583009"", ""205041976"", ""112134542"", ""143252456"", ""207942600"", ""185262753""]"
none_subset,5,172009441,143567150,57,707,0,0,0,0,0,0,"[""110563932"", ""111475511"", ""138618540"", ""86061978"", ""131732559"", ""124415280"", ""133682860"", ""40488723"", ""110306995"", ""86791172""]"
none_subset,5,106371568,81712775,62,1426,0,0,0,0,0,0,"[""187005682"", ""117835777"", ""203397613"", ""73906788"", ""104128337"", ""207100364"", ""190186845"", ""187207232"", ""15942056"", ""186756267""]"
none_subset,5,221354881,208956211,62,1559,0,0,0,0,0,0,"[""67894406"", ""168785007"", ""186936582"", ""135330582"", ""161511273"", ""74169769"", ""53450905"", ""72010081"", ""52919918"", ""123678493""]"
none_subset,5,140630550,105605834,4,460,0,0,0,0,0,0,"[""90543409"", ""176334578"", ""88781085"", ""189945818"", ""64578501"", ""207968393"", ""166293122"", ""200691824"", ""177949545"", ""179784665""]"
none_subset,5,205970803,181306942,4,16,0,0,0,0,1,1,"[""210721272"", ""167351572"", ""110512138"", ""172989914"", ""98076075"", ""22859510"", ""110925434"", ""84839916"", ""133966108"", ""188285916""]"
none_subset,5,175938816,147988293,37,154,0,0,0,0,0,0,"[""87450438"", ""194958352"", ""116240817"", ""181408383"", ""157806065"", ""208575799"", ""165174023"", ""136371572"", ""94966858"", ""187719393""]"
none_subset,5,81153449,13469891,4,392,0,0,0,0,0,0,"[""23408401"", ""120663751"", ""151518049"", ""178109092"", ""141488485"", ""76515539"", ""16847694"", ""114164900"", ""149095048"", ""148281605""]"
none_subset,5,220204771,206235969,4,71,0,0,0,0,0,0,"[""195078342"", ""163772112"", ""206016133"", ""169715410"", ""160100876"", ""145725802"", ""164936492"", ""200198172"", ""206007161"", ""197455821""]"
none_subset,5,219877685,204948467,38,78,0,0,0,0,0,0,"[""36621623"", ""133301327"", ""56367133"", ""167340132"", ""205639611"", ""12969939"", ""39903440"", ""98078621"", ""19105395"", ""138408570""]"
none_subset,5,19274693,16684342,57,391,0,0,0,0,0,0,"[""159343304"", ""113833959"", ""206066236"", ""82457052"", ""113047535"", ""170310110"", ""144927109"", ""211680698"", ""206398191"", ""195732864""]"
none_subset,5,225328512,196270392,4,256,0,0,0,0,0,0,"[""152685161"", ""67564757"", ""209670193"", ""179962753"", ""183642706"", ""87832508"", ""183792420"", ""179804262"", ""179258061"", ""189202376""]"
none_subset,5,182525884,176722009,43,53,0,0,0,0,0,0,"[""120544015"", ""125934100"", ""130448492"", ""120630424"", ""103490970"", ""202541498"", ""29596208"", ""182355269"", ""160407494"", ""177473145""]"
none_subset,5,221015126,204675075,57,24,0,0,0,0,1,1,"[""173370077"", ""171686923"", ""189194901"", ""194645067"", ""203970549"", ""153434097"", ""193962976"", ""192532677"", ""159329515"", ""53226974""]"
none_subset,5,181083347,128431328,38,290,0,0,0,0,0,0,"[""107054492"", ""196304269"", ""108645662"", ""192992682"", ""160458687"", ""111489526"", ""151607631"", ""98969149"", ""173813492"", ""195301933""]"
none_subset,5,220376806,125977774,57,1585,0,0,0,0,0,0,"[""185223242"", ""180363453"", ""208983504"", ""147692335"", ""162112292"", ""147692353"", ""125507071"", ""153321595"", ""188514510"", ""57896054""]"
none_subset,5,218730195,181873326,46,194,0,0,0,0,0,0,"[""79694314"", ""109632736"", ""109531052"", ""201270244"", ""33734504"", ""199253164"", ""49032725"", ""211028341"", ""174610357"", ""136320022""]"
none_subset,5,124558600,83782511,38,1293,0,0,0,0,0,0,"[""17545320"", ""102891416"", ""152196582"", ""194853957"", ""151333626"", ""208225541"", ""138345880"", ""123190192"", ""60638606"", ""72340257""]"
none_subset,5,115160424,76158891,43,227,0,0,0,0,0,0,"[""128872941"", ""114371520"", ""123794534"", ""121590178"", ""141261592"", ""145130578"", ""133220748"", ""170809412"", ""183751849"", ""191583920""]"
none_subset,5,156442038,50164634,38,232,0,0,0,0,0,0,"[""205873127"", ""37709032"", ""116766569"", ""209229490"", ""125139020"", ""99753126"", ""146391804"", ""86568738"", ""73926583"", ""186868507""]"
none_subset,5,208885105,182587351,57,64,0,0,0,0,0,0,"[""205371893"", ""165685416"", ""203388288"", ""152187673"", ""211844405"", ""142944062"", ""200450069"", ""206545534"", ""132769262"", ""198708422""]"
none_subset,5,186052675,156103241,4,177,0,0,0,0,0,0,"[""143852845"", ""137001312"", ""156471159"", ""158175855"", ""157367139"", ""121025812"", ""144995106"", ""93467050"", ""186220965"", ""193729388""]"
none_subset,5,157308666,133864561,64,1182,0,0,0,0,0,0,"[""177536477"", ""97354544"", ""79734724"", ""8985600"", ""152368817"", ""47318174"", ""83880802"", ""106197529"", ""53527257"", ""60032340""]"
none_subset,5,212978518,144463129,43,164,0,0,0,0,0,0,"[""204449585"", ""128872941"", ""153840249"", ""146413132"", ""75859148"", ""61372398"", ""35117971"", ""147179804"", ""180465465"", ""171888747""]"
none_subset,5,47560532,52512643,38,572,0,0,0,0,0,0,"[""153128858"", ""37091492"", ""206517908"", ""133301327"", ""72092510"", ""191870766"", ""148365593"", ""124750735"", ""68304286"", ""184519031""]"
none_subset,5,185082634,155606960,37,454,0,0,0,0,0,0,"[""197580749"", ""121841349"", ""200025016"", ""198753304"", ""92247640"", ""144129822"", ""164935921"", ""188083340"", ""146962916"", ""109845272""]"
none_subset,5,134065570,100947091,43,279,0,0,0,0,0,0,"[""163870073"", ""115572095"", ""138777843"", ""50306912"", ""166965091"", ""166213708"", ""173036972"", ""104570734"", ""121101608"", ""173862854""]"
none_subset,5,72439450,72700486,62,133,0,0,0,0,0,0,"[""60189912"", ""120605363"", ""100460340"", ""4357432"", ""12752226"", ""150060889"", ""127468656"", ""135632302"", ""44501361"", ""148891602""]"
none_subset,5,85698837,84941218,62,60,0,0,0,0,0,0,"[""119067436"", ""44103941"", ""128594783"", ""83760975"", ""136359251"", ""119150891"", ""131859804"", ""200033535"", ""135753852"", ""123214623""]"
none_subset,5,213505891,193656232,37,94,0,0,0,0,0,0,"[""210502009"", ""209286799"", ""194408004"", ""187324915"", ""186828113"", ""209349722"", ""193730114"", ""133351365"", ""201649016"", ""191538851""]"
none_subset,5,69331974,52649296,37,1062,0,0,0,0,0,0,"[""92247640"", ""112273803"", ""209118001"", ""192387012"", ""208575799"", ""138858879"", ""213471023"", ""192255903"", ""195740726"", ""114171070""]"
none_subset,5,97843020,93501781,37,2108,0,0,0,0,0,0,"[""104989552"", ""117786165"", ""192154985"", ""204992307"", ""208576745"", ""157798849"", ""133924998"", ""152102790"", ""183994388"", ""188083340""]"
none_subset,5,200593852,152312239,64,10,0,0,0,1,1,1,"[""103416735"", ""67144823"", ""93476336"", ""123167911"", ""179015555"", ""183642716"", ""181619566"", ""130981735"", ""19607163"", ""152312239""]"
none_subset,5,221454647,204823121,46,460,0,0,0,0,0,0,"[""209924155"", ""213296616"", ""203915067"", ""208715579"", ""204759997"", ""142707487"", ""158137442"", ""184636221"", ""133738518"", ""173634775""]"
none_subset,5,216238065,180956690,64,154,0,0,0,0,0,0,"[""177968315"", ""174916841"", ""195841911"", ""136053941"", ""165717472"", ""181529530"", ""69227080"", ""126295674"", ""77671900"", ""163956163""]"
none_subset,5,147848657,129086390,38,901,0,0,0,0,0,0,"[""165753540"", ""123259370"", ""148395469"", ""111085092"", ""124508627"", ""204637407"", ""174530040"", ""186767110"", ""182333897"", ""139494203""]"
none_subset,5,217952408,202627342,62,171,0,0,0,0,0,0,"[""187833512"", ""197247155"", ""212180917"", ""212412503"", ""206509724"", ""206841068"", ""214078993"", ""204531248"", ""162429356"", ""200033285""]"
none_subset,5,76659313,77257734,46,98,0,0,0,0,0,0,"[""215475381"", ""131545810"", ""102458654"", ""53654857"", ""169485140"", ""194136520"", ""165073004"", ""50445939"", ""121587868"", ""186776259""]"
none_subset,5,189913394,160406750,43,44,0,0,0,0,0,1,"[""75802625"", ""204382923"", ""212363809"", ""100357374"", ""105774118"", ""186606199"", ""178363726"", ""180314920"", ""53878026"", ""211526829""]"
none_subset,5,35243095,34453687,38,311,0,0,0,0,0,0,"[""37709032"", ""147652742"", ""86568738"", ""155657846"", ""193783170"", ""163524272"", ""213992866"", ""189799383"", ""189605638"", ""12905940""]"
none_subset,5,134450676,64629457,46,1042,0,0,0,0,0,0,"[""110268464"", ""194051265"", ""32062492"", ""142865415"", ""45817478"", ""79523323"", ""149547737"", ""103102034"", ""188997673"", ""188529439""]"
none_subset,5,207163746,177737543,37,75,0,0,0,0,0,0,"[""148896266"", ""150438835"", ""148800689"", ""182681465"", ""208575799"", ""192227530"", ""110465452"", ""178236167"", ""157140706"", ""99494874""]"
none_subset,5,171351361,143608153,57,174,0,0,0,0,0,0,"[""153865654"", ""94052290"", ""212394821"", ""180417908"", ""69808679"", ""201636069"", ""152199865"", ""82351795"", ""171896766"", ""82186270""]"
none_subset,5,64390285,68213151,38,137,0,0,0,0,0,0,"[""53171694"", ""132567182"", ""85968650"", ""70118559"", ""186173164"", ""76490987"", ""155589050"", ""77338935"", ""147686192"", ""115694557""]"
none_subset,5,200499340,167351572,4,29,0,0,0,0,1,1,"[""148281605"", ""119644839"", ""149759096"", ""122564854"", ""12396291"", ""171946204"", ""205703795"", ""153939423"", ""184087480"", ""114164900""]"
none_subset,5,183860837,155838266,38,87,0,0,0,0,0,0,"[""132991311"", ""169136130"", ""193591162"", ""202818877"", ""209590588"", ""141272135"", ""150167398"", ""130737214"", ""191703078"", ""179341410""]"
none_subset,5,213450480,178173689,46,338,0,0,0,0,0,0,"[""152102459"", ""129879441"", ""99309357"", ""147354525"", ""80195905"", ""53500291"", ""106915000"", ""152639248"", ""183321047"", ""205031717""]"
none_subset,5,124702096,108440631,64,814,0,0,0,0,0,0,"[""162799044"", ""191305321"", ""31384056"", ""165119390"", ""161400461"", ""41031023"", ""113312339"", ""203509707"", ""214883521"", ""192928912""]"
none_subset,5,147810407,80344615,62,1852,0,0,0,0,0,0,"[""61834333"", ""192716019"", ""169027396"", ""52020678"", ""76325050"", ""191051596"", ""203728936"", ""190955120"", ""57509321"", ""200030259""]"
none_subset,5,225163898,204637407,38,845,0,0,0,0,0,0,"[""173793300"", ""123190192"", ""169647353"", ""165798838"", ""144488411"", ""209803175"", ""160303868"", ""190160674"", ""96549387"", ""168008625""]"
none_subset,5,217208046,179347666,46,2,0,1,1,1,1,1,"[""168398292"", ""179347666"", ""110716703"", ""212384469"", ""210780225"", ""211677891"", ""214519972"", ""204029234"", ""195079694"", ""187734223""]"
none_subset,5,197034210,163608455,4,396,0,0,0,0,0,0,"[""137958387"", ""148281605"", ""122564854"", ""119644839"", ""187964382"", ""12396291"", ""23408401"", ""40365043"", ""167351572"", ""134685630""]"
none_subset,5,213037133,193030442,37,511,0,0,0,0,0,0,"[""116930061"", ""142665464"", ""147435678"", ""113148033"", ""195054374"", ""154409188"", ""143825144"", ""211646800"", ""184320957"", ""126332187""]"
none_subset,5,223705533,213056096,62,1114,0,0,0,0,0,0,"[""79175068"", ""45959409"", ""211861394"", ""112414551"", ""209844093"", ""194491562"", ""25260455"", ""195497516"", ""128533237"", ""198734216""]"
none_subset,5,180525625,82639586,43,71,0,0,0,0,0,0,"[""128872941"", ""185196782"", ""204449585"", ""147179804"", ""125638272"", ""24058906"", ""114371520"", ""153840249"", ""127254122"", ""191583920""]"
none_subset,5,223037861,210691152,62,749,0,0,0,0,0,0,"[""213827571"", ""119338657"", ""113866351"", ""80344615"", ""79994734"", ""77307509"", ""117395680"", ""72622223"", ""156283424"", ""192075659""]"
none_subset,5,189539217,43581078,57,323,0,0,0,0,0,0,"[""134702798"", ""200462582"", ""158555938"", ""196495234"", ""165637321"", ""127840872"", ""99228573"", ""98039533"", ""121902729"", ""184690297""]"
none_subset,5,21841595,44098015,38,848,0,0,0,0,0,0,"[""179286930"", ""174530040"", ""201030455"", ""102676974"", ""192992682"", ""92430066"", ""160458687"", ""153387624"", ""182761191"", ""147652742""]"
none_subset,5,215740887,197097621,43,549,0,0,0,0,0,0,"[""159786759"", ""211526829"", ""67063550"", ""66867545"", ""189262880"", ""146978431"", ""179105716"", ""81706080"", ""191630482"", ""194952332""]"
none_subset,5,210303616,185756838,37,1869,0,0,0,0,0,0,"[""157628611"", ""212782587"", ""157139216"", ""152727959"", ""144029506"", ""78795109"", ""190113798"", ""127620302"", ""76841920"", ""192255903""]"
none_subset,5,223165031,161029905,62,759,0,0,0,0,0,0,"[""39730875"", ""147431302"", ""144080444"", ""133836024"", ""68090031"", ""152017732"", ""122185080"", ""155253745"", ""121718146"", ""141261014""]"
none_subset,5,201857060,169967722,62,1741,0,0,0,0,0,0,"[""76665110"", ""75068139"", ""52613321"", ""200372143"", ""91550082"", ""113547578"", ""99563204"", ""24686208"", ""148763473"", ""168009154""]"
none_subset,5,89181788,81266882,62,109,0,0,0,0,0,0,"[""187207232"", ""15942056"", ""113866351"", ""187005682"", ""188810102"", ""32798611"", ""78481865"", ""946452"", ""45997741"", ""214173290""]"
none_subset,5,219448422,202152397,38,83,0,0,0,0,0,0,"[""150630196"", ""16689432"", ""67142038"", ""136989956"", ""204985593"", ""128399228"", ""119096193"", ""123190192"", ""176455982"", ""152236293""]"
none_subset,5,58920217,60767330,43,23,0,0,0,0,1,1,"[""190193667"", ""117813626"", ""173279591"", ""183751849"", ""121590178"", ""177472789"", ""114685682"", ""169200092"", ""138401608"", ""59459024""]"
none_subset,5,221276479,208805779,46,116,0,0,0,0,0,0,"[""209924155"", ""213296616"", ""158137442"", ""142707487"", ""204759997"", ""184636221"", ""173634775"", ""200584617"", ""200389859"", ""205019069""]"
none_subset,5,201964535,172998313,57,1532,0,0,0,0,0,0,"[""191197833"", ""93635553"", ""131664368"", ""188457754"", ""126859680"", ""104621823"", ""54959438"", ""111955047"", ""200034808"", ""109398376""]"
none_subset,5,201969054,173877373,62,798,0,0,0,0,0,0,"[""10132068"", ""152815967"", ""82871684"", ""114451811"", ""98255078"", ""79777747"", ""123665712"", ""182502040"", ""63080448"", ""106557292""]"
none_subset,5,154293114,114815546,57,1251,0,0,0,0,0,0,"[""145414206"", ""214584465"", ""159881542"", ""168257820"", ""109907857"", ""56924514"", ""143158282"", ""209904357"", ""137023973"", ""152213594""]"
none_subset,5,191360540,133220748,43,82,0,0,0,0,0,0,"[""156989303"", ""162819113"", ""135449802"", ""135474915"", ""182081124"", ""125047033"", ""157119427"", ""127816748"", ""204146784"", ""188810945""]"
none_subset,5,223856625,212782587,37,903,0,0,0,0,0,0,"[""213416559"", ""188192294"", ""209161669"", ""210666947"", ""195744990"", ""188962071"", ""207544886"", ""202328948"", ""213318077"", ""186828726""]"
none_subset,5,199923996,160066387,38,177,0,0,0,0,0,0,"[""207422358"", ""144261984"", ""169004224"", ""207808008"", ""69350726"", ""117484080"", ""185544173"", ""204880845"", ""111639650"", ""161174151""]"
none_subset,5,217544148,183710535,37,11,0,0,0,0,1,1,"[""189934851"", ""178112615"", ""197344850"", ""119121797"", ""211165397"", ""212621102"", ""207605603"", ""211519251"", ""189120927"", ""204454005""]"
none_subset,5,35317728,31028406,4,720,0,0,0,0,0,0,"[""56134226"", ""152685161"", ""137934343"", ""209670193"", ""201066421"", ""179258061"", ""156901917"", ""195895955"", ""65093674"", ""146961197""]"
none_subset,5,217512610,181843286,4,386,0,0,0,0,0,0,"[""157367139"", ""156471159"", ""187098404"", ""160037231"", ""133755220"", ""86774130"", ""24739010"", ""158175855"", ""188565273"", ""113622434""]"
none_subset,5,181370150,152291947,57,599,0,0,0,0,0,0,"[""57219486"", ""143756184"", ""141238820"", ""209989181"", ""88411977"", ""12228591"", ""114134647"", ""75778769"", ""101389209"", ""190891048""]"
none_subset,5,144685928,125932469,64,220,0,0,0,0,0,0,"[""126296430"", ""121294809"", ""174387123"", ""112210141"", ""173159881"", ""126904794"", ""198499830"", ""145311547"", ""187707055"", ""54345172""]"
none_subset,5,194726158,157006363,64,952,0,0,0,0,0,0,"[""126296430"", ""136053941"", ""195841911"", ""63935560"", ""203723833"", ""26313820"", ""49185786"", ""177968315"", ""65832173"", ""173159881""]"
none_subset,5,188692131,159862301,4,584,0,0,0,0,0,0,"[""197294044"", ""190777127"", ""190079873"", ""73205799"", ""207143420"", ""27693819"", ""200589462"", ""197341708"", ""203829299"", ""207097865""]"
none_subset,5,221548139,209179234,46,1526,0,0,0,0,0,0,"[""172935649"", ""211159708"", ""171636556"", ""205208810"", ""135710902"", ""194733454"", ""160982012"", ""136504584"", ""174726875"", ""186976692""]"
none_subset,5,176065254,141090046,62,923,0,0,0,0,0,0,"[""149484272"", ""137144214"", ""152444456"", ""189571937"", ""191074130"", ""141159876"", ""203285864"", ""137665706"", ""200537553"", ""197035075""]"
none_subset,5,113331906,94672340,37,75,0,0,0,0,0,0,"[""103057199"", ""146818815"", ""93714502"", ""178462679"", ""193407642"", ""204950315"", ""150438835"", ""99494874"", ""157140706"", ""119637829""]"
none_subset,5,165686883,141303246,64,24,0,0,0,0,1,1,"[""56593545"", ""86007149"", ""211171973"", ""173447641"", ""106887245"", ""147397750"", ""199877052"", ""195426035"", ""190759249"", ""148717335""]"
none_subset,5,224418779,214230613,57,926,0,0,0,0,0,0,"[""203550692"", ""213974972"", ""210399533"", ""179079527"", ""195530334"", ""189762370"", ""173433055"", ""207501600"", ""203904751"", ""205132087""]"
none_subset,5,202626417,177317879,37,168,0,0,0,0,0,0,"[""211519251"", ""200530408"", ""143052602"", ""209057260"", ""166388322"", ""160185355"", ""209527018"", ""210082244"", ""209190368"", ""143134097""]"
none_subset,5,184033948,149470081,4,24,0,0,0,0,1,1,"[""177860593"", ""145583009"", ""184753068"", ""184476437"", ""192786300"", ""152028023"", ""194291179"", ""148365289"", ""103497899"", ""120205229""]"
none_subset,5,222534391,126819828,38,196,0,0,0,0,0,0,"[""204880845"", ""194792551"", ""168951987"", ""201835961"", ""99075342"", ""143848258"", ""126393314"", ""204880865"", ""61530422"", ""99158561""]"
none_subset,5,169301911,106040147,4,164,0,0,0,0,0,0,"[""47487946"", ""209176316"", ""193934711"", ""181206759"", ""142085087"", ""110795459"", ""154438637"", ""26203195"", ""191586658"", ""203776159""]"
none_subset,5,187345336,153870688,46,1596,0,0,0,0,0,0,"[""207645526"", ""196783083"", ""192342929"", ""179653927"", ""111102057"", ""188805088"", ""174586724"", ""106800463"", ""177591787"", ""74767597""]"
none_subset,5,126584715,111743235,4,86,0,0,0,0,0,0,"[""174680568"", ""56998165"", ""142031202"", ""128197551"", ""170163174"", ""209648424"", ""144242589"", ""206940580"", ""213281189"", ""205469263""]"
none_subset,5,197783848,162250029,37,141,0,0,0,0,0,0,"[""210502009"", ""210562159"", ""170544975"", ""204138156"", ""187502080"", ""173640245"", ""209286799"", ""213416559"", ""205300777"", ""187134525""]"
none_subset,5,221251715,208742868,37,48,0,0,0,0,0,1,"[""201067865"", ""192569315"", ""186270944"", ""204454005"", ""168157454"", ""204346588"", ""195292057"", ""200678174"", ""166388322"", ""133761960""]"
none_subset,5,207328005,158280890,43,26,0,0,0,0,1,1,"[""129949845"", ""143758890"", ""178092621"", ""165954042"", ""183404665"", ""50828732"", ""136943547"", ""185822792"", ""206563550"", ""171833857""]"
none_subset,5,211257088,185847475,37,50,0,0,0,0,0,1,"[""170879853"", ""148896266"", ""204531217"", ""156134296"", ""182444653"", ""193656232"", ""213067554"", ""182681465"", ""128177539"", ""158771565""]"
none_subset,5,216227252,198999126,64,17,0,0,0,0,1,1,"[""195536773"", ""211115970"", ""211307371"", ""212267410"", ""194200854"", ""196286888"", ""199186089"", ""200026497"", ""211669271"", ""192779268""]"
none_subset,5,214970683,136484034,4,1675,0,0,0,0,0,0,"[""122594682"", ""150814338"", ""149095048"", ""184087480"", ""200875902"", ""144373105"", ""77682387"", ""171946204"", ""190621677"", ""153223626""]"
none_subset,5,224878895,200035360,43,172,0,0,0,0,0,0,"[""166344121"", ""210273616"", ""16668651"", ""156395019"", ""93362354"", ""79844098"", ""190114151"", ""211539337"", ""208345597"", ""50463859""]"
none_subset,5,152366523,121116115,37,452,0,0,0,0,0,0,"[""204420256"", ""188877213"", ""171803364"", ""145112155"", ""148230413"", ""193680819"", ""204373274"", ""191544375"", ""113913524"", ""157798849""]"
none_subset,5,177866630,145736222,37,275,0,0,0,0,0,0,"[""157628611"", ""151964729"", ""88534873"", ""211863626"", ""173453762"", ""158117230"", ""186986472"", ""152727959"", ""190113798"", ""70624061""]"
none_subset,5,212095843,189516921,43,1902,0,0,0,0,0,0,"[""118484592"", ""163269973"", ""184777155"", ""164173391"", ""86931045"", ""89602786"", ""75839769"", ""75839915"", ""132745959"", ""166242138""]"
none_subset,5,159081446,134761869,43,719,0,0,0,0,0,0,"[""182746332"", ""71806238"", ""209156407"", ""133003121"", ""209388269"", ""190677683"", ""203849841"", ""211355598"", ""203532895"", ""213956523""]"
none_subset,5,168179573,142569884,64,105,0,0,0,0,0,0,"[""2720880"", ""196725076"", ""168192238"", ""141913559"", ""98518695"", ""65487267"", ""121706760"", ""126589451"", ""137644883"", ""139856523""]"
none_subset,5,193854778,165548600,43,29,0,0,0,0,1,1,"[""206707474"", ""183407909"", ""163505137"", ""154215969"", ""214098104"", ""207898804"", ""204176913"", ""203338637"", ""200905407"", ""118456882""]"
none_subset,5,221268275,207931525,46,45,0,0,0,0,0,1,"[""213655844"", ""208306039"", ""172512012"", ""136992761"", ""201537422"", ""109629224"", ""120055945"", ""204683450"", ""138782361"", ""102458661""]"
none_subset,5,125144208,104268306,46,31,0,0,0,0,0,1,"[""174837469"", ""209744189"", ""201332278"", ""191200569"", ""206843208"", ""159536710"", ""184646371"", ""103246590"", ""193874948"", ""193074174""]"
none_subset,5,186180647,138795070,62,1225,0,0,0,0,0,0,"[""120041482"", ""127069226"", ""213770244"", ""160586788"", ""146878510"", ""179977293"", ""39278122"", ""95729283"", ""212906250"", ""134917876""]"
none_subset,5,7346181,37006900,43,181,0,0,0,0,0,0,"[""197580291"", ""115402246"", ""119445851"", ""123537400"", ""84756708"", ""188409353"", ""120544015"", ""190779684"", ""191134281"", ""56249203""]"
none_subset,5,195280394,158680010,38,88,0,0,0,0,0,0,"[""112758593"", ""139135653"", ""181132638"", ""167555168"", ""142087844"", ""171929830"", ""193669795"", ""79742438"", ""163303423"", ""112929576""]"
none_subset,5,211264671,167464610,46,18,0,0,0,0,1,1,"[""208493172"", ""191200569"", ""200169558"", ""184646371"", ""204650950"", ""127947793"", ""197415730"", ""138830136"", ""201332278"", ""193074174""]"
none_subset,5,195620594,165223697,46,322,0,0,0,0,0,0,"[""129248142"", ""64234906"", ""188529439"", ""126613385"", ""110268464"", ""110900877"", ""194811856"", ""192342929"", ""16339902"", ""139649558""]"
none_subset,5,216008670,188800913,38,1489,0,0,0,0,0,0,"[""169647353"", ""163334242"", ""172835232"", ""207326334"", ""186533660"", ""187952856"", ""207422358"", ""160076235"", ""175815162"", ""207808008""]"
none_subset,5,224906126,196565460,43,1820,0,0,0,0,0,0,"[""166344121"", ""210273616"", ""153567645"", ""208345597"", ""183515432"", ""169520509"", ""125536521"", ""190372173"", ""171798974"", ""154676816""]"
none_subset,5,190824992,148452080,57,1441,0,0,0,0,0,0,"[""44099846"", ""146304930"", ""122751221"", ""141728487"", ""84446338"", ""206210266"", ""46337629"", ""164248569"", ""162086507"", ""57499088""]"
none_subset,5,205395368,164761085,62,452,0,0,0,0,0,0,"[""180256255"", ""147662184"", ""191201365"", ""213770244"", ""200006697"", ""204377471"", ""213066001"", ""195497516"", ""197167262"", ""194289010""]"
none_subset,5,207230561,159213527,38,376,0,0,0,0,0,0,"[""68304286"", ""120618466"", ""150396233"", ""145871617"", ""28399802"", ""72092510"", ""179286930"", ""160458687"", ""35695557"", ""191903812""]"
none_subset,5,169344730,137286819,43,469,0,0,0,0,0,0,"[""185799642"", ""137382410"", ""119953689"", ""194068460"", ""173862854"", ""121101608"", ""50306912"", ""163870073"", ""152958042"", ""38569436""]"
none_subset,5,212217041,191982155,62,2,0,1,1,1,1,1,"[""213866096"", ""191982155"", ""207489645"", ""197247155"", ""211861394"", ""185886914"", ""200006697"", ""195501951"", ""210452869"", ""209939770""]"
none_subset,5,220264809,206756006,37,3,0,1,1,1,1,1,"[""105162490"", ""117685268"", ""206756006"", ""78706018"", ""171006297"", ""127527371"", ""130778917"", ""167520346"", ""150919901"", ""173244017""]"
none_subset,5,119232478,9224574,62,2818,0,0,0,0,0,0,"[""204880318"", ""51439459"", ""2463151"", ""129878189"", ""172913028"", ""197519887"", ""141458058"", ""179107557"", ""104210649"", ""110663965""]"
none_subset,5,193883081,163535148,62,185,0,0,0,0,0,0,"[""23907922"", ""106972114"", ""188841456"", ""150251996"", ""10132068"", ""168371800"", ""180644383"", ""17141885"", ""137477612"", ""78729561""]"
none_subset,5,223326518,201875621,4,119,0,0,0,0,0,0,"[""200589462"", ""190777127"", ""190079873"", ""151451581"", ""183534248"", ""187600900"", ""192473388"", ""176566249"", ""194212862"", ""200344150""]"
none_subset,5,219332667,205048222,43,262,0,0,0,0,0,0,"[""184091403"", ""201905433"", ""182445092"", ""192741559"", ""184713890"", ""179526244"", ""111596381"", ""214348389"", ""143671449"", ""141811973""]"
none_subset,5,216204119,149198464,4,69,0,0,0,0,0,0,"[""195246738"", ""187502252"", ""194641932"", ""201481091"", ""161606528"", ""52610271"", ""207680766"", ""204544559"", ""13245417"", ""205365317""]"
none_subset,5,168036996,134861718,38,315,0,0,0,0,0,0,"[""18798683"", ""193575305"", ""183174003"", ""112233798"", ""121097492"", ""81128902"", ""125546461"", ""206214210"", ""166506623"", ""192443797""]"
none_subset,5,215182228,195801582,57,29,0,0,0,0,1,1,"[""202223376"", ""174257554"", ""193981972"", ""210969230"", ""197135877"", ""210440269"", ""202655316"", ""207134458"", ""182489530"", ""200193952""]"
none_subset,5,184869928,154364197,64,961,0,0,0,0,0,0,"[""167740456"", ""101169098"", ""194941994"", ""108538492"", ""201298322"", ""205006509"", ""181063353"", ""158504483"", ""161400461"", ""174287144""]"
none_subset,5,211845820,170393915,46,1327,0,0,0,0,0,0,"[""208712486"", ""207544514"", ""212723296"", ""170255404"", ""153459843"", ""210109353"", ""212306388"", ""177107115"", ""70629074"", ""215292694""]"
none_subset,5,199206475,154762222,38,280,0,0,0,0,0,0,"[""204637998"", ""132567182"", ""147686192"", ""118242163"", ""109987226"", ""184191073"", ""50164634"", ""191080128"", ""187319038"", ""135619578""]"
none_subset,5,54951171,62110369,62,456,0,0,0,0,0,0,"[""2463151"", ""81832914"", ""129878189"", ""197519887"", ""207318555"", ""123217124"", ""132774570"", ""210154412"", ""52577956"", ""83327144""]"
none_subset,5,194783595,167624487,64,985,0,0,0,0,0,0,"[""173458489"", ""128085943"", ""192498685"", ""161213343"", ""143226451"", ""153775178"", ""208628985"", ""22329772"", ""88249240"", ""161410919""]"
none_subset,5,207494915,183693328,37,59,0,0,0,0,0,0,"[""188912090"", ""201649016"", ""193335758"", ""75362158"", ""192617496"", ""191131185"", ""194408004"", ""183094359"", ""133351365"", ""190788723""]"
none_subset,5,207334719,174772202,64,203,0,0,0,0,0,0,"[""22329772"", ""81240114"", ""156476311"", ""99916433"", ""142231631"", ""143226636"", ""141447890"", ""72224328"", ""131413365"", ""98960696""]"
none_subset,5,198593026,161617191,46,540,0,0,0,0,0,0,"[""212730825"", ""78183845"", ""208956852"", ""209174745"", ""172995592"", ""78566379"", ""205297053"", ""211336503"", ""144431749"", ""210856802""]"
none_subset,5,223874078,140746194,64,377,0,0,0,0,0,0,"[""35312252"", ""58475692"", ""63861102"", ""152518752"", ""151526168"", ""194616691"", ""60124479"", ""185451532"", ""104389677"", ""115580730""]"
none_subset,5,182033302,151437967,37,13,0,0,0,0,1,1,"[""158117230"", ""140907909"", ""152140191"", ""192597928"", ""32618321"", ""120893128"", ""152762226"", ""196428679"", ""58893791"", ""123258872""]"
none_subset,5,223773313,205195417,37,2,0,1,1,1,1,1,"[""211483573"", ""205195417"", ""61710118"", ""116929460"", ""165920027"", ""171338279"", ""174037381"", ""201877740"", ""153610553"", ""143161006""]"
none_subset,5,221942746,209979540,46,549,0,0,0,0,0,0,"[""172250706"", ""194132989"", ""173138479"", ""141781507"", ""108322993"", ""168442343"", ""186078356"", ""173365679"", ""168815908"", ""172671263""]"
none_subset,5,60596054,65008175,64,209,0,0,0,0,0,0,"[""113590277"", ""151373996"", ""151315331"", ""193870914"", ""75760627"", ""155867691"", ""193536959"", ""101587118"", ""181441566"", ""129130295""]"
none_subset,5,216604580,198930981,37,1046,0,0,0,0,0,0,"[""206412545"", ""180221400"", ""189864445"", ""195740726"", ""189646922"", ""156606418"", ""187719393"", ""188994423"", ""194731784"", ""195296935""]"
none_subset,5,200783260,88789964,64,1561,0,0,0,0,0,0,"[""201421429"", ""186850320"", ""63474547"", ""63861102"", ""151526168"", ""46094230"", ""60046348"", ""80281524"", ""162665168"", ""97354544""]"
none_subset,5,177010985,149005960,38,62,0,0,0,0,0,0,"[""156271106"", ""114131241"", ""145151055"", ""16689432"", ""167491323"", ""78137458"", ""99026554"", ""193744229"", ""200412630"", ""155422545""]"
none_subset,5,162226613,133224863,46,1760,0,0,0,0,0,0,"[""171846733"", ""171227160"", ""155463873"", ""171227152"", ""198850848"", ""160147246"", ""194052484"", ""203637627"", ""169525422"", ""127266574""]"
none_subset,5,215210530,196287148,64,206,0,0,0,0,0,0,"[""163082716"", ""202548043"", ""150796990"", ""131561726"", ""117946057"", ""144646883"", ""158075100"", ""125541158"", ""69242297"", ""81869558""]"
none_subset,5,126834698,108625125,37,63,0,0,0,0,0,0,"[""169592229"", ""155814820"", ""204827377"", ""154942150"", ""142700161"", ""201991698"", ""141739385"", ""165126596"", ""200530408"", ""80669323""]"
none_subset,5,223664240,209433778,46,27,0,0,0,0,1,1,"[""205395255"", ""108934756"", ""164627162"", ""210856802"", ""132671791"", ""201436985"", ""212429674"", ""171636556"", ""172082320"", ""207326970""]"
none_subset,5,167894328,128181955,46,95,0,0,0,0,0,0,"[""200814907"", ""108786028"", ""190912236"", ""132184095"", ""158008511"", ""67021528"", ""12880586"", ""92306012"", ""70517064"", ""35549011""]"
none_subset,5,208038615,172316851,37,185,0,0,0,0,0,0,"[""197393743"", ""61710118"", ""143764294"", ""189064377"", ""169770537"", ""173613850"", ""80627031"", ""150612100"", ""198698977"", ""153610553""]"
none_subset,5,224878166,212636118,4,381,0,0,0,0,0,0,"[""161606528"", ""187502252"", ""130751930"", ""211654053"", ""5532949"", ""173624276"", ""171860963"", ""200820966"", ""215306387"", ""195246738""]"
none_subset,5,214613191,150122632,62,22,0,0,0,0,1,1,"[""55406350"", ""37722747"", ""176455649"", ""135330582"", ""203645491"", ""139126117"", ""156333042"", ""161173189"", ""178655632"", ""139702323""]"
none_subset,5,213188929,173181064,37,538,0,0,0,0,0,0,"[""187324915"", ""193680819"", ""201561139"", ""191259466"", ""206298198"", ""188877213"", ""206587185"", ""145112155"", ""187389375"", ""191544375""]"
none_subset,5,143277145,65062243,64,272,0,0,0,0,0,0,"[""183213131"", ""152368817"", ""47318174"", ""90897593"", ""63965447"", ""184410319"", ""19607163"", ""149506115"", ""107055611"", ""162652790""]"
none_subset,5,216319600,194231584,43,873,0,0,0,0,0,0,"[""76024222"", ""127635452"", ""163402666"", ""202516482"", ""178871976"", ""152014829"", ""112624655"", ""138924839"", ""165459644"", ""146898856""]"
none_subset,5,194957860,160303569,43,145,0,0,0,0,0,0,"[""191630482"", ""150782213"", ""193045333"", ""159786759"", ""99100837"", ""128927470"", ""204382923"", ""178008108"", ""156295009"", ""122454074""]"
none_subset,5,208604290,181306942,4,819,0,0,0,0,0,0,"[""212819052"", ""202029081"", ""188285916"", ""212457708"", ""211037756"", ""210871478"", ""205217227"", ""210709127"", ""161205322"", ""80560830""]"
none_subset,5,223869041,213307342,46,53,0,0,0,0,0,0,"[""195720861"", ""172995592"", ""211336503"", ""202198154"", ""162441399"", ""146845946"", ""212730825"", ""84801975"", ""177962710"", ""198204190""]"
none_subset,5,224498977,201906627,43,1041,0,0,0,0,0,0,"[""113898898"", ""202567733"", ""142700536"", ""123633665"", ""101956556"", ""168830681"", ""91124875"", ""156536547"", ""136773099"", ""211582481""]"
none_subset,5,224935109,184761054,64,1176,0,0,0,0,0,0,"[""145311547"", ""210451384"", ""16466362"", ""150385215"", ""173661276"", ""66459509"", ""65959521"", ""63926364"", ""151373996"", ""208462795""]"
none_subset,5,124879150,105418570,37,237,0,0,0,0,0,0,"[""209045757"", ""196161045"", ""208969575"", ""161346953"", ""205095267"", ""213026403"", ""195701055"", ""137567904"", ""204074550"", ""153610553""]"
none_subset,5,211961630,182728661,62,7,0,0,0,1,1,1,"[""195994978"", ""210154523"", ""200036900"", ""146801635"", ""204435102"", ""205216281"", ""182728661"", ""116947577"", ""193404726"", ""147492641""]"
none_subset,5,222690388,211327541,64,792,0,0,0,0,0,0,"[""76668217"", ""202596735"", ""200452257"", ""210923456"", ""120036834"", ""210649942"", ""163787427"", ""157457665"", ""130875563"", ""191011510""]"
none_subset,5,224251481,194722209,46,228,0,0,0,0,0,0,"[""78566379"", ""142436010"", ""144431749"", ""159369178"", ""80538986"", ""7575539"", ""205395255"", ""108060129"", ""101322569"", ""141682649""]"
none_subset,5,142470631,124638694,57,1039,0,0,0,0,0,0,"[""194409455"", ""107527374"", ""121902729"", ""139191535"", ""121912126"", ""125339147"", ""184690297"", ""119749183"", ""110306995"", ""139164571""]"
none_subset,5,175232048,157140706,37,2,0,1,1,1,1,1,"[""182681465"", ""157140706"", ""178462679"", ""113225323"", ""126027022"", ""102282269"", ""212776036"", ""193407642"", ""164430683"", ""187712911""]"
none_subset,5,127186712,113084668,4,1435,0,0,0,0,0,0,"[""103135887"", ""201224926"", ""133370194"", ""206285668"", ""166325083"", ""158225228"", ""112914230"", ""101609584"", ""132213065"", ""212675214""]"
none_subset,5,209957211,178800069,62,2037,0,0,0,0,0,0,"[""192716019"", ""39730875"", ""133836024"", ""200808917"", ""69970349"", ""118002181"", ""72763415"", ""61171599"", ""133693018"", ""201461957""]"
none_subset,5,210798328,188468393,4,4,0,0,1,1,1,1,"[""50948393"", ""200344150"", ""200589462"", ""188468393"", ""208780104"", ""197090565"", ""193481695"", ""190789377"", ""194142299"", ""191909632""]"
none_subset,5,189869518,156347163,37,624,0,0,0,0,0,0,"[""121841349"", ""103731169"", ""190075252"", ""176748724"", ""81340320"", ""92247640"", ""55796783"", ""184320957"", ""147954913"", ""128979302""]"
none_subset,5,225047812,215242567,37,167,0,0,0,0,0,0,"[""191131185"", ""213416559"", ""196559300"", ""154148558"", ""143835093"", ""189745855"", ""206587173"", ""184997997"", ""193335758"", ""188912090""]"
none_subset,5,120657273,50173628,62,330,0,0,0,0,0,0,"[""2463151"", ""81832914"", ""155669593"", ""83327144"", ""95725553"", ""135784548"", ""197519887"", ""56305255"", ""129878189"", ""56568319""]"
none_subset,5,174927070,141272135,38,1273,0,0,0,0,0,0,"[""95323314"", ""174530040"", ""120618466"", ""132266859"", ""98791025"", ""214394715"", ""179876069"", ""66259210"", ""61517646"", ""69350726""]"
none_subset,5,222653684,209467848,38,39,0,0,0,0,0,1,"[""193054363"", ""99912896"", ""174539147"", ""145865678"", ""126393314"", ""123821164"", ""190049907"", ""181880655"", ""154112696"", ""201469712""]"
none_subset,5,220422267,187775788,64,110,0,0,0,0,0,0,"[""201421429"", ""8985600"", ""183213131"", ""177536477"", ""87964225"", ""186850320"", ""83985248"", ""60046348"", ""111634995"", ""97354544""]"
none_subset,5,216928250,94645332,64,39,0,0,0,0,0,1,"[""107682837"", ""147984435"", ""161643481"", ""145930227"", ""151177544"", ""112033542"", ""123750776"", ""136904065"", ""182450870"", ""15001776""]"
none_subset,5,155441384,132150429,62,339,0,0,0,0,0,0,"[""187207232"", ""207274549"", ""187006840"", ""45997741"", ""77307509"", ""203397613"", ""78481865"", ""15942056"", ""207100364"", ""158661889""]"
none_subset,5,219678336,198241765,4,604,0,0,0,0,0,0,"[""181715447"", ""149759096"", ""202362364"", ""119644839"", ""148281605"", ""116057633"", ""123419520"", ""93696567"", ""191214295"", ""117471262""]"
none_subset,5,180204688,95395941,38,230,0,0,0,0,0,0,"[""122392168"", ""138353042"", ""103512626"", ""154880168"", ""195194673"", ""176574849"", ""153901522"", ""163646287"", ""162629010"", ""171247461""]"
none_subset,5,135398673,78885056,46,2275,0,0,0,0,0,0,"[""194933430"", ""194795218"", ""129427671"", ""151203538"", ""171801408"", ""195309442"", ""113000796"", ""120543738"", ""160815179"", ""129506623""]"
none_subset,5,201687814,169636588,46,116,0,0,0,0,0,0,"[""209744189"", ""201332278"", ""99983742"", ""174837469"", ""213559285"", ""211017543"", ""184646371"", ""190230714"", ""193128703"", ""191200569""]"
none_subset,5,80542758,71742122,57,1296,0,0,0,0,0,0,"[""173370077"", ""172859305"", ""85728689"", ""210262988"", ""211497441"", ""204675075"", ""68575803"", ""138180455"", ""110053800"", ""189194901""]"
none_subset,5,222255174,210643200,57,1540,0,0,0,0,0,0,"[""172994991"", ""213478012"", ""193699814"", ""204720478"", ""210136489"", ""201185749"", ""214160653"", ""196545171"", ""198700939"", ""150573656""]"
none_subset,5,96030685,90697118,37,1489,0,0,0,0,0,0,"[""168569670"", ""199925635"", ""104577943"", ""148500212"", ""173181064"", ""155900040"", ""212112835"", ""201216088"", ""212381569"", ""192418965""]"
none_subset,5,217281475,200915401,37,1169,0,0,0,0,0,0,"[""136371572"", ""207073486"", ""136265720"", ""196161045"", ""145502443"", ""138628079"", ""165174023"", ""195375302"", ""206126959"", ""177737543""]"
none_subset,5,175103083,118806862,37,2023,0,0,0,0,0,0,"[""107202977"", ""155255611"", ""81213674"", ""180764368"", ""126406153"", ""72951233"", ""102506020"", ""93445243"", ""132738380"", ""114171070""]"
none_subset,5,209154363,167166017,37,68,0,0,0,0,0,0,"[""204657562"", ""164935921"", ""180869206"", ""187812442"", ""16898206"", ""102274756"", ""89454786"", ""165767706"", ""185048961"", ""179609391""]"
none_subset,5,174710752,141212383,4,143,0,0,0,0,0,0,"[""179804262"", ""152685161"", ""209670193"", ""156901917"", ""200206633"", ""201066421"", ""126604867"", ""179258061"", ""146027073"", ""185787629""]"
none_subset,5,200915701,153503851,46,114,0,0,0,0,0,0,"[""195152908"", ""209744189"", ""138830136"", ""174837469"", ""193074174"", ""204627117"", ""157884203"", ""127947793"", ""133321026"", ""191200569""]"
none_subset,5,218454988,196325559,57,31,0,0,0,0,0,1,"[""209991023"", ""206116320"", ""181234241"", ""133448263"", ""172135984"", ""203703634"", ""150809308"", ""142405798"", ""154111784"", ""157787254""]"
none_subset,5,223792085,208982043,37,38,0,0,0,0,0,1,"[""194896028"", ""200530408"", ""155814820"", ""206195134"", ""168675802"", ""165240384"", ""200220844"", ""198135226"", ""200704306"", ""132821259""]"
none_subset,5,95525779,86777177,38,25,0,0,0,0,1,1,"[""150630196"", ""200412630"", ""119096193"", ""204985593"", ""67142038"", ""136949110"", ""158574234"", ""101461920"", ""16689432"", ""195462936""]"
none_subset,5,215148695,196324694,43,303,0,0,0,0,0,0,"[""201905433"", ""201671217"", ""188582346"", ""195224828"", ""198087076"", ""185851616"", ""184091403"", ""203348372"", ""184633847"", ""210822887""]"
none_subset,5,182539254,150438835,37,157,0,0,0,0,0,0,"[""124776037"", ""152342510"", ""193407642"", ""212776036"", ""99494874"", ""154374890"", ""212172992"", ""174852305"", ""113225323"", ""186543138""]"
none_subset,5,225314663,210129227,64,12,0,0,0,0,1,1,"[""151589612"", ""149622839"", ""206880666"", ""136053941"", ""50637054"", ""181529530"", ""144627869"", ""70397289"", ""190758206"", ""126296430""]"
none_subset,5,194262233,148439290,43,220,0,0,0,0,0,0,"[""193746203"", ""197514276"", ""208309750"", ""143190396"", ""194880726"", ""133315116"", ""171112521"", ""212781685"", ""154011793"", ""201704588""]"
none_subset,5,95000984,78359767,64,282,0,0,0,0,0,0,"[""131569653"", ""83781866"", ""21707133"", ""200497374"", ""186146209"", ""76907662"", ""108862398"", ""173980655"", ""79117002"", ""96029631""]"
none_subset,5,178060032,150107268,4,245,0,0,0,0,0,0,"[""144264277"", ""200963858"", ""202362364"", ""148365289"", ""183438126"", ""72045166"", ""130299986"", ""119898461"", ""119644839"", ""159049760""]"
none_subset,5,222785384,207529569,46,514,0,0,0,0,0,0,"[""210724130"", ""213475469"", ""210734819"", ""170255404"", ""153459843"", ""179633525"", ""211535684"", ""189285981"", ""212723296"", ""204100293""]"
none_subset,5,219228520,193491703,37,8,0,0,0,1,1,1,"[""182193027"", ""209349722"", ""202022086"", ""190070434"", ""209134068"", ""199200887"", ""193485768"", ""193491703"", ""210287080"", ""192410378""]"
none_subset,5,208469974,185360446,43,31,0,0,0,0,0,1,"[""185121060"", ""152989526"", ""210822887"", ""183765224"", ""189283285"", ""174826827"", ""182902299"", ""113451129"", ""189266294"", ""209666551""]"
none_subset,5,207687218,169890454,43,58,0,0,0,0,0,0,"[""180095819"", ""153840249"", ""143371562"", ""98581026"", ""61372398"", ""208578922"", ""178810275"", ""141417624"", ""128872941"", ""180465465""]"
none_subset,5,187085249,156841339,4,397,0,0,0,0,0,0,"[""137934343"", ""56134226"", ""183642706"", ""87832508"", ""146628629"", ""100007550"", ""183725729"", ""42368928"", ""200691824"", ""113622434""]"
none_subset,5,29852074,30972148,43,133,0,0,0,0,0,0,"[""16668651"", ""93362354"", ""166344121"", ""164461764"", ""79844098"", ""136296407"", ""139961406"", ""184481904"", ""162644598"", ""156395019""]"
none_subset,5,207191991,124399272,62,1084,0,0,0,0,0,0,"[""73356588"", ""183534059"", ""119318500"", ""167148116"", ""16082541"", ""194296646"", ""168447543"", ""158203951"", ""91170827"", ""98179707""]"
none_subset,5,185189200,157035510,38,5,0,0,1,1,1,1,"[""165955684"", ""154435792"", ""194792335"", ""193857539"", ""157035510"", ""99912896"", ""211308162"", ""74273124"", ""44504337"", ""208393437""]"
none_subset,5,223882932,176396453,46,49,0,0,0,0,0,1,"[""209191190"", ""207127154"", ""204178124"", ""157990048"", ""209947619"", ""204919891"", ""212306388"", ""204757175"", ""172642034"", ""200585923""]"
none_subset,5,220807832,99174752,64,1921,0,0,0,0,0,0,"[""190758206"", ""188536293"", ""106851845"", ""130210660"", ""70397289"", ""116710814"", ""155116255"", ""121294809"", ""204286460"", ""55550671""]"
none_subset,5,225335115,196698453,38,829,0,0,0,0,0,0,"[""142398566"", ""126213900"", ""171108508"", ""183272380"", ""186215206"", ""193857246"", ""196569551"", ""214118997"", ""211015168"", ""168008625""]"
none_subset,5,195971685,169081503,46,73,0,0,0,0,0,0,"[""212905783"", ""212380449"", ""208719036"", ""172966334"", ""210667015"", ""211063696"", ""215506263"", ""138784478"", ""209175273"", ""212680115""]"
none_subset,5,128204755,106926227,46,101,0,0,0,0,0,0,"[""78004872"", ""140412713"", ""173634775"", ""145504709"", ""165636439"", ""13525511"", ""157520024"", ""186512278"", ""64629457"", ""201966464""]"
none_subset,5,174004057,142635185,46,53,0,0,0,0,0,0,"[""203456171"", ""213910179"", ""213196140"", ""209807293"", ""131140565"", ""136576031"", ""205769669"", ""214043725"", ""135605303"", ""168179613""]"
none_subset,5,223429434,204078169,46,72,0,0,0,0,0,0,"[""176659851"", ""172250706"", ""180829317"", ""78094109"", ""12880586"", ""197573130"", ""69153615"", ""204633518"", ""205019069"", ""200727306""]"
none_subset,5,221948109,153275921,64,113,0,0,0,0,0,0,"[""22329772"", ""142231631"", ""81240114"", ""123189996"", ""156476311"", ""149731729"", ""141447890"", ""144993665"", ""132289907"", ""126785773""]"
none_subset,5,214328047,194242626,4,973,0,0,0,0,0,0,"[""16847694"", ""200963901"", ""130299986"", ""119106930"", ""141488485"", ""170513678"", ""133977293"", ""116799517"", ""146345148"", ""154708788""]"
none_subset,5,203762263,178080778,57,838,0,0,0,0,0,0,"[""211640040"", ""96446850"", ""204657954"", ""153865654"", ""206545534"", ""208636482"", ""203042119"", ""12178696"", ""180417908"", ""149910651""]"
none_subset,5,200911062,164571288,4,257,0,0,0,0,0,0,"[""184090522"", ""206235969"", ""163812085"", ""181570938"", ""211027940"", ""139416198"", ""78836369"", ""202570543"", ""209754995"", ""57016975""]"
none_subset,5,210735259,186512278,46,25,0,0,0,0,1,1,"[""209924155"", ""205019069"", ""142707487"", ""97623791"", ""200389859"", ""173634775"", ""213054921"", ""211116849"", ""191328220"", ""128181955""]"
none_subset,5,194649531,165995609,37,495,0,0,0,0,0,0,"[""208265418"", ""199961030"", ""105071457"", ""73570785"", ""188742562"", ""193943543"", ""158649481"", ""51981897"", ""69288982"", ""90201092""]"
none_subset,5,167949293,135674502,38,1970,0,0,0,0,0,0,"[""179000829"", ""176971005"", ""129590481"", ""129594031"", ""115091528"", ""181132638"", ""132744896"", ""158784944"", ""146889690"", ""189460577""]"
none_subset,5,171344131,143096525,57,1325,0,0,0,0,0,0,"[""209586509"", ""201336486"", ""175850879"", ""211044486"", ""193349740"", ""207806450"", ""146715052"", ""31739440"", ""107051025"", ""194275459""]"
none_subset,5,196637664,45966001,43,1191,0,0,0,0,0,0,"[""128872941"", ""126702260"", ""153840249"", ""204449585"", ""191583920"", ""139780746"", ""147179804"", ""98581026"", ""74830022"", ""185196782""]"
none_subset,5,225326952,198139864,62,173,0,0,0,0,0,0,"[""124265654"", ""200033535"", ""210301365"", ""120041482"", ""136225463"", ""186169702"", ""187612359"", ""190693769"", ""97032103"", ""91170827""]"
none_subset,5,197650209,169967354,4,121,0,0,0,0,0,0,"[""53541477"", ""139416198"", ""181570938"", ""111743235"", ""13566772"", ""30383831"", ""202263291"", ""133033147"", ""66199264"", ""47719129""]"
none_subset,5,114776816,103872312,4,1452,0,0,0,0,0,0,"[""149095048"", ""199942377"", ""162653386"", ""197921332"", ""172890535"", ""180350779"", ""176867327"", ""156469871"", ""193566719"", ""173055109""]"
none_subset,5,153488882,20198247,4,8,0,0,0,1,1,1,"[""117471262"", ""191909632"", ""156103241"", ""200963901"", ""193729388"", ""143929940"", ""193413498"", ""20198247"", ""138975756"", ""119106930""]"
none_subset,5,222443107,208241166,64,128,0,0,0,0,0,0,"[""87964225"", ""90897593"", ""187708913"", ""183213131"", ""47318174"", ""152368817"", ""53527257"", ""149506115"", ""21359328"", ""19607163""]"
none_subset,5,212698798,192825178,62,634,0,0,0,0,0,0,"[""160871092"", ""200006697"", ""116760242"", ""201710630"", ""210489322"", ""194927268"", ""191982155"", ""206841068"", ""187865140"", ""193487145""]"
none_subset,5,184393126,156860646,4,52,0,0,0,0,0,0,"[""191214295"", ""200963901"", ""73825216"", ""204482650"", ""201461303"", ""190161584"", ""189901460"", ""193413498"", ""182794391"", ""191695909""]"
none_subset,5,224076827,213286264,57,108,0,0,0,0,0,0,"[""205233758"", ""173797071"", ""209125579"", ""178369063"", ""186378387"", ""183349552"", ""209726587"", ""161475669"", ""212895565"", ""213299500""]"
none_subset,5,211116359,165284774,62,2469,0,0,0,0,0,0,"[""158203951"", ""210326667"", ""148066008"", ""144080444"", ""142387882"", ""95686483"", ""134163515"", ""210941490"", ""195057440"", ""150122632""]"
none_subset,5,206904353,179818880,64,33,0,0,0,0,0,1,"[""207152337"", ""210444502"", ""82453175"", ""208956763"", ""32245008"", ""185451532"", ""61743520"", ""136552233"", ""71089233"", ""210332530""]"
none_subset,5,167925637,116634389,57,363,0,0,0,0,0,0,"[""211933589"", ""204813168"", ""138538000"", ""167254572"", ""204280402"", ""206515366"", ""194912482"", ""211652672"", ""134822143"", ""171176714""]"
none_subset,5,185145011,156633369,4,2294,0,0,0,0,0,0,"[""153069902"", ""122581991"", ""114282417"", ""201481091"", ""56134226"", ""204544559"", ""205789625"", ""55380045"", ""209208627"", ""98834359""]"
none_subset,5,176916608,145798285,37,2646,0,0,0,0,0,0,"[""158117230"", ""17206468"", ""125097939"", ""140907909"", ""25189123"", ""88534873"", ""190113798"", ""157628611"", ""186429778"", ""94966858""]"
none_subset,5,214580866,191434197,37,274,0,0,0,0,0,0,"[""167814691"", ""180221400"", ""191294127"", ""202328948"", ""207544886"", ""189120927"", ""210226726"", ""186828726"", ""199340755"", ""213416559""]"
none_subset,5,209479356,186085070,37,1103,0,0,0,0,0,0,"[""158117230"", ""81340320"", ""101351593"", ""118291817"", ""143825144"", ""93714502"", ""152508279"", ""184320957"", ""152140191"", ""140336042""]"
none_subset,5,134963021,121718146,62,677,0,0,0,0,0,0,"[""153978341"", ""209579537"", ""199527738"", ""103593430"", ""182016711"", ""188696626"", ""48004410"", ""152815967"", ""134970871"", ""194230029""]"
none_subset,5,222568289,192944634,4,382,0,0,0,0,0,0,"[""146168593"", ""214521847"", ""51992415"", ""97942818"", ""90951087"", ""203890372"", ""143548483"", ""210517999"", ""164284194"", ""211473289""]"
none_subset,5,218567685,201115645,64,1624,0,0,0,0,0,0,"[""121255930"", ""1923943"", ""173661276"", ""123348887"", ""195536773"", ""197322277"", ""107088593"", ""67029925"", ""211873793"", ""195252307""]"
none_subset,5,154526261,129427678,46,518,0,0,0,0,0,0,"[""131953748"", ""205315794"", ""156263625"", ""196783083"", ""154894212"", ""111614660"", ""178722271"", ""204631912"", ""213672603"", ""206204582""]"
none_subset,5,224030054,203391866,62,535,0,0,0,0,0,0,"[""172047615"", ""160871092"", ""209401746"", ""132448455"", ""92982052"", ""188361417"", ""207280732"", ""187833512"", ""95885283"", ""156814814""]"
none_subset,5,198392187,159570716,4,3,0,1,1,1,1,1,"[""180940683"", ""207322592"", ""159570716"", ""146180479"", ""144067777"", ""152566280"", ""154203183"", ""141714724"", ""191096738"", ""194465314""]"
none_subset,5,209599559,147451743,64,4,0,0,1,1,1,1,"[""185413694"", ""183047062"", ""78359767"", ""147451743"", ""139013046"", ""108773457"", ""134312075"", ""74866278"", ""61743520"", ""141045171""]"
none_subset,5,222006355,201071539,46,407,0,0,0,0,0,0,"[""184646371"", ""167383627"", ""127947793"", ""193074174"", ""167464610"", ""206745230"", ""167786912"", ""200169558"", ""182136657"", ""193206170""]"
none_subset,5,189299726,145015125,43,44,0,0,0,0,0,1,"[""186606199"", ""181065510"", ""104265595"", ""90198681"", ""67063550"", ""211526829"", ""180314920"", ""205502338"", ""79396448"", ""184024262""]"
none_subset,5,197046535,159477810,38,16,0,0,0,0,1,1,"[""192191594"", ""167323493"", ""166300702"", ""193252013"", ""192510359"", ""185164362"", ""129594031"", ""117484080"", ""169004224"", ""199297939""]"
none_subset,5,191817046,102161764,38,2624,0,0,0,0,0,0,"[""112758593"", ""89552272"", ""192191594"", ""158784944"", ""173428109"", ""166300702"", ""58573176"", ""181132638"", ""161174151"", ""176971005""]"
none_subset,5,185023801,152992564,37,253,0,0,0,0,0,0,"[""133173167"", ""197955172"", ""174101148"", ""190568516"", ""75362158"", ""133351365"", ""194408004"", ""201649016"", ""190788723"", ""190079777""]"
none_subset,5,219276802,204648246,4,1019,0,0,0,0,0,0,"[""104293117"", ""156834256"", ""203829299"", ""197341708"", ""190777107"", ""119765502"", ""103936826"", ""16813724"", ""126204466"", ""188577796""]"
none_subset,5,173164315,146168593,4,1,1,1,1,1,1,1,"[""146168593"", ""166614186"", ""211473289"", ""186900944"", ""90951087"", ""187133003"", ""74840410"", ""194814735"", ""210517999"", ""76695262""]"
none_subset,5,218627424,201030455,38,3,0,1,1,1,1,1,"[""76978137"", ""198984787"", ""201030455"", ""192992682"", ""165832126"", ""116226486"", ""45759986"", ""147652742"", ""136445502"", ""149382787""]"
none_subset,5,122672542,94863968,64,14,0,0,0,0,1,1,"[""147984435"", ""145930227"", ""144339648"", ""94645332"", ""184410319"", ""123750776"", ""197388497"", ""44749628"", ""19607163"", ""196328856""]"
none_subset,5,225235909,194952332,43,4,0,0,1,1,1,1,"[""211526829"", ""67063550"", ""66867545"", ""194952332"", ""189262880"", ""159786759"", ""81706080"", ""146978431"", ""198710349"", ""182870508""]"
none_subset,5,112922721,101192063,37,217,0,0,0,0,0,0,"[""158117230"", ""58893791"", ""100015328"", ""123258872"", ""88534873"", ""66495486"", ""159657746"", ""140907909"", ""29496516"", ""184515969""]"
none_subset,5,219452231,187611963,46,10,0,0,0,1,1,1,"[""174586724"", ""209744189"", ""195152908"", ""106800463"", ""174837469"", ""207911543"", ""196783083"", ""138830136"", ""7231598"", ""187611963""]"
none_subset,5,143688336,126369594,4,252,0,0,0,0,0,0,"[""119415258"", ""151356635"", ""142506151"", ""172890535"", ""120663751"", ""208093396"", ""86878993"", ""146345148"", ""200384605"", ""132615948""]"
none_subset,5,208912799,163911793,46,2850,0,0,0,0,0,0,"[""167464610"", ""197415730"", ""167383627"", ""194854155"", ""193074174"", ""196783083"", ""174586724"", ""208493172"", ""177591787"", ""193206170""]"
none_subset,5,210140554,182640683,37,801,0,0,0,0,0,0,"[""186986472"", ""45171964"", ""147435678"", ""177207521"", ""154409188"", ""187043151"", ""156858638"", ""120603675"", ""211646800"", ""202222440""]"
none_subset,5,220122384,203668670,43,1,1,1,1,1,1,1,"[""203668670"", ""186549940"", ""145672403"", ""164461764"", ""120122284"", ""204264183"", ""198710349"", ""147535992"", ""166301530"", ""18269900""]"
none_subset,5,194621053,163919581,46,72,0,0,0,0,0,0,"[""158080441"", ""129447301"", ""137171317"", ""106830010"", ""129506623"", ""203310461"", ""201512197"", ""103246590"", ""172684450"", ""188865413""]"
none_subset,5,223369637,209045757,37,562,0,0,0,0,0,0,"[""140618489"", ""191892681"", ""180305054"", ""143065905"", ""153610553"", ""214037923"", ""194297564"", ""80627031"", ""214883789"", ""61710118""]"
none_subset,5,115307321,99231086,37,911,0,0,0,0,0,0,"[""193679263"", ""214708320"", ""119637829"", ""187812442"", ""123163900"", ""134610044"", ""133924998"", ""157022245"", ""211318715"", ""210646051""]"
none_subset,5,78053428,77802747,62,2353,0,0,0,0,0,0,"[""184634086"", ""51323167"", ""70859518"", ""209146285"", ""156368842"", ""212503126"", ""169122754"", ""185145276"", ""203401813"", ""63304163""]"
none_subset,5,222736054,205216250,62,718,0,0,0,0,0,0,"[""214034644"", ""178706930"", ""185409558"", ""147413615"", ""134618566"", ""174518568"", ""81077749"", ""195783488"", ""112339725"", ""196543115""]"
none_subset,5,126031465,111852877,64,137,0,0,0,0,0,0,"[""90897593"", ""161643481"", ""87964225"", ""184410319"", ""183642716"", ""178690639"", ""167354299"", ""107682837"", ""187708913"", ""136904065""]"
none_subset,5,216331040,196742641,38,1,1,1,1,1,1,1,"[""196742641"", ""203456374"", ""190110099"", ""109357355"", ""189303189"", ""209590588"", ""145081287"", ""175183352"", ""196068182"", ""142598311""]"
none_subset,5,205777823,167495362,57,569,0,0,0,0,0,0,"[""177152495"", ""80684151"", ""207176758"", ""191244076"", ""209989262"", ""12228591"", ""75778769"", ""80664100"", ""190891048"", ""111475511""]"
none_subset,5,181301193,151450966,57,765,0,0,0,0,0,0,"[""86771304"", ""194409455"", ""122408162"", ""201144087"", ""131667486"", ""85942447"", ""211785457"", ""99228573"", ""103801352"", ""136289629""]"
none_subset,5,224681805,80946678,4,33,0,0,0,0,0,1,"[""177128650"", ""199082024"", ""186674454"", ""212022302"", ""213939970"", ""113782850"", ""185842647"", ""213319159"", ""131936243"", ""214408664""]"
none_subset,5,156424434,131281412,37,427,0,0,0,0,0,0,"[""66837732"", ""119357902"", ""188414894"", ""195740726"", ""115463757"", ""89062584"", ""195054374"", ""72535542"", ""80032224"", ""55814438""]"
none_subset,5,222620417,211216257,64,2852,0,0,0,0,0,0,"[""37161164"", ""134312075"", ""169695317"", ""103562123"", ""203593619"", ""56833135"", ""115580730"", ""202253212"", ""83781866"", ""208559848""]"
none_subset,5,191117935,159158518,43,294,0,0,0,0,0,0,"[""187215484"", ""206290556"", ""203348372"", ""211582481"", ""212129667"", ""113451129"", ""203424512"", ""195224828"", ""182399428"", ""189283285""]"
none_subset,5,215247659,196168994,46,360,0,0,0,0,0,0,"[""16339902"", ""45817478"", ""110268464"", ""19664212"", ""108196994"", ""211570283"", ""210433449"", ""79523323"", ""194811856"", ""113654919""]"
none_subset,5,194723853,159848649,43,1070,0,0,0,0,0,0,"[""139391726"", ""132755634"", ""192578315"", ""151787283"", ""141726609"", ""160559989"", ""166786389"", ""65700153"", ""123819732"", ""125484797""]"
none_subset,5,197950777,169059871,64,1643,0,0,0,0,0,0,"[""146458358"", ""187016162"", ""198198799"", ""210299128"", ""157457665"", ""120036834"", ""184682944"", ""111814939"", ""90867095"", ""76668217""]"
none_subset,5,218227123,203190117,46,163,0,0,0,0,0,0,"[""208224187"", ""210836917"", ""203118933"", ""211441287"", ""80538986"", ""214020106"", ""173406684"", ""100946720"", ""78566379"", ""173832017""]"
none_subset,5,175204296,147698835,37,1263,0,0,0,0,0,0,"[""96028215"", ""184320957"", ""118291817"", ""154409188"", ""159657746"", ""195054374"", ""75561865"", ""143825144"", ""121841349"", ""187837794""]"
none_subset,5,156645730,99567115,37,609,0,0,0,0,0,0,"[""158117230"", ""188967908"", ""136895908"", ""125097939"", ""42842956"", ""152140191"", ""58893791"", ""152727959"", ""156884960"", ""25189123""]"
none_subset,5,221050667,208224412,57,153,0,0,0,0,0,0,"[""173433055"", ""207501690"", ""210816632"", ""211144109"", ""172017798"", ""179083943"", ""210800341"", ""195614608"", ""190479114"", ""213085616""]"
none_subset,5,222422842,210451253,37,10,0,0,0,1,1,1,"[""187443642"", ""145639775"", ""201913249"", ""211987844"", ""162230699"", ""195619020"", ""134055274"", ""184921004"", ""191600925"", ""210451253""]"
none_subset,5,78573689,79742438,38,453,0,0,0,0,0,0,"[""16689432"", ""114131241"", ""99026554"", ""126891166"", ""85421632"", ""119135437"", ""145151055"", ""27784922"", ""155677029"", ""209895579""]"
none_subset,5,58990237,29790518,4,626,0,0,0,0,0,0,"[""193831253"", ""156469871"", ""200875902"", ""44858664"", ""123881493"", ""167074809"", ""193566719"", ""159922963"", ""214485432"", ""165897952""]"
none_subset,5,184568811,156295009,43,52,0,0,0,0,0,0,"[""40866643"", ""63371049"", ""183279101"", ""158885545"", ""136512962"", ""91544773"", ""125800065"", ""127664189"", ""141087974"", ""102228484""]"
none_subset,5,162978629,132033042,46,1605,0,0,0,0,0,0,"[""134691092"", ""167900654"", ""167383627"", ""82615761"", ""112985650"", ""93024322"", ""203456171"", ""172604491"", ""131953748"", ""154894212""]"
none_subset,5,212699656,169890733,46,322,0,0,0,0,0,0,"[""48678802"", ""137569131"", ""67021528"", ""149547737"", ""187395162"", ""160762858"", ""140110070"", ""113099475"", ""79146025"", ""99309357""]"
none_subset,5,222300782,210709127,4,3,0,1,1,1,1,1,"[""210871478"", ""199082024"", ""210709127"", ""213125259"", ""177128650"", ""213319159"", ""215274929"", ""208958120"", ""180575809"", ""198052564""]"
none_subset,5,222071704,209721719,46,841,0,0,0,0,0,0,"[""138971583"", ""174623464"", ""160547557"", ""173668368"", ""204635544"", ""59941636"", ""179855914"", ""205368126"", ""136586472"", ""136504584""]"
none_subset,5,194860010,166190328,46,147,0,0,0,0,0,0,"[""211268424"", ""157884203"", ""196783083"", ""195152908"", ""169782796"", ""202512541"", ""158806989"", ""139649558"", ""193874948"", ""205037505""]"
none_subset,5,205377132,180844785,43,22,0,0,0,0,1,1,"[""159971774"", ""206730740"", ""178271380"", ""184091403"", ""165285962"", ""182902299"", ""173758947"", ""202025930"", ""201671217"", ""194288073""]"
none_subset,5,142846279,124608125,46,246,0,0,0,0,0,0,"[""139649558"", ""196783083"", ""188805088"", ""140208813"", ""192342929"", ""110303791"", ""193559506"", ""110900877"", ""16339902"", ""133674182""]"
none_subset,5,193734416,162124393,43,2,0,1,1,1,1,1,"[""188195572"", ""162124393"", ""199268133"", ""201991192"", ""79517399"", ""144463129"", ""141417624"", ""159111252"", ""132793063"", ""103045536""]"
none_subset,5,35285379,38719112,43,274,0,0,0,0,0,0,"[""186549940"", ""203668670"", ""192304894"", ""152645436"", ""128927470"", ""145672403"", ""194562683"", ""127321663"", ""57735215"", ""201409854""]"
none_subset,5,87945809,78696152,46,229,0,0,0,0,0,0,"[""194132989"", ""172250706"", ""168815908"", ""210724130"", ""106926227"", ""142707487"", ""141781507"", ""174665100"", ""204026475"", ""205019069""]"
none_subset,5,123142914,107528202,4,877,0,0,0,0,0,0,"[""106574616"", ""163772112"", ""194643860"", ""46147970"", ""213461075"", ""144990362"", ""203620126"", ""206386977"", ""166083961"", ""179812166""]"
none_subset,5,164454108,95790673,64,858,0,0,0,0,0,0,"[""136053941"", ""124963799"", ""151589612"", ""206880666"", ""143662194"", ""191638507"", ""212429237"", ""195841911"", ""173115999"", ""192577471""]"
none_subset,5,193158719,164661248,4,105,0,0,0,0,0,0,"[""12396291"", ""138957607"", ""149759096"", ""184954811"", ""167351572"", ""159150083"", ""64185045"", ""202167018"", ""100087840"", ""214521847""]"
none_subset,5,189108091,158986246,57,217,0,0,0,0,0,0,"[""153321595"", ""209125579"", ""178369063"", ""173797071"", ""130403648"", ""135046482"", ""183349552"", ""107527615"", ""171903975"", ""151871480""]"
none_subset,5,208314235,182590419,62,1448,0,0,0,0,0,0,"[""105604280"", ""24433447"", ""56568319"", ""69970349"", ""104210649"", ""135784548"", ""92980980"", ""129878189"", ""141261014"", ""113925741""]"
none_subset,5,171464736,145094112,46,7,0,0,0,1,1,1,"[""162020306"", ""210468796"", ""157599774"", ""212809187"", ""184502757"", ""203062604"", ""145094112"", ""143484748"", ""172671263"", ""173138479""]"
none_subset,5,212429460,176131148,46,439,0,0,0,0,0,0,"[""156263625"", ""167383627"", ""205315794"", ""196783083"", ""213237768"", ""131953748"", ""154894212"", ""210128394"", ""134691092"", ""112985650""]"
none_subset,5,206367580,180126691,62,609,0,0,0,0,0,0,"[""138087303"", ""143772507"", ""190440971"", ""173904346"", ""146315787"", ""122862208"", ""87886557"", ""128953179"", ""127465305"", ""77368051""]"
none_subset,5,225108929,212708245,37,319,0,0,0,0,0,0,"[""131057179"", ""125089746"", ""145815769"", ""180713169"", ""53074039"", ""179547907"", ""172267662"", ""105298093"", ""184405228"", ""127751465""]"
none_subset,5,219709897,202039069,43,123,0,0,0,0,0,0,"[""159971774"", ""67909736"", ""121279267"", ""173758947"", ""204649733"", ""178271380"", ""211355598"", ""197718308"", ""84735538"", ""202025930""]"
none_subset,5,120028133,101696867,43,306,0,0,0,0,0,0,"[""168830681"", ""189791365"", ""83995528"", ""202567733"", ""192268643"", ""166272408"", ""184705867"", ""214258455"", ""8324549"", ""15144714""]"
none_subset,5,134666130,113496973,64,428,0,0,0,0,0,0,"[""62091212"", ""98571285"", ""127253518"", ""63404553"", ""74162951"", ""186122058"", ""156281163"", ""144339648"", ""193004529"", ""159354842""]"
none_subset,5,214415568,144932091,43,310,0,0,0,0,0,0,"[""180314920"", ""180095819"", ""207549172"", ""182870508"", ""146978431"", ""141417624"", ""69012761"", ""182570514"", ""75775580"", ""204382923""]"
none_subset,5,206367329,167525245,46,1720,0,0,0,0,0,0,"[""132184095"", ""152716158"", ""136436838"", ""215055930"", ""108786028"", ""125568463"", ""158008511"", ""174504603"", ""169081503"", ""200814907""]"
none_subset,5,222044042,205545277,46,4,0,0,1,1,1,1,"[""47210633"", ""141714974"", ""123282118"", ""205545277"", ""201405341"", ""143251976"", ""178172222"", ""209156183"", ""127741812"", ""78183845""]"
none_subset,5,218211133,113542136,62,26,0,0,0,0,1,1,"[""22547515"", ""172904337"", ""61854824"", ""1975349"", ""178706930"", ""25260455"", ""156564557"", ""106048307"", ""200582902"", ""113659126""]"
none_subset,5,72934225,8324549,43,2552,0,0,0,0,0,0,"[""90355123"", ""99992649"", ""130448492"", ""181167814"", ""67021588"", ""121017251"", ""68189198"", ""162819113"", ""86370719"", ""115645977""]"
none_subset,5,221403783,186647118,37,387,0,0,0,0,0,0,"[""200939819"", ""100819191"", ""145696871"", ""198257576"", ""202547182"", ""204628236"", ""199777326"", ""165315733"", ""163621389"", ""139568210""]"
none_subset,5,59451952,27162317,64,475,0,0,0,0,0,0,"[""63861102"", ""80281524"", ""17102158"", ""177536477"", ""152518752"", ""35312252"", ""151526168"", ""186850320"", ""188599489"", ""60124479""]"
none_subset,5,65481113,56967833,43,1108,0,0,0,0,0,0,"[""170651164"", ""108194109"", ""192942930"", ""127619450"", ""195055432"", ""206094210"", ""128075960"", ""190372173"", ""205682935"", ""193746203""]"
none_subset,5,148115874,127946988,57,295,0,0,0,0,0,0,"[""152187673"", ""157758093"", ""202626135"", ""202725978"", ""51300213"", ""149427907"", ""185361449"", ""63293833"", ""205371893"", ""132769262""]"
none_subset,5,114171691,103676177,4,46,0,0,0,0,0,1,"[""163349092"", ""139418370"", ""209715606"", ""144907575"", ""192402919"", ""147828982"", ""197859740"", ""171818167"", ""201707698"", ""136384270""]"
none_subset,5,218740346,203796300,57,469,0,0,0,0,0,0,"[""154105888"", ""203550692"", ""203904751"", ""198700939"", ""201185749"", ""211403205"", ""206964493"", ""195530334"", ""190632146"", ""169303368""]"
none_subset,5,156463248,133945472,64,17,0,0,0,0,1,1,"[""164643454"", ""96029631"", ""133614550"", ""200859322"", ""207446541"", ""161643481"", ""30343221"", ""102679360"", ""118462041"", ""167354299""]"
none_subset,5,174497388,118684332,46,218,0,0,0,0,0,0,"[""165704043"", ""204975400"", ""164912617"", ""105064166"", ""204631912"", ""105775833"", ""82615761"", ""169636588"", ""213226745"", ""193423957""]"
none_subset,5,200633853,153429397,46,676,0,0,0,0,0,0,"[""97781465"", ""53889109"", ""79523323"", ""191705183"", ""137142760"", ""201966464"", ""28575466"", ""118566996"", ""113117731"", ""111095231""]"
none_subset,5,224648107,180243968,37,164,0,0,0,0,0,0,"[""210025924"", ""211987844"", ""177838111"", ""146524904"", ""182640683"", ""145639775"", ""206129800"", ""211954189"", ""190569345"", ""183519446""]"
none_subset,5,146987378,114095793,38,448,0,0,0,0,0,0,"[""192191594"", ""117484080"", ""207422358"", ""211428575"", ""127107925"", ""157714512"", ""165671081"", ""145998937"", ""158784944"", ""169004224""]"
none_subset,5,63414595,66064117,37,6,0,0,0,1,1,1,"[""42842956"", ""53410176"", ""94966858"", ""152727959"", ""21114364"", ""66064117"", ""115215869"", ""126574209"", ""105274553"", ""105224939""]"
none_subset,5,206561203,177758562,57,2529,0,0,0,0,0,0,"[""204395145"", ""213078674"", ""206210460"", ""205695720"", ""210193690"", ""81517607"", ""171298197"", ""215562071"", ""180280221"", ""208627519""]"
none_subset,5,215076467,196176687,4,184,0,0,0,0,0,0,"[""190495475"", ""200963901"", ""182794391"", ""200963858"", ""193189793"", ""183252412"", ""117471262"", ""196862937"", ""201454668"", ""186900944""]"
none_subset,5,192505330,158737000,43,1741,0,0,0,0,0,0,"[""181167814"", ""127635452"", ""98570059"", ""159960194"", ""115230082"", ""112901249"", ""104255136"", ""121597429"", ""157682449"", ""70081273""]"
none_subset,5,81575274,77395625,37,298,0,0,0,0,0,0,"[""140907909"", ""184518066"", ""145070308"", ""40240729"", ""58893791"", ""163255423"", ""196428679"", ""109130798"", ""184515969"", ""123258872""]"
none_subset,5,224931522,202222440,37,2724,0,0,0,0,0,0,"[""207481345"", ""82961419"", ""92273591"", ""123163900"", ""210502009"", ""210053178"", ""166969289"", ""134610044"", ""191148698"", ""193679263""]"
none_subset,5,223744284,204065707,46,284,0,0,0,0,0,0,"[""141781507"", ""195079694"", ""210417568"", ""210643352"", ""179347666"", ""207127154"", ""200555275"", ""207544587"", ""173365679"", ""167424905""]"
none_subset,5,137503904,120852733,4,205,0,0,0,0,0,0,"[""12396291"", ""181715447"", ""64185045"", ""202362364"", ""156103241"", ""214521847"", ""138975756"", ""183670529"", ""192424356"", ""200963858""]"
none_subset,5,58738507,63874499,62,1603,0,0,0,0,0,0,"[""127682307"", ""162263431"", ""68305694"", ""152017732"", ""121718146"", ""51264178"", ""156966977"", ""89597505"", ""114607053"", ""64181476""]"
none_subset,5,182463231,135449877,62,51,0,0,0,0,0,0,"[""91550082"", ""76665110"", ""192577715"", ""134905481"", ""156885677"", ""193241960"", ""151308081"", ""67295737"", ""176645947"", ""148763473""]"
none_subset,5,223150160,211861394,62,122,0,0,0,0,0,0,"[""212412503"", ""211070786"", ""204577887"", ""211808810"", ""206664307"", ""200033285"", ""214078993"", ""197247155"", ""191313815"", ""196478095""]"
none_subset,5,215706482,197749060,57,304,0,0,0,0,0,0,"[""187760067"", ""209371340"", ""210472448"", ""205792958"", ""211144549"", ""210498921"", ""208742570"", ""209465166"", ""144927109"", ""211954295""]"
none_subset,5,93265539,88157034,37,81,0,0,0,0,0,0,"[""183552543"", ""188742562"", ""123163900"", ""189064377"", ""194551250"", ""185847475"", ""51981897"", ""161147605"", ""162095481"", ""152140191""]"
none_subset,5,213568136,171846733,46,150,0,0,0,0,0,0,"[""144964708"", ""205233162"", ""176661515"", ""143758782"", ""132699103"", ""78094109"", ""106926227"", ""208708242"", ""12880586"", ""165738313""]"
none_subset,5,216009257,193863080,62,92,0,0,0,0,0,0,"[""196129983"", ""122004752"", ""173383036"", ""193706706"", ""179030233"", ""12231700"", ""124312276"", ""72763415"", ""150945055"", ""215161236""]"
none_subset,5,224303341,207753535,43,2842,0,0,0,0,0,0,"[""175717483"", ""86885256"", ""128872941"", ""196728731"", ""147587197"", ""204449585"", ""208578922"", ""180465465"", ""1704333"", ""188733787""]"
none_subset,5,224902411,210573149,4,163,0,0,0,0,0,0,"[""210484477"", ""191316160"", ""203466268"", ""178104667"", ""196026500"", ""180843726"", ""182581077"", ""191327886"", ""188468393"", ""196161368""]"
none_subset,5,222775590,191591466,4,80,0,0,0,0,0,0,"[""183018658"", ""182575686"", ""207414127"", ""209855726"", ""172234841"", ""212618414"", ""167074809"", ""78091389"", ""103984598"", ""203776159""]"
none_subset,5,221524461,203173810,46,866,0,0,0,0,0,0,"[""141583383"", ""79694314"", ""210393362"", ""208337799"", ""201469244"", ""207380596"", ""205297053"", ""207227762"", ""206602271"", ""210498357""]"
none_subset,5,208839124,182575686,4,102,0,0,0,0,0,0,"[""153069902"", ""88781085"", ""80237634"", ""191889856"", ""168012970"", ""205789625"", ""202372205"", ""20719982"", ""124951123"", ""134498953""]"
none_subset,5,213044579,193010516,64,44,0,0,0,0,0,1,"[""137648602"", ""36366553"", ""181352764"", ""166095870"", ""68125060"", ""161573660"", ""182166933"", ""207331867"", ""199704764"", ""197129998""]"
none_subset,5,213620432,194289010,62,3,0,1,1,1,1,1,"[""100460340"", ""147662184"", ""194289010"", ""180448591"", ""160871092"", ""150060889"", ""96112528"", ""213066001"", ""206841068"", ""156503039""]"
none_subset,5,216313910,199469789,43,30,0,0,0,0,1,1,"[""211582481"", ""210822887"", ""201213450"", ""189283051"", ""180844785"", ""156536547"", ""136773099"", ""187215484"", ""191134281"", ""194022987""]"
none_subset,5,171114203,143386642,37,175,0,0,0,0,0,0,"[""146070036"", ""153418983"", ""150765445"", ""126405878"", ""210773541"", ""131909304"", ""136711963"", ""79677704"", ""204161065"", ""207409548""]"
none_subset,5,136207895,114573844,4,267,0,0,0,0,0,0,"[""150920816"", ""200963858"", ""148365289"", ""130299986"", ""154203183"", ""146180479"", ""143852845"", ""203048719"", ""117771611"", ""194465314""]"
none_subset,5,179696580,145696871,37,1248,0,0,0,0,0,0,"[""186986472"", ""173453762"", ""120893128"", ""84203234"", ""118291817"", ""153538224"", ""156943771"", ""81340320"", ""191060958"", ""158117230""]"
none_subset,5,174146464,134507863,43,2368,0,0,0,0,0,0,"[""141324433"", ""173857826"", ""65223002"", ""201283434"", ""187498153"", ""57556019"", ""186513838"", ""106909229"", ""149647107"", ""74652569""]"
none_subset,5,222424665,210872833,57,982,0,0,0,0,0,0,"[""178508676"", ""208772517"", ""180302528"", ""182623124"", ""206408448"", ""143670064"", ""187720102"", ""177145864"", ""211680542"", ""188937064""]"
none_subset,5,187546279,157092256,4,15,0,0,0,0,1,1,"[""105605834"", ""141440077"", ""197428008"", ""100901027"", ""182893664"", ""165785804"", ""206541953"", ""156834256"", ""150204940"", ""45403148""]"
none_subset,5,222676347,206933046,46,186,0,0,0,0,0,0,"[""167644413"", ""212905783"", ""178405632"", ""172966334"", ""208805779"", ""214251597"", ""211131554"", ""208458622"", ""138784478"", ""204899704""]"
none_subset,5,157005142,115668354,37,127,0,0,0,0,0,0,"[""133173167"", ""190788723"", ""195740726"", ""193335758"", ""143835093"", ""191131185"", ""190568516"", ""167262748"", ""174101148"", ""142630827""]"
none_subset,5,215615257,188378620,64,441,0,0,0,0,0,0,"[""134312075"", ""83781866"", ""162587856"", ""120256316"", ""205920501"", ""56833135"", ""169695317"", ""204435589"", ""126953299"", ""167849719""]"
none_subset,5,194695906,158536496,38,782,0,0,0,0,0,0,"[""63839835"", ""148395469"", ""128168264"", ""191870766"", ""136444097"", ""139494203"", ""104042988"", ""120618466"", ""186767110"", ""73613191""]"
none_subset,5,203432482,169554913,37,776,0,0,0,0,0,0,"[""188877213"", ""164935921"", ""198753304"", ""186443492"", ""204657562"", ""145112155"", ""155851122"", ""96678439"", ""192154985"", ""102506020""]"
none_subset,5,123321721,101119653,43,229,0,0,0,0,0,0,"[""127321663"", ""182010866"", ""207021897"", ""18269900"", ""198489911"", ""170439536"", ""54786988"", ""110104374"", ""158624345"", ""201409854""]"
none_subset,5,210174249,188362913,38,661,0,0,0,0,0,0,"[""151217202"", ""133939663"", ""209921939"", ""66287825"", ""20918033"", ""182369007"", ""196915199"", ""194116496"", ""202818877"", ""132005414""]"
none_subset,5,171136752,143395225,62,504,0,0,0,0,0,0,"[""97195771"", ""152815967"", ""99563204"", ""117835777"", ""156119933"", ""189107795"", ""153978341"", ""82871684"", ""146789147"", ""48004410""]"
none_subset,5,191817060,153434097,57,1618,0,0,0,0,0,0,"[""194409455"", ""211844405"", ""172961532"", ""191497108"", ""199513063"", ""206568246"", ""211888991"", ""134702798"", ""185361449"", ""179066496""]"
none_subset,5,17919319,16824274,46,645,0,0,0,0,0,0,"[""178575957"", ""131953748"", ""178722271"", ""130420267"", ""65618657"", ""206204582"", ""197876190"", ""110303791"", ""205315794"", ""165803311""]"
none_subset,5,198846780,116370931,64,1336,0,0,0,0,0,0,"[""173661276"", ""183013744"", ""136904065"", ""188286775"", ""195536773"", ""121255930"", ""183765574"", ""1923943"", ""186093978"", ""169220249""]"
none_subset,5,205542152,137027698,43,232,0,0,0,0,0,0,"[""162384225"", ""201927995"", ""204479993"", ""210273616"", ""190114151"", ""204884209"", ""197253083"", ""156395019"", ""201554148"", ""50463859""]"
none_subset,5,213895353,187545617,37,337,0,0,0,0,0,0,"[""146818815"", ""157022245"", ""176184502"", ""158103752"", ""165920027"", ""115896062"", ""201252808"", ""126447640"", ""162095481"", ""103057199""]"
none_subset,5,138735048,111956915,46,785,0,0,0,0,0,0,"[""126613385"", ""197423739"", ""160110731"", ""110268464"", ""134848823"", ""139649558"", ""205030690"", ""140208813"", ""214112052"", ""158054071""]"
none_subset,5,220388911,50337874,4,393,0,0,0,0,0,0,"[""197860156"", ""117771611"", ""112540745"", ""191096738"", ""45909356"", ""155621693"", ""203965703"", ""152350533"", ""191695096"", ""165675795""]"
none_subset,5,142819550,123163900,37,343,0,0,0,0,0,0,"[""126929630"", ""209208662"", ""149811179"", ""98128705"", ""130025536"", ""140336042"", ""93714502"", ""190113798"", ""166280219"", ""197580749""]"
none_subset,5,176254517,147824545,64,1087,0,0,0,0,0,0,"[""95857401"", ""130269008"", ""158680148"", ""184683737"", ""174916841"", ""60291031"", ""121664928"", ""121756376"", ""107218617"", ""96029631""]"
none_subset,5,206097907,175934053,37,949,0,0,0,0,0,0,"[""16898206"", ""89454786"", ""119637829"", ""184920959"", ""96678439"", ""141382831"", ""180869206"", ""187812442"", ""212263607"", ""165689309""]"
none_subset,5,56711007,58216709,4,69,0,0,0,0,0,0,"[""201066059"", ""63672717"", ""133966108"", ""169468429"", ""197382040"", ""202029081"", ""211428834"", ""199502835"", ""184322806"", ""207095845""]"
none_subset,5,206210724,84800476,4,888,0,0,0,0,0,0,"[""164634484"", ""139110120"", ""80946678"", ""210301282"", ""139416198"", ""212277102"", ""160135566"", ""131936243"", ""166325083"", ""201829388""]"
none_subset,5,149191479,128399228,38,779,0,0,0,0,0,0,"[""160041957"", ""169021759"", ""91690080"", ""12905940"", ""155589050"", ""171588996"", ""142870223"", ""31197704"", ""151278548"", ""18107447""]"
none_subset,5,220047744,103930898,64,2590,0,0,0,0,0,0,"[""196328856"", ""184410319"", ""147984435"", ""181447269"", ""103394043"", ""209370105"", ""93391460"", ""144339648"", ""150470372"", ""123694415""]"
none_subset,5,194785620,165237646,43,160,0,0,0,0,0,0,"[""210273616"", ""208345597"", ""171798974"", ""193746203"", ""108684069"", ""164527202"", ""168783197"", ""190372173"", ""166344121"", ""98638580""]"
none_subset,5,218749582,200169558,46,2041,0,0,0,0,0,0,"[""186078356"", ""173624018"", ""180299995"", ""173365679"", ""84550918"", ""198221243"", ""207127154"", ""209764015"", ""161442585"", ""141781507""]"
none_subset,5,165838982,127997699,46,256,0,0,0,0,0,0,"[""77388181"", ""200814907"", ""190912236"", ""178445507"", ""126396079"", ""108786028"", ""112146732"", ""60967653"", ""116820479"", ""199589936""]"
none_subset,5,224920334,200087166,4,602,0,0,0,0,0,0,"[""141714724"", ""180940683"", ""140694614"", ""42043129"", ""133755220"", ""191096738"", ""141085810"", ""149621622"", ""113622434"", ""190013445""]"
none_subset,5,205468200,178716548,4,1283,0,0,0,0,0,0,"[""117771611"", ""149911694"", ""159649299"", ""192736985"", ""197860156"", ""115483149"", ""191096738"", ""103676177"", ""191695096"", ""155870634""]"
none_subset,5,215148558,194797723,38,124,0,0,0,0,0,0,"[""130737214"", ""192920732"", ""200734713"", ""169136130"", ""208342286"", ""209590588"", ""193591162"", ""141272135"", ""68644542"", ""133301327""]"
none_subset,5,124923191,109509000,38,2047,0,0,0,0,0,0,"[""207422358"", ""169647353"", ""173793300"", ""169004224"", ""111639650"", ""117484080"", ""144261984"", ""165671081"", ""126776975"", ""171180851""]"
none_subset,5,215578096,190043031,64,8,0,0,0,1,1,1,"[""188820923"", ""179201033"", ""181619566"", ""193298062"", ""138800320"", ""194094670"", ""62550428"", ""190043031"", ""156194814"", ""207795709""]"
none_subset,5,75789381,77710495,43,479,0,0,0,0,0,0,"[""138011937"", ""158146260"", ""88426427"", ""121314084"", ""75771817"", ""75777764"", ""169219606"", ""204904591"", ""194647914"", ""112069335""]"
none_subset,5,203230137,137020533,62,1653,0,0,0,0,0,0,"[""76790091"", ""154898137"", ""82382971"", ""211901178"", ""146789147"", ""141589821"", ""197129044"", ""192653562"", ""99645029"", ""52773606""]"
none_subset,5,46116158,52577956,62,1,1,1,1,1,1,1,"[""52577956"", ""104210649"", ""110870208"", ""39278122"", ""178957506"", ""201461957"", ""86956608"", ""24433447"", ""122185080"", ""105604280""]"
none_subset,5,177136537,149390857,4,1179,0,0,0,0,0,0,"[""192424356"", ""193189793"", ""190574356"", ""199780246"", ""146764647"", ""189645323"", ""203048719"", ""190495475"", ""93467050"", ""192741039""]"
none_subset,5,221669084,193072604,64,2340,0,0,0,0,0,0,"[""72527056"", ""82453175"", ""121756376"", ""33118552"", ""113850105"", ""168633758"", ""85660594"", ""73537331"", ""146228800"", ""183047062""]"
none_subset,5,212041382,191701817,37,277,0,0,0,0,0,0,"[""116240817"", ""100843460"", ""194958352"", ""187719393"", ""181408383"", ""87450438"", ""56675511"", ""191538851"", ""186811713"", ""165174023""]"
none_subset,5,219471274,197859726,46,245,0,0,0,0,0,0,"[""110268464"", ""120660699"", ""181810712"", ""174465659"", ""181905212"", ""132605956"", ""103102034"", ""156626186"", ""149547737"", ""213672603""]"
none_subset,5,128080603,113230194,46,9,0,0,0,1,1,1,"[""93024322"", ""203456171"", ""99908438"", ""134691092"", ""172604491"", ""130151286"", ""167900654"", ""120963350"", ""113230194"", ""173832017""]"
none_subset,5,186907914,156087601,43,95,0,0,0,0,0,0,"[""128872941"", ""175717483"", ""148264493"", ""178276896"", ""170809158"", ""196728731"", ""204449585"", ""209546973"", ""153840249"", ""140343241""]"
none_subset,5,203265984,104638861,46,4,0,0,1,1,1,1,"[""172681042"", ""172696525"", ""78490755"", ""104638861"", ""96874171"", ""208905537"", ""120233208"", ""132671791"", ""209971517"", ""125568463""]"
none_subset,5,168179706,140057420,37,176,0,0,0,0,0,0,"[""182489418"", ""213471023"", ""137062195"", ""185266696"", ""196169860"", ""141241455"", ""146527115"", ""192554825"", ""147309436"", ""209207018""]"
none_subset,5,225219059,215377527,46,427,0,0,0,0,0,0,"[""202822668"", ""169495520"", ""189088897"", ""213377993"", ""204540006"", ""184636221"", ""146604273"", ""203778148"", ""212264182"", ""211131554""]"
none_subset,5,190303380,143805569,37,13,0,0,0,0,1,1,"[""103057199"", ""146818815"", ""157022245"", ""39048064"", ""162095481"", ""176184502"", ""212047029"", ""93714502"", ""119637829"", ""123163900""]"
none_subset,5,59639212,58507091,64,449,0,0,0,0,0,0,"[""48108527"", ""107088593"", ""158075100"", ""143686140"", ""73923102"", ""199310873"", ""146228800"", ""81869558"", ""150507317"", ""194651505""]"
none_subset,5,194672002,165611039,38,1382,0,0,0,0,0,0,"[""122392168"", ""138353042"", ""195194673"", ""121564255"", ""120726041"", ""151333626"", ""123190192"", ""163646287"", ""176574849"", ""102778559""]"
none_subset,5,198979809,209736403,37,803,0,0,0,0,0,0,"[""187837794"", ""116930061"", ""201576605"", ""177594563"", ""113148033"", ""195054374"", ""210502009"", ""156858638"", ""194373425"", ""183251892""]"
none_subset,5,20008520,18136094,64,24,0,0,0,0,1,1,"[""103416735"", ""181619566"", ""156194814"", ""138115654"", ""147497927"", ""148497898"", ""56995363"", ""170931595"", ""60032340"", ""138800320""]"
none_subset,5,221245643,206967157,46,1520,0,0,0,0,0,0,"[""156263625"", ""167383627"", ""153459843"", ""70629074"", ""205315794"", ""214729100"", ""136540208"", ""168398015"", ""204100293"", ""211540948""]"
none_subset,5,164872875,135720410,4,260,0,0,0,0,0,0,"[""141475879"", ""22859510"", ""106956251"", ""138178873"", ""112914230"", ""47487946"", ""76958785"", ""167351572"", ""32643267"", ""164194074""]"
none_subset,5,215142560,106188623,4,43,0,0,0,0,0,1,"[""124893597"", ""207942600"", ""148281605"", ""149759096"", ""158607543"", ""159049760"", ""122564854"", ""171029402"", ""148365289"", ""144264277""]"
none_subset,5,224121102,213467226,46,770,0,0,0,0,0,0,"[""159369178"", ""206453483"", ""205395255"", ""211028341"", ""150754478"", ""136320022"", ""177368586"", ""172344554"", ""203143041"", ""142436010""]"
none_subset,5,224931869,139398347,43,154,0,0,0,0,0,0,"[""189165560"", ""89602786"", ""183703868"", ""142505497"", ""178546388"", ""152263616"", ""151379615"", ""151940220"", ""89479859"", ""141872568""]"
none_subset,5,138153661,118659816,38,288,0,0,0,0,0,0,"[""167877470"", ""63839835"", ""156645031"", ""98526198"", ""95211839"", ""175611574"", ""151407481"", ""174919483"", ""19105395"", ""111184822""]"
none_subset,5,225280861,215580451,4,67,0,0,0,0,0,0,"[""50948393"", ""197461829"", ""193481695"", ""188605425"", ""196026500"", ""193323154"", ""159111889"", ""128734627"", ""213815291"", ""181664054""]"
none_subset,5,211607484,191030106,37,492,0,0,0,0,0,0,"[""187719393"", ""157806065"", ""181408383"", ""194958352"", ""87450438"", ""191931364"", ""191571560"", ""116240817"", ""165174023"", ""200866870""]"
none_subset,5,214872752,188240250,37,129,0,0,0,0,0,0,"[""187043151"", ""211646800"", ""53410176"", ""32197485"", ""202778075"", ""71957357"", ""145609273"", ""187443642"", ""178961164"", ""45171964""]"
none_subset,5,221635544,209508182,38,177,0,0,0,0,0,0,"[""208393437"", ""160688952"", ""136445502"", ""196923114"", ""138015580"", ""126819828"", ""206067851"", ""194792335"", ""194509803"", ""182369007""]"
none_subset,5,224935803,191574147,43,2972,0,0,0,0,0,0,"[""204649733"", ""215513285"", ""158182394"", ""67909736"", ""196728731"", ""163980868"", ""191257698"", ""146783647"", ""137029434"", ""66709745""]"
none_subset,5,184494990,155791307,38,190,0,0,0,0,0,0,"[""14434511"", ""35695557"", ""55870666"", ""158453764"", ""154090124"", ""116922022"", ""91794177"", ""138757742"", ""105047287"", ""202803035""]"
none_subset,5,223224423,211792770,46,421,0,0,0,0,0,0,"[""213482572"", ""202771850"", ""167644413"", ""211131554"", ""201829283"", ""206587012"", ""213054921"", ""143077183"", ""87668051"", ""177806610""]"
none_subset,5,195193571,118558747,62,41,0,0,0,0,0,1,"[""144080444"", ""107749765"", ""196037781"", ""69167066"", ""72763415"", ""156487231"", ""194290546"", ""137665706"", ""162263431"", ""176841734""]"
none_subset,5,190923476,161414922,64,244,0,0,0,0,0,0,"[""125561073"", ""138803213"", ""193722885"", ""106197529"", ""60032340"", ""62550428"", ""110133798"", ""141263401"", ""60046348"", ""119000250""]"
none_subset,5,220419002,185423354,62,535,0,0,0,0,0,0,"[""211861394"", ""211737562"", ""210570006"", ""194290716"", ""162429356"", ""201710630"", ""203991892"", ""168348573"", ""206509724"", ""188361417""]"
none_subset,5,209600686,186417621,64,121,0,0,0,0,0,0,"[""147984435"", ""144339648"", ""46094230"", ""209790439"", ""187708913"", ""146630451"", ""186122058"", ""193004529"", ""93604401"", ""176380655""]"
none_subset,5,200589311,169485140,46,189,0,0,0,0,0,0,"[""162270850"", ""168220730"", ""211774611"", ""79804197"", ""58408382"", ""175731097"", ""102764457"", ""172685140"", ""197949897"", ""153467283""]"
none_subset,5,183620915,176740233,43,12,0,0,0,0,1,1,"[""140052556"", ""199553574"", ""145906971"", ""178425205"", ""174102502"", ""130448492"", ""191688044"", ""176670642"", ""192247862"", ""56084025""]"
none_subset,5,189803385,161290599,38,367,0,0,0,0,0,0,"[""171929830"", ""132567182"", ""195301933"", ""184673821"", ""191870766"", ""147345313"", ""144183456"", ""204637998"", ""79742438"", ""115694557""]"
none_subset,5,175625019,146495081,64,1167,0,0,0,0,0,0,"[""82846737"", ""108526378"", ""65008714"", ""128085943"", ""95788322"", ""149283050"", ""141913559"", ""143226451"", ""208376832"", ""65832173""]"
none_subset,5,224707840,211170368,37,366,0,0,0,0,0,0,"[""194551250"", ""183552543"", ""91090509"", ""189064377"", ""185847475"", ""188742562"", ""156884960"", ""113459454"", ""152140191"", ""121775976""]"
none_subset,5,218859422,198349568,38,1742,0,0,0,0,0,0,"[""128168264"", ""186767110"", ""195568098"", ""102676974"", ""204637407"", ""139423553"", ""192315877"", ""162052155"", ""136444097"", ""191870766""]"
none_subset,5,178864787,139821056,4,2368,0,0,0,0,0,0,"[""100007550"", ""133755220"", ""126889201"", ""154928608"", ""113622434"", ""70921117"", ""156901917"", ""157367139"", ""156471159"", ""183725729""]"
none_subset,5,159196095,137589971,38,932,0,0,0,0,0,0,"[""177616565"", ""200993775"", ""197105990"", ""151333626"", ""163758025"", ""81220432"", ""186767110"", ""23348079"", ""120726041"", ""192587307""]"
none_subset,5,174481946,135983837,64,779,0,0,0,0,0,0,"[""174916841"", ""126295674"", ""111165071"", ""177968315"", ""163956163"", ""184683737"", ""165717472"", ""193793367"", ""143662194"", ""189365972""]"
none_subset,5,188815807,160741998,64,65,0,0,0,0,0,0,"[""144339648"", ""147984435"", ""102162028"", ""63965447"", ""94645332"", ""19607163"", ""103189720"", ""183213131"", ""209790439"", ""201421429""]"
none_subset,5,225059708,156966555,64,22,0,0,0,0,1,1,"[""136038725"", ""154324585"", ""208465437"", ""86356781"", ""141938100"", ""65008714"", ""96320844"", ""74256345"", ""207726104"", ""193467710""]"
none_subset,5,223811539,213229652,4,30,0,0,0,0,1,1,"[""211608400"", ""214582809"", ""204701777"", ""207534566"", ""173483209"", ""211901995"", ""212829195"", ""213292202"", ""203466268"", ""208397174""]"
none_subset,5,218503876,199802363,4,342,0,0,0,0,0,0,"[""210958855"", ""196167891"", ""112914230"", ""207064032"", ""189120759"", ""170901415"", ""188468725"", ""138966111"", ""80560830"", ""186779159""]"
none_subset,5,86819271,73207881,38,472,0,0,0,0,0,0,"[""176455982"", ""109823579"", ""67142038"", ""64528586"", ""204218454"", ""58199619"", ""154880168"", ""70700474"", ""97917446"", ""181358523""]"
none_subset,5,108034580,99234253,43,834,0,0,0,0,0,0,"[""207851646"", ""163980868"", ""198700213"", ""67857747"", ""183687457"", ""114124021"", ""129748527"", ""129633706"", ""153170041"", ""1704333""]"
none_subset,5,220766464,180748130,4,144,0,0,0,0,0,0,"[""166973027"", ""74691545"", ""195526680"", ""53835713"", ""207413130"", ""207833813"", ""199019716"", ""167658682"", ""213461075"", ""207568797""]"
none_subset,5,177244963,141989738,4,91,0,0,0,0,0,0,"[""113622434"", ""100007550"", ""56134226"", ""156901917"", ""137934343"", ""183642706"", ""118938903"", ""183725729"", ""190013445"", ""173259969""]"
none_subset,5,54600790,60869518,64,1055,0,0,0,0,0,0,"[""196347311"", ""101587118"", ""75760627"", ""75327381"", ""67677743"", ""149002642"", ""193984019"", ""26395963"", ""146848989"", ""24351090""]"
none_subset,5,189883702,156772383,64,1155,0,0,0,0,0,0,"[""128304968"", ""201270567"", ""203497492"", ""170213283"", ""144281937"", ""81233438"", ""109320323"", ""91451711"", ""200497374"", ""159481909""]"
none_subset,5,222647320,173858556,4,640,0,0,0,0,0,0,"[""202119489"", ""129815138"", ""207064032"", ""201428236"", ""122965096"", ""128402566"", ""194734151"", ""146168593"", ""213125259"", ""207725707""]"
none_subset,5,55766439,57450040,37,63,0,0,0,0,0,0,"[""158117230"", ""152140191"", ""140336042"", ""93714502"", ""125097939"", ""192387012"", ""182254392"", ""130025536"", ""25189123"", ""42842956""]"
none_subset,5,219166202,46376130,43,3,0,1,1,1,1,1,"[""146534126"", ""162612749"", ""46376130"", ""45170082"", ""132751926"", ""82996098"", ""109929805"", ""54786988"", ""207792788"", ""154639083""]"
none_subset,5,206154287,180219456,37,488,0,0,0,0,0,0,"[""191849051"", ""146272807"", ""151964729"", ""133774120"", ""190113798"", ""173453762"", ""159574917"", ""93720497"", ""65129121"", ""170350787""]"
none_subset,5,218578178,203829614,37,3,0,1,1,1,1,1,"[""201561139"", ""195014964"", ""203829614"", ""192227530"", ""167674987"", ""196469804"", ""193656232"", ""183094359"", ""202782009"", ""207544886""]"
none_subset,5,214672236,193517327,57,110,0,0,0,0,0,0,"[""177164990"", ""60736435"", ""205832430"", ""161557568"", ""36692830"", ""213682293"", ""64029908"", ""102094865"", ""138785776"", ""40488723""]"
none_subset,5,223831619,211890068,38,170,0,0,0,0,0,0,"[""8550716"", ""61517646"", ""81220432"", ""120726041"", ""192721742"", ""192587307"", ""176574849"", ""66259210"", ""193466853"", ""118383153""]"
none_subset,5,207026097,174693297,37,618,0,0,0,0,0,0,"[""207073486"", ""136371572"", ""38725558"", ""116240817"", ""211863626"", ""200866870"", ""182875637"", ""151964729"", ""186543138"", ""196161045""]"
none_subset,5,225052795,211664992,4,15,0,0,0,0,1,1,"[""108342269"", ""9924656"", ""193007590"", ""131127839"", ""156401201"", ""90122873"", ""53541477"", ""180266107"", ""12867445"", ""174141513""]"
none_subset,5,222713645,203487722,43,22,0,0,0,0,1,1,"[""164476094"", ""186549940"", ""203668670"", ""198710349"", ""147535992"", ""197607322"", ""207642066"", ""128927470"", ""79396448"", ""189262880""]"
none_subset,5,222415662,199473731,57,304,0,0,0,0,0,0,"[""207769586"", ""12178696"", ""204417143"", ""131667486"", ""206545534"", ""201144087"", ""138406659"", ""196862956"", ""99228573"", ""99300303""]"
none_subset,5,180823466,127322167,38,813,0,0,0,0,0,0,"[""113999751"", ""76490987"", ""85120764"", ""54115082"", ""149166152"", ""115694557"", ""191870766"", ""120618466"", ""183564225"", ""186173164""]"
none_subset,5,120776482,85372384,57,46,0,0,0,0,0,1,"[""60736435"", ""164248569"", ""93635553"", ""208174628"", ""124098501"", ""51753099"", ""185223242"", ""81719707"", ""36692830"", ""164179805""]"
none_subset,5,78736115,48004410,62,516,0,0,0,0,0,0,"[""118285946"", ""78092395"", ""139515319"", ""138840662"", ""82385738"", ""69690877"", ""197683619"", ""98749279"", ""77242261"", ""121052246""]"
none_subset,5,197566809,171039103,37,141,0,0,0,0,0,0,"[""160068637"", ""167814691"", ""148746469"", ""177912477"", ""212784321"", ""210782160"", ""188814096"", ""193411521"", ""198091211"", ""186793142""]"
none_subset,5,196560587,121588049,57,32,0,0,0,0,0,1,"[""124876040"", ""143701254"", ""134702798"", ""158555938"", ""49145437"", ""31932356"", ""125460144"", ""120014593"", ""202528216"", ""138143910""]"
none_subset,5,191989168,149271505,38,473,0,0,0,0,0,0,"[""179286930"", ""204637407"", ""111085092"", ""182237895"", ""128168264"", ""113999751"", ""183564225"", ""191870766"", ""139423553"", ""139494203""]"
none_subset,5,220756944,207623765,4,1559,0,0,0,0,0,0,"[""182581077"", ""180843726"", ""139342323"", ""191209763"", ""194160187"", ""200030726"", ""209124215"", ""201211887"", ""76519929"", ""181054833""]"
none_subset,5,222970732,211768590,57,468,0,0,0,0,0,0,"[""113047535"", ""141728487"", ""200034808"", ""122751221"", ""134533948"", ""172174357"", ""191197833"", ""167879790"", ""111602940"", ""206210266""]"
none_subset,5,205703486,168521754,4,1041,0,0,0,0,0,0,"[""207098872"", ""122965096"", ""85958586"", ""211850911"", ""104293117"", ""206276218"", ""191687910"", ""140756132"", ""125970295"", ""205390513""]"
none_subset,5,41178274,57231571,37,1861,0,0,0,0,0,0,"[""51749408"", ""185048961"", ""139391729"", ""33066220"", ""16898206"", ""187812442"", ""143865659"", ""147000537"", ""121116115"", ""147794006""]"
none_subset,5,151923040,130295558,64,104,0,0,0,0,0,0,"[""201421429"", ""63474547"", ""46094230"", ""181619566"", ""80281524"", ""79234720"", ""86887294"", ""97354544"", ""115988300"", ""90897593""]"
none_subset,5,211406975,165689945,43,314,0,0,0,0,0,0,"[""177067604"", ""139778348"", ""158541186"", ""147077009"", ""163838965"", ""188230609"", ""89809066"", ""214098104"", ""202216480"", ""211382244""]"
none_subset,5,225332179,209312269,62,2122,0,0,0,0,0,0,"[""113590470"", ""113866351"", ""7032258"", ""89597505"", ""137665706"", ""147431302"", ""183357497"", ""104128337"", ""44501361"", ""144080444""]"
none_subset,5,210265450,165354631,46,1609,0,0,0,0,0,0,"[""84422038"", ""97623791"", ""213054921"", ""49903993"", ""142707487"", ""108322993"", ""143287077"", ""106926227"", ""83992736"", ""15325925""]"
none_subset,5,224587798,138353042,38,25,0,0,0,0,1,1,"[""178462865"", ""208225541"", ""144591834"", ""149755002"", ""190160674"", ""137269278"", ""130168090"", ""158574234"", ""206003134"", ""207390535""]"
none_subset,5,218641593,191313815,62,151,0,0,0,0,0,0,"[""120889247"", ""189178547"", ""158181494"", ""189820722"", ""138087303"", ""200006687"", ""212412503"", ""189968625"", ""189900821"", ""171189946""]"
none_subset,5,63582428,61415611,38,1522,0,0,0,0,0,0,"[""139494203"", ""120618466"", ""72092510"", ""128168264"", ""104042988"", ""150396233"", ""174530040"", ""179286930"", ""118347950"", ""187311399""]"
none_subset,5,225109827,214482135,4,671,0,0,0,0,0,0,"[""182581077"", ""210484477"", ""203466268"", ""210550451"", ""183690665"", ""196026500"", ""191316160"", ""191327886"", ""194160187"", ""183509496""]"
none_subset,5,37267022,18308585,4,2,0,1,1,1,1,1,"[""156469871"", ""18308585"", ""174770035"", ""204147907"", ""177466971"", ""77968334"", ""19130713"", ""123881493"", ""188173628"", ""44858664""]"
none_subset,5,96544155,77929117,4,119,0,0,0,0,0,0,"[""133755220"", ""42043129"", ""180940683"", ""141085810"", ""156471159"", ""153876637"", ""113622434"", ""191561303"", ""141714724"", ""143852845""]"
none_subset,5,170402856,139528880,57,321,0,0,0,0,0,0,"[""161319979"", ""192963179"", ""121902729"", ""205019471"", ""172961532"", ""100527593"", ""165637321"", ""60167570"", ""198708422"", ""115438401""]"
none_subset,5,222568867,211063696,46,24,0,0,0,0,1,1,"[""208719036"", ""174150304"", ""210856802"", ""208458622"", ""201436985"", ""171636556"", ""138784478"", ""194733454"", ""209482743"", ""212261718""]"
none_subset,5,221242787,189821495,4,1085,0,0,0,0,0,0,"[""203890372"", ""214521847"", ""174891772"", ""143548483"", ""72044288"", ""97942818"", ""206285668"", ""112793859"", ""12396291"", ""116662369""]"
none_subset,5,211096041,190075149,4,300,0,0,0,0,0,0,"[""188285916"", ""188468725"", ""180575809"", ""198052564"", ""207095845"", ""205311074"", ""170901415"", ""140968055"", ""213319159"", ""213221072""]"
none_subset,5,108131747,44202832,46,110,0,0,0,0,0,0,"[""103963518"", ""118565908"", ""160764333"", ""172035206"", ""174613608"", ""211987120"", ""211440718"", ""93122967"", ""115209508"", ""211154268""]"
none_subset,5,162232999,136320022,46,1,1,1,1,1,1,1,"[""136320022"", ""109632736"", ""194138608"", ""209924661"", ""211028341"", ""171164335"", ""53654857"", ""167004489"", ""203173810"", ""191221232""]"
none_subset,5,13682631,9583876,43,44,0,0,0,0,0,1,"[""76296759"", ""140343241"", ""67909736"", ""130810261"", ""127254122"", ""66709745"", ""191583920"", ""121279267"", ""125638272"", ""128872941""]"
none_subset,5,219666357,191554056,4,573,0,0,0,0,0,0,"[""27693819"", ""209243592"", ""154267881"", ""190079873"", ""190777127"", ""188602972"", ""169697872"", ""207143420"", ""189202376"", ""146961197""]"
none_subset,5,213567134,189737626,37,133,0,0,0,0,0,0,"[""212271042"", ""194731784"", ""193995538"", ""209128550"", ""211165397"", ""212172992"", ""206298544"", ""192533600"", ""191241938"", ""203730564""]"
none_subset,5,184043607,74618421,43,30,0,0,0,0,1,1,"[""170809412"", ""125480188"", ""54226204"", ""138296370"", ""104957798"", ""96300750"", ""178073804"", ""127655947"", ""158425166"", ""184649249""]"
none_subset,5,172414888,136207634,57,2507,0,0,0,0,0,0,"[""84446338"", ""44099846"", ""162086507"", ""109983619"", ""158662184"", ""177390672"", ""143146395"", ""209018277"", ""176713188"", ""205139218""]"
none_subset,5,177318197,149582480,4,45,0,0,0,0,0,1,"[""191214295"", ""200963901"", ""191695909"", ""204482650"", ""153223626"", ""119106930"", ""116057633"", ""159111889"", ""149095048"", ""120852733""]"
none_subset,5,212339777,190906052,37,497,0,0,0,0,0,0,"[""186986472"", ""38725558"", ""70624061"", ""40240729"", ""120893128"", ""140907909"", ""153538224"", ""198257576"", ""185236300"", ""168712812""]"
none_subset,5,206145125,167802783,38,645,0,0,0,0,0,0,"[""137269278"", ""133096810"", ""99026554"", ""55757524"", ""167110886"", ""150630196"", ""137589971"", ""145151055"", ""200412630"", ""185863262""]"
none_subset,5,178886952,151010427,4,244,0,0,0,0,0,0,"[""210721272"", ""98076075"", ""23408401"", ""12396291"", ""201461303"", ""209607188"", ""156855089"", ""122564854"", ""187964382"", ""191214295""]"
none_subset,5,221817837,209852269,4,43,0,0,0,0,0,1,"[""201657691"", ""202571906"", ""203466268"", ""189901460"", ""183509496"", ""213160173"", ""205600080"", ""215237393"", ""196026500"", ""191316160""]"
none_subset,5,223048993,211832428,4,268,0,0,0,0,0,0,"[""50763598"", ""191300394"", ""133632260"", ""206386977"", ""199975894"", ""214491007"", ""203910236"", ""78155271"", ""179145991"", ""102233014""]"
none_subset,5,208991679,186079431,37,378,0,0,0,0,0,0,"[""209154292"", ""211802210"", ""187719393"", ""190788965"", ""191911000"", ""191538851"", ""194884803"", ""186811713"", ""175852737"", ""201742088""]"
none_subset,5,141898377,106878932,43,128,0,0,0,0,0,0,"[""126121357"", ""73201099"", ""90355123"", ""102691911"", ""159816013"", ""106236737"", ""155678818"", ""126534292"", ""135474915"", ""125898140""]"
none_subset,5,197127690,170091134,37,334,0,0,0,0,0,0,"[""142288515"", ""191986428"", ""202901471"", ""211165397"", ""207481345"", ""79219323"", ""178452409"", ""132747199"", ""209551298"", ""202325397""]"
none_subset,5,208419078,156490946,43,76,0,0,0,0,0,0,"[""141417624"", ""147117418"", ""126470047"", ""213210833"", ""134678718"", ""122820009"", ""15648138"", ""208265800"", ""75083855"", ""186403472""]"
none_subset,5,225018841,119926476,37,1776,0,0,0,0,0,0,"[""143030980"", ""171803364"", ""192913849"", ""192576617"", ""210549110"", ""161133997"", ""139571763"", ""154942150"", ""163655065"", ""98755557""]"
none_subset,5,165596897,137389127,64,1154,0,0,0,0,0,0,"[""139013046"", ""185413694"", ""44104238"", ""168355301"", ""76051036"", ""209575498"", ""182501391"", ""74866278"", ""197129848"", ""56833135""]"
none_subset,5,99158135,78794453,4,612,0,0,0,0,0,0,"[""154031903"", ""204147907"", ""178305613"", ""156471159"", ""156469871"", ""142451414"", ""133755220"", ""165904972"", ""63004444"", ""191695909""]"
none_subset,5,215595321,197344850,37,53,0,0,0,0,0,0,"[""211165397"", ""207605603"", ""173499684"", ""173432313"", ""193995538"", ""189787964"", ""142288515"", ""209736185"", ""209128550"", ""79219323""]"
none_subset,5,187656447,159139067,57,1132,0,0,0,0,0,0,"[""194409455"", ""172320000"", ""206553944"", ""31932356"", ""65120912"", ""136519761"", ""95852954"", ""121334134"", ""128512946"", ""103801352""]"
none_subset,5,225288325,215600148,4,273,0,0,0,0,0,0,"[""180843726"", ""196026500"", ""183690665"", ""207726716"", ""210550451"", ""188605425"", ""210484477"", ""143547772"", ""191327886"", ""168099979""]"
none_subset,5,225337078,213493571,37,450,0,0,0,0,0,0,"[""204628236"", ""214558417"", ""144143200"", ""200654385"", ""65129121"", ""144524949"", ""38725558"", ""40240729"", ""159529618"", ""152342510""]"
none_subset,5,138244807,119810553,4,281,0,0,0,0,0,0,"[""184009379"", ""157367139"", ""143852845"", ""191461282"", ""185905613"", ""133755220"", ""87832508"", ""151009561"", ""148365289"", ""147751136""]"
none_subset,5,213283231,165204223,4,415,0,0,0,0,0,0,"[""145725802"", ""202119489"", ""208324043"", ""159049760"", ""179735008"", ""142536914"", ""114925208"", ""139821075"", ""175596949"", ""164495014""]"
none_subset,5,125907639,104715442,43,88,0,0,0,0,0,0,"[""142593193"", ""160598030"", ""127486066"", ""59458719"", ""161330651"", ""208096405"", ""201752513"", ""194761453"", ""99565563"", ""198125462""]"
none_subset,5,154132197,126361288,37,864,0,0,0,0,0,0,"[""154888352"", ""164415171"", ""107202977"", ""148343657"", ""190767829"", ""137589893"", ""191097659"", ""123931108"", ""147379276"", ""125674673""]"
none_subset,5,200051522,173661276,64,4,0,0,1,1,1,1,"[""192779268"", ""119491080"", ""78458855"", ""173661276"", ""198087057"", ""200033728"", ""58089957"", ""210148884"", ""199715478"", ""192579868""]"
none_subset,5,137156791,110050766,37,471,0,0,0,0,0,0,"[""141914395"", ""188967908"", ""108972219"", ""132837482"", ""143826001"", ""145070308"", ""5322119"", ""183122776"", ""71957357"", ""181890002""]"
none_subset,5,208951682,134610044,37,664,0,0,0,0,0,0,"[""92247640"", ""101351593"", ""121841349"", ""96028215"", ""81340320"", ""66837732"", ""192142184"", ""184320957"", ""159657746"", ""147954913""]"
none_subset,5,221947933,177496099,64,12,0,0,0,0,1,1,"[""71813245"", ""79071973"", ""68685146"", ""162052544"", ""15001776"", ""24351090"", ""159688752"", ""149253481"", ""26395963"", ""208220087""]"
none_subset,5,221280470,208171217,46,660,0,0,0,0,0,0,"[""198213747"", ""177368586"", ""82753953"", ""109531052"", ""205100337"", ""211028341"", ""174610357"", ""136320022"", ""207429949"", ""171164335""]"
none_subset,5,195907696,163513925,4,209,0,0,0,0,0,0,"[""187600900"", ""200589462"", ""190777127"", ""176566249"", ""208530280"", ""190079873"", ""192473388"", ""146781680"", ""193729388"", ""209124215""]"
none_subset,5,192387814,157519336,4,107,0,0,0,0,0,0,"[""143083752"", ""209715606"", ""163349092"", ""197859740"", ""147828982"", ""161281171"", ""139418370"", ""144907575"", ""126042350"", ""171818167""]"
none_subset,5,223289169,211247046,38,491,0,0,0,0,0,0,"[""208393437"", ""165955684"", ""179244626"", ""182369007"", ""90770777"", ""20918033"", ""74273124"", ""66287825"", ""160688952"", ""140979774""]"
none_subset,5,209346461,186900944,4,17,0,0,0,0,1,1,"[""146168593"", ""203890372"", ""76695262"", ""51992415"", ""97942818"", ""206285668"", ""211473289"", ""143548483"", ""179140612"", ""152350533""]"
none_subset,5,139981254,120640755,64,730,0,0,0,0,0,0,"[""171357717"", ""137648602"", ""197129998"", ""75216844"", ""134312075"", ""203998962"", ""118955853"", ""168897618"", ""94996847"", ""68125060""]"
none_subset,5,182806205,151978785,4,35,0,0,0,0,0,1,"[""197341708"", ""86385298"", ""203910236"", ""176566249"", ""147828982"", ""78155271"", ""143934755"", ""183255480"", ""200247233"", ""150456310""]"
none_subset,5,217278792,201460481,64,193,0,0,0,0,0,0,"[""192779268"", ""206705882"", ""195252307"", ""148743441"", ""169686121"", ""198087057"", ""1923943"", ""518627"", ""66459509"", ""183765574""]"
none_subset,5,186655930,154156370,43,485,0,0,0,0,0,0,"[""130810261"", ""67909736"", ""120597166"", ""64620126"", ""121279267"", ""66709745"", ""140231935"", ""6516822"", ""76296759"", ""127254122""]"
none_subset,5,162912896,129248142,46,309,0,0,0,0,0,0,"[""155017018"", ""196783083"", ""127947793"", ""184612826"", ""206729201"", ""195152908"", ""138830136"", ""139649558"", ""156951759"", ""145597347""]"
none_subset,5,213352279,153459843,46,289,0,0,0,0,0,0,"[""196783083"", ""155017018"", ""193559506"", ""139649558"", ""210128394"", ""113999669"", ""105106630"", ""192342929"", ""188805088"", ""196643554""]"
none_subset,5,203207980,178106114,37,56,0,0,0,0,0,0,"[""117685268"", ""177427251"", ""105162490"", ""172288418"", ""177427231"", ""189967410"", ""210082244"", ""93501781"", ""200451540"", ""78706018""]"
none_subset,5,161852871,89221384,64,593,0,0,0,0,0,0,"[""171442385"", ""132803751"", ""128617251"", ""156281163"", ""159995787"", ""154682545"", ""17102158"", ""203544848"", ""139628764"", ""214583586""]"
none_subset,5,176716107,148055243,46,182,0,0,0,0,0,0,"[""174837469"", ""201332278"", ""209744189"", ""191200569"", ""206506200"", ""213731514"", ""103441022"", ""127947793"", ""213559285"", ""204627117""]"
none_subset,5,217259739,199287233,37,13,0,0,0,0,1,1,"[""187324915"", ""201649016"", ""194408004"", ""197955172"", ""206569261"", ""209349722"", ""202782009"", ""196890344"", ""211802210"", ""191259466""]"
none_subset,5,56814961,24867932,62,667,0,0,0,0,0,0,"[""67295737"", ""136225463"", ""176645947"", ""180324136"", ""192577715"", ""210301365"", ""156885677"", ""202459656"", ""105231780"", ""204100209""]"
none_subset,5,199732465,168726781,46,577,0,0,0,0,0,0,"[""212264248"", ""170255404"", ""207544514"", ""204823121"", ""208271685"", ""104723184"", ""204100293"", ""204627117"", ""213731514"", ""201332278""]"
none_subset,5,123506354,100296077,37,1432,0,0,0,0,0,0,"[""51138626"", ""141014415"", ""90418462"", ""133686967"", ""193030442"", ""200567894"", ""96028215"", ""180764368"", ""144129822"", ""92247640""]"
none_subset,5,211049728,174478709,46,200,0,0,0,0,0,0,"[""207061761"", ""197088021"", ""204845369"", ""204065707"", ""210738657"", ""179633525"", ""202771850"", ""189285981"", ""184636221"", ""211131554""]"
none_subset,5,217215152,201018364,62,267,0,0,0,0,0,0,"[""207503734"", ""180448591"", ""208719189"", ""178530215"", ""100460340"", ""191647848"", ""184923506"", ""185606507"", ""210452869"", ""206927728""]"
none_subset,5,215896966,198159546,37,450,0,0,0,0,0,0,"[""194731784"", ""206298544"", ""206864139"", ""183697536"", ""188568572"", ""209128550"", ""210226726"", ""157945105"", ""209161669"", ""192659231""]"
none_subset,5,224816259,166840834,64,589,0,0,0,0,0,0,"[""183047062"", ""48108527"", ""168633758"", ""105144259"", ""147451743"", ""112345894"", ""126550195"", ""156400594"", ""32842438"", ""98518695""]"
none_subset,5,168758608,141126912,62,142,0,0,0,0,0,0,"[""76790091"", ""150940601"", ""203336355"", ""100338720"", ""213328054"", ""156442595"", ""134377605"", ""28665915"", ""82382971"", ""191516840""]"
none_subset,5,224917919,214056529,37,891,0,0,0,0,0,0,"[""208864789"", ""212864198"", ""188192294"", ""134528240"", ""158417007"", ""204077513"", ""202022086"", ""212381569"", ""190569345"", ""141163031""]"
none_subset,5,69007206,70183038,62,568,0,0,0,0,0,0,"[""172904337"", ""25260455"", ""200582902"", ""32645477"", ""16086259"", ""156564557"", ""66613547"", ""178956064"", ""61854824"", ""22547515""]"
none_subset,5,20104654,13940893,46,58,0,0,0,0,0,0,"[""93122967"", ""149733973"", ""26599574"", ""135652658"", ""15325925"", ""50497846"", ""160764333"", ""132018635"", ""173318669"", ""14142542""]"
none_subset,5,206830390,182794391,4,12,0,0,0,0,1,1,"[""153928357"", ""190594964"", ""189901460"", ""160129846"", ""210958855"", ""186900944"", ""73825216"", ""190495475"", ""183252412"", ""203048719""]"
none_subset,5,209598704,185409558,62,21,0,0,0,0,1,1,"[""95885283"", ""162429356"", ""209401746"", ""160700110"", ""211861394"", ""188361417"", ""147413615"", ""168348573"", ""158541711"", ""129116887""]"
none_subset,5,129248924,113340443,37,83,0,0,0,0,0,0,"[""140731317"", ""157140706"", ""208575799"", ""148800689"", ""144976728"", ""136371572"", ""153191227"", ""204666072"", ""208969575"", ""88914492""]"
none_subset,5,224103839,213731514,46,236,0,0,0,0,0,0,"[""204100293"", ""153459843"", ""214729100"", ""140978820"", ""197410829"", ""207597334"", ""213127076"", ""215002844"", ""106800463"", ""213237768""]"
none_subset,5,107731383,36293036,62,65,0,0,0,0,0,0,"[""134618566"", ""195229377"", ""178706930"", ""112339725"", ""188646127"", ""198734216"", ""14027620"", ""113904136"", ""67056893"", ""81077749""]"
none_subset,5,128516859,113125737,43,1928,0,0,0,0,0,0,"[""144080652"", ""127047625"", ""180794567"", ""165082890"", ""175717483"", ""162819113"", ""180987262"", ""204449585"", ""156087601"", ""116750362""]"
none_subset,5,65457383,67086891,38,94,0,0,0,0,0,0,"[""209803175"", ""69350726"", ""150802146"", ""157657051"", ""31197704"", ""211427284"", ""117484080"", ""47432873"", ""122763359"", ""165671081""]"
none_subset,5,222687545,209791442,64,3,0,1,1,1,1,1,"[""194651505"", ""131561726"", ""209791442"", ""117946057"", ""66459509"", ""211873793"", ""170912580"", ""95477523"", ""194136017"", ""145311547""]"
none_subset,5,215426148,174366632,46,180,0,0,0,0,0,0,"[""150142821"", ""151511658"", ""152102459"", ""203329657"", ""191792029"", ""88672257"", ""67021528"", ""78570599"", ""201961238"", ""113869306""]"
none_subset,5,195198725,157734464,43,487,0,0,0,0,0,0,"[""105076717"", ""147782228"", ""146978431"", ""193064532"", ""134678718"", ""211891549"", ""178682090"", ""205822080"", ""153525929"", ""186606199""]"
none_subset,5,221797141,209764015,46,1,1,1,1,1,1,1,"[""209764015"", ""203778148"", ""213482572"", ""180299995"", ""167644413"", ""202872734"", ""186078356"", ""210734819"", ""213805109"", ""173138479""]"
none_subset,5,164421576,110656577,62,1028,0,0,0,0,0,0,"[""122862208"", ""136359251"", ""211547329"", ""57144448"", ""173904346"", ""206222825"", ""77368051"", ""143772507"", ""123217124"", ""102125093""]"
none_subset,5,214610820,194634429,43,12,0,0,0,0,1,1,"[""177472789"", ""177473145"", ""190193667"", ""192247862"", ""60767330"", ""89479859"", ""173279591"", ""90011446"", ""179364053"", ""138401608""]"
none_subset,5,202695254,164665349,46,305,0,0,0,0,0,0,"[""204975400"", ""165704043"", ""93024322"", ""193423957"", ""207470239"", ""131953748"", ""152531642"", ""129702111"", ""204631912"", ""197876190""]"
none_subset,5,181784321,139778879,37,2853,0,0,0,0,0,0,"[""153052400"", ""184899990"", ""208913640"", ""202857509"", ""181342961"", ""208913630"", ""200704306"", ""174037381"", ""103432765"", ""213260603""]"
none_subset,5,214768210,195814903,4,69,0,0,0,0,0,0,"[""145646315"", ""194307771"", ""126042350"", ""208901976"", ""145094055"", ""179145991"", ""190789377"", ""203910236"", ""153844775"", ""173008557""]"
none_subset,5,189115160,160966785,43,125,0,0,0,0,0,0,"[""209546973"", ""208096405"", ""66709739"", ""66709745"", ""148264493"", ""128872941"", ""140343241"", ""137780242"", ""183965795"", ""127254122""]"
none_subset,5,207497813,183755478,4,306,0,0,0,0,0,0,"[""187600900"", ""201657691"", ""197090565"", ""182581077"", ""183509496"", ""188468393"", ""202571906"", ""187498673"", ""190777127"", ""200589462""]"
none_subset,5,221733830,199758501,4,1003,0,0,0,0,0,0,"[""25537887"", ""53541477"", ""202002064"", ""161417907"", ""154240"", ""133033147"", ""76135090"", ""146961197"", ""203341087"", ""200384605""]"
none_subset,5,216275972,179585446,4,128,0,0,0,0,0,0,"[""16813724"", ""150204940"", ""157092256"", ""209243592"", ""169715410"", ""208324043"", ""141440077"", ""174141513"", ""100901027"", ""154444351""]"
none_subset,5,224927820,179577326,46,1213,0,0,0,0,0,0,"[""176131148"", ""115212834"", ""133795252"", ""53760527"", ""164400164"", ""193094327"", ""113055852"", ""148352358"", ""129427678"", ""159004698""]"
none_subset,5,216448407,95187471,64,2,0,1,1,1,1,1,"[""70397289"", ""95187471"", ""187914316"", ""152337991"", ""156281163"", ""128603026"", ""206213762"", ""144339648"", ""94645332"", ""204286460""]"
none_subset,5,211139345,190121568,4,56,0,0,0,0,0,0,"[""182183775"", ""210958855"", ""136474102"", ""203048719"", ""189645323"", ""112540745"", ""183050709"", ""183828133"", ""138966111"", ""202362364""]"
none_subset,5,118300572,106278665,62,71,0,0,0,0,0,0,"[""170213166"", ""71700919"", ""73563944"", ""156119933"", ""100102954"", ""82382971"", ""114125893"", ""150940601"", ""160400128"", ""97684562""]"
none_subset,5,220403410,204662722,37,5,0,0,1,1,1,1,"[""141493643"", ""206100241"", ""145798285"", ""204006241"", ""204662722"", ""190303745"", ""99194481"", ""77985083"", ""200654385"", ""209057260""]"
none_subset,5,161875428,127609272,46,51,0,0,0,0,0,0,"[""78631092"", ""197949897"", ""214023065"", ""215475381"", ""131545810"", ""204638926"", ""73921798"", ""102458654"", ""190907433"", ""194136520""]"
none_subset,5,207671145,184022783,4,10,0,0,0,1,1,1,"[""201657691"", ""205600080"", ""195830492"", ""202571906"", ""155609199"", ""185360306"", ""182904703"", ""179037077"", ""212373864"", ""184022783""]"
none_subset,5,81609711,83075724,43,138,0,0,0,0,0,0,"[""57750732"", ""74505132"", ""58799552"", ""158391463"", ""113199180"", ""153967986"", ""142550589"", ""157119427"", ""96930178"", ""154156370""]"
none_subset,5,212432648,154897370,64,650,0,0,0,0,0,0,"[""162799044"", ""167158322"", ""203921886"", ""93630964"", ""43675047"", ""150385215"", ""133192411"", ""143663551"", ""31384056"", ""41031023""]"
none_subset,5,128168688,112134542,4,16,0,0,0,0,1,1,"[""181288745"", ""185967985"", ""186064512"", ""202360528"", ""197382040"", ""186775950"", ""53953930"", ""142657666"", ""171818167"", ""209018186""]"
none_subset,5,211110878,189462815,38,2162,0,0,0,0,0,0,"[""111489526"", ""181132638"", ""149166152"", ""205428792"", ""108645662"", ""164429335"", ""166300702"", ""115091528"", ""192315877"", ""175023670""]"
none_subset,5,180123229,145112155,37,61,0,0,0,0,0,0,"[""194860062"", ""193680819"", ""173966675"", ""191544375"", ""209172335"", ""73910372"", ""136896781"", ""195831532"", ""212216117"", ""188876971""]"
none_subset,5,220812780,179760906,46,52,0,0,0,0,0,0,"[""78570599"", ""102529512"", ""211380085"", ""60967653"", ""108786028"", ""182917310"", ""176661515"", ""199589936"", ""190912236"", ""12880586""]"
none_subset,5,210886906,160003240,62,1717,0,0,0,0,0,0,"[""150945055"", ""132110473"", ""173383036"", ""72763415"", ""122507339"", ""156966977"", ""132102628"", ""193706706"", ""186169702"", ""192716019""]"
none_subset,5,213124666,162936044,43,182,0,0,0,0,0,0,"[""84756708"", ""193020832"", ""144744853"", ""67294136"", ""77932206"", ""91110398"", ""187498153"", ""163980868"", ""154544914"", ""48837235""]"
none_subset,5,224135440,190789178,64,80,0,0,0,0,0,0,"[""203544848"", ""136116320"", ""207152337"", ""192237530"", ""211228726"", ""142735207"", ""167158322"", ""71089233"", ""124508209"", ""212527992""]"
none_subset,5,210408988,162425061,57,486,0,0,0,0,0,0,"[""114134647"", ""211835809"", ""138618540"", ""12228591"", ""115422067"", ""82247874"", ""143756184"", ""60780873"", ""57914854"", ""99531049""]"
none_subset,5,210701847,189202972,37,147,0,0,0,0,0,0,"[""210502009"", ""194408004"", ""209172941"", ""200733855"", ""191911000"", ""164351701"", ""151601836"", ""121097766"", ""182193027"", ""209349722""]"
none_subset,5,217226096,198430312,46,1054,0,0,0,0,0,0,"[""163192702"", ""109562038"", ""101842282"", ""58412205"", ""140434515"", ""205284050"", ""144208600"", ""207870356"", ""205297053"", ""101322569""]"
none_subset,5,158212683,172065222,43,12,0,0,0,0,1,1,"[""113309612"", ""141417624"", ""193482080"", ""130496317"", ""147117418"", ""75083855"", ""144482097"", ""125072434"", ""134761869"", ""208265800""]"
none_subset,5,137703589,120122284,43,4,0,0,1,1,1,1,"[""83550407"", ""197607286"", ""205605896"", ""120122284"", ""79396448"", ""164476094"", ""205576818"", ""127000704"", ""126470047"", ""197607322""]"
none_subset,5,117119445,102488247,57,453,0,0,0,0,0,0,"[""175340511"", ""100527593"", ""194409455"", ""99443492"", ""143608153"", ""160209667"", ""130640717"", ""203393348"", ""31932356"", ""179477881""]"
none_subset,5,175628347,146565542,46,1152,0,0,0,0,0,0,"[""116820479"", ""207806044"", ""77388181"", ""178445507"", ""206397421"", ""169081503"", ""134902485"", ""200814907"", ""213054921"", ""141879198""]"
none_subset,5,149922319,115277724,38,1097,0,0,0,0,0,0,"[""1930692"", ""111176154"", ""114138676"", ""155138201"", ""73613191"", ""189460577"", ""75182035"", ""71896485"", ""162052155"", ""153387624""]"
none_subset,5,215644814,193644515,38,1654,0,0,0,0,0,0,"[""193744229"", ""202202801"", ""114131241"", ""152236293"", ""184519031"", ""116918686"", ""148079431"", ""85388350"", ""156271106"", ""206867606""]"
none_subset,5,221837061,194862890,46,225,0,0,0,0,0,0,"[""179610678"", ""162330233"", ""99309357"", ""171974189"", ""157105476"", ""211380085"", ""108154891"", ""201966464"", ""202061415"", ""156045025""]"
none_subset,5,209706435,187423310,37,327,0,0,0,0,0,0,"[""207544886"", ""201649016"", ""202782009"", ""196890344"", ""194408004"", ""183094359"", ""206299844"", ""191131185"", ""188912090"", ""190172991""]"
none_subset,5,218343341,203417954,43,330,0,0,0,0,0,0,"[""76510127"", ""203191672"", ""104021362"", ""71806238"", ""207753535"", ""137017957"", ""68949275"", ""75802625"", ""47158982"", ""201230840""]"
none_subset,5,170276055,143253664,4,1719,0,0,0,0,0,0,"[""207143420"", ""195539587"", ""104293117"", ""197294044"", ""200589462"", ""73205799"", ""207099729"", ""100655375"", ""200026065"", ""203829299""]"
none_subset,5,211959947,191630851,4,574,0,0,0,0,0,0,"[""191214295"", ""73825216"", ""192507369"", ""193413498"", ""189901460"", ""201461303"", ""204482650"", ""195596465"", ""200963901"", ""195078992""]"
none_subset,5,224484261,214298768,4,132,0,0,0,0,0,0,"[""139342323"", ""211385428"", ""210573149"", ""133070539"", ""180843726"", ""154267881"", ""213053357"", ""196161368"", ""177825434"", ""210643102""]"
none_subset,5,223747116,203589761,38,1913,0,0,0,0,0,0,"[""209925991"", ""213040734"", ""206952174"", ""211069820"", ""182369007"", ""141801572"", ""170481539"", ""181203442"", ""46549636"", ""197728060""]"
none_subset,5,194640606,155955578,62,1023,0,0,0,0,0,0,"[""122185080"", ""104210649"", ""141261014"", ""74220777"", ""66824965"", ""105604280"", ""24433447"", ""84455640"", ""45161831"", ""183577698""]"
